year,bin_left,bin_right,bin_center_geo,N_bin,mean,geometric_mean,median,std,ccdf
1976,0.49759157606293647,0.5473507336692301,0.5218784477497388,10,0.4975915760629365,0.49759157606293647,0.49759157606293647,5.851389114294502e-17,1.0
1976,0.9696652130897956,1.0666317343987752,1.016993455251373,2,0.9951831521258729,0.9951831521258729,0.9951831521258729,0.0,0.9999326086517013
1976,2.766568018800211,3.0432248206802326,2.9016010171822275,4,2.9855494563776186,2.985549456377618,2.9855494563776186,0.0,0.9999191303820415
1976,4.901144005953723,5.391258406549096,5.140363199600367,8,4.975915760629364,4.9759157606293645,4.975915760629364,0.0,0.9998921738427221
1976,5.391258406549096,5.930384247204006,5.654399519560404,1,5.4735073366923,5.4735073366923,5.4735073366923,,0.9998382607640831
1976,5.930384247204006,6.523422671924408,6.219839471516445,1,5.971098912755237,5.971098912755237,5.971098912755237,,0.9998315216292533
1976,7.175764939116848,7.893341433028533,7.5260057605349,5,7.463873640944046,7.463873640944046,7.463873640944046,0.0,0.9998247824944234
1976,8.682675576331388,9.550943133964529,9.10646697024723,1,8.956648369132855,8.956648369132854,8.956648369132855,,0.9997910868202741
1976,9.550943133964529,10.506037447360981,10.017113667271955,32,9.967381258010693,9.967016578768053,9.951831521258727,0.08796259442385126,0.9997843476854441
1976,11.556641192097079,12.712305311306789,12.120707537399065,15,12.439789401573414,12.439789401573409,12.43978940157341,3.677408027917051e-15,0.9995686953708883
1976,12.712305311306789,13.98353584243747,13.332778291138975,4,13.434972553699282,13.42575473268018,13.434972553699282,0.5745692607728534,0.9994676083484402
1976,13.98353584243747,15.381889426681218,14.666056120252874,76,14.92774728188809,14.9277472818881,14.927747281888092,1.788160004724363e-15,0.9994406518091208
1976,15.381889426681218,16.92007836934934,16.132661732278162,3,16.254658151389254,16.252953970844615,16.4205220100769,0.28728463038642515,0.9989284775620506
1976,16.92007836934934,18.61208620628428,17.74592790550598,12,17.540103056218513,17.537663857776003,17.415705162202777,0.30929374834486506,0.998908260157561
1976,18.61208620628428,20.473294826912706,19.52052069605658,119,19.736405369891262,19.73281656972012,19.903663042517454,0.37369830313376123,0.9988273905396026
1976,20.473294826912706,22.520624309603978,21.47257276566224,10,21.794511031556617,21.785607305556262,21.8940293467692,0.6551097511505857,0.998025433494848
1976,22.520624309603978,24.772686740564378,23.619830042228465,2,23.386804074958015,23.381509948331047,23.386804074958015,0.7037007553908075,0.9979580421465493
1976,24.772686740564378,27.249955414620818,25.981813046451315,256,24.92817173049672,24.92660334675597,24.87957880314682,0.2865377227935483,0.9979445638768895
1976,27.249955414620818,29.974950956082903,28.579994351096445,178,29.710130732566785,29.704763053867342,29.855494563776183,0.5532468701811588,0.9962193453604427
1976,29.974950956082903,32.9724460516912,31.437993786206096,10,32.19417497127199,32.18702233581622,32.34345244409087,0.7056527723317408,0.9950197793607257
1976,32.9724460516912,36.26969065686032,34.581793164826706,77,34.805561411363335,34.805194823573174,34.83141032440555,0.15932960734497917,0.9949523880124269
1976,36.26969065686032,39.89665972254635,38.03997248130938,284,39.576051127146506,39.56987360416571,39.80732608503491,0.6890311559932227,0.9944334746305269
1976,39.89665972254635,43.88632569480099,41.84396972944032,24,41.85989133629452,41.85240992457967,42.29528396534959,0.8078579016914796,0.9925195603388437
1976,43.88632569480099,48.274958264281096,46.02836670238435,39,45.012899496154844,45.00650689919723,44.78324184566428,0.781327641856305,0.9923578211029268
1976,48.274958264281096,53.10245409070921,50.63120337262279,1229,49.76725510956561,49.76707444981556,49.75915760629364,0.13595594005117434,0.9920949948445619
1976,53.10245409070921,58.41269949978013,55.694323709885076,33,54.946172823434544,54.940514959770375,54.735073366923004,0.8064812756155052,0.983812598138651
1976,58.41269949978013,64.25396944975816,61.26375608087359,508,59.794247560555014,59.79246061264639,59.71098912755237,0.4691915516148725,0.9835902066892652
1976,64.25396944975816,70.67936639473398,67.39013168896096,179,67.26937736953631,67.22831762674235,67.17486276849642,2.354543442595894,0.980166726195691
1976,70.67936639473398,77.74730303420738,74.12914485785706,1255,74.63358207438964,74.63323076582219,74.63873640944047,0.22781950982870552,0.9789604210611441
1976,77.74730303420738,85.52203333762812,81.54205934364276,302,80.80755382924056,80.78255753240974,79.61465217006982,2.032957623458728,0.9705028068496566
1976,85.52203333762812,94.07423667139093,89.69626527800705,325,89.62007047644303,89.61652439371923,89.56648369132856,0.801785298742307,0.9684675881310357
1976,94.07423667139093,103.48166033853005,98.66589180580777,3202,99.4821069561155,99.48091222351783,99.51831521258728,0.4809158216886891,0.9662773693113278
1976,103.48166033853005,113.82982637238305,108.53248098638855,294,108.46480865159641,108.43649073545056,109.47014673384601,2.472434447208368,0.9446986595860823
1976,113.82982637238305,125.21280900962138,119.38572908502742,1709,122.76448925171238,122.72988176044578,124.3978940157341,2.8789746865848196,0.9427173539461003
1976,125.21280900962138,137.73408991058352,131.32430199353018,232,131.38347920210043,131.35423174195896,129.3738097763635,2.7846833497926435,0.9312001725218516
1976,137.73408991058352,151.50749890164187,144.4567321928832,4514,148.60648479861177,148.5856221908219,149.27747281888094,2.4430062055576762,0.9296366932413217
1976,151.50749890164187,166.65824879180607,158.9024054121715,974,160.91467868247187,160.89239366298455,162.21485379651727,2.6655245230969125,0.899216238619286
1976,166.65824879180607,183.3240736709867,174.7926459533887,2232,176.33401476730307,176.3010126302645,174.15705162202772,3.4134320015725033,0.8926523212949922
1976,183.3240736709867,201.6564810380854,192.27191054872756,8227,195.10585656734912,195.05673805180552,199.03663042517456,4.3657384799486065,0.8776105723547211
1976,201.6564810380854,221.82212914189395,211.49910160360037,677,211.37058055503,211.31416261379712,209.48605352249623,4.89238218964575,0.8221677101093762
1976,221.82212914189395,244.00434205608337,232.64901176396043,2716,230.2522574855234,230.1526142780705,228.89212498895074,6.806043791943808,0.8176053158295538
1976,244.00434205608337,268.4047762616917,255.91391294035648,5639,250.0435172184747,250.01289292289195,248.7957880314682,3.9724467685567464,0.7993018256316254
1976,268.4047762616917,295.24525388786094,281.50530423439216,2360,276.48043392272575,276.3835803071289,273.67536683461503,7.378139731425291,0.7612998443259854
1976,295.24525388786094,324.76977927664706,309.6558346578314,8519,302.2127314421743,302.1132537278703,298.5549456377619,7.886475078874658,0.745395486127491
1976,324.76977927664706,357.24675720431173,340.62141812361455,5431,346.6864629662506,346.6160971052778,348.31410324405545,6.910800561085085,0.6879847965118238
1976,357.24675720431173,392.97143292474294,374.683559935976,7786,378.6571557494942,378.57817450483066,382.1503304163352,7.659649896580408,0.6513845552507969
1976,392.97143292474294,432.26857621721734,412.15191592957365,8087,402.6683686149042,402.56038131853165,398.07326085034913,9.448542039328446,0.5989136514654249
1976,432.26857621721734,475.4954338389391,453.3671075225311,4072,451.1058671647896,451.0074244824746,447.83241845664276,9.49614170043445,0.5444142680962618
1976,475.4954338389391,523.044977222833,498.7038182747842,8295,497.8590577793516,497.8014900473251,497.5915760629364,7.594721956814657,0.516972511069029
1976,523.044977222833,575.3494749451164,548.5742001022627,2490,549.0599307576101,548.9384130252611,547.3507336692301,11.585475396678756,0.4610713876552528
1976,575.3494749451164,632.8844224396281,603.431620112489,6462,598.6939142268069,598.639709475199,597.1098912755238,8.126580441873958,0.4442909419288752
1976,632.8844224396281,696.1728646835909,663.774782123738,2768,653.4470369422563,653.3081748408122,646.8690488818173,13.609077639627326,0.4007426526582517
1976,696.1728646835909,765.7901511519501,730.1522603361118,7510,735.5650454724381,735.2831304678875,746.3873640944046,20.12458911301739,0.38208872744917005
1976,765.7901511519501,842.3691662671453,803.1674863697232,2578,798.4671359439119,798.3439765925262,796.1465217006983,14.103753145715084,0.3314778248768423
1976,842.3691662671453,926.6060828938597,883.4842350066955,3766,882.7693403035759,882.4757801242944,895.6648369132855,22.62384396288744,0.3141043352854361
1976,926.6060828938597,1019.2666911832459,971.8326585073651,7041,989.6034269026836,989.4738713062854,995.1831521258728,15.806780722800722,0.2887247535161436
1976,1019.2666911832459,1121.1933603015705,1069.0159243581018,2038,1072.7371208307948,1072.3741091188094,1094.7014673384601,27.837889660083857,0.24127450517902513
1976,1121.1933603015705,1233.3126963317275,1175.9175167939118,1708,1172.3006988274976,1171.9933352875155,1184.2679510297885,26.846025119333977,0.22754014839574896
1976,1233.3126963317275,1356.6439659649004,1293.509268473303,4038,1266.6960042085493,1266.2182415639425,1243.9789401573412,35.17174886787121,0.21602970610633007
1976,1356.6439659649004,1492.3083625613906,1422.8601953206335,1316,1407.4389072213164,1407.1595890287504,1393.2564129762218,28.233064925065204,0.18881707966331282
1976,1492.3083625613906,1641.53919881753,1565.146214852697,5122,1509.154253782428,1508.7428973780375,1492.7747281888091,35.76882250717145,0.1799483782272032
1976,1641.53919881753,1805.6931186992829,1721.6608363379669,2234,1732.0661607403395,1731.5893592675177,1741.5705162202776,40.37715524503057,0.14543052962860628
1976,1805.6931186992829,1986.2624305692113,1893.8269199717638,903,1886.6997394438076,1886.2400987720066,1890.8479890391584,41.72989452376201,0.13037530241867548
1976,1986.2624305692113,2184.888673626133,2083.2096119689404,2814,2012.9043380477046,2012.3631588773037,1990.3663042517455,47.38262581883921,0.1242898636673024
1976,2184.888673626133,2403.377540988746,2291.5305731658345,1245,2281.725955798053,2280.8136466158235,2239.162092283214,64.91553280053036,0.10532593825604669
1976,2403.377540988746,2643.715295087621,2520.6836304824183,2649,2498.0515320095647,2497.7731159428895,2487.9578803146824,37.71653052033329,0.09693571539285786
1976,2643.715295087621,2908.0868245963834,2772.7519935306605,741,2775.823000987065,2774.998779105257,2736.7536683461503,67.8852747962695,0.0790837472285308
1976,2908.0868245963834,3198.8955070560223,3050.027192883727,1707,3002.391488299228,3001.9952605369767,2985.5494563776183,49.397963563010755,0.07409004831959673
1976,3198.8955070560223,3518.7850577616246,3355.0299121720996,1223,3403.2859251425593,3401.621823597331,3483.141032440555,105.6162858824346,0.06258634516500772
1976,3518.7850577616246,3870.6635635377875,3690.53290338931,450,3700.3486014644905,3699.424966861829,3731.936820472023,82.47560747925303,0.054344383268076044
1976,3870.6635635377875,4257.729919891567,4059.5861937282416,1287,4006.571027328888,4005.7491246447094,3980.732608503491,82.13930756364813,0.0513117725946343
1976,4257.729919891567,4683.502911880723,4465.544813101066,535,4471.483462992704,4470.7227235095315,4478.324184566428,82.42893116637647,0.04263850606859092
1976,4683.502911880723,5151.853203068796,4912.099294411172,1273,4957.559986543021,4957.0195976272025,4975.915760629365,72.45144449428284,0.03903306893461018
1976,5151.853203068796,5667.038523375677,5403.30922385229,395,5407.706834454146,5406.304574780949,5473.507336692301,122.83822147229466,0.030454150296184975
1976,5667.038523375677,6233.742375713244,5943.64014623752,670,5959.369119692046,5958.3322608453,5971.098912755237,110.98449730288068,0.02779219203838611
1976,6233.742375713244,6857.116613284569,6538.004160861272,320,6504.616600609917,6503.343112452126,6468.690488818173,129.52797251412719,0.023276971702372848
1976,6857.116613284569,7542.828274613027,7191.8045769474,790,7326.491756106842,7323.253816608131,7463.873640944046,215.71880388288562,0.021120448556814275
1976,7542.828274613027,8297.11110207433,7910.985034642141,226,7944.78048708041,7942.860578249734,7961.465217006982,174.63559312245005,0.01579653204121655
1976,8297.11110207433,9126.822212281764,8702.083538106355,366,8771.315900146792,8768.087249181377,8956.648369132856,237.09462918518327,0.014273487569665805
1976,9126.822212281764,10039.504433509941,9572.291891916992,459,9855.435349268499,9853.2161845605,9951.83152125873,206.4562580127342,0.011806964221933188
1976,10039.504433509941,11043.454876860937,10529.521081108693,185,10597.533247199945,10593.68213234231,10449.423097321664,286.29515876832505,0.00871370133502261
1976,11043.454876860937,12147.80036454703,11582.473189219561,130,11551.473609475825,11548.294197782116,11444.606249447537,272.49395993226744,0.007466961391496559
1976,12147.80036454703,13362.580401001736,12740.72050814152,197,12589.316933103102,12586.712834026632,12439.78940157341,258.89834523771333,0.00659087386361339
1976,13362.580401001736,14698.83844110191,14014.792558955673,93,13835.507020194671,13830.830032073507,13932.56412976222,363.33792845485317,0.005263264302128892
1976,14698.83844110191,16168.722285212103,15416.271814851241,207,15124.144513518495,15120.178841532539,14927.747281888092,351.1424459510185,0.004636524762950932
1976,16168.722285212103,17785.594513733315,16957.898996336367,84,17079.3747227489,17073.40455511988,17415.705162202776,451.5926276040906,0.0032415238531677305
1976,17785.594513733315,19564.153965106645,18653.688895970005,51,18639.956059873854,18631.432625089445,18659.684102360116,569.0279285804306,0.002675436527458605
1976,19564.153965106645,21520.569361617316,20519.057785567005,71,20157.490812966007,20152.03827944059,19903.66304251746,478.113723449577,0.002331740651135207
1976,21520.569361617316,23672.626297779047,22570.96356412371,32,22444.303430947803,22439.899695416603,22391.62092283214,453.6139725182078,0.0018532620782143988
1976,23672.626297779047,26039.888927556953,24828.05992053608,66,25011.440570803497,25006.905451169383,24879.57880314682,480.60257085560863,0.0016376097636585415
1976,26039.888927556953,28643.877820312653,27310.865912589696,26,27079.909614359585,27074.096224326397,27367.5366834615,570.8988609569709,0.0011928268648870857
1976,28643.877820312653,31508.26560234392,30041.952503848664,30,29874.568907525263,29871.96062191289,29855.494563776185,402.5650279768725,0.0010176093593104517
1976,31508.26560234392,34659.092162578316,33046.147754233534,11,32293.693286484573,32286.78860512723,31995.13834084681,705.1067523078641,0.0008154353144143355
1976,34659.092162578316,38125.00137883615,36350.76252965689,25,35912.77633750552,35892.80532718704,35428.52021568107,1229.5268010847294,0.0007413048312857596
1976,38125.00137883615,41937.50151671977,39985.83878262258,19,39778.5181516839,39770.76277951324,39807.32608503492,806.6707880269631,0.000572826460538996
1976,41937.50151671977,46131.25166839175,43984.42266088485,11,44021.474378309744,43999.5019652244,44783.24184566428,1454.8703886786536,0.0004447828987714557
1976,46131.25166839175,50744.37683523093,48382.86492697333,18,49733.08933650323,49732.420181539026,49759.15760629364,264.2265089425694,0.0003706524156428798
1976,50744.37683523093,55818.81451875402,53221.15141967067,4,52072.83403709228,52063.62313860684,52147.348375607704,1129.847052820362,0.00024934798870521
1976,55818.81451875402,61400.69597062943,58543.26656163774,3,58632.874046082674,58612.80026743156,59710.98912755237,1867.3500975117724,0.00022239144938572785
1976,61400.69597062943,67540.76556769238,64397.59321780152,9,65156.852487796736,65136.82183932496,64686.904888181736,1706.5851631077535,0.00020217404489611624
1976,74294.84212446162,81724.32633690779,77921.08779353985,4,77075.6911532087,77037.12439199335,77024.68801666224,2815.185266384115,0.00014152183142728135
1976,81724.32633690779,89896.75897059857,85713.19657289384,3,89566.48369132855,89566.48369132861,89566.48369132855,0.0,0.0001145652921077992
1976,89896.75897059857,98886.43486765843,94284.51623018323,1,93049.62472376911,93049.6247237691,93049.62472376911,,9.434788761818758e-05
1976,98886.43486765843,108775.0783544243,103712.96785320157,3,104536.19452946463,104473.76252962869,105326.70167996995,4407.419915301757,8.760875278831704e-05
1976,119652.58618986674,131617.8448088534,125492.69110237391,2,124895.48559179704,124894.49436958476,124895.48559179704,703.7007553907972,6.739134829870541e-05
1976,144779.62928973878,159257.59221871267,151846.15623387246,1,149277.47281888092,149277.472818881,149277.47281888092,,5.391307863896433e-05
1976,159257.59221871267,175183.35144058394,167030.77185725974,5,173986.37771143817,173985.26717944402,174157.05162202773,694.0903093055349,4.717394380909379e-05
1976,192701.68658464233,211971.8552431066,202107.2339472843,2,200415.95427402103,200411.2077536744,200415.95427402103,1950.658493943356,1.3478269659741082e-05
1977,0.35428520150617615,0.3897137216567938,0.37157745411542265,9,0.35428520150617615,0.3542852015061762,0.35428520150617615,0.0,1.0
1977,2.6217990426975755,2.8839789469673334,2.7497660341052503,2,2.834281612049409,2.8342816120494088,2.834281612049409,0.0,0.9999533567586056
1977,3.489614525830474,3.838575978413522,3.659938591394089,10,3.5428520150617615,3.542852015061761,3.5428520150617615,0.0,0.9999429915938514
1977,5.109144627268399,5.620059089995238,5.358516091660087,3,5.314278022592641,5.314278022592641,5.314278022592641,0.0,0.99989116577008
1977,6.182064998994763,6.80027149889424,6.483804470908707,1,6.377133627111171,6.37713362711117,6.377133627111171,,0.9998756180229484
1977,6.80027149889424,7.4802986487836645,7.132184917999578,16,7.107846855217659,7.107344049162671,7.085704030123523,0.08857130037654404,0.9998704354405713
1977,7.4802986487836645,8.228328513662031,7.845403409799537,3,7.794274433135874,7.794274433135874,7.794274433135874,0.0,0.999787514122537
1977,8.228328513662031,9.051161365028236,8.629943750779491,5,8.78627299735317,8.785111289823027,8.857130037654404,0.15844115879800416,0.9997719663754056
1977,9.051161365028236,9.95627750153106,9.49293812585744,2,9.919985642172932,9.919985642172932,9.919985642172932,0.0,0.9997460534635199
1977,9.95627750153106,10.951905251684167,10.442231938443186,44,10.628556045185285,10.628556045185286,10.628556045185283,1.796893438875007e-15,0.9997356882987655
1977,10.951905251684167,12.047095776852585,11.486455132287505,3,11.573316582535085,11.572103205989533,11.691411649703811,0.20454665645949058,0.999507654674171
1977,12.047095776852585,13.251805354537845,12.635100645516257,5,12.4708390930174,12.470042908717058,12.399982052716165,0.15844115879800416,0.9994921069270396
1977,13.251805354537845,14.57698588999163,13.898610710067883,59,14.159398392399378,14.15909310562907,14.171408060247046,0.09224800912142185,0.9994661940151539
1977,14.57698588999163,16.034684478990794,15.288471781074673,12,15.58854886627175,15.580370641043029,15.942834067777927,0.5233139242237027,0.9991604216549022
1977,16.034684478990794,17.638152926889877,16.817318959182142,1,17.005689672296455,17.00568967229645,17.005689672296455,,0.9990982306663765
1977,17.638152926889877,19.401968219578862,18.499050855100357,186,17.742831462527047,17.742243370165305,17.714260075308808,0.14686375073954425,0.9990930480839993
1977,19.401968219578862,21.342165041536752,20.348955940610395,118,21.182051666322636,21.17920909815735,21.257112090370565,0.3399184733356324,0.9981290877618499
1977,21.342165041536752,23.47638154569043,22.383851534671436,9,22.43806276205782,22.433732864547498,22.319967694889097,0.4686752681878724,0.9975175430413467
1977,23.47638154569043,25.824019700259473,24.62223668813858,56,24.71139280505579,24.709621565946833,24.79996410543233,0.29641626609278765,0.9974708997999523
1977,25.824019700259473,28.406421670285425,27.084460356952444,168,28.20152380798865,28.197086619652445,28.342816120494092,0.49216564349225467,0.9971806751868321
1977,28.406421670285425,31.247063837313966,29.792906392647687,20,30.18509916832621,30.180836377656128,30.114242128024973,0.5217047846929277,0.9963100013474714
1977,31.247063837313966,34.371770221045374,32.77219703191246,72,32.26455647605552,32.255744759549394,31.885668135555854,0.7691677293024564,0.9962063496999285
1977,34.371770221045374,37.80894724314991,36.04941673510371,1119,35.442134327261726,35.44181938894394,35.428520150617615,0.1518367711524188,0.9958332037687739
1977,37.80894724314991,41.5898419674649,39.65435840861408,51,39.48543304629619,39.47655067599236,38.97137216567938,0.851210215498815,0.9900338940887465
1977,41.5898419674649,45.7488261642114,43.6197942494755,406,42.604104416591206,42.601759320662765,42.51422418074113,0.45597865266526993,0.989769582387512
1977,45.7488261642114,50.32370878063254,47.98177367442305,138,47.8772806006426,47.84735859663098,47.82850220333378,1.697847170122368,0.9876654539423904
1977,50.32370878063254,55.3560796586958,52.77995104186536,1114,53.1291049443602,53.128494795727875,53.14278022592642,0.25249941141345034,0.9869502575743442
1977,55.3560796586958,60.891687624565385,58.0579461460519,219,57.32625753686237,57.31201993137397,56.685632240988184,1.295729793271629,0.9811768608062025
1977,60.891687624565385,66.98085638702192,63.86374076065709,279,63.752288679632876,63.74913977973501,63.77133627111171,0.6353987854147953,0.9800418752656074
1977,66.98085638702192,73.67894202572413,70.2501148367228,3113,70.8206216489763,70.81959225355679,70.85704030123523,0.37663955444603964,0.9785959347823834
1977,73.67894202572413,81.04683622829654,77.27512632039509,235,77.3653348327338,77.34580819353974,77.94274433135875,1.7320459032526045,0.9624625558423251
1977,81.04683622829654,89.15151985112621,85.00263895243461,1764,87.5857689231479,87.56486126100377,88.57130037654403,1.8891332528662914,0.9612446489836955
1977,89.15151985112621,98.06667183623884,93.50290284767809,213,93.5279665760201,93.502662880703,92.11415239160578,2.182330919211691,0.9521025736704085
1977,98.06667183623884,107.87333901986271,102.8531931324459,4516,105.87228001750061,105.85929470222202,106.28556045185285,1.6260178252578321,0.9509986836240762
1977,107.87333901986271,118.660672921849,113.13851244569048,461,113.69404058747007,113.67770759162485,113.37126448197637,1.9288892755529743,0.9275941416088809
1977,118.660672921849,130.5267402140339,124.45236369025955,1403,124.60107003876978,124.58546093822602,123.99982052716165,1.9746236927208884,0.9252049711330161
1977,130.5267402140339,143.57941423543733,136.8976000592855,4977,141.27814679213813,141.26679306936208,141.71408060247046,1.760274369551905,0.917933808057879
1977,143.57941423543733,157.9373556589811,150.58736006521409,499,151.03625434150067,151.0024207813063,151.2797810431372,3.2006864850469072,0.8921400955668191
1977,157.9373556589811,173.73109122487918,165.6460960717355,2295,164.2259334849291,164.16133208003947,164.03404829735953,4.612342427330815,0.8895539869606227
1977,173.73109122487918,191.1042003473671,182.21070567890905,6821,178.5485224411645,178.52212911192728,177.14260075308806,3.1036176143410272,0.8776599604050707
1977,191.1042003473671,210.21462038210387,200.43177624679998,6071,196.73362117767024,196.71165395527427,196.27400163442158,2.9734067942980933,0.8423095660105517
1977,210.21462038210387,231.23608242031426,220.47495387148,7247,214.86265733745768,214.7953530288136,212.5711209037057,5.475702958783936,0.810846108398893
1977,231.23608242031426,254.35969066234568,242.52244925862803,3796,246.06049889634278,246.01139281622986,247.9996410543233,4.860757529815218,0.7732879339117096
1977,254.35969066234568,279.7956597285803,266.77469418449084,3036,267.6559348330135,267.53017701998687,265.7139011296321,8.194663079876117,0.7536148512080599
1977,279.7956597285803,307.77522570143833,293.45216360293995,9434,288.768238881279,288.6373024464452,283.4281612049409,8.800818229232146,0.737880531111042
1977,307.77522570143833,338.55274827158223,322.797379963234,4992,321.3180834706701,321.22623215641113,318.8566813555585,7.726854196682405,0.6889880489650383
1977,338.55274827158223,372.4080230987405,355.0771179595574,10835,355.6128145889223,355.56210404513064,354.2852015061761,6.017125017698379,0.6631165977383211
1977,372.4080230987405,409.6488254086146,390.5848297555132,8552,391.607274976537,391.56361163815825,391.8394328658308,5.853188970225546,0.6069633176819346
1977,409.6488254086146,450.613707949476,429.64331273106455,9563,426.2089133039883,426.16594400646744,425.1422418074114,6.097680525264516,0.5626418731925744
1977,450.613707949476,495.6750787444237,472.60764400417105,4081,465.23862792220086,465.1465821648039,460.57076195802904,9.339988952856466,0.5130808379199188
1977,495.6750787444237,545.2425866188661,519.8684084045882,10541,522.9295956318066,522.7200589735568,531.4278022592642,14.64230563831687,0.4919307192387823
1977,545.2425866188661,599.7668452807528,571.855249245047,4136,568.0327617129489,567.9408849512813,566.8563224098818,10.258792366831386,0.437301118401277
1977,599.7668452807528,659.743529808828,629.0407741695518,5801,628.1287296015196,627.9091939079043,637.713362711117,16.51464282001006,0.4158659576893975
1977,659.743529808828,725.717882789711,691.9448515865071,10008,704.1020835689357,703.9988358212822,708.5704030123522,11.90922540907795,0.3858017973195684
1977,725.717882789711,798.2896710686822,761.139336745158,3543,764.7363569603041,764.4820736439166,779.4274433135876,19.649716973528474,0.3339345128890824
1977,798.2896710686822,878.1186381755502,837.2532704196736,2997,835.3939841696035,835.1793023572353,846.7416315997609,18.929819862106452,0.31557262352685095
1977,878.1186381755502,965.9305019931054,920.978597461641,6262,901.316658691885,900.9840610582023,885.7130037654404,24.767955204523243,0.30004042414254173
1977,965.9305019931054,1062.523552192416,1013.0764572078052,2360,1003.4763539001567,1003.2705972106164,991.9985642172932,20.45297428893456,0.26758709329684793
1977,1062.523552192416,1168.775907411658,1114.384102928586,8481,1076.181465265524,1075.8642646491594,1062.8556045185285,26.49497668859383,0.2553561988867813
1977,1168.775907411658,1285.6534981528237,1225.8225132214448,4180,1232.9592872298256,1232.6004092681567,1239.9982052716164,29.56489716626359,0.21140271774619857
1977,1285.6534981528237,1414.2188479681063,1348.4047645435892,1595,1346.2968709440893,1345.9940192568556,1346.2837657234693,28.5831302530291,0.1897395234097246
1977,1414.2188479681063,1555.640732764917,1483.2452409979483,5199,1435.2619591444823,1434.854686913909,1417.1408060247045,34.6602530153661,0.1814733045181753
1977,1555.640732764917,1711.2048060414088,1631.5697650977431,2450,1621.5828891314022,1620.9761745990486,1594.2834067777926,44.64993429062454,0.15452905873938866
1977,1711.2048060414088,1882.3252866455496,1794.7267416075176,4416,1781.434484245803,1781.1785433896828,1771.4260075308807,30.503758892570826,0.1418317319153788
1977,1882.3252866455496,2070.557815310105,1974.1994157682695,1380,1974.1877927357823,1973.6127695026355,1948.5686082839688,47.836419646309686,0.11894544813789815
1977,2070.557815310105,2277.613596841116,2171.619357345097,3059,2141.1443310512786,2140.8003916128505,2125.711209037057,38.82130101173879,0.11179348445743545
1977,2277.613596841116,2505.3749565252274,2388.7812930796067,2287,2424.4730878199107,2423.3448994268547,2479.9964105432327,73.3688606028926,0.09593996496574313
1977,2505.3749565252274,2755.9124521777503,2627.6594223875672,947,2626.410475291978,2625.661273949826,2657.139011296321,62.67303296787165,0.0840873990692082
1977,2755.9124521777503,3031.5036973955257,2890.425364626324,2230,2861.8569161481655,2861.1437297010066,2834.281612049409,64.55738409732102,0.07917949355805011
1977,3031.5036973955257,3334.6540671350785,3179.467901088957,1044,3182.9216657327356,3182.2769151665993,3188.566813555585,64.03598626071854,0.06762233485701255
1977,3334.6540671350785,3668.1194738485865,3497.414691197853,2207,3527.3965438719956,3526.9354358839914,3542.8520150617614,56.49614776716831,0.06221171885527121
1977,3668.1194738485865,4034.9314212334457,3847.1561603176383,758,3848.6562313285845,3847.623069676304,3897.1372165679377,88.95475417590102,0.05077375954890803
1977,4034.9314212334457,4438.424563356791,4231.871776349403,1151,4248.801754124833,4248.0054283451245,4251.422418074114,82.2383459464052,0.04684536210703069
1977,4438.424563356791,4882.26701969247,4655.058953984343,627,4639.212150717943,4638.248001271803,4605.70761958029,94.98643140335453,0.040880209790934624
1977,4882.26701969247,5370.493721661717,5120.564849382778,1464,5217.513876931267,5215.263495932695,5314.278022592642,151.70835549948436,0.03763073064046353
1977,5370.493721661717,5907.5430938278905,5632.621334321057,564,5649.097639304008,5647.782523560062,5668.563224098818,121.66173968461709,0.03004343004032049
1977,5907.5430938278905,6498.297403210679,6195.883467753163,751,6228.270627808801,6225.937831271228,6341.705106960552,169.98412085616488,0.027120453579609648
1977,6498.297403210679,7148.127143531748,6815.471814528479,992,6988.328099633339,6986.158928334121,7085.704030123523,172.15091939373085,0.02322833421437234
1977,7148.127143531748,7862.939857884923,7497.018995981328,427,7584.199902797349,7581.459144779105,7617.131832382787,203.4330324712075,0.01808721249624263
1977,7862.939857884923,8649.233843673415,8246.720895579461,337,8251.676602816931,8249.020065908046,8148.559634642052,209.84800123430762,0.01587424982120091
1977,8649.233843673415,9514.157228040758,9071.392985137409,505,8961.378984363739,8959.355290497739,8857.130037654404,192.04223417396076,0.014127719560102408
1977,9514.157228040758,10465.572950844835,9978.53228365115,270,9904.856351901204,9901.330311230757,9919.985642172931,265.4347799955271,0.01151051545964323
1977,10465.572950844835,11512.13024592932,10976.385512016266,509,10783.500485532802,10780.493265608942,10628.556045185283,257.51562516012143,0.010111218217813573
1977,11512.13024592932,12663.343270522251,12074.024063217892,263,12159.500532230686,12155.712091232434,12329.12501241493,302.6733699395558,0.0074732837878458075
1977,12663.343270522251,13929.677597574479,13281.426469539683,154,13225.92208177035,13220.708318443945,13108.552455728519,373.1236020787149,0.006110264622656177
1977,13929.677597574479,15322.645357331929,14609.569116493654,244,14443.09979815783,14438.21153597055,14171.408060247046,379.59288719711293,0.005312146936575557
1977,15322.645357331929,16854.909893065123,16070.526028143022,111,15985.179128754346,15981.39793955354,15942.834067777925,350.4779441135968,0.004047596836551717
1977,16854.909893065123,18540.400882371636,17677.578630957323,147,17701.086450060964,17697.353833777543,17714.260075308808,364.87366212921995,0.0034723301926884126
1977,18540.400882371636,20394.4409706088,19445.336494053056,77,19440.935720893594,19434.805447644387,19485.68608283969,490.24156101547584,0.0027104905832478206
1977,20394.4409706088,22433.885067669682,21389.870143458364,97,21374.435278440476,21370.000598491733,21257.112090370567,439.31480266271035,0.002311431740207511
1977,22433.885067669682,24677.273574436655,23528.857157804203,41,23307.559296843756,23300.909599790142,23028.53809790145,566.1699112965772,0.0018087212496242628
1977,24677.273574436655,27145.00093188032,25881.742873584626,51,25414.058454709702,25402.56751340556,24799.96410543233,777.1265613416588,0.0015962353721612405
1977,27145.00093188032,29859.50102506836,28469.917160943092,36,28630.416974072323,28624.817104803584,28342.81612049409,576.0112155301721,0.0013319236709267493
1977,29859.50102506836,32845.451127575194,31316.908877037404,29,31135.634147236186,31125.3123499812,31177.0977325435,817.2892540734028,0.0011453507053494616
1977,32845.451127575194,36129.996240332715,34448.59976474114,35,35084.964729499916,35077.31235573756,35428.520150617616,737.4287791037465,0.0009950558164122018
1977,36129.996240332715,39742.99586436599,37893.459741215265,19,37740.80913472155,37725.30064714822,37199.946158148494,1114.7310312382192,0.0008136654332120609
1977,39742.99586436599,43717.295450802594,41682.80571533679,20,42112.11047703163,42099.38275491781,42514.224180741134,1056.7640215159893,0.0007151963680462701
1977,43717.295450802594,48089.02499588286,45851.08628687048,12,45357.59911296254,45346.03185385337,45702.79099429672,1068.896492474405,0.0006115447205033325
1977,48089.02499588286,52897.92749547114,50436.19491555753,7,50951.2731937525,50936.57081591555,51371.35421839554,1319.671330425868,0.0005493537319775697
1977,52897.92749547114,58187.72024501827,55479.814407113285,18,54325.77787877793,54308.558535274424,53798.207848712846,1421.2130948752035,0.0005130756553375416
1977,58187.72024501827,64006.4922695201,61027.79584782462,7,60798.883430474896,60779.22563879129,60228.484256049946,1682.2405007188665,0.00041978917254889764
1977,64006.4922695201,70407.1414964721,67130.57543260709,6,65758.81720402779,65745.04771307507,65631.33357901913,1477.5460045903826,0.00038351109590886945
1977,70407.1414964721,77447.85564611934,73843.63297586779,10,73298.06533961279,73264.25293538952,73142.17985095007,2351.8092253233285,0.00035241560164598815
1977,77447.85564611934,85192.64121073128,81227.9962734546,11,80538.68862603129,80503.25084649198,80068.45554039581,2513.632452671427,0.00030058977787451933
1977,85192.64121073128,93711.9053318044,89350.79590080006,6,89292.6250468106,89276.87668155006,88748.44297729712,1841.0213604815303,0.0002435813717259036
1977,93711.9053318044,103083.09586498486,98285.87549088008,4,97966.94392048783,97939.03406975334,98487.7431667019,2686.10183284729,0.00021248587746302227
1977,103083.09586498486,113391.40545148334,108114.46303996808,5,111369.55309346647,111360.96403181,110536.98286992696,1548.8585640948177,0.00019175554795443473
1977,113391.40545148334,124730.5459966317,118925.9093439649,6,118178.088000945,118130.61481495952,116915.17935264265,3690.0621494368816,0.00016584263606870032
1977,124730.5459966317,137203.60059629485,130818.50027836139,3,127424.5774750547,127412.66830423538,127188.38734071724,2135.529788809921,0.00013474714180581902
1977,137203.60059629485,150923.96065592437,143900.35030619754,10,143159.70593869628,143131.70793929155,142980.65019785502,2978.126204835034,0.00011919939467437835
1977,150923.96065592437,166016.35672151682,158290.3853368173,6,158058.43789862204,157988.3327553427,158011.19987175456,5165.845955739171,6.737357090290951e-05
1977,166016.35672151682,182617.99239366854,174119.42387049907,2,179445.4545628782,179430.67749860586,179445.4545628782,3256.727089967758,3.6278076640028193e-05
1977,182617.99239366854,200879.79163303538,191531.366257549,3,187534.96666393592,187520.30388307598,189188.29760429804,2863.653190432862,2.5912911885734425e-05
1977,200879.79163303538,220967.77079633894,210684.50288330388,2,213881.97614927855,213881.48025505562,213881.97614927855,651.3454179935433,1.036516475429377e-05
1978,0.25595089967394596,0.2815459896413406,0.26844356827514526,20,0.255950899673946,0.255950899673946,0.25595089967394596,5.695323946259567e-17,1.0
1978,0.49877589495500324,0.5486534844505037,0.5231205718827935,1,0.5119017993478919,0.5119017993478919,0.5119017993478919,,0.9999072764783606
1978,0.971973115566619,1.0691704271232811,1.0194140037897794,1,1.0238035986957839,1.0238035986957839,1.0238035986957839,,0.9999026403022787
1978,1.1760874698356092,1.2936962168191704,1.2334909445856332,4,1.2797544983697298,1.2797544983697298,1.2797544983697298,0.0,0.9998980041261967
1978,1.4230658385010875,1.5653724223511962,1.4925240429486164,1,1.535705398043676,1.535705398043676,1.535705398043676,,0.9998794594218688
1978,1.8941006310449477,2.083510694149443,1.986549501164609,1,2.0476071973915677,2.0476071973915677,2.0476071973915677,,0.9998748232457869
1978,2.291861763564387,2.521047939920826,2.403724896409177,1,2.3035580970655136,2.3035580970655136,2.3035580970655136,,0.9998701870697049
1978,2.521047939920826,2.773152733912909,2.644097386050095,13,2.5595089967394595,2.5595089967394595,2.5595089967394595,0.0,0.999865550893623
1978,2.773152733912909,3.0504680073042,2.9085071246551046,1,2.8154598964134054,2.815459896413405,2.8154598964134054,,0.9998052806045573
1978,3.0504680073042,3.3555148080346204,3.1993578371206155,10,3.0970058860547462,3.0960938528885893,3.071410796087352,0.08093878121389159,0.9998006444284754
1978,3.3555148080346204,3.691066288838083,3.519293620832678,1,3.5833125954352436,3.583312595435243,3.5833125954352436,,0.9997542826676558
1978,3.691066288838083,4.060172917721891,3.8712229829159455,11,3.839263495109189,3.839263495109188,3.8392634951091895,4.657646926676369e-16,0.9997496464915737
1978,4.060172917721891,4.46619020949408,4.258345281207539,5,4.248784934587503,4.2469192778328795,4.351165294457081,0.1401900813651616,0.999698648554672
1978,4.46619020949408,4.912809230443489,4.6841798093282945,2,4.735091643968,4.7333619300677405,4.735091643968,0.18098461681024516,0.9996754676742623
1978,4.912809230443489,5.4040901534878385,5.152597790261125,11,5.119017993478919,5.119017993478919,5.119017993478919,0.0,0.9996661953220983
1978,5.4040901534878385,5.944499168836622,5.6678575692872375,3,5.716236759384793,5.714975764193595,5.630919792826811,0.14777332082607983,0.9996151973851967
1978,5.944499168836622,6.538949085720286,6.234643326215962,10,6.321987221946467,6.320887183641524,6.39877249184865,0.1236360305233764,0.9996012888569508
1978,6.538949085720286,7.192843994292315,6.858107658837559,3,6.995991257754523,6.9949591136240254,6.910674291196541,0.14777332082607983,0.9995549270961311
1978,7.192843994292315,7.912128393721547,7.543918424721316,27,7.67852699021838,7.678526990218381,7.678526990218379,9.050976241643627e-16,0.9995410185678852
1978,7.912128393721547,8.703341233093703,8.298310267193447,9,8.389501711534896,8.386196241241027,8.446379689240217,0.24873956390685892,0.999415841813672
1978,8.703341233093703,9.573675356403074,9.128141293912794,8,9.054263075965837,9.05341911663244,8.958281488588108,0.13246717556076043,0.9993741162289344
1978,9.573675356403074,10.53104289204338,10.040955423304073,50,10.232916968964359,10.232590660829809,10.238035986957838,0.08159683091568141,0.9993370268202786
1978,10.53104289204338,11.584147181247722,11.04505096563448,8,11.293833448112865,11.289839210171321,11.517790485327568,0.3190232046200751,0.9991052180161802
1978,11.584147181247722,12.742561899372495,12.14955606219793,3,12.115009251233444,12.11258290434529,12.285643184349407,0.29554664165215966,0.9990681286075245
1978,12.742561899372495,14.016818089309744,13.364511668417725,132,12.826630313205703,12.825897000276603,12.7975449836973,0.140181973908811,0.9990542200792786
1978,14.016818089309744,15.41849989824072,14.700962835259498,93,15.17816356668615,15.172392400654186,15.357053980436758,0.4130274021761235,0.9984422448364589
1978,15.41849989824072,16.960349888064794,16.17105911878545,18,16.32397960142722,16.319372861756737,16.38085757913254,0.3980263344511606,0.9980110804608359
1978,16.960349888064794,18.656384876871275,17.788165030663997,52,17.97070643672263,17.96942210252975,17.916562977176216,0.21704273184149578,0.9979276292913605
1978,18.656384876871275,20.522023364558404,19.5669815337304,172,20.300477752046344,20.29510348176178,20.476071973915676,0.4594653169818324,0.9976865481350982
1978,20.522023364558404,22.574225701014242,21.523679687103435,25,21.428209320702752,21.418666009239924,21.243924672937514,0.6547208671262909,0.9968891258489997
1978,22.574225701014242,24.831648271115675,23.676047655813782,50,23.48093553608781,23.471641074093096,23.035580970655136,0.6738376130149436,0.9967732214469506
1978,24.831648271115675,27.31481309822724,26.043652421395166,800,25.612046714497993,25.611687458748744,25.5950899673946,0.13776795621267066,0.9965414126428521
1978,27.31481309822724,30.046294408049967,28.64801766353468,57,28.56322233028018,28.553339733200374,28.154598964134056,0.7630533212701135,0.9928324717772781
1978,30.046294408049967,33.05092384885497,31.512819429888154,296,30.800577859412012,30.798654629609075,30.714107960873516,0.3495524459816847,0.992568209740606
1978,33.05092384885497,36.35601623374047,34.66410137287698,110,34.53475684509733,34.5136179214481,34.297420556308765,1.215298452982972,0.9911959016203435
1978,36.35601623374047,39.99161785711451,38.13051151016467,789,38.38712016618131,38.38662330331269,38.39263495109189,0.19483973848612765,0.9906859222513271
1978,39.99161785711451,43.99077964282598,41.94356266118114,163,41.62421134084025,41.61025038282816,40.95214394783135,1.0903991531840829,0.9870279793226546
1978,43.99077964282598,48.38985760710857,46.13791892729926,167,46.07269458142809,46.06860554160431,46.07116194131027,0.6164734959988482,0.986272282621294
1978,48.38985760710857,53.22884336781944,50.75171082002919,2177,51.16925239223432,51.16863858052098,51.1901799347892,0.24742497763593868,0.9854980412156054
1978,53.22884336781944,58.55172770460138,55.82688190203211,156,55.66603925729256,55.65074075460145,56.30919792826811,1.305580159979165,0.975405085885162
1978,58.55172770460138,64.40690047506153,61.409570092235334,1083,63.25603148783966,63.24133838906364,63.98772491848649,1.3473591034502745,0.974681842416375
1978,64.40690047506153,70.84759052256769,67.55052710145887,137,67.78775506401061,67.76904417016398,67.82698841359567,1.5965706396004915,0.969660863719604
1978,70.84759052256769,77.93234957482446,74.30557981160476,3311,76.54137830192064,76.5337341951447,76.78526990218379,1.0602769403926156,0.9690257075963745
1978,77.93234957482446,85.72558453230691,81.73613779276525,288,81.98071767820423,81.96881800936346,81.9042878956627,1.39866664152069,0.9536753285889799
1978,85.72558453230691,94.29814298553761,89.90975157204177,873,89.99767230058744,89.98779026787885,89.58281488588109,1.336313778458624,0.9523401098773732
1978,94.29814298553761,103.72795728409139,98.90072672924596,3551,102.15879043403973,102.1526726086547,102.3803598695784,1.0974609119948755,0.9482927281578154
1978,103.72795728409139,114.10075301250053,108.79079940217056,233,108.85602748150077,108.82655717519033,107.4993778630573,2.5429604543812614,0.9318296668907485
1978,114.10075301250053,125.5108283137506,119.66987934238763,978,118.02607831048586,117.97298431767932,115.17790485327569,3.56313058277225,0.93074943786365
1978,125.5108283137506,138.06191114512566,131.63686727662642,4650,128.26117911013586,128.2547688182739,127.97544983697298,1.3021587995408044,0.9262152576554857
1978,138.06191114512566,151.86810225963825,144.80055400428907,749,143.0755277472431,143.03290706899693,141.54084751969214,3.512976215357885,0.9046570388743365
1978,151.86810225963825,167.05491248560207,159.28060940471798,5367,155.08592936800449,155.03888915528768,153.57053980436757,3.893329509595926,0.9011845429889427
1978,167.05491248560207,183.76040373416228,175.20867034518977,3674,176.56264952804491,176.51517080356072,179.16562977176218,4.067302160612668,0.8763021859570227
1978,183.76040373416228,202.13644410757854,192.72953737970877,8028,196.43979680006814,196.3707281480827,199.64170174567786,5.1540433662818455,0.8592688750318737
1978,202.13644410757854,222.35008851833643,212.00249111767968,6392,206.51882052155418,206.4758835618764,204.7607197391568,4.2742554966861706,0.8220496534458379
1978,222.35008851833643,244.5850973701701,233.20274022944767,3226,232.17801191139068,232.12254015045812,230.35580970655138,5.1008928611669155,0.792415215929901
1978,244.5850973701701,269.04360710718714,256.5230142523925,8308,255.9714484522419,255.94818200296243,255.95089967394597,3.457243165937292,0.7774589118894736
1978,269.04360710718714,295.94796781790586,282.1753156776317,3556,283.08522192186007,283.04748784749654,283.0816950393843,4.624993521530669,0.7389415610004868
1978,295.94796781790586,325.54276459969645,310.39284724539493,9907,309.2073399351834,309.17106428825156,307.14107960873514,4.7607962122088505,0.7224553188530101
1978,325.54276459969645,358.09704105966614,341.43213196993446,3570,336.26054893920303,336.18052908579,332.7361695761298,7.402450961496158,0.6765247224089571
1978,358.09704105966614,393.9067451656328,375.5753451669279,12729,376.51923624085134,376.3644401919537,383.92634951091895,10.709540994287524,0.6599735737963328
1978,393.9067451656328,433.2974196821961,413.1328796836208,10321,405.76654231986663,405.6827498697842,400.8191088893994,8.317281091402423,0.6009596884489673
1978,433.2974196821961,476.6271616504157,454.4461676519829,7478,454.21204785739485,454.06171764731045,460.71161941310277,11.621541495641493,0.5531097151069798
1978,476.6271616504157,524.2898778154574,499.8907844171812,12178,508.6108609489885,508.536696585746,511.90179934789194,8.581193422281476,0.5184403903660261
1978,524.2898778154574,576.7188655970032,549.8798628588994,4427,552.1303775605935,551.9414178681159,557.9729612892022,14.4049726855272,0.46198103803982477
1978,576.7188655970032,634.3907521567035,604.8678491447894,4428,604.4055642819264,604.2473619508631,614.2821592174703,13.806383741060252,0.44145668652495423
1978,634.3907521567035,697.8298273723739,665.3546340592683,8054,652.2198409677015,651.9689826469267,639.8772491848649,18.279783804325618,0.4209276988340017
1978,697.8298273723739,767.6128101096112,731.8900974651951,3711,724.2097945110911,724.061103438592,716.6625190870487,14.774317244338073,0.3835879366698347
1978,767.6128101096112,844.3740911205725,805.0791072117147,10925,779.5199132909751,779.2528034776219,767.8526990218379,20.659566322585388,0.36638308722965296
1978,844.3740911205725,928.8115002326299,885.5870179328863,5938,892.0267736831383,891.7605438478377,895.8281488588109,21.660068715652184,0.315732863534157
1978,928.8115002326299,1021.6926502558929,974.145719726175,2653,972.8180444142962,972.5796914313482,972.6134187609947,21.55873153140532,0.28820324995943347
1978,1021.6926502558929,1123.8619152814824,1071.5602916987928,7719,1038.8271770708286,1038.4981296638962,1023.8035986957839,26.476649175313263,0.2759034748139734
1978,1123.8619152814824,1236.2481068096308,1178.716320868672,4381,1173.278456721849,1172.8193659930987,1151.7790485327569,33.0105763839994,0.24011683163726558
1978,1236.2481068096308,1359.8729174905939,1296.5879529555393,6795,1286.8329815289248,1286.648059869956,1279.7544983697298,22.0288305758745,0.21980574422216556
1978,1359.8729174905939,1495.8602092396534,1426.2467482510933,2534,1427.0766646126415,1426.6801109354099,1407.7299482067028,33.759765056833814,0.18830292774519578
1978,1495.8602092396534,1645.446230163619,1568.8714230762027,5070,1547.6866262526735,1547.4171021800385,1535.7053980436758,29.20433095468649,0.17655485755348987
1978,1645.446230163619,1809.9908531799808,1725.7585653838232,3853,1748.9864329382906,1748.1426962729888,1791.6562977176218,53.93774066038265,0.1530494448179142
1978,1809.9908531799808,1990.989938497979,1898.3344219222056,1706,1898.7432435623884,1898.1903881880783,1919.6317475545948,45.75278673125347,0.13518625837409304
1978,1990.989938497979,2190.0889323477772,2088.1678641144263,4011,2067.6481975046067,2067.1197342014857,2047.6071973915678,47.20152829147459,0.12727694197825634
1978,2190.0889323477772,2409.097825582555,2296.9846505258693,1879,2300.5131122803564,2300.059120339583,2303.5580970655137,45.65552629335478,0.10868123971348431
1978,2409.097825582555,2650.0076081408106,2526.683115578456,3692,2545.808067093343,2545.4193918375063,2559.5089967394597,44.10887472921647,0.09996986485546722
1978,2650.0076081408106,2915.0083689548924,2779.351427136302,1342,2782.474462622266,2781.6773241614037,2815.4598964134057,66.45667983754157,0.08285310276084286
1978,2915.0083689548924,3206.5092058503815,3057.2865698499327,2120,3064.20577826153,3063.5498684477866,3071.4107960873516,63.33216873181003,0.07663135445884235
1978,3206.5092058503815,3527.16012643542,3363.015226834926,1143,3349.2091092134315,3348.5417114380184,3327.3616957612976,67.14281419473853,0.06680266116507105
1978,3527.16012643542,3879.8761390789623,3699.316749518419,2510,3768.1803217838847,3766.565414515119,3839.2634951091895,109.22363991956131,0.06150351190338209
1978,3879.8761390789623,4267.863752986859,4069.2484244702614,833,4083.4517149016015,4082.518874924034,4095.2143947831355,87.15157426509076,0.04986670993764343
1978,4267.863752986859,4694.650128285545,4476.173266917288,1151,4497.149814286229,4495.4005450011,4555.926014196238,125.11784633329137,0.04600477526136443
1978,4694.650128285545,5164.1151411141,4923.790593609017,1698,5053.683134761618,5052.228189944997,5119.017993478919,119.81877370550852,0.040668536591019724
1978,5164.1151411141,5680.526655225511,5416.169652969919,732,5471.601197230449,5469.642964204531,5461.992199042008,146.17441013675025,0.03279630960383875
1978,5680.526655225511,6248.579320748062,5957.786618266911,592,5964.7083010681545,5962.880380757237,5886.870692500757,147.90179200512262,0.029402628711838477
1978,6248.579320748062,6873.43725282287,6553.565280093603,898,6465.186619895113,6463.87456521606,6398.772491848649,131.39347116212338,0.02665801247131366
1978,6873.43725282287,7560.7809781051565,7208.921808102965,544,7164.713557588548,7161.946557829088,7166.625190870487,199.69287191248395,0.022494726349706763
1978,7560.7809781051565,8316.859075915672,7929.813988913261,1079,7783.806071120408,7781.570961500545,7678.526990218379,188.73201307654986,0.01997264656111639
1978,8316.859075915672,9148.544983507241,8722.795387804588,550,8780.349542152773,8777.379508058448,8958.281488588109,227.30870189504606,0.014970212568673359
1978,9148.544983507241,10063.399481857965,9595.074926585048,323,9531.679651775308,9527.910773262403,9470.183287936,269.3549525377791,0.012420315723591181
1978,10063.399481857965,11069.739430043765,10554.582419243554,572,10378.107801604052,10375.20594287353,10238.035986957839,248.3720445022709,0.010922830849115649
1978,11069.739430043765,12176.71337304814,11610.04066116791,288,11580.489568563667,11577.889167723877,11517.790485327569,246.64165758541535,0.008270938130230186
1978,12176.71337304814,13394.384710352955,12771.044727284701,425,12786.6420776086,12784.176442193182,12797.544983697298,251.3435634697079,0.0069357194186235194
1978,13394.384710352955,14733.823181388252,14048.149200013173,174,14063.020658026022,14058.65525597818,14077.299482067026,351.26512851083436,0.004965344583787292
1978,14733.823181388252,16207.20549952708,15452.96412001449,225,15363.159262563648,15360.652620805771,15357.053980436758,278.63281663255634,0.004158649945524931
1978,16207.20549952708,17827.92604947979,16998.260532015942,106,16875.31849783567,16869.86017489087,16814.694354079882,432.76860877699073,0.0031155103270822226
1978,17827.92604947979,19610.71865442777,18698.086585217538,134,18420.215135212973,18411.489356697886,18172.513876850164,572.2729158736888,0.0026240756623936577
1978,19610.71865442777,21571.79051987055,20567.895243739295,109,20473.510116745547,20469.89644885534,20476.071973915678,387.2492180450125,0.0020028280674100002
1978,21571.79051987055,23728.969571857604,22624.684768113224,75,22619.851868690064,22612.336665080868,23035.580970655137,585.2011578238051,0.0014974848744755327
1978,23728.969571857604,26101.866529043367,24887.15324492455,57,25280.12666906249,25273.954314557177,25595.089967394597,558.1104425202767,0.001149771668327963
1978,26101.866529043367,28712.053181947707,27375.86856941701,37,27270.516886292713,27260.743785352188,27130.795365438273,741.6315371833899,0.0008855096316558103
1978,28712.053181947707,31583.258500142478,30113.45542635871,34,30192.382163758724,30182.574693046867,30714.107960873516,779.1652853504055,0.0007139711166230093
1978,31583.258500142478,34741.58435015673,33124.80096899458,16,33217.38774434086,33205.32627850789,33273.616957612976,923.846872187957,0.0005563411298361112
1978,34741.58435015673,38215.742785172406,36437.28106589404,12,36127.46948897748,36119.48420489943,35833.125954352436,798.1624931283922,0.00048216231252462967
1978,38215.742785172406,42037.317063689654,40081.00917248346,26,39229.58454876033,39213.85232913691,38392.634951091895,1143.4262168310952,0.00042652819954101855
1978,42037.317063689654,46241.04877005862,44089.1100897318,12,44326.42997519954,44302.08936045142,44445.87372838071,1530.8436841473501,0.00030598762140986115
1978,46241.04877005862,50865.15364706448,48498.02109870498,4,49206.56046231611,49203.10909257416,49142.572737397626,673.1395120777854,0.00025035350842625003
1978,50865.15364706448,55951.66901177094,53347.823208575486,12,51853.09276494471,51839.94451699036,51318.15538462617,1241.596222275562,0.00023180880409837966
1978,55951.66901177094,61546.83591294804,58682.60552943304,8,58932.69464992606,58923.13173747531,58868.70692500757,1142.6013799736845,0.00017617469111476855
1978,61546.83591294804,67701.51950424284,64550.86608237635,2,65139.50396701925,65129.32044857122,65139.50396701925,1628.861551292204,0.0001390852824590278
1978,67701.51950424284,74471.67145466714,71005.952690614,3,70813.08224312506,70802.71901050616,71666.25190870487,1477.733208260796,0.0001298129302950926
1978,74471.67145466714,81918.83860013385,78106.5479596754,2,79728.70524843417,79699.01681160677,79728.70524843417,3076.738485774163,0.00011590440204918983
1978,81918.83860013385,90110.72246014726,85917.20275564294,4,85423.61276617946,85411.3848543729,85743.5513907719,1663.6808478806463,0.00010663204988525464
1978,99121.79470616198,109033.9741767782,103959.81533432797,4,105067.8443161548,105048.70093555114,105323.79521582877,2313.018334395991,8.808734555738427e-05
1978,109033.9741767782,119937.37159445601,114355.79686776079,5,113987.32364835237,113963.4465182089,113898.15035490596,2615.17338940404,6.95426412295139e-05
1978,119937.37159445601,131931.10875390164,125791.37655453688,5,127489.14312759248,127447.7007885933,127975.44983697298,3602.0031129699014,4.636176081967593e-05
1978,131931.10875390164,145124.2196292918,138370.51420999056,2,133657.55980973458,133656.3736666368,133657.55980973458,796.3323139650693,2.3180880409837964e-05
1978,145124.2196292918,159636.641592221,152207.56563098964,1,153570.53980436758,153570.53980436764,153570.53980436758,,1.390852824590278e-05
1978,175600.3057514431,193160.33632658742,184171.15441349748,1,179165.62977176218,179165.62977176203,179165.62977176218,,9.272352163935187e-06
1978,193160.33632658742,212476.3699592462,202588.26985484725,1,212439.24672937515,212439.24672937515,212439.24672937515,,4.636176081967593e-06
1979,0.1513660610401351,0.16650266714414863,0.15875406413155696,10,0.1513660610401351,0.1513660610401351,0.1513660610401351,0.0,1.0
1979,0.29496963150855526,0.3244665946594108,0.3093667594676619,2,0.3027321220802702,0.3027321220802702,0.3027321220802702,0.0,0.9999414543900426
1979,0.4318650374916759,0.47505154124084353,0.4529438725366039,7,0.4540981831204053,0.4540981831204054,0.4540981831204054,1.199177923332954e-16,0.9999297452680511
1979,0.5748123649014207,0.6322936013915629,0.60286829434622,3,0.6054642441605405,0.6054642441605405,0.6054642441605405,0.0,0.9998887633410809
1979,0.6955229615307192,0.7650752576837913,0.7294706361589263,5,0.7568303052006756,0.7568303052006756,0.7568303052006756,0.0,0.9998711996580937
1979,0.8415827834521704,0.9257410617973875,0.8826594697523009,5,0.9081963662408107,0.9081963662408108,0.9081963662408108,1.2412670766236366e-16,0.9998419268531149
1979,1.0183151679771263,1.120146684774839,1.0680179584002842,1,1.0595624272809459,1.0595624272809459,1.0595624272809459,,0.9998126540481362
1979,1.120146684774839,1.232161353252323,1.1748197542403127,4,1.210928488321081,1.210928488321081,1.210928488321081,0.0,0.9998067994871405
1979,1.3553774885775556,1.490915237435311,1.4215319026307787,5,1.3622945493612162,1.3622945493612162,1.3622945493612162,0.0,0.9997833812431575
1979,1.490915237435311,1.6400067611788425,1.5636850928938566,18,1.5136606104013515,1.5136606104013512,1.5136606104013512,2.2848201349902134e-16,0.9997541084381788
1979,1.6400067611788425,1.8040074372967267,1.7200536021832427,1,1.6650266714414863,1.6650266714414863,1.6650266714414863,,0.9996487263402554
1979,1.8040074372967267,1.9844081810263996,1.892058962401567,12,1.8668480861616663,1.8655080366963046,1.8163927324816216,0.07452749654839565,0.9996428717792596
1979,1.9844081810263996,2.18284899912904,2.081264858641724,4,2.1191248545618917,2.1191248545618917,2.1191248545618917,0.0,0.9995726170473107
1979,2.18284899912904,2.4011338990419437,2.2893913445058964,9,2.2704909156020268,2.2704909156020268,2.2704909156020268,0.0,0.9995491988033277
1979,2.4011338990419437,2.6412472889461385,2.518330478956486,11,2.4906597316604047,2.489523278948814,2.421856976642162,0.07904834729134136,0.999496507754366
1979,2.6412472889461385,2.9053720178407527,2.770163526852135,3,2.7245890987224324,2.7245890987224324,2.7245890987224324,0.0,0.9994321075834128
1979,2.9053720178407527,3.195909219624828,3.0471798795373486,29,3.037760259495126,3.0375248261511105,3.0273212208027025,0.03903438801409438,0.9994145439004256
1979,3.195909219624828,3.515500141587311,3.351897867491084,2,3.4814194039231077,3.4814194039231077,3.4814194039231077,0.0,0.9992447616315491
1979,3.515500141587311,3.8670501557460426,3.6870876542401927,22,3.7566304239960817,3.7561688438443173,3.784151526003378,0.059754933852444236,0.9992330525095575
1979,3.8670501557460426,4.253755171320647,4.055796419664212,5,4.0263372236675945,4.024545830810803,3.9355175870435133,0.1353859207888498,0.9991042521676512
1979,4.253755171320647,4.679130688452712,4.461376061630634,21,4.526566015866897,4.526343919515604,4.5409818312040535,0.04552979162102399,0.9990749793626725
1979,4.679130688452712,5.1470437572979835,4.9075136677936975,11,4.926277259306215,4.92569959006474,4.99508001432446,0.07904834729134184,0.9989520335817619
1979,5.1470437572979835,5.661748133027783,5.398265034573067,13,5.379316938503264,5.3778288498799816,5.297812136404729,0.13275681768616815,0.9988876334108087
1979,5.661748133027783,6.227922946330562,5.938091538030375,24,6.054642441605405,6.053679795073851,6.054642441605405,0.10933399431929584,0.998811524117864
1979,6.227922946330562,6.850715240963619,6.531900691833414,6,6.634879008925924,6.631727042594584,6.735789716286013,0.2228048090640766,0.9986710146539661
1979,6.850715240963619,7.535786765059981,7.185090761016755,6,7.21511557624644,7.214216630628046,7.265570929926486,0.1235898713077681,0.9986358872879917
1979,7.535786765059981,8.289365441565979,7.90359983711843,42,7.615154451852511,7.613611126460505,7.568303052006756,0.15853600677957883,0.9986007599220172
1979,8.289365441565979,9.118301985722578,8.693959820830274,32,8.935327790775474,8.931837962484652,9.081963662408107,0.2505978134201589,0.998354868360196
1979,9.118301985722578,10.030132184294837,9.563355802913303,13,9.850437510765715,9.847781374192717,9.99016002864892,0.23499581757717158,0.9981675224083322
1979,10.030132184294837,11.033145402724323,10.519691383204636,30,10.575442131337441,10.574450269837747,10.595624272809458,0.14731008804356358,0.9980914131153875
1979,11.033145402724323,12.136459942996755,11.5716605215251,34,11.90449550650945,11.899572293635043,12.10928488321081,0.3433169473587937,0.9979157762855152
1979,12.136459942996755,13.35010593729643,12.72882657367761,23,12.543639667065111,12.539016279825494,12.41201700529108,0.35145961917322455,0.99771672121166
1979,13.35010593729643,14.685116531026075,14.001709231045371,19,14.005343963608293,14.000194664578919,13.92567761569243,0.39202355555436635,0.9975820663087578
1979,14.685116531026075,16.153628184128685,15.40188015414991,257,15.152508375017728,15.152130288156531,15.136606104013511,0.10875874008277094,0.9974708296498387
1979,16.153628184128685,17.768991002541554,16.942068169564905,32,16.905696942420093,16.90032621373578,16.801632775454998,0.43402153842500857,0.9959662074739326
1979,17.768991002541554,19.545890102795713,18.636274986521396,123,18.29191163658998,18.289767745925325,18.163927324816214,0.2841944972677106,0.9957788615220687
1979,19.545890102795713,21.500479113075283,20.499902485173536,52,20.571229872512205,20.5596408186666,20.888516423538647,0.6947851344334481,0.9950587505195922
1979,21.500479113075283,23.650527024382814,22.54989273369089,221,22.674772926672915,22.674189359562646,22.70490915602027,0.16111125576642915,0.9947543133478136
1979,23.650527024382814,26.015579726821098,24.80488200705998,65,24.628422485545677,24.621966329857813,24.21856976642162,0.571847199120838,0.9934604553677543
1979,26.015579726821098,28.617137699503207,27.285370207765983,60,27.25598205796033,27.253106667731245,27.245890987224325,0.399862353533425,0.9930799089030309
1979,28.617137699503207,31.478851469453534,30.013907228542582,790,30.276277849769606,30.275284132294427,30.273212208027022,0.2440868550206881,0.9927286352432863
1979,31.478851469453534,34.62673661639889,33.015297951396846,56,33.03023689125806,33.019099658477224,33.30053342882973,0.8624191768134541,0.9881035320566487
1979,34.62673661639889,38.089410278038784,36.31682774653653,361,37.32410329514866,37.31394264059277,37.84151526003378,0.8622493459708043,0.9877756766408871
1979,38.089410278038784,41.89835130584267,39.948510521190194,75,39.96871297118447,39.958757578112916,39.35517587043513,0.9006283496715752,0.9856621801214236
1979,41.89835130584267,46.08818643642693,43.94336157330921,1162,45.2557167197768,45.2510722919229,45.40981831204054,0.6360568038379666,0.9852230880467429
1979,46.08818643642693,50.69700508006963,48.33769773064014,109,48.79403015382778,48.78293151604959,48.43713953284324,1.0451533386945646,0.9784200881696886
1979,50.69700508006963,55.7667055880766,53.17146750370415,288,53.19045431078415,53.18305586668219,52.97812136404729,0.8895131753741963,0.9777819410211526
1979,55.7667055880766,61.34337614688426,58.48861425407457,1331,60.40677188190132,60.40301044866289,60.546424416054045,0.6623045276132812,0.9760958274543783
1979,61.34337614688426,67.4777137615727,64.33747567948204,100,64.27457049947259,64.25905760554632,63.573745636856756,1.4224887837007274,0.9683034067690435
1979,67.4777137615727,74.22548513772996,70.77122324743024,285,70.08832846042971,70.05697063425052,69.62838807846215,2.107186289108863,0.9677179506694691
1979,74.22548513772996,81.64803365150297,77.84834557217327,2108,75.81213686624885,75.80891307294004,75.68303052006756,0.7117779272846482,0.9660494007856821
1979,81.64803365150297,89.81283701665329,85.63318012939061,221,84.40404434461074,84.37920181852569,83.25133357207432,2.064567388425249,0.9537079862066543
1979,89.81283701665329,98.79412071831861,94.19649814232967,1992,91.4564834903348,91.43677098513875,90.81963662408108,1.9377110688417853,0.9524141282265949
1979,98.79412071831861,108.67353279015047,103.61614795656264,989,105.55953814749193,105.55023566892174,105.95624272809458,1.3833155369859633,0.9407518427230734
1979,108.67353279015047,119.54088606916554,113.97776275221892,440,112.7976446733336,112.76164315639426,113.52454578010135,2.8582506465205024,0.9349616818982829
1979,119.54088606916554,131.4949746760821,125.37553902744082,2684,121.7411174132021,121.72526062270926,121.09284883210809,1.9972421111454772,0.9323856750601556
1979,131.4949746760821,144.64447214369034,137.91309293018492,919,137.2919820958277,137.26570311708443,136.2294549361216,2.710222779478585,0.9166720333475794
1979,144.64447214369034,159.10891935805938,151.70440222320343,5290,151.29003464614954,151.27724969877855,151.36606104013512,1.9758188773047878,0.9112916917924909
1979,159.10891935805938,175.01981129386533,166.8748424455238,6545,170.03614537212087,170.00750816646803,171.64911321951323,3.0919025196620384,0.8803210641250065
1979,175.01981129386533,192.52179242325187,183.56232669007616,3991,182.33121071185957,182.309991105964,181.63927324816217,2.8059915707666767,0.8420029624078639
1979,192.52179242325187,211.77397166557708,201.91855935908382,1761,199.97510978483544,199.92612303468428,196.77587935217565,4.449461479472922,0.8186374094738506
1979,211.77397166557708,232.95136883213482,222.11041529499224,5739,224.03625020828153,223.9573365956951,227.0490915602027,5.874530593156302,0.8083275275603459
1979,232.95136883213482,256.2465057153483,244.32145682449146,3580,245.08693687551565,245.04598166131225,242.18569766421618,4.483168940958708,0.7747282020057726
1979,256.2465057153483,281.87115628688315,268.75360250694064,4413,269.1700508731874,269.0936396571056,272.4589098722432,6.365968639550148,0.7537688736410101
1979,281.87115628688315,310.05827191557154,295.6289627576347,8665,301.66576433876605,301.6244054839372,302.73212208027024,4.940765752069169,0.7279326959667929
1979,310.05827191557154,341.0640991071287,325.19185903339826,4320,325.19989107399437,325.10704477866756,323.0151742596484,7.785010651001356,0.6772029249386735
1979,341.0640991071287,375.17050901784154,357.71104493673806,8381,350.54315407963566,350.4198584323553,343.29822643902645,9.361049952772468,0.6519112214370606
1979,375.17050901784154,412.68755991962576,393.4821494304119,7002,386.59940440658863,386.4428642138281,378.4151526003378,11.099797945832455,0.6028441457317323
1979,412.68755991962576,453.9563159115883,432.8303643734531,3703,429.4887103991561,429.3893933771758,423.8249709123783,9.28297413728737,0.5618505096395346
1979,453.9563159115883,499.35194750274724,476.1134008107984,10649,461.6243129070251,461.45353582174266,454.0981831204054,12.706012625192546,0.5401710702722956
1979,499.35194750274724,549.287142253022,523.7247408918784,5868,527.6190366461911,527.4556922751459,529.781213640473,13.05122209967003,0.4778258502286206
1979,549.287142253022,604.2158564783242,576.0972149810661,2701,574.149962972157,574.0030240104834,575.1910319525134,13.001276455390178,0.4434712863055964
1979,604.2158564783242,664.6374421261568,633.7069364791729,8170,614.4995011106007,614.3052416530576,605.4642441605405,15.642024497107814,0.4276581170560925
1979,664.6374421261568,731.1011863387725,697.0776301270903,4704,695.0306380169069,694.740857665926,681.147274680608,20.167455242399754,0.37982635372086626
1979,731.1011863387725,804.2113049726497,766.7853931397993,6923,761.856082593261,761.73355613725,756.8303052006756,13.789133185832915,0.3522864987968877
1979,804.2113049726497,884.6324354699149,843.4639324537793,2759,843.1954783981414,842.9463074578167,832.5133357207432,20.568874260912754,0.3117553730233538
1979,884.6324354699149,973.0956790169065,927.8103256991574,6158,915.2559043153233,915.0975999445589,908.1963662408108,17.215701561577358,0.29560263923609686
1979,973.0956790169065,1070.4052469185972,1020.5913582690732,4690,1033.7913710253529,1033.296813958846,1059.562427280946,31.765199928016216,0.259550252624307
1979,1070.4052469185972,1177.4457716104569,1122.6504940959805,2171,1120.7042759997553,1120.3793520686115,1133.580431129572,26.972274506664693,0.23209236155426885
1979,1177.4457716104569,1295.1903487715028,1234.9155435055789,4954,1223.226476634446,1222.9030413107796,1210.928488321081,28.392491289244646,0.2193821096325092
1979,1295.1903487715028,1424.709383648653,1358.4070978561367,2518,1359.5916011608158,1359.310094913722,1362.294549361216,27.637408602925166,0.19037861445959475
1979,1424.709383648653,1567.1803220135184,1494.2478076417503,4661,1506.057656504648,1505.8259593586715,1513.6606104013513,26.19956141425147,0.17563682987231202
1979,1567.1803220135184,1723.8983542148706,1643.6725884059256,1793,1645.7087995052045,1645.2333618869304,1665.0266714414863,39.44906386647457,0.1483487210711505
1979,1723.8983542148706,1896.2881896363576,1808.0398472465183,2940,1814.6889890489888,1814.3279968888125,1816.3927324816216,36.15363476954836,0.13785149320578197
1979,1896.2881896363576,2085.9170085999936,1988.8438319711702,1474,1980.8947798149259,1980.4804716529554,1967.7587935217564,40.68512883622414,0.12063908387829539
1979,2085.9170085999936,2294.5087094599935,2187.7282151682875,3368,2228.172371570426,2227.207061615002,2270.4909156020267,64.9393058823337,0.11200946097056912
1979,2294.5087094599935,2523.959580405993,2406.501036685117,1199,2413.5554508357586,2412.9589152404947,2421.856976642162,53.5694754669163,0.09229129953690422
1979,2523.959580405993,2776.355538446592,2647.1511403536283,1639,2662.7132573151202,2661.72190462328,2709.4524926184185,72.42023583173605,0.08527168090300749
1979,2776.355538446592,3053.991092291252,2911.8662543889914,2389,2988.4595527805063,2987.5788287398177,3027.3212208027026,71.66631081733325,0.0756760554309835
1979,3053.991092291252,3359.3902015203776,3203.052879827891,1079,3239.1979339275063,3238.020279672334,3254.370312362905,87.11489874124348,0.06168950921215173
1979,3359.3902015203776,3695.3292216724153,3523.3581678106802,754,3531.881917713025,3530.737874109748,3511.692616131135,89.90091867816845,0.05537243789774424
1979,3695.3292216724153,4064.862143839657,3875.6939845917486,1271,3824.092992289628,3823.338675187697,3784.151526003378,76.59882997957179,0.050958098906953464
1979,4064.862143839657,4471.348358223623,4263.263383050924,645,4227.539562931924,4226.014675674045,4238.249709123784,113.87978276982228,0.043516951881363175
1979,4471.348358223623,4918.483194045986,4689.5897213560165,1446,4604.503446620718,4603.13007714957,4540.981831204053,113.78192733948217,0.039740760039108466
1979,4918.483194045986,5410.331513450585,5158.548693491619,756,5193.191559011554,5191.364688392239,5297.812136404729,137.0379935508907,0.031275064839263025
1979,5410.331513450585,5951.364664795644,5674.403562840781,433,5667.190070968094,5664.956606530049,5676.227289005067,159.27590824081167,0.026849016726480764
1979,5951.364664795644,6546.501131275209,6241.84391912486,926,6149.960723333035,6148.120751467933,6054.642441605405,152.01194742154004,0.02431399181532373
1979,6546.501131275209,7201.15124440273,6866.028311037347,426,6855.4026598499695,6853.80022081494,6811.47274680608,148.78853958526918,0.01889266833326503
1979,7201.15124440273,7921.266368843004,7552.631142141082,694,7565.696676748213,7564.301390794908,7568.303052006756,145.36645774040807,0.0163986253490782
1979,7921.266368843004,8713.393005727305,8307.89425635519,280,8307.067277229216,8304.522342153707,8325.13335720743,205.90023502850175,0.012335560018032049
1979,8713.393005727305,9584.732306300037,9138.68368199071,443,9112.670471752612,9110.897546449403,9081.963662408107,180.43204766528586,0.010696282939223803
1979,9584.732306300037,10543.205536930041,10052.552050189783,200,10000.714027254942,9997.667079659568,9990.16002864892,248.35295507404516,0.008102712418109328
1979,10543.205536930041,11597.526090623045,11057.807255208761,278,10889.647946039815,10884.76756386203,10746.990333849595,328.41290995684,0.0069318002189605816
1979,11597.526090623045,12757.278699685352,12163.587980729637,246,12126.320948788123,12124.050467999328,12109.28488321081,235.28430111001796,0.005304232262143823
1979,12757.278699685352,14033.00656965389,13379.946778802603,133,13404.95674199136,13400.092051670197,13622.94549361216,361.1787922711679,0.0038640102571908647
1979,14033.00656965389,15436.307226619278,14717.941456682865,156,14925.647418800927,14921.474251068032,15136.606104013512,351.0004105751919,0.003085353644756948
1979,15436.307226619278,16979.937949281208,16189.735602351153,78,16173.549008121583,16166.305872083076,16196.168531294457,486.5809740874073,0.0021720421294209253
1979,16979.937949281208,18677.93174420933,17808.70916258627,69,17957.040631328757,17952.34448890596,18163.927324816214,411.61633071734377,0.0017153863717529142
1979,18677.93174420933,20545.724918630265,19589.580078844898,47,19703.82257209486,19697.42180984903,19677.587935217565,506.86505925696326,0.0013114216630465965
1979,20545.724918630265,22600.29741049329,21548.53808672939,30,21199.79063699695,21196.69433447032,21191.248545618917,369.59518579616235,0.001036257296246641
1979,22600.29741049329,24860.327151542624,23703.39189540233,49,23082.7064879633,23075.617754766456,22704.90915602027,583.6838282459823,0.0008606204663743289
1979,24860.327151542624,27346.35986669689,26073.731084942567,23,26514.99034639313,26501.515996723996,26791.79280410392,856.8488748702794,0.0005737469775828859
1979,27346.35986669689,30080.995853366578,28681.104193436822,11,28437.967520670405,28430.991708316236,28305.45341450527,662.5309484114833,0.00043909207468078004
1979,30080.995853366578,33089.09543870324,31549.214612780506,17,30271.43143083832,30271.37711788189,30273.212208027024,59.08182894045974,0.00037469190372759896
1979,33089.09543870324,36398.00498257357,34704.136074058566,9,34196.40187032138,34183.814847282425,33908.57089602795,993.2011437421341,0.00027516436679995553
1979,36398.00498257357,40037.805480830924,38174.54968146442,7,38126.21319712727,38113.76469618816,37841.51526003378,1053.4109852344338,0.0002224733178382619
1979,40037.805480830924,44041.586028914026,41992.00464961087,7,42178.84486796984,42155.03390651678,42382.497091237834,1528.389370088441,0.00018149139086805576
1979,44041.586028914026,48445.74463180543,46191.20511457196,6,46292.78700144133,46277.48307793737,46166.64861724121,1303.565595682897,0.0001405094638978496
1979,48445.74463180543,53290.31909498598,50810.32562602916,3,52641.73552106243,52639.57673689512,52978.12136404729,582.6373709966684,0.00010538209792338721
1979,53290.31909498598,58619.351004484575,55891.358188632075,1,56754.70458699867,56754.70458699862,56754.70458699867,,8.781841493615601e-05
1979,58619.351004484575,64481.286104933046,61480.49400749529,4,61360.016994144775,61350.48020977722,60849.156538134324,1256.3914963920731,8.196385394041228e-05
1979,64481.286104933046,70929.41471542635,67628.54340824483,4,66903.79897973972,66892.7506679491,66979.48201025979,1403.71110325213,5.8545609957437345e-05
1979,70929.41471542635,78022.356186969,74391.39774906932,2,75683.03052006756,75683.03052006756,75683.03052006756,0.0,3.51273659744624e-05
1979,125655.78486267549,138221.36334894306,131788.89898773906,2,135783.83325241946,135783.10201949242,135783.83325241946,630.2042287791337,2.3418243982974935e-05
1979,152043.49968383738,167247.8496522211,159464.56777516427,2,155150.06120007747,155148.2159980283,155150.06120007747,1070.1056180933513,1.1709121991487468e-05
1981,0.0030072432533670675,0.0033079675787037743,0.0031540233327313734,22,0.0030072432533670684,0.0030072432533670653,0.0030072432533670675,8.877730420921836e-19,1.0
1981,0.0033079675787037743,0.0036387643365741523,0.003469425666004511,20,0.0033079675787037743,0.0033079675787037748,0.0033079675787037743,0.0,0.9999534093748809
1981,0.004402904847254725,0.0048431953319801975,0.004617805561452005,7,0.00472566796957682,0.004725667969576825,0.00472566796957682,0.0,0.9999110542611362
1981,0.005327514865178218,0.005860266351696041,0.005587544729356928,24,0.005513279297839623,0.005513279297839623,0.005513279297839623,0.0,0.9998962299713255
1981,0.006446292986865646,0.007090922285552211,0.006760929122521884,30,0.006615935157407549,0.006615935157407556,0.006615935157407549,0.0,0.999845403834832
1981,0.007800014514107432,0.008580015965518176,0.00818072423825148,12,0.008269918946759436,0.008269918946759445,0.008269918946759436,0.0,0.999781871164215
1981,0.010381819318276994,0.011420001250104695,0.010888543961112723,15,0.011026558595679246,0.011026558595679248,0.011026558595679246,0.0,0.9997564580959682
1981,0.012562001375115166,0.013818201512626683,0.013175138192946396,5,0.013231870314815097,0.0132318703148151,0.013231870314815097,0.0,0.9997246917606597
1981,0.015200021663889353,0.016720023830278288,0.01594191721346514,12,0.01653983789351887,0.01653983789351889,0.01653983789351887,0.0,0.9997141029822235
1981,0.03258259635047082,0.0358408559855179,0.034172915348730286,1,0.03307967578703774,0.033079675787037736,0.03307967578703774,,0.9996886899139767
1981,0.047704179316724334,0.05247459724839677,0.050032565362076016,4,0.049619513680556615,0.04961951368055662,0.049619513680556615,0.0,0.9996865721582895
1981,0.09296194997596709,0.1022581449735638,0.09749931567794529,4,0.09923902736111323,0.09923902736111324,0.09923902736111323,0.0,0.9996781011355406
1981,0.1124839594709202,0.12373235541801222,0.11797417197031382,2,0.1157788652546321,0.11577886525463209,0.1157788652546321,0.0,0.9996696301127916
1981,0.21919941529668927,0.2411193568263582,0.22989828627689138,3,0.2315577305092642,0.23155773050926415,0.2315577305092642,0.0,0.9996653946014172
1981,0.2411193568263582,0.265231292508994,0.2528881149045805,4,0.2480975684027831,0.24809756840278313,0.2480975684027831,0.0,0.9996590413343555
1981,0.265231292508994,0.29175442175989347,0.2781769263950386,2,0.2811772441898208,0.2811772441898208,0.2811772441898208,0.0,0.9996505703116065
1981,0.32092986393588285,0.3530228503294711,0.33659408093799675,1,0.3307967578703774,0.3307967578703774,0.3307967578703774,,0.9996463348002321
1981,0.516860755167379,0.5685468306841168,0.5420881332914534,3,0.5513279297839624,0.5513279297839624,0.5513279297839624,0.0,0.9996442170445449
1981,0.6254015137525285,0.6879416651277814,0.6559266412826587,6,0.6615935157407548,0.6615935157407548,0.6615935157407548,0.0,0.9996378637774832
1981,0.6879416651277814,0.7567358316405597,0.7215193054109246,6,0.7442927052083492,0.7442927052083492,0.7442927052083492,0.0,0.9996251572433598
1981,0.8324094148046157,0.9156503562850773,0.8730383595472189,1,0.8931512462500191,0.8931512462500191,0.8931512462500191,,0.9996124507092364
1981,0.9156503562850773,1.0072153919135851,0.9603421955019409,3,0.9262309220370568,0.9262309220370568,0.9262309220370568,0.0,0.9996103329535492
1981,1.0072153919135851,1.1079369311049438,1.056376415052135,7,1.1010806369113995,1.1010806369113992,1.1010806369113992,2.398355846665908e-16,0.9996039796864874
1981,1.2187306242154383,1.3406036866369822,1.2782154622130837,2,1.2404878420139154,1.2404878420139154,1.2404878420139154,0.0,0.9995891553966768
1981,1.4746640553006805,1.6221304608307487,1.5466407092778314,2,1.4885854104166985,1.4885854104166985,1.4885854104166985,0.0,0.9995849198853024
1981,1.6221304608307487,1.7843435069138238,1.701304780205615,8,1.6539837893518872,1.6539837893518872,1.6539837893518872,0.0,0.9995806843739279
1981,1.9627778576052062,2.159055643365727,2.058578784048794,9,2.0582909378601264,2.0581233445987603,2.067479736689859,0.027566396489198043,0.99956374232843
1981,2.159055643365727,2.3749612077022997,2.2644366624536736,11,2.3155773050926416,2.3147245665134424,2.36283398478841,0.06556598217480404,0.9995446825272449
1981,2.3749612077022997,2.61245732847253,2.490880328699041,19,2.524501573221302,2.524327307879618,2.5445904451567496,0.030380306362106983,0.9995213872146854
1981,2.61245732847253,2.8737030613197834,2.7399683615689456,13,2.671819967414587,2.671421920627874,2.646374062963019,0.0483546582084967,0.999481149856628
1981,3.161073367451762,3.4771807041969387,3.315361717498425,43,3.307967578703774,3.307967578703775,3.3079675787037743,4.493448863974848e-16,0.9994536190326939
1981,3.4771807041969387,3.8248987746166323,3.6468978892482675,26,3.626041384348368,3.6258502904853374,3.608691904040481,0.03801862725168938,0.9993625555381429
1981,3.8248987746166323,4.207388652078296,4.011587678173095,43,4.135728768165464,4.1357284552695495,4.134959473379718,0.001628138702664751,0.9993074938902748
1981,4.207388652078296,4.628127517286127,4.412746445990405,26,4.453033279024312,4.452758516157716,4.410623438271699,0.050504793332844564,0.9992164303957238
1981,4.628127517286127,5.090940269014739,4.854021090589446,66,4.848344400706239,4.846927172228805,4.9619513680556615,0.11805733901849147,0.9991613687478558
1981,5.090940269014739,5.600034295916213,5.33942319964839,85,5.413002476728329,5.411687924211894,5.513279297839623,0.11946944026462071,0.9990215968724984
1981,5.600034295916213,6.160037725507836,5.8733655196132295,65,5.872405829332746,5.869688582498739,5.864124344065782,0.18010118809383568,0.9988415876390836
1981,6.160037725507836,6.77604149805862,6.460702071574554,88,6.597515792480677,6.596929952998454,6.615935157407549,0.08671806258785189,0.9987039335194134
1981,6.77604149805862,7.453645647864481,7.106772278732009,115,7.246462542843953,7.244845201332001,7.351039063786166,0.15313102496684072,0.998517571018937
1981,7.453645647864481,8.199010212650931,7.81744950660521,85,7.906431685758337,7.904580889424028,7.939122188889059,0.1704736182887819,0.9982740291149051
1981,8.199010212650931,9.018911233916024,8.599194457265732,266,8.344534756805382,8.34219945987966,8.269918946759436,0.20154484297187297,0.9980940198814904
1981,9.018911233916024,9.920802357307629,9.459113902992307,135,9.451966028216251,9.450251134997266,9.45133593915364,0.18111729889918865,0.9975306968686865
1981,9.920802357307629,10.912882593038391,10.405025293291539,272,10.239375820639175,10.233926385473552,10.235796822103394,0.33600213714837646,0.99724479985091
1981,10.912882593038391,12.00417085234223,11.445527822620692,416,11.334003434985217,11.328933896495766,11.247089767592833,0.3410091440078113,0.9966687703039826
1981,12.00417085234223,13.204587937576456,12.590080604882761,415,12.398262484981743,12.39547025064674,12.404878420139154,0.26462496908897576,0.9957877839380938
1981,13.204587937576456,14.525046731334104,13.84908866537104,689,13.694553675569352,13.686994236205404,13.525911877366545,0.4571123146216985,0.9949089153278922
1981,14.525046731334104,15.977551404467514,15.233997531908146,717,15.082117619924388,15.07870752126295,14.996119690123775,0.3228951925053872,0.9934497816593887
1981,15.977551404467514,17.575306544914266,16.75739728509896,1669,16.6646447949155,16.662804044895882,16.53983789351887,0.25010726694266455,0.9919313508316426
1981,17.575306544914266,19.332837199405695,18.433137013608857,1292,18.778937650952162,18.772114809700273,18.90267187830728,0.5026991219716402,0.988396816589651
1981,19.332837199405695,21.266120919346267,20.276450714969748,1509,20.30927681416627,20.30217455333876,20.198450035565248,0.5386818940693106,0.985660676241746
1981,21.266120919346267,23.392733011280896,22.304095786466725,2145,22.405812848817494,22.400398389371592,22.420669144547805,0.49403357843587076,0.9824649829097116
1981,23.392733011280896,25.732006312408988,24.5345053651134,2691,24.52550027286862,24.517459671330695,24.809756840278308,0.6275299522633783,0.977922396960597
1981,25.732006312408988,28.305206943649885,26.98795590162474,3329,27.04158662132975,27.034843292845338,26.9930154422228,0.6043550195192682,0.9722235164062533
1981,28.305206943649885,31.135727638014878,29.686751491787213,3691,29.463397743216145,29.452949271404147,29.404156255144663,0.7854740351459686,0.965173507723455
1981,31.135727638014878,34.24930040181637,32.65542664096594,5732,33.020597517492746,33.014777759257356,33.07967578703774,0.6156859593363577,0.9573568714818783
1981,34.24930040181637,37.674230441998006,35.920969305062535,4069,36.01397879503628,36.00175996574044,36.086919040404815,0.9372661114394467,0.9452178958826594
1981,37.674230441998006,41.441653486197815,39.51306623556879,7269,39.71695717261401,39.69815882555099,39.69561094444529,1.2210450608281302,0.9366007479913088
1981,41.441653486197815,45.5858188348176,43.46437285912568,6358,43.964835727518036,43.95269031979468,44.106234382716984,1.028660486519982,0.9212067819008128
1981,45.5858188348176,50.144400718299366,47.81081014503825,9309,48.119034653762306,48.09939108393435,47.965529891204724,1.3737529526014256,0.907742091241386
1981,50.144400718299366,55.158840790129304,52.59189115954208,9448,53.35973799506423,53.336934912390156,53.295033212449695,1.5548111183771605,0.888027903548935
1981,55.158840790129304,60.67472486914224,57.85108027549629,9167,57.99622637694399,57.97583386719482,57.889432627316054,1.5391328292191897,0.8680193478159586
1981,60.67472486914224,66.74219735605648,63.63618830304593,13820,64.88786955456753,64.8624967403155,66.15935157407549,1.7990208195608213,0.8486058814310946
1981,66.74219735605648,73.41641709166213,69.99980713335053,11207,70.15041756643461,70.12944580571758,70.04621347905241,1.7131367108137574,0.819338497833536
1981,73.41641709166213,80.75805880082835,76.99978784668559,12507,77.14309139997589,77.1121262977668,77.18591016975473,2.1825817393563445,0.7956048098467169
1981,80.75805880082835,88.83386468091118,84.69976663135415,15646,84.53790767017843,84.50626818700357,83.85697812014068,2.321068713550593,0.769118039466495
1981,88.83386468091118,97.71725114900231,93.16974329448956,12686,93.1642962609185,93.13744643691074,93.28468571944643,2.2363205184479633,0.7359836339840491
1981,97.71725114900231,107.48897626390254,102.48671762393853,17407,101.6263144537632,101.5890298817001,100.34168322068116,2.7672457466611267,0.7091177853358125
1981,107.48897626390254,118.2378738902928,112.73538938633239,16618,112.41615195851365,112.37229540652204,111.64390578125239,3.1473076642680975,0.6722540120881495
1981,118.2378738902928,130.06166127932212,124.00892832496565,14914,123.68015484970115,123.64024204006391,124.04878420139154,3.145754159221505,0.6370611480777132
1981,130.06166127932212,143.06782740725433,136.40982115746223,21447,135.82870344981905,135.77814915405085,134.965077211114,3.7164936558024637,0.6054769397583217
1981,143.06782740725433,157.37461014797975,150.05080327320846,16022,149.83485517114454,149.7759478656344,148.85854104166984,4.205316284595363,0.5600574335342378
1981,157.37461014797975,173.11207116277777,165.0558836005293,19751,165.26188132301274,165.22552110007425,165.39837893518873,3.4635002748262864,0.5261267519133923
1981,173.11207116277777,190.42327827905555,181.56147196058225,16071,181.8967113012085,181.8249201671667,181.9382168287076,5.109321865151541,0.4842989593348553
1981,190.42327827905555,209.46560610696113,199.7176191566405,16872,199.9348989222963,199.8743432257771,198.47805472222646,4.923255428532859,0.4502645076853354
1981,209.46560610696113,230.41216671765724,219.68938107230457,14915,219.0837766517138,219.01298162707647,220.53117191358496,5.569948295769204,0.4145337337303419
1981,230.41216671765724,253.45338338942304,241.65831917953506,17286,241.5788778586214,241.48054974505658,242.58428910494345,6.881414536240917,0.38294740765526325
1981,253.45338338942304,278.79872172836536,265.8241510974886,15141,266.4101147539113,266.3114799992036,264.63740629630195,7.244454197338244,0.3463398828457554
1981,278.79872172836536,306.6785939012019,292.40656620723746,12516,292.24979754815035,292.14858431595934,291.8068466760556,7.693906221566823,0.3142749439853621
1981,306.6785939012019,337.3464532913221,321.64722282796123,14925,323.9872009837445,323.8715821416349,328.72376485438974,8.611169538962004,0.28776911380395515
1981,337.3464532913221,371.0810986204543,353.8119451107574,10340,353.4855493234392,353.35308537788285,352.8498750617359,9.68116181498574,0.2561616101720041
1981,371.0810986204543,408.1892084824998,389.19313962183315,10970,388.73981603090357,388.5921793545391,388.6861904976935,10.71149373601634,0.23426401636601596
1981,408.1892084824998,449.0081293307498,428.11245358401646,11090,427.7316975138104,427.5581764178007,430.0357852314907,12.191509452254643,0.21103223647707106
1981,449.0081293307498,493.9089422638249,470.9236989424182,8122,469.34050000933786,469.1826365150979,467.84112898810525,12.196403329662424,0.18754632590565823
1981,493.9089422638249,543.2998364902074,518.0160688366601,9696,514.111948541599,513.8747732242507,512.734974699085,15.647420992527085,0.17034591421395262
1981,543.2998364902074,597.6298201392282,569.8176757203261,8257,569.504573024121,569.2853533047729,568.9704235370491,15.820980784123073,0.14981215507054244
1981,597.6298201392282,657.392802153151,626.7994432923588,5377,625.5812250395776,625.3749634506718,624.3788804803374,16.088284807354626,0.1323258463610604
1981,657.392802153151,723.1320823684662,689.4793876215947,7430,682.243465205196,681.9274123005587,678.1333536342738,20.860379147645574,0.12093867403080912
1981,723.1320823684662,795.4452906053128,758.4273263837541,5980,760.5481307639035,760.2273367142959,760.8325431018682,22.083533770977983,0.10520374927466868
1981,795.4452906053128,874.9898196658443,834.2700590221297,5578,834.3798980204105,834.1346706346626,826.9918946759436,20.268275263323478,0.09253957026501594
1981,874.9898196658443,962.4888016324287,917.6970649243427,4495,914.6372641861108,914.2882071549017,909.691084143538,25.310540902337625,0.08072672904163083
1981,962.4888016324287,1058.7376817956717,1009.4667714167771,4437,1008.5872816539245,1008.2256437900656,993.7134606426138,27.112613842129292,0.07120741722751897
1981,1058.7376817956717,1164.6114499752389,1110.413448558455,4047,1115.996992047583,1115.5834522281807,1113.13109023382,30.38039654569505,0.0618109352432666
1981,1164.6114499752389,1281.072594972763,1221.4547934143004,3215,1221.7295068485348,1221.3194877832236,1223.9480041203965,31.647327951062742,0.053240377977035055
1981,1281.072594972763,1409.1798544700393,1343.6002727557307,3391,1341.67542948661,1341.1856324011492,1323.1870314815098,36.36248259766813,0.04643179344258129
1981,1409.1798544700393,1550.0978399170435,1477.9603000313039,2818,1481.7148388119563,1481.1787966967074,1488.5854104166986,39.830581125591955,0.03925048390717453
1981,1550.0978399170435,1705.1076239087479,1625.7563300344345,2813,1630.481925799835,1629.9691075813682,1653.9837893518873,40.785648177423376,0.03328264838055223
1981,1705.1076239087479,1875.618386299623,1788.331963037878,2034,1793.7896150413771,1793.1190067598716,1794.5724114467976,49.03197461431577,0.027325401632366082
1981,1875.618386299623,2063.180224929585,1967.165159341666,1902,1968.4949315069425,1967.9000343448945,1984.7805472222647,48.39110660169247,0.02301788656453437
1981,2063.180224929585,2269.498247422544,2163.8816752758325,1717,2162.4373390538935,2161.627857493127,2168.5877657329397,59.121881929254364,0.0189899152474174
1981,2269.498247422544,2496.4480721647988,2380.269842803416,1569,2383.633647515258,2382.6391133192296,2381.7366566667174,68.94827002941656,0.015353728732438511
1981,2496.4480721647988,2746.0928793812786,2618.296827083758,1073,2620.2940872376334,2619.387841930257,2638.655471946044,68.88711296933876,0.012030970059170094
1981,2746.0928793812786,3020.7021673194067,2880.1265097921337,926,2888.6862651003075,2887.5960668700654,2893.1153646585344,79.35797354783524,0.009758618206769194
1981,3020.7021673194067,3322.7723840513477,3168.1391607713476,871,3197.0015973918657,3195.517785570131,3196.3236729225223,97.24432076399458,0.007797576440391531
1981,3322.7723840513477,3655.0496224564827,3484.9530768484824,647,3494.7828790409294,3493.5325345451047,3489.905795532482,93.57519595363117,0.005953011236811676
1981,3655.0496224564827,4020.5545847021313,3833.448384533331,478,3830.127631237144,3828.7386120522197,3814.599353220151,103.30616064427271,0.004582823307171992
1981,4020.5545847021313,4422.610043172344,4216.793222986665,439,4223.799182171795,4222.234634795136,4212.145383549473,115.33986411612803,0.003570536088674666
1981,4422.610043172344,4864.87104748958,4638.472545285331,241,4677.129045566254,4675.475842817484,4680.774123865841,124.11657216417525,0.002640841341979424
1981,4864.87104748958,5351.358152238538,5102.319799813865,227,5066.372319342543,5064.760781214112,5019.840800682978,128.7760025669447,0.0021304622213562953
1981,5351.358152238538,5886.493967462393,5612.5517797952525,176,5640.592444592546,5638.798163517337,5629.058163094256,142.56762063817663,0.0016497316803544275
1981,5886.493967462393,6475.143364208631,6173.806957774777,119,6141.958906812902,6139.795741127384,6143.3683604498665,163.95121000310144,0.0012770066794014375
1981,6475.143364208631,7122.6577006294965,6791.187653552255,150,6746.393955784574,6743.940392474402,6690.033631170513,183.48946968199192,0.0010249937526207226
1981,7122.6577006294965,7834.923470692447,7470.306418907483,66,7445.280219929253,7441.932115394359,7398.8208177007755,225.4748444757592,0.000707330399535788
1981,7834.923470692447,8618.415817761692,8217.33706079823,72,8220.029741833227,8216.576238979344,8269.918946759437,240.1425803313389,0.0005675585241784167
1981,8618.415817761692,9480.257399537863,9039.070766878056,45,8999.723489076967,8996.766452301857,8865.353110926115,234.1981175357728,0.00041508011469764804
1981,9480.257399537863,10428.283139491648,9942.97784356586,63,9922.958652665844,9919.52252839269,9923.902736111324,263.7885077705238,0.0003197811087721676
1981,10428.283139491648,11471.111453440815,10937.275627922449,28,10915.33724337561,10911.007972861817,11007.262118136809,312.9203617170368,0.00018636250047649502
1981,11471.111453440815,12618.222598784896,12031.003190714695,9,12018.85698130208,12009.832742945528,12074.081662268776,495.068766523609,0.00012706534123397387
1981,12618.222598784896,13880.044858663388,13234.103509786164,10,13286.742881010636,13280.871417942804,13231.870314815098,418.42178983210886,0.0001080055400488778
1981,13880.044858663388,15268.049344529727,14557.513860764782,6,14439.278481041974,14438.511148585949,14439.278481041976,163.06636161166236,8.682798317654881e-05
1981,15268.049344529727,16794.854278982704,16013.265246841263,11,16135.062951615668,16127.540525502576,16539.837893518874,515.2859497134411,7.412144905315144e-05
1981,16794.854278982704,18474.339706880975,17614.591771525393,12,17359.95886386988,17356.94922099663,17300.008843105,339.2657280727529,5.0826136493589554e-05
1981,18474.339706880975,20321.773677569076,19376.050948677934,2,18830.605441771233,18830.605441771248,18830.605441771233,0.0,2.5413068246794777e-05
1981,20321.773677569076,22353.951045325983,21313.656043545725,3,20958.73125073733,20956.56682001559,21170.992503704158,367.64727461677245,2.117755687232898e-05
1981,22353.951045325983,24589.346149858582,23445.0216479003,4,22907.675482523635,22907.229792670314,22824.976293056043,165.39837893518964,1.4824289810630286e-05
1981,24589.346149858582,27048.280764844443,25789.52381269033,2,25554.049545486658,25554.04954548667,25554.049545486658,0.0,6.353267061698694e-06
1981,27048.280764844443,29753.10884132889,28368.476193959366,1,27456.130903241326,27456.13090324132,27456.130903241326,,2.1177556872328982e-06
1982,0.016422459102401747,0.018064705012641923,0.017224020415311396,8,0.016422459102401747,0.01642245910240175,0.016422459102401747,0.0,1.0
1982,0.03200272687690096,0.03520299956459105,0.033564743114066445,20,0.032844918204803494,0.03284491820480349,0.032844918204803494,0.0,0.9999613236964877
1982,0.046855192420470704,0.05154071166251778,0.049142140393304695,5,0.04926737730720524,0.04926737730720525,0.04926737730720524,0.0,0.999864632937707
1982,0.06236426111164652,0.06860068722281118,0.06540818886348856,2,0.06568983640960699,0.06568983640960699,0.06568983640960699,0.0,0.9998404602480118
1982,0.0754607559450923,0.08300683153960155,0.07914390852482119,24,0.08211229551200874,0.08211229551200873,0.08211229551200874,0.0,0.9998307911721337
1982,0.0913075146935617,0.10043826616291787,0.09576412931503364,3,0.09853475461441048,0.0985347546144105,0.09853475461441048,0.0,0.9997147622615968
1982,0.11048209277920967,0.12153030205713065,0.11587459647119072,10,0.11495721371681225,0.11495721371681228,0.11495721371681224,1.4628472785736255e-17,0.9997002586477798
1982,0.12153030205713065,0.13368333226284373,0.12746205611830982,5,0.13137967281921398,0.13137967281921398,0.13137967281921398,0.0,0.9996519132683894
1982,0.14705166548912812,0.16175683203804092,0.15422908790315487,4,0.14780213192161573,0.14780213192161573,0.14780213192161573,0.0,0.9996277405786942
1982,0.16175683203804092,0.17793251524184506,0.1696519966934704,35,0.16422459102401746,0.16422459102401743,0.16422459102401749,2.816078793465528e-17,0.999608402426938
1982,0.19572576676602957,0.21529834344263254,0.2052789159990992,8,0.20528073878002184,0.20511644844655688,0.20528073878002184,0.008778173629927768,0.9994391935990717
1982,0.21529834344263254,0.23682817778689583,0.22580680759900915,1,0.22991442743362447,0.22991442743362447,0.22991442743362447,,0.9994005172955595
1982,0.23682817778689583,0.2605109955655854,0.24838748835891006,32,0.2463368865360262,0.2463368865360262,0.2463368865360262,0.0,0.9993956827576205
1982,0.2605109955655854,0.286562095122144,0.2732262371948011,2,0.27097057518962886,0.2708461340463544,0.27097057518962886,0.011612432195067022,0.9992409775435712
1982,0.286562095122144,0.3152183046343584,0.30054886091428124,6,0.2983413403602984,0.29828005196265933,0.29560426384323146,0.0067044408537682,0.9992313084676931
1982,0.3152183046343584,0.3467401350977942,0.3306037470057094,20,0.328449182048035,0.3284491820480349,0.32844918204803497,5.695323946259567e-17,0.9992023012400589
1982,0.3467401350977942,0.38141414860757367,0.3636641217062803,1,0.3777165593552402,0.3777165593552402,0.3777165593552402,,0.9991056104812782
1982,0.38141414860757367,0.4195555634683311,0.4000305338769084,34,0.4100784640570319,0.4100688340003765,0.4105614775600437,0.0028164285006226164,0.9991007759433392
1982,0.4195555634683311,0.4615111198151643,0.4400335872645993,7,0.4504445925230193,0.45019492664148153,0.45982885486724895,0.016026679036028203,0.998936401653412
1982,0.4615111198151643,0.5076622317966808,0.4840369459910593,30,0.4926737730720524,0.49267377307205257,0.4926737730720524,0.0,0.9989025598878387
1982,0.5076622317966808,0.5584284549763489,0.5324406405901653,6,0.5392040738621907,0.5390863117528343,0.5419411503792576,0.012362378102521353,0.9987575237496676
1982,0.5584284549763489,0.6142713004739838,0.5856847046491819,20,0.5764283144943012,0.5764075742355436,0.5747860685840611,0.005054726258120415,0.9987285165220334
1982,0.6142713004739838,0.6756984305213822,0.6442531751141001,20,0.65607724114095,0.6560673288744316,0.6568983640960699,0.003672173491068063,0.9986318257632527
1982,0.6756984305213822,0.7432682735735205,0.7086784926255101,10,0.7357261677875983,0.7356585671801872,0.7390106596080785,0.01038647510891075,0.998535135004472
1982,0.7432682735735205,0.8175951009308726,0.7795463418880612,3,0.771855577812882,0.7717390888920348,0.7718555778128822,0.016422459102401754,0.9984867896250815
1982,0.8175951009308726,0.89935461102396,0.8575009760768674,73,0.8226977114723724,0.822666482809913,0.8211229551200874,0.0073261592200003466,0.9984722860112645
1982,0.89935461102396,0.9892900721263561,0.9432510736845542,39,0.965556377482236,0.9649203881142635,0.9853475461441048,0.03497545244319836,0.9981193647417148
1982,0.9892900721263561,1.0882190793389919,1.0375761810530097,14,1.0604216448979413,1.0602794706667176,1.0674598416561136,0.01789078392522171,0.9979308177620924
1982,1.0882190793389919,1.197040987272891,1.1413337991583108,7,1.1495721371681225,1.1495721371681222,1.1495721371681222,2.398355846665908e-16,0.9978631342309459
1982,1.197040987272891,1.3167450860001801,1.2554671790741418,31,1.266118621120651,1.265474601815861,1.231684432680131,0.04118837401702691,0.9978292924653727
1982,1.3167450860001801,1.4484195946001983,1.3810138969815562,7,1.3959090237041483,1.3957176879321003,1.3959090237041485,0.025085720644690872,0.9976794217892625
1982,1.4484195946001983,1.5932615540602184,1.519115286679712,15,1.495538608925386,1.4952604838682801,1.478021319216157,0.030068715171287376,0.9976455800236892
1982,1.5932615540602184,1.7525877094662403,1.6710268153476835,85,1.6503605370907728,1.6501800734629921,1.6422459102401747,0.024908925421999524,0.9975730619546037
1982,1.7525877094662403,1.9278464804128643,1.8381294968824518,10,1.8261774521870744,1.825626742773397,1.8064705012641922,0.04759680839035846,0.9971621262297856
1982,1.9278464804128643,2.1206311284541512,2.021942446570697,20,2.0224258384607747,2.0219306872785703,2.052807387800218,0.0459195598498081,0.9971137808503953
1982,2.1206311284541512,2.3326942412995666,2.224136691227767,13,2.2271381075026366,2.2258169816773603,2.2334544379266377,0.07976269128699799,0.9970170900916145
1982,2.3326942412995666,2.565963665429523,2.446550360350544,56,2.468060996532377,2.4679251555309434,2.463368865360262,0.026334520889783324,0.996954241098407
1982,2.565963665429523,2.822560031972476,2.6912053963855986,15,2.7118954131099424,2.7109273260699136,2.7097057518962884,0.07496649363158281,0.996683506973821
1982,2.822560031972476,3.1048160351697236,2.9603259360241587,16,2.930382546084812,2.9297479717302046,2.91498649067631,0.06316956762379962,0.9966109889047354
1982,3.1048160351697236,3.4152976386866962,3.2563585296265747,64,3.273971182617873,3.273719679527558,3.2844918204803495,0.04037187862673766,0.9965336362977109
1982,3.4152976386866962,3.756827402555366,3.581994382589232,12,3.660839841577056,3.6601111364752708,3.6950532980403934,0.07524358618543978,0.9962242258696125
1982,3.756827402555366,4.1325101428109035,3.940193820848156,64,4.080981086946834,4.080231694265053,4.105614775600436,0.0772501446220724,0.996166211414344
1982,4.1325101428109035,4.545761157091994,4.334213202932972,8,4.265733751848854,4.2648954218221595,4.2698393666244545,0.09069599478801019,0.9958568009862457
1982,4.545761157091994,5.000337272801193,4.76763452322627,50,4.888966074785,4.887952738886609,4.926737730720524,0.0989389014041813,0.9958181246827335
1982,5.000337272801193,5.500371000081313,5.244397975548896,11,5.2148772404263,5.212596086245607,5.189497076358952,0.16213610952656038,0.9955763977857817
1982,5.500371000081313,6.050408100089445,5.768837773103787,36,5.74284271222599,5.742389400892456,5.747860685840612,0.07300353144747697,0.9955232178684522
1982,6.050408100089445,6.65544891009839,6.345721550414166,71,6.497511248529118,6.495587268289315,6.568983640960699,0.15688388138888887,0.9953491745026469
1982,6.65544891009839,7.32099380110823,6.980293705455583,8,7.0000731923987445,6.999146592182205,6.979545118520742,0.12218700576861558,0.9950059223089753
1982,7.32099380110823,8.053093181219053,7.678323076001142,16,7.686737263617918,7.6836813051333515,7.751400696333624,0.2229642422063117,0.994967246005463
1982,8.053093181219053,8.85840249934096,8.446155383601257,157,8.219493081577241,8.219340567113548,8.211229551200873,0.050843163413359406,0.9948898933984385
1982,8.85840249934096,9.744242749275058,9.290770921961384,10,9.188365867793777,9.18540533064519,9.13088726093537,0.24788304425678612,0.9941308709420097
1982,9.744242749275058,10.718667024202563,10.219848014157524,111,9.92611895170483,9.923718060245879,9.853475461441048,0.22391280795557625,0.9940825255626193
1982,10.718667024202563,11.79053372662282,11.241832815573277,52,11.393396818812416,11.391388058031751,11.495721371681224,0.21401435567986804,0.9935458918513863
1982,11.79053372662282,12.969587099285102,12.366016097130604,39,12.23388985389943,12.23126496869314,12.316844326801311,0.25608253832843275,0.9932944958785564
1982,12.969587099285102,14.266545809213614,13.602617706843665,115,13.260207499240144,13.257388676463531,13.137967281921398,0.2783517476167667,0.993105948898934
1982,14.266545809213614,15.693200390134978,14.962879477528034,35,14.90033175016771,14.897937900208118,14.780213192161574,0.27328853511145523,0.9925499770359448
1982,15.693200390134978,17.262520429148477,16.45916742528084,442,16.421753159589652,16.421436973856473,16.422459102401746,0.10218540333447454,0.9923807682080785
1982,17.262520429148477,18.988772472063328,18.105084167808926,27,18.1577656142222,18.15424070555178,18.06470501264192,0.3644955029436892,0.9902439024390244
1982,18.988772472063328,20.88764971926966,19.91559258458982,205,19.764069036735822,19.762940116533674,19.706950922882097,0.21441621181936424,0.9901133699146704
1982,20.88764971926966,22.976414691196627,21.9071518430488,40,21.53436005950185,21.530609797913982,21.34919683312227,0.4098279173515519,0.989122289637168
1982,22.976414691196627,25.274056160316295,24.097867027353686,389,24.478878480007495,24.474333103299436,24.633688653602622,0.46397410595698596,0.9889289081196064
1982,25.274056160316295,27.801461776347924,26.507653730089057,95,26.333326736705924,26.33117222327944,26.275934563842796,0.341232458483866,0.9870482728613212
1982,27.801461776347924,30.58160795398272,29.158419103097962,99,29.266978605008514,29.259348051454754,29.560426384323147,0.6665413309949018,0.9865889917571128
1982,30.58160795398272,33.639768749381,32.074261013407764,1316,32.82613720104277,32.825586920060616,32.84491820480349,0.1871001261511669,0.9861103725011482
1982,33.639768749381,37.0037456243191,35.28168711474854,92,35.666011070611724,35.6519355845187,36.12941002528384,1.0039224227350676,0.9797481205733762
1982,37.0037456243191,40.704120186751005,38.8098558262234,188,39.14118420045728,39.13519595169017,39.413901845764194,0.6795740377741131,0.9793033430829848
1982,40.704120186751005,44.77453220542611,42.69084140884574,463,41.430317347950876,41.421377989534065,41.056147756004364,0.8753321495010185,0.978394449950446
1982,44.77453220542611,49.251985425968726,46.959925549730315,126,46.22778866651387,46.22230711186107,45.982885486724896,0.720483118667247,0.976156058884672
1982,49.251985425968726,54.17718396856561,51.65591810470335,1764,49.54668944892309,49.53853485097724,49.267377307205244,0.9160002530375556,0.9755469071043535
1982,54.17718396856561,59.59490236542217,56.82150991517369,403,57.55713310825804,57.544624407575526,57.47860685840612,1.1940465645545668,0.9670187821798931
1982,59.59490236542217,65.5543926019644,62.50366090669107,83,62.41741410726214,62.40478330794085,62.405344589126635,1.2635225981040417,0.9650704633904614
1982,65.5543926019644,72.10983186216085,68.75402699736019,2460,65.91285473937687,65.90699829171676,65.68983640960698,0.8951402119132318,0.9646691967415214
1982,72.10983186216085,79.32081504837693,75.62942969709621,620,75.70780134044466,75.67044119647367,73.90106596080786,2.389144038947903,0.9527762334114916
1982,79.32081504837693,87.25289655321463,83.19237266680584,3192,82.22319341487595,82.22064613430935,82.11229551200873,0.6556478610338257,0.949778819889289
1982,87.25289655321463,95.9781862085361,91.51160993348643,304,91.26916699277389,91.24653194496535,90.32352506320962,2.046990026733718,0.9343469747878846
1982,95.9781862085361,105.57600482938973,100.66277092683508,3559,98.77719237817566,98.7707807815176,98.53475461441049,1.145179886503096,0.9328772752544175
1982,105.57600482938973,116.1336053123287,110.7290480195186,1841,113.78982753791271,113.75765991631573,114.95721371681223,2.6629213217167025,0.9156711547293868
1982,116.1336053123287,127.74696584356158,121.80195282147046,818,121.72539496072405,121.68042999427355,123.16844326801309,3.3187314830032943,0.9067707703836206
1982,127.74696584356158,140.52166242791776,133.98214810361753,12950,132.57855291428322,132.56294024622704,132.20079577433407,2.0571501177086535,0.9028161183494887
1982,140.52166242791776,154.57382867070953,147.3803629139793,2056,147.34562589894043,147.32028551914877,147.8021319216157,2.7260212828397927,0.8402088520389663
1982,154.57382867070953,170.0312115377805,162.11839920537722,7667,163.70550465890267,163.6906767398066,164.22459102401746,2.1824623127281604,0.8302690420363074
1982,170.0312115377805,187.03433269155857,178.33023912591497,1619,178.70307322886586,178.64832711652937,180.64705012641923,4.406106672757683,0.7932026396577148
1982,187.03433269155857,205.73776596071443,196.16326303850647,6635,197.15344321685743,197.13543547646915,197.06950922882098,2.668396815996792,0.7853755227344147
1982,205.73776596071443,226.3115425567859,215.77958934235713,2427,215.1375636923305,215.09002057151028,213.49196833122272,4.539431030466603,0.7532983635089077
1982,226.3115425567859,248.94269681246453,237.35754827659287,10868,240.32221528878958,240.21434184030335,246.33688653602619,7.160422275723002,0.7415649399308661
1982,248.94269681246453,273.83696649371103,261.0933031042522,8454,266.2270661802137,266.15452095000006,262.75934563842793,6.1931425987008435,0.6890231816094177
1982,273.83696649371103,301.2206631430821,287.20263341467745,6092,289.2211408170564,289.0986695003724,295.6042638432314,8.371107510574202,0.6481519978728033
1982,301.2206631430821,331.34272945739036,315.9228967561452,10422,325.1703708037457,325.09141114056035,328.4491820480349,7.064081165545224,0.6186999927481931
1982,331.34272945739036,364.47700240312946,347.5151864317598,5486,350.0023933603309,349.84954142208505,347.499234606821,10.328096974306856,0.5683144383475549
1982,364.47700240312946,400.9247026434424,382.26670507493577,8035,385.64208921469617,385.56038060919144,387.04451612540436,7.913788312311295,0.5417921632140008
1982,400.9247026434424,441.0171729077867,420.49337558242934,8029,415.4884730102618,415.40177056679966,410.56147756004367,8.551578102604207,0.5029466508738427
1982,441.0171729077867,485.11889019856534,462.5427131406723,5509,459.6783727950962,459.55151711182174,459.82885486724894,10.807532755522326,0.46413014576131884
1982,485.11889019856534,533.6307792184219,508.7969844547396,11591,500.8576620837572,500.6811046110476,492.67377307205237,13.433190625592305,0.4374966762551669
1982,533.6307792184219,586.9938571402641,559.6766829002136,5905,565.6275871420565,565.4605355755899,574.7860685840611,13.643045974399294,0.3814595470037951
1982,586.9938571402641,645.6932428542906,615.6443511902349,4263,612.0616876672739,611.8128538944181,607.6638317070694,17.47018300324079,0.3529116004737847
1982,645.6932428542906,710.2625671397199,677.2087863092586,9044,666.8192017827786,666.6176413285671,656.8983640960698,16.56960115434199,0.3323019652396722
1982,710.2625671397199,781.2888238536918,744.9296649401845,4262,743.2040162457674,743.0527532122981,739.0106596080785,15.04849483319756,0.2885784041190263
1982,781.2888238536918,859.4177062390611,819.422631434203,7505,819.2001160145505,819.0156058887811,821.1229551200873,17.373824530087933,0.26797360342285287
1982,859.4177062390611,945.3594768629673,901.3648945776233,2900,901.9370155996327,901.6932005299234,903.235250632096,20.964631083498848,0.2316903961903841
1982,945.3594768629673,1039.8954245492641,991.5013840353857,6301,988.0022089006379,987.8385094725636,985.3475461441047,18.051721329738946,0.21767023616717832
1982,1039.8954245492641,1143.8849670041907,1090.6515224389245,2492,1085.3593006165913,1085.0275843784714,1075.5479027640465,26.930667867606132,0.1872078126133095
1982,1143.8849670041907,1258.2734637046096,1199.716674682817,4277,1179.3728336900026,1178.828764408765,1149.5721371681223,36.0730506317136,0.17516014406923058
1982,1258.2734637046096,1384.100810075071,1319.6883421510988,4417,1317.1924183161823,1316.9978813877915,1313.7967281921397,22.717287210326198,0.15448282530397156
1982,1384.100810075071,1522.5108910825782,1451.657176366209,2730,1453.4559612266369,1452.9485344310935,1478.021319216157,38.28657212189523,0.13312867122724745
1982,1522.5108910825782,1674.761980190836,1596.8228940028298,3890,1622.7522402000309,1622.3503555488883,1642.2459102401747,35.7507834622205,0.11993038265367788
1982,1674.761980190836,1842.2381782099196,1756.5051834031128,1870,1762.8066075157456,1762.0890721308242,1773.6255830593886,50.17571401309376,0.10112403007082599
1982,1842.2381782099196,2026.461996030912,1932.1557017434243,2395,1952.8214980720782,1952.412338625647,1970.6950922882095,39.67358116185878,0.09208344412482777
1982,2026.461996030912,2229.108195634003,2125.371271917767,1516,2128.964267008707,2128.3626272762463,2134.919683312227,50.59929733723171,0.08050472576083541
1982,2229.108195634003,2452.019015197404,2337.908399109544,1157,2322.364084360937,2321.7777791200183,2299.1442743362445,52.48583303369873,0.0731755662452561
1982,2452.019015197404,2697.2209167171445,2571.6992390204987,2675,2515.5995787195125,2514.516206574001,2463.3688653602617,74.51696026537905,0.0675820058497909
1982,2697.2209167171445,2966.943008388859,2828.8691629225486,1445,2875.15184429184,2873.838700453845,2906.775261125109,86.51319032018814,0.05464961686286833
1982,2966.943008388859,3263.637309227745,3111.756079214804,665,3111.7979573860916,3110.8706235133727,3120.267229456332,76.01767971621342,0.04766370954096062
1982,3263.637309227745,3590.00104015052,3422.9316871362844,1883,3330.822473124115,3329.872152565151,3284.4918204803494,80.5403401289583,0.044448741811501366
1982,3590.00104015052,3949.0011441655724,3765.224855849913,894,3751.4782773968573,3749.6096400050988,3777.165593552402,118.79015870837422,0.03534530687229568
1982,3949.0011441655724,4343.90125858213,4141.747341434905,1079,4128.465250024794,4127.719949357855,4105.614775600437,78.80475507733497,0.03102322995479707
1982,4343.90125858213,4778.291384440343,4555.922075578395,609,4552.343604729208,4550.769036217456,4598.288548672489,119.92741126026377,0.025806763518576713
1982,4778.291384440343,5256.120522884378,5011.5142831362355,1211,4983.175606611667,4981.898241639142,4926.737730720523,114.04688864655027,0.022862529913703498
1982,5256.120522884378,5781.732575172817,5512.665711449859,593,5611.49154869731,5609.281461249683,5665.748390328603,156.58949822938155,0.017007904469530325
1982,5781.732575172817,6359.905832690098,6063.932282594846,365,6089.05500095023,6086.907098626789,6076.309867888646,161.6408705456995,0.014141023471681695
1982,6359.905832690098,6995.896415959109,6670.32551085433,687,6626.993814373776,6625.573525959859,6568.983640960699,138.19147134981867,0.01237641712393338
1982,6995.896415959109,7695.48605755502,7337.358061939764,318,7339.349577789905,7337.328984317325,7390.106596080786,172.1857642315143,0.009055089559815321
1982,7695.48605755502,8465.034663310524,8071.093868133742,466,8113.576992763953,8111.501833240638,8211.229551200873,182.27294019476787,0.0075177064952017215
1982,8465.034663310524,9311.538129641576,8878.203254947117,205,8863.037994399432,8859.93558403948,8868.127915296944,234.9774715147377,0.005264811815610723
1982,9311.538129641576,10242.691942605736,9766.02358044183,230,9824.653545902362,9822.464359368292,9853.475461441047,207.1927241011872,0.004273731538108246
1982,10242.691942605736,11266.961136866308,10742.625938486013,136,10718.74428094253,10715.819852225779,10674.598416561135,251.65975903683082,0.0031617878121298557
1982,11266.961136866308,12393.65725055294,11816.888532334615,143,11717.888877270996,11713.984673607856,11495.721371681222,305.75726718483554,0.002504290652420895
1982,12393.65725055294,13633.022975608237,12998.577385568078,95,13032.180369367363,13029.655489538514,13137.967281921397,256.419261282731,0.0018129517271386786
1982,13633.022975608237,14996.32527316906,14298.435124124888,75,14333.852943419506,14328.279025875236,14287.53941908952,402.5014471258696,0.0013536706229302134
1982,14996.32527316906,16495.95780048597,15728.278636537378,69,15976.818776185664,15969.746092593206,16094.009920353714,476.55226268660596,0.0009910802775024777
1982,16495.95780048597,18145.553580534564,17301.106500191116,28,17384.9143270735,17376.140093471262,17348.767908072718,562.2222048664172,0.0006574971597089608
1982,18145.553580534564,19960.108938588022,19031.217150210225,29,19231.98112701412,19224.78669535932,19433.237797022368,532.5332221833443,0.0005221300974159395
1982,19960.108938588022,21956.119832446828,20934.33886523125,14,20809.669784231064,20805.53155657398,20692.298469026202,434.0376391553883,0.00038192849718388165
1982,21956.119832446828,24151.731815691513,23027.77275175438,11,22715.2468402766,22709.588064756008,22827.218152338428,534.2131884232662,0.00031424496603737096
1982,24151.731815691513,26566.90499726067,25330.55002692982,17,24835.99885933912,24832.090059728038,24633.68865360262,460.08254875009027,0.00026106504870796973
1982,26566.90499726067,29223.595496986734,27863.605029622806,4,28586.036724015117,28583.29331504686,28741.766798068416,455.179818046856,0.00017887790374434962
1982,29223.595496986734,32145.955046685413,30649.965532585087,5,30690.291570568388,30674.749267413357,31136.982458153714,1090.9754899260845,0.00015953975198820374
1982,32145.955046685413,35360.550551353954,33714.962085843596,9,32849.79932459226,32849.49375065956,32844.91820480349,150.36018586812534,0.00013536706229302133
1982,35360.550551353954,38896.60560648936,37086.45829442796,3,36485.229972502544,36483.61231638744,36375.746911819864,421.36757384571285,9.185622084169306e-05
1982,38896.60560648936,42786.266167138296,40795.10412387076,4,41512.486838312354,41510.04098233319,41476.152147548295,520.425446613502,7.735260702458362e-05
1982,42786.266167138296,47064.89278385213,44874.61453625784,2,45572.32400916485,45570.474595613414,45572.32400916485,580.6216097533465,5.801445526843772e-05
1982,47064.89278385213,51771.382062237346,49362.07598988363,5,49267.42329009073,49267.423290058585,49267.37730720524,0.06296465909946186,4.8345379390364765e-05
1982,56948.520268461085,62643.3722953072,59728.1119477592,1,61912.67081605458,61912.670816054604,61912.67081605458,,2.4172689695182383e-05
1982,62643.3722953072,68907.70952483792,65700.92314253513,2,65689.83640960699,65689.83640960704,65689.83640960699,0.0,1.9338151756145905e-05
1982,75798.48047732172,83378.32852505389,79498.11700246751,1,82440.74469405676,82440.74469405676,82440.74469405676,,9.669075878072953e-06
1982,83378.32852505389,91716.1613775593,87447.92870271427,1,84575.664377369,84575.66437736896,84575.664377369,,4.834537939036476e-06
1983,0.0230226639023554,0.025324930292590943,0.024146373609237895,6,0.0230226639023554,0.023022663902355408,0.0230226639023554,0.0,0.9999939975630106
1983,0.03707823044138241,0.040786053485520654,0.038887976161413734,3,0.038371106503925674,0.038371106503925674,0.038371106503925674,0.0,0.9999819926890318
1983,0.04935112471748001,0.05428623718922801,0.0517598962708417,5,0.05064986058518188,0.05064986058518187,0.05064986058518188,0.0,0.9999759902520423
1983,0.07225498169886249,0.07948047986874876,0.07578166413013936,3,0.07674221300785135,0.07674221300785135,0.07674221300785135,0.0,0.9999659861903933
1983,0.1057885187053046,0.11636737057583509,0.11095193445293706,2,0.115113319511777,0.115113319511777,0.115113319511777,0.0,0.9999599837534039
1983,0.11636737057583509,0.1280041076334186,0.12204712789823079,2,0.1266246514629547,0.12662465146295468,0.1266246514629547,0.0,0.9999559821287443
1983,0.14080451839676048,0.15488497023643652,0.14767702475685926,3,0.1534844260157027,0.15348442601570267,0.1534844260157027,0.0,0.9999519805040846
1983,0.1703734672600802,0.18741081398608825,0.17868919995579977,9,0.17650708991805808,0.17647362352839852,0.17957677843837214,0.0036402027867991653,0.9999459780670953
1983,0.2267670849231668,0.2494437934154835,0.23783532514116953,17,0.230226639023554,0.23022663902355403,0.230226639023554,0.0,0.9999279707561269
1983,0.3018269900327351,0.33200968903600864,0.31655881776289674,3,0.3069688520314054,0.3069688520314054,0.3069688520314054,0.0,0.9998939569465203
1983,0.33200968903600864,0.3652106579396095,0.3482146995391864,3,0.345339958535331,0.34533995853533106,0.34533995853533106,6.798699777552591e-17,0.9998879545095308
1983,0.44190489610692757,0.48609538571762034,0.4634737650866572,1,0.460453278047108,0.460453278047108,0.460453278047108,,0.9998819520725415
1983,0.48609538571762034,0.5347049242893824,0.509821141595323,9,0.5116147533856756,0.5116147533856756,0.5116147533856756,0.0,0.9998799512602117
1983,0.5881754167183207,0.6469929583901529,0.6168835813303409,5,0.592142915568581,0.592142915568581,0.592142915568581,0.0,0.9998619439492434
1983,0.6469929583901529,0.7116922542291683,0.6785719394633751,2,0.6906799170706621,0.6906799170706621,0.6906799170706621,0.0,0.9998519398875944
1983,0.7116922542291683,0.7828614796520851,0.7464291334097126,6,0.7720266628589845,0.7720129315257962,0.7720266628589845,0.0050440129412719775,0.9998479382629347
1983,0.8611476276172937,0.9472623903790232,0.9031792514257524,20,0.911697490533274,0.9116106080316042,0.920906556094216,0.012875865110431553,0.9998359333889559
1983,0.9472623903790232,1.0419886294169256,0.9934971765683278,9,0.9848584002674257,0.9843533858674907,1.0129972117036377,0.033368525545659035,0.9997959171423598
1983,1.0419886294169256,1.1461874923586182,1.0928468942251606,5,1.1050878673130593,1.1050878673130593,1.1050878673130593,0.0,0.9997779098313916
1983,1.1461874923586182,1.26080624159448,1.2021315836476767,8,1.1511331951177701,1.1511331951177701,1.1511331951177701,0.0,0.9997679057697425
1983,1.3868868657539282,1.5255755523293213,1.4545792162136892,5,1.5194958175554565,1.5194958175554565,1.5194958175554565,0.0,0.9997518992711041
1983,1.5255755523293213,1.6781331075622534,1.6000371378350582,20,1.5841895031210753,1.583216688464826,1.5348442601570267,0.05714107457402586,0.999741895209455
1983,1.6781331075622534,1.8459464183184788,1.7600408516185642,15,1.8418131121884325,1.8418131121884322,1.841813112188432,4.596760034896314e-16,0.9997018789628589
1983,1.8459464183184788,2.030541060150327,1.9360449367804207,19,1.972678780686031,1.9725096449759183,1.9733711916304628,0.026484152923256496,0.9996718667779119
1983,2.030541060150327,2.23359516616536,2.1296494304584628,31,2.140810676288054,2.1398438955272026,2.1487819642198374,0.06499704272338315,0.9996338513436456
1983,2.23359516616536,2.456954682781896,2.3426143735043095,68,2.3125588752742403,2.3124711642806015,2.3022663902355402,0.020376956356167656,0.9995718261614215
1983,2.456954682781896,2.7026501510600855,2.5768758108547405,31,2.627257284547498,2.6271125066959344,2.6311615888406177,0.027802366480989063,0.9994357709229947
1983,2.7026501510600855,2.9729151661660946,2.8345633919402147,81,2.8337772729195483,2.833029366047095,2.8778329877944255,0.06561578530873632,0.9993737457407708
1983,2.9729151661660946,3.2702066827827045,3.1180197311342366,71,3.1100700566235373,3.1094758963193265,3.0919437620863306,0.061453814601422886,0.9992116799420565
1983,3.2702066827827045,3.597227351060975,3.4298217042476606,66,3.4324698908966234,3.431609792337073,3.45339958535331,0.07764917366690631,0.9990696222666402
1983,3.597227351060975,3.956950086167073,3.772803874672427,95,3.8484200291516175,3.847583213683329,3.837110650392567,0.0802517004054851,0.9989375686528731
1983,3.956950086167073,4.352645094783781,4.1500842621396705,57,4.065640882602263,4.064292720461624,4.028966182912195,0.10728562523848288,0.9987474914815415
1983,4.352645094783781,4.787909604262159,4.565092688353637,219,4.5896679189377805,4.589274683481413,4.6045327804710805,0.05956802882864527,0.9986334451787425
1983,4.787909604262159,5.266700564688375,5.021601957189001,151,5.150490097699917,5.148011829630973,5.262323177681235,0.1581196197238647,0.998195267278515
1983,5.266700564688375,5.793370621157213,5.523762152907902,215,5.623740757320471,5.6217764112096305,5.755665975588851,0.14823470241078326,0.9978931446167144
1983,5.793370621157213,6.372707683272935,6.076138368198693,202,6.136679665814465,6.135228281961952,6.139377040628107,0.13301824840803703,0.9974629699658061
1983,6.372707683272935,7.009978451600229,6.683752205018562,421,6.652948325493476,6.650468150650584,6.577903972101544,0.1823879497748593,0.9970588058751854
1983,7.009978451600229,7.710976296760252,7.352127425520418,466,7.439255089035473,7.43479535268851,7.5053884321678614,0.2563172180189883,0.996216463884337
1983,7.710976296760252,8.482073926436279,8.087340168072462,427,8.057371626469392,8.054063474859896,8.05793236582439,0.23190892822778064,0.9952840853386475
1983,8.482073926436279,9.330281319079909,8.896074184879708,1069,8.97796453449631,8.974556133722187,9.141020798741867,0.24678124133852497,0.9944297384738203
1983,9.330281319079909,10.263309450987899,9.785681603367681,936,9.972576789780854,9.97056788388716,10.05761517334326,0.19940957379026755,0.9922908700932579
1983,10.263309450987899,11.28964039608669,10.764249763704449,750,10.850765678491321,10.847355960891393,10.920636174482983,0.2712378859610868,0.9904181097525595
1983,11.28964039608669,12.41860443569536,11.840674740074896,1965,11.726027372252675,11.722706058962814,11.684001930445367,0.2812110601490576,0.9889175005052051
1983,12.41860443569536,13.660464879264898,13.024742214082387,1543,13.015214732111366,13.01192074772912,13.064594342456614,0.29273746107989784,0.9849859042771365
1983,13.660464879264898,15.026511367191388,14.327216435490627,2956,14.199572211352962,14.194701068311367,14.089870308241506,0.37380528414010566,0.981898650852246
1983,15.026511367191388,16.529162503910527,15.759938079039689,3460,15.683935602623816,15.67884248289855,15.592099127870195,0.4016389162624224,0.9759842496053398
1983,16.529162503910527,18.182078754301582,17.33593188694366,4312,17.394898648886436,17.3901878830399,17.580943343616852,0.4031557144108036,0.9690614389442114
1983,18.182078754301582,20.000286629731743,19.069525075638026,5634,19.070626816221466,19.062430529322114,19.185553251962837,0.5593330256329836,0.9604339361780883
1983,20.000286629731743,22.00031529270492,20.97647758320183,5260,20.808829927712253,20.80083394207465,20.720397512119863,0.5781310917035037,0.9491613595119619
1983,22.00031529270492,24.200346821975412,23.074125341522016,8850,23.139459307119076,23.134839191956257,23.022663902355404,0.46186416328660745,0.9386370866571828
1983,24.200346821975412,26.620381504172958,25.381537875674223,6902,25.582551966980663,25.573865993219748,25.73933824283334,0.66444039067341,0.9209298975384006
1983,26.620381504172958,29.282419654590253,27.919691663241647,9403,27.891186304530876,27.88128958495932,27.62719668282648,0.7425952766461229,0.9071202908380802
1983,29.282419654590253,32.21066162004928,30.711660829565812,9601,30.748817404443646,30.73889536270075,30.696885203140535,0.7810074904605664,0.8883066525009153
1983,32.21066162004928,35.43172778205422,33.782826912522395,13043,33.90896768468897,33.89376440468033,34.205100654928025,1.012340680086426,0.8690968533224489
1983,35.43172778205422,38.97490056025964,37.16110960377464,13159,37.39065792812616,37.37690921511405,37.218438464547745,1.0133431246716962,0.8430002581047905
1983,38.97490056025964,42.8723906162856,40.877220564152104,13192,40.74078453213464,40.72708990612424,40.51988846814551,1.0587627481789201,0.8166715686568747
1983,42.8723906162856,47.15962967791417,44.96494262056732,17911,45.43729880116225,45.42313768707011,46.04532780471081,1.1267440577999255,0.7902768524020752
1983,47.15962967791417,51.875592645705595,49.46143688262406,12852,49.73775864636426,49.7185357965288,49.783632855855764,1.3808453990956429,0.7544403027629217
1983,51.875592645705595,57.06315191027615,54.407580570886466,16744,54.41930019073588,54.40239705388807,54.48697123557446,1.3557143390290107,0.7287258627002563
1983,57.06315191027615,62.76946710130377,59.84833862797511,17580,59.81932488219235,59.79499831462761,59.85892614612405,1.7045311275971122,0.6952242610499862
1983,62.76946710130377,69.04641381143415,65.83317249077263,14140,65.55933585825007,65.5370023434596,65.47300273871342,1.7146759141813535,0.6600499802919986
1983,69.04641381143415,75.95105519257758,72.41648973984991,20694,71.76701855711482,71.73297171966395,71.75396916234101,2.2130750366332212,0.6317584939485431
1983,75.95105519257758,83.54616071183534,79.6581387138349,20850,79.42620993300864,79.39782912579741,79.42819046312614,2.126449579026438,0.5903536835955397
1983,83.54616071183534,91.90077678301888,87.62395258521839,14069,87.31219411208608,87.28227918137706,87.2177443468888,2.28931749643091,0.5486367465190868
1983,91.90077678301888,101.09085446132079,96.38634784374025,21913,95.10253586908023,95.05722043923963,94.49159055923867,2.9481249245391035,0.5204873178510475
1983,101.09085446132079,111.19993990745287,106.02498262811429,17193,106.1866713651632,106.1440643999659,106.0485293112896,3.007198254086032,0.4766435172680108
1983,111.19993990745287,122.31993389819816,116.62748089092571,17156,116.37225694728008,116.33529415480373,115.11331951177702,2.9387875738105467,0.44224355088165795
1983,122.31993389819816,134.551927288018,128.2902289800183,15386,127.90018451910389,127.84712717558853,127.85866624812095,3.686875427528473,0.40791761455150793
1983,134.551927288018,148.0071200168198,141.11925187802015,16371,140.71275641702647,140.66353301361974,139.1796775110392,3.7355846672325095,0.3771331160451143
1983,148.0071200168198,162.80783201850178,155.23117706582215,14867,155.54431695302074,155.48650850656634,155.12517452981052,4.24107384913069,0.3443778173938619
1983,162.80783201850178,179.08861522035198,170.7542947724044,13352,171.0086473075815,170.95203490366129,171.7490727115713,4.396769748735662,0.31463174048663756
1983,179.08861522035198,196.99747674238722,187.82972424964487,13788,187.24228934770238,187.17887752022037,185.56267105298454,4.8876788392977835,0.2879168942590692
1983,196.99747674238722,216.69722441662594,206.61269667460934,11684,206.57634621618735,206.5006064799633,207.20397512119862,5.594243632440577,0.2603296938557054
1983,216.69722441662594,238.36694685828854,227.27396634207028,12837,227.8665825818912,227.79810051033905,230.22663902355404,5.570982496300672,0.23695220259425326
1983,238.36694685828854,262.20364154411743,250.00136297627736,9192,249.9817393475001,249.89176728155863,249.68079002104432,6.7093636717921905,0.2112677747165349
1983,262.20364154411743,288.4240056985292,275.0014992739051,10431,275.9010555575935,275.79781380263483,276.2719668282648,7.545216656389725,0.19287630778095907
1983,288.4240056985292,317.2664062683821,302.5016492012956,8452,302.59912235846747,302.49826609708447,303.6965640687506,7.807318291677073,0.17200583436875372
1983,317.2664062683821,348.9930468952204,332.75181412142524,8691,334.1471014923742,334.0069589239178,334.59604871423187,9.662882424999554,0.15509496855723423
1983,348.9930468952204,383.89235158474247,366.0269955335678,7599,367.2361940502481,367.0854153963283,368.36262243768647,10.521124473419164,0.13770590859889115
1983,383.89235158474247,422.2815867432167,402.6296950869246,6645,403.0327127601845,402.89200040799466,402.89661829121957,10.647387919753452,0.12250173570469611
1983,422.2815867432167,464.5097454175384,442.892664595617,7102,447.3615010814715,447.1696614064798,448.94194609593035,13.052008927754912,0.10920633777313589
1983,464.5097454175384,510.96071995929236,487.18193105517884,5149,487.3132677156696,487.1263443974347,487.1411500427184,13.49938949615736,0.09499656860685439
1983,510.96071995929236,562.0567919552216,535.9001241606968,5158,536.2756974735007,536.0694420385328,537.1954910549595,14.867315121833887,0.0846943859206838
1983,562.0567919552216,618.2624711507439,589.4901365767665,4980,588.9133499210586,588.6846770869627,585.8500541019371,16.44832356868119,0.07437419592354495
1983,618.2624711507439,680.0887182658182,648.4391502344432,3893,647.6661055122428,647.4302641028801,644.6345892659513,17.500166498270847,0.06441015052111157
1983,680.0887182658182,748.0975900924002,713.2830652578876,4337,710.0482341168557,709.7712007583872,705.8090962064957,19.896560313330504,0.0566209881211772
1983,748.0975900924002,822.9073491016402,784.6113717836764,3587,783.0553923216803,782.7668043112689,782.7705726800837,21.26618751396098,0.047943465046809006
1983,822.9073491016402,905.1980840118043,863.0725089620441,2675,860.0959333710515,859.7776496262173,859.1290746228958,23.443197177148264,0.040766551219795236
1983,905.1980840118043,995.717892412985,949.3797598582487,3236,943.6672506479503,943.3050785804687,934.7201544356293,26.261365254441017,0.03541437823756445
1983,995.717892412985,1095.2896816542834,1044.3177358440737,2493,1042.690642430143,1042.3133441402247,1038.6076230286178,28.078041041198553,0.028939749538312555
1983,1095.2896816542834,1204.8186498197117,1148.749509428481,2338,1146.6440376288233,1146.2503692567043,1151.1331951177701,30.068728760029863,0.02395172440010644
1983,1204.8186498197117,1325.3005148016832,1263.6244603713292,1583,1260.7538980088186,1260.2804614648394,1263.3686816417528,34.59493966119624,0.019273825173020245
1983,1325.3005148016832,1457.8305662818516,1389.9869064084623,1612,1387.4116353406482,1387.0233419132871,1381.3598341413242,32.888804886329176,0.016106539254937505
1983,1457.8305662818516,1603.6136229100368,1528.9855970493086,1262,1524.7894054504866,1524.2859197257978,1531.0071495066343,39.21719749300561,0.012881229779290392
1983,1603.6136229100368,1763.9749852010405,1681.8841567542395,1025,1671.4579812904128,1670.7912429188348,1669.1431329207667,47.28603978035864,0.010356204619075344
1983,1763.9749852010405,1940.372483721145,1850.0725724296635,857,1849.5765595200962,1848.910252400463,1841.8131121884323,49.69164838978564,0.008305371981024295
1983,1940.372483721145,2134.4097320932597,2035.0798296726302,683,2030.0807203732602,2029.388142649078,2025.9944234072755,53.1225989003702,0.006590675814380638
1983,2134.4097320932597,2347.8507053025855,2238.5878126398934,571,2259.7504245190908,2258.9263457790817,2294.688864123145,60.75443143407728,0.005224120993123208
1983,2347.8507053025855,2582.6357758328445,2462.446593903883,374,2459.697624149724,2458.712429381629,2455.750816251243,69.76766172179188,0.004081657152804038
1983,2582.6357758328445,2840.899353416129,2708.6912532942715,398,2717.263807828311,2716.2642443741147,2742.766692900607,73.54497418261995,0.0033333533414566315
1983,2840.899353416129,3124.989288757742,2979.560378623699,237,2985.1927938138133,2984.014582509794,2992.9463073062025,83.99935044555342,0.0025370300341938825
1983,3124.989288757742,3437.488217633517,3277.516416486069,206,3249.9312497952283,3249.039313802506,3223.1729463297565,76.50745358240216,0.0020628375120298843
1983,3437.488217633517,3781.237039396869,3605.2680581346763,247,3576.6397809437317,3575.203620841468,3568.5129048650874,101.69532188665062,0.0016506701720898685
1983,3781.237039396869,4159.360743336556,3965.794863948144,139,3945.238827424099,3943.589241286863,3913.8528634004183,115.11713178300258,0.0011564695266278108
1983,4159.360743336556,4575.296817670212,4362.374350342959,65,4379.8862684657315,4378.6596726128955,4374.306141447527,104.27782847131873,0.0008783566127847906
1983,4575.296817670212,5032.826499437234,4798.611785377255,122,4749.037574981353,4747.254035627793,4719.646099982857,131.4994941113142,0.0007483038113474071
1983,5032.826499437234,5536.109149380957,5278.472963914981,65,5294.358285161596,5292.383828137245,5260.67870168821,146.02734121844054,0.0005042047071110871
1983,5536.109149380957,6089.720064319054,5806.320260306479,49,5818.993806379691,5817.797518342225,5801.711303393561,119.18208582859896,0.00037415190567370354
1983,6089.720064319054,6698.69207075096,6386.9522863371285,26,6499.787339791563,6498.177209695068,6558.696492503007,146.65271522709477,0.00027611210151321435
1983,6698.69207075096,7368.561277826056,7025.647514970841,33,7059.63245067256,7057.054193915853,6945.1702772105455,194.2052945220331,0.00022409098093826094
1983,7368.561277826056,8105.417405608663,7728.212266467926,9,7960.725562681113,7960.156526138957,7942.819046312614,100.86566282466543,0.00015806417405466618
1983,8105.417405608663,8915.959146169529,8501.033493114719,12,8489.223602928514,8486.181410040548,8403.272324359723,237.63244873687498,0.00014005686308641308
1983,8915.959146169529,9807.555060786484,9351.136842426193,23,9377.631500122887,9374.953449939298,9243.599556795694,230.81570846831775,0.00011604711512874227
1983,9807.555060786484,10788.310566865131,10286.250526668813,3,10743.909821099189,10743.909821099187,10743.909821099189,0.0,7.002843154320654e-05
1983,10788.310566865131,11867.141623551646,11314.875579335694,2,11304.127976056501,11302.2287984166,11304.127976056501,293.0306717940166,6.402599455378884e-05
1983,11867.141623551646,13053.855785906811,12446.363137269263,7,12105.15881016314,12104.441713068014,12040.853220931876,142.7704743424605,6.0024369894177035e-05
1983,13053.855785906811,14359.241364497495,13690.999450996193,10,13703.089554681937,13701.446854101565,13813.598341413242,221.30516964603393,4.601868358553573e-05
1983,14359.241364497495,15795.165500947245,15060.099396095813,5,15466.62560960236,15466.625609602363,15466.62560960236,0.0,2.6010560287476716e-05
1983,19112.15025614617,21023.36528176079,20044.992296203534,3,19799.490956025646,19799.490956025635,19799.490956025646,0.0,1.600649863844721e-05
1983,23125.70180993687,25438.271990930556,24254.440678406278,3,24173.797097473172,24173.79709747318,24173.797097473172,0.0,1.0004061649029505e-05
1983,25438.271990930556,27982.099190023615,26679.884746246906,1,26844.4261101464,26844.426110146385,26844.4261101464,,4.001624659611802e-06
1983,30780.30910902598,33858.34001992858,32282.660542958765,1,32231.729463297565,32231.729463297543,32231.729463297565,,2.000812329805901e-06
1984,0.003512897502867209,0.00386418725315393,0.003684357983721959,2,0.003512897502867209,0.0035128975028672093,0.003512897502867209,0.0,0.9999345942764046
1984,0.04186733259811256,0.04605406585792382,0.043910828878183074,1,0.042154770034406513,0.042154770034406513,0.042154770034406513,,0.9999306302931564
1984,0.05065947244371621,0.05572541968808783,0.053132102942601525,6,0.05269346254300814,0.052693462543008135,0.05269346254300814,0.0,0.9999286483015323
1984,0.05572541968808783,0.06129796165689661,0.05844531323686168,2,0.05620636004587534,0.05620636004587534,0.05620636004587534,0.0,0.9999167563517877
1984,0.06742775782258628,0.07417053360484492,0.07071882901660265,5,0.07025795005734418,0.07025795005734417,0.07025795005734418,0.0,0.9999127923685395
1984,0.08158758696532942,0.08974634566186238,0.08556978311008923,4,0.08782243757168022,0.08782243757168022,0.08782243757168022,0.0,0.9999028824104189
1984,0.09872098022804862,0.10859307825085349,0.10353943756320798,2,0.10538692508601628,0.10538692508601628,0.10538692508601628,0.0,0.9998949544439225
1984,0.10859307825085349,0.11945238607593883,0.11389338131952878,1,0.11241272009175068,0.1124127200917507,0.11241272009175068,,0.9998909904606743
1984,0.13139762468353275,0.14453738715188602,0.13781099139662986,7,0.14151958511550758,0.14151074953110315,0.14051590011468837,0.0017141184646544004,0.9998890084690502
1984,0.14453738715188602,0.15899112586707465,0.15159209053629286,9,0.1545674901261572,0.15453564786766424,0.15175717212386342,0.003332627188733485,0.9998751345276815
1984,0.15899112586707465,0.17489023845378213,0.16675129958992216,2,0.1615932851318916,0.1615932851318916,0.1615932851318916,0.0,0.9998572966030645
1984,0.17489023845378213,0.19237926229916033,0.18342642954891436,6,0.17564487514336044,0.1756448751433604,0.17564487514336044,0.0,0.9998533326198163
1984,0.19237926229916033,0.2116171885290764,0.20176907250380582,4,0.21077385017203257,0.2107738501720326,0.21077385017203257,0.0,0.9998414406700717
1984,0.2116171885290764,0.23277890738198406,0.22194597975418645,7,0.22683281018513976,0.2268328101851397,0.22683281018513976,0.0,0.9998335127035753
1984,0.23277890738198406,0.2560567981201825,0.24414057772960512,5,0.23887703019497022,0.23880858701127197,0.2341931668578139,0.006413644015079815,0.9998196387622066
1984,0.2560567981201825,0.2816624779322007,0.26855463550256564,8,0.2634673127150407,0.26327768146898084,0.25761248354359534,0.010841037055317557,0.999809728804086
1984,0.2816624779322007,0.3098287257254208,0.2954100990528222,3,0.28337373189795484,0.28337373189795484,0.28337373189795484,0.0,0.9997938728710932
1984,0.340811598297963,0.3748927581277593,0.35744621985391495,14,0.3512897502867209,0.3512897502867208,0.3512897502867209,0.0,0.999787926896221
1984,0.3748927581277593,0.41238203394053524,0.39319084183930647,2,0.386418725315393,0.386418725315393,0.386418725315393,0.0,0.9997601790134835
1984,0.41238203394053524,0.45362023733458884,0.4325099260232371,12,0.43325735868695586,0.43317751187282344,0.4391121878584011,0.00864815582570996,0.9997562150302353
1984,0.45362023733458884,0.4989822610680477,0.4757609186255609,3,0.4800959920585186,0.4800931313833176,0.48126695789280766,0.0020281723189159782,0.9997324311307461
1984,0.4989822610680477,0.5488804871748525,0.523337010488117,15,0.5152249670871906,0.5151770393957953,0.5109669095079576,0.007309025691654045,0.9997264851558737
1984,0.5488804871748525,0.6037685358923378,0.5756707115369287,16,0.598158622300714,0.598144668813396,0.5971925754874255,0.004214277986948134,0.9996967552815121
1984,0.6037685358923378,0.6641453894815716,0.6332377826906217,5,0.6252957555103632,0.6252957555103632,0.6252957555103632,0.0,0.9996650434155265
1984,0.6641453894815716,0.7305599284297289,0.6965615609596839,22,0.7025795005734419,0.7025795005734418,0.7025795005734418,1.136349493877995e-16,0.999655133457406
1984,0.8036159212727019,0.8839775133999721,0.8428394887612176,4,0.8782243757168022,0.8782243757168022,0.8782243757168022,0.0,0.9996115296416758
1984,0.8839775133999721,0.9723752647399695,0.9271234376373395,10,0.9203791457512086,0.9201588128386113,0.9367726674312556,0.021163945484170697,0.9996036016751794
1984,0.9723752647399695,1.0696127912139664,1.0198357814010737,18,1.0148370563838602,1.0142394476500696,0.9836113008028186,0.035923591921446764,0.9995837817589383
1984,1.0696127912139664,1.176574070335363,1.121819359541181,22,1.1496755463929047,1.1494383774040027,1.1709658342890699,0.023871177948593683,0.9995481059097044
1984,1.176574070335363,1.2942314773688997,1.2340012954952992,22,1.2582560146633457,1.2580603894609648,1.2710301874010448,0.02264618782462255,0.9995045020939741
1984,1.2942314773688997,1.4236546251057898,1.3574014250448292,50,1.380709234526928,1.3801016420350123,1.4051590011468835,0.04089633271160006,0.9994608982782439
1984,1.4236546251057898,1.5660200876163688,1.4931415675493123,14,1.5055275012288039,1.5054927142538843,1.5055275012288036,0.010630511440893598,0.9993617986970387
1984,1.5660200876163688,1.7226220963780057,1.6424557243042435,21,1.6824437107065358,1.6824072928683858,1.6861908013762605,0.01138505045054343,0.9993340508143013
1984,1.7226220963780057,1.8948843060158065,1.806701296734668,21,1.797265274800252,1.7965941398248626,1.7564487514336045,0.05056713386608316,0.9992924289901951
1984,1.8948843060158065,2.0843727366173876,1.9873714264081352,13,1.9477665538974498,1.947418953247536,1.9765903282799497,0.03824818031162026,0.9992508071660889
1984,2.0843727366173876,2.2928100102791262,2.186108569048949,19,2.181694238622793,2.1805632506159243,2.248254401835014,0.07208313582071499,0.9992250412749756
1984,2.2928100102791262,2.522091011307039,2.404719425953844,36,2.400479960292593,2.3994358026677576,2.3419316685781397,0.07214440496549562,0.9991873834341176
1984,2.522091011307039,2.774300112437743,2.645191368549228,36,2.608638653434713,2.608366862141922,2.6187054112282833,0.03809284873001874,0.9991160317356499
1984,2.774300112437743,3.051730123681518,2.9097105054041514,116,2.8565913418142928,2.8554026149326353,2.810318002293767,0.0837894741421252,0.9990446800371822
1984,3.051730123681518,3.35690313604967,3.200681555944567,76,3.182759093334593,3.1822980203261046,3.166877098834789,0.05459987726819784,0.9988147690087862
1984,3.35690313604967,3.692593449654637,3.520749711539024,160,3.5086468968887394,3.5080444817771874,3.512897502867209,0.06527777308565884,0.9986641376453543
1984,3.692593449654637,4.061852794620101,3.8728246826929267,134,3.934791249830959,3.9336195187038148,3.9929934949257277,0.09572663127618489,0.9983470189854977
1984,4.061852794620101,4.468038074082111,4.260107150962219,82,4.232613088820491,4.2322508779318015,4.215477003440651,0.05643618465675708,0.9980814321078679
1984,4.468038074082111,4.914841881490323,4.686117866058441,182,4.694589898908624,4.69390284528734,4.6838633371562794,0.08040643887681022,0.9979189087946915
1984,4.914841881490323,5.4063260696393565,5.154729652664287,222,5.173664631625121,5.172110982356242,5.219162004259854,0.12648585243115262,0.9975581863191046
1984,5.4063260696393565,5.946958676603292,5.670202617930716,426,5.658087120312937,5.656864132817255,5.620636004587534,0.11820081762057447,0.9971181841785537
1984,5.946958676603292,6.541654544263621,6.237222879723787,392,6.212838831785171,6.211292171546873,6.245151116208372,0.1385642014109436,0.9962738557466856
1984,6.541654544263621,7.195819998689985,6.860945167696167,758,6.98679720902317,6.985786484199851,7.025795005734418,0.1172572057248636,0.9954969150300371
1984,7.195819998689985,7.915401998558984,7.547039684465785,491,7.6057584049016045,7.603092787116672,7.619084361774214,0.2010983094551322,0.9939945653789667
1984,7.915401998558984,8.706942198414882,8.301743652912364,899,8.329029181002785,8.326882253765728,8.430954006881302,0.1884531385848382,0.9930214074915319
1984,8.706942198414882,9.577636418256372,9.131918018203601,1364,9.168243201168558,9.164747754963495,9.367726674312559,0.2519840390567346,0.991239597021463
1984,9.577636418256372,10.53540006008201,10.045109820023962,937,9.984849913099422,9.982736445145454,10.036850008192026,0.2052260460778101,0.988536160446186
1984,10.53540006008201,11.588940066090212,11.049620802026359,2024,10.958373374679839,10.953206546362301,11.007078842317254,0.3362886390551475,0.9866790342944011
1984,11.588940066090212,12.747834072699233,12.154582882228995,2319,12.156945477995313,12.152092084283266,12.044320378330513,0.34354578497480887,0.9826674832472158
1984,12.747834072699233,14.022617479969158,13.370041170451895,1724,13.287032729221258,13.2834175546136,13.245028744810524,0.3100002455685494,0.97807124467092
1984,14.022617479969158,15.424879227966075,14.707045287497087,4294,14.330349799833993,14.323996768169211,14.051590011468836,0.43183354256209805,0.9746542911109658
1984,15.424879227966075,16.967367150762684,16.1777498162468,4975,16.30364978158977,16.296358403440166,16.393521680046973,0.48644788781412557,0.9661436190770658
1984,16.967367150762684,18.664103865838953,17.795524797871476,4166,17.73318956833692,17.727928436736708,17.564487514336044,0.4323782576817103,0.9562832107471514
1984,18.664103865838953,20.53051425242285,19.575077277658625,6475,19.47704628410896,19.467780945588892,19.506818727921367,0.6012679023430109,0.9480262336411366
1984,20.53051425242285,22.58356567766514,21.53258500542449,7667,21.642108040367017,21.63358493089552,21.604319642633335,0.6079645091082255,0.9351928378750671
1984,22.58356567766514,24.841922245431654,23.685843505966943,8551,23.722904343285055,23.714560533737853,23.606671219267646,0.6291252360935006,0.9199969080930664
1984,24.841922245431654,27.326114469974822,26.05442785656364,8631,26.181535791022927,26.169633465554032,26.171788975861283,0.7895923246797192,0.9030488977153582
1984,27.326114469974822,30.058725916972307,28.659870642220007,11933,28.48210915932131,28.473691307186392,28.10318002293767,0.697006307879584,0.8859423280077219
1984,30.058725916972307,33.06459850866954,31.525857706442007,11831,31.510847890796107,31.49827447420827,31.467481961433595,0.8905363556884262,0.862291221957296
1984,33.06459850866954,36.37105835953649,34.67844347708621,16434,34.62828373268689,34.61621490536288,34.84419613777299,0.914072848865527,0.8388422790525287
1984,36.37105835953649,40.00816419549015,38.14628782479483,13789,38.13770830554856,38.12465906560616,37.93929303096586,0.9986372708788018,0.8062702287020135
1984,40.00816419549015,44.008980615039164,41.96091660727432,15867,41.917708714467544,41.90435597430994,42.15477003440651,1.057171648717817,0.7789405461972517
1984,44.008980615039164,48.40987867654309,46.15700826800175,18139,46.19920109083239,46.183183031445495,46.251370586350134,1.2160773038710486,0.7474922850976031
1984,48.40987867654309,53.2508665441974,50.77270909480194,16136,50.90602107773964,50.88682744826727,50.861135205512596,1.397131963583775,0.7115409390279916
1984,53.2508665441974,58.57595319861715,55.84998000428214,18061,56.041460681973284,56.02388464971815,56.20636004587534,1.4028238843347396,0.6795595221814592
1984,58.57595319861715,64.43354851847886,61.43497800471035,16892,61.46217724430994,61.44013798208365,61.37664259059531,1.646452276576748,0.6437627714585278
1984,64.43354851847886,70.87690337032676,67.57847580518138,24638,68.09371176803579,68.0668546592152,68.27386554772478,1.9072737815393628,0.6102829689441732
1984,70.87690337032676,77.96459370735944,74.33632338569954,16539,74.40915582949292,74.38326371859907,74.35455060928781,1.963489226668957,0.5614506593095138
1984,77.96459370735944,85.76105307809539,81.7699557242695,18338,82.11193292466605,82.08075400806159,82.30217006717461,2.257394918332854,0.5286704998384677
1984,85.76105307809539,94.33715838590494,89.94695129669645,18512,90.19044298189667,90.1552567264745,90.16436924025837,2.5194760032842103,0.4923247374356596
1984,94.33715838590494,103.77087422449544,98.94164642636612,16256,99.0229285980799,98.98669597651244,98.3903573875057,2.6787843031293526,0.45563410849025754
1984,103.77087422449544,114.14796164694499,108.83581106900273,18318,108.68252145092804,108.64079181647153,108.74806541675962,3.0141787373771223,0.4234148526488327
1984,114.14796164694499,125.5627578116395,119.71939217590301,15802,119.49147258264996,119.44916514337767,119.37247262443121,3.1834744100113492,0.3871087300785067
1984,125.5627578116395,138.11903359280345,131.69133139349333,14608,131.4456073117133,131.3905597716537,131.16203767585378,3.8059969274407615,0.3557892984344248
1984,138.11903359280345,151.93093695208384,144.86046453284268,17108,143.63231645201918,143.58174105595643,142.79038415121147,3.832263208312506,0.3268363647895224
1984,151.93093695208384,167.12403064729222,159.34651098612696,12547,159.38074690627403,159.3214001650909,159.25135346331348,4.348091072483947,0.29292845208436147
1984,167.12403064729222,183.83643371202146,175.28116208473966,14197,175.0178836032331,174.95405683647675,175.64487514336045,4.728214142818638,0.2680604031767362
1984,183.83643371202146,202.22007708322363,192.80927829321365,11397,192.56939529996112,192.50069308665584,192.15549340683634,5.150677730797593,0.23992206808934025
1984,202.22007708322363,222.442084791546,212.09020612253505,11276,211.68130366738006,211.61942141385472,210.77385017203252,5.125552641237644,0.21733330954943383
1984,222.442084791546,244.68629327070062,233.29922673478856,10362,232.84730148894423,232.7647793719145,233.3114295845943,6.204294939390475,0.19498437199604393
1984,244.68629327070062,269.1549225977707,256.62914940826744,8627,255.7987466863456,255.6985656655712,255.22746033231536,7.16797540268815,0.17444697478708454
1984,269.1549225977707,296.0704148575478,282.2920643490942,9421,282.33504304731815,282.2568399822818,281.0318002293767,6.654372522159063,0.15734833304594456
1984,296.0704148575478,325.6774563433026,310.52127078400366,7122,310.4661455024289,310.356207923153,310.5401392534613,8.261446687175896,0.13867598995526645
1984,325.6774563433026,358.2452019776329,341.573397862404,7600,342.41060883977644,342.27741171479374,342.7789832485745,9.531174880266837,0.12456024560840206
1984,358.2452019776329,394.0697221753962,375.7307376486445,5961,376.3297580403692,376.1952143679246,375.3840116793865,10.065570578341124,0.10949710926521625
1984,394.0697221753962,433.4766943929359,413.3038114135089,6145,415.25445163466765,415.1109918124806,419.98516353478976,10.875989553521254,0.0976824571939359
1984,433.4766943929359,476.8243638322295,454.6341925548599,5048,455.31862579047964,455.14954343787554,456.6766753727372,12.400446705206432,0.08550311866382053
1984,476.8243638322295,524.5068002154525,500.0976118103459,4393,500.1034697597847,499.92285452201264,499.53402490771714,13.443543431270975,0.07549802494534658
1984,524.5068002154525,576.9574802369978,550.1073729913805,4986,549.3240340367173,549.0944107198557,551.2545553583311,15.865903947873228,0.06679113574066035
1984,576.9574802369978,634.6532282606977,605.1181102905186,3770,606.6512107972767,606.4168231567088,606.5603021617382,16.87367974958216,0.056908925502880826
1984,634.6532282606977,698.1185510867674,665.6299213195706,2942,663.147604948789,662.9113753539153,662.6362166136737,17.716063778513124,0.04943681708001102
1984,698.1185510867674,767.9304061954442,732.1929134515277,3858,722.6656696649965,722.3668659793593,716.6310905849107,20.899860754421926,0.04360579772189883
1984,767.9304061954442,844.7234468149887,805.4122047966805,2876,807.4017644722733,807.006740443259,805.4025725459655,25.278839416447255,0.03595927403610792
1984,844.7234468149887,929.1957914964877,885.9534252763486,2394,885.0893671119437,884.749206978582,883.376625387674,24.538265293142068,0.030259066125186557
1984,929.1957914964877,1022.1153706461365,974.5487678039835,2309,971.2720039288008,970.9093213560454,971.5763949897956,26.5820750759756,0.025514178177083024
1984,1022.1153706461365,1124.3269077107502,1072.003644584382,2075,1073.9653454735737,1073.5122655870382,1067.9208408716315,31.27604648492497,0.02093775951702828
1984,1124.3269077107502,1236.7595984818254,1179.2040090428204,1617,1182.122219102388,1181.6724268803648,1178.5771122119486,32.600717270300414,0.016825126897013733
1984,1236.7595984818254,1360.435558330008,1297.1244099471023,1261,1291.1002226502508,1290.640719264194,1285.7204860493985,34.52698652685079,0.013620246440838542
1984,1360.435558330008,1496.479114163009,1426.8368509418128,1182,1421.6474782013252,1421.2621062218036,1407.4346561492412,33.26160959218669,0.011120955002844157
1984,1496.479114163009,1646.12702557931,1569.5205360359942,884,1573.12891965575,1572.52631137146,1566.7522862787753,43.57651730029184,0.008778240903153944
1984,1646.12702557931,1810.7397281372412,1726.4725896395937,766,1725.1761772331997,1724.5863451377713,1721.3197764049323,45.167127562625105,0.0070261603074465405
1984,1810.7397281372412,1991.8137009509653,1899.1198486035532,618,1892.5884226498313,1891.9145583796478,1889.9388565425586,50.61903840191426,0.005507954723383339
1984,1991.8137009509653,2190.995071046062,2089.0318334639087,503,2092.1769468424095,2091.534435698548,2107.7385017203255,51.81641952561754,0.00428308389968744
1984,2190.995071046062,2410.0945781506684,2297.9350168102997,366,2293.271171696561,2292.4202857418495,2283.383376863686,62.64568787345664,0.0032861421127634315
1984,2410.0945781506684,2651.1040359657354,2527.72851849133,322,2522.100813870446,2521.270844035177,2529.2862020643906,64.96673296171383,0.0025607331783415884
1984,2651.1040359657354,2916.2144395623095,2780.5013703404634,253,2779.9826559213266,2779.0772692562796,2810.318002293767,70.98242870648866,0.0019225318753802946
1984,2916.2144395623095,3207.835883518541,3058.55150737451,171,3062.3144843922873,3061.2113613977485,3089.3727438085302,82.30552549179129,0.0014210879944821352
1984,3207.835883518541,3528.619471870395,3364.4066581119614,183,3386.3185724853574,3384.777763159813,3372.3816027525204,102.31813561137207,0.0010821674267604544
1984,3528.619471870395,3881.481419057435,3700.8473239231575,82,3724.5811649323414,3723.305322009156,3751.7745330621797,97.97263476569425,0.000719462959549533
1984,3881.481419057435,4269.629560963178,4070.9320563154733,96,4109.494773961555,4107.690567721362,4185.337748025052,121.93517637628119,0.0005569396463730545
1984,4269.629560963178,4696.5925170594965,4478.02526194702,49,4506.989645686963,4505.612546831602,4496.508803670027,112.56614793482062,0.00036666845045912834
1984,4696.5925170594965,5166.251768765446,4925.827788141723,54,4912.874537832493,4911.741312230676,4918.056504014093,106.71241781995938,0.00026955086087806194
1984,5166.251768765446,5682.876945641992,5418.410566955897,24,5450.964167616591,5448.550849248477,5444.9911294441745,165.5077212634617,0.0001625233131764785
1984,5682.876945641992,6251.1646402061915,5960.251623651487,13,5947.497606085086,5946.571661551921,5950.848369857052,109.09159914304081,0.00011495551419799699
1984,6251.1646402061915,6876.281104226811,6556.276786016636,20,6454.949161518496,6453.550931334838,6505.886175310071,137.7782923464882,8.918962308465285e-05
1984,6876.281104226811,7563.909214649492,7211.904464618299,7,7047.373831778031,7047.2076685928005,7025.795005734418,52.51491899034467,4.9549790602584914e-05
1984,8320.300136114443,9152.330149725889,8726.404402188145,6,8606.598882024662,8602.510254440878,8430.954006881302,293.9100917960365,3.567584923386114e-05
1984,9152.330149725889,10067.563164698478,9599.04484240696,3,9836.113008028186,9836.113008028182,9836.113008028186,0.0,2.3783899489240757e-05
1984,10067.563164698478,11074.319481168326,10558.949326647657,2,10412.930777998981,10409.525618911654,10412.930777998981,376.5734367170303,1.783792461693057e-05
1984,11074.319481168326,12181.751429285161,11614.844259312424,4,11479.735571333951,11476.455742746764,11352.857793194646,319.26463744781853,1.3873941368723776e-05
1984,13399.926572213677,14739.919229435045,14053.961553768033,3,13911.072237808812,13909.643199479666,14051.587201150835,243.37905573205896,5.945974872310189e-06
1985,0.0016079469879319557,0.0017687416867251515,0.001686429028331579,2,0.0016079469879319557,0.0016079469879319564,0.0016079469879319557,0.0,1.0
1985,0.0028485761738877248,0.0031334337912764976,0.002987611895860122,2,0.0030149006023724167,0.003014900602372416,0.0030149006023724167,0.0,0.9999961099862488
1985,0.023188193239230576,0.025507012563153634,0.024319982242384314,3,0.023449226907341022,0.02344922690734102,0.023449226907341022,0.0,0.9999922199724977
1985,0.028057713819468998,0.030863485201415904,0.029427178513285027,2,0.03014900602372417,0.030149006023724164,0.03014900602372417,0.0,0.9999863849518708
1985,0.03734481709371325,0.04107929880308458,0.03916757460118238,3,0.040198674698298895,0.0401986746982989,0.040198674698298895,0.0,0.9999824949381196
1985,0.04518722868339304,0.049705951551732346,0.04739276526743069,10,0.04847960168614847,0.04847960168614844,0.04847960168614847,0.0,0.9999766599174928
1985,0.06014420137759615,0.06615862151535577,0.06307977057095027,1,0.06029801204744834,0.060298012047448335,0.06029801204744834,,0.9999572098487368
1985,0.06615862151535577,0.07277448366689136,0.06938774762804531,9,0.06699779116383148,0.06699779116383149,0.06699779116383148,0.0,0.9999552648418613
1985,0.08005193203358049,0.08805712523693855,0.08395917462993481,2,0.08240728313151273,0.08240728313151273,0.08240728313151273,0.0,0.9999377597799808
1985,0.09686283776063241,0.10654912153669567,0.10159060130222114,4,0.10049668674574723,0.10049668674574722,0.10049668674574723,0.0,0.9999338697662297
1985,0.11720403369036524,0.12892443705940176,0.1229246275756876,11,0.122423236581183,0.12239954805243723,0.12059602409489668,0.002535154439048667,0.9999260897387272
1985,0.12892443705940176,0.14181688076534196,0.13521709033325638,9,0.13622884203312402,0.13619262170712135,0.13399558232766295,0.0033498895581915845,0.9999046946630956
1985,0.14181688076534196,0.15599856884187618,0.14873879936658202,12,0.14907008533952507,0.14906067524038746,0.14907008533952507,0.0017494227660013852,0.9998871896012153
1985,0.1715984257260638,0.18875826829867018,0.17997394723356427,5,0.18491390361217488,0.1849139036121749,0.18491390361217488,0.0,0.9998638495187081
1985,0.18875826829867018,0.20763409512853725,0.19797134195692073,14,0.19812203958447314,0.19806924917243862,0.20099337349149446,0.004711357343176724,0.9998541244843301
1985,0.20763409512853725,0.22839750464139097,0.21776847615261283,5,0.2251125783104738,0.2251125783104738,0.2251125783104738,0.0,0.9998268943880717
1985,0.22839750464139097,0.2512372551055301,0.2395453237678741,5,0.2411920481897934,0.2411920481897934,0.24119204818979337,3.1031676915590914e-17,0.9998171693536937
1985,0.2512372551055301,0.2763609806160831,0.26349985614466154,4,0.2512417168643681,0.2512417168643681,0.2512417168643681,0.0,0.9998074443193157
1985,0.2763609806160831,0.30399707867769143,0.2898498417591277,4,0.30048509336978424,0.3004834128184836,0.30048509336978424,0.0011604357829064745,0.9997996642918132
1985,0.30399707867769143,0.3343967865454606,0.3188348259350405,8,0.3140521460804601,0.3140521460804601,0.3140521460804601,0.0,0.9997918842643109
1985,0.3343967865454606,0.36783646520000673,0.3507183085285446,3,0.33498895581915744,0.3349889558191574,0.33498895581915744,0.0,0.9997763242093061
1985,0.36783646520000673,0.40462011172000745,0.3857901393813991,13,0.401986746982989,0.4019867469829889,0.4019867469829889,5.777783805466598e-17,0.9997704891886793
1985,0.4450821228920082,0.48959033518120904,0.466806068651493,11,0.46411197151672356,0.46410242150510284,0.46228475903043725,0.0031294625809318187,0.9997452040992965
1985,0.48959033518120904,0.53854936869933,0.5134866755166423,19,0.5176108297336224,0.5174439481809667,0.5225827710778856,0.013531418974294464,0.9997238090236649
1985,0.592404305569263,0.6516447361261894,0.6213188773751372,1,0.6110198554141432,0.6110198554141432,0.6110198554141432,,0.9996868538930285
1985,0.6516447361261894,0.7168092097388085,0.6834507651126511,12,0.6867273594292728,0.6866395278113872,0.6891201376851238,0.011452660353829008,0.9996849088861529
1985,0.7884901307126894,0.8673391437839584,0.826975425786308,6,0.8374723895478935,0.8371327963870173,0.8542218373388515,0.025948132941020198,0.9996615688036458
1985,0.8673391437839584,0.9540730581623543,0.9096729683649389,10,0.8944205120371501,0.894414280272869,0.8933038821844197,0.003531093637966872,0.9996498987623921
1985,0.9540730581623543,1.0494803639785897,1.0006402652014328,19,1.015545466062288,1.0154514758685194,1.0049668674574723,0.014230176588919617,0.9996304486936362
1985,1.0494803639785897,1.154428400376449,1.1007042917215761,19,1.1424886493200734,1.1424435849442274,1.1485335628085398,0.010392251620044276,0.9995934935629998
1985,1.154428400376449,1.2698712404140937,1.2107747208937338,14,1.216871309795648,1.2167836748428476,1.205960240948967,0.015191333230346956,0.9995565384323634
1985,1.2698712404140937,1.3968583644555033,1.3318521929831073,49,1.3191728349972371,1.3189043447824498,1.3399558232766298,0.026792706471468693,0.999529308336105
1985,1.3968583644555033,1.536544200901054,1.4650374122814183,58,1.4982323292295299,1.4977583115682302,1.5074503011862084,0.03738786660535469,0.9994340029992006
1985,1.536544200901054,1.6901986209911593,1.6115411535095603,49,1.6151663417553235,1.6146593629824146,1.6079469879319557,0.04087672113592501,0.9993211926004159
1985,1.6901986209911593,1.8592184830902754,1.7726952688605164,41,1.7893312518145235,1.7888433367424479,1.7866077643688394,0.04221048973666592,0.9992258872635115
1985,1.8592184830902754,2.045140331399303,1.9499647957465682,101,2.0046800467365524,2.0045948489861263,2.0099337349149446,0.018354272678761527,0.9991461419816119
1985,2.045140331399303,2.2496543645392335,2.1449612753212253,45,2.14839583665353,2.1471840241650835,2.1104304216606917,0.07310888960373967,0.9989496962871763
1985,2.2496543645392335,2.4746198009931573,2.359457402853348,37,2.3684515906903947,2.367715610441887,2.411920481897934,0.0597205066003284,0.9988621709777744
1985,2.4746198009931573,2.722081781092473,2.5954031431386833,53,2.594710681941142,2.5932538820614752,2.6799116465532595,0.08772581884285154,0.9987902057233772
1985,2.722081781092473,2.9942899592017205,2.8549434574525514,74,2.864019765920356,2.8637824387517528,2.8713339070213495,0.03716600448243743,0.9986871203589704
1985,2.9942899592017205,3.2937189551218933,3.140437803197807,118,3.090528617482777,3.088885063560067,3.0149006023724167,0.10203333847077677,0.9985431898501761
1985,3.2937189551218933,3.6230908506340826,3.454481583517588,123,3.427074281797244,3.4263610598909784,3.445600688425619,0.07028358606979596,0.9983136790388554
1985,3.6230908506340826,3.9853999356974907,3.7999297418693465,75,3.7696494792145048,3.768135470023207,3.751876305174563,0.10803238906210912,0.9980744431931566
1985,3.9853999356974907,4.38393992926724,4.179922716056281,284,4.099557096080391,4.097945982045297,4.019867469829889,0.11622024027251289,0.9979285676774867
1985,4.38393992926724,4.822333922193964,4.59791498766191,203,4.590470825214856,4.589567001217737,4.594134251234159,0.09112234333186275,0.9973761857248166
1985,4.822333922193964,5.304567314413362,5.057706486428102,334,4.966928988871656,4.965460690811224,5.024834337287362,0.12133219519159266,0.9969813493290699
1985,5.304567314413362,5.8350240458546985,5.5634771350709125,402,5.532817589693725,5.5306171074297525,5.527317771016097,0.15656554286109337,0.9963317170326197
1985,5.8350240458546985,6.418526450440169,6.119824848578004,410,6.067240877721156,6.066315144904712,6.0298012047448335,0.10660648745241949,0.9955498242686288
1985,6.418526450440169,7.060379095484187,6.731807333435805,853,6.724706693144284,6.72236233769796,6.699779116383149,0.17760821380350575,0.994752371449633
1985,7.060379095484187,7.766417005032606,7.404988066779387,663,7.390059480846087,7.3876121144219855,7.369757028021463,0.1906328830178687,0.9930932805847469
1985,7.766417005032606,8.543058705535866,8.145486873457324,1032,8.09687081177311,8.09538349518867,8.039734939659779,0.15700851866879778,0.9918037410262245
1985,8.543058705535866,9.397364576089453,8.960035560803059,1055,9.00377917524429,9.000503588768431,9.044701807117251,0.242879564060124,0.9897964939306061
1985,9.397364576089453,10.337101033698401,9.856039116883364,1785,9.953839763349823,9.950974566777084,10.049668674574724,0.23789586061220513,0.9877445116768487
1985,10.337101033698401,11.370811137068241,10.841643028571703,1372,10.867021705567652,10.863748165305898,10.824431131593268,0.2667764096940516,0.984272674403904
1985,11.370811137068241,12.507892250775067,11.925807331428873,2148,11.939229648983762,11.934963062507366,12.059602409489667,0.3186500873706102,0.9816041249705818
1985,12.507892250775067,13.758681475852576,13.118388064571763,3001,13.20607852425412,13.202147416128055,13.399558232766298,0.32047687853505885,0.9774262502017944
1985,13.758681475852576,15.134549623437833,14.43022687102894,3309,14.565636383321177,14.559192438763665,14.617699890290504,0.4317922487860457,0.971589284568121
1985,15.134549623437833,16.648004585781617,15.873249558131835,3855,15.96588729870808,15.96234741454746,16.079469879319557,0.334615957070166,0.9651532568167629
1985,16.648004585781617,18.31280504435978,17.46057451394502,4687,17.46262805680318,17.455454054407973,17.419425702596186,0.5005317825326926,0.9576552553113276
1985,18.31280504435978,20.14408554879576,19.206631965339522,7655,19.628206833679744,19.619649533097412,20.099337349149447,0.5752548166673319,0.9485390080853936
1985,20.14408554879576,22.158494103675338,21.127295161873477,5280,21.32575408827341,21.319329666262576,21.439293172426076,0.5222187023057728,0.9336499804526809
1985,22.158494103675338,24.374343514042874,23.240024678060827,8774,23.34157520164374,23.33115364407134,23.38724437940145,0.6964498434206803,0.9233803441495165
1985,24.374343514042874,26.811777865447166,25.564027145866913,9956,25.983134945112702,25.971241679239647,26.12913855389428,0.7828215687439719,0.9063148538230082
1985,26.811777865447166,29.49295565199188,28.120429860453605,8746,28.328432218458982,28.31893773746404,28.23956897555497,0.7322851096508411,0.8869503653695415
1985,29.49295565199188,32.44225121719107,30.932472846498968,12806,31.06607870554826,31.053379199511646,30.8524828309444,0.8888220213374433,0.86993933523555
1985,32.44225121719107,35.68647633891019,34.02572013114887,12891,33.950929143581035,33.93916008469199,33.69243880102982,0.8951039447244975,0.8450315771866254
1985,35.68647633891019,39.25512397280121,37.428292144263764,11922,37.395805545377016,37.38178696545584,37.32734079127754,1.0250206043739294,0.8199584935532747
1985,39.25512397280121,43.18063637008133,41.17112135869014,16051,40.92126145462557,40.90766588788495,40.198674698298895,1.0610056272608348,0.7967701215823798
1985,43.18063637008133,47.49870000708947,45.28823349455916,15820,45.32453241063867,45.30838130166834,45.223509035586254,1.2100117495443004,0.7655508162221354
1985,47.49870000708947,52.24857000779842,49.81705684401508,16124,49.68900841206315,49.672330005465064,49.77935883472679,1.2887924819804564,0.7347808074501543
1985,52.24857000779842,57.47342700857826,54.79876252841659,16819,54.764398711081796,54.74233509536792,54.670197589686495,1.5550925568161074,0.7034195165879912
1985,57.47342700857826,63.22076970943609,60.278638781258245,17211,60.27102322886451,60.25182513479568,60.29801204744834,1.5211874063586723,0.6707064459472865
1985,63.22076970943609,69.54284668037971,66.30650265938408,21568,66.26539427297946,66.24319369418946,66.6413629148399,1.7156290049137262,0.6372309326113468
1985,69.54284668037971,76.49713134841768,72.9371529253225,17945,72.89925914391736,72.86998383524481,72.6719680930787,2.0679252217571564,0.595281024318421
1985,76.49713134841768,84.14684448325946,80.23086821785475,19592,80.4210011943145,80.39693787221951,80.39734939659779,1.9667302941635465,0.5603778759357915
1985,84.14684448325946,92.56152893158541,88.25395503964023,17031,88.25235469025534,88.21750563056611,88.43708433625756,2.479514693309459,0.5222713012290499
1985,92.56152893158541,101.81768182474397,97.07935054360426,18852,97.491342915095,97.45380934413309,97.45324508433902,2.7008977225175537,0.4891458891307181
1985,101.81768182474397,111.99945000721837,106.7872855979647,16671,106.74561828031592,106.70806574153433,107.15358727578554,2.8321935592857206,0.45247861951192
1985,111.99945000721837,123.19939500794021,117.46601415776117,17318,117.95241384204999,117.90787518428967,118.58609035998172,3.2322593955468837,0.42005340988880396
1985,123.19939500794021,135.51933450873426,129.2126155735373,17186,129.3622190612655,129.3061230225123,129.43973252852243,3.806408062717768,0.3863697808171752
1985,135.51933450873426,149.0712679596077,142.13387713089105,14741,142.17079528390212,142.1154361872844,142.03445969559587,3.9676341754223,0.3529428926531255
1985,149.0712679596077,163.97839475556847,156.34726484398018,16338,156.64480902282287,156.58009413528205,156.77483132336567,4.498000475794331,0.32427154629991617
1985,163.97839475556847,180.37623423112532,171.9819913283782,12342,171.60666505168544,171.54192591168703,171.5143453794086,4.714343776218051,0.2924940239663747
1985,180.37623423112532,198.4138576542379,189.18019046121603,11997,188.5098021795197,188.4349820551955,188.26379317036645,5.315605361809028,0.2684887491077281
1985,198.4138576542379,218.2552434196617,208.09820950733766,14341,206.3021988970742,206.2233048855117,204.3411191203688,5.735839209601853,0.24515450162116323
1985,218.2552434196617,240.08076776162787,228.90803045807144,9442,228.41918403985431,228.34070544888002,227.79248995702702,5.9938440054122015,0.2172611580181936
1985,240.08076776162787,264.0888445377907,251.7988335038786,11319,250.10570652499715,250.00257168380963,250.11079414952258,7.197333797335565,0.19889640309878495
1985,264.0888445377907,290.4977289915698,276.9787168542665,9780,276.4752883417868,276.3686387295123,276.36588855080487,7.685358192932534,0.17688087027387642
1985,290.4977289915698,319.5475018907268,304.67658853969317,8676,303.9649726692187,303.87323307724705,301.7312522854315,7.481347598217901,0.15785870303051522
1985,319.5475018907268,351.5022520797995,335.1442473936625,7849,333.16557570246704,333.04318540513447,333.84999336937227,9.05053628102853,0.14098382337781565
1985,351.5022520797995,386.6524772877795,368.6586721330288,6926,367.41579280348384,367.2746088226862,365.8079397545199,10.199837811427527,0.12571746441123668
1985,386.6524772877795,425.31772501655746,405.5245393463317,7681,404.4689948565563,404.36450439236387,401.98674698298896,9.214308110396649,0.11224634679083591
1985,425.31772501655746,467.84949751821324,446.0769932809649,5226,446.0055819150773,445.8439914388855,445.70280571738897,11.99981531957049,0.09730674897935764
1985,467.84949751821324,514.6344472700346,490.6846926090614,6081,491.79601828413934,491.6046954833106,492.43376505416137,13.698774999085568,0.08714214304747567
1985,514.6344472700346,566.0978919970381,539.7531618699676,4553,541.6170690162977,541.4181448755946,540.445990149151,14.6793486387216,0.07531455623695629
1985,566.0978919970381,622.7076811967419,593.7284780569644,4568,594.8917414864137,594.6993273399013,602.9801204744833,15.089618112782393,0.06645893993235266
1985,622.7076811967419,684.9784493164162,653.1013258626608,4087,653.7425063526903,653.4909521888083,653.228463847357,18.130906575019466,0.05757414852461504
1985,684.9784493164162,753.4762942480579,718.4114584489271,3400,718.0093317116667,717.7710361232809,716.8763654529969,18.516135372094162,0.049624905424040675
1985,753.4762942480579,828.8239236728638,790.2526042938198,3551,792.2533235165007,792.0090768541966,803.9734939659779,19.592911059906598,0.043011882047003035
1985,828.8239236728638,911.7063160401501,869.2778647232018,2790,873.0167771128881,872.6671910083538,873.2031155490588,24.683447392574113,0.036105162631749906
1985,911.7063160401501,1002.8769476441654,956.2056511955221,2309,953.1651793447428,952.8631330324722,950.7991533015145,24.047488121174286,0.03067859344882784
1985,1002.8769476441654,1103.1646424085818,1051.8262163150744,2453,1041.6973640715498,1041.2171054856367,1039.8057188626647,31.714528823471372,0.026187572573069046
1985,1103.1646424085818,1213.48110664944,1157.008837946582,2039,1164.6129322869306,1164.0132528473882,1165.7615662506678,37.30285159368876,0.02141647070722395
1985,1213.48110664944,1334.8292173143843,1272.7097217412402,1524,1271.5916313117746,1271.0951936032754,1272.9312329963327,35.53762076461903,0.017450601687876967
1985,1334.8292173143843,1468.312139045823,1399.9806939153643,1415,1395.5731646201318,1395.03901614407,1404.0705654910992,38.64498392620246,0.014486411209463625
1985,1468.312139045823,1615.1433529504054,1539.978763306901,1306,1546.3748958702427,1545.6218356728914,1540.9491967681242,48.30250650151549,0.011734226480490608
1985,1615.1433529504054,1776.657688245446,1693.9766396375912,866,1691.5349015129514,1690.9301622134797,1693.690761063427,45.24833861277142,0.009194047500957916
1985,1776.657688245446,1954.3234570699906,1863.3743036013504,759,1864.1972519844508,1863.5370790395775,1865.8841960540724,49.66228053410821,0.007509671546688918
1985,1954.3234570699906,2149.75580277699,2049.7117339614856,708,2037.6912048186214,2037.1257931755106,2011.9436686498598,48.283560992955984,0.006033411328109045
1985,2149.75580277699,2364.731383054689,2254.6829073576346,432,2252.3446764783253,2251.617294243773,2257.4369750323713,57.31037784614789,0.004656346460184737
1985,2364.731383054689,2601.204521360158,2480.151198093398,439,2464.813214581655,2464.006531527935,2449.908229487826,63.41003824667364,0.003816103489925837
1985,2601.204521360158,2861.324973496174,2728.166317902738,332,2723.1988802748992,2722.065007079403,2714.8476447556395,78.63010447399108,0.002962245471537742
1985,2861.324973496174,3147.457470845792,3000.982949693012,241,2993.270187305672,2992.3719181812176,3014.900602372417,73.53894705306223,0.0023165031888387724
1985,3147.457470845792,3462.203217930371,3301.0812446623136,243,3294.8631395497687,3293.871212924466,3288.2515903208496,81.11809663466018,0.00184775653181934
1985,3462.203217930371,3808.4235397234092,3631.189369128545,103,3631.0042397726465,3629.664663464402,3617.8807228469,99.20215287176948,0.0013751198610487088
1985,3808.4235397234092,4189.2658936957505,3994.3083060414006,145,4002.547806148604,4001.300762495116,4019.867469829889,99.91173588134468,0.0011747841528619803
1985,4189.2658936957505,4608.192483065326,4393.739136645541,85,4403.213854892484,4400.922138915108,4421.854216812878,142.64225873546374,0.0008927581559000812
1985,4608.192483065326,5069.011731371858,4833.113050310095,87,4835.920685565035,4833.942808948411,4841.930367410102,139.2970430891919,0.0007274325714741401
1985,5069.011731371858,5575.912904509045,5316.424355341105,62,5330.202973136525,5327.5130277809585,5336.374066199178,170.62758390093887,0.0005582169732970006
1985,5575.912904509045,6133.50419495995,5848.066790875216,60,5817.883618078105,5815.772207050815,5808.70849390419,158.48494268874927,0.00043762654700984366
1985,6133.50419495995,6746.854614455945,6432.8734699627375,38,6421.827608739866,6419.265030938442,6431.787951727823,184.101335508586,0.00032092613447388534
1985,6746.854614455945,7421.540075901541,7076.160816959013,24,7103.563313606377,7101.819983915799,7044.817740876881,160.80295576914153,0.0002470158732011118
1985,7421.540075901541,8163.694083491695,7783.7768986549145,16,7746.938998537941,7744.504227816966,7708.095873398812,201.04859039130648,0.00020033570818672844
1985,8163.694083491695,8980.063491840867,8562.154588520407,20,8727.936250494655,8724.622510304229,8843.708433625756,244.39409216058687,0.00016921559817713956
1985,8980.063491840867,9878.069841024953,9418.370047372448,13,9229.600249700696,9228.58696587338,9256.347829403794,142.18377555908796,0.00013031546066515345
1985,9878.069841024953,10865.87682512745,10360.207052109694,20,10232.481554255119,10231.436550571365,10225.537826131436,150.30294885151932,0.00010503037128236248
1985,10865.87682512745,11952.464507640196,11396.227757320665,9,11422.006763580539,11417.165459886537,11566.498666523868,353.2686464027053,6.613023377037638e-05
1985,11952.464507640196,13147.710958404215,12535.850533052731,13,12768.851334102477,12762.802636171995,12843.476566106498,404.9377331201988,4.862517188998263e-05
1985,13147.710958404215,14462.482054244638,13789.435586358004,1,14069.536144404612,14069.5361444046,14069.536144404612,,2.334008250719166e-05
1985,14462.482054244638,15908.730259669104,15168.379144993807,5,15138.82089137936,15138.553338495243,15114.701686560382,100.8978727191401,2.1395075631592356e-05
1985,15908.730259669104,17499.603285636014,16685.21705949319,3,16481.456626302544,16471.805845203988,16079.469879319557,696.2614697438721,1.167004125359583e-05
1985,21174.519975619583,23291.971973181542,22208.02390618544,2,21606.787449342282,21606.787449342275,21606.787449342282,0.0,5.835020626797915e-06
1985,28183.28608754967,31001.614696304638,29558.879819132824,1,30149.00602372417,30149.006023724152,30149.00602372417,,1.945006875599305e-06
1986,0.03549713231006227,0.0390468455410685,0.03722970645145988,6,0.03549713231006227,0.03549713231006229,0.03549713231006227,0.0,1.0
1986,0.08370038116763288,0.09207041928439619,0.0877857003638277,5,0.08519311754414946,0.08519311754414945,0.08519311754414946,0.0,0.9999788837975379
1986,0.1012774612128358,0.11140520733411939,0.10622069744023152,2,0.10649139693018682,0.1064913969301868,0.10649139693018682,0.0,0.9999612869621527
1986,0.19736112051003998,0.217097232561044,0.20699408947570552,2,0.21298279386037364,0.21298279386037364,0.21298279386037364,0.0,0.9999542482279987
1986,0.4230610894543835,0.4653671983998219,0.4437102139362614,6,0.4259655877207473,0.42596558772074733,0.4259655877207473,0.0,0.9999472094938446
1986,0.6813441151771794,0.7494785266948973,0.7145997366464887,3,0.7099426462012454,0.7099426462012454,0.7099426462012454,0.0,0.9999260932913825
1986,1.3277469282301397,1.460521621053154,1.3925527264585098,16,1.371076735476155,1.3704540410867223,1.357765310859882,0.042744207598751756,0.9999155351901514
1986,1.460521621053154,1.6065737831584694,1.5318079991043612,14,1.5213056704312398,1.52130567043124,1.5213056704312402,4.608531526730982e-16,0.999859225316919
1986,1.6065737831584694,1.7672311614743166,1.6849887990147971,1,1.703862350882989,1.703862350882989,1.703862350882989,,0.9998099541778407
1986,1.7672311614743166,1.9439542776217482,1.853487678916277,6,1.7748566155031134,1.7748566155031136,1.7748566155031136,2.432376777795247e-16,0.9998064348107636
1986,1.9439542776217482,2.1383497053839235,2.0388364468079048,10,2.129827938603736,2.129827938603736,2.129827938603736,0.0,0.9997853186083014
1986,2.1383497053839235,2.352184675922316,2.242720091488696,4,2.236319335533923,2.236319335533923,2.236319335533923,0.0,0.9997501249375312
1986,2.352184675922316,2.5874031435145475,2.4669921006375652,15,2.4138049970842346,2.413113392292044,2.3664754873374845,0.06000110480502051,0.9997360474692232
1986,2.5874031435145475,2.8461434578660025,2.7136913107013223,31,2.748165082069337,2.747052632396605,2.7383502067762326,0.07955668003650485,0.9996832569630678
1986,2.8461434578660025,3.1307578036526027,2.9850604417714544,17,3.0318727126006126,3.031783186323204,3.0426113408624804,0.023912042203879828,0.99957415658368
1986,3.1307578036526027,3.443833584017864,3.2835664859486005,12,3.3544790033008844,3.353643095911428,3.3651281429939033,0.07732718103606459,0.9995143273433705
1986,3.443833584017864,3.7882169424196506,3.611923134543461,16,3.5940846463938048,3.593733301088628,3.549713231006227,0.05196248101628021,0.9994720949384462
1986,3.7882169424196506,4.167038636661616,3.9731154479978072,63,3.93172998824785,3.9309603168881093,3.8724144338249755,0.07901489153148748,0.9994157850652139
1986,4.167038636661616,4.583742500327778,4.370426992797588,68,4.303505275943432,4.302522845121202,4.259655877207472,0.09406875096280772,0.9991940649393614
1986,4.583742500327778,5.042116750360556,4.807469692077348,65,4.7871978743077825,4.786392959377283,4.738867163393313,0.08879762430393148,0.9989547479781237
1986,5.042116750360556,5.546328425396611,5.288216661285082,77,5.296909743410593,5.295318746029028,5.324569846509341,0.1300677079474043,0.998725989118117
1986,5.546328425396611,6.100961267936274,5.817038327413591,100,5.850637347344463,5.847154599242508,5.808621650737463,0.20270145543852158,0.998454997853186
1986,6.100961267936274,6.711057394729901,6.39874216015495,138,6.408004058755589,6.407004838471134,6.389483815811208,0.11422404949018698,0.9981030611454836
1986,6.711057394729901,7.382163134202893,7.038616376170446,174,7.126355321006296,7.12557325576259,7.099426462012454,0.10603281840858891,0.9976173884888542
1986,7.382163134202893,8.120379447623181,7.742478013787491,176,7.846479746537855,7.844297705966829,7.98685476976401,0.1848290044660023,0.9970050186174518
1986,8.120379447623181,8.932417392385501,8.516725815166241,161,8.486239892014265,8.485333168042338,8.519311754414945,0.12401853863363271,0.9963856100118954
1986,8.932417392385501,9.825659131624052,9.368398396682867,232,9.399885443513524,9.39688917727549,9.465901949349938,0.237248037435847,0.9958189919124945
1986,9.825659131624052,10.808225044786457,10.305238236351153,429,10.488782018387212,10.484740335330558,10.649139693018682,0.28792826819121864,0.9950024987506247
1986,10.808225044786457,11.889047549265104,11.33576205998627,233,11.393208337663935,11.388805773915019,11.447825169995083,0.3164070037718576,0.993492690274581
1986,11.889047549265104,13.077952304191616,12.469338265984897,414,12.470811367075644,12.466650009821306,12.565984837762043,0.3222077571339736,0.9926726777456343
1986,13.077952304191616,14.385747534610779,13.716272092583388,672,13.854023638727162,13.847769916630863,14.198852924024909,0.41486334287871157,0.9912156597757459
1986,14.385747534610779,15.824322288071858,15.087899301841729,482,15.114266522809297,15.110699706359748,15.213056704312402,0.3282509237038528,0.9888506450999852
1986,15.824322288071858,17.406754516879044,16.596689232025902,1159,16.608615107075554,16.601356099055515,16.734362374743643,0.4898878455243563,0.9871543101688592
1986,17.406754516879044,19.14742996856695,18.256358155228494,1230,18.286390998714324,18.280256261920155,18.255668045174883,0.4736716588848054,0.9830753637265874
1986,19.14742996856695,21.06217296542365,20.081993970751345,776,19.82469095789774,19.815973160029383,19.624843148563,0.5915267689442636,0.9787465422218469
1986,21.06217296542365,23.168390261966014,22.090193367826483,2598,21.59811948170492,21.591561296268573,21.298279386037365,0.5394777974290403,0.9760155133700755
1986,23.168390261966014,25.485229288162618,24.299212704609133,1722,24.202983749458312,24.19728838327621,24.340890726899843,0.5250407271645137,0.9668721977039649
1986,25.485229288162618,28.033752216978883,26.72913397507005,2505,26.449147097673755,26.438524139454934,26.622849232546702,0.7520520667832157,0.9608118475973281
1986,28.033752216978883,30.837127438676774,29.402047372577055,3865,29.255018994910124,29.241684685447694,28.904807738193565,0.886912238054611,0.9519958330693808
1986,30.837127438676774,33.92084018254445,32.34225210983477,3116,32.24361475432473,32.23542973997183,31.94741907905604,0.7286042366975393,0.9383934793166797
1986,33.92084018254445,37.3129242007989,35.57647732081824,5292,35.3284659284744,35.3128725179537,35.49713231006227,1.0530636707809002,0.9274271315046702
1986,37.3129242007989,41.0442166208788,39.134125052900075,3829,39.13831670980104,39.12620660516758,39.188834070308744,0.9739446609414055,0.9088026409330546
1986,41.0442166208788,45.14863828296668,43.047537558190086,7692,42.82367673445639,42.81703534363816,42.59655877207473,0.7585466703205643,0.8953269843951264
1986,45.14863828296668,49.66350211126335,47.35229131400909,5226,47.29036373202919,47.275928715276976,47.21118597238282,1.168522907600789,0.8682560128386511
1986,49.66350211126335,54.629852322389695,52.08752044541001,7076,52.097764549207916,52.079746246204074,52.180784495791535,1.3676820841342203,0.8498638004941191
1986,54.629852322389695,60.092837554628666,57.296272489951015,7786,57.36514386104431,57.34487277060187,57.07938875458013,1.5266743919770551,0.8249607590570912
1986,60.092837554628666,66.10212131009153,63.025899738946116,7840,63.20496225813509,63.18568355796908,63.89483815811208,1.5562510008144834,0.7975589669953755
1986,66.10212131009153,72.7123334411007,69.32848971284074,8412,69.46905428925245,69.44614935529684,69.4323907984818,1.7821391273938418,0.7699671291115006
1986,72.7123334411007,79.98356678521077,76.26133868412482,8624,76.51704627150912,76.48521155433374,76.6738057897345,2.2074623387883827,0.7403622132595674
1986,79.98356678521077,87.98192346373185,83.8874725525373,11718,84.53930023235577,84.51951983604829,85.19311754414946,1.817339045010868,0.710011191587305
1986,87.98192346373185,96.78011581010504,92.27621980779104,9284,92.13219198691061,92.09573343916105,92.0085669476814,2.5944851907545643,0.6687712481787276
1986,96.78011581010504,106.45812739111555,101.50384178857016,7774,101.21202496947257,101.18131708843308,101.16682708367748,2.4953971525357272,0.6360974442356286
1986,106.45812739111555,117.10394013022713,111.65422596742717,12286,110.19161807923393,110.13960737036892,109.8991216319528,3.3969898996767554,0.6087378845788374
1986,117.10394013022713,128.81433414324985,122.81964856416991,11303,123.6357511158151,123.57724287378052,123.95598602673745,3.793059374635195,0.5654989406705098
1986,128.81433414324985,141.69576755757484,135.10161342058692,8782,135.2096012201462,135.16543126410687,134.88910277823663,3.4589556544762363,0.5257195345988978
1986,141.69576755757484,155.86534431333234,148.6117747626456,10497,148.01578066384505,147.9548167274661,149.08795570226152,4.247963269936935,0.4948124529284653
1986,155.86534431333234,171.4518787446656,163.47295223891018,11625,164.08377924825163,164.0098387196951,163.81419459203593,4.928501677036286,0.4578696567209353
1986,171.4518787446656,188.59706661913216,179.82024746280123,9027,179.901168590389,179.8391265879688,179.43800382736478,4.729911507946226,0.4169570144505212
1986,188.59706661913216,207.4567732810454,197.80227220908137,8267,197.6410849710142,197.56831467500635,197.43504990856633,5.367935198007448,0.38518768784621776
1986,207.4567732810454,228.20245060914996,217.5824994299895,10454,216.65809217933725,216.58987044426655,214.58016481432642,5.46350044955807,0.35609308022045316
1986,228.20245060914996,251.02269567006496,239.34074937298848,7748,239.5086965080899,239.42045853140843,239.6056430929203,6.501876280271805,0.3193016167972352
1986,251.02269567006496,276.1249652370715,263.27482431028733,8227,262.60072037308885,262.5113654681701,262.67877909446077,6.856857666736823,0.2920335606844465
1986,276.1249652370715,303.7374617607787,289.6023067413161,7630,289.3652838148457,289.2578148188274,288.1657200930855,7.892715131429976,0.2630797277417629
1986,303.7374617607787,334.11120793685654,318.5625374154477,6729,318.77053156558026,318.6746235162695,319.47419079056044,7.814087291211918,0.23622695694406318
1986,334.11120793685654,367.5223287305422,350.4187911569925,6276,350.09173738471924,349.9704740314231,350.56967869417497,9.220311297568829,0.21254513588276283
1986,367.5223287305422,404.2745616035965,385.4606702726918,5058,384.02328793740065,383.88943392679187,383.36902894867256,10.158796990171602,0.19045758810735477
1986,404.2745616035965,444.7020177639562,424.00673729996106,6232,423.7287066022464,423.6082895031609,425.96558772074724,10.083199787437149,0.172656629431763
1986,444.7020177639562,489.1722195403518,466.4074110299572,4267,466.6196720510026,466.45267121208485,468.56214649282197,12.476307073052679,0.15072393380774401
1986,489.1722195403518,538.0894414943871,513.048152132953,4915,515.626019486488,515.3896264499415,514.8859041574532,15.586916228636136,0.1357067944900789
1986,538.0894414943871,591.8983856438259,564.3529673462483,3577,564.6876461499481,564.4880929770006,565.5403119639121,15.01386909680916,0.11840910530650167
1986,591.8983856438259,651.0882242082084,620.7882640808732,3835,624.6851981212253,624.4391254091184,628.5122246819625,17.47106445369223,0.10582032927198373
1986,651.0882242082084,716.1970466290294,682.8670904889605,3208,686.8294934901842,686.5651621212053,688.5556239844329,19.01890622085832,0.09232355653159335
1986,716.1970466290294,787.8167512919324,751.1537995378567,2691,750.599301987919,750.3503551812482,746.1497211575089,19.35008084547825,0.08103342694849758
1986,787.8167512919324,866.5984264211256,826.2691794916424,3233,827.7337642771067,827.3827031904781,828.5030681168533,24.082907688282056,0.07156281014422367
1986,866.5984264211256,953.2582690632383,908.8960974408067,1942,909.2928308954508,908.965271198273,908.3716158144935,24.428224052506415,0.06018469638420226
1986,953.2582690632383,1048.5840959695622,999.7857071848874,1655,995.2306231233365,994.8099714801206,993.9197046817436,28.990605669782543,0.05335008552061997
1986,1048.5840959695622,1153.4425055665185,1099.7642779033763,2463,1091.0506249719801,1090.6279082058284,1074.8531663486856,30.533287721341193,0.047525533008143814
1986,1153.4425055665185,1268.7867561231706,1209.740705693714,1530,1203.941105037707,1203.5295990311072,1203.352785311111,31.54271841548933,0.03885733189743157
1986,1268.7867561231706,1395.6654317354876,1330.7147762630855,1652,1322.9476450477405,1322.3902715388012,1328.2538824856038,38.500494189203145,0.033472700269583516
1986,1395.6654317354876,1535.2319749090368,1463.7862538893942,1375,1460.4126379546935,1459.8961255638549,1453.8205508909102,38.90909137212046,0.027658705858338437
1986,1535.2319749090368,1688.7551723999404,1610.1648792783337,1182,1607.0139567325728,1606.564660526284,1597.3709539528022,38.055775531461926,0.022819576127429242
1986,1688.7551723999404,1857.6306896399344,1771.1813672061671,966,1762.5596923138892,1761.8812502940405,1767.7571890411011,48.9980018486275,0.01865968424238585
1986,1857.6306896399344,2043.3937586039283,1948.2995039267842,783,1943.7299208453046,1943.0226412186203,1938.1434241293998,52.498294222308466,0.015259975645979827
1986,2043.3937586039283,2247.733134464321,2143.1294543194626,809,2141.995293717101,2141.394147901165,2129.827938603736,50.84666644957196,0.012504311224669355
1986,2247.733134464321,2472.5064479107536,2357.4423997514095,464,2354.183546991368,2353.3317113102976,2343.9288921318766,63.457342758710354,0.009657143259356238
1986,2472.5064479107536,2719.7570927018287,2593.1866397265503,479,2595.327401413656,2594.3980233093093,2577.0918057105205,69.46230228501453,0.008024156935616698
1986,2719.7570927018287,2991.7328019720126,2852.5053036992053,341,2856.726728662295,2855.6579783407115,2851.626626996542,78.4119654150164,0.006338380105721787
1986,2991.7328019720126,3290.9060821692137,3137.755834069126,288,3149.9159320181675,3148.9679116382727,3194.7419079056044,77.09356649570438,0.005138275932456307
1986,3290.9060821692137,3619.9966903861355,3451.531417476039,210,3442.4128375272976,3441.2137234351785,3427.603095859613,91.02563832512972,0.004124698214273145
1986,3619.9966903861355,3981.9963594247492,3796.6845592236436,232,3780.679606518305,3779.277554828262,3762.6960248666005,103.4222048918451,0.003385631128097923
1986,3981.9963594247492,4380.195995367225,4176.353015146008,155,4186.685223865827,4185.458392413994,4259.655877207472,101.2591027732652,0.0025691379662281535
1986,4380.195995367225,4818.215594903947,4593.98831666061,79,4597.236301460896,4595.207327638614,4658.892124298743,137.2517576144797,0.0020236360692892992
1986,4818.215594903947,5300.037154394343,5053.387148326671,73,5025.347499094799,5024.155446644983,5026.3939351048175,109.99711086120955,0.0017456060702043346
1986,5300.037154394343,5830.040869833777,5558.725863159339,111,5473.4224338388085,5471.279353443719,5447.034952979055,154.70904049430283,0.001488692273581519
1986,5830.040869833777,6413.044956817156,6114.598449475273,79,6203.521528931414,6199.967925317332,6313.874923990777,210.08005673667574,0.0010980425280317588
1986,6413.044956817156,7054.349452498871,6726.058294422801,37,6712.937522948315,6710.003905615647,6744.455138911831,200.9979085506387,0.0008200125289467942
1986,7054.349452498871,7759.78439774876,7398.664123865081,27,7348.166700486495,7344.861733028129,7353.2309580293995,224.84639558714,0.0006897959470968741
1986,7759.78439774876,8535.762837523636,8138.53053625159,49,8369.099481379108,8364.481171090873,8519.311754414945,276.5426335082897,0.0005947730360172026
1986,8535.762837523636,9389.339121276,8952.38358987675,20,9124.012502743315,9120.495182512279,9051.768739065878,258.0456904635483,0.00042232404924298417
1986,9389.339121276,10328.2730334036,9847.621948864426,21,9562.116081306547,9560.290407219203,9477.734326786625,192.5127382987567,0.0003519367077024868
1986,10328.2730334036,11361.100336743963,10832.384143750869,38,10790.637801352015,10789.676230629242,10778.260511796532,146.07000547145253,0.00027802999908496456
1986,11361.100336743963,12497.21037041836,11915.622558125957,2,12002.432365207496,12002.432365207496,12002.432365207496,0.0,0.00014429405015801958
1986,12497.21037041836,13746.931407460195,13107.184813938553,9,12995.547468223544,12991.581673066448,12778.967631622418,343.53656633049155,0.00013725531600396984
1986,13746.931407460195,15121.624548206219,14417.90329533241,5,14568.023100049555,14567.03815903643,14482.829982505405,190.4976020438484,0.00010558101231074604
1986,15121.624548206219,16633.78700302684,15859.693624865651,6,15707.481047202555,15703.058324173031,15707.481047202553,408.2941819522987,8.79841769256217e-05
1986,16633.78700302684,18297.165703329527,17445.662987352218,4,17464.589096550637,17459.393621470164,17464.589096550637,491.8626934721819,6.686797446347249e-05
1986,22139.57050102873,24353.527551131603,23220.177436165806,4,23577.19528034336,23576.723904497616,23577.19528034336,172.15194271526155,5.279050615537302e-05
1986,32414.545170556175,35655.999687611795,33996.66178429037,3,32976.83591604785,32976.83591604783,32976.83591604785,0.0,3.871303784727355e-05
1986,43143.75962201027,47458.13558421131,45249.55683489049,5,46217.266267701074,46215.954912549634,46501.243326181575,388.8516018593333,2.815493661619894e-05
1986,69483.4563088438,76431.80193972818,72874.86377815952,3,71278.24167860505,71278.24167860507,71278.24167860505,0.0,1.0558101231074604e-05
1987,0.1700695661251953,0.18707652273771486,0.1783704657565635,2,0.1700695661251953,0.1700695661251953,0.1700695661251953,0.0,1.0
1987,0.18707652273771486,0.20578417501148635,0.1962075123322199,7,0.20246376919666106,0.20246376919666104,0.20246376919666106,0.0,0.9999931650803957
1987,0.2738987369402884,0.3012886106343173,0.2872674188056032,14,0.28344927687532545,0.2834492768753255,0.28344927687532545,0.0,0.9999692428617808
1987,0.33141747169774904,0.36455921886752396,0.34759357675478,9,0.3590357507087456,0.35888997624990276,0.3644347845539899,0.010713375655902886,0.9999213984245511
1987,0.4010151407542764,0.4411166548297041,0.42058822787328387,6,0.42517391531298815,0.4251739153129882,0.4251739153129882,6.080941944488117e-17,0.9998906412863319
1987,0.4411166548297041,0.4852283203126745,0.46264705066061224,9,0.47241546145887586,0.4724154614588758,0.4724154614588758,5.887846720064156e-17,0.9998701365275191
1987,0.4852283203126745,0.533751152343942,0.5089117557266735,5,0.5102086983755858,0.5102086983755858,0.5102086983755858,0.0,0.9998393793892999
1987,0.533751152343942,0.5871262675783363,0.5598029312993409,9,0.5668985537506509,0.5668985537506509,0.5668985537506509,0.0,0.9998222920902893
1987,0.6458388943361699,0.710422783769787,0.6773615468722026,16,0.6944507283445475,0.6940045517842263,0.7086231921883137,0.025352474050655483,0.9997915349520701
1987,0.710422783769787,0.7814650621467657,0.7450977015594229,7,0.7288695691079798,0.7288695691079798,0.7288695691079798,0.0,0.9997368555952361
1987,0.7814650621467657,0.8596115683614424,0.8196074717153653,4,0.8503478306259764,0.8503478306259764,0.8503478306259764,0.0,0.9997129333766211
1987,0.8596115683614424,0.9455727251975867,0.901568218886902,12,0.944830922917752,0.9448309229177516,0.9448309229177516,3.4787703908662606e-16,0.9996992635374127
1987,0.9455727251975867,1.0401299977173455,0.9917250407755922,11,1.0307246431830015,1.0307246431830017,1.0307246431830017,2.3288234633381846e-16,0.9996582540197871
1987,1.0401299977173455,1.14414299748908,1.0908975448531515,30,1.1149004890429466,1.1144511030576756,1.1337971075013018,0.03187220203041122,0.9996206619619636
1987,1.14414299748908,1.2585572972379881,1.1999872993384666,11,1.2007942093081971,1.2006507790279866,1.214782615179966,0.019408125495631763,0.9995181381678998
1987,1.2585572972379881,1.3844130269617871,1.3199860292723136,21,1.2903690890133863,1.2897226591795592,1.264619850674529,0.04243598199285997,0.9994805461100764
1987,1.3844130269617871,1.522854329657966,1.4519846321995449,27,1.4277445057423799,1.4276884897347293,1.4172463843766274,0.012902398345213796,0.9994087794542317
1987,1.522854329657966,1.6751397626237625,1.5971830954194994,42,1.6102618443441112,1.6101613362695972,1.6197101535732885,0.018061735980048156,0.9993165080395742
1987,1.6751397626237625,1.842653738886139,1.7569014049614495,26,1.7399424842039208,1.7394730396771105,1.7715579804707842,0.041052052002722286,0.9991729747278848
1987,1.842653738886139,2.026919112774753,1.9325915454575946,57,1.9194986118223796,1.9187852478289436,1.8896618458355032,0.05327070327228522,0.9990841207730294
1987,2.026919112774753,2.229611024052229,2.1258507000033546,8,2.125869576564941,2.125869576564941,2.125869576564941,0.0,0.9988893255643081
1987,2.229611024052229,2.4525721264574516,2.33843577000369,59,2.3742480107082353,2.373587682713934,2.3620773072943786,0.05625614143591971,0.998861985885891
1987,2.4525721264574516,2.697829339103197,2.5722793470040592,39,2.6237227936408325,2.62298141226325,2.6077333472529944,0.06286782359689914,0.9986603557575654
1987,2.697829339103197,2.9676122730135166,2.8295072817044655,40,2.834492768753255,2.8344927687532544,2.834492768753255,0.0,0.9985270748252824
1987,2.9676122730135166,3.264373500314869,3.112458009874912,56,3.0906094367870307,3.0899409791096755,3.105057987588793,0.06455063498364727,0.9983903764331972
1987,3.264373500314869,3.590810850346356,3.4237038108624036,80,3.4403655980742633,3.438819303764847,3.4643800506984226,0.10317877911077923,0.998198998684278
1987,3.590810850346356,3.949891935380992,3.7660741919486442,71,3.7806544394497625,3.780137101954104,3.7793236916710065,0.06323174099838233,0.9979256019001076
1987,3.949891935380992,4.344881128919091,4.142681611143509,118,4.167665215073641,4.166428485990408,4.251739153129882,0.10146290294806541,0.9976829622541565
1987,4.344881128919091,4.779369241811001,4.556949772257861,131,4.562451490223749,4.560550886621979,4.535188430005207,0.1321968417715403,0.9972797019975053
1987,4.779369241811001,5.257306165992102,5.0126447494836475,151,4.963178066611659,4.961872664274732,4.956313069934263,0.11479626732678253,0.9968320147634263
1987,5.257306165992102,5.783036782591312,5.513909224432012,209,5.633723904976564,5.6326326054497295,5.66898553750651,0.10969592343081645,0.9963159783333049
1987,5.783036782591312,6.361340460850444,6.065300146875214,172,6.077350251516426,6.0754665582178875,6.094159452819498,0.15167561540933236,0.9956017292346598
1987,6.361340460850444,6.997474506935489,6.671830161562736,294,6.703671809420113,6.700441860099205,6.802782645007811,0.20795720095644607,0.9950139261486937
1987,6.997474506935489,7.697221957629039,7.33901317771901,460,7.3357905243494566,7.331968675516216,7.369681198758462,0.23697518035280812,0.9940091929668677
1987,7.697221957629039,8.466944153391943,8.072914495490911,276,8.028803466506957,8.027182125496829,8.031062844800887,0.1617363241881727,0.9924371614578884
1987,8.466944153391943,9.313638568731138,8.880205945040004,623,8.836246847361872,8.830731911405522,8.85778990235392,0.31293601850965236,0.9914939425525007
1987,9.313638568731138,10.245002425604254,9.768226539544004,714,9.64989962525215,9.646926659073443,9.566413094542234,0.2413250425256396,0.9893648650957743
1987,10.245002425604254,11.26950266816468,10.745049193498406,568,10.786841882440644,10.782895170011972,10.771072521262369,0.2917678401984688,0.9869247987970542
1987,11.26950266816468,12.396452934981149,11.819554112848248,1280,11.591348155169852,11.585735141288389,11.33797107501302,0.3644166473114643,0.9849836816294448
1987,12.396452934981149,13.636098228479264,13.001509524133073,1150,13.083821438459372,13.077919845067235,13.152046447015103,0.39311641010774917,0.9806093330827196
1987,13.636098228479264,14.99970805132719,14.301660476546381,1715,14.239202513155346,14.235969447710685,14.172463843766273,0.30479733202595743,0.9766792543102711
1987,14.99970805132719,16.499678856459912,15.73182652420102,1892,15.748205544122055,15.741333927307169,15.778676412726451,0.46463870616288444,0.9708183107496198
1987,16.499678856459912,18.149646742105904,17.305009176621123,1916,17.334994413429417,17.32949294114018,17.006956612519527,0.4390843696447282,0.9643524768039916
1987,18.149646742105904,19.964611416316497,19.03551009428324,2955,19.023676635055217,19.017619456121196,18.89661845835503,0.4817376975803222,0.9578046238231123
1987,19.964611416316497,21.96107255794815,20.939061103711563,2664,20.95820122820523,20.951843108746996,21.05623199645275,0.5156481137109501,0.9477060301078208
1987,21.96107255794815,24.157179813742964,23.03296721408272,3648,22.947845220063734,22.941915481056974,22.67594215002604,0.5240853324478605,0.938601917194949
1987,24.157179813742964,26.572897795117264,25.336263935490994,3814,25.39926988774885,25.38839107964222,25.510434918779293,0.7426333725695593,0.9261350238367821
1987,26.572897795117264,29.230187574628992,27.8698903290401,6100,28.050028918555242,28.044212801339885,28.344927687532547,0.5688532633461538,0.9131008321514619
1987,29.230187574628992,32.15320633209189,30.656879361944107,4544,30.745239041945347,30.733989542928146,30.714563642210262,0.8313889446581839,0.8922543273584744
1987,32.15320633209189,35.368526965301086,33.72256729813852,5689,33.72301026354067,33.71332454263893,34.013913225039055,0.8067133076327122,0.8767253900176
1987,35.368526965301086,38.9053796618312,37.09482402795238,7152,37.12707298887098,37.11403794242322,37.25468329064694,0.9815268019161618,0.8572834612032876
1987,38.9053796618312,42.79591762801432,40.80430643074762,6845,41.07558920518558,41.05800832141923,41.10014514692219,1.1997931435188143,0.8328417886984605
1987,42.79591762801432,47.07550939081576,44.884737073822386,7008,45.02778895773137,45.0143312152714,45.35188430005208,1.098147260456323,0.8094492763528869
1987,47.07550939081576,51.78306032989733,49.37321078120463,8222,49.28706930619807,49.26747849200291,49.24458770247321,1.3887990715985208,0.7854997180595663
1987,51.78306032989733,56.96136636288707,54.31053185932509,11528,55.12800654380346,55.103651108553436,55.78281768906405,1.6295521484206947,0.757401363566461
1987,56.96136636288707,62.65750299917579,59.74158504525761,7314,60.14873024192279,60.127931592453386,60.323675104606764,1.5789857366747553,0.7180048869675171
1987,62.65750299917579,68.92325329909337,65.71574354978338,9062,66.21719592619931,66.19443464178514,66.19485445961767,1.7313306777750113,0.6930095859747449
1987,68.92325329909337,75.81557862900272,72.28731790476172,10484,72.49875051598931,72.46852946008252,72.279565603208,2.094843164686462,0.6620405652478513
1987,75.81557862900272,83.397136491903,79.5160496952379,8452,79.6439656883351,79.61600143266631,79.36579752509112,2.1103858109877427,0.62621191668233
1987,83.397136491903,91.7368501410933,87.4676546647617,10286,87.42245053582782,87.38849209231583,87.30237727760024,2.4399844052979196,0.5973275464347351
1987,91.7368501410933,100.91053515520265,96.21442013123787,10580,96.10529237277926,96.0709323498232,95.80585558386002,2.5731102822312253,0.5621755549100353
1987,100.91053515520265,111.00158867072291,105.83586214436167,9443,105.57977368038723,105.54073794633649,105.54517273729618,2.874859111174643,0.5260188302035097
1987,111.00158867072291,122.1017475377952,116.41944835879784,11732,115.89494859690674,115.85507473225296,115.26937259596569,3.0538822938031935,0.4937477572920049
1987,122.1017475377952,134.31192229157475,128.06139319467763,8875,128.22746444515613,128.1780544896651,128.13796976610547,3.5587114302610345,0.4536541188934265
1987,134.31192229157475,147.74311452073223,140.8675325141454,10759,141.12674435377576,141.07659219776667,141.72463843766272,3.76054196953112,0.423324163149531
1987,147.74311452073223,162.51742597280548,154.95428576555997,8655,154.85510519436096,154.79927289107937,154.47985589705237,4.165353108951534,0.3865557131384242
1987,162.51742597280548,178.76916857008604,170.44971434211598,9399,170.59962418567596,170.5494864289698,170.06956612519528,4.135178694857478,0.35697759855099703
1987,178.76916857008604,196.64608542709465,187.4946857763276,8638,187.53253420181758,187.46938284479646,188.28118216443497,4.86595739904506,0.32485689387078587
1987,196.64608542709465,216.31069396980413,206.24415435396037,8022,206.8130871035231,206.7315813571399,207.32289965738093,5.800957022299133,0.29533687609999487
1987,216.31069396980413,237.94176336678456,226.86856978935643,7744,226.8690260522326,226.8049367370123,226.75942150026037,5.388787649526341,0.26792201356731543
1987,237.94176336678456,261.73593970346303,249.55542676829208,6544,249.38640930933025,249.2934230171824,249.43536365028643,6.808178527846085,0.24145720485962785
1987,261.73593970346303,287.9095336738094,274.5109694451213,7676,277.3929952010293,277.2854840763178,280.5203010142804,7.684525206266121,0.21909334791449517
1987,287.9095336738094,316.70048704119034,301.9620663896335,4860,302.53415853295184,302.4307809127841,302.34589533368046,7.908235054900756,0.19286092647335235
1987,316.70048704119034,348.37053574530944,332.1582730285969,5567,332.86930679844085,332.740620108665,334.37944294428394,9.236020261472023,0.17625207183500505
1987,348.37053574530944,383.2075893198404,365.3741003314566,5297,366.65584395403266,366.5098137293657,368.38957684563127,10.33926737296793,0.15722707311655246
1987,383.2075893198404,421.5283482518244,401.91151036460224,3967,401.4056850239703,401.2716904997517,399.7485151772715,10.385008712849576,0.13912478854467475
1987,421.5283482518244,463.6811830770069,442.1026614010625,4664,439.88508541202265,439.6924430526085,438.042512483128,13.044566716573563,0.1255677255096287
1987,463.6811830770069,510.04930138470763,486.3129275411688,3457,484.6559715325936,484.49758313653365,483.81012238926394,12.407144853879608,0.10962869299249868
1987,510.04930138470763,561.0542315231785,534.9442202952857,3028,530.6031039178798,530.3820098910857,529.1053168339408,15.345404282224223,0.09781453445653845
1987,561.0542315231785,617.1596546754963,588.4386423248143,3804,580.7360810642864,580.5152862188485,572.4541595774073,16.125997788506886,0.0874664661756916
1987,617.1596546754963,678.875620143046,647.2825065572958,2461,644.8455584005351,644.6349084283679,643.599928073114,16.497113798013284,0.0744664490883926
1987,678.875620143046,746.7631821573507,712.0107572130255,2987,709.8869690473776,709.6285608551635,708.6231921883136,19.16123040788123,0.06605608051535294
1987,746.7631821573507,821.4395003730859,783.2118329343281,2016,781.7475059991978,781.481978992257,780.1657896716458,20.39841449430599,0.05584812808639338
1987,821.4395003730859,903.5834504103944,861.533016227761,2077,856.2749741381084,856.0340422584928,850.8580393243519,20.369506470949542,0.048958529125301166
1987,903.5834504103944,993.941795451434,947.6863178505371,1975,946.3895019980456,945.9718046051028,944.8309229177515,28.144238144226215,0.04186046511627907
1987,993.941795451434,1093.3359749965775,1042.454949635591,1361,1040.0766456989256,1039.68264042976,1039.3140152095266,28.651383062876885,0.03511098200707414
1987,1093.3359749965775,1202.6695724962353,1146.7004445991502,1601,1142.557523164149,1142.251004554667,1133.7971075013018,26.540750111564,0.030459819216376468
1987,1202.6695724962353,1322.936529745859,1261.3704890590652,1149,1260.1715162240343,1259.6545881462905,1258.514789326445,36.129105751556814,0.024988466073167813
1987,1322.936529745859,1455.230182720445,1387.5075379649718,1134,1391.8704774079395,1391.4176420156261,1403.2439900989862,35.398351651121,0.021061804760521503
1987,1455.230182720445,1600.7532009924896,1526.258291761469,860,1523.293875375452,1522.7117450973283,1519.2881240517445,42.170942148500856,0.01718640534490713
1987,1600.7532009924896,1760.8285210917386,1678.884120937616,710,1683.1196516050288,1682.5891361416693,1700.695661251953,42.19631468135728,0.014247389915076123
1987,1760.8285210917386,1936.911373200913,1846.772533031378,639,1856.9840654818995,1856.3116691630914,1866.4993157601746,49.90603285118526,0.011820993455564479
1987,1936.911373200913,2130.602510521004,2031.449786334516,593,2030.3136518631409,2029.5134106000226,2023.8278368898239,57.19328520082736,0.009637236642003999
1987,2130.602510521004,2343.662761573105,2234.594764967968,494,2241.8470023943596,2241.1462212139627,2267.5942150026035,55.92416867687217,0.007610682979341456
1987,2343.662761573105,2578.0290377304154,2458.054241464765,354,2460.583217416519,2459.751881030724,2456.5603995861543,64.17387075597755,0.005922457837089691
1987,2578.0290377304154,2835.8319415034575,2703.8596656112413,329,2724.4380616121975,2723.052178345855,2721.1130580031245,87.04067686379406,0.0047126770671359975
1987,2835.8319415034575,3119.415135653803,2974.245632172366,181,2972.17969051204,2971.136851680073,2973.8364332651645,79.1024618477427,0.003588332792235531
1987,3119.415135653803,3431.356649219184,3271.6701953896027,178,3306.6112985164687,3305.0434286784493,3347.535959897594,101.58280849160228,0.0029697725680501684
1987,3431.356649219184,3774.4923141411027,3598.8372149285633,121,3588.775500930571,3587.6578019637195,3571.460888629101,90.31312278928293,0.0023614647232711927
1987,3774.4923141411027,4151.941545555213,3958.72093642142,102,3905.8077441695928,3904.572814496182,3925.7724847232575,98.89862409904607,0.0019479520872135742
1987,4151.941545555213,4567.135700110735,4354.593030063563,106,4332.390455520097,4330.671597791725,4297.799660622122,123.17667452595443,0.0015993711873964083
1987,4567.135700110735,5023.849270121809,4790.052333069919,66,4765.622170124115,4764.105685937432,4794.714587912255,121.22852825463411,0.001237120448370726
1987,5023.849270121809,5526.23419713399,5269.057566376911,51,5207.461197674396,5205.721082769167,5243.8116221935215,136.36685749299767,0.001011568101430207
1987,5526.23419713399,6078.857616847389,5795.963323014603,59,5782.935029345411,5781.134935054671,5725.675392881575,146.406066738727,0.000837277651521624
1987,6078.857616847389,6686.743378532129,6375.559655316063,41,6348.067323433683,6345.428657956692,6313.265743844125,185.66225577748835,0.0006356475231960084
1987,6686.743378532129,7355.417716385344,7013.115620847671,40,7032.3439626099835,7031.171603283476,7086.231921883136,129.47065936169813,0.0004955316713087162
1987,7355.417716385344,8090.959488023877,7714.427182932438,20,7824.206286691889,7822.240918282554,7841.15182929442,177.78277275259327,0.00035883327922355316
1987,8090.959488023877,8900.055436826266,8485.869901225682,34,8557.476227178859,8554.273890896804,8599.411714018217,236.51561828514735,0.0002904840831809716
1987,8900.055436826266,9790.060980508893,9334.45689134825,7,9251.98686097982,9248.715148335348,9070.376860010414,266.3423260386873,0.00017429044990858295
1987,9790.060980508893,10769.067078559783,10267.902580483076,15,10112.752127410195,10109.505623685853,9994.194743202475,267.5920469056441,0.00015036823129367942
1987,10769.067078559783,11845.973786415763,11294.692838531386,14,11340.461379374136,11340.386310645214,11343.549356781925,42.791860252331986,9.910633426174324e-05
1987,11845.973786415763,13030.57116505734,12424.162122384525,3,11904.869628763669,11904.86962876367,11904.869628763669,0.0,5.126189703193616e-05
1987,13030.57116505734,14333.628281563077,13666.578334622978,2,13860.669639203415,13857.162307670947,13860.669639203415,440.9435927621235,4.100951762554893e-05
1987,14333.628281563077,15766.991109719385,15033.23616808528,1,15306.260951267575,15306.260951267583,15306.260951267575,,3.4174598021290774e-05
1987,19078.059242760457,20985.865167036507,20009.23733972151,1,20952.570546624058,20952.57054662406,20952.570546624058,,3.07571382191617e-05
1987,20985.865167036507,23084.451683740157,22010.161073693664,3,22959.391426901366,22959.39142690136,22959.391426901366,0.0,2.733967841703262e-05
1987,23084.451683740157,25392.896852114176,24211.17718106303,3,23592.031316268633,23592.031316268625,23592.031316268633,0.0,1.7087299010645387e-05
1987,27932.186537325597,30725.40519105816,29295.524389086273,2,28344.927687532545,28344.92768753252,28344.927687532545,0.0,6.834919604258155e-06
1988,0.020792889057430836,0.022872177963173923,0.021807766022453785,2,0.020792889057430836,0.02079288905743084,0.020792889057430836,0.0,1.0
1988,0.022872177963173923,0.025159395759491315,0.023988542624699166,3,0.02495146686891701,0.024951466868917013,0.02495146686891701,0.0,0.9999930947095117
1988,0.04051945846461838,0.04457140431108022,0.0424971665607547,6,0.04158577811486167,0.04158577811486168,0.04158577811486167,0.0,0.9999827367737792
1988,0.04902854474218825,0.05393139921640708,0.0514215715385132,2,0.04990293373783402,0.04990293373783401,0.04990293373783402,0.0,0.9999620209023143
1988,0.059324539138047784,0.06525699305185256,0.062220101561600974,6,0.06237866717229251,0.06237866717229251,0.06237866717229251,0.0,0.999955115611826
1988,0.07178269235703784,0.07896096159274162,0.0752863228895372,4,0.07277511170100794,0.07277511170100795,0.07277511170100794,0.0,0.999934399740361
1988,0.11560674386793304,0.12716741825472636,0.12124937587682859,8,0.11955911208022732,0.1195221506001162,0.11782637132544141,0.0032084124369517034,0.9999205891593844
1988,0.12716741825472636,0.139884160080199,0.13337431346451145,2,0.13723306777904354,0.13723306777904357,0.13723306777904354,0.0,0.9998929679974312
1988,0.15387257608821892,0.1692598336970408,0.1613829192920589,2,0.1663431124594467,0.1663431124594467,0.1663431124594467,0.0,0.9998860627069429
1988,0.2048043987734194,0.2252848386507614,0.21480066557773045,21,0.21386971601928864,0.2137603473312782,0.20792889057430838,0.007029279461994292,0.9998791574164546
1988,0.24781332251583754,0.27259465476742134,0.25990880534905386,4,0.25991111321788546,0.25991111321788546,0.25991111321788546,0.0,0.9998066518663273
1988,0.29985412024416347,0.3298395322685798,0.3144896544723552,4,0.31189333586146256,0.3118933358614626,0.31189333586146256,0.0,0.9997928412853507
1988,0.3298395322685798,0.36282348549543786,0.34593861991959074,3,0.3465481509571806,0.3465481509571806,0.3465481509571806,0.0,0.9997790307043741
1988,0.3991058340449817,0.43901641744947983,0.4185857301027049,16,0.41585778114861677,0.41585778114861677,0.41585778114861677,0.0,0.9997686727686417
1988,0.43901641744947983,0.4829180591944279,0.4604443031129754,6,0.4616021370749647,0.46160213707496467,0.46160213707496467,6.080941944488117e-17,0.9997134304447353
1988,0.4829180591944279,0.5312098651138708,0.506488733424273,4,0.5198222264357709,0.5198222264357709,0.5198222264357709,0.0,0.9996927145732704
1988,0.5312098651138708,0.5843308516252579,0.5571376067667004,2,0.5822008936080635,0.5822008936080635,0.5822008936080635,0.0,0.9996789039922936
1988,0.5843308516252579,0.6427639367877838,0.6128513674433705,3,0.6237866717229251,0.6237866717229251,0.6237866717229251,0.0,0.9996719987018053
1988,0.6427639367877838,0.7070403304665621,0.6741365041877075,6,0.6930963019143612,0.6930963019143612,0.6930963019143612,0.0,0.9996616407660729
1988,0.7070403304665621,0.7777443635132184,0.7415501546064783,20,0.7381475615387947,0.73786732649072,0.7561050566338487,0.020807096704498606,0.999640924894608
1988,0.7777443635132184,0.8555187998645403,0.8157051700671263,30,0.8344879475048911,0.8344651227274822,0.8317155622972335,0.006305219405916622,0.999571871989725
1988,0.8555187998645403,0.9410706798509945,0.897275687073839,11,0.8922039668279415,0.8916045608475949,0.8663703773929518,0.03452856762655444,0.9994682926324003
1988,0.9410706798509945,1.035177747836094,0.9870032557812229,5,0.9980586747566802,0.9980586747566802,0.9980586747566802,0.0,0.9994303135347147
1988,1.035177747836094,1.1386955226197033,1.0857035813593452,37,1.097639754242538,1.0972066222977306,1.1089540830629783,0.031156872060598476,0.9994130503084938
1988,1.1386955226197033,1.252565074881674,1.19427393949528,39,1.2119588565474817,1.2113666822406943,1.2318631606024582,0.038141481921940945,0.9992853024344601
1988,1.252565074881674,1.3778215823698414,1.3137013334448082,18,1.3275104502666397,1.3274013552443542,1.3307448996755735,0.017478576984871305,0.9991506492699381
1988,1.3778215823698414,1.5156037406068257,1.445071466789289,44,1.422422637792428,1.4216943031333644,1.3861926038287224,0.04635328627706914,0.9990885016555434
1988,1.5156037406068257,1.6671641146675085,1.5895786134682182,35,1.611151860678641,1.6102471506146079,1.663431124594467,0.054728097006036494,0.9989365852648007
1988,1.6671641146675085,1.8338805261342592,1.74853647481504,12,1.7368993325973892,1.7363242385650126,1.7466026808241903,0.046794290677464025,0.9988157426812553
1988,1.8338805261342592,2.0172685787476854,1.9233901222965442,48,1.9169310970196447,1.9163210455942459,1.8902626415846218,0.048875447881937234,0.9987743109383254
1988,2.0172685787476854,2.2189954366224542,2.1157291345261986,81,2.0895569991047784,2.0891225190385994,2.0792889057430837,0.043398206656068715,0.998608583966606
1988,2.2189954366224542,2.4408949802846998,2.3273020479788187,126,2.337978849286168,2.3372327762753695,2.31078307058248,0.05936675595183821,0.9983289197018296
1988,2.4408949802846998,2.68498447831317,2.560032252776701,81,2.525437562308699,2.5249277769930116,2.4951466868917005,0.051212251299217,0.9978938864010661
1988,2.68498447831317,2.953482926144487,2.816035478054371,137,2.7812689821549745,2.780808624532088,2.772385207657445,0.051062852574255226,0.9976142221362897
1988,2.953482926144487,3.248831218758936,3.097639025859808,53,3.0483159995516544,3.047836809196221,3.04962372842319,0.054582065134137714,0.9971412097378406
1988,3.248831218758936,3.5737143406348304,3.40740292844579,116,3.404799733345581,3.4034080010083216,3.326862249188934,0.09829297860700024,0.9969582195399005
1988,3.5737143406348304,3.931085774698313,3.748143221290369,82,3.7453571772423957,3.7438761876622966,3.742720030337551,0.10597410202621386,0.9965577126915787
1988,3.931085774698313,4.324194352168145,4.122957543419406,262,4.154133529855572,4.153754725035323,4.158577811486167,0.05584385757661846,0.9962745957815581
1988,4.324194352168145,4.75661378738496,4.535253297761347,189,4.641544917105858,4.639991255766368,4.678400037921938,0.11946223668571888,0.9953700027275898
1988,4.75661378738496,5.232275166123457,4.988778627537482,212,5.066677817169849,5.065005594410918,4.990293373783401,0.13005303946352795,0.9947174527764446
1988,5.232275166123457,5.755502682735803,5.487656490291231,268,5.522622367816402,5.521852042441033,5.54477041531489,0.09178545111143026,0.9939854919846841
1988,5.755502682735803,6.331052951009383,6.036422139320354,356,6.0909380888223055,6.088670135878842,6.17845846277945,0.1658091666432313,0.9930601830592508
1988,6.331052951009383,6.964158246110322,6.64006435325239,300,6.732986991464795,6.729892101624756,6.772541007277474,0.20341706014833186,0.9918310413523321
1988,6.964158246110322,7.660574070721355,7.30407078857763,348,7.292568089763072,7.289963400801715,7.2775111701007935,0.195845015751011,0.9907952477790859
1988,7.660574070721355,8.426631477793492,8.034477867435394,646,8.220516969557428,8.218173950875151,8.317155622972335,0.19377971446999437,0.9895937272341204
1988,8.426631477793492,9.269294625572842,8.837925654178935,356,8.907907300170308,8.904434457592398,8.911238167470358,0.24851472033977065,0.987363318406397
1988,9.269294625572842,10.196224088130126,9.721718219596829,555,9.741262467749022,9.737736486874812,9.818402212918842,0.2619750315003054,0.9861341766994783
1988,10.196224088130126,11.21584649694314,10.693890041556513,862,10.768149984886401,10.763496409721494,10.812302309864036,0.31608802023863264,0.984217958588973
1988,11.21584649694314,12.337431146637455,11.763279045712164,915,11.788909085964743,11.786270559659492,11.881650889960481,0.24899002947696175,0.9812417783885123
1988,12.337431146637455,13.571174261301202,12.939606950283382,1445,12.876171381756642,12.870610742386514,12.891591215607122,0.3791200306015573,0.9780826079901116
1988,13.571174261301202,14.928291687431322,14.233567645311721,1476,14.14424726526701,14.139641937667523,14.076785891880679,0.3623118871549427,0.9730935356123094
1988,14.928291687431322,16.421120856174454,15.656924409842894,1555,15.584333195218735,15.579131461982103,15.59466679307313,0.4030082218810845,0.9679974312319384
1988,16.421120856174454,18.063232941791902,17.222616850827183,2815,17.02265593538419,17.015082032793067,16.63431124594467,0.5117265878561454,0.9626285678772791
1988,18.063232941791902,19.869556235971096,18.944878535909904,2061,18.966904150376912,18.960273408031917,18.927469867707043,0.5019813523226914,0.9529093715149862
1988,19.869556235971096,21.856511859568208,20.8393663895009,3268,20.76267192502216,20.756017126842316,20.792889057430838,0.5259087805144269,0.9457934696667852
1988,21.856511859568208,24.04216304552503,22.92330302845099,2943,23.02116328771754,23.011893574428978,23.08010685374823,0.6526021807514405,0.9345102250088906
1988,24.04216304552503,26.44637935007753,25.21563333129609,3920,25.314962638938244,25.306858236999886,24.951466868917006,0.6414224332547652,0.9243490900553459
1988,26.44637935007753,29.09101728508529,27.7371966644257,3994,27.683476180136346,27.67576326564231,27.723852076574456,0.6536094951803166,0.910814720698263
1988,29.09101728508529,32.000119013593824,30.510916330868273,5010,30.564616145577165,30.55205341254325,30.709497684820935,0.8742353206681185,0.8970248555931126
1988,32.000119013593824,35.200130914953206,33.562007963955104,5820,33.55179210685106,33.54241296543132,33.26862249188934,0.7951198064084434,0.8797271029199021
1988,35.200130914953206,38.72014400644853,36.918208760350616,5368,36.93589935128916,36.92293305516105,36.965136102099265,0.978086326789046,0.859632707598927
1988,38.72014400644853,42.592158407093386,40.61002963638568,8942,40.809370786037356,40.79573852909671,41.53825151130184,1.0502499303726383,0.8410989079283093
1988,42.592158407093386,46.85137424780273,44.671032600024255,5959,44.727008228477054,44.70994842737344,44.631045237958546,1.2358352453909571,0.8102253541550859
1988,46.85137424780273,51.536511672583,49.13813586002668,7501,49.20266161152202,49.1871012411677,49.72734934134903,1.2354218464861813,0.7896510411451734
1988,51.536511672583,56.69016283984131,54.05194944602935,9223,54.052131490727,54.0317240800433,54.06151154932018,1.4842291374435772,0.7637527491687757
1988,56.69016283984131,62.35917912382544,59.45714439063229,7194,59.38589930698116,59.36672864557275,59.408254449802406,1.5100928659059647,0.7319090020819451
1988,62.35917912382544,68.595097036208,65.40285882969553,10022,65.11621454648932,65.08842820470312,65.28967164033283,1.9007446690654688,0.7070706721955026
1988,68.595097036208,75.4546067398288,71.94314471266509,9371,71.99657014845971,71.9658419954129,72.08201539909358,2.103614320400415,0.6724682615585931
1988,75.4546067398288,83.00006741381169,79.13745918393161,8780,79.12178233120369,79.09693058726008,78.90208300993089,1.983458309999774,0.6401135229756277
1988,83.00006741381169,91.30007415519287,87.05120510232477,10783,85.8799097004976,85.84028649783302,85.40530659703593,2.620521585688352,0.6097992977319573
1988,91.30007415519287,100.43008157071216,95.75632561255726,10327,96.05497326121393,96.01499838793008,96.20869766873248,2.7680757528781226,0.5725694240642468
1988,100.43008157071216,110.47308972778337,105.33195817381299,9514,105.23623949791119,105.20241680443736,104.91260102817304,2.6710654812182018,0.5369139566278704
1988,110.47308972778337,121.52039870056173,115.86515399119429,10039,115.59187098242269,115.54416987014164,115.94114938423435,3.3213119214670717,0.5040654897749911
1988,121.52039870056173,133.6724385706179,127.45166939031373,10152,127.63060998707945,127.58069154149165,127.38971409925577,3.5758335455030146,0.46940438416893104
1988,133.6724385706179,147.0396824276797,140.1968363293451,9598,140.4998417871581,140.44845106032975,140.25739349244685,3.800408630840434,0.43435312965028156
1988,147.0396824276797,161.7436506704477,154.21651996227962,8053,154.0544420418206,153.99620168735544,153.86737902498822,4.238930028744131,0.4012146405968933
1988,161.7436506704477,177.9180157374925,169.63817195850763,10061,169.08510036878315,169.03237652380554,168.08306141577253,4.236697181840725,0.37341048844572267
1988,177.9180157374925,195.70981731124175,186.60198915435842,8378,186.67974355813095,186.609647935065,187.0765932624277,5.117268742396714,0.33867342464429123
1988,195.70981731124175,215.28079904236594,205.26218806979426,8364,205.25137104782254,205.1827118335892,206.26545944971394,5.304058786333512,0.3097471627887706
1988,215.28079904236594,236.80887894660256,225.78840687677368,7102,225.523466310852,225.43922760861355,224.56320182025306,6.169326175311123,0.2808692379666682
1988,236.80887894660256,260.48976684126285,248.3672475644511,7541,248.41098841154275,248.32929930178395,249.5146686891701,6.365520334125719,0.2563485514426878
1988,260.48976684126285,286.5387435253891,273.2039723208962,6117,273.5135352243326,273.41612244284164,273.91957961714894,7.2955244502552885,0.23031215365652394
1988,286.5387435253891,315.1926178779281,300.5243695529859,5909,301.3149380387141,301.18926219082925,301.4927327549357,8.70062250501589,0.2091923226980351
1988,315.1926178779281,346.71187966572097,330.57680650828456,5518,330.55317531465505,330.44573258172426,332.6862249188934,8.417029559710212,0.18879064195033024
1988,346.71187966572097,381.38306763229303,363.634487159113,4808,363.688214591107,363.5549612785767,363.00225716462757,9.844708178684343,0.16973894549308954
1988,381.38306763229303,419.52137439552234,399.99793587502427,5143,403.7595736908382,403.57382832905637,404.8292327925555,12.206350964220361,0.15313862715919802
1988,419.52137439552234,461.4735118350747,439.99772946252676,3682,440.55628238325744,440.3764880620961,440.78845512847636,12.583365918583807,0.13538167266851497
1988,461.4735118350747,507.62086301858216,483.9975024087795,3985,486.029429516596,485.8395806198213,487.1593701117548,13.56070154033157,0.12266903287954066
1988,507.62086301858216,558.3829493204405,532.3972526496575,3572,534.5478564486623,534.350670316235,534.0473349362613,14.519327596981356,0.10891024158158773
1988,558.3829493204405,614.2212442524846,585.6369779146233,2720,585.4750724643175,585.270695599192,583.4848545073598,15.477635488408987,0.09657739276947033
1988,614.2212442524846,675.6433686777331,644.2006757060857,3240,642.425259559287,642.1563817445888,638.7575518442753,18.62338437068475,0.08718619770537198
1988,675.6433686777331,743.2077055455064,708.6207432766943,2526,709.1075632852562,708.8634127392954,708.2785764077954,18.6074862607534,0.07599962711431363
1988,743.2077055455064,817.5284761000571,779.4828176043637,2373,776.6007555760992,776.3152295735998,774.8262178361027,21.09723751642633,0.06727824522758111
1988,817.5284761000571,899.2813237100629,857.4310993648003,2461,850.2650526297806,849.9746705757999,840.0327179202059,22.342319103528844,0.05908511806320412
1988,899.2813237100629,989.2094560810692,943.1742093012803,1681,943.5734699686897,943.2259584186781,939.8385853958739,25.6290950102242,0.0505881581173416
1988,989.2094560810692,1088.1304016891763,1037.4916302314084,1901,1037.442401032079,1037.0492391521175,1039.644452871542,28.581042957676587,0.04478426146191905
1988,1088.1304016891763,1196.943441858094,1141.2407932545493,1617,1141.6226868141391,1141.2142336536851,1143.608898158696,30.553838966122285,0.03822078285278266
1988,1196.943441858094,1316.6377860439036,1255.3648725800044,1423,1256.2277290580312,1255.824974832793,1249.6526323515934,31.832842415019442,0.03263785549298595
1988,1316.6377860439036,1448.301564648294,1380.901359838005,1174,1378.180968243641,1377.7094647754177,1380.6478334134076,36.11525584280206,0.027724741310555082
1988,1448.301564648294,1593.1317211131234,1518.9914958218055,1108,1509.7787969628628,1509.1872095440565,1504.583432782443,42.3736889652482,0.02367133579391851
1988,1593.1317211131234,1752.444893224436,1670.8906454039864,1182,1675.1113685345586,1674.6462903558358,1665.6259295505292,39.50940804627867,0.019845804863396092
1988,1752.444893224436,1927.6893825468799,1837.9797099443851,679,1839.2686346089945,1838.620347888569,1833.9328148654001,48.90157344373892,0.01576477818480629
1988,1927.6893825468799,2120.458320801568,2021.7776809388238,747,2030.214457571769,2029.4794678258097,2037.7031276282223,54.52217051667137,0.013420432064025854
1988,2120.458320801568,2332.5041528817246,2223.955449032706,624,2228.4017563207963,2227.467947490517,2224.003255004991,64.539025654576,0.010841306066642959
1988,2332.5041528817246,2565.7545681698975,2446.350993935977,552,2458.331166926853,2457.5451391695883,2495.146686891701,61.99133696454046,0.008686855434290982
1988,2565.7545681698975,2822.3300249868876,2690.986093329575,345,2689.4411638045312,2688.548253072384,2694.481183322271,69.34790089728968,0.0067809952595180795
1988,2822.3300249868876,3104.5630274855766,2960.0847026625324,301,2949.3973522829488,2948.5309361662257,2935.9559349092347,71.673392645116,0.005589832650285016
1988,3104.5630274855766,3415.0193302341345,3256.0931729287863,279,3254.0275312059616,3252.8091739431425,3255.334710831372,89.098997436401,0.0045505864317947195
1988,3415.0193302341345,3756.5212632575485,3581.7024902216654,244,3602.3901344270303,3600.7624751145972,3604.1007699546785,108.3207090748933,0.003587298408675807
1988,3756.5212632575485,4132.173389583303,3939.8727392438323,104,3929.616447123142,3928.3643747073565,3936.786994873572,99.65257860083828,0.002744852969102278
1988,4132.173389583303,4545.390728541634,4333.860013168216,138,4277.469923846979,4275.931287928103,4240.501794372445,115.68507782799382,0.0023857778637102816
1988,4545.390728541634,4999.929801395798,4767.246014485037,149,4793.376564713418,4791.457595653301,4782.364483209093,136.06092279324625,0.001909312820017056
1988,4999.929801395798,5499.922781535378,5243.970615933541,59,5297.689102015187,5295.766972588002,5322.979598702294,143.3215284372039,0.0013948686786381386
1988,5499.922781535378,6049.915059688917,5768.367677526896,94,5743.168228960247,5740.803811476674,5706.450375855057,166.19524759583447,0.001191162609233064
1988,6049.915059688917,6654.906565657809,6345.204445279586,46,6376.258039332661,6373.058193598399,6392.65730052839,204.10066387715656,0.000866613956282606
1988,6654.906565657809,7320.397222223591,6979.724889807546,46,6958.373049268529,6955.879552650534,6986.410723296762,188.19942119239408,0.0007077922750515308
1988,7320.397222223591,8052.436944445949,7677.697378788301,34,7615.278687860875,7614.136507326138,7668.971961422025,134.21176422801145,0.0005489705938204556
1988,8052.436944445949,8857.680638890546,8445.46711666713,33,8384.398860049829,8381.969496753785,8318.056648164824,205.90248020762627,0.00043158065551922607
1988,8857.680638890546,9743.4487027796,9290.013828333846,23,9362.242388544993,9358.987666783509,9252.835630556723,253.1890785251778,0.0003176433624621504
1988,9743.4487027796,10717.793573057563,10219.01521116723,13,10311.041415653932,10309.29666545138,10396.44452871542,196.60100763560985,0.00023823252184661278
1988,10717.793573057563,11789.572930363318,11240.916732283955,8,10989.041866852198,10986.893813081571,10837.253776732952,233.1666141651136,0.00019334813367261327
1988,11789.572930363318,12968.530223399652,12365.008405512352,9,12677.193426214944,12675.474329189434,12558.904990688226,221.6868277892126,0.0001657269717193828
1988,12968.530223399652,14265.383245739618,13601.509246063588,13,13693.876842623065,13691.703989197575,13563.617389943285,253.87122173412823,0.00013465316452199852
1988,14265.383245739618,15691.92157031358,14961.660170669948,9,15093.096102587771,15089.644088855115,15163.21434513144,341.1325632402154,8.976877634799902e-05
1988,15691.92157031358,17261.113727344942,16457.826187736944,7,16651.142792595387,16646.469698411707,16634.31124594467,426.0835862583887,5.8694969150614745e-05
1988,18987.22510007944,20885.947610087384,19913.96968716171,2,20584.96016685653,20583.909994156467,20584.96016685653,294.05585705937864,3.4526452441538086e-05
1988,20885.947610087384,22974.542371096122,21905.36665587788,3,20950.582328042394,20950.58232804239,20950.582328042394,0.0,2.7621161953230468e-05
1988,22974.542371096122,25271.996608205733,24095.903321465667,2,24951.466868917007,24951.466868917014,24951.466868917007,0.0,1.7263226220769043e-05
1988,37000.73023407403,40700.803257481435,38806.69325825368,3,37427.20030337551,37427.200303375495,37427.20030337551,0.0,1.0357935732461425e-05
1989,1.249695507469442,1.3746650582163864,1.3106917057524385,1,1.249695507469442,1.249695507469442,1.249695507469442,,0.9995597351366582
1989,2.0126471117346116,2.213911822908073,2.1108820990313606,2,2.137263339478989,2.1366853101676795,2.137263339478989,0.07029178607102318,0.9995509298393914
1989,2.213911822908073,2.435303005198881,2.321970308934497,1,2.385782332441662,2.385782332441662,2.385782332441662,,0.9995333192448577
1989,2.9467166362906463,3.2413882999197114,3.0905424811918163,1,3.081635512737147,3.081635512737147,3.081635512737147,,0.9995245139475909
1989,3.2413882999197114,3.565527129911682,3.399596729310998,3,3.347669177584809,3.345440826152069,3.2605691876702716,0.15086160787071484,0.999515708650324
1989,3.922079842902851,4.314287827193136,4.113512042466308,1,4.175119081772909,4.175119081772909,4.175119081772909,,0.9994892927585235
1989,4.314287827193136,4.745716609912451,4.52486324671294,3,4.506477739056473,4.506477739056473,4.506477739056473,0.0,0.9994804874612567
1989,4.745716609912451,5.220288270903696,4.977349571384234,4,5.069787456438532,5.069787456438532,5.069787456438532,0.0,0.9994540715694562
1989,5.220288270903696,5.742317097994066,5.4750845285226575,4,5.652700240604426,5.652376828676293,5.653368526972057,0.06981060695034266,0.9994188503803888
1989,5.742317097994066,6.316548807793474,6.022592981374924,3,5.937775004154051,5.935604483511409,5.856011179629535,0.19772799881132316,0.9993836291913215
1989,6.316548807793474,6.948203688572821,6.624852279512417,5,6.669208358195256,6.666954748292198,6.693444877127997,0.19402561052565434,0.999357213299521
1989,6.948203688572821,7.643024057430104,7.2873375074636595,6,7.294524847053567,7.294173855244183,7.301939865957815,0.07822757087813645,0.9993131868131868
1989,7.643024057430104,8.407326463173115,8.016071258210026,7,8.10124580107274,8.10099719224075,8.11165993030165,0.06864347576003867,0.9992603550295858
1989,8.407326463173115,9.248059109490427,8.81767838403103,9,9.113617302205926,9.112624219203525,9.202303282274983,0.1422163188542613,0.999198717948718
1989,9.248059109490427,10.17286502043947,9.699446222434133,12,9.950700478225434,9.949048074569298,10.023599382827818,0.18826304759427498,0.9991194702733164
1989,10.17286502043947,11.190151522483418,10.669390844677546,10,10.825587745168374,10.825252604966382,10.868563958900907,0.0897121211303583,0.9990138067061144
1989,11.190151522483418,12.309166674731761,11.736329929145302,30,11.74455001688921,11.740794665206785,11.734830162942224,0.30191613720056015,0.998925753733446
1989,12.309166674731761,13.54008334220494,12.909962922059835,38,13.259104145656082,13.25557378126037,13.386889754255995,0.3052185988080865,0.9986615948154409
1989,13.54008334220494,14.894091676425434,14.200959214265819,27,14.30629453755797,14.302921572939233,14.531583297599216,0.31443531519601126,0.9983269935193012
1989,14.894091676425434,16.383500844067978,15.621055135692401,60,15.841741957926988,15.836415010296676,16.02829162231641,0.4089677003701638,0.9980892504930966
1989,16.383500844067978,18.021850928474777,17.18316064926164,57,17.5877248045511,17.584567351088573,17.760824030399043,0.3328904855532611,0.9975609326570865
1989,18.021850928474777,19.824036021322257,18.901476714187808,35,18.667607133569653,18.662530461268243,18.41334569397283,0.44292335398525057,0.9970590307128768
1989,19.824036021322257,21.806439623454484,20.791624385606593,105,20.381153373137387,20.370664143126735,20.01406289992728,0.6659688540918829,0.9967508453085376
1989,21.806439623454484,23.987083585799937,22.870786824167254,86,23.18055631908394,23.17307803869875,22.835345181941626,0.5934585027754663,0.9958262890955198
1989,23.987083585799937,26.38579194437993,25.15786550658398,64,24.737851381483996,24.727017220272884,24.74102159171474,0.7415148480533436,0.995069033530572
1989,26.38579194437993,29.024371138817923,27.673652057242375,162,27.09658138764226,27.084489465573554,26.64123604559856,0.8232360192445131,0.9945054945054945
1989,29.024371138817923,31.926808252699722,30.441017262966618,116,30.574946236914524,30.561350463929813,30.021094349890916,0.9211104450896349,0.9930790363482671
1989,31.926808252699722,35.119489077969696,33.485118989263285,169,33.09554809088441,33.07786232216176,33.20213745981314,1.0863770669017723,0.9920576218653142
1989,35.119489077969696,38.63143798576667,36.83363088818961,87,36.22026581644016,36.2101606797809,35.98555018099508,0.8658163344226154,0.990569526627219
1989,38.63143798576667,42.49458178434334,40.51699397700858,314,39.977491342734126,39.97605393000246,39.89558233694113,0.34372941907299864,0.9898034657650042
1989,42.49458178434334,46.74403996277768,44.56869337470944,231,44.75685713265698,44.744096853152804,44.83282633046624,1.0678248647279627,0.9870386024232178
1989,46.74403996277768,51.41844395905545,49.02556271218039,320,48.82525343032541,48.8131500389737,47.89458032376638,1.0917782433499714,0.9850045787545788
1989,51.41844395905545,56.560288354961,53.928118983398434,296,53.550987576053494,53.54205186595201,53.149928628283696,0.9884211050317708,0.9821868836291914
1989,56.560288354961,62.216317190457104,59.320930881738285,406,58.91546346119487,58.894088100000005,59.743965908226635,1.5881648236793773,0.9795805156382079
1989,62.216317190457104,68.43794890950282,65.25302396991212,535,65.70414090239896,65.6783305889784,66.40427491962627,1.8446601700158458,0.9760055649478726
1989,68.43794890950282,75.28174380045311,71.77832636690334,288,71.51594250520935,71.49895745662795,70.77820919576932,1.5667669923353524,0.9712947309101155
1989,75.28174380045311,82.80991818049843,78.95615900359368,926,79.63354954769613,79.6306991903003,79.68512990355153,0.6681881720051331,0.9687588052972669
1989,82.80991818049843,91.09090999854828,86.85177490395306,441,88.60244099564802,88.57540716416655,88.4506709175594,2.1780898499803634,0.960605100028177
1989,91.09090999854828,100.20000099840311,95.53695239434838,785,97.42411897313404,97.39294709711162,99.50700478225433,2.453249944755202,0.9567219639335024
1989,100.20000099840311,110.22000109824342,105.0906476337832,531,105.8634477602684,105.84965554216544,106.16731379365397,1.7018365972809395,0.9498098055790364
1989,110.22000109824342,121.24200120806779,115.59971239716153,908,116.72434230586552,116.68052176383753,119.38852421926818,3.1868370701251547,0.9451341927303466
1989,121.24200120806779,133.36620132887458,127.1596836368777,1003,130.20120744031135,130.16131789276903,132.6760063763391,3.2010028855223034,0.9371389828120598
1989,133.36620132887458,146.70282146176203,139.87565200056548,610,139.72951670893931,139.6920806736444,139.3694512534671,3.2434989016554083,0.9283072696534235
1989,146.70282146176203,161.37310360793828,153.86321720062205,1748,157.60401231510895,157.56110252075175,159.21120765160694,3.6263637622220126,0.9229360383206537
1989,161.37310360793828,177.5104139687321,169.24953892068427,686,171.38532947490708,171.3347124965782,170.64024111082745,4.161656467942718,0.9075443786982249
1989,177.5104139687321,195.26145536560531,186.1744928127527,999,186.21297381697767,186.14358980423,185.8259350046228,5.079997339682911,0.9015039447731755
1989,195.26145536560531,214.78760090216588,204.79194209402797,2211,202.03576397167103,201.96762904458396,199.0537726033827,5.3035203901493375,0.8927074528036066
1989,214.78760090216588,236.26636099238246,225.27113630343078,1194,223.48374287873625,223.43771123418335,222.9115959277993,4.547915132858855,0.8732389405466329
1989,236.26636099238246,259.89299709162077,247.7982499337739,2451,244.81374234531202,244.73247368049041,246.7296562133419,6.33750366695784,0.862725415610031
1989,259.89299709162077,285.88229680078285,272.5780749271513,2785,274.4577833566689,274.3332818399219,276.29631583324397,8.260205125383726,0.8411436320090167
1989,285.88229680078285,314.47052648086117,299.8358824198665,1385,297.7728945599332,297.69913601628974,298.6204219439481,6.633243871569824,0.8166208791208791
1989,314.47052648086117,345.9175791289473,329.81947066185313,4168,327.1323341808982,327.02985346986395,330.2983095802568,8.211906701459565,0.8044255424063116
1989,345.9175791289473,380.50933704184206,362.8014177280385,1334,362.3492651781742,362.2289198188079,360.5182191245178,9.353503789685671,0.7677250633981403
1989,380.50933704184206,418.5602707460263,399.08155950084233,5125,397.24811797240676,397.2087638153861,398.0280191290173,5.598206977817742,0.7559787968441815
1989,418.5602707460263,460.416297820629,438.98971545092667,1614,440.9323002281049,440.7671740974386,442.164992279188,12.053911573440999,0.7108516483516484
1989,460.416297820629,506.45792760269194,482.8886869960194,4831,488.0782315446248,487.9530279536721,495.4474643703852,11.000787826509093,0.6966398985629755
1989,506.45792760269194,557.1037203629612,531.1775556956214,2327,528.925601505185,528.8025392997047,530.571482042443,11.424741220341518,0.6541015074668921
1989,557.1037203629612,612.8140923992573,584.2953112651835,3336,584.6071589025996,584.3613951011246,596.8432134991559,16.871258260451672,0.6336115807269653
1989,612.8140923992573,674.0955016391831,642.7248423917019,4688,651.1533970687592,651.0018955305338,660.5966191605136,13.974496694782424,0.6042371090448013
1989,674.0955016391831,741.5050518031015,706.9973266308722,2075,704.0298039721572,703.8123539843843,700.4259297659979,17.519656976475705,0.5629578754578755
1989,741.5050518031015,815.6555569834117,777.6970592939595,4907,787.4265588616622,787.2395528994862,795.8572230636646,16.96404966336516,0.5446868836291914
1989,815.6555569834117,897.2211126817529,855.4667652233554,1668,862.3360451197096,861.9855468317988,862.0626827889206,24.555662829149785,0.5014792899408284
1989,897.2211126817529,986.9432239499282,941.013441745691,2882,943.9572582631993,943.710270378655,954.9093785597754,21.5567052589587,0.4867920540997464
1989,986.9432239499282,1085.6375463449212,1035.1147859202601,5018,1018.8584406000695,1018.3788940118238,995.2688630169134,31.4484011244669,0.4614151873767258
1989,1085.6375463449212,1194.2013009794134,1138.6262645122863,3654,1162.3527846887628,1161.7517247123753,1193.2887966095714,37.14786790536839,0.4172302056917441
1989,1194.2013009794134,1313.6214310773548,1252.4888909635151,1981,1262.9997240529626,1262.67695130665,1273.053452590871,28.370588551132904,0.3850556494787264
1989,1313.6214310773548,1444.9835741850904,1377.7377800598667,3115,1364.8916923916565,1364.3227821236512,1353.1362128831627,39.564205398955956,0.36761235559312483
1989,1444.9835741850904,1589.4819316035996,1515.5115580658535,1487,1502.666947813262,1502.269019900215,1491.9092185535196,34.719637489586326,0.3401838546069315
1989,1589.4819316035996,1748.4301247639596,1667.062713872439,3924,1615.7489370125327,1615.1491780354863,1591.5819026644156,44.62941580356388,0.3270903775711468
1989,1748.4301247639596,1923.273137240356,1833.768985259683,2232,1842.8930506712993,1842.0833093264318,1856.668828491267,54.544611314042164,0.2925383910960834
1989,1923.273137240356,2115.6004509643917,2017.1458837856517,3015,1998.6466357631587,1998.3741034442019,1988.9472044788658,33.27243924314505,0.27288496759650605
1989,2115.6004509643917,2327.160496060831,2218.860472164217,1875,2183.5553028783734,2182.626721248985,2176.6287479642765,64.00094683490165,0.24633699633699635
1989,2327.160496060831,2559.8765456669144,2440.746519380639,2641,2408.6211277303496,2408.0907052731973,2386.84268014497,51.18226656090137,0.22982706396167935
1989,2559.8765456669144,2815.864200233606,2684.821171318703,2069,2679.641291514961,2678.757563770784,2651.9296059718213,69.08017680348999,0.20657227387996618
1989,2815.864200233606,3097.4506202569664,2953.3032884505733,1633,2957.425509555562,2956.834834719476,2983.2219915239284,58.91294711725479,0.18835411383488307
1989,3097.4506202569664,3407.1956822826637,3248.6336172956308,2200,3210.3167928323005,3209.6391308862194,3182.103457625524,66.67931952591469,0.1739750633981403
1989,3407.1956822826637,3747.91525051093,3573.496979025194,1153,3562.684800432894,3561.4330408535975,3579.6675746343444,94.52892613607666,0.1546034094111017
1989,3747.91525051093,4122.706775562024,3930.846676927714,2552,3962.976902634252,3962.5870164969365,3977.2979633746213,55.03084563521736,0.14445090166244012
1989,4122.706775562024,4534.977453118227,4323.931344620486,762,4330.815859995785,4329.281481737009,4374.828944517713,115.31748975171212,0.12197978303747535
1989,4534.977453118227,4988.475198430049,4756.324479082535,1583,4794.842172519904,4793.578382848465,4773.155186438285,110.13469437210426,0.11527014652014653
1989,4988.475198430049,5487.322718273055,5231.956926990789,1089,5259.984020391697,5259.118344151683,5303.063951166161,94.91154056029487,0.10133136094674557
1989,5487.322718273055,6036.0549901003615,5755.1526196898685,1386,5837.19676971713,5834.533318885703,5965.648722270377,175.02298591249686,0.09174239222316145
1989,6036.0549901003615,6639.660489110397,6330.667881658856,978,6420.959634376772,6418.661406569993,6364.074371788134,171.41801614852795,0.07953825021132714
1989,6639.660489110397,7303.626538021437,6963.734669824741,596,7002.069233114152,7000.006115864854,6959.724694121069,169.65108619834797,0.0709266694843618
1989,7303.626538021437,8033.989191823583,7660.108136807216,1626,7894.863814875286,7893.329275389026,7954.198296360501,153.2001202266617,0.0656787123133277
1989,8033.989191823583,8837.388111005941,8426.118950487938,290,8502.259978716555,8499.759211470038,8484.372148014205,206.30816784131866,0.051361298957452804
1989,8837.388111005941,9721.126922106536,9268.730845536733,531,9310.71964682148,9307.813911248122,9279.63292549476,232.12112203733437,0.04880776275007044
1989,9721.126922106536,10693.239614317192,10195.603930090409,807,10161.739735328969,10157.546061040799,9943.145500839368,293.8372015504097,0.044132149901380674
1989,10693.239614317192,11762.56357574891,11215.164323099449,280,11166.351602152463,11163.976836517033,11135.24140628272,231.16649063068053,0.03702627500704424
1989,11762.56357574891,12938.819933323803,12336.680755409394,735,12137.05322775526,12132.213167255848,11931.297444540754,346.70431516419785,0.034560791772330235
1989,12938.819933323803,14232.701926656186,13570.348830950335,446,13502.818388882712,13498.898745812005,13256.201899823356,327.0229738053816,0.028088898281205973
1989,14232.701926656186,15655.972119321803,14927.38371404537,181,14698.44864154271,14693.08872950843,14581.636528957613,400.2019578757464,0.024161735700197237
1989,15655.972119321803,17221.569331253984,16420.122085449908,588,16030.889229454255,16027.91821920038,15907.601331943524,313.37473588354334,0.02256797689489997
1989,17221.569331253984,18943.726264379387,18062.1342939949,207,18046.78233475854,18040.34782605229,17895.75327564491,482.6423849791263,0.017390462102000563
1989,18943.726264379387,20838.098890817328,19868.347723394392,421,19826.100456050975,19823.02869927092,19883.37504549464,348.56437490117145,0.015567765567765568
1989,20838.098890817328,22921.90877989906,21855.182495733832,147,21591.835963492627,21586.094120896756,21208.809674628897,502.0943925234769,0.011860735418427725
1989,22921.90877989906,25214.099657888968,24040.70074530722,236,23867.40228541136,23865.632553145104,23860.606737137805,292.27901343959746,0.010566356720202874
1989,25214.099657888968,27735.50962367787,26444.770819837944,118,26399.82767244628,26395.023407732777,26510.81327809175,505.60505383675115,0.008488306565229642
1989,27735.50962367787,30509.060586045656,29089.247901821742,128,28920.581421139213,28904.749817868487,29005.34752185388,959.9032224591909,0.007449281487743026
1989,30509.060586045656,33559.96664465023,31998.17269200392,142,31890.517593133125,31887.462383225782,31813.214511943348,446.2893579796482,0.006322203437588053
1989,33559.96664465023,36915.96330911525,35197.989961204315,49,35398.49794923709,35387.76856765977,35789.51839934612,875.578274670954,0.00507185122569738
1989,36915.96330911525,40607.55964002678,38717.788957324745,170,39644.64029354292,39642.21591436628,39766.21991713763,433.39663910785515,0.0046403916596224285
1989,40607.55964002678,44668.315604029456,42589.56785305722,18,42358.15151556397,42348.827320018245,42154.38803191173,917.6904620767068,0.003143491124260355
1989,44668.315604029456,49135.14716443241,46848.52463836294,72,47480.75165115293,47474.53118947652,47718.82769194317,764.4537648427262,0.002984995773457312
1989,49135.14716443241,54048.66188087566,51533.37710219925,37,51455.077456730956,51433.05196271413,51695.131579345936,1523.8625841768878,0.0023510143702451395
1989,54048.66188087566,59453.52806896323,56686.71481241918,26,55797.013260903484,55787.971017237396,55673.82124908115,1025.211897950375,0.0020252183713722173
1989,59453.52806896323,65398.880875859555,62355.3862936611,53,61170.43366758166,61140.9176885282,59647.73935415148,1929.5054803759394,0.0017962806424344886
1989,65398.880875859555,71938.76896344552,68590.92492302721,18,69920.57935546228,69888.91894773649,71576.12084250813,2148.1792124852655,0.001329599887292195
1989,71938.76896344552,79132.64585979008,75450.01741532994,9,75559.19328275036,75540.85229908334,75555.340686095,1761.951603203418,0.0011711045364891518
1989,79132.64585979008,87045.91044576908,82995.01915686294,38,79914.61864494199,79903.75400381723,79532.43983427525,1359.1293277828704,0.0010918568610876302
1989,87045.91044576908,95750.501490346,91294.52107254924,11,93821.41557735774,93789.18641670793,95432.56571491047,2543.723087610639,0.0007572555649478726
1989,95750.501490346,105325.55163938062,100423.97317980418,10,101400.04353696904,101380.5227159175,101398.93017188057,2097.205328152886,0.0006603972950126796
1989,105325.55163938062,115858.10680331869,110466.3704977846,6,111119.87981149188,111086.85000699516,111341.28041194245,2955.2022320979922,0.0005723443223443224
1989,115858.10680331869,127443.91748365057,121513.00754756307,19,120061.44040450794,120041.07405771459,119295.47870830297,2308.5650309142784,0.000519512538743308
1989,127443.91748365057,140188.30923201563,133664.3083023194,7,136218.85527045414,136181.29513467944,138373.78476006145,3447.6536341582705,0.0003522118906734291
1989,140188.30923201563,154207.1401552172,147030.73913255133,2,147129.60592012235,147075.86459241208,147129.60592012235,5623.342885681857,0.000290574809805579
1989,154207.1401552172,169627.85417073895,161733.81304580648,11,158694.7412038996,158690.5649207578,159055.33653922073,1199.1969843378276,0.00027296421527190756
1989,169627.85417073895,186590.63958781285,177907.19435038717,1,174963.73313194176,174963.73313194167,174963.73313194176,,0.00017610594533671456
1989,186590.63958781285,205249.70354659416,195697.9137854259,5,198819.01162187042,198819.01161779888,198818.37541324843,1.422605726625345,0.00016730064806987885
1989,205249.70354659416,225774.67390125358,215267.7051639685,1,212733.8484976032,212733.84849760306,212733.8484976032,,0.0001232741617357002
1989,225774.67390125358,248352.14129137894,236794.47568036534,4,238582.60717844238,238582.60716949555,238583.00480883112,2.3857823324473832,0.00011446886446886447
1989,248352.14129137894,273187.3554205169,260473.92324840193,2,265089.04652225797,265089.04652225797,265089.04652225797,0.0,7.924767540152156e-05
1989,273187.3554205169,300506.0909625686,286521.31557324214,2,278347.6342044138,278347.634204414,278347.6342044138,0.0,6.16370808678501e-05
1989,363612.37006470805,399973.6070711789,381359.87102798535,3,397635.16030494194,397635.16029857966,397636.75082649686,2.754864143702828,4.402648633417864e-05
1989,439970.96777829685,483968.06455612654,461445.4439438624,1,477162.8285745523,477162.82857455267,477162.8285745523,,1.7610594533671456e-05
1989,483968.06455612654,532364.8710117392,507589.98833824863,1,497039.57644690125,497039.57644690084,497039.57644690125,,8.805297266835728e-06
1990,0.6988011217925096,0.7686812339717607,0.7329087996472119,1,0.6988011217925096,0.6988011217925096,0.6988011217925096,,0.9983072073239193
1990,2.6536960970848797,2.919065706793368,2.7832199469772196,1,2.7813210211741604,2.7813210211741604,2.7813210211741604,,0.9982985706265924
1990,2.919065706793368,3.2109722774727048,3.0615419416749416,2,2.9479226131246925,2.9479226131246925,2.9479226131246925,0.0,0.9982899339292655
1990,3.2109722774727048,3.532069505219976,3.367696135842436,2,3.2437946995701745,3.2437945198389557,3.2437946995701745,0.001527103348098114,0.9982726605346116
1990,3.532069505219976,3.8852764557419737,3.70446574942668,1,3.6030165271524024,3.6030165271524024,3.6030165271524024,,0.9982553871399577
1990,3.8852764557419737,4.273804101316172,4.074912324369349,3,4.024148329027358,4.023914526526857,4.054743374462718,0.052992173153921775,0.9982467504426308
1990,4.273804101316172,4.701184511447789,4.482403556806283,3,4.561770357372776,4.560663679174803,4.632449820624517,0.12242042140371248,0.99822084035065
1990,5.171302962592568,5.688433258851825,5.423708303735603,2,5.297082189993838,5.29599242966767,5.297082189993838,0.15194678313574192,0.9981949302586691
1990,5.688433258851825,6.257276584737008,5.966079134109164,2,6.07806571744528,6.07806571744528,6.07806571744528,0.0,0.9981776568640152
1990,6.257276584737008,6.883004243210709,6.562687047520081,5,6.484997818821118,6.484997221975055,6.485429748874323,0.003110946035927737,0.9981603834693613
1990,6.883004243210709,7.571304667531781,7.21895575227209,4,7.144084514828753,7.142937455225224,7.167879232938355,0.1473718042631662,0.9981171999827266
1990,7.571304667531781,8.328435134284959,7.940851327499299,8,8.10493123664554,8.104930255539562,8.102737841844107,0.004264570859080503,0.9980826531934188
1990,8.328435134284959,9.161278647713457,8.73493646024923,5,8.800656638987888,8.798499595236452,8.837877884103099,0.21733643605632824,0.9980135596148033
1990,9.161278647713457,10.077406512484803,9.608430106274154,4,9.608515424647006,9.60634824134202,9.724789452362483,0.2337107383629002,0.9979703761281686
1990,10.077406512484803,11.085147163733284,10.56927311690157,14,10.706419364669822,10.704104523897405,10.803650455792143,0.22851804094439251,0.9979358293388608
1990,11.085147163733284,12.193661880106612,11.626200428591728,9,11.947365242508104,11.940862238757482,12.152082090641763,0.41158208590505896,0.9978149155762837
1990,12.193661880106612,13.413028068117276,12.7888204714509,9,12.908801855061661,12.907814859793325,12.96438054695057,0.16758921781099725,0.9977371853003412
1990,13.413028068117276,14.754330874929003,14.067702518595993,16,14.051890815301844,14.043715975375122,14.14468083757789,0.4948263009807177,0.9976594550243987
1990,14.754330874929003,16.229763962421906,15.474472770455593,27,16.133170140107737,16.13095842385565,16.202004817189245,0.26656219593662855,0.9975212678671675
1990,16.229763962421906,17.8527403586641,17.021920047501155,5,17.383126663085513,17.376199411189905,17.672810790570708,0.5462313953358778,0.9972880770393402
1990,17.8527403586641,19.63801439453051,18.72411205225127,45,18.805237171565956,18.79470539090313,18.51591581650219,0.635396042563401,0.9972448935527054
1990,19.63801439453051,21.601815833983565,20.596523257476402,30,20.71334667861991,20.704092512893936,20.25077058823707,0.6335997252475116,0.9968562421729931
1990,21.601815833983565,23.76199741738192,22.656175583224044,44,22.755161508627438,22.742674120847422,23.143737815128084,0.7567503026639603,0.9965971412531848
1990,23.76199741738192,26.138197159120118,24.921793141546452,49,25.31881390405898,25.30765136451901,25.91904266770403,0.7555160468165736,0.9962171265707993
1990,26.138197159120118,28.75201687503213,27.4139724557011,56,27.42347658359213,27.418546061127156,27.337797914341095,0.5255940238301609,0.9957939284017792
1990,28.75201687503213,31.627218562535347,30.15536970127121,35,29.499189590384674,29.491719697432465,29.45272133252752,0.6765271964217592,0.9953102733514704
1990,31.627218562535347,34.78994041878888,33.170906671398335,135,32.560275835108214,32.55618009997649,32.4001531160463,0.5270334735738357,0.9950079889450274
1990,34.78994041878888,38.26893446066777,36.487997338538165,62,36.24100175076384,36.234392374352296,35.99777051753364,0.7002513925213523,0.9938420348058902
1990,38.26893446066777,42.095827906734556,40.136797072391985,146,40.1420362715553,40.13424131287548,40.49749183222534,0.7906838706705909,0.9933065595716198
1990,42.095827906734556,46.30541069740802,44.1504767796312,176,44.68946860809766,44.6664458746319,44.36222279549827,1.4381547809645001,0.9920456017618863
1990,46.30541069740802,50.93595176714882,48.56552445759432,116,48.817291497461525,48.80925274820993,48.59753011123692,0.8910165764776458,0.9905255430323444
1990,50.93595176714882,56.02954694386371,53.422076903353755,248,53.853292669141666,53.84173012653277,53.99665577630046,1.1138755423050377,0.9895236861424191
1990,56.02954694386371,61.632501638250076,58.764284593689126,170,59.110314715181104,59.093399951322446,58.902497687419554,1.4155094576746752,0.9873817852053375
1990,61.632501638250076,67.7957518020751,64.64071305305805,311,64.8776167508282,64.87433348277655,64.79598693156055,0.6562189517459223,0.9859135466597573
1990,67.7957518020751,74.57532698228262,71.10478435836387,296,71.41494078156839,71.3986265756691,71.99194161795724,1.5261691862458036,0.9832275337910783
1990,74.57532698228262,82.03285968051088,78.21526279420026,535,80.14052785429801,80.12235984934286,80.99093432020189,1.6864012952546312,0.9806710713823034
1990,82.03285968051088,90.23614564856197,86.03678907362028,225,86.92632190419678,86.90092066816106,86.39680889234677,2.100787272499988,0.9760504383123894
1990,90.23614564856197,99.25976021341818,94.64046798098232,553,95.02372718184918,94.99353907364289,97.18750144654274,2.392024089818212,0.9741071814138273
1990,99.25976021341818,109.18573623476,104.10451477908056,686,106.2888341708719,106.25317843070043,107.98791242693585,2.7263639123444614,0.9693310877920284
1990,109.18573623476,120.10430985823602,114.51496625698863,328,114.97350782439449,114.94647939239049,115.7001777876459,2.4903440111740305,0.963406313425746
1990,120.10430985823602,132.1147408440596,125.9664628826875,1026,126.73490108970381,126.67954671857815,129.585494912323,3.725323733338344,0.9605734767025089
1990,132.1147408440596,145.32621492846562,138.56310917095627,649,139.50472774972093,139.47225679614252,138.83928778077538,3.009846729212928,0.9517122252450663
1990,145.32621492846562,159.85883642131216,152.4194200880519,383,150.95812357084887,150.9018211787844,150.91469932042065,4.138134929636675,0.9461070086798808
1990,159.85883642131216,175.84472006344342,167.6613620968571,1498,163.4930465675923,163.4572052474335,161.98186864040377,3.4766411170245397,0.942799153603662
1990,175.84472006344342,193.42919206978777,184.42749830654282,818,182.82387623379756,182.78077849012686,185.1209786335332,3.9724303147067186,0.9298613810079026
1990,193.42919206978777,212.77211127676654,202.87024813719714,1477,198.6872524666626,198.61933040271285,196.18910911654686,5.236937349011114,0.9227965625944639
1990,212.77211127676654,234.04932240444322,223.15727295091685,1849,221.04630156482597,220.95366533175624,217.9878990183854,6.448378807137136,0.9100401606425703
1990,234.04932240444322,257.45425464488756,245.47300024600855,1653,244.03457020037538,244.0104506204249,242.96875361635685,3.44422794810348,0.8940709072850542
1990,257.45425464488756,283.19968010937635,270.0203002706094,2559,270.3736686923302,270.2301379675418,269.9670815045071,8.790335890009917,0.8797944466036188
1990,283.19968010937635,311.51964812031406,297.0223302976704,1089,294.6005609379477,294.47856569134245,291.56898329042633,8.519744084367096,0.8576931381439737
1990,311.51964812031406,342.67161293234545,326.7245633274375,3975,325.4476125465491,325.4263827164102,323.96373728080755,3.7414990139945647,0.8482877747549337
1990,342.67161293234545,376.93877422558,359.39701966018123,1295,360.3650161011998,360.2461243286058,359.9525092555661,9.240256438442241,0.8139569028803385
1990,376.93877422558,414.6326516481381,395.33672162619945,3849,394.0724709555987,393.9919282306914,392.3782182330937,7.977367195552408,0.8027723798419485
1990,414.6326516481381,456.0959168129519,434.8703937888194,2376,433.4834157412467,433.33856610170733,431.94625058207833,11.244212858531133,0.769529731830548
1990,456.0959168129519,501.7055084942471,478.35743316770134,4128,484.3733016698904,484.280234920597,485.9375072327137,9.398889562496116,0.7490089389817334
1990,501.7055084942471,551.8760593436718,526.1931764844716,3014,528.9633104542248,528.8005166304005,531.2934022946464,13.092358482455802,0.7133566524161161
1990,551.8760593436718,607.0636652780391,578.8124941329187,1912,574.6606275999478,574.473682702859,570.1671070831039,14.693983277385495,0.6873256466727123
1990,607.0636652780391,667.7700318058431,636.6937435462107,5637,645.9876663752985,645.8751884784498,647.9166763102851,11.885149107349518,0.6708122813835989
1990,667.7700318058431,734.5470349864274,700.3631179008318,2068,704.4964554404136,704.2424474680137,701.9079329609204,18.905349542006146,0.6221272185516259
1990,734.5470349864274,808.0017384850703,770.399429690915,2215,769.4487857101317,769.2770876309391,777.4935326215439,16.195749115281288,0.6042665284795095
1990,808.0017384850703,888.8019123335773,847.4393726600066,3923,830.1901429633208,829.8267738659384,809.9012445135213,24.71650242902752,0.5851362439003325
1990,888.8019123335773,977.6821035669352,932.1833099260073,4188,954.8252464290124,954.4305565330495,971.8669157769299,27.14396407256185,0.5512544802867384
1990,977.6821035669352,1075.450313923629,1025.4016409186083,2890,1010.6172621530932,1010.1914427534354,1004.2859658328039,29.434120635473622,0.5150839918815046
1990,1075.450313923629,1182.995345315992,1127.9418050104691,3302,1113.3007555471738,1112.7371379682224,1101.4475514761546,35.59000824811228,0.4901239366066416
1990,1182.995345315992,1301.294879847591,1240.735985511516,4824,1264.3257829909876,1263.6839400668227,1295.8160754184419,40.0226062057228,0.46160556203307856
1990,1301.294879847591,1431.4243678323503,1364.8095840626677,1973,1372.1914517927673,1371.7313365484538,1376.809439345193,35.45624648923853,0.4199421341279095
1990,1431.4243678323503,1574.5668046155856,1501.2905424689347,2051,1493.4692163931088,1492.9791551400845,1489.55398148305,38.40579972311299,0.40290193030185256
1990,1574.5668046155856,1732.023485077144,1651.4195967158282,4904,1634.934970165816,1634.5730486482955,1619.7808925243826,34.841204748700164,0.3851880640842942
1990,1732.023485077144,1905.2258335848585,1816.561556387411,1563,1822.1003411331028,1821.5505185825332,1814.14941646667,44.75572646349895,0.34283370039296973
1990,1905.2258335848585,2095.7484169433446,1998.2177120261524,3862,1977.1894391401254,1976.6876353643702,1943.7338315538598,44.84573796477603,0.3293345424709591
1990,2095.7484169433446,2305.3232586376794,2198.039483228768,2785,2188.817328738608,2188.0791533551906,2159.6934590307364,57.03858686676596,0.2959796173943084
1990,2305.3232586376794,2535.8555845014475,2417.843431551645,2847,2421.5969432701736,2421.194650967441,2429.638944032583,43.994991236347225,0.27192641533877443
1990,2535.8555845014475,2789.4411429515926,2659.6277747068098,2660,2649.767227446578,2648.998668058398,2624.0722574828515,63.99223557517882,0.24733773804897008
1990,2789.4411429515926,3068.385257246752,2925.590552177491,1746,2910.910209759317,2910.022698151306,2915.5710521396313,72.06686001998234,0.22436412315930387
1990,3068.385257246752,3375.2237829714277,3218.1496073952403,3655,3230.304921885255,3229.9109745029823,3239.518592043444,50.121316157969275,0.20928444962646284
1990,3375.2237829714277,3712.74616126857,3539.9645681347647,1116,3544.351368776356,3543.0232005385387,3563.4769301985866,96.96077292566879,0.17771732089648917
1990,3712.74616126857,4084.0207773954276,3893.961024948241,2493,3933.7856156591674,3932.1060804251133,3916.9468892389664,114.58950091779901,0.1680787666796217
1990,4084.0207773954276,4492.4228551349715,4283.357127443066,1319,4292.565116145338,4291.5927087084765,4319.354523307482,91.15479059905898,0.14654748024355488
1990,4492.4228551349715,4941.665140648468,4711.692840187373,2117,4766.68444731622,4764.695517425059,4859.2535919996735,136.55334520796075,0.13515567646931814
1990,4941.665140648468,5435.831654713315,5182.86212420611,1465,5268.283396935994,5266.614926837863,5264.196115567936,132.0440160695391,0.11687178822818155
1990,5435.831654713315,5979.414820184648,5701.148336626722,1059,5707.076150610809,5705.753906313935,5669.162935201693,123.11976752827984,0.10421902664421126
1990,5979.414820184648,6577.356302203113,6271.263170289394,1855,6418.114095951326,6416.678658059841,6478.999390207233,133.90878855441122,0.0950727641749795
1990,6577.356302203113,7235.091932423425,6898.389487318334,530,6921.122524573947,6919.149516369539,6932.516227646373,165.19394386587425,0.07905169063350174
1990,7235.091932423425,7958.601125665768,7588.228436050168,855,7543.840287813597,7541.188031229609,7558.840720596936,200.29397925301726,0.07447424105022239
1990,7958.601125665768,8754.461238232345,8347.051279655187,1437,8262.519840757874,8259.231642412691,8098.769484480285,235.0504784730999,0.06708986483568684
1990,8754.461238232345,9629.907362055581,9181.756407620705,359,9123.709694038771,9121.140013502103,9070.660696322708,217.74241884144942,0.05467893077687092
1990,9629.907362055581,10592.898098261141,10099.932048382778,1002,9891.557930024908,9887.255509070197,9718.507183999347,295.6064503455049,0.05157835643649868
1990,10592.898098261141,11652.187908087257,11109.925253221058,620,11041.255884839811,11037.881611968953,10933.28616257315,273.73022430849545,0.04292438571490262
1990,11652.187908087257,12817.40669889598,12220.917778543162,484,12094.752519692522,12092.055092824574,12148.089437212448,255.90290753313192,0.03756963337219847
1990,12817.40669889598,14099.14736878558,13443.00955639748,682,13188.043844728427,13182.818527124095,12957.998780414466,375.72361992456695,0.033389471865958455
1990,14099.14736878558,15509.062105664141,14787.310512037227,269,14728.885817813607,14725.382653938932,14577.736479933528,323.39625405813956,0.02749924428898389
1990,15509.062105664141,17059.968316230556,16266.041563240953,747,16195.4032275594,16193.857160041402,16197.452582949929,224.18671222153588,0.025175972708036447
1990,17059.968316230556,18765.965147853614,17892.64571956505,166,17856.633415199136,17850.490476626637,17817.21187897165,470.29320839565935,0.01872435980481064
1990,18765.965147853614,20642.561662638975,19681.910291521555,345,19633.27225370426,19628.85069927418,19436.949578490712,419.0795175676213,0.017290668048538238
1990,20642.561662638975,22706.817828902876,21650.10132067371,292,21772.116620686065,21763.65056357704,21596.578248013466,609.767361004162,0.014311007470743188
1990,22706.817828902876,24977.499611793162,23815.111452741086,263,24161.79107572066,24158.98010676083,24296.130282293907,366.04661084143754,0.011789091851276072
1990,24977.499611793162,27475.249572972483,26196.622598015198,170,26216.93633924441,26210.607656059157,25915.99756082893,579.450493613844,0.00951764045429028
1990,27475.249572972483,30222.774530269737,28816.28485781672,97,28650.620122382705,28641.159038482685,29155.364977353755,738.0024085958637,0.00804940190871011
1990,30222.774530269737,33245.05198329671,31697.913343598397,239,32253.79413838977,32249.807505117627,32394.867372020202,501.7407250194854,0.0072116422679967184
1990,33245.05198329671,36569.557181626384,34867.70467795824,57,35087.08086057012,35076.031915049476,35634.28122102575,886.3485446842,0.005147471606857538
1990,36569.557181626384,40226.51289978903,38354.47514575406,89,38457.63364166629,38450.33343089938,38873.81817009645,750.6196332270804,0.004655179859221833
1990,40226.51289978903,44249.16418976793,42189.922660329474,96,41416.09243645396,41399.381617438434,40493.57206699251,1191.1685109384869,0.00388651379712398
1990,44249.16418976793,48674.08060874473,46408.91492636242,103,48001.680089738475,47986.46956792716,48592.260564587814,1197.9902968186896,0.003057390853737531
1990,48674.08060874473,53541.488669619204,51049.80641899867,17,51350.30520186455,51335.29947862792,51831.65821621636,1281.8198142357408,0.0021678110290624863
1990,53541.488669619204,58895.63753658114,56154.78706089854,59,55919.09807343459,55895.43897234116,56452.29690953599,1643.311536084456,0.0020209871745044696
1990,58895.63753658114,64785.20129023925,61770.26576698841,10,61888.61931095643,61877.950340030875,61550.25934500229,1219.1554966200888,0.001511422032214881
1990,64785.20129023925,71263.72141926318,67947.29234368725,53,65347.76755049295,65334.35981437925,64789.734744040405,1356.168353611941,0.0014250550589454593
1990,71263.72141926318,78390.09356118951,74742.02157805598,14,74118.96728149966,74090.98579702259,74184.21340125096,2121.9388380653527,0.0009673101006175238
1990,78390.09356118951,86229.10291730847,82216.22373586158,25,81094.11549903173,81089.81850578728,80987.01455496906,856.2543041812778,0.0008463963380403334
1990,86229.10291730847,94852.01320903932,90437.84610944775,8,89058.47796139828,89042.5219589517,89246.60779563458,1794.646287756039,0.0006304789048667789
1990,94852.01320903932,104337.21452994326,99481.63072039254,17,97919.43995164399,97901.67395981726,97184.52112917563,1949.4278723916968,0.0005613853262512415
1990,104337.21452994326,114770.93598293759,109429.7937924318,6,111446.05241540905,111418.49512378937,112973.65943457947,2701.3433443511462,0.0004145614716932245
1990,114770.93598293759,126248.02958123137,120372.77317167498,2,120670.62058794007,120667.90353249849,120670.62058794007,1145.1900717720976,0.00036274128773157145
1990,126248.02958123137,138872.8325393545,132410.05048884248,9,129759.19798283085,129749.19277627599,129579.27511955687,1707.3284077028802,0.00034546789307768707
1990,138872.8325393545,152760.11579328997,145651.05553772673,5,143858.75309950096,143835.98815568435,145776.6521147475,2847.159444003486,0.0002677376171352075
1990,152760.11579328997,168036.127372619,160216.16109149944,11,161745.75407681923,161744.13006847198,161974.02910993813,756.9593818266565,0.0002245541305004966
1990,184839.7401098809,203323.714120869,193861.55492071435,4,194368.69887395896,194368.69887393885,194368.71831081138,0.10230452740513941,0.00012955045990413266
1990,203323.714120869,223656.0855329559,213247.71041278582,1,205477.26819116095,205477.268191161,205477.26819116095,,9.500367059636395e-05
1990,223656.0855329559,246021.69408625155,234572.4814540644,2,242960.9140858912,242960.9140858913,242960.9140858912,0.0,8.636697326942177e-05
1990,246021.69408625155,270623.8634948767,258029.72959947088,1,259158.16150206586,259158.1615020658,259158.16150206586,,6.909357861553742e-05
1990,297686.2498443644,327454.87482880085,312215.9728153598,3,323947.6550851599,323947.65508515923,323947.66948282835,0.024937493280153187,6.045688128859524e-05
1990,327454.87482880085,360200.362311681,343437.5700968958,2,340145.046478019,340145.04647801927,340145.046478019,0.0,3.454678930776871e-05
1990,479426.68223684747,527369.3504605322,502826.9463788653,1,485921.4394347345,485921.43943473435,485921.4394347345,,1.7273394653884356e-05
1990,772121.4660092656,849333.6126101922,809807.8254126266,1,809868.979338547,809868.9793385467,809868.979338547,,8.636697326942178e-06
1992,0.00019907914672198825,0.0002189870613941871,0.0002087959705681851,1,0.00019907914672198825,0.00019907914672198817,0.00019907914672198825,,0.9853741496598639
1992,0.0007560027283756874,0.0008316030012132563,0.0007929023507611967,1,0.000796316586887953,0.0007963165868879529,0.000796316586887953,,0.9853610675039246
1992,0.013191795723803067,0.014510975296183374,0.013835672078377825,1,0.013935540270539178,0.013935540270539178,0.013935540270539178,,0.9853479853479854
1992,0.023370070824256295,0.02570707790668193,0.02451073706284311,3,0.024553094762378547,0.024548569769658732,0.02488489334024853,0.0005746919947499038,0.9853349031920461
1992,0.06667753949165958,0.07334529344082556,0.06993199339306728,1,0.06825570744753882,0.06825570744753884,0.06825570744753882,,0.9852956567242281
1992,0.09762258556973884,0.10738484412671273,0.10238743152678985,1,0.09953957336099412,0.0995395733609941,0.09953957336099412,,0.9852825745682888
1992,0.12993566139332244,0.1429292275326547,0.13627767136215735,1,0.13271943114799215,0.13271943114799212,0.13271943114799215,,0.9852694924123495
1992,0.1429292275326547,0.15722215028592015,0.14990543849837307,1,0.14930936004149117,0.14930936004149117,0.14930936004149117,,0.9852564102564103
1992,0.15722215028592015,0.17294436531451218,0.16489598234821037,1,0.15979419510218254,0.15979419510218257,0.15979419510218254,,0.985243328100471
1992,0.20926268203055978,0.2301889502336158,0.2194765525054681,1,0.22914009787700848,0.22914009787700848,0.22914009787700848,,0.9852302459445317
1992,0.25320784525697737,0.2785286297826751,0.2655666285316164,1,0.2654388622959843,0.2654388622959843,0.2654388622959843,,0.9852171637885924
1992,0.2785286297826751,0.3063814927609427,0.2921232913847781,1,0.29861872008298235,0.29861872008298235,0.29861872008298235,,0.985204081632653
1992,0.3063814927609427,0.337019642037037,0.3213356205232559,1,0.3317985778699804,0.3317985778699804,0.3317985778699804,,0.9851909994767137
1992,0.493430457906426,0.5427735036970686,0.5175142302089091,3,0.5087578194006366,0.5085207597530655,0.4976978668049706,0.019156399824996794,0.9851779173207744
1992,0.5427735036970686,0.5970508540667755,0.5692656532297999,3,0.5616875925370383,0.5615968187633031,0.5687975620628236,0.012314828458926565,0.9851386708529566
1992,0.6567559394734531,0.7224315334207985,0.6888114404080582,5,0.6635971557399608,0.6635971557399608,0.6635971557399608,0.0,0.9850994243851386
1992,0.7224315334207985,0.7946746867628784,0.757692584448864,3,0.7354691516876368,0.7354276455168138,0.7299568713139568,0.009593561753821363,0.9850340136054422
1992,0.7946746867628784,0.8741421554391664,0.8334618428937506,4,0.7963165868879529,0.7963165868879529,0.7963165868879529,0.0,0.9849947671376242
1992,0.9615563709830831,1.0577120080813913,1.0084888299014383,9,1.0054824103771887,1.00537131015276,0.9953957336099412,0.01593130793901711,0.9849424385138671
1992,1.0577120080813913,1.1634832088895306,1.109337712891582,1,1.1484875974391502,1.1484875974391502,1.1484875974391502,,0.9848246991104134
1992,1.1634832088895306,1.279831529778484,1.2202714841807405,6,1.1977928661106294,1.1977700564897316,1.1944748803319294,0.008127372131625694,0.9848116169544741
1992,1.279831529778484,1.4078146827563323,1.3422986325988147,5,1.3590469749554397,1.3587209304695391,1.35373819770952,0.03331231283575998,0.9847331240188383
1992,1.4078146827563323,1.5485961510319657,1.4765284958586962,6,1.4907236105729833,1.4907141507429424,1.4930936004149118,0.005805265808303975,0.9846677132391418
1992,1.5485961510319657,1.7034557661351626,1.6241813454445662,5,1.6311218088088235,1.6308157063795865,1.6523569177925024,0.03523944582423787,0.984589220303506
1992,1.7034557661351626,1.8738013427486788,1.7865994799890228,1,1.8315281498422917,1.8315281498422917,1.8315281498422917,,0.9845238095238096
1992,1.8738013427486788,2.061181477023547,1.9652594279879252,8,1.9858144885518327,1.985770387683019,1.9907914672198823,0.014077021463994912,0.9845107273678703
1992,2.061181477023547,2.267299624725902,2.1617853707867183,3,2.133339509574556,2.1326210611679475,2.09769696900959,0.0682132699982192,0.9844060701203559
1992,2.267299624725902,2.494029587198492,2.3779639078653902,10,2.428463954937466,2.427643420567418,2.438719547344356,0.06636657056245243,0.9843668236525379
1992,2.494029587198492,2.7434325459183415,2.615760298651929,9,2.635546028849753,2.6351750300027357,2.6543886229598432,0.04640295570312919,0.984236002093145
1992,2.7434325459183415,3.0177758005101762,2.8773363285171225,19,2.9155365562788624,2.9144553492049887,2.9861872008298236,0.08124199713104652,0.9841182626896913
1992,3.0177758005101762,3.319553380561194,3.165069961368835,14,3.2385279192660836,3.2368383154313616,3.3113498071424043,0.10747865526462261,0.9838697017268446
1992,3.319553380561194,3.6515087186173134,3.4815769575057187,11,3.514410565525982,3.5137742712945848,3.505385615480769,0.07009680148179379,0.9836865515436944
1992,3.6515087186173134,4.016659590479045,3.8297346532562906,37,3.951774867606255,3.950963620903512,3.9815829344397646,0.07983330563670316,0.9835426478283621
1992,4.016659590479045,4.4183255495269504,4.21270811858192,13,4.294494516338685,4.293368522194095,4.379741227883741,0.1019291911033851,0.983058608058608
1992,4.4183255495269504,4.860158104479646,4.633978930440112,27,4.624172032074729,4.62220936399226,4.645180090179725,0.13712499460144276,0.9828885400313971
1992,4.860158104479646,5.34617391492761,5.097376823484124,33,5.099063787201926,5.096704599270718,4.976978668049706,0.15819115605956643,0.9825353218210361
1992,5.34617391492761,5.880791306420372,5.607114505832537,22,5.631789781778315,5.631073864835952,5.663500089169775,0.09154417570585566,0.9821036106750393
1992,5.880791306420372,6.46887043706241,6.167825956415792,49,6.148500464394064,6.145833095373211,6.10509383280764,0.18326766868297328,0.9818158032443747
1992,6.46887043706241,7.115757480768651,6.784608552057371,53,6.729931559478084,6.72817167659313,6.635971557399609,0.15677782634355805,0.981174777603349
1992,7.115757480768651,7.827333228845517,7.4630694072631085,37,7.432359015330235,7.430532187409565,7.46546800207456,0.16711525598497556,0.9804814233385662
1992,7.827333228845517,8.61006655173007,8.20937634798942,111,8.050160267542234,8.047875204247214,7.963165868879529,0.19544865402042,0.9799973835688122
1992,8.61006655173007,9.471073206903077,9.030313982788362,51,9.03885504232753,9.03690154889973,8.958561602489471,0.19023204277860573,0.97854526425955
1992,9.471073206903077,10.418180527593385,9.9333453810672,140,9.918854468554674,9.916948158173714,9.953957336099412,0.19483810602679183,0.9778780743066458
1992,10.418180527593385,11.459998580352726,10.926679919173921,98,10.99168625276927,10.986090021380047,11.059952595666013,0.35197177692366843,0.9760465724751439
1992,11.459998580352726,12.605998438388,12.019347911091316,133,12.015879823805838,12.013557374807723,11.944748803319294,0.23770951369957172,0.9747645211930926
1992,12.605998438388,13.8665982822268,13.221282702200448,192,13.207856065374443,13.204802538890839,13.271943114799218,0.2842821114774124,0.9730245944531659
1992,13.8665982822268,15.25325811044948,14.543410972420492,167,14.58684257437107,14.581537535935292,14.599137426279135,0.3935306823212872,0.9705128205128205
1992,15.25325811044948,16.77858392149443,15.997752069662543,284,16.01315474717954,16.009166877430722,15.926331737759059,0.35847642781814676,0.9683281004709576
1992,16.77858392149443,18.456442313643876,17.5975272766288,207,17.595590371269914,17.58893049445353,17.518964911534965,0.4860602039949669,0.9646127681841967
1992,18.456442313643876,20.302086545008265,19.35728000429168,455,19.687440065711105,19.682613566753002,19.907914672198824,0.43116342524667445,0.9619047619047619
1992,20.302086545008265,22.332295199509094,21.29300800472085,252,21.386973764331376,21.37822359425722,21.235108983678746,0.6124321862548312,0.955952380952381
1992,22.332295199509094,24.565524719460004,23.422308805192937,441,23.52725519892673,23.520386014584815,23.88949760663859,0.5670866186749428,0.9526556776556776
1992,24.565524719460004,27.022077191406005,25.764539685712233,544,25.88564647694567,25.876222065440416,25.989085827542038,0.696691018248473,0.9468864468864469
1992,27.022077191406005,29.724284910546608,28.340993654283455,460,28.539986198189922,28.528254955812315,28.448822444804616,0.8190060673789326,0.9397697540554684
1992,29.724284910546608,32.69671340160127,31.175093019711806,737,30.90986202025762,30.895736920413604,30.79090802633418,0.9362531617963751,0.9337519623233909
1992,32.69671340160127,35.9663847417614,34.29260232168299,789,34.430988689689386,34.41865668692964,34.63977152962595,0.9211160222242141,0.9241104133961277
1992,35.9663847417614,39.56302321593754,37.72186255385129,464,37.64688413788317,37.6353912456437,37.64017866950734,0.9317326417865328,0.913788592360021
1992,39.56302321593754,43.51932553753131,41.494048809236425,1434,40.92183402548333,40.90554411903218,40.79321947518184,1.1599802173080613,0.9077184720041863
1992,43.51932553753131,47.87125809128444,45.64345369016007,1071,46.04592218351369,46.025686176256805,46.009402797970615,1.3639124960337878,0.8889586603872318
1992,47.87125809128444,52.658383900412886,50.20779905917608,1495,50.87270160109055,50.85643297734666,51.495139285420954,1.280032261980268,0.8749476713762429
1992,52.658383900412886,57.92422229045418,55.228578965093696,1252,54.9764370724998,54.95328098376091,54.79985312100597,1.5986327580599005,0.8553898482469912
1992,57.92422229045418,63.7166445194996,60.75143686160307,1727,60.87138930163871,60.84742391766359,59.82328358995746,1.7155934498363865,0.839010989010989
1992,63.7166445194996,70.08830897144958,66.82658054776338,2163,67.84914189020158,67.8250085804166,68.68230561908594,1.7989075561448291,0.81641810570382
1992,70.08830897144958,77.09713986859452,73.50923860253972,1476,73.56001564643033,73.53430623162814,73.58705837270492,1.9454923798482493,0.7881214024071167
1992,77.09713986859452,84.806853855454,80.8601624627937,2347,80.70161103220994,80.67816791512323,79.6316586887953,1.9526483340795013,0.7688121402407117
1992,84.806853855454,93.2875392409994,88.94617870907308,1849,89.37260388349993,89.33826914593728,89.5856160248947,2.4740182143075584,0.7381083202511773
1992,93.2875392409994,102.61629316509935,97.8407965799804,2110,98.25939283258226,98.22948431486984,99.53957336099413,2.419221515660779,0.7139194139194139
1992,102.61629316509935,112.87792248160929,107.62487623797844,3657,106.66051278887545,106.61646785535156,105.77738662494976,3.083642022048602,0.6863160648874934
1992,112.87792248160929,124.16571472977023,118.3873638617763,2467,118.81827968330768,118.78526766228472,119.44748803319295,2.79401213326466,0.6384746206174777
1992,124.16571472977023,136.58228620274727,130.22610024795395,2382,130.160622464761,130.11495967992195,129.9454291377102,3.446749877209337,0.6062009419152277
1992,136.58228620274727,150.24051482302198,143.24871027274935,2888,143.29274554403366,143.22952461215564,143.33698563983154,4.2630002229016,0.5750392464678179
1992,150.24051482302198,165.26456630532422,157.5735813000243,2855,157.95101326127627,157.90525048262617,159.2633173775906,3.795310900492585,0.5372579801151229
1992,165.26456630532422,181.79102293585666,173.33093943002675,2379,173.49564052334864,173.43169826368361,173.22354346232328,4.708800697497438,0.4999084249084249
1992,181.79102293585666,199.97012522944235,190.66403337302944,2925,193.1740311709004,193.07871246049467,194.43396663180852,6.040264333181682,0.4687859759288331
1992,199.97012522944235,219.96713775238658,209.73043671033238,4059,209.31153604300508,209.26014947155508,207.9126866203363,4.6559871162307145,0.4305206698063841
1992,219.96713775238658,241.96385152762525,230.70348038136564,2859,231.03540383020746,230.93745287918716,230.67300730676777,6.7306067964212914,0.37742019884877026
1992,241.96385152762525,266.1602366803878,253.77382841950222,2420,255.1500081793469,255.04300557155372,255.08674666644092,7.385043337368109,0.34001831501831503
1992,266.1602366803878,292.7762603484266,279.1512112614525,1994,279.1630855735373,279.0634852185664,278.7108054107835,7.463164398510848,0.3083594976452119
1992,292.7762603484266,322.05388638326934,307.06633238759775,2334,307.1536272142923,307.0357111100196,305.64154555627795,8.523226435706844,0.2822736787022501
1992,322.05388638326934,354.25927502159624,337.7729656263576,1870,337.97701535513863,337.8614083934355,338.16088196035287,8.844031140835538,0.25173992673992673
1992,354.25927502159624,389.68520252375595,371.5502621889933,1576,370.12161099661375,369.98774663220416,369.7259746604351,9.974268241696342,0.227276295133438
1992,389.68520252375595,428.65372277613153,408.7052884078927,2178,406.27377163368504,406.14020080965275,401.8247340891553,10.469181157767949,0.2066588173731031
1992,428.65372277613153,471.51909505374476,449.57581724868203,1345,450.21488549746726,450.05003332612836,448.8571161425094,12.188978871735419,0.17816588173731032
1992,471.51909505374476,518.6710045591193,494.5333989735503,1510,494.55172609370794,494.36669963299283,497.6978668049706,13.545367630008025,0.16057038199895343
1992,518.6710045591193,570.5381050150312,543.9867388709054,1150,543.7837307697304,543.6030087039487,542.7276738016108,14.032263255397448,0.14081632653061224
1992,570.5381050150312,627.5919155165344,598.3854127579958,1278,598.8167003470338,598.6521914885973,597.2374401659647,14.043268941264799,0.12577184720041862
1992,627.5919155165344,690.351107068188,658.2239540337955,932,658.19254199,657.9621813212713,660.942767117001,17.42846012869693,0.10905285190999477
1992,690.351107068188,759.3862177750068,724.0463494371752,934,721.764858435775,721.4834671135382,716.6849281991576,20.20208542353298,0.09686028257456829
1992,759.3862177750068,835.3248395525075,796.4509843808928,878,796.5490724955228,796.3606020520667,796.316586887953,17.335157728024388,0.08464154892726321
1992,835.3248395525075,918.8573235077583,876.096082818982,753,875.0597280490238,874.7026103579158,875.9482455767483,25.013805867139475,0.07315541601255887
1992,918.8573235077583,1010.7430558585343,963.7056911008804,719,969.1902760901678,968.7954790884428,973.2729439829724,27.599342690804946,0.06330455259026688
1992,1010.7430558585343,1111.8173614443879,1060.0762602109685,515,1058.9296237498197,1058.58525652506,1061.7554491839371,27.046130709054882,0.05389848246991104
1992,1111.8173614443879,1222.9990975888268,1166.0838862320654,597,1171.1505916545573,1170.7052615431878,1192.1854701446266,32.17891746832781,0.04716117216117216
1992,1222.9990975888268,1345.2990073477094,1282.6922748552722,409,1286.648042852488,1286.1678412389447,1291.642425659731,35.164047477728246,0.03935112506541078
1992,1345.2990073477094,1479.8289080824804,1410.9615023407994,417,1409.4601839218033,1409.003189021587,1397.5356099883575,35.9871523263867,0.03400052328623757
1992,1479.8289080824804,1627.8117988907286,1552.0576525748795,415,1557.0741701722666,1556.477477006878,1572.725259103707,42.99722716686582,0.028545264259549973
1992,1627.8117988907286,1790.5929787798016,1707.2634178323674,228,1699.138296080962,1698.5469132606866,1695.1091645510494,44.99706187702016,0.023116169544740973
1992,1790.5929787798016,1969.652276657782,1877.9897596156045,237,1855.1690021066554,1854.4097003810084,1851.4360645144907,53.345133376176996,0.020133437990580847
1992,1969.652276657782,2166.6175043235603,2065.788735577165,283,2044.7198186685782,2043.9342677947177,2030.6072965642802,57.05973866502123,0.01703296703296703
1992,2166.6175043235603,2383.2792547559166,2272.3676091348816,162,2254.351577498506,2253.621687948738,2256.230329515867,57.71830732032305,0.013330716902145474
1992,2383.2792547559166,2621.607180231508,2499.60437004837,186,2465.687339207687,2464.4282827156703,2441.814531298869,79.44705052750402,0.01121140763997907
1992,2621.607180231508,2883.7678982546595,2749.564807053207,123,2742.0500838346697,2741.128757655486,2747.6406132702014,71.3862307431792,0.008778126635269492
1992,2883.7678982546595,3172.1446880801254,3024.521287758528,100,2991.3400778687515,2990.4486427012,2986.1872008298233,73.66708442052428,0.007169021454735741
1992,3172.1446880801254,3489.3591568881384,3326.973416534381,96,3278.056985073336,3276.4165172614776,3225.082176896209,104.86541434964943,0.005860805860805861
1992,3489.3591568881384,3838.2950725769524,3659.6707581878195,58,3653.408643823776,3652.0732673224666,3620.7519810061613,99.90432349480085,0.004604918890633176
1992,3838.2950725769524,4222.124579834648,4025.6378340066017,81,4031.1288571932523,4029.8577928086424,3981.582934439765,102.16125766692097,0.0038461538461538464
1992,4222.124579834648,4644.3370378181135,4428.201617407262,41,4446.933016601612,4445.392981682282,4479.280801244736,118.24643950813159,0.0027864992150706436
1992,4644.3370378181135,5108.770741599925,4871.021779147989,33,4852.441522551419,4850.8831968842715,4777.899521327718,125.54078266059973,0.002250130821559393
1992,5108.770741599925,5619.647815759918,5358.123957062789,22,5309.050877190504,5307.019887167532,5265.0597307384,151.05945082942188,0.0018184196755625327
1992,5619.647815759918,6181.612597335911,5893.936352769068,32,5914.343404816475,5912.702893129868,5972.3744016596465,140.73342351008316,0.001530612244897959
1992,6181.612597335911,6799.773857069503,6483.329988045976,16,6527.721831736411,6525.559302680981,6507.897306341795,173.50331614687616,0.0011119832548403977
1992,6799.773857069503,7479.751242776452,7131.662986850573,12,7066.106739706657,7065.467162671085,7036.452440888675,99.38112185010286,0.000902668759811617
1992,7479.751242776452,8227.7263670541,7844.829285535631,12,7909.476158500313,7908.024616690331,7963.16586887953,157.1207493202888,0.0007456828885400314
1992,8227.7263670541,9050.49900375951,8629.312214089196,9,8505.33416819869,8503.968738843956,8460.863735684501,162.4369045033078,0.0005886970172684458
1992,9050.49900375951,9955.548904135461,9492.243435498116,6,9292.718471931521,9291.127378176074,9188.000319086563,189.21020022769713,0.00047095761381475666
1992,9955.548904135461,10951.10379454901,10441.467779047929,8,10451.418879367295,10446.642583982368,10463.998110001146,337.35237884427903,0.0003924646781789639
1992,10951.10379454901,12046.214174003911,11485.614556952723,4,11914.450201432874,11914.005395271517,11944.748803319293,118.60074369226588,0.0002878074306645735
1992,12046.214174003911,13250.835591404302,12634.176012647995,3,12418.557172517627,12416.126345254379,12370.77817730435,301.4718299803342,0.00023547880690737833
1992,13250.835591404302,14575.919150544732,13897.593613912795,2,13935.540270539175,13935.540270539183,13935.540270539175,0.0,0.00019623233908948196
1992,14575.919150544732,16033.511065599208,15287.352975304075,3,15607.479874037848,15604.613083754517,15687.436761692674,365.4504310135952,0.00017006802721088434
1992,16033.511065599208,17636.86217215913,16816.088272834484,2,16921.727471369,16920.55637704105,16921.727471369,281.5404292798985,0.00013082155939298797
1992,19400.548389375046,21340.60322831255,20347.466810129732,1,19907.91467219882,19907.914672198818,19907.91467219882,,0.00010465724751439037
1992,21340.60322831255,23474.663551143807,22382.213491142706,2,22860.92201524165,22858.008358745203,22860.92201524165,516.157453679817,9.157509157509158e-05
1992,28404.342896884016,31244.777186572417,29790.72615671095,2,30029.477588009853,30029.400811752075,30029.477588009853,96.03224388054822,6.541077969649399e-05
1992,31244.777186572417,34369.25490522966,32769.79877238205,1,31653.58432879613,31653.584328796107,31653.58432879613,,3.924646781789639e-05
1992,34369.25490522966,37806.18039575263,36046.77864962025,1,36164.35706210252,36164.35706210255,36164.35706210252,,2.6164311878597592e-05
1992,45745.47827886069,50320.026106746765,47978.26238264457,1,49968.86582721905,49968.86582721908,49968.86582721905,,1.3082155939298796e-05
1993,0.002873064826168041,0.0031603713087848453,0.00301329581105148,1,0.002873064826168041,0.002873064826168041,0.002873064826168041,,0.9868324704854643
1993,0.0257262913618372,0.02829892049802092,0.026981962010898194,1,0.0281560352964468,0.028156035296446794,0.0281560352964468,,0.9868196241152063
1993,0.037665863182865855,0.04143244950115245,0.03950429058015606,1,0.04022290756635257,0.040222907566352564,0.04022290756635257,,0.9868067777449482
1993,0.09769554863371657,0.10746510349708825,0.10246395583387931,1,0.10055726891588143,0.10055726891588142,0.10055726891588143,,0.9867939313746901
1993,0.15733965803008695,0.17307362383309566,0.16501922551002104,1,0.16759544819313574,0.16759544819313574,0.16759544819313574,,0.986781085004432
1993,0.19038098621640526,0.2094190848380458,0.1996732628671255,2,0.20111453783176286,0.20111453783176286,0.20111453783176286,0.0,0.986768238634174
1993,0.2094190848380458,0.2303609933218504,0.21964058915383808,1,0.22122599161493914,0.22122599161493914,0.22122599161493914,,0.9867425458936577
1993,0.2303609933218504,0.2533970926540354,0.24160464806922188,2,0.2513931722897036,0.2513931722897036,0.2513931722897036,0.0,0.9867296995233996
1993,0.2533970926540354,0.278736801919439,0.26576511287614407,1,0.26815271710901717,0.26815271710901717,0.26815271710901717,,0.9867040067828835
1993,0.278736801919439,0.3066104821113829,0.29234162416375853,2,0.3016718067476443,0.30167180674764427,0.3016718067476443,0.0,0.9866911604126254
1993,0.3066104821113829,0.3372715303225212,0.32157578658013436,2,0.328487078458546,0.32841866502898837,0.328487078458546,0.009480630233069233,0.9866654676721093
1993,0.3372715303225212,0.37099868335477343,0.35373336523814786,1,0.351950441205585,0.351950441205585,0.351950441205585,,0.986639774931593
1993,0.37099868335477343,0.4080985516902508,0.38910670176196266,1,0.3821176218803494,0.3821176218803494,0.3821176218803494,,0.986626928561335
1993,0.44890840685927585,0.49379924754520355,0.47081910913197494,2,0.4541836646033979,0.4541805724259309,0.4541836646033979,0.0023701575582673476,0.9866140821910769
1993,0.49379924754520355,0.5431791722997239,0.5179010200451725,6,0.5027863445794072,0.5027863445794072,0.5027863445794072,0.0,0.9865883894505607
1993,0.5431791722997239,0.5974970895296964,0.5696911220496897,2,0.563838972135478,0.5637360264977872,0.563838972135478,0.015236727160289782,0.9865113112290123
1993,0.5974970895296964,0.657246798482666,0.6266602342546588,3,0.6033436134952886,0.6033436134952886,0.6033436134952886,0.0,0.986485618488496
1993,0.657246798482666,0.7229714783309328,0.6893262576801247,3,0.6815548226520853,0.6813736118490227,0.670381792772543,0.01935225542585252,0.9864470793777218
1993,0.7229714783309328,0.795268626164026,0.7582588834481373,2,0.7541795168691108,0.7541795168691108,0.7541795168691108,0.0,0.9864085402669476
1993,0.795268626164026,0.8747954887804287,0.834084771792951,3,0.8338272584389914,0.833754942657552,0.8379772409656785,0.013419032063080292,0.9863828475264315
1993,0.8747954887804287,0.9622750376584717,0.9174932489722462,1,0.9050154202429329,0.9050154202429329,0.9050154202429329,,0.9863443084156571
1993,0.9622750376584717,1.058502541424319,1.0092425738694708,5,1.0055726891588144,1.0055726891588144,1.0055726891588144,0.0,0.9863314620453991
1993,1.058502541424319,1.164352795566751,1.1101668312564181,3,1.112115509795879,1.1117603171995036,1.1061299580746957,0.03450918442222899,0.9862672301941087
1993,1.164352795566751,1.2807880751234262,1.2211835143820602,4,1.1983074545809205,1.1982187232883992,1.2066872269905773,0.016759544819313632,0.9862286910833344
1993,1.2807880751234262,1.4088668826357689,1.3433018658202662,3,1.3315059322163223,1.330761114763197,1.3072444959064586,0.05493436631335206,0.9861773056023021
1993,1.4088668826357689,1.549753570899346,1.477632052402293,3,1.4844168268534876,1.48402640724241,1.5083590337382216,0.041469118769684135,0.9861387664915279
1993,1.549753570899346,1.7047289279892808,1.6253952576425224,8,1.6316115195969232,1.6309467876652588,1.6415974150517645,0.04964050439493708,0.9861002273807535
1993,1.7047289279892808,1.8752018207882089,1.787934783406775,5,1.7581560589022764,1.7580387147479397,1.7597522060279251,0.022678492893731965,0.9859974564186889
1993,1.8752018207882089,2.0627220028670297,1.9667282617474522,9,1.9865647125826353,1.9860149632166249,2.0111453783176287,0.04903420084219759,0.9859332245673985
1993,2.0627220028670297,2.2689942031537327,2.1634010879221974,3,2.20667340120962,2.206322752369473,2.178740826510764,0.048380638564631366,0.9858176072350757
1993,2.2689942031537327,2.4958936234691067,2.3797411967144178,8,2.3504591897006595,2.3498987973652468,2.333444317150582,0.05495682516653133,0.9857790681243015
1993,2.4958936234691067,2.7454829858160177,2.6177153163858597,12,2.5785756814858165,2.5773031834229303,2.5139317228970355,0.08513343907853471,0.9856762971622368
1993,2.7454829858160177,3.0200312843976196,2.8794868480244458,10,2.9736220950839227,2.9728838013000716,3.016718067476443,0.06939110802037732,0.9855221407191398
1993,3.0200312843976196,3.3220344128373815,3.167435532826891,3,3.231037095165847,3.230731388404017,3.217832605308206,0.054538174381948044,0.985393677016559
1993,3.3220344128373815,3.65423785412112,3.48417908610958,17,3.4317764103898902,3.4302571741428793,3.351908963862714,0.10598109331955063,0.9853551379057848
1993,3.65423785412112,4.019661639533232,3.832596994720538,8,3.7672556063367413,3.7665188627987938,3.7708975843455534,0.07965881899012128,0.9851367496113973
1993,4.019661639533232,4.421627803486556,4.215856694192593,29,4.066122883090038,4.065063049174463,4.0222907566352575,0.09586157862004845,0.9850339786493326
1993,4.421627803486556,4.863790583835212,4.637442363611853,16,4.617484043870201,4.6157531165148775,4.550216418443634,0.13126315783807566,0.9846614339118482
1993,4.863790583835212,5.3501696422187335,5.101186599973038,29,5.041575300286637,5.04094707898276,5.027863445794071,0.0813360604038698,0.9844558919877189
1993,5.3501696422187335,5.885186606440608,5.611305259970343,24,5.645300312887419,5.642639013314484,5.6982452385666145,0.1760982110624175,0.9840833472502345
1993,5.885186606440608,6.473705267084669,6.172435785967377,49,6.106586769556818,6.105261980810473,6.033436134952886,0.129650387832816,0.9837750343640405
1993,6.473705267084669,7.1210757937931355,6.7896793645641145,40,6.784222932278217,6.78281677313076,6.703817927725428,0.14077962245933182,0.9831455622213944
1993,7.1210757937931355,7.833183373172449,7.468647301020526,53,7.478461351208285,7.476022455749815,7.541795168691107,0.19260022553816203,0.982631707411071
1993,7.833183373172449,8.616501710489695,8.21551203112258,75,8.146319911712139,8.144589788561872,8.044581513270515,0.1701486125729935,0.9819508497873926
1993,8.616501710489695,9.478151881538667,9.037063234234838,81,9.02379403177145,9.0206567381693,9.050154202429328,0.2391103521670644,0.9809873720180363
1993,9.478151881538667,10.425967069692533,9.940769557658323,142,10.032364965067824,10.030661469578522,10.055726891588142,0.18467590141958318,0.9799468160271315
1993,10.425967069692533,11.468563776661787,10.934846513424155,85,10.897709932635342,10.894381715352468,10.860185042915194,0.2713107484960809,0.9781226314504836
1993,11.468563776661787,12.615420154327968,12.028331164766573,152,12.051217665571256,12.046743322535786,12.066872269905772,0.32940815646737914,0.9770306899785466
1993,12.615420154327968,13.876962169760766,13.231164281243233,179,13.31815928064085,13.315160846165812,13.407635855450856,0.2824571781195879,0.9750780416993179
1993,13.876962169760766,15.264658386736842,14.554280709367555,169,14.71461256031115,14.70834261008534,14.915994889189077,0.4282650092987293,0.9727785414231209
1993,15.264658386736842,16.791124225410528,16.00970878030431,224,16.19564011274486,16.190259053815982,16.08916302654103,0.41768923068955627,0.9706075048495048
1993,16.791124225410528,18.470236647951584,17.610679658334746,175,17.684352200175557,17.679487133152783,17.59752206027925,0.4155857519593889,0.967729917911694
1993,18.470236647951584,20.317260312746743,19.371747624168222,421,19.78543869406453,19.77855848400978,20.111453783176284,0.5167313464337764,0.9654818031165294
1993,20.317260312746743,22.34898634402142,21.308922386585046,198,21.483949651307984,21.476378013898074,21.46562500457682,0.5706891893662466,0.9600734812378763
1993,22.34898634402142,24.583884978423566,23.439814625243553,365,23.638738454383855,23.6307342537003,23.944696874249683,0.6127821811652513,0.9575298999267757
1993,24.583884978423566,27.042273476265922,25.78379608776791,437,25.94871090674309,25.93766627021553,26.001236676820774,0.7576202959265068,0.9528409747825752
1993,27.042273476265922,29.746500823892514,28.3621756965447,428,28.226782713376128,28.21844734794228,28.156035296446802,0.6884892739135882,0.9472271109797926
1993,29.746500823892514,32.72115090628177,31.198393266199172,813,31.31256914292755,31.29826343145994,31.603713087848448,0.9450380053510453,0.9417288645093329
1993,32.72115090628177,35.99326599690995,34.31823259281909,590,34.29599263920488,34.284964910487254,34.18947143139969,0.8720642593697892,0.9312847654895109
1993,35.99326599690995,39.59259259660095,37.750055852101006,890,38.05878496355816,38.04698157145219,38.61399126369847,0.9421202182990343,0.9237054070372416
1993,39.59259259660095,43.551851856261045,41.52506143731111,1031,40.99937618976416,40.98445023425321,40.22290756635257,1.1160891453642288,0.9122721375075472
1993,43.551851856261045,47.90703704188716,45.677567581042226,707,45.710004589858265,45.6932241168448,45.45188554997841,1.2394274978462325,0.899027529771463
1993,47.90703704188716,52.69774074607587,50.24532433914646,1923,49.51450321729318,49.49639738746594,48.95798232617881,1.3470109051856287,0.889945145998998
1993,52.69774074607587,57.96751482068347,55.2698567730611,1153,55.31538436352801,55.29314136508403,55.30649790373479,1.5708825496980139,0.8652415759927032
1993,57.96751482068347,63.76426630275183,60.79684245036722,1472,60.73290863237574,60.71590163514427,60.334361349528855,1.4418130022834605,0.8504297110851329
1993,63.76426630275183,70.14069293302701,66.87652669540395,2141,65.92017430119999,65.89762554023748,65.36222479532293,1.734503343355613,0.8315198540652339
1993,70.14069293302701,77.15476222632972,73.56417936494435,1787,73.50038304859252,73.47249583731633,73.43697348926821,2.02415563376988,0.8040157753426769
1993,77.15476222632972,84.8702384489627,80.92059730143879,2193,80.4740090420826,80.44589647800159,80.44581513270514,2.131499758559405,0.7810593116914816
1993,84.8702384489627,93.35726229385898,89.01265703158268,1645,89.02928562536613,88.99902035883038,89.24457616284477,2.3199635171416695,0.7528872217155043
1993,93.35726229385898,102.69298852324488,97.91392273474095,4207,97.98411245935942,97.95932906802955,96.5953125205957,2.2064032873371,0.7317549426409568
1993,102.69298852324488,112.96228737556937,107.70531500821505,1845,108.24692850597623,108.20820662675314,108.60185042915195,2.891821325960121,0.6777102629651992
1993,112.96228737556937,124.25851611312633,118.47584650903659,2465,118.93421790624882,118.89734852104976,120.66872269905771,2.9542601456994886,0.654008709839035
1993,124.25851611312633,136.68436772443897,130.32343115994024,3013,130.2760867600046,130.2326511055676,129.11553328799175,3.3680450946938434,0.6223424071528589
1993,136.68436772443897,150.35280449688287,143.35577427593427,2469,143.33070295902832,143.28187506146372,143.79689454971046,3.7395824212424857,0.5836362935652532
1993,150.35280449688287,165.38808494657118,157.69135170352772,2736,156.83643354519702,156.76748344745562,156.86933950877503,4.653262480564967,0.5519186053980448
1993,165.38808494657118,181.92689344122832,173.4604868738805,2503,173.86495551011024,173.7882020788276,173.99424240514966,5.16690295687846,0.5167709363719281
1993,181.92689344122832,200.11958278535116,190.8065355612686,4645,192.44594188570878,192.40972342257376,193.1906250411914,3.7150781182937447,0.4846164716159449
1993,200.11958278535116,220.13154106388626,209.88718911739542,2870,207.13642015494963,207.04230739320823,205.2223022669766,6.276396356051975,0.4249450817671467
1993,220.13154106388626,242.14469517027496,230.875908029135,2588,232.25254766445912,232.14891942717426,232.17428397919014,6.931608884184753,0.3880759991264468
1993,242.14469517027496,266.35916468730244,253.96349883204851,2226,253.71583360134989,253.63558911936772,252.0551743100665,6.391979213469893,0.3548295928985265
1993,266.35916468730244,292.9950811560327,279.3598487152534,2301,278.98065235470665,278.8616038173771,279.04642124157095,8.1550169038089,0.32623357270403247
1993,292.9950811560327,322.294589271636,307.29583358677877,2360,306.88971337891377,306.7670736365533,302.5678438403055,8.712987460646673,0.29667407474018215
1993,322.294589271636,354.5240481987997,338.0254169454567,1927,339.5018016107515,339.37481348120076,338.2976371516345,9.284179867666346,0.2663566409311049
1993,354.5240481987997,389.97645301867965,371.8279586400024,1781,373.1555355567177,373.0102386133835,372.7724996891002,10.410612800539075,0.24160168544377786
1993,389.97645301867965,428.9740983205476,409.01075450400265,1930,406.4593871276039,406.3419941572842,402.22907566352575,9.82354069499505,0.218722300014131
1993,428.9740983205476,471.8715081526025,449.91182995440295,1428,450.43374817526313,450.25829780565203,451.32364827998197,12.574706093936664,0.1939288054160297
1993,471.8715081526025,519.0586589678627,494.90301294984323,1492,495.1227425078098,494.9637560336645,497.7584811336131,12.53609465367814,0.17558418868748635
1993,519.0586589678627,570.964524864649,544.3933142448276,1240,544.0324997467105,543.8359575637082,543.0092521457598,14.641065047337154,0.15641740426242565
1993,570.964524864649,628.060977351114,598.8326456693104,1256,599.0433037291043,598.865321686529,603.3436134952885,14.586542976498436,0.140487905142402
1993,628.060977351114,690.8670750862254,658.7159102362415,1025,659.278570878064,659.0503111925549,657.6445387098646,17.35440554749771,0.12435286409824904
1993,690.8670750862254,759.953782594848,724.5875012598658,975,724.5592174568343,724.2779800461417,724.0123361943463,20.21609536301908,0.11118533458371337
1993,759.953782594848,835.949160854333,797.0462513858523,991,796.8293704162694,796.5917468931412,804.4581513270515,19.440409480213273,0.09866012358208189
1993,835.949160854333,919.5440769397663,876.7508765244378,735,878.2328989736765,877.9068766558945,874.1778577753959,23.929619333894962,0.08592937065632106
1993,919.5440769397663,1011.498484633743,964.4259641768816,854,975.5625008801474,975.1131189046138,980.4333719298439,29.500741927340375,0.07648728851662963
1993,1011.498484633743,1112.6483330971173,1060.8685605945698,617,1065.340029279316,1064.9453414573825,1065.9070505083432,28.986348456757955,0.06551648831622625
1993,1112.6483330971173,1223.9131664068293,1166.9554166540267,599,1174.215514972963,1173.746506473537,1178.6518604168295,33.112415458805565,0.057590277866988684
1993,1223.9131664068293,1346.3044830475123,1283.6509583194297,506,1286.2033711508761,1285.702002544993,1284.769946303759,35.95598983032041,0.04989530208239662
1993,1346.3044830475123,1480.9349313522637,1412.0160541513728,415,1411.8759288221036,1411.4142526380695,1407.8017648223401,36.163998008608026,0.04339503873180633
1993,1480.9349313522637,1629.0284244874902,1553.2176595665103,508,1554.0654481783522,1553.4227529994862,1548.5819413045742,44.796537326818985,0.038063795074701645
1993,1629.0284244874902,1791.9312669362394,1708.5394255231613,332,1709.4818522562728,1708.8965222948234,1709.4735715699842,44.80042969649691,0.03153783898359518
1993,1791.9312669362394,1971.1243936298633,1879.3933680754776,305,1873.624176205687,1872.8598979490775,1869.158514608404,53.664541040980524,0.027272844057911437
1993,1971.1243936298633,2168.23683299285,2067.3327048830256,329,2052.9925532892903,2052.3253454100955,2027.2345413441697,52.69985508967908,0.023354701129195944
1993,2168.23683299285,2385.060516292135,2274.0659753713285,211,2272.967731446014,2272.1313900004934,2263.2089324001045,61.875915919837745,0.01912824531428645
1993,2385.060516292135,2623.566567921349,2501.472572908461,208,2500.1736111180244,2499.088874840553,2513.931722897036,73.89660523264381,0.016417661189830814
1993,2623.566567921349,2885.923224713484,2751.6198301993077,160,2753.500474173648,2752.458374893441,2755.2691682951513,76.02913491958827,0.013745616176149429
1993,2885.923224713484,3174.5155471848325,3026.7818132192388,177,3025.051990154115,3024.2116178716524,3016.7180674764427,71.52740506579973,0.011690196934856057
1993,3174.5155471848325,3491.967101903316,3329.4599945411624,127,3329.0142854626242,3327.707797178544,3324.8054279809203,93.71643150546889,0.009416389399175263
1993,3491.967101903316,3841.1638120936477,3662.405993995279,120,3634.1400729164557,3632.936177843607,3620.0616809717317,94.27487402154576,0.007784900376398648
1993,3841.1638120936477,4225.280193303013,4028.6465933948075,118,4035.5182184562973,4034.327480090363,4022.290756635257,98.60228307989175,0.006243335945428619
1993,4225.280193303013,4647.808212633315,4431.511252734289,70,4433.317875062718,4432.006548145642,4424.519832298783,108.61327187051702,0.004727464254974757
1993,4647.808212633315,5112.5890338966465,4874.662378007718,65,4929.672454432838,4928.283224727001,4962.501220998748,117.46995171004268,0.0038282183369089066
1993,5112.5890338966465,5623.847937286312,5362.12861580849,32,5332.01086775527,5330.061701593934,5306.499593378467,146.64551261406027,0.002993204270133474
1993,5623.847937286312,6186.232731014943,5898.34147738934,51,5893.256147346298,5890.816296826809,5983.1575004949445,170.68774384288471,0.0025821204218747992
1993,6186.232731014943,6804.856004116439,6488.175625128274,33,6472.3802438790835,6470.766512400706,6441.758981112714,146.69252550240134,0.0019269555387125368
1993,6804.856004116439,7485.341604528084,7136.993187641103,22,7177.48715329275,7175.393517959108,7146.001758238198,177.65543536770178,0.0015030253201957786
1993,7485.341604528084,8233.875764980892,7850.692506405213,19,7844.380882238562,7840.822510462328,7843.466975438751,242.80656856434345,0.00122040517451794
1993,8233.875764980892,9057.263341478982,8635.761757045735,11,8658.603089848682,8654.339388817574,8600.998401271725,285.30291532358586,0.000976324139614352
1993,9057.263341478982,9962.98967562688,9499.33793275031,7,9478.199680932525,9475.888317416604,9552.940547008737,225.27032857365572,0.0008350140667754326
1993,9962.98967562688,10959.28864318957,10449.271726025341,14,10239.439275767805,10237.070200903425,10164.127627479464,230.62305973023828,0.0007450894749688476
1993,10959.28864318957,12055.217507508527,11494.198898627876,6,11360.855215635414,11357.030490259729,11334.835463651938,324.01420214830705,0.0005652402913556775
1993,12055.217507508527,13260.739258259382,12643.618788490665,13,12586.56796385126,12580.694944885476,12593.62643953128,400.10583854092033,0.000488162069807176
1993,13260.739258259382,14586.81318408532,13907.980667339732,3,13888.07614027118,13879.122811243626,13675.788572559874,614.7197558058864,0.00032115925645208944
1993,14586.81318408532,16045.494502493855,15298.778734073707,4,14955.128426342177,14954.502903401011,14988.060931912129,157.78281458717674,0.00028262014567783874
1993,16045.494502493855,17650.043952743243,16828.65660748108,6,16624.30400758502,16619.215060213195,16715.132025542393,449.5076050525918,0.0002312346646455044
1993,17650.043952743243,19415.048348017568,18511.52226822919,2,18682.26348725554,18673.197296909642,18682.26348725554,823.0087702176227,0.00015415644309700293
1993,19415.048348017568,21356.553182819327,20362.67449505211,3,20042.424569974497,20042.15925947087,20111.453783176286,126.14986349581325,0.0001284637025808358
1993,21356.553182819327,23492.20850110126,22398.941944557322,3,22687.074038644252,22684.196960418038,22689.78238108705,442.45820006317246,8.992459180658505e-05
1993,31268.12951496578,34394.942466462366,32794.29090102638,1,34330.251607881924,34330.251607881895,34330.251607881924,,5.1385481032334316e-05
1993,34394.942466462366,37834.436713108604,36073.71999112902,1,36302.48802694703,36302.48802694706,36302.48802694703,,3.853911077425073e-05
1993,45779.66842286142,50357.63526514756,48014.12130819274,1,46859.68731480074,46859.68731480078,46859.68731480074,,2.5692740516167158e-05
1993,73728.61379170258,81101.47517087283,77327.22250805753,1,80797.76557391074,80797.76557391071,80797.76557391074,,1.2846370258083579e-05
1995,0.7409264484985298,0.8150190933483829,0.7770902150285441,1,0.7409264484985298,0.7409264484985298,0.7409264484985298,,0.9855131507998323
1995,1.084790413246698,1.1932694545713678,1.137737783823292,2,1.111389672747795,1.111389672747795,1.111389672747795,0.0,0.9855011682942904
1995,1.3125964000285046,1.4438560400313554,1.3766627184261835,2,1.3336676072973537,1.3336676072973537,1.3336676072973537,0.0,0.9854772032832065
1995,1.4438560400313554,1.588241644034491,1.5143289902688022,1,1.4818528969970597,1.4818528969970597,1.4818528969970597,,0.9854532382721227
1995,1.588241644034491,1.7470658084379402,1.6657618892956825,1,1.6670845091216921,1.6670845091216921,1.6670845091216921,,0.9854412557665808
1995,1.7470658084379402,1.9217723892817344,1.832338078225251,3,1.8523161212463248,1.8523161212463248,1.8523161212463248,0.0,0.9854292732610389
1995,2.113949628209908,2.3253445910308987,2.217129074652554,14,2.2227793454955895,2.22277934549559,2.22277934549559,4.608531526730982e-16,0.9853933257444132
1995,2.3253445910308987,2.557879050133989,2.4388419821178093,1,2.3937623720721737,2.3937623720721737,2.3937623720721737,,0.9852255706668265
1995,2.557879050133989,2.8136669551473883,2.6827261803295905,4,2.704381537019634,2.7032322998211873,2.7229046982320972,0.09074458678769601,0.9852135881612846
1995,3.095033650662127,3.40453701572834,3.2460986781988046,1,3.1118910836938256,3.1118910836938256,3.1118910836938256,,0.9851656581391169
1995,3.40453701572834,3.744990717301175,3.570708546018686,3,3.7046322424926497,3.7046322424926497,3.7046322424926497,0.0,0.985153675633575
1995,3.744990717301175,4.1194897890312925,3.927779400620555,3,3.8528175321923555,3.8524590007636794,3.889863854617282,0.06416611267355087,0.9851177281169493
1995,4.1194897890312925,4.531438767934422,4.320557340682611,4,4.314352965736232,4.312342746379547,4.3220709495747585,0.15202665068441343,0.9850817806003235
1995,4.531438767934422,4.9845826447278645,4.752613074750872,2,4.763098597490549,4.763098597490549,4.763098597490549,0.0,0.9850338505781558
1995,4.9845826447278645,5.483040909200652,5.227874382225959,4,5.25131620373333,5.249288152124945,5.334670429189415,0.16670845091216924,0.985009885567072
1995,5.483040909200652,6.031345000120717,5.750661820448556,12,5.575471524951438,5.575140366664973,5.556948363738974,0.06416611267355113,0.9849619555449044
1995,6.031345000120717,6.634479500132789,6.325728002493412,12,6.282438844560452,6.281434878157517,6.3507981299874,0.11684395526637574,0.9848181654784015
1995,6.634479500132789,7.2979274501460685,6.9583008027427535,12,6.764261549908454,6.762004605853755,6.668338036486769,0.1849844430951558,0.9846743754118986
1995,7.2979274501460685,8.027720195160677,7.6541308830170305,14,7.484113177231579,7.482438353465832,7.409264484985299,0.1666080297576609,0.9845305853453957
1995,8.027720195160677,8.830492214676744,8.419543971318733,14,8.326854008448956,8.325721555832247,8.335422545608461,0.14311954462706739,0.984362830267809
1995,8.830492214676744,9.71354143614442,9.261498368450606,31,9.14386890433307,9.139644872726931,8.89111738198236,0.2836255936996493,0.9841950751902223
1995,9.71354143614442,10.684895579758862,10.187648205295668,13,10.20028767086993,10.197153600036522,10.258981594595028,0.2636074821317039,0.9838236175184231
1995,10.684895579758862,11.75338513773475,11.206413025825237,49,11.121817224011945,11.121581330642814,11.113896727477949,0.07353940193272053,0.9836678449463783
1995,11.75338513773475,12.928723651508225,12.327054328407762,24,12.45110103725955,12.447658526907647,12.54944172144385,0.29753145857930735,0.9830807021748248
1995,12.928723651508225,14.22159601665905,13.559759761248538,47,13.464104912520268,13.461892958376648,13.336676072973537,0.2481152003901554,0.9827931220418189
1995,14.22159601665905,15.643755618324954,14.915735737373392,61,14.881889722964756,14.87882135685702,14.818528969970599,0.3065915938570368,0.9822299442813492
1995,15.643755618324954,17.20813118015745,16.407309311110733,85,16.44517434602966,16.44108785522617,16.670845091216922,0.3671884053515775,0.9814990114432928
1995,17.20813118015745,18.9289442981732,18.04804024222181,90,18.18499279458571,18.18042503497471,18.52316121246325,0.4085550099764033,0.9804804984722305
1995,18.9289442981732,20.82183872799052,19.85284426644399,75,19.673190252958136,19.66685817446076,19.758038626627464,0.5034308943498578,0.9794020729734587
1995,20.82183872799052,22.904022600789574,21.838128693088393,198,22.16723375765679,22.165085634943175,22.227793454955897,0.3056284062276606,0.9785033850578156
1995,22.904022600789574,25.194424860868534,24.021941562397235,84,24.362383976461054,24.355003700902962,24.69754828328433,0.5997029195501173,0.9761308489605176
1995,25.194424860868534,27.713867346955393,26.42413571863696,159,26.27622662113794,26.269115074119934,26.673352145947074,0.6119388331655459,0.9751243184949973
1995,27.713867346955393,30.485254081650933,29.06654929050066,290,28.65229739739225,28.638309804427532,28.40218052577698,0.8993406801482349,0.9732191001138338
1995,30.485254081650933,33.53377948981603,31.973204219550727,326,32.36716700426689,32.35306142590529,32.23030050968605,0.9544762566474644,0.9697441735066803
1995,33.53377948981603,36.88715743879764,35.1705246415058,186,35.391597534073135,35.38513230926351,35.56446952792944,0.6764370662626689,0.965837876700018
1995,36.88715743879764,40.5758731826774,38.68757710565639,506,37.928234730230145,37.91251533688062,37.0463224249265,1.101337052334816,0.9636091306692229
1995,40.5758731826774,44.63346050094515,42.55633481622203,937,43.952977799107735,43.9392752423321,44.455586909911794,1.0803724298330932,0.957545982865017
1995,44.63346050094515,49.09680655103967,46.81196829784424,301,47.473814717421654,47.461123645511925,47.63098597490549,1.0948022880642583,0.9463183751722485
1995,49.09680655103967,54.00648720614363,51.493165127628664,529,51.89704109033689,51.87775552917623,51.86485139489709,1.4122577162957164,0.942711641004134
1995,54.00648720614363,59.407135926758,56.64248164039153,1367,56.30711724825216,56.290575472596714,55.569483637389745,1.3793472792912047,0.9363728955724642
1995,59.407135926758,65.34784951943381,62.30672980443069,585,62.47539224673053,62.45872844771155,62.23782167387651,1.4417366318948783,0.9199928104966748
1995,65.34784951943381,71.8826344713772,68.53740278487378,1146,67.81939522773983,67.79740232449032,66.68338036486769,1.7417969975245644,0.9129830447546582
1995,71.8826344713772,79.07089791851492,75.39114306336116,1665,74.79619235061178,74.77805968382944,74.092644849853,1.6585157131888524,0.8992510934036307
1995,79.07089791851492,86.9779877103664,82.93025736969726,1269,82.80296832507797,82.78092765270553,83.35422545608462,1.9082701814231597,0.8793002216763526
1995,86.9779877103664,95.67578648140307,91.223283106667,1837,90.57508543678946,90.54420265423678,88.91117381982359,2.382700690862242,0.8640944221436703
1995,95.67578648140307,105.24336512954338,100.34561141733371,1255,100.45253725548568,100.41717060257446,100.02507054730154,2.665735470356916,0.8420825594631838
1995,105.24336512954338,115.76770164249773,110.38017255906709,3695,110.87983871881438,110.86559795815204,111.13896727477949,1.769444502599104,0.8270445150080882
1995,115.76770164249773,127.34447180674752,121.41818981497381,1465,121.74408513108703,121.69926929085683,122.25286400225744,3.303521341215467,0.7827691570307351
1995,127.34447180674752,140.07891898742227,133.5600087964712,2424,134.27083923620083,134.22653596545425,133.36676072973538,3.44748517031778,0.7652147864118387
1995,140.07891898742227,154.08681088616453,146.91600967611834,2278,147.29928104793063,147.26743063947475,148.185289699706,3.0535296646046794,0.7361691929782518
1995,154.08681088616453,169.49549197478098,161.6076106437302,3090,162.5262019639715,162.4555839177374,164.48567156667363,4.771842181476693,0.7088730453537835
1995,169.49549197478098,186.4450411722591,177.76837170810322,2677,179.2408295476371,179.17870482396694,177.82234763964718,4.711020561366719,0.6718471032292852
1995,186.4450411722591,205.08954528948502,195.54520887891354,2263,195.84462486842014,195.78040048932118,194.49319273086408,5.01264773069164,0.6397699358935953
1995,205.08954528948502,225.5984998184335,215.0997297668049,5691,219.68004869510142,219.6203490462476,222.27793454955898,5.0564628661341615,0.6126535258522557
1995,225.5984998184335,248.1583498002769,236.60970274348543,2006,237.42513616626528,237.34357469789367,237.09646351952958,6.213285704025639,0.5444610868132527
1995,248.1583498002769,272.97418478030465,260.270673017834,2888,260.24087733059736,260.14630676923633,259.3242569744855,7.0089174824176625,0.5204241806961836
1995,272.97418478030465,300.2716032583351,286.29774031961745,3292,286.34061865933825,286.2192577792911,285.9976091204325,8.34878894804139,0.4858187046911509
1995,300.2716032583351,330.2987635841687,314.9275143515792,2433,313.9785327850797,313.8936859291402,311.18910836938255,7.3174147404411825,0.4463722964471871
1995,330.2987635841687,363.32863994258554,346.42026578673716,3376,342.61057819744974,342.44482722208664,335.63968116983403,10.72081072800996,0.417218860463723
1995,363.32863994258554,399.66150393684416,381.0622923654109,2359,379.67633447403534,379.55917898823907,377.8724887342502,9.440583439406693,0.3767659217542388
1995,399.66150393684416,439.6276543305286,419.168521601952,2006,416.10361792459,415.93658836942114,415.81850756092496,11.81736784277051,0.3484991911808759
1995,439.6276543305286,483.5904197635815,461.0853737621473,3215,454.0381210596694,453.8505667408224,444.55586909911796,13.17219512431597,0.32446228506380687
1995,483.5904197635815,531.9494617399397,507.193911138362,1928,506.6076345199182,506.44490722660703,503.8299849790003,12.85138952351732,0.28593852974657
1995,531.9494617399397,585.1444079139336,557.9133022521983,2206,555.5571308488817,555.3862498448666,555.6948363738974,13.79844872698762,0.26283625906176983
1995,585.1444079139336,643.6588487053272,613.7046324774182,1744,611.3393468052949,611.1195617120909,611.2643200112872,16.429897479319695,0.23640285183631898
1995,643.6588487053272,708.02473357586,675.07509572516,1980,672.1875964130044,672.0062712075992,666.833803648677,15.679991293265212,0.21550536217123
1995,708.02473357586,778.827206933446,742.5826052976761,1777,747.2175834642954,746.8760346379173,741.9637455264279,22.601306785655854,0.19178000119825056
1995,778.827206933446,856.7099276267907,816.8408658274437,1228,819.8005068041251,819.5574369778274,822.4283578333681,19.938330759193022,0.1704870888502786
1995,856.7099276267907,942.3809203894697,898.5249524101881,1466,895.426442457049,895.2032880182506,889.1117381982359,20.070385720170243,0.15577257204481457
1995,942.3809203894697,1036.6190124284167,988.377447651207,1129,984.680456507461,984.3134425720348,985.4321765030447,26.90133422057491,0.13820621892037624
1995,1036.6190124284167,1140.2809136712585,1087.215192416328,1420,1090.7117912263507,1090.3262017435532,1111.3896727477947,28.87120178316804,0.1246779701635612
1995,1140.2809136712585,1254.3090050383846,1195.9367116579608,879,1198.51482809061,1198.1139110229765,1200.3008465676182,30.98159989336306,0.10766281229405068
1995,1254.3090050383846,1379.739905542223,1315.530382823757,964,1316.7756536353509,1316.3629544171363,1333.667607297354,32.90360195748884,0.09713018992271284
1995,1379.739905542223,1517.7138960964455,1447.0834211061326,890,1447.7956359871257,1447.2741490704789,1444.8065745721333,38.82946755679879,0.08557905458031274
1995,1517.7138960964455,1669.4852857060903,1591.7917632167462,879,1601.9222890810724,1601.1474884450206,1600.4011287568246,49.86893174529647,0.0749146246480139
1995,1669.4852857060903,1836.4338142766992,1750.970939538421,637,1764.130924630143,1763.5887791573014,1778.2234763964718,43.641965388108616,0.06438200227667605
1995,1836.4338142766992,2020.0771957043694,1926.068033492263,684,1932.1302177725893,1931.345933998081,1933.8180305811632,55.03805066061659,0.05674914624648014
1995,2020.0771957043694,2222.0849152748065,2118.6748368414897,396,2107.796367877102,2107.1468124142298,2111.6403782208104,52.499462550221395,0.048553112455814514
1995,2222.0849152748065,2444.2934068022873,2330.542320525639,669,2281.75576465668,2280.747675859539,2245.0071389505456,68.34617315068438,0.04380804026121862
1995,2444.2934068022873,2688.7227474825163,2563.596552578203,508,2559.116395556538,2557.8192451157274,2556.1962473199283,81.55652684271253,0.03579174405368162
1995,2688.7227474825163,2957.5950222307683,2819.956207836023,350,2812.40722208351,2811.60846702765,2800.701975324443,67.246506639033,0.029704631238391947
1995,2957.5950222307683,3253.3545244538454,3101.951828619626,299,3086.207202888632,3085.033792997481,3100.777186966348,85.35964097010893,0.02551075429872386
1995,3253.3545244538454,3578.6899768992303,3412.147011481589,349,3394.7996239635763,3393.5814823352275,3334.1690182433845,91.5565868659656,0.021927985141693127
1995,3578.6899768992303,3936.558974589153,3753.3617126297477,233,3757.2150338993233,3755.8137528285047,3756.4970938875467,102.84651863676942,0.017746090707566952
1995,3936.558974589153,4330.214872048069,4128.6978838927225,158,4107.95907178875,4106.465840823427,4084.357047348146,111.30183977765667,0.014954166916302199
1995,4330.214872048069,4763.236359252876,4541.567672281996,235,4514.289145286613,4512.953728243287,4445.558690991179,110.50812369268921,0.013060931040680606
1995,4763.236359252876,5239.559995178164,4995.724439510196,170,5005.060799712641,5003.211166354282,5001.253527365077,136.24076909605043,0.010245042238332036
1995,5239.559995178164,5763.515994695981,5495.296883461216,122,5484.781520338456,5483.202906301652,5556.948363738974,131.79630101095995,0.008208016296207536
1995,5763.515994695981,6339.86759416558,6044.826571807337,100,6020.3256169460765,6018.072434656934,6001.504232838091,165.6052167358725,0.006746150620094662
1995,6339.86759416558,6973.854353582138,6649.3092289880715,104,6671.157577127699,6670.05866227648,6668.338036486769,121.64932368513601,0.00554790006590378
1995,6973.854353582138,7671.239788940353,7314.24015188688,65,7287.140428196396,7284.983666958359,7335.171840135446,178.68464758511396,0.0043017194895452636
1995,7671.239788940353,8438.36376783439,8045.664167075569,54,7924.75445692604,7922.772966292839,7890.866676509343,179.97466811414185,0.003522856629321191
1995,8438.36376783439,9282.20014461783,8850.230583783126,58,8868.359442878907,8866.089530149451,8891.117381982358,202.2048099242793,0.0028758013300581153
1995,9282.20014461783,10210.420159079613,9735.25364216144,26,9724.3319190756,9719.757489330077,9684.09391348791,304.4216995066934,0.002180816008627404
1995,10210.420159079613,11231.462174987575,10708.779006377585,47,10851.561471531906,10847.471636491777,10987.198304784699,299.4046220532992,0.0018692708645377748
1995,11231.462174987575,12354.608392486334,11779.656907015344,23,11890.88696550231,11886.504007080835,12003.008465676183,328.0914466163096,0.0013060931040680607
1995,12354.608392486334,13590.069231734966,12957.622597716878,27,13068.474419477228,13064.24681409907,13114.39813842398,337.2083058904174,0.001030495476604158
1995,13590.069231734966,14949.076154908465,14253.384857488567,13,14306.862262940173,14301.111620218051,14448.065745721333,420.6295157041162,0.00070696782697262
1995,14949.076154908465,16443.983770399314,15678.723343237427,10,15634.103758155357,15628.681242593337,15559.455418469128,434.77861878430855,0.0005511952549278054
1995,16443.983770399314,18088.382147439246,17246.59567756117,6,17300.632572440674,17290.377266427564,17448.81786214038,650.5823649679267,0.00043137019950871726
1995,18088.382147439246,19897.220362183172,18971.255245317287,5,19148.503134996008,19141.131660090065,19115.902371262073,594.1888283203369,0.0003594751662572644
1995,19897.220362183172,21886.94239840149,20868.38076984902,7,20322.55401595968,20315.72273680213,20005.01410946031,575.4543892565505,0.0002995626385477203
1995,21886.94239840149,24075.63663824164,22955.218846833923,7,22431.81284488174,22426.408696107752,22227.793454955896,539.7845683789031,0.00021568509975435863
1995,24075.63663824164,26483.20030206581,25250.74073151732,2,25080.36028167524,25065.8823181207,25080.36028167524,1205.0024670156847,0.00013180756096099695
1995,26483.20030206581,29131.52033227239,27775.81480466905,5,28053.698119499837,28038.809769514563,28518.259002708415,1016.3717802864845,0.00010784254987717931
1995,29131.52033227239,32044.672365499635,30553.396285135957,1,31118.910836938256,31118.910836938263,31118.910836938256,,4.793002216763525e-05
1995,32044.672365499635,35249.139602049596,33608.73591364956,1,34508.64933881903,34508.64933881905,34508.64933881903,,3.594751662572644e-05
1995,46916.604810328026,51608.26529136084,49206.55025117433,2,50208.139856054375,50199.787305061596,50208.139856054375,1295.115694983814,2.3965011083817625e-05
1996,0.5042891039833434,0.5547180143816778,0.5289028742935282,2,0.5042891039833434,0.5042891039833434,0.5042891039833434,0.0,0.9796852854598975
1996,1.3079960611673829,1.4387956672841211,1.3718378423240578,1,1.3447709439555824,1.3447709439555824,1.3447709439555824,,0.9796610580126225
1996,1.4387956672841211,1.5826752340125334,1.5090216265564638,1,1.51286731195003,1.51286731195003,1.51286731195003,,0.979648944288985
1996,1.9150370331551658,2.1065407364706825,2.0085077849466537,1,2.0171564159333735,2.0171564159333735,2.0171564159333735,,0.9796368305653474
1996,2.1065407364706825,2.317194810117751,2.2093585634413193,1,2.3053216182095695,2.3053216182095695,2.3053216182095695,,0.9796247168417099
1996,2.5489142911295266,2.803805720242479,2.673323861763997,2,2.6895418879111648,2.6895418879111648,2.6895418879111648,0.0,0.9796126031180724
1996,2.803805720242479,3.084186292266727,2.940656247940397,1,2.8816520227619624,2.8816520227619624,2.8816520227619624,,0.9795883756707975
1996,3.084186292266727,3.3926049214934,3.2347218727344367,1,3.3619273598889556,3.3619273598889556,3.3619273598889556,,0.97957626194716
1996,3.3926049214934,3.7318654136427405,3.5581940600078807,1,3.6981200958778513,3.6981200958778513,3.6981200958778513,,0.9795641482235224
1996,3.7318654136427405,4.105051955007015,3.914013466008669,3,4.034312831866747,4.034312831866747,4.034312831866747,0.0,0.9795520344998849
1996,4.105051955007015,4.515557150507717,4.305414812609537,1,4.4825698131852745,4.4825698131852745,4.4825698131852745,,0.9795156933289724
1996,4.515557150507717,4.967112865558489,4.73595629387049,2,4.5967891401558605,4.596420851957524,4.5967891401558605,0.08228913348579386,0.9795035796053349
1996,4.967112865558489,5.463824152114339,5.20955192325754,13,5.094612999216341,5.093211323093292,5.0428910398334335,0.12625173840126816,0.9794793521580598
1996,5.463824152114339,6.010206567325772,5.730507115583294,3,5.747294867619691,5.747250190650913,5.763304045523925,0.027728709517541215,0.9793218737507723
1996,6.010206567325772,6.611227224058351,6.303557827141624,7,6.09949678151282,6.098391099368959,6.05146924780012,0.1270689102875734,0.9792855325798597
1996,6.611227224058351,7.272349946464186,6.933913609855788,20,6.843443278722532,6.840698340339331,6.723854719777911,0.20101568069883938,0.9792007365143972
1996,7.272349946464186,7.999584941110605,7.627304970841367,15,7.54090494481759,7.539997245613036,7.56433655975015,0.12182363603135417,0.9789584620416469
1996,7.999584941110605,8.799543435221667,8.390035467925504,29,8.330292916375095,8.326877077099324,8.404818399722389,0.2429806076416402,0.9787767561870844
1996,8.799543435221667,9.679497778743833,9.229039014718055,11,9.148233021765366,9.147057948356805,9.168892799697153,0.1539622646541899,0.9784254582015965
1996,9.679497778743833,10.647447556618218,10.15194291618986,54,10.058388597475178,10.05790787621792,10.085782079666867,0.0981953152991458,0.9782922072415839
1996,10.647447556618218,11.71219231228004,11.167137207808848,14,11.35830900943708,11.35685833769672,11.422148205222726,0.18785610555630367,0.9776380661651585
1996,11.71219231228004,12.883411543508046,12.283850928589734,31,12.331818097121408,12.328620637225981,12.391103697876437,0.2847610767538891,0.9774684740342334
1996,12.883411543508046,14.171752697858853,13.51223602144871,51,13.556964231115987,13.553155482630656,13.447709439555823,0.3254381727090601,0.9770929486014706
1996,14.171752697858853,15.588927967644738,14.863459623593581,63,14.96207806729588,14.958569759241696,15.1286731195003,0.3247456277426742,0.9764751486959576
1996,15.588927967644738,17.14782076440921,16.34980558595294,78,16.47558888280332,16.47135070010668,16.44943029659953,0.37599426722502516,0.9757119841067946
1996,17.14782076440921,18.862602840850137,17.984786144548234,67,17.896235813625974,17.889891381315085,17.930279252741098,0.48189768198291727,0.9747671136630689
1996,18.862602840850137,20.748863124935152,19.78326475900306,158,20.129560367545224,20.12826280505343,20.171564159333734,0.2265926332698316,0.9739554941793558
1996,20.748863124935152,22.82374943742867,21.76159123490337,60,22.15682107547641,22.15080663879676,22.41284906592637,0.5164914328612729,0.9720415258446293
1996,22.82374943742867,25.106124381171536,23.937750358393707,121,24.044144740974936,24.03542383760238,24.20587699120048,0.6503457543973249,0.9713147024263789
1996,25.106124381171536,27.616736819288693,26.33152539423308,214,26.173675629071933,26.16121167860611,26.493188284267788,0.8083525202079401,0.9698489418662403
1996,27.616736819288693,30.378410501217566,28.96467793365639,279,29.25806954115565,29.244028059553834,28.81652022761962,0.908165785529698,0.9672566050078133
1996,30.378410501217566,33.41625155133933,31.861145727022034,232,32.19168426992347,32.18815350291002,32.274502654933976,0.47586772317467574,0.9638768761129484
1996,33.41625155133933,36.75787670647326,35.047260299724236,314,34.493881501594856,34.479864841731974,34.291659070867354,0.9908799098229801,0.9610664922290463
1996,36.75787670647326,40.43366437712059,38.55198632969667,724,39.237002815079954,39.21511075900984,40.34312831866747,1.3051987594487677,0.9572627830068685
1996,40.43366437712059,44.477030814832645,42.407184962666335,217,43.028803570422646,43.016252078728044,43.22478034142943,1.0360766823742047,0.948492447093312
1996,44.477030814832645,48.92473389631592,46.647903458932966,684,46.26694639487581,46.24746259030377,45.3860193585009,1.3520607864529515,0.9458637690639726
1996,48.92473389631592,53.81720728594752,51.312693804826274,743,51.53703555313834,51.51521135712583,50.42891039833434,1.5074833062095419,0.9375779820959165
1996,53.81720728594752,59.19892801454227,56.4439631853089,1048,56.57090679527432,56.56341517636295,56.48037964613446,0.9218506661908906,0.9285774854332474
1996,59.19892801454227,65.11882081599651,62.088359503839804,864,61.86001343294737,61.83593139469475,60.5146924780012,1.7366839336503472,0.9158823030611379
1996,65.11882081599651,71.63070289759617,68.2971954542238,891,68.24420362052223,68.22060541481663,67.77645557536135,1.79907476852616,0.9054160458383302
1996,71.63070289759617,78.79377318735578,75.12691499964617,1708,75.35779111745342,75.34511390107124,75.30717286151261,1.381098735724399,0.8946227180773098
1996,78.79377318735578,86.67315050609137,82.63960649961079,1341,82.28168099474055,82.25447576284277,80.68625663733494,2.12698420313116,0.8739324781044445
1996,86.67315050609137,95.34046555670051,90.90356714957188,1310,90.76589469372182,90.73795967177313,90.36860743381513,2.2535241655146323,0.857687974706545
1996,95.34046555670051,104.87451211237058,99.99392386452908,1685,100.15033598608525,100.12906453425342,100.85782079666868,2.0552464228301144,0.8418189967414084
1996,104.87451211237058,115.36196332360764,109.993316250982,2848,111.36196660871903,111.32806848688486,112.96075929226892,2.724493629595351,0.8214073724122057
1996,115.36196332360764,126.89815965596843,120.99264787608021,1868,121.0260655615241,120.97982289547254,121.0293849560024,3.346712229320757,0.7869074874925803
1996,126.89815965596843,139.58797562156528,133.09191266368825,1869,133.4274137298172,133.38883628268434,134.47709439555823,3.202826578545298,0.7642790517377137
1996,139.58797562156528,153.5467731837218,146.40110393005708,2836,147.72782684159532,147.66885205882946,150.27815298703632,4.153680856820519,0.7416385022592095
1996,153.5467731837218,168.901450502094,161.04121432306277,2216,161.80159528346266,161.7435942531002,161.37251327466987,4.330079967507509,0.7072839820232342
1996,168.901450502094,185.79159555230342,177.14533575536908,2537,176.7024354700592,176.62985118895418,176.5011863941702,5.0648051297168735,0.6804399704425144
1996,185.79159555230342,204.3707551075338,194.859869330906,2921,197.20228106689692,197.12435297467243,200.908779026964,5.509966168204616,0.6497074535741542
1996,204.3707551075338,224.8078306182872,214.34585626399664,2027,214.8294344300688,214.7509339747206,215.16335103289316,5.803097539997103,0.6143232668289905
1996,224.8078306182872,247.2886136801159,235.7804418903963,5365,231.19790422645357,231.10288442656807,226.93009679250451,6.684955643971139,0.5897687490157599
1996,247.2886136801159,272.01747504812755,259.358486079436,2786,259.67489929478273,259.5743068736591,259.3774985688042,7.231024760068442,0.5247786217005245
1996,272.01747504812755,299.2192225529403,285.2943346873796,2380,284.4378949533566,284.34123964038594,282.4018982306723,7.428302048808513,0.49102978764642463
1996,299.2192225529403,329.14114480823434,313.8237681561176,3045,312.09874408075166,311.9637791801161,310.6420880537395,9.207334075417716,0.46219912538915336
1996,329.14114480823434,362.0552592890578,345.2061449717293,2692,344.2421642547386,344.1333509420141,342.9165907086735,8.673190341206881,0.42531283691293864
1996,362.0552592890578,398.2607852179636,379.7267594689023,2213,378.30018161072695,378.14767430231785,377.88063525151864,10.758894307315735,0.3927026928807646
1996,398.2607852179636,438.08686373976,417.69943541579255,2870,414.2905357403546,414.1192798915088,410.76028483123264,11.975196292758605,0.36589502247095734
1996,438.08686373976,481.8955501137361,459.4693789573719,2367,459.15222068480256,459.00524357217137,457.22212094489794,11.632969762295408,0.33112863563130673
1996,481.8955501137361,530.0851051251097,505.4163168531091,2366,505.7532245296102,505.58323694135015,504.28910398334335,13.11644269249306,0.30245545178132305
1996,530.0851051251097,583.0936156376208,555.9579485384202,1980,555.6785844242439,555.4838176728897,554.7180143816778,14.720081609642557,0.27379438165497694
1996,583.0936156376208,641.4029772013829,611.5537433922622,2041,610.5156867738232,610.3467506205553,605.146924780012,14.39825739869108,0.24980920885270924
1996,641.4029772013829,705.5432749215212,672.7091177314884,1741,670.6343523388389,670.4442586263021,672.3854719777912,15.97980057191526,0.2250850989085535
1996,705.5432749215212,776.0976024136735,739.9800295046373,1798,734.9970733783704,734.6672596489439,735.0517979661213,22.036099759333606,0.20399510605565044
1996,776.0976024136735,853.7073626550408,813.9780324551011,1620,812.4589994447432,812.2419895224212,806.8625663733494,18.831098599203195,0.18221463095540938
1996,853.7073626550408,939.0780989205449,895.3758357006112,1320,894.3396712887256,894.0078165682733,897.6346050903512,24.35884728823802,0.1625903986626449
1996,939.0780989205449,1032.9859088125995,984.9134192706724,1510,991.0601349661416,990.7193935148704,1008.5782079666867,25.862144278402905,0.14660028346113313
1996,1032.9859088125995,1136.2844996938597,1083.4047611977398,1099,1087.0970287677687,1086.7020235396715,1088.6881341994692,29.289486521421612,0.12830856076849462
1996,1136.2844996938597,1249.9129496632456,1191.745237317514,1084,1194.1889348520037,1193.8256558085516,1210.293849560024,29.378887716777378,0.11499557849087232
1996,1249.9129496632456,1374.9042446295703,1310.9197610492652,1073,1309.1452518767683,1308.6554822163691,1311.1516703566926,35.8065797277991,0.10186430206781262
1996,1374.9042446295703,1512.3946690925275,1442.011737154192,758,1436.7648693519363,1436.3376416342064,1427.642453376845,35.15564456707728,0.08886627660476554
1996,1512.3946690925275,1663.6341360017805,1586.2129108696113,978,1570.8329605616211,1570.1252669125186,1569.3476915961644,47.21258594297845,0.07968407408753377
1996,1663.6341360017805,1829.9975496019586,1744.8342019565725,727,1745.6072462052364,1744.838141293554,1748.202227142257,51.85948482149248,0.06783685237005004
1996,1829.9975496019586,2012.9973045621546,1919.31762215223,470,1911.1329835296112,1910.496569175356,1906.212813057038,49.480873856798,0.059030175285581035
1996,2012.9973045621546,2214.2970350183705,2111.2493843674533,722,2070.1025988221486,2069.2540767136625,2050.103304060285,59.69281986948607,0.05333672517595184
1996,2214.2970350183705,2435.7267385202076,2322.374322804199,578,2323.796913028561,2322.6618694489184,2319.7298783233796,72.68159242901318,0.044590616709670385
1996,2435.7267385202076,2679.2994123722283,2554.611755084619,432,2555.9910689846665,2555.232807605331,2539.1964963769306,62.37746075414102,0.03758888444719022
1996,2679.2994123722283,2947.229353609451,2810.072930593081,390,2804.651364356529,2803.6256026699252,2824.018982306723,75.98842620920632,0.032355755835786364
1996,2947.229353609451,3241.952288970397,3091.080223652389,436,3078.5231732947555,3077.4453096526086,3025.7346239000603,81.98924212781687,0.02763140361715788
1996,3241.952288970397,3566.147517867437,3400.1882460176284,289,3408.73577531597,3407.6070222974313,3399.917139055701,87.89424649871442,0.022349820111203983
1996,3566.147517867437,3922.7622696541807,3740.2070706193913,199,3730.3351875886533,3729.0047628948137,3731.739369476741,100.01535318985023,0.0188489539799639
1996,3922.7622696541807,4315.0384966196,4114.227777681332,299,4095.835203040377,4094.719024115935,4034.312831866747,96.2243847360114,0.016438322976099623
1996,4315.0384966196,4746.54234628156,4525.650555449465,179,4528.858007852565,4527.118495438994,4538.60193585009,125.85926423738425,0.012816319608484452
1996,4746.54234628156,5221.1965809097155,4978.215610994412,178,4990.736888686153,4989.229564033551,5042.891039833434,122.78304702470041,0.010647963077370353
1996,5221.1965809097155,5743.316239000688,5476.037172093853,124,5460.471563672868,5458.321092131464,5446.322323020108,154.03215228694364,0.008491720269893763
1996,5743.316239000688,6317.647862900757,6023.6408893032385,133,6043.008529684468,6041.594927877568,6051.469247800121,130.9204494817599,0.006989618538842655
1996,6317.647862900757,6949.412649190834,6626.004978233563,86,6580.191354332353,6578.1457089587975,6555.758351783464,165.24720046270647,0.005378493295053966
1996,6949.412649190834,7644.353914109917,7288.6054760569195,82,7226.989698698074,7224.284234051757,7143.255157924059,199.9031113364362,0.004336713062228198
1996,7644.353914109917,8408.789305520912,8017.466023662613,66,8011.327724479387,8009.295114765283,8068.625663733494,181.05740124092944,0.003343387723952466
1996,8408.789305520912,9249.668236073001,8819.212626028875,41,8803.551184428048,8799.85747025066,8774.630409310175,258.14592385650207,0.0025438819638768763
1996,9249.668236073001,10174.635059680302,9701.133888631763,42,9780.370990493337,9776.032543866884,9738.831176126329,294.2862111160281,0.00204721929473901
1996,10174.635059680302,11192.098565648335,10671.24727749494,19,10712.976170185939,10708.740153389965,10690.92900444688,309.3410295478584,0.0015384429019636345
1996,11192.098565648335,12311.308422213167,11738.372005244435,27,11914.072887471368,11910.381441283958,12102.938495600241,300.43592031356087,0.0013082821528509648
1996,12311.308422213167,13542.439264434486,12912.209205768879,14,12935.459771859601,12929.963642382048,13104.45665611116,390.1826948545861,0.0009812116146382236
1996,13542.439264434486,14896.683190877937,14203.43012634577,12,14119.254429693641,14116.655127033617,14120.094911533615,283.6636771092796,0.0008116194837130985
1996,14896.683190877937,16386.35150996573,15623.773138980347,11,15680.946095802059,15675.273931586258,15721.717105784712,441.8545993050776,0.0006662548000629914
1996,16386.35150996573,18024.986660962306,17186.15045287838,8,16892.84450160203,16888.25144662292,16722.226688087663,423.10608096226116,0.0005330038400503931
1996,18024.986660962306,19827.485327058537,18904.765498166224,8,18322.504111394806,18320.559386047542,18154.40774340036,287.52412205545045,0.00043609405095032164
1996,19827.485327058537,21810.233859764394,20795.242047982847,8,20425.662831603342,20423.929205699667,20350.58679124782,284.79822421042985,0.00033918426185025017
1996,21810.233859764394,23991.257245740835,22874.766252781134,7,22771.58272440443,22764.209991255702,22693.009679250452,626.7228276841222,0.0002422744727501787
1996,23991.257245740835,26390.38297031492,25162.24287805925,6,24811.023915980495,24797.561089269755,24407.59263279382,902.0997734553722,0.00015747840728761613
1996,26390.38297031492,29029.421267346414,27678.467165865175,1,27130.753794303873,27130.753794303895,27130.753794303873,,8.479606546256254e-05
1996,29029.421267346414,31932.363394081058,30446.313882451694,4,30925.109060858544,30919.033444523357,30920.4864107387,707.8239460341899,7.268234182505361e-05
1996,38638.15970683809,42501.97567752191,40524.04377754322,1,41200.41979543915,41200.41979543912,41200.41979543915,,2.422744727501787e-05
1996,56570.129626781665,62227.142589459836,59331.252494701046,1,60514.692478001205,60514.6924780012,60514.692478001205,,1.2113723637508934e-05
1997,0.4598220161258061,0.5058042177383867,0.4822653990961835,1,0.4598220161258061,0.4598220161258061,0.4598220161258061,,0.9827931081511115
1997,0.6120231034634481,0.6732254138097928,0.6418952461970204,1,0.6130960215010748,0.6130960215010748,0.6130960215010748,,0.9827817429649498
1997,0.8960630257808346,0.9856693283589182,0.939798829957058,1,0.9196440322516122,0.9196440322516122,0.9196440322516122,,0.9827703777787881
1997,0.9856693283589182,1.0842362611948102,1.033778712952764,1,1.0510217511446995,1.0510217511446995,1.0510217511446995,,0.9827590125926262
1997,1.1926598873142913,1.3119258760457202,1.2508722426728445,1,1.2261920430021496,1.2261920430021496,1.2261920430021496,,0.9827476474064645
1997,1.3119258760457202,1.4431184636502925,1.375959466940129,1,1.3794660483774184,1.3794660483774184,1.3794660483774184,,0.9827362822203027
1997,1.4431184636502925,1.587430310015322,1.513555413634142,2,1.4714304516025798,1.4714304516025798,1.4714304516025798,0.0,0.982724917034141
1997,1.587430310015322,1.7461733410168543,1.6649109549975565,1,1.6093770564403214,1.6093770564403214,1.6093770564403214,,0.9827021866618175
1997,1.7461733410168543,1.9207906751185397,1.831402050497312,1,1.8392880645032244,1.8392880645032244,1.8392880645032244,,0.9826908214756558
1997,2.112869742630394,2.324156716893434,2.2159964811017483,2,2.2991100806290308,2.2991100806290308,2.2991100806290308,0.0,0.982679456289494
1997,2.324156716893434,2.556572388582777,2.437596129211923,1,2.5081200879589423,2.5081200879589423,2.5081200879589423,,0.9826567259171706
1997,2.556572388582777,2.812229627441055,2.681355742133116,4,2.693243237308293,2.6924420344830944,2.693243237308293,0.07585096136844298,0.9826453607310087
1997,2.812229627441055,3.093452590185161,2.949491316346428,3,3.0654801075053744,3.0654801075053744,3.0654801075053744,0.0,0.9825998999863618
1997,3.093452590185161,3.4027978492036772,3.2444404479810705,1,3.310718516105804,3.3107185161058044,3.310718516105804,,0.9825658044278766
1997,3.4027978492036772,3.7430776341240453,3.568884492779178,4,3.6785761290064487,3.6785761290064483,3.6785761290064487,0.0,0.9825544392417148
1997,3.7430776341240453,4.11738539753645,3.9257729420570957,2,4.014319188399894,4.013655609721355,4.014319188399894,0.10322008436235806,0.9825089784970678
1997,4.11738539753645,4.529123937290095,4.3183502362628055,4,4.241563341057917,4.241097438464208,4.2680915342959445,0.07228077529011678,0.9824862481247443
1997,4.529123937290095,4.982036331019105,4.750185259889086,11,4.640022162724044,4.639192152873086,4.5982201612580615,0.09300358200887662,0.9824407873800973
1997,4.982036331019105,5.480239964121016,5.225203785877996,12,5.178803514952261,5.177797680003279,5.255108755723499,0.10610234409656412,0.9823157703323181
1997,5.480239964121016,6.028263960533119,5.747724164465796,10,5.623623257218609,5.622021599402503,5.5178641935096735,0.14222308090873573,0.982179388098377
1997,6.028263960533119,6.631090356586431,6.322496580912377,17,6.210817259828115,6.208825663557456,6.130960215010749,0.16449583880286778,0.9820657362367595
1997,6.631090356586431,7.294199392245074,6.954746239003614,14,6.944772195931818,6.944150947210593,6.897330241887092,0.09707205924420709,0.9818725280720099
1997,7.294199392245074,8.023619331469583,7.650220862903976,17,7.601016781971309,7.59687998197542,7.561517598513255,0.25922243584846133,0.9817134154657453
1997,8.023619331469583,8.82598126461654,8.415242949194374,7,8.308285235586505,8.30484265204668,8.17461362001433,0.2591017488828105,0.9815202073009955
1997,8.82598126461654,9.708579391078196,9.256767244113812,53,9.188673337877164,9.18836615497117,9.196440322516123,0.07533694130117131,0.9814406509978634
1997,9.708579391078196,10.679437330186015,10.182443968525194,19,10.329285038936343,10.32749291488047,10.300013161218056,0.19779060330033776,0.9808382961312906
1997,10.679437330186015,11.74738106320462,11.200688365377713,52,11.249025779115,11.246124706345576,11.035728387019347,0.2578552539124785,0.9806223575942173
1997,11.74738106320462,12.922119169525082,12.320757201915487,57,12.412439065375324,12.409899173502744,12.261920430021497,0.2552777588612665,0.9800313679138064
1997,12.922119169525082,14.214331086477591,13.552832922107036,62,13.69378452739472,13.691081667665523,13.794660483774184,0.27213330194476537,0.9793835523025867
1997,14.214331086477591,15.63576419512535,14.90811621431774,68,14.890904311434776,14.885947622364748,14.714304516025795,0.3875871494611441,0.9786789107605582
1997,15.63576419512535,17.19934061463789,16.398927835749518,53,16.27579123424643,16.26831478616269,16.093770564403215,0.5001431836180507,0.9779060781015593
1997,17.19934061463789,18.91927467610168,18.038820619324472,189,18.325033888337707,18.32336522777399,18.392880645032246,0.24472595536839123,0.9773037232349866
1997,18.91927467610168,20.81120214371185,19.84270268125692,62,20.023153351206904,20.01715198999365,20.064960703671538,0.4934545732412394,0.975155703050416
1997,20.81120214371185,22.892322358083035,21.826972949382615,146,21.834704723390548,21.829176463830603,22.071456774038694,0.4916253027412404,0.9744510615083876
1997,22.892322358083035,25.18155459389134,24.009670244320876,209,23.819469805391726,23.80757963975932,23.91074483854192,0.7538820827499481,0.9727917443287721
1997,25.18155459389134,27.699710053280477,26.410637268752968,285,26.99124931050453,26.979594267836966,27.589320967548367,0.7886378115315452,0.9704164204209665
1997,27.699710053280477,30.46968105860853,29.051700995628266,154,29.24017045097948,29.23455190381448,29.42860903205159,0.5722211096445197,0.967177342364868
1997,30.46968105860853,33.516649164469385,31.956871095191097,392,31.612438565302195,31.601272670582457,31.530652534340987,0.8444746107664219,0.9654271036959585
1997,33.516649164469385,36.86831408091633,35.15255820471021,735,36.42255367023913,36.412361743519426,36.78576129006449,0.8478667594674727,0.9609719507205527
1997,36.86831408091633,40.555145489007955,38.66781402518123,212,39.363050920745685,39.35354916502875,39.413315667926234,0.8630240092953708,0.952618538891667
1997,40.555145489007955,44.610660037908765,42.53459542769936,690,43.409954276282605,43.3957605459252,44.14291354807739,1.0999582719604013,0.9502091194253762
1997,44.610660037908765,49.07172604169964,46.788054970469304,745,46.963873188675784,46.94533396706158,45.98220161258061,1.3266214418225495,0.9423671409737692
1997,49.07172604169964,53.978898645869606,51.466860467516234,378,51.652765047388556,51.64040666503923,51.500065806090284,1.1301799409574367,0.9339000772832659
1997,53.978898645869606,59.37678851045658,56.61354651426786,1466,55.80013338877685,55.78649549705798,55.178641935096735,1.2488058311141699,0.9296040369141246
1997,59.37678851045658,65.31446736150224,62.27490116569465,931,62.257328453893145,62.238578718683954,62.075972176983825,1.5301729535646849,0.9129426740010002
1997,65.31446736150224,71.84591409765247,68.50239128226413,908,68.30122364905348,68.27898456672872,68.97330241887092,1.745553923683506,0.9023616856844116
1997,71.84591409765247,79.03050550741771,75.35263041049053,2161,74.40596657163508,74.38767358007445,73.57152258012898,1.669291455920186,0.8920420966495431
1997,79.03050550741771,86.9335560581595,82.8878934515396,1236,83.01167352160485,82.98593335541473,82.7679629026451,2.0671112128225273,0.8674819293540028
1997,86.9335560581595,95.62691166397545,91.17668279669357,1998,91.02311786551805,91.00105324975151,91.96440322516122,1.9992718057511685,0.8534345592580806
1997,95.62691166397545,105.189602830373,100.29435107636293,1411,100.28038638428362,100.24193410490379,100.7929859347767,2.77789501831417,0.8307269173069055
1997,105.189602830373,115.70856311341032,110.32378618399923,3604,110.67362154261642,110.65701890222765,110.35728387019347,1.921079093194847,0.8146906396326772
1997,115.70856311341032,127.27941942475137,121.35616480239916,1793,121.55011248587365,121.51624609930924,122.61920430021497,2.8658617900204097,0.7737305087057326
1997,127.27941942475137,140.0073613672265,133.4917812826391,2458,134.15835346544418,134.10417997352582,134.88112473023645,3.8036264556918624,0.7533527299177161
1997,140.0073613672265,154.00809750394916,146.840959410903,2735,147.5600556501394,147.5249099355663,147.14304516025797,3.221639277652459,0.7254171023321362
1997,154.00809750394916,169.40890725434411,161.52505535199333,2564,162.30942348818087,162.25313051511924,163.69663774078697,4.259233475205833,0.6943333181797517
1997,169.40890725434411,186.34979797977854,177.6775608871927,3155,180.0944808438461,180.02641470213146,183.92880645032244,4.917632926483677,0.6651929808610265
1997,186.34979797977854,204.98477777775642,195.44531697591196,2195,196.2599021360715,196.19484904009929,196.19072688034396,5.0498403054703935,0.6293358185207074
1997,204.98477777775642,225.48325555553205,214.9898486735032,5632,218.42468643155155,218.37448061532976,220.71456774038694,4.633206864432562,0.6043892348956675
1997,225.48325555553205,248.03158111108527,236.4888335408535,2846,235.94286570737333,235.8480525201516,235.42887225641272,6.698452556515437,0.5403805064326954
1997,248.03158111108527,272.83473922219383,260.1377168949389,2495,259.114283615788,259.0194138493275,257.50032903045144,7.02089900290528,0.5080351866163568
1997,272.83473922219383,300.11821314441323,286.1514885844328,3360,284.7223448476809,284.59603656723715,283.7101839496224,8.500946889533148,0.4796790471427922
1997,300.11821314441323,330.1300344588546,314.7666374428761,2516,313.7675616702094,313.6667736828411,312.6789709655481,7.959982595910109,0.44149202163931445
1997,330.1300344588546,363.1430379047401,346.24330118716375,2729,342.46674442524056,342.3166052357239,340.2682919330965,10.175984883837737,0.41289721325635315
1997,363.1430379047401,399.4573416952141,380.86763130588014,3217,377.2029926255481,377.0534588286131,373.3754770941545,10.680583365853037,0.38188162022093924
1997,399.4573416952141,439.40307586473557,418.9543944364682,2253,418.5814079704605,418.43490439474925,416.90529462073084,11.079148734624138,0.3453198163385916
1997,439.40307586473557,483.34338345120915,460.84983388011506,3063,456.99702541991155,456.81536576679497,459.8220161258061,12.922186227204168,0.31971405191617036
1997,483.34338345120915,531.6777217963302,506.9348172681266,2171,505.69782351029977,505.5233515246952,505.80421773838674,13.301791623166569,0.2849024867027322
1997,531.6777217963302,584.8454939759631,557.6282989949393,2328,555.540225208773,555.38590339246,551.7864193509673,13.138614895047185,0.2602286675455744
1997,584.8454939759631,643.3300433735595,613.3911288944332,1785,610.5743458599718,610.3827439125546,613.0960215010748,15.319776061598454,0.23377051416102196
1997,643.3300433735595,707.6630477109156,674.7302417838766,2101,670.8387009292691,670.5528176234066,668.581211446922,19.596467428003162,0.2134836568622994
1997,707.6630477109156,778.4293524820072,742.2032659622644,1827,740.7871875610473,740.5649225842101,735.7152258012898,18.18989321881392,0.18960540073646406
1997,778.4293524820072,856.272287730208,816.4235925584909,1517,815.1848137498519,814.8923112767053,815.4177085964295,21.84280705246581,0.16884120561894803
1997,856.272287730208,941.8995165032289,898.0659518143401,1671,903.5599886051073,903.2539464258144,919.6440322516122,23.397020631346965,0.1516002182115743
1997,941.8995165032289,1036.089468153552,987.8725469957742,1128,988.3908627511511,988.0434272177984,988.617334670483,26.21244900416545,0.13260899213529118
1997,1036.089468153552,1139.698414968907,1086.6598016953517,1268,1088.5135750002573,1088.1712877169202,1103.5728387019346,27.220500202930385,0.11978906214483794
1997,1139.698414968907,1253.6682564657979,1195.325781864887,1138,1193.8283477237394,1193.3309724378198,1195.537241927096,34.46169498112972,0.10537800609173978
1997,1253.6682564657979,1379.0350821123777,1314.8583600513757,802,1309.0965218794433,1308.7052070761504,1299.7635655822785,32.12317552002884,0.09244442423966905
1997,1379.0350821123777,1516.9385903236157,1446.3441960565133,1019,1433.4533174477424,1432.8221927581933,1434.6446903125152,42.551330888188204,0.08332954493794609
1997,1516.9385903236157,1668.6324493559773,1590.9786156621647,866,1592.6959647671654,1591.9787097422484,1594.0496559027945,47.82937133643394,0.07174842023912352
1997,1668.6324493559773,1835.4956942915753,1750.0764772283815,510,1745.262593885222,1744.722194718119,1747.3236612780634,43.495639030412825,0.061906169023048595
1997,1835.4956942915753,2019.045263720733,1925.0841249512198,769,1888.88758959009,1888.1016280327303,1866.8773854707729,54.85222219523779,0.05610992408055644
1997,2019.045263720733,2220.949790092807,2117.592537446342,634,2123.5255491682597,2122.4238106262246,2132.654510791489,68.35374325507291,0.04737009592217121
1997,2220.949790092807,2443.0447691020872,2329.351791190976,482,2330.1990005689827,2329.483074092766,2311.3720010590523,57.91508898054938,0.04016456789562213
1997,2443.0447691020872,2687.349246012296,2562.286970310074,456,2557.932935759371,2556.9613603678276,2573.164002240011,70.600371517154,0.034686548165658956
1997,2687.349246012296,2956.084170613526,2818.5156673410816,487,2811.904932867431,2810.8442827109916,2758.9320967548365,77.67489500188604,0.02950402327590126
1997,2956.084170613526,3251.6925876748787,3100.36723407519,322,3108.024551339718,3106.8819050318057,3096.6713675992414,84.43618756660531,0.023969177615129334
1997,3251.6925876748787,3576.861846442367,3410.4039574827093,238,3396.648265975994,3395.525076506199,3372.028118255911,87.71709925332807,0.020309587671046053
1997,3576.861846442367,3934.5480310866046,3751.444353230981,324,3725.1203353054057,3724.204186121299,3678.576129006449,83.27310965922061,0.01760467336454971
1997,3934.5480310866046,4328.002834195265,4126.588788554079,191,4128.519090944662,4126.941942844125,4138.398145132254,114.43445191760657,0.013922353048142929
1997,4328.002834195265,4760.8031176147915,4539.247667409487,216,4552.127971354586,4550.830627974898,4598.220161258061,108.78071568449604,0.011751602491248807
1997,4760.8031176147915,5236.883429376272,4993.172434150437,133,4976.345980082719,4974.74114389614,4966.077774158705,126.87468088697887,0.009296722280310952
1997,5236.883429376272,5760.571772313899,5492.489677565481,154,5491.966005213678,5490.593413130347,5517.864193509673,122.87977642426722,0.007785152520798291
1997,5760.571772313899,6336.628949545289,6041.738645322029,91,6046.7201479246105,6044.372621902017,6069.650612860641,169.15394798951593,0.006034913851888894
1997,6336.628949545289,6970.291844499819,6645.912509854232,84,6615.231259684449,6612.311407430836,6599.825397453696,198.03605298479752,0.005000681911169705
1997,6970.291844499819,7667.321028949802,7310.503760839656,71,7328.088484289417,7325.796571612733,7357.152258012898,184.16248364711578,0.004046006273582761
1997,7667.321028949802,8434.053131844781,8041.5541369236225,51,8081.645422322595,8078.856635486243,8111.26036445922,213.52375933041782,0.003239078056098559
1997,8434.053131844781,9277.45844502926,8845.709550615986,46,8939.579745855934,8935.459172655586,8989.520415259509,273.0895117543214,0.002659453561849343
1997,9277.45844502926,10205.204289532188,9730.280505677585,46,9755.637206822623,9751.934814630655,9748.22674186709,271.69022978295493,0.002136654998408874
1997,10205.204289532188,11225.724718485408,10703.308556245345,35,10678.030651046436,10672.694308212762,10575.906370893541,342.92368937420906,0.0016138564349684047
1997,11225.724718485408,12348.29719033395,11773.639411869879,17,12022.29906291217,12018.834103934407,12097.917244269958,295.197989682042,0.0012160749193071783
1997,12348.29719033395,13583.126909367345,12951.003353056869,20,12884.979261871962,12881.627965255266,12875.016451522572,302.2567558610995,0.0010228667545574396
1997,13583.126909367345,14941.439600304082,14246.103688362557,16,14326.818250811779,14323.00918880854,14346.44690312515,340.6577462094536,0.0007955630313224531
1997,14941.439600304082,16435.58356033449,15670.714057198813,16,15680.333094154099,15674.077667556783,15679.930749889989,457.2031332715494,0.0006137200527344638
1997,16435.58356033449,18079.141916367942,17237.785462918695,7,17307.700686975342,17303.089678434146,17289.30780633031,429.5174127549237,0.0004318770741464745
1997,18079.141916367942,19887.056108004737,18961.564009210568,13,18683.22877244543,18678.921972507575,18392.880645032245,420.12796949818386,0.00035232077101422923
1997,19887.056108004737,21875.761718805214,20857.720410131627,6,20265.888990718027,20264.781900999336,20232.16870953547,232.77472448124848,0.00020457335091148793
1997,21875.761718805214,24063.337890685736,22943.492451144793,1,22071.456774038692,22071.45677403871,22071.456774038692,,0.00013638223394099195
1997,24063.337890685736,26469.671679754312,25237.84169625927,3,24891.08537692214,24881.9136472748,24830.38887079353,828.4293103094401,0.0001250170477792426
1997,26469.671679754312,29116.638847729744,27761.625865885202,3,26976.531494058043,26973.07742118613,26670.596579329005,530.6914504226527,9.092148929399464e-05
1997,35231.13300575299,38754.24630632831,36950.72402749321,2,36813.35061103204,36813.34027278894,36813.35061103204,39.01719188897177,5.682593080874665e-05
1997,42629.670936961134,46892.638030657254,44710.376073266794,1,45982.20161258061,45982.20161258059,45982.20161258061,,3.409555848524799e-05
1997,62414.10121880482,68655.5113406853,65460.46160886993,1,68053.65838661931,68053.65838661934,68053.65838661931,,2.273037232349866e-05
1997,91380.48559445216,100518.53415389739,95840.6618415465,1,98990.48363156353,98990.48363156346,98990.48363156353,,1.136518616174933e-05
1998,0.4198386471319267,0.4618225118451194,0.44033048791575075,1,0.4198386471319267,0.4198386471319267,0.4198386471319267,,0.9838305367990786
1998,0.614685763265854,0.6761543395924395,0.6446878673574509,2,0.6717418354110827,0.6717418354110827,0.6717418354110827,0.0,0.9838192452744969
1998,0.8181467509068521,0.8999614259975374,0.8580795514527675,2,0.8396772942638534,0.8396772942638534,0.8396772942638534,0.0,0.9837966622253337
1998,0.9899575685972911,1.0889533254570203,1.0382762572578488,1,1.0076127531166241,1.0076127531166241,1.0076127531166241,,0.9837740791761703
1998,1.1978486580027223,1.3176335238029948,1.256314271281997,1,1.1995389918055048,1.1995389918055048,1.1995389918055048,,0.9837627876515888
1998,1.3176335238029948,1.4493968761832943,1.381945698410197,1,1.3994621571064223,1.3994621571064223,1.3994621571064223,,0.9837514961270071
1998,1.5943365638016238,1.7537702201817864,1.6721542950763384,4,1.6793545885277068,1.6793545885277068,1.6793545885277068,0.0,0.9837402046024254
1998,1.7537702201817864,1.9291472421999651,1.8393697245839724,1,1.865949542808563,1.865949542808563,1.865949542808563,,0.9836950385040988
1998,2.1220619664199623,2.3342681630619584,2.225637366746607,1,2.2391394513702756,2.2391394513702756,2.2391394513702756,,0.9836837469795172
1998,2.3342681630619584,2.5676949793681545,2.448201103421268,1,2.3990779836110097,2.3990779836110097,2.3990779836110097,,0.9836724554549355
1998,2.5676949793681545,2.82446447730497,2.6930212137633953,1,2.7989243142128446,2.7989243142128446,2.7989243142128446,,0.9836611639303539
1998,2.82446447730497,3.106910925035467,2.9623233351397347,1,2.9388705299234865,2.9388705299234865,2.9388705299234865,,0.9836498724057722
1998,3.106910925035467,3.4176020175390143,3.2585556686537083,9,3.3587091770554136,3.3587091770554136,3.3587091770554136,0.0,0.9836385808811906
1998,3.4176020175390143,3.759362219292916,3.5844112355190796,2,3.6216384308148015,3.6199596008183934,3.6216384308148015,0.15593211341758528,0.9835369571599557
1998,3.759362219292916,4.135298441222208,3.9428523590709883,1,3.9184940398979826,3.9184940398979826,3.9184940398979826,,0.9835143741107925
1998,4.135298441222208,4.548828285344429,4.3371375949780875,8,4.1983864713192665,4.1983864713192665,4.1983864713192665,0.0,0.9835030825862108
1998,4.548828285344429,5.003711113878873,4.770851354475896,1,4.798155967222019,4.798155967222019,4.798155967222019,,0.9834127503895576
1998,5.003711113878873,5.50408222526676,5.247936489923487,6,5.219993846006955,5.216752732539988,5.205999224435891,0.2016391387445174,0.983401458864976
1998,5.50408222526676,6.0544904477934365,5.772730138915835,9,5.735943703716878,5.733151195640126,5.597848628425689,0.19114420978989338,0.983333709717486
1998,6.0544904477934365,6.65993949257278,6.350003152807419,4,6.2975797069789,6.2975797069789,6.2975797069789,0.0,0.9832320859962512
1998,6.65993949257278,7.325933441830059,6.985003468088162,12,6.947329994206882,6.944201742289919,6.997310785532112,0.2177569537377082,0.9831869198979246
1998,7.325933441830059,8.058526786013067,7.683503814896978,1,7.38916018952191,7.389160189521908,7.38916018952191,,0.9830514216029448
1998,8.058526786013067,8.864379464614373,8.451854196386678,27,8.38433327901981,8.384087237974738,8.396772942638533,0.06463838825008669,0.9830401300783632
1998,8.864379464614373,9.750817411075811,9.297039616025346,11,9.530882534891013,9.529059476417268,9.596311934444039,0.1919868119075861,0.9827352589146586
1998,9.750817411075811,10.725899152183393,10.22674357762788,27,10.279202381694121,10.277216124370565,10.262722485447096,0.20599467310500952,0.9826110521442605
1998,10.725899152183393,11.798489067401734,11.249417935390671,30,11.241479661705284,11.2391622089553,11.195697256851378,0.2332922832350392,0.982306180980556
1998,11.798489067401734,12.978337974141908,12.374359728929738,44,12.457403498659547,12.454781040187147,12.5951594139578,0.2567579967972089,0.9819674352431065
1998,12.978337974141908,14.276171771556099,13.611795701822713,50,13.629455245536587,13.625617470415143,13.434836708221654,0.3269366124395934,0.981470608161514
1998,14.276171771556099,15.703788948711711,14.972975272004984,34,14.967580975528689,14.963386829676002,14.927596342468505,0.3607245286767213,0.9809060319324315
1998,15.703788948711711,17.274167843582884,16.470272799205485,137,16.74233928768284,16.741112726503218,16.793545885277066,0.20071663212465218,0.9805221200966554
1998,17.274167843582884,19.001584627941174,18.117300079126036,37,18.35755577782096,18.352600713501527,18.320231874847707,0.4316314629456294,0.9789751812289695
1998,19.001584627941174,20.901743090735295,19.92903008703864,107,19.76461278085716,19.759317804285406,19.84691786441835,0.45934011925246754,0.9785573948194485
1998,20.901743090735295,22.991917399808823,21.921933095742506,194,21.829468114539015,21.82043107562505,21.831609650860187,0.6282842287536463,0.9773492016892121
1998,22.991917399808823,25.291109139789707,24.114126405316757,243,24.672390431435467,24.66242117951614,25.1903188279156,0.6968837352479005,0.9751586459203722
1998,25.291109139789707,27.820220053768683,26.525539045848436,196,26.944119806311072,26.940455575635355,26.86967341644331,0.443047002580956,0.9724148054470314
1998,27.820220053768683,30.602242059145553,29.178092950433285,301,28.92482733900671,28.910764949543314,28.788935803332116,0.9064592220027611,0.9702016666290283
1998,30.602242059145553,33.66246626506011,32.095902245476616,586,32.871147562205536,32.85422931850332,33.58709177055413,1.0454044316274045,0.9668029177299519
1998,33.66246626506011,37.02871289156612,35.30549247002428,347,36.051013618690405,36.04482633980668,36.386016084766986,0.663565723087918,0.9601860843251055
1998,37.02871289156612,40.73158418072274,38.83604171702671,400,39.02039776206798,39.00713795298242,39.18494039897982,1.0170948596892857,0.9562679252952734
1998,40.73158418072274,44.804742598795016,42.71964588872938,991,43.14003092373188,43.1261037551393,43.663219301720375,1.0952450398904623,0.9517513154626137
1998,44.804742598795016,49.285216858674524,46.99161047760233,448,47.20160543952341,47.19050116731197,47.021928478775784,1.023532337607264,0.9405614146021996
1998,49.285216858674524,54.21373854454198,51.690771525362564,783,51.354649742725194,51.33620645898141,50.3806376558312,1.3869175714432083,0.9355028115896208
1998,54.21373854454198,59.635112398996185,56.859848677898825,1442,55.87165715934978,55.84923488472211,55.12608660674662,1.59674137557407,0.9266615478421897
1998,59.635112398996185,65.5986236388958,62.54583354568871,941,62.636305823903875,62.617101219483445,62.975797069789,1.5508450139142866,0.9103791693954518
1998,65.5986236388958,72.1584860027854,68.80041690025759,1189,68.3782374216801,68.35589662782006,67.17418354110826,1.7597171284570394,0.89975384476412
1998,72.1584860027854,79.37433460306393,75.68045859028335,1939,74.5091561195053,74.47936458758691,72.77203216953397,2.122592761230541,0.8863282220365394
1998,79.37433460306393,87.31176806337034,83.24850444931168,1697,83.38571225230088,83.36685811146629,83.96772942638533,1.766698571885963,0.864433955872722
1998,87.31176806337034,96.04294486970737,91.57335489424287,1581,90.92893676231469,90.88397188385915,90.68514778049617,2.8644173739154506,0.8452722386576635
1998,96.04294486970737,105.64723935667813,100.73069038366717,1850,101.06716452573727,101.03175507421746,100.7612753116624,2.6743864356135236,0.8274203382940765
1998,105.64723935667813,116.21196329234596,110.80375942203389,3391,110.05085266986944,110.03219454028552,109.15804825430094,2.0369874572985114,0.8065310178180258
1998,116.21196329234596,127.83315962158055,121.8841353642373,2340,122.47522054963056,122.4200363464207,123.15266982536515,3.668277584658925,0.768241457961654
1998,127.83315962158055,140.6164755837386,134.07254890066102,2381,134.4479508587438,134.40010218329533,134.34836708221653,3.5871588069028646,0.7418192904405952
1998,140.6164755837386,154.6781231421125,147.47980379072715,2835,147.47398107241347,147.43162868531914,146.34375700027158,3.54098435561996,0.7149341704116889
1998,154.6781231421125,170.14593545632377,162.2277841697999,3380,164.23118655321764,164.1717065363923,166.25610426424296,4.393028281662335,0.682922698222714
1998,170.14593545632377,187.16052900195615,178.45056258677988,2300,178.98756260666588,178.9248865492507,179.13115610962205,4.732205035267312,0.6447573451367403
1998,187.16052900195615,205.87658190215177,196.29561884545788,2722,196.59524334934574,196.52369307469988,195.92470199489912,5.300300500560545,0.6187868385989477
1998,205.87658190215177,226.46424009236696,215.9251807300037,5850,217.2515854919953,217.2095525888527,218.31609650860187,4.254806619311073,0.5880513086876991
1998,226.46424009236696,249.1106641016037,237.51769880300407,2588,237.15356465119942,237.0705664739501,235.10964239387894,6.278409275725011,0.5219958898850523
1998,249.1106641016037,274.0217305117641,261.2694686833045,3295,260.01280705736843,259.89835658059604,259.6282193863834,7.735139162768763,0.4927734242677446
1998,274.0217305117641,301.4239035629405,287.39641555163496,2750,286.54706285274733,286.4478459174695,285.4902800497101,7.545749353494535,0.45556785077121115
1998,301.4239035629405,331.56629391923457,316.1360571067985,2851,315.18725810876816,315.0528776894574,314.87898534894504,9.206688698657256,0.4245161581716763
1998,331.56629391923457,364.72292331115807,347.74966281747834,3290,345.0583345428061,344.9056210740008,341.46876633396704,10.319619815066803,0.392324021589395
1998,364.72292331115807,401.1952156422739,382.5246290992262,2332,383.00703050919395,382.88445524224784,382.89284618431714,9.687869295879032,0.35517490571576976
1998,401.1952156422739,441.3147372065014,420.7770920091489,3045,421.8074744874652,421.64220524718775,419.8386471319267,11.798863889051907,0.32884307039136423
1998,441.3147372065014,485.4462109271515,462.85480121006384,2186,461.6426108720274,461.4760929578705,461.8225118451193,12.417938055944791,0.294460378040243
1998,485.4462109271515,533.9908320198667,509.14028133107024,2479,508.12645862867464,507.9673923511404,503.806376558312,12.749333817328756,0.26977710530475824
1998,533.9908320198667,587.3899152218535,560.0543094641773,1797,557.5061965171541,557.3360996019562,558.3854006854625,13.80131474938465,0.24178541586685035
1998,587.3899152218535,646.1289067440389,616.0597404105952,2080,612.9497706834325,612.6771241510677,612.964424812613,18.28391315640909,0.22149454619362707
1998,646.1289067440389,710.7417974184428,677.6657144516547,1873,675.3031940107658,675.1091925891222,671.7418354110827,16.235771301272578,0.19800817506379711
1998,710.7417974184428,781.815977160287,745.4322858968202,1475,745.0453431178872,744.7717164449554,747.3127918948295,20.193556175235084,0.1768591495223685
1998,781.815977160287,859.997574876316,819.9755144865023,1751,824.2587359692474,823.9713849909663,839.6772942638534,21.661390814879706,0.16020415076443623
1998,859.997574876316,945.9973323639476,901.9730659351526,1209,902.376504496989,902.0430493573618,901.2536291765358,24.54024045548139,0.1404326912219688
1998,945.9973323639476,1040.5970656003424,992.1703725286679,1295,992.7571234998156,992.4410245786921,1007.612753116624,24.995579826138506,0.12678123800275512
1998,1040.5970656003424,1144.6567721603767,1091.3874097815349,1156,1089.8793381741991,1089.465048507127,1091.5804825430096,30.05655655429084,0.11215871366951966
1998,1144.6567721603767,1259.1224493764144,1200.5261507596883,874,1195.4679930312789,1195.0999100148974,1188.5632100304842,29.752165018129883,0.0991057112531334
1998,1259.1224493764144,1385.0346943140562,1320.5787658356574,1052,1308.7447639699096,1308.1415906328969,1309.8965790516113,39.7698321440127,0.08923691876877216
1998,1385.0346943140562,1523.5381637454618,1452.6366424192233,869,1452.0165324214122,1451.3683856146915,1450.1226871936747,43.433324200669134,0.0773582349088774
1998,1523.5381637454618,1675.8919801200082,1597.9003066611456,595,1592.8140596472501,1592.3235304540005,1595.3868591013213,39.61067461979566,0.0675459000474244
1998,1675.8919801200082,1843.481178132009,1757.6903373272603,907,1724.4599261397298,1723.7195158315858,1704.5449073556224,50.89726365274501,0.06082744292134324
1998,1843.481178132009,2027.8292959452103,1933.4593710599866,667,1934.6612993459034,1933.6997820489087,1931.2577768068627,61.015308457865174,0.050586030125787586
1998,2027.8292959452103,2230.6122255397313,2126.8053081659855,506,2127.888879253893,2127.2240356012576,2115.98678154491,53.28723850914479,0.04305458322982769
1998,2230.6122255397313,2453.673448093705,2339.485838982584,440,2327.252078733846,2326.4184556596606,2334.092958729946,62.443915321073916,0.03734107179151329
1998,2453.673448093705,2699.0407929030757,2573.4344228808427,464,2568.0929040406572,2567.063667378049,2519.0318827915603,73.13666594418919,0.03237280097558772
1998,2699.0407929030757,2968.944872193383,2830.7778651689273,338,2840.556929303308,2839.509289156465,2854.902800497101,77.20365801581774,0.02713353356970258
1998,2968.944872193383,3265.8393594127215,3113.85565168582,269,3107.523906173974,3106.468530222595,3100.5084090692785,81.27013547352742,0.023316998261105216
1998,3265.8393594127215,3592.4232953539945,3425.2412168544024,348,3402.511764251045,3401.4592034678217,3358.7091770554134,85.2243111208412,0.02027957814864163
1998,3592.4232953539945,3951.6656248893937,3767.765338539843,233,3775.0906120945056,3773.659762770353,3778.54782418734,104.13713706244539,0.016350127594227774
1998,3951.6656248893937,4346.832187378333,4144.541872393827,207,4147.876620842783,4146.628337440093,4198.386471319267,101.75569365210437,0.013719202366703553
1998,4346.832187378333,4781.5154061161675,4558.99605963321,171,4549.581441188057,4547.805476289013,4534.257389024808,127.53054897137869,0.011381856778302207
1998,4781.5154061161675,5259.666946727784,5014.895665596532,185,5020.316121513082,5019.082689888378,5038.063765583121,111.40653527356369,0.009451006074840226
1998,5259.666946727784,5785.633641400564,5516.385232156185,122,5516.666516952023,5514.778057944959,5516.679823313516,145.04627380569423,0.007362074027235157
1998,5785.633641400564,6364.197005540621,6068.023755371805,96,6011.53984647791,6009.162172824981,5933.71954613123,171.0367569459459,0.005984508028273977
1998,6364.197005540621,7000.616706094684,6674.826130908987,102,6651.584178452178,6649.068688428797,6717.418354110827,183.55903690123736,0.004900521668435672
1998,7000.616706094684,7700.678376704152,7342.308743999885,70,7326.206384000305,7323.053560083455,7320.306651392273,216.45288280048123,0.003748786161107473
1998,7700.678376704152,8470.746214374567,8076.539618399874,58,8153.898698138502,8150.019717947173,8228.837483785763,252.50540234684362,0.0029583794403920415
1998,8470.746214374567,9317.820835812026,8884.193580239862,41,8919.40037854876,8915.465631077497,8908.976092139483,267.7288429122883,0.002303471014656399
1998,9317.820835812026,10249.602919393228,9772.61293826385,43,9876.629318825988,9873.456025736454,9983.763028797217,252.1651057511675,0.0018405185068087894
1998,10249.602919393228,11274.563211332554,10749.874232090235,29,10814.898778171144,10811.348998037458,10915.804825430094,280.7816428410956,0.0013549829497978816
1998,11274.563211332554,12402.019532465809,11824.86165529926,19,11633.802567928695,11631.4923918762,11671.514390267563,238.5358848940483,0.0010275287369300604
1998,12402.019532465809,13642.22148571239,13007.347820829187,21,12883.448618321721,12879.417607849595,12763.09487281057,331.2683186590913,0.000812989769878729
1998,13642.22148571239,15006.44363428363,14308.082602912107,12,14350.971285002088,14347.713389185677,14274.514002485506,319.5029939075666,0.0005758677536640998
1998,15006.44363428363,16507.087997711995,15738.890863203318,9,15348.834451757539,15347.026098243234,15324.110620315323,250.27979026629868,0.00044036945868431153
1998,16507.087997711995,18157.7967974832,17312.779949523654,11,16958.046300653306,16954.946757569465,16793.545885277068,343.1539216991048,0.0003387457374494704
1998,18157.7967974832,19973.576477231516,19044.05794447602,3,18690.283595541972,18688.198011681972,18512.085414203757,343.14325054654665,0.00021453896705133128
1998,19973.576477231516,21970.93412495467,20948.46373892362,3,20734.431319688756,20717.203528847116,20152.255062332482,1044.9288284225681,0.00018066439330638424
1998,21970.93412495467,24168.02753745014,23043.310112815983,2,23091.125592255965,23087.308561798935,23091.125592255965,593.7415087823424,0.0001467898195614372
1998,24168.02753745014,26584.830291195158,25347.641124097587,1,25190.318827915602,25190.31882791562,25190.318827915602,,0.00012420677039813916
1998,26584.830291195158,29243.313320314675,27882.40523650735,3,27177.55509100672,27174.09314552002,26869.673416443307,533.2667030632173,0.00011291524581649014
1998,29243.313320314675,32167.64465234614,30670.645760158084,1,30228.38259349872,30228.3825934987,30228.38259349872,,7.90406720715431e-05
1998,32167.64465234614,35384.40911758076,33737.71033617389,1,33587.091770554136,33587.09177055413,33587.091770554136,,6.774914748989408e-05
1998,35384.40911758076,38922.85002933884,37111.48136979129,1,37431.13442369406,37431.13442369409,37431.13442369406,,5.645762290824507e-05
1998,38922.85002933884,42815.13503227273,40822.62950677042,1,41983.86471319266,41983.86471319269,41983.86471319266,,4.516609832659606e-05
1998,47096.648535500004,51806.31338905001,49395.381703192215,1,48684.48952141822,48684.489521418196,48684.48952141822,,3.387457374494704e-05
1998,56986.944727955015,62685.63920075052,59768.41186086259,1,62572.75196854235,62572.75196854232,62572.75196854235,,2.258304916329803e-05
1998,62685.63920075052,68954.20312082558,65745.25304694886,1,68013.86083537212,68013.8608353721,68013.86083537212,,1.1291524581649015e-05
1999,0.339344641828083,0.3732791060108913,0.35590766292842435,1,0.339344641828083,0.33934464182808305,0.339344641828083,,0.9851205075378527
1999,0.3732791060108913,0.4106070166119805,0.3914984292212668,1,0.4072135701936997,0.4072135701936997,0.4072135701936997,,0.9851096068107743
1999,0.49683449010049646,0.5465179391105461,0.5210844092935063,3,0.5090169627421246,0.5090169627421246,0.5090169627421246,0.0,0.9850987060836958
1999,0.7274153769561372,0.800156914651751,0.7629196836466229,1,0.7635254441131868,0.7635254441131868,0.7635254441131868,,0.9850660039024602
1999,0.9681898667286187,1.0650088534014808,1.0154460989336553,2,1.0180339254842492,1.0180339254842492,1.0180339254842492,0.0,0.9850551031753818
1999,1.171509738741629,1.2886607126157918,1.228689779709723,1,1.2725424068553113,1.2725424068553113,1.2725424068553113,,0.9850333017212248
1999,1.4175267838773713,1.5592794622651083,1.486714633448765,4,1.4834208628484773,1.482741282424528,1.4906925337447934,0.051760132788656835,0.9850224009941463
1999,1.5592794622651083,1.7152074084916196,1.6353860967936416,4,1.6967232091404152,1.6967232091404152,1.6967232091404152,0.0,0.9849787980858323
1999,1.7152074084916196,1.8867281493407815,1.798924706473006,1,1.7452010151158555,1.7452010151158555,1.7452010151158555,,0.9849351951775184
1999,1.8867281493407815,2.0754009642748596,1.9788171771203067,6,2.0360678509684984,2.0360678509684984,2.0360678509684984,0.0,0.9849242944504398
1999,2.0754009642748596,2.282941060702346,2.1766988948323376,1,2.2622976121872203,2.2622976121872203,2.2622976121872203,,0.9848588900879689
1999,2.5112351667725807,2.7623586834498393,2.633805662747129,7,2.569323716698343,2.5686584630476497,2.5450848137106226,0.06413010935852813,0.9848479893608904
1999,2.7623586834498393,3.0385945517948234,2.8971862290218424,5,2.8604109062145104,2.8597869298491188,2.9086683585264264,0.06658364340746029,0.9847716842713409
1999,3.0385945517948234,3.3424540069743056,3.1869048519240266,7,3.054101776452747,3.054101776452747,3.054101776452747,0.0,0.9847171806359484
1999,3.3424540069743056,3.676699407671737,3.5055953371164295,10,3.461800124706201,3.460179461469397,3.3934464182808304,0.11280164964724865,0.9846408755463989
1999,3.676699407671737,4.04436934843891,3.856154870828073,8,3.8137710314542512,3.813433594435205,3.817627220565934,0.054065288024128216,0.984531868275614
1999,4.04436934843891,4.448806283282802,4.24177035791088,11,4.242909791168662,4.240793593945294,4.3266441833080584,0.1399211061587383,0.984444662458986
1999,4.448806283282802,4.893686911611083,4.665947393701969,10,4.610305454363441,4.608802516147342,4.627426934019314,0.124877340503635,0.9843247544611226
1999,4.893686911611083,5.383055602772191,5.132542133072166,40,5.095259797048667,5.095163077175902,5.090169627421245,0.032193059398523696,0.9842157471903376
1999,5.383055602772191,5.9213611630494105,5.645796346379383,20,5.690475440400607,5.688321201433388,5.734924446894603,0.15967179659290587,0.9837797181071978
1999,5.9213611630494105,6.513497279354353,6.210375981017322,34,6.191408248738342,6.190052388093082,6.108203552905494,0.13205124790385295,0.9835617035656278
1999,6.513497279354353,7.164847007289788,6.8314135791190544,32,6.837188560261181,6.835952544204697,6.786892836561661,0.13283472433831883,0.9831910788449589
1999,7.164847007289788,7.8813317080187675,7.514554937030961,44,7.572061350732408,7.570801730169707,7.635254441131868,0.1385407279021735,0.9828422555784471
1999,7.8813317080187675,8.669464878820646,8.266010430734058,72,8.318216059012848,8.315798803589967,8.415747117336458,0.2015876043809086,0.9823626235869932
1999,8.669464878820646,9.536411366702712,9.092611473807464,58,9.05168652386846,9.04795202452538,9.049190448748881,0.2626993386169198,0.9815777712373416
1999,9.536411366702712,10.490052503372983,10.001872621188213,146,10.141736864935906,10.1409106677747,10.18033925484249,0.12841897175789624,0.9809455290667888
1999,10.490052503372983,11.539057753710281,11.002059883307034,41,11.143952164565913,11.13951028189939,11.19837318032674,0.31766633515870635,0.9793540229133283
1999,11.539057753710281,12.692963529081311,12.102265871637737,105,12.083178482702177,12.08089309255031,12.216407105810989,0.23495067681696083,0.97890709310311
1999,12.692963529081311,13.962259881989443,13.312492458801513,196,13.228171776426993,13.221188667541934,13.36169527198077,0.43039875514666515,0.9777625167598679
1999,13.962259881989443,15.35848587018839,14.643741704681664,224,14.907353874371747,14.900372305236111,15.270508882263735,0.4542754811700528,0.9756259742524827
1999,15.35848587018839,16.89433445720723,16.10811587514983,140,16.169779265904488,16.166110157266733,16.288542807747987,0.3434734865886658,0.9731842113868995
1999,16.89433445720723,18.583767902927953,17.718927462664816,309,17.458443907638557,17.451906870431998,17.306576733232234,0.4806891332295597,0.97165810959591
1999,18.583767902927953,20.44214469322075,19.4908202089313,582,20.050975751407012,20.04432445176114,20.36067850968498,0.5101234344725292,0.9682897849286547
1999,20.44214469322075,22.48635916254283,21.439902229824433,204,21.790095774688094,21.785032468980138,21.81501268894819,0.46859572457365856,0.96194556176897
1999,22.48635916254283,24.734995078797112,23.58389245280688,518,23.5211542229177,23.513062000976362,23.26934686821141,0.6199053470617544,0.9597218134449568
1999,24.734995078797112,27.208494586676824,25.942281698087566,689,25.99166817884947,25.981469352460884,25.450848137106227,0.7322628514075726,0.9540752368182958
1999,27.208494586676824,29.929344045344507,28.536509867896324,679,28.237601310796386,28.22916704377472,27.826260629902805,0.695393047384779,0.946564635861212
1999,29.929344045344507,32.92227844987897,31.39016085468596,793,31.079972676237215,31.06921530730823,30.54101776452747,0.824904232134055,0.9391630421749131
1999,32.92227844987897,36.214506294866865,34.529176940154564,1474,34.4818402063446,34.47431221966263,34.61315346646447,0.7206378366553793,0.9305187656016656
1999,36.214506294866865,39.83595692435355,37.98209463417002,944,37.962570561123925,37.95113176032247,38.17627220565934,0.9322538178897325,0.9144510938879623
1999,39.83595692435355,43.81955261678891,41.78030409758703,1259,41.443110425945484,41.42876526727617,40.72135701936996,1.0981215351006401,0.9041608075258619
1999,43.81955261678891,48.20150787846781,45.95833450734573,1945,46.080042290565,46.07000111894004,46.15087128861929,0.9604184256504408,0.8904367921340354
1999,48.20150787846781,53.021658666314586,50.554167958080306,2049,50.73949575305884,50.72678383936196,50.901696274212455,1.1334148441049414,0.8692348779663603
1999,53.021658666314586,58.323824532946055,55.609584753888335,1518,55.75209259835518,55.734530406884346,55.38104554634315,1.4012806485271665,0.8468992881825218
1999,58.323824532946055,64.15620698624066,61.17054322927718,1881,61.28502364716736,61.266648793036836,61.08203552905494,1.5024111036112564,0.8303519844773647
1999,64.15620698624066,70.57182768486474,67.2875975522049,3386,68.09807872739235,68.0801074255819,69.22630693292894,1.5529105225967608,0.8098477168427134
1999,70.57182768486474,77.62901045335121,74.01635730742541,2422,74.29175325162103,74.26044825205662,74.65582120217826,2.1517721727866186,0.7729378549549255
1999,77.62901045335121,85.39191149868635,81.41799303816795,2338,81.73512782947124,81.70861988220547,81.44271403873992,2.0809646230180006,0.7465362939708079
1999,85.39191149868635,93.931102648555,89.55979234198476,2819,90.04498999115069,90.01223572523722,90.60501936809817,2.4202619440898525,0.7210503940612839
1999,93.931102648555,103.32421291341049,98.51577157618323,3468,99.56758619589809,99.5301685639229,101.43011344241401,2.7133998649713393,0.6903212444270033
1999,103.32421291341049,113.65663420475155,108.36734873380156,2357,108.358516007506,108.31660589617613,108.59028538498657,3.0107161376896294,0.6525175229187787
1999,113.65663420475155,125.02229762522673,119.20408360718173,2989,119.25305231815987,119.20951674261457,119.44931392348522,3.2175491656452335,0.6268245091947633
1999,125.02229762522673,137.5245273877494,131.12449196789993,3385,131.29184189165508,131.2391232731886,131.32637638746812,3.722957776681543,0.5942422359571383
1999,137.5245273877494,151.27698012652436,144.23694116468994,5429,141.18781158228973,141.13657187256462,138.45261386585787,3.8421541816056943,0.5573432747964289
1999,151.27698012652436,166.4046781391768,158.66063528115893,3569,157.69345788334869,157.6212642536375,156.77722452457434,4.784869308861616,0.4981632274872734
1999,166.4046781391768,183.0451459530945,174.52669880927482,3055,174.27068443990345,174.21216965421166,173.57478429506446,4.5204914084193835,0.4592585325441207
1999,183.0451459530945,201.349660548404,191.97936869020234,2680,191.0448044938049,190.96968526360703,190.8813610282967,5.365369829804302,0.425956811319315
1999,201.349660548404,221.48462660324438,211.1773055592226,3679,208.9391501336147,208.85442808037678,207.16990383604468,5.985823648218485,0.3967428627489454
1999,221.48462660324438,243.63308926356885,232.29503611514485,2477,232.145311425835,232.06094805048014,231.50091465511824,6.25780675382304,0.3566390878271581
1999,243.63308926356885,267.99639818992574,255.52453972665936,2835,255.14732439062547,255.05684054826492,254.50848137106226,6.799326921278196,0.32963798685372314
1999,267.99639818992574,294.79603800891834,281.0769936993253,2641,279.79713735004003,279.70698175261776,278.26260629902805,7.123110503175278,0.2987344255861866
1999,294.79603800891834,324.2756418098102,309.1846930692579,2458,308.40191322397567,308.3050466887207,305.4101776452747,7.758802842061643,0.2699456053718783
1999,324.2756418098102,356.7032059907913,340.1031623761837,2369,341.4462401518334,341.3047813544425,339.344641828083,9.836208189602868,0.2431516182129348
1999,356.7032059907913,392.37352658987044,374.1134786138021,1791,376.07606135845003,375.96058754432045,376.67255242917213,9.306102818575273,0.21732779576397745
1999,392.37352658987044,431.6108792488575,411.52482647518235,1895,410.09225927157115,409.9833191661191,407.21357019369964,9.480552927879513,0.19780459356639088
1999,431.6108792488575,474.7719671737433,452.6773091227006,1570,451.1670721297341,451.00541675167364,452.0070629150066,12.082731770261644,0.1771477157526407
1999,474.7719671737433,522.2491638911176,497.9450400349707,1772,499.98959391750356,499.81195248724,509.0169627421245,13.269343646485396,0.16003357423940176
1999,522.2491638911176,574.4740802802295,547.7395440384679,1216,547.8539736228021,547.665951001366,547.1932349477839,14.35543861699695,0.1407174858563066
1999,574.4740802802295,631.9214883082524,602.5134984423146,1366,603.1804210495045,602.9799892052133,610.8203552905494,15.517845373428642,0.1274622017288553
1999,631.9214883082524,695.1136371390778,662.7648482865461,1211,663.3154852223557,663.0627512911676,661.722051564762,18.297331368310463,0.11257180853962959
1999,695.1136371390778,764.6250008529856,729.0413331152009,1175,733.7935725025234,733.4591736367927,732.9844263486593,22.165987048678144,0.09937102804757077
1999,764.6250008529856,841.0875009382842,801.9454664267209,859,804.6001515712392,804.3487321261795,814.4271403873993,20.0878345708275,0.08656267373033781
1999,841.0875009382842,925.1962510321126,882.1400130693931,900,883.066522932435,882.6975963754222,882.2960687530158,25.542481026436537,0.07719894916990963
1999,925.1962510321126,1017.715876135324,970.3540143763325,570,967.537244913514,967.2370923740173,967.1322292100367,24.152481455831786,0.06738829479926312
1999,1017.715876135324,1119.4874637488565,1067.3894158139658,882,1044.8897863049358,1044.4319279731687,1026.6023776904083,31.159342316609223,0.06117488036452031
1999,1119.4874637488565,1231.4362101237423,1174.1283573953626,704,1174.9337676411724,1174.3470095646276,1173.5386076019681,37.10774384153756,0.05156043908128672
1999,1231.4362101237423,1354.5798311361166,1291.541193134899,546,1290.1012383550642,1289.7136929043077,1282.7227461101538,31.71116162644788,0.04388632721802544
1999,1354.5798311361166,1490.0378142497284,1420.695312448389,450,1411.6249736505515,1411.0910891667381,1410.413287049464,38.93112443243954,0.03793453023316655
1999,1490.0378142497284,1639.0415956747015,1562.764843693228,525,1555.8340407260912,1555.2698988962788,1527.0508882263737,42.14613373852712,0.03302920304784329
1999,1639.0415956747015,1802.9457552421716,1719.0413280625507,378,1725.1625426297246,1724.5682025874298,1730.6576733232234,45.330370967174524,0.02730632133163282
1999,1802.9457552421716,1983.240330766389,1890.945460868806,307,1887.9952902313025,1887.3438570538453,1883.3627621458609,49.711282697330525,0.023185846495961282
1999,1983.240330766389,2181.5643638430283,2080.0400069556867,393,2061.8923667741824,2061.286490667597,2036.067850968498,50.378677525555325,0.019839323282862968
1999,2181.5643638430283,2399.720800227331,2288.044007651256,237,2291.519675670733,2290.733998178312,2290.5763323395604,60.120567000324904,0.015555337541013986
1999,2399.720800227331,2639.6928802500643,2516.8484084163815,222,2517.694503944906,2517.018686259062,2545.0848137106227,58.37134092548743,0.012971865223410402
1999,2639.6928802500643,2903.6621682750715,2768.53324925802,150,2761.6727756210835,2760.75606743884,2765.692765363059,71.40495109055632,0.010551903811984259
1999,2903.6621682750715,3194.0283851025783,3045.386574183822,158,3057.070842634731,3056.3555276031407,3054.1017764527473,66.31516705371011,0.00891679475020984
1999,3194.0283851025783,3513.4312236128367,3349.9252316022043,119,3348.141566181787,3346.8012867270604,3352.7250612614607,95.19284039640654,0.007194479871807449
1999,3513.4312236128367,3864.774345974121,3684.917754762426,106,3662.617949611638,3661.283487307115,3664.9221317432966,99.56032017868203,0.0058972933494664094
1999,3864.774345974121,4251.251780571532,4053.409530238668,97,4030.814369597281,4029.5406624347,4072.135701936996,101.78122687064446,0.004741816279145819
1999,4251.251780571532,4676.376958628686,4458.7504832625345,66,4471.542288734457,4469.732213799705,4482.233701586235,127.9928863615022,0.003684445752531694
1999,4676.376958628686,5144.014654491556,4904.625531588789,66,4976.910782418382,4974.699290796565,5090.169627421245,148.228336252985,0.002964997765350949
1999,5144.014654491556,5658.416119940713,5395.088084747669,45,5383.13339770347,5381.116355018495,5350.786312345213,149.31886888368146,0.002245549778170204
1999,5658.416119940713,6224.257731934783,5934.596893222436,40,5946.168183155794,5943.583472386319,5930.04761594575,177.3209512077621,0.0017550170596378777
1999,6224.257731934783,6846.683505128262,6528.05658254468,29,6511.953467444673,6509.9492329766645,6515.417123099194,164.78926681798472,0.0013189879764980324
1999,6846.683505128262,7531.35185564109,7180.86224079915,30,7121.503620636242,7120.7897547243365,7126.237478389743,102.54919211300063,0.0010028668912216445
1999,7531.35185564109,8284.487041205199,7898.948464879065,16,7985.267230137421,7982.4578315063245,8144.271403873992,216.98033471668015,0.0006758450788667605
1999,8284.487041205199,9112.93574532572,8688.843311366973,10,8687.443404816115,8683.852536729986,8704.190062890331,263.0260789452562,0.0005014334456108222
1999,9112.93574532572,10024.229319858292,9557.72764250367,8,9351.659639498312,9347.933532894851,9162.305329358242,284.70284517174065,0.0003924261748258609
1999,10024.229319858292,11026.652251844123,10513.500406754038,12,10343.754908922827,10341.772961434184,10219.151798251578,212.42170715659856,0.0003052203581978918
1999,11026.652251844123,12129.317477028535,11564.850447429442,3,11283.209340783762,11281.64460220694,11198.37318032674,230.8790817948569,0.00017441163325593816
1999,12129.317477028535,13342.24922473139,12721.335492172388,4,12752.995820701646,12749.131535028444,12636.346100073242,365.31301802741643,0.00014170945202044975
1999,13342.24922473139,14676.474147204532,13993.469041389628,2,13997.966475408424,13995.65257069381,13997.966475408424,359.9293460939359,9.810654370646523e-05
1999,14676.474147204532,16144.121561924985,15392.815945528591,2,15066.902097166887,15065.526312833339,15066.902097166887,287.9434768751497,7.630508954947295e-05
1999,16144.121561924985,17758.533718117484,16932.09754008145,3,16721.207226078794,16715.737840691974,16568.502137256153,525.9157741249693,5.450363539248068e-05
1999,23636.608378814377,26000.269216695815,24790.28400843326,1,25705.35661847729,25705.356618477283,25705.35661847729,,2.180145415699227e-05
1999,28600.296138365404,31460.325752201945,29996.243650204255,1,28957.975010399467,28957.975010399485,28957.975010399467,,1.0900727078496135e-05
2001,0.227143557687889,0.2498579134566779,0.23823017310790523,1,0.227143557687889,0.227143557687889,0.227143557687889,,0.98141447206255
2001,0.33256088281083834,0.36581697109192224,0.34879279644728417,1,0.3407153365318335,0.3407153365318335,0.3407153365318335,,0.9814046123660314
2001,0.589151890113252,0.6480670791245772,0.6179077152669474,1,0.6057161538343706,0.6057161538343706,0.6057161538343706,,0.9813947526695128
2001,0.6480670791245772,0.712873787037035,0.6796984867936423,4,0.681430673063667,0.681430673063667,0.681430673063667,0.0,0.9813848929729942
2001,0.712873787037035,0.7841611657407386,0.7476683354730066,1,0.7787779120727623,0.7787779120727623,0.7787779120727623,,0.9813454541869201
2001,0.7841611657407386,0.8625772823148125,0.8224351690203073,1,0.8177168076764003,0.8177168076764003,0.8177168076764003,,0.9813355944904015
2001,0.9488350105462938,1.043718511600923,0.9951465545145719,2,0.9978091998432268,0.9975123653283011,0.9978091998432268,0.034417446416559506,0.9813257347938831
2001,1.043718511600923,1.1480903627610157,1.0946612099660293,2,1.135717788439445,1.135717788439445,1.135717788439445,0.0,0.9813060154008459
2001,1.1480903627610157,1.2628993990371173,1.2041273309626324,1,1.192503677861417,1.192503677861417,1.192503677861417,,0.9812862960078089
2001,1.2628993990371173,1.3891893389408292,1.3245400640588958,7,1.3628613461273338,1.362861346127334,1.362861346127334,2.398355846665908e-16,0.9812764363112904
2001,1.3891893389408292,1.5281082728349122,1.4569940704647852,2,1.460208585136429,1.460208585136429,1.460208585136429,0.0,0.9812074184356605
2001,1.5281082728349122,1.6809191001184036,1.602693477511264,1,1.590004903815223,1.590004903815223,1.590004903815223,,0.9811876990426235
2001,1.6809191001184036,1.8490110101302442,1.7629628252623908,13,1.7210492640197745,1.72057575334088,1.7035766826591674,0.04265004260188998,0.9811778393461049
2001,1.8490110101302442,2.0339121111432688,1.9392591077886299,3,1.9339651483140265,1.9338776429703146,1.9469447801819058,0.022481381858707166,0.9810496632913639
2001,2.0339121111432688,2.2373033222575955,2.133185018567493,8,2.054939373457621,2.0547501889083146,2.0442920191910012,0.030115265614489465,0.9810200842018083
2001,2.2373033222575955,2.4610336544833555,2.3465035204242426,3,2.27143557687889,2.27143557687889,2.27143557687889,0.0,0.9809412066296599
2001,2.4610336544833555,2.7071370199316913,2.581153872466667,20,2.5600971814405815,2.5600158815214926,2.555365023988751,0.021162851485052696,0.9809116275401043
2001,2.7071370199316913,2.9778507219248604,2.8392692597133338,26,2.7987331215114892,2.797349626934945,2.725722692254668,0.09018859633648581,0.9807144336097335
2001,2.9778507219248604,3.275635794117347,3.1231961856846673,8,3.138981749466523,3.137370979779816,3.1159966231911316,0.10767332287963753,0.9804580815002514
2001,3.275635794117347,3.6031993735290815,3.435515804253134,50,3.407153365318335,3.407153365318335,3.407153365318335,0.0,0.9803792039281031
2001,3.6031993735290815,3.96351931088199,3.779067384678448,12,3.7743667350274124,3.7734185253484895,3.7667973316574925,0.08845820895150826,0.979886219102176
2001,3.96351931088199,4.35987124197019,4.156974123146293,33,4.11398609569919,4.113436863031239,4.0885840383820025,0.06876826772403563,0.9797679027439535
2001,4.35987124197019,4.7958583661672085,4.572671535460922,42,4.578796920534946,4.577301079737876,4.54287115375778,0.11893091188808455,0.9794425327588416
2001,4.7958583661672085,5.27544420278393,5.0299386890070155,70,5.05983521170985,5.058849652530165,5.110730047977502,0.09968016954460439,0.979028425505063
2001,5.27544420278393,5.802988623062324,5.532932557907718,53,5.572426277113197,5.571019385288643,5.6218030527752525,0.12634764304169677,0.9783382467487651
2001,5.802988623062324,6.383287485368557,6.086225813698491,46,6.054843247769099,6.052918916006582,6.057161538343706,0.15429942736652547,0.9778156828332824
2001,6.383287485368557,7.021616233905413,6.694848395068339,171,6.790637389770213,6.79003552182146,6.81430673063667,0.089296630247683,0.9773621367934295
2001,7.021616233905413,7.723777857295954,7.364333234575174,44,7.453786877312987,7.451583633357244,7.495737403700337,0.1825359184359001,0.975676128688759
2001,7.723777857295954,8.496155643025551,8.10076655803269,96,8.066014486713152,8.064473944267478,8.177168076764005,0.1579825079071493,0.9752423020419432
2001,8.496155643025551,9.345771207328108,8.910843213835962,179,8.78743192941672,8.783536962469304,8.761251510818576,0.26279037241119996,0.9742957711761632
2001,9.345771207328108,10.280348328060919,9.801927535219559,230,9.99903596043355,9.99450447018644,10.221460095955004,0.29925426025114493,0.9725308854993443
2001,10.280348328060919,11.308383160867011,10.782120288741517,119,10.889713236601246,10.888278514534804,10.902890769018672,0.17691499456019194,0.9702631553000799
2001,11.308383160867011,12.439221476953714,11.860332317615669,285,11.705333970190967,11.699400958354522,11.58432144208234,0.37514719167308075,0.9690898514143734
2001,12.439221476953714,13.683143624649086,13.046365549377237,485,13.47742355084617,13.473187822140533,13.62861346127334,0.3327258617768682,0.9662798379065892
2001,13.683143624649086,15.051457987113997,14.351002104314961,140,14.53321296341116,14.529443293486848,14.602085851364293,0.33152861402341205,0.9614978850950968
2001,15.051457987113997,16.5566037858254,15.78610231474646,376,15.820661657838652,15.814187183082995,15.900049038152229,0.4534458035400537,0.960117527582501
2001,16.5566037858254,18.212264164407937,17.364712546221106,685,17.381010019683462,17.375157870916784,17.035766826591676,0.45382833211399115,0.9564102816915295
2001,18.212264164407937,20.03349058084873,19.101183800843216,335,19.159278211071484,19.154389372669172,19.080058845782673,0.4328506901263161,0.9496563895763288
2001,20.03349058084873,22.03683963893361,21.01130218092754,867,20.705518423494446,20.699896948482998,20.44292019191001,0.48808264460355133,0.9463533912426175
2001,22.03683963893361,24.240523602826972,23.1124323990203,773,23.03765965152617,23.030303387394913,22.714355768788902,0.5840975141210933,0.9378050343610423
2001,24.240523602826972,26.66457596310967,25.42367563892233,1114,25.117994124830666,25.1093056377588,24.823545947319296,0.6645817520797531,0.93018348895221
2001,26.66457596310967,29.331033559420643,27.966043202814564,1201,27.718731082958307,27.709888888823155,27.25722692254668,0.706098584179596,0.9191997870305552
2001,29.331033559420643,32.264136915362705,30.762647523096025,1703,30.74507679104037,30.739219546156004,30.664380287865015,0.6009105576479388,0.9073582915117873
2001,32.264136915362705,35.49055060689898,33.838912275405626,1845,33.98604930049372,33.978186534247705,34.07153365318335,0.7291401994067102,0.8905672283407117
2001,35.49055060689898,39.03960566758888,37.22280350294619,1205,37.28603416254436,37.2736111892525,37.47868701850168,0.962337473557822,0.8723760882640033
2001,39.03960566758888,42.94356623434777,40.94508385324082,2826,41.02856474984135,41.01921865077943,40.88584038382002,0.8770084153647131,0.8604951539591611
2001,42.94356623434777,47.23792285778256,45.0395922385649,1764,45.1038157705727,45.091769578392054,45.428711537577804,1.0401214589826009,0.8326316515977639
2001,47.23792285778256,51.96171514356081,49.54355146242139,2569,49.753241985564145,49.73218318841982,49.97158269133558,1.444585766462404,0.8152391469390572
2001,51.96171514356081,57.1578866579169,54.49790660866354,2155,54.8126505750987,54.79383719723874,54.51445384509336,1.4342749433625823,0.789909586582925
2001,57.1578866579169,62.873675323708596,59.9476972695299,3848,60.68423244746835,60.670056912454534,61.32876057573003,1.3012275877677808,0.7686619405854688
2001,62.873675323708596,69.16104285607945,65.94246699648289,3405,66.71175708714361,66.686750929577,68.1430673063667,1.8149482953227858,0.7307218283821224
2001,69.16104285607945,76.0771471416874,72.53671369613117,2261,72.80656804066984,72.78269520099407,73.01042925682145,1.8610166827685812,0.6971495617364898
2001,76.0771471416874,83.68486185585616,79.79038506574432,3493,80.1592941188262,80.13171881753192,81.54453720995215,2.0935059824297517,0.6748567879080681
2001,83.68486185585616,92.05334804144178,87.76942357231874,3606,88.22194136110065,88.18185510974958,88.58598749827671,2.658887550396433,0.6404168679688039
2001,92.05334804144178,101.25868284558598,96.54636592955063,2698,96.52416664216294,96.49372440073957,95.74100956544521,2.4265955056265245,0.6048628023229445
2001,101.25868284558598,111.38455113014457,106.20100252250572,3699,105.56204680292149,105.51343648564944,104.94032365180472,3.2121269878766787,0.5782613411159204
2001,111.38455113014457,122.52300624315905,116.82110277475628,2805,116.53134213540983,116.49487653927649,115.84321442082339,2.917375360620827,0.5417903236938367
2001,122.52300624315905,134.77530686747497,128.50321305223193,6574,125.2677994393751,125.21410201361232,122.65752115146006,3.7070606432684023,0.5141338749593287
2001,134.77530686747497,148.25283755422248,141.35353435745515,4020,139.9508086110542,139.891255361079,138.5007843001903,4.105695551699802,0.44931623004643917
2001,148.25283755422248,163.07812130964473,155.48888779320066,3028,155.17755558336265,155.12813641165368,154.45761922776452,3.9195870383329887,0.4096802500419037
2001,163.07812130964473,179.3859334406092,171.03777657252073,3473,170.2252829947561,170.16323775863333,170.35766826591674,4.600318145533448,0.3798250889837611
2001,179.3859334406092,197.32452678467016,188.14155422977282,2950,187.35195609394793,187.2890635609264,187.3934350925084,4.864999589784924,0.3455823629748676
2001,197.32452678467016,217.0569794631372,206.95570965275013,2998,205.84710645238087,205.7835613371049,204.42920191910008,5.130854180335881,0.3164962582451712
2001,217.0569794631372,238.76267740945093,227.65128061802517,3008,228.4200011385887,228.3206279414009,227.143557687889,6.744408226419017,0.28693688808258483
2001,238.76267740945093,262.63894515039607,250.4164086798277,2640,250.37164948583933,250.29616677255302,249.85791345667792,6.159852694465911,0.25727892095481303
2001,262.63894515039607,288.90283966543564,275.4580495478105,2486,274.66027194537196,274.5834056801359,272.5722692254668,6.518428424660629,0.23124932214586436
2001,288.90283966543564,317.79312363197926,303.00385450259154,2022,302.1886272164508,302.0808640601382,303.2366495133318,8.069996592755896,0.20673811660077102
2001,317.79312363197926,349.5724359951772,333.30423995285076,2326,334.7764877651613,334.66470604200117,340.7153365318335,8.610642205127801,0.1868018102402808
2001,349.5724359951772,384.529679594695,366.6346639481359,1582,367.0358371172723,366.91656710295064,367.9725634543802,9.353660675259475,0.16386815613815406
2001,384.529679594695,422.9826475541645,403.2981303429495,1725,403.41882744918456,403.2881162759883,408.5176885016683,10.255574937482418,0.14827011624582195
2001,422.9826475541645,465.280912309581,443.62794337724443,1474,444.10523277360807,443.937780008382,442.9299374913835,12.186061335634152,0.13126213975133846
2001,465.280912309581,511.80900354053915,487.990737714969,1437,490.59206291456354,490.35248639571824,490.63008460584024,15.338774715172955,0.11672894708300878
2001,511.80900354053915,562.989903894593,536.7898114864659,1144,538.508866645788,538.3382971024258,544.0656065519161,13.542347516935806,0.10256056318586514
2001,562.989903894593,619.2888942840524,590.4687926351124,1071,591.7786595732853,591.5275166646016,590.5732499885113,17.239087834682277,0.09128107036865406
2001,619.2888942840524,681.2177837124576,649.5156718986237,734,647.6836302071805,647.4832772212458,647.3591394104836,16.134848909457677,0.08072133539729646
2001,681.2177837124576,749.3395620837035,714.4672390884862,1165,699.8940383108808,699.5877187977625,691.0680497255673,20.848530136308234,0.07348431815268726
2001,749.3395620837035,824.273518292074,785.9139629973349,925,784.7761709308202,784.352448642859,783.645274023217,25.782413841101032,0.06199777170858681
2001,824.273518292074,906.7008701212814,864.5053592970684,676,864.5513203888312,864.2781539221637,862.0098014255387,21.768624538293544,0.052877552428936235
2001,906.7008701212814,997.3709571334097,950.9558952267754,587,946.8158166393109,946.4361829729048,954.0029422891338,26.854175582273974,0.04621239758240241
2001,997.3709571334097,1097.1080528467508,1046.051484749453,698,1041.427226955164,1041.0570149781738,1022.1460095955005,27.944804278245627,0.04042475572601875
2001,1097.1080528467508,1206.8188581314257,1150.6566332243983,456,1151.8141223874807,1151.4144799250441,1149.0624724536083,30.40651072183449,0.033542687556077026
2001,1206.8188581314257,1327.5007439445685,1265.7222965468384,390,1256.4752994923683,1256.0681887431094,1249.2895672833893,32.149056586333,0.029046665943622256
2001,1327.5007439445685,1460.2508183390257,1392.2945262015223,442,1380.6269382725056,1380.2322227050606,1362.861346127334,33.246163598828076,0.025201384301391204
2001,1460.2508183390257,1606.2759001729282,1531.5239788216747,286,1536.432341236703,1535.8321463847108,1533.2190143932507,42.9773420040056,0.02084339844019601
2001,1606.2759001729282,1766.9034901902212,1684.6763767038424,301,1685.2292722862858,1684.8468065070358,1703.5766826591673,35.893184830745824,0.018023525235893238
2001,1766.9034901902212,1943.5938392092437,1853.1440143742268,249,1849.526224872211,1848.8411830131822,1845.9956933294739,50.50258544196171,0.015055756583812351
2001,1943.5938392092437,2137.9532231301678,2038.4584158116495,261,2042.4823240717437,2042.0097639506655,2044.292019191001,44.01970269708473,0.012600692150695602
2001,2137.9532231301678,2351.748545443185,2242.3042573928146,151,2246.539665186016,2245.8617297175447,2248.721221110101,55.39395932646235,0.01002731135935636
2001,2351.748545443185,2586.9233999875037,2466.5346831320962,128,2451.305768902509,2450.2924730728214,2442.0203887024945,70.97905255292306,0.008538497185056644
2001,2586.9233999875037,2845.615739986254,2713.188151445306,168,2712.764355095322,2711.8118514800008,2725.722692254668,71.92062018503447,0.007276456030683376
2001,2845.615739986254,3130.1773139848797,2984.5069665898363,103,2978.5516654986764,2977.4800783227174,2966.949150519206,80.24161221316893,0.005620027015568461
2001,3130.1773139848797,3443.1950453833683,3282.9576632488206,136,3328.9199465136494,3327.51985491753,3407.1533653183346,96.272100294675,0.004604478274158721
2001,3443.1950453833683,3787.5145499217056,3611.2534295737037,73,3614.972607047037,3613.3699197627575,3611.582567237435,108.35214239276253,0.0032635595476371237
2001,3787.5145499217056,4166.266004913876,3972.3787725310735,60,3976.6325502495647,3975.281868770003,3980.6908484802543,104.34025175644979,0.002543801701783619
2001,4166.266004913876,4582.8926054052645,4369.616649784181,40,4392.036474275137,4390.759945284447,4429.299374913836,107.09267902904162,0.0019522199106711496
2001,4582.8926054052645,5041.181865945791,4806.578314762601,38,4784.593741372004,4783.365754735433,4770.014711445669,110.2022139545941,0.0015578320499295031
2001,5041.181865945791,5545.30005254037,5287.236146238861,37,5305.941518765025,5303.29626855493,5366.266550376377,169.1193988817293,0.0011831635822249391
2001,5545.30005254037,6099.830057794408,5815.959760862747,16,5858.827355222565,5855.91670262141,5904.596782096674,190.19806723696595,0.0008183548110389162
2001,6099.830057794408,6709.81306357385,6397.5557369490225,11,6391.8551123332,6389.967373876155,6356.774707293923,163.31119190630298,0.0006605996667422576
2001,6709.81306357385,7380.794369931235,7037.311310643926,20,6933.386740754545,6930.543083509252,6814.306730636669,206.08268039391967,0.0005521430050383049
2001,7380.794369931235,8118.873806924359,7741.042441708319,10,7695.464733975297,7693.949376199789,7717.202372446029,160.51817538353976,0.00035494907466748174
2001,8118.873806924359,8930.761187616796,8515.14668587915,6,8590.569351755963,8585.997271166072,8654.169547908572,306.16390206525955,0.00025635210948207017
2001,8930.761187616796,9823.837306378477,9366.661354467067,4,9379.382141716578,9377.456771102183,9335.600220972237,219.87335060046416,0.00019719393037082318
2001,9823.837306378477,10806.221037016325,10303.327489913774,1,10357.746230567738,10357.746230567744,10357.746230567738,,0.00015775514429665856
2001,10806.221037016325,11886.843140717958,11333.660238905153,5,11157.291553629108,11154.040283191775,11039.176903631405,302.36553202378343,0.0001478954477781174
2001,11886.843140717958,13075.527454789755,12467.026262795669,3,12481.5384949495,12477.240075229261,12265.752115146006,403.61946587806455,9.859696518541159e-05
2001,13075.527454789755,14383.080200268732,13713.728889075237,2,13577.506160793564,13577.409973563608,13577.506160793564,72.27663747477408,6.901787562978811e-05
2001,14383.080200268732,15821.388220295607,15085.101777982762,1,14582.616403562473,14582.616403562462,14582.616403562473,,4.9298482592705796e-05
2001,15821.388220295607,17403.527042325168,16593.611955781038,1,16354.336153528007,16354.336153528,16354.336153528007,,3.943878607416464e-05
2001,17403.527042325168,19143.87974655769,18252.973151359147,2,18091.984369840357,18091.952287388518,18091.984369840357,48.18442498318529,2.957908955562348e-05
2001,25480.50394266829,28028.554336935118,26724.177990904933,1,27257.226922546677,27257.22692254666,27257.226922546677,,9.85969651854116e-06
2002,0.10732438595014578,0.11805682454516037,0.1125627656089412,1,0.10732438595014578,0.10732438595014578,0.10732438595014578,,0.9863829705333257
2002,0.17284699681656934,0.19013169649822628,0.18128345964085593,1,0.17887397658357626,0.17887397658357626,0.17887397658357626,,0.9863733471909464
2002,0.2530652880391393,0.27837181684305323,0.2654171132601773,1,0.26831096487536443,0.26831096487536443,0.26831096487536443,,0.9863637238485671
2002,0.7942272811451089,0.8736500092596199,0.8329925999231128,1,0.8049328946260933,0.8049328946260933,0.8049328946260933,,0.9863541005061878
2002,0.8736500092596199,0.9610150101855819,0.9162918599154242,2,0.9167291299908285,0.9164564156816581,0.9167291299908285,0.03162075045501251,0.9863444771638086
2002,1.05711651120414,1.1628281623245544,1.1087131504976635,4,1.1147681754940737,1.1139860305115608,1.1115739973407956,0.04823103242801777,0.98632523047905
2002,1.2791109785570098,1.407022076412711,1.3415429121021731,12,1.3370829749622326,1.3369988328239741,1.3415548243768223,0.015490940779731992,0.9862867371095329
2002,1.407022076412711,1.5477242840539822,1.4756972033123903,2,1.4820986631210604,1.4812172484352408,1.4820986631210604,0.07227600104002897,0.9861712570009816
2002,1.5477242840539822,1.7024967124593804,1.6232669236436295,14,1.6098657892521866,1.6098657892521864,1.6098657892521866,0.0,0.986152010316223
2002,1.7024967124593804,1.8727463837053187,1.7855936160079926,4,1.788739765835763,1.788739765835763,1.788739765835763,0.0,0.9860172835229132
2002,1.8727463837053187,2.060021022075851,1.964152977608792,15,2.00253675689518,2.002215407679118,2.0123322365652334,0.03676709099565904,0.9859787901533961
2002,2.060021022075851,2.2660231242834357,2.1605682753696716,6,2.1912062131488095,2.1907498544615422,2.1912062131488095,0.04898665596273774,0.9858344400177069
2002,2.2660231242834357,2.4926254367117795,2.3766251029066385,5,2.3822180667148425,2.3811406845459295,2.4147986838782796,0.08005862023442077,0.9857766999634313
2002,2.4926254367117795,2.741887980382958,2.6142876131973027,46,2.679221084045306,2.679088416442256,2.6831096487536445,0.02637352901268771,0.9857285832515349
2002,2.741887980382958,3.016076778421254,2.8757163745170335,4,2.864219550044515,2.863506615519489,2.857511775922631,0.07388707838307364,0.9852859095020883
2002,3.016076778421254,3.31768445626338,3.1632880119687368,37,3.1709556148124234,3.1698660252206388,3.219731578504373,0.083408387613334,0.9852474161325712
2002,3.31768445626338,3.6494529018897177,3.479616813165611,33,3.5104493071524856,3.509031869379185,3.577479531671526,0.100682227017589,0.984891352464538
2002,3.6494529018897177,4.014398192078691,3.8275784944821725,19,3.827099205248043,3.826403998503188,3.8330137839337777,0.07526719999765583,0.9845737821660219
2002,4.014398192078691,4.415838011286559,4.21033634393039,83,4.117970860149008,4.116001095984496,4.024664473130467,0.12909999969262825,0.9843909386608157
2002,4.415838011286559,4.857421812415216,4.63136997832343,48,4.655603385573825,4.653099872001059,4.6954418853188775,0.15405438643443084,0.9835922012433358
2002,4.857421812415216,5.343163993656738,5.094506976155773,11,4.998387244715738,4.99782858954429,4.982917919113911,0.07839137865097871,0.9831302808091307
2002,5.343163993656738,5.877480393022412,5.60395767377135,104,5.3912003394105925,5.390435907155281,5.366219297507289,0.09310488314721434,0.9830244240429586
2002,5.877480393022412,6.465228432324654,6.164353441148486,94,6.24602961802012,6.243044069484507,6.26058918042517,0.19317521065062315,0.982023596435514
2002,6.465228432324654,7.11175127555712,6.7807887852633355,89,6.773935664955617,6.772827963815468,6.7077741218841105,0.1238230540283851,0.9811190022518621
2002,7.11175127555712,7.822926403112833,7.458867663789669,110,7.438545063314389,7.435837399156154,7.512707016510204,0.2012785880970853,0.9802625247801067
2002,7.822926403112833,8.605219043424116,8.204754430168636,183,8.19944484674975,8.196265884735318,8.049328946260934,0.2305884406444362,0.9792039571183864
2002,8.605219043424116,9.465740947766529,9.0252298731855,202,9.071842439138987,9.069133197170856,8.943698829178814,0.22275235424112363,0.977442885462979
2002,9.465740947766529,10.412315042543183,9.927752860504052,146,9.941724877622498,9.938382834846527,9.965835838227822,0.2587583467553835,0.9754989703023654
2002,10.412315042543183,11.453546546797503,10.920528146554458,377,10.812641374920727,10.810783114941486,10.732438595014578,0.20294280877006615,0.9740939623149912
2002,11.453546546797503,12.598901201477252,12.012580961209904,265,12.039097540749314,12.034324553509991,12.0739934193914,0.33952761461226705,0.9704659622380045
2002,12.598901201477252,13.85879132162498,13.213839057330896,496,13.313375601947111,13.310593104392773,13.415548243768221,0.2709409937173423,0.9679157765074966
2002,13.85879132162498,15.244670453787478,14.535222963063987,334,14.498590926788557,14.493212201013677,14.309918126686105,0.39632725769424076,0.9631425986873761
2002,15.244670453787478,16.769137499166227,15.988745259370388,525,15.921915285469208,15.917379526128721,16.098657892521867,0.37925089463966893,0.9599284023326982
2002,16.769137499166227,18.446051249082853,17.587619785307428,764,17.692769616914926,17.688244497302385,17.887397658357628,0.39802745825779556,0.9548761475835787
2002,18.446051249082853,20.290656373991137,19.34638176383817,672,19.51506211431708,19.507753041517894,19.548370298062267,0.5332331833537354,0.9475239140058125
2002,20.290656373991137,22.319722011390255,21.28101994022199,1176,21.38647893559287,21.382872887029492,21.464877190029156,0.39087638252468604,0.9410570279269396
2002,22.319722011390255,24.55169421252928,23.40912193424419,855,23.409278455465724,23.40011341186246,23.253616955864917,0.6552360804959206,0.929739977288912
2002,24.55169421252928,27.006863633782213,25.750034127668613,2341,26.45200556125516,26.442906290144837,26.831096487536442,0.6844944893242382,0.9215120195546317
2002,27.006863633782213,29.707549997160438,28.325037540435478,971,28.580404708836745,28.571522870660896,28.61983625337221,0.7112279654469014,0.8989837750447486
2002,29.707549997160438,32.67830499687648,31.157541294479024,1622,31.438749168235546,31.42682867800874,31.750130843584788,0.8621828915747661,0.8896395095944724
2002,32.67830499687648,35.94613549656413,34.27329542392693,2779,35.00255414562119,34.98817419291534,35.774795316715256,0.9954329982283635,0.874030448255288
2002,35.94613549656413,39.54074904622055,37.70062496631963,1553,37.8409144359797,37.82852151964419,37.56353508255102,0.9680462992255285,0.8472871797832824
2002,39.54074904622055,43.49482395084261,41.470687462951595,2722,41.55793873761342,41.539750121319,41.482501296791185,1.2297686051392758,0.832342129068268
2002,43.49482395084261,47.844306345926874,45.61775620924676,2088,45.62882568028488,45.614759497723576,45.612864028811956,1.133923380668745,0.8061473911118809
2002,47.844306345926874,52.62873698051956,50.179531830171435,1916,50.010589316357574,49.992088269606505,50.08471344340136,1.3619100888943754,0.7860538522239544
2002,52.62873698051956,57.891610678571524,55.19748501318858,5229,54.28952536853959,54.275567801762165,53.662192975072884,1.2462846454565162,0.7676155282252632
2002,57.891610678571524,63.68077174642869,60.71723351450745,2415,60.737662224699456,60.71710691389872,60.459404085248785,1.5796364761782116,0.7172950709240333
2002,63.68077174642869,70.04884892107155,66.7889568659582,3343,66.71166943447645,66.6860130704461,67.07774121884111,1.8522830710637372,0.6940546990780838
2002,70.04884892107155,77.05373381317871,73.46785255255402,3636,73.1050959285041,73.08093556704792,72.4439605163484,1.8877821179811989,0.6618838655041669
2002,77.05373381317871,84.7591071944966,80.81463780780943,3600,80.66436638579191,80.64781785168122,80.49328946260933,1.637398202501125,0.6268933926131224
2002,84.7591071944966,93.23501791394627,88.89610158859038,3327,88.68003655678656,88.65149671505593,89.43698829178813,2.2519065687544955,0.5922493600477318
2002,93.23501791394627,102.5585197053409,97.78571174744944,3236,97.22178668799792,97.18141242560621,96.5919473551312,2.8088089784193517,0.5602324999518833
2002,102.5585197053409,112.814371675875,107.56428292219438,7510,107.59964507415187,107.58502912130591,107.32438595014577,1.7816915305011425,0.5290913640125489
2002,112.814371675875,124.0958088434625,118.32071121441383,3065,118.74562272883131,118.70716794672914,118.59344647491108,3.019340965737685,0.4568200627441923
2002,124.0958088434625,136.50538972780876,130.15278233585522,4058,130.7737377706108,130.72140390770903,131.47237278892857,3.6879323404709647,0.4273245183517139
2002,136.50538972780876,150.15592870058964,143.16806056944074,2946,143.34165036517206,143.3007516305805,143.09918126686102,3.4222796558488096,0.38827299497661527
2002,150.15592870058964,165.17152157064865,157.48486662638484,3921,158.29843739363858,158.24260875439634,160.98657892521865,4.1758035056840335,0.3599226283272706
2002,165.17152157064865,181.68867372771354,173.23335328902337,2747,174.0247744651113,173.9662455467329,174.40212716898688,4.50467778932391,0.3221895028581327
2002,181.68867372771354,199.85754110048487,190.5566886179257,2674,190.14128175187042,190.08364606393494,187.8176754127551,4.690815783764735,0.2957541813422638
2002,199.85754110048487,219.8432952105334,209.61235747971827,3488,210.84257627007455,210.76850259963874,214.64877190029154,5.55317861853791,0.270021363820082
2002,219.8432952105334,241.82762473158675,230.57359322769014,2454,232.28830035576684,232.1807377380702,232.53616955864914,7.061623746143105,0.2364551456011702
2002,241.82762473158675,266.0103872047454,253.63095255045914,1636,253.52816403221433,253.4573372417133,253.5538618072194,5.999501049378172,0.21283946340242893
2002,266.0103872047454,292.61142592522,278.9940478055051,2559,274.91889140214613,274.8035982602539,268.84758680511516,8.017488222215182,0.19709567526993477
2002,292.61142592522,321.872568517742,306.8934525860556,1554,304.50013362018524,304.3976912644834,304.08576019207965,7.9193501550727285,0.17246954212136958
2002,321.872568517742,354.05982536951626,337.58279784466123,2117,332.30056913240986,332.1352566832125,330.559108726449,10.53059069757642,0.157514868063976
2002,354.05982536951626,389.46580790646794,371.34107762912737,1650,369.9499731186585,369.8100502533685,371.3423753875044,10.186995490479562,0.13714225224705046
2002,389.46580790646794,428.41238869711475,408.47518539204015,1252,405.9853448009836,405.8831236915721,402.4664473130466,9.145113243726561,0.12126373732124641
2002,428.41238869711475,471.25362756682625,449.3227039312442,1446,445.07271643147874,444.85911460950547,445.39620169310496,13.828303015738896,0.1092153126623939
2002,471.25362756682625,518.378990323509,494.2549743243687,1021,493.1725123056929,493.007397783221,491.67984313410534,12.795461151817596,0.09529995958196201
2002,518.378990323509,570.2168893558598,543.6804717568056,1279,541.4630046821732,541.323950786232,536.6219297507289,12.329636612773744,0.08547452701272205
2002,570.2168893558598,627.2385782914458,598.0485189324861,874,598.5799262507588,598.3563751516,595.650342023309,16.383566721471308,0.07316627210962912
2002,627.2385782914458,689.9624361205906,657.8533708257348,895,657.1287153494181,656.9286176574388,654.6787542958891,16.245094332225005,0.06475547087014262
2002,689.9624361205906,758.9586797326497,723.6387079083083,765,721.3189707701022,721.035074191477,716.9268981469738,20.288045984176893,0.05614257944069134
2002,758.9586797326497,834.8545477059147,796.0025786991392,722,800.4263852816922,800.2246750581984,804.9328946260932,17.923699119064572,0.048780722520545834
2002,834.8545477059147,918.3400024765064,875.6028365690534,600,877.7382998244583,877.4318402280282,876.4824852595237,23.22150569430865,0.04183266932270916
2002,918.3400024765064,1010.1740027241569,963.1631202259588,494,961.2520318058209,960.9413797949727,965.919473551312,24.503625084005428,0.03605866389514406
2002,1010.1740027241569,1111.1914029965726,1059.4794322485545,589,1063.4641363308135,1063.1765406995476,1073.2438595014578,24.647021273451404,0.03130473275978213
2002,1111.1914029965726,1222.3105432962302,1165.4273754734102,389,1167.3648037752207,1166.9501210067783,1168.494252032212,31.14556183950404,0.02563658409838905
2002,1222.3105432962302,1344.5415976258532,1281.9701130207513,435,1295.020086755458,1294.3598558687088,1293.2588506992565,41.311413374715514,0.02189310391285101
2002,1344.5415976258532,1478.9957573884387,1410.1671243228266,268,1415.5248535639148,1415.006270330127,1420.7065590150546,38.38642143390943,0.017706949977866312
2002,1478.9957573884387,1626.8953331272828,1551.1838367551095,312,1572.572801059218,1571.9774062661218,1591.9783915938287,43.08758227153844,0.015127894220220567
2002,1626.8953331272828,1789.5848664400112,1706.3022204306205,213,1716.0553751809364,1715.3842346734384,1717.1901752023323,47.98705360867275,0.012125411397886714
2002,1789.5848664400112,1968.5433530840123,1876.9324424736826,192,1879.4145713618625,1878.8316525657426,1878.176754127551,46.943286890230674,0.010075639471101103
2002,1968.5433530840123,2165.397688392414,2064.625686721051,178,2080.986286757896,2080.078377353042,2088.532550589837,61.50657882031664,0.00822795773428027
2002,2165.397688392414,2381.9374572316556,2271.0882553931565,102,2257.5553936463607,2256.8789973191547,2253.8121049530614,55.67537659620245,0.00651500279076929
2002,2381.9374572316556,2620.131202954821,2498.1970809324725,104,2470.858476116406,2470.0119104218584,2450.1262942535363,65.3294919665648,0.005533421868083223
2002,2620.131202954821,2882.1443232503034,2748.0167890257194,116,2719.413278814061,2718.679254752905,2683.1096487536443,63.902308429677426,0.004532594260638605
2002,2882.1443232503034,3170.358755575334,3022.8184679282917,89,3013.286461011681,3012.2245016443235,3005.0828066040817,80.5730668227109,0.0034162865446426853
2002,3170.358755575334,3487.3946311328677,3325.100314721121,73,3279.0577056831844,3278.1322856524735,3233.1471267481415,79.00636965424727,0.002559809072887195
2002,3487.3946311328677,3836.1340942461547,3657.6103461932335,53,3655.7942710985744,3653.978193868773,3685.5194135280058,115.92927334703612,0.0018573050792001077
2002,3836.1340942461547,4219.74750367077,4023.371380812557,23,3988.9557834137927,3987.449739941655,3971.0022801553932,112.41368860217071,0.0013472679330985239
2002,4219.74750367077,4641.722254037849,4425.708518893814,37,4371.377352271954,4370.094829220139,4321.41640028262,108.0413743035693,0.0011259310583751948
2002,4641.722254037849,5105.894479441633,4868.279370783195,24,4810.260345579639,4808.718509016141,4829.59736775656,125.18183246507657,0.0007698673903420136
2002,5105.894479441633,5616.483927385797,5355.107307861515,21,5350.308031399759,5349.437436263599,5366.2192975072885,99.07938353187713,0.0005389071732394095
2002,5616.483927385797,6178.132320124378,5890.618038647667,9,5873.028897827422,5870.907069217015,5902.841227258017,167.26151567016942,0.00033681698327463097
2002,6178.132320124378,6795.945552136815,6479.679842512434,5,6466.65200144945,6466.16607887462,6439.463157008746,89.10007061527872,0.00025020690186115444
2002,6795.945552136815,7475.540107350498,7127.6478267636785,5,7115.7856624712485,7112.58233191801,7154.959063343053,239.37087709658283,0.00020209018996477857
2002,7475.540107350498,8223.094118085548,7840.412609440047,4,8062.744494504701,8062.5330947821885,8049.328946260933,67.52344539922464,0.00015397347806840272
2002,8223.094118085548,9045.403529894105,8624.453870384054,3,8603.83827367002,8603.13308826281,8585.950876011662,135.04689079844928,0.00011548010855130203
2002,9045.403529894105,9949.943882883515,9486.89925742246,2,9471.377060100363,9464.952139696807,9471.377060100363,493.28370709819643,8.661008141347653e-05
2002,13243.375308117962,14567.71283892976,13889.769202792226,2,13415.548243768222,13415.548243768213,13415.548243768222,0.0,6.736339665492619e-05
2002,14567.71283892976,16024.484122822736,15278.74612307145,1,15562.035962771139,15562.035962771131,15562.035962771139,,4.811671189637585e-05
2002,16024.484122822736,17626.93253510501,16806.620735378594,3,16308.298193077819,16305.625960985273,16098.657892521866,363.1076518769188,3.849336951710068e-05
2002,19389.625788615514,21328.588367477067,20336.011089808104,1,20391.633330527697,20391.63333052771,20391.633330527697,,9.62334237927517e-06
2003,0.08561891658290029,0.09418080824119032,0.08979787728288795,1,0.08561891658290029,0.0856189165829003,0.08561891658290029,,0.9842632196525228
2003,0.1378901213459268,0.15167913348051948,0.1446203793428639,1,0.14983310402007552,0.14983310402007552,0.14983310402007552,,0.9842537567659639
2003,0.295579721126671,0.32513769323933817,0.31000662685731845,1,0.29966620804015104,0.29966620804015104,0.29966620804015104,,0.9842442938794049
2003,0.3934166088195992,0.43275826970155923,0.41261882034709096,1,0.3995549440535347,0.3995549440535347,0.3995549440535347,,0.984234830992846
2003,0.43275826970155923,0.47603409667171515,0.4538807023818001,1,0.4494993120602266,0.4494993120602266,0.4494993120602266,,0.9842253681062871
2003,0.5760012569727754,0.633601382670053,0.604115214870176,3,0.5993324160803021,0.5993324160803021,0.5993324160803021,0.0,0.9842159052197282
2003,0.7666576730307643,0.8433234403338407,0.8040773509922046,3,0.8257468843773051,0.8255297029417303,0.8390653825124229,0.023068315450535434,0.9841875165600514
2003,0.927655784367225,1.0204213628039474,0.9729335947005676,3,0.9988873601338369,0.9988873601338369,0.9988873601338369,0.0,0.9841591279003747
2003,1.1224634990843423,1.2347098489927766,1.177249649587687,5,1.1537149009545815,1.153135996892694,1.1237482801505665,0.04103348546640662,0.9841307392406979
2003,1.2347098489927766,1.3581808338920542,1.2949746145464558,6,1.294986113316367,1.2947697278389536,1.2842837487435044,0.026215332244752896,0.9840834248079035
2003,1.4939989172812598,1.643398809009386,1.5669192836012118,13,1.5088088796427188,1.5083932804580535,1.4983310402007552,0.0377783873640777,0.98402664748855
2003,1.643398809009386,1.8077386899103247,1.7236112119613332,24,1.7881867473824489,1.7878521944615622,1.7979972482409063,0.03455975020470655,0.983903629963284
2003,1.9885125589013573,2.1873638147914933,2.0855695664732132,5,2.0662698535339943,2.0654509105905063,2.097663456281057,0.06492375801027724,0.98367652068587
2003,2.1873638147914933,2.406100196270643,2.294126523120535,37,2.249386347198683,2.2492370783907387,2.247496560301133,0.026724031746891207,0.9836292062530755
2003,2.406100196270643,2.6467102158977074,2.523539175432589,12,2.588069584042003,2.5879045554254474,2.5685674974870087,0.030637594656722156,0.9832790794503955
2003,2.911381237487478,3.202519361236227,3.0534824022734326,62,2.9998842976922644,2.9997830615837775,2.9966620804015105,0.025371764319176423,0.9831655248116885
2003,3.202519361236227,3.5227712973598493,3.3588306425007763,16,3.359056036354828,3.358571487740499,3.3712448404516993,0.05916910646256598,0.9825788258450358
2003,3.5227712973598493,3.8750484270958347,3.694713706750854,41,3.667099962570782,3.6657565423407257,3.5959944964818127,0.10130511675442358,0.9824274196600931
2003,3.8750484270958347,4.2625532698054185,4.06418507742594,13,4.033672656351107,4.0323188168297355,3.9955494405353478,0.10948175593629886,0.9820394413111776
2003,4.2625532698054185,4.688808596785961,4.470603585168535,84,4.481902671890226,4.481412612107478,4.494993120602266,0.06637290780907416,0.9819164237859117
2003,4.688808596785961,5.157689456464557,4.917663943685389,42,4.96249958575334,4.961211653238293,4.994436800669185,0.11401966754477812,0.9811215413149628
2003,5.157689456464557,5.673458402111014,5.4094303380539275,43,5.409827322352869,5.4086777907755845,5.393991744722719,0.11294188609072409,0.9807241000794883
2003,5.673458402111014,6.240804242322115,5.950373371859321,95,6.001643215183283,6.0013068187125125,5.993324160803021,0.06413862368726773,0.9803171959574548
2003,6.240804242322115,6.864884666554327,6.545410709045253,55,6.640196696525366,6.638526920637092,6.725841558234501,0.1497409473473778,0.9794182217343579
2003,6.864884666554327,7.5513731332097604,7.199951779949779,103,7.33878110148371,7.3366148803918945,7.491655201003776,0.17819610028942318,0.9788977629736175
2003,7.5513731332097604,8.306510446530737,7.919946957944758,62,7.9952905533471945,7.993403195811198,7.9910988810706955,0.17480809341545164,0.9779230856580491
2003,8.306510446530737,9.137161491183813,8.711941653739235,139,8.834242532556825,8.831121993796199,8.989986241204532,0.233512339020467,0.9773363866913963
2003,9.137161491183813,10.050877640302193,9.583135819113158,157,9.799362081437298,9.796967116324563,9.888984865324984,0.21627121287859244,0.976021045459707
2003,10.050877640302193,11.055965404332415,10.541449401024476,134,10.576211237042573,10.57270877784041,10.488317281405287,0.27327894943183884,0.9745353722699572
2003,11.055965404332415,12.161561944765657,11.595594341126924,328,11.835677162166942,11.832535136241408,11.986648321606042,0.2700601886653723,0.9732673454710625
2003,12.161561944765657,13.377718139242223,12.755153775239616,141,12.814227772198837,12.810920010947612,12.842837487435043,0.2916910592926074,0.970163518679738
2003,13.377718139242223,14.715489953166447,14.03066915276358,255,14.055543720169652,14.050017342672307,14.127121236178551,0.3939165022987949,0.968829251674931
2003,14.715489953166447,16.187038948483092,15.433736068039938,443,15.35497217723384,15.348527378654383,14.983310402007552,0.4477360410238631,0.9664162156024073
2003,16.187038948483092,17.805742843331405,16.977109674843934,250,16.971729555900147,16.96695868100381,17.080973858288612,0.4027595763944757,0.9622241568568076
2003,17.805742843331405,19.586317127664543,18.674820642328328,518,18.43771664270826,18.429025409309947,17.979972482409064,0.5706719027052309,0.9598584352170786
2003,19.586317127664543,21.544948840431,20.542302706561163,588,20.4794290656689,20.472288495509755,20.377302146730273,0.5430248834377954,0.9549566599795601
2003,21.544948840431,23.699443724474104,22.596532977217283,548,22.470575358328468,22.46353403755036,22.474965603011327,0.5634274786445127,0.9493924826829176
2003,23.699443724474104,26.069388096921514,24.85618627493901,1059,24.55919287647442,24.54839412296387,23.973296643212084,0.7337169039170154,0.9442068208486316
2003,26.069388096921514,28.676326906613667,27.341804902432916,665,27.373038818513727,27.36375160687377,27.269624931653745,0.714109596668381,0.9341856239827397
2003,28.676326906613667,31.54395959727504,30.07598539267621,1700,29.76382891921524,29.75426028976936,29.966620804015104,0.7565085621051422,0.9278928044210606
2003,31.54395959727504,34.69835555700255,33.083583931943835,978,33.144317665816246,33.13198263930717,32.963282884416614,0.9051882586881069,0.9118058972709036
2003,34.69835555700255,38.16819111270281,36.391942325138224,2103,36.23692118303021,36.22932242905681,35.95994496481813,0.7459737010303387,0.9025511942162837
2003,38.16819111270281,41.985010223973084,40.03113655765205,1833,40.26405378838704,40.246645350339435,39.95549440535348,1.1833914578305176,0.8826507437828836
2003,41.985010223973084,46.1835112463704,44.03425021341725,1740,44.390166737064774,44.37932937992711,44.949931206022654,0.9776564275225476,0.8653052727203906
2003,46.1835112463704,50.801862371007445,48.437675234758984,2913,48.3085336147445,48.29842528271636,47.94659328642417,0.992296089812971,0.8488398501078769
2003,50.801862371007445,55.88204860810819,53.28144275823488,2038,53.03681834283006,53.018245003605394,52.941030087093345,1.4040812280884505,0.8212744615617548
2003,55.88204860810819,61.47025346891902,58.60958703405838,3176,59.01453052376414,58.99632201540272,59.93324160803021,1.4576241128418181,0.8019890987546842
2003,61.47025346891902,67.61727881581092,64.47054573746422,2043,64.71239056023175,64.68827121307037,64.72790093667263,1.7667361669636121,0.7719349710435671
2003,67.61727881581092,74.37900669739203,70.91760031121065,4311,71.46165526073788,71.44695602707655,71.91988992963626,1.440758331708757,0.7526022938037019
2003,74.37900669739203,81.81690736713124,78.00936034233172,3230,77.9314099654831,77.89932809963327,77.91321409043927,2.235219974602178,0.7118077898482152
2003,81.81690736713124,89.99859810384437,85.8102963765649,3847,87.10909036736574,87.06652016038029,87.90208769177764,2.7114246131352804,0.6812426662629169
2003,89.99859810384437,98.99845791422881,94.3913260142214,3220,95.37267983489569,95.34877565344324,95.89318657284834,2.1271122316072537,0.6448389416707673
2003,98.99845791422881,108.8983037056517,103.83045861564355,3705,104.04427592268621,104.0011044657003,104.5835066060127,2.995639390982707,0.614368446951058
2003,108.8983037056517,119.78813407621688,114.2135044772079,2543,113.99489355185356,113.95715231330098,113.87315905525739,2.9349335815182607,0.5793084522502744
2003,119.78813407621688,131.76694748383858,125.6348549249287,4056,123.45171640745721,123.3950064992119,122.43505071354743,3.760588394774928,0.5552443317309512
2003,131.76694748383858,144.94364223222246,138.1983404174216,7211,141.16908202227432,141.11056239599716,143.8397798592725,4.018141977033756,0.5168628638479882
2003,144.94364223222246,159.43800645544468,152.01817445916376,3560,151.6490609316925,151.6023630797942,149.83310402007552,3.774730426370607,0.4486259888716454
2003,159.43800645544468,175.3818071009892,167.21999190508015,3347,166.24204670943575,166.1758363207371,165.81530178221692,4.7005724162374305,0.4149381127219047
2003,175.3818071009892,192.91998781108813,183.94199109558818,3764,183.28456694294934,183.21606518161116,179.79972482409062,5.032811595209542,0.38326583140921305
2003,192.91998781108813,212.21198659219692,202.336190205147,3357,202.53372050005675,202.4593278515004,202.27469042710197,5.490367685376752,0.3476475264014535
2003,212.21198659219692,233.43318525141666,222.56980922566171,2990,221.7990598539758,221.72943768604713,221.75299394971177,5.5679122151889,0.3158806162231727
2003,233.43318525141666,256.77650377655834,244.82679014822793,3227,243.75434480058638,243.66810415879976,239.73296643212083,6.506987082570897,0.2875865854120141
2003,256.77650377655834,282.4541541542142,269.3094691630507,2461,269.4259064267354,269.3275945617768,269.6995872361359,7.2831886627467695,0.2570498504863924
2003,282.4541541542142,310.6995695696356,296.24041607935584,3276,295.72596962643536,295.6401569428596,299.66620804015105,7.122172985799174,0.23376168666490027
2003,310.6995695696356,341.76952652659924,325.86445768729146,2079,325.88813102349985,325.76553212385005,326.63616676376466,8.941191571892677,0.20276127029789168
2003,341.76952652659924,375.9464791792592,358.4509034560206,2168,359.7122269667213,359.60123862049926,359.59944964818123,8.935821564433493,0.18308792914190544
2003,375.9464791792592,413.54112709718515,394.2959938016227,1801,394.59988923416904,394.47371340467276,395.55939461299937,9.973873905323494,0.1625723910821757
2003,413.54112709718515,454.89523980690365,433.725593181785,1898,434.4631931423857,434.2829796690659,434.516001658219,12.51014062112656,0.14552973238956812
2003,454.89523980690365,500.38476378759407,477.09815249996353,1562,478.492654516107,478.3159823194549,479.46593286424167,12.996591529510656,0.12756917370074566
2003,500.38476378759407,550.4232401663536,524.80796774996,1355,525.2976031539132,525.1130808190221,524.4158640702643,13.917712128165826,0.11278814489571899
2003,550.4232401663536,605.4655641829889,577.288764524956,1506,585.142949188155,584.9012408771231,593.9384243355794,16.720166601348065,0.0999659336083879
2003,605.4655641829889,666.012120601288,635.0176409774516,962,637.9710034376672,637.7366680238146,639.2879104856556,17.27599498362329,0.0857148264506605
2003,666.012120601288,732.6133326614168,698.5194050751969,1026,700.5444010725623,700.294889695705,699.2211520936858,18.677348135152574,0.07661152958098338
2003,732.6133326614168,805.8746659275585,768.3713455827167,952,767.4797253798588,767.1890896956564,764.1488305023852,21.16920749629549,0.06690260797153563
2003,805.8746659275585,886.4621325203144,845.2084801409883,691,842.4840161634942,842.1813001039175,839.0653825124228,22.62686178149239,0.05789393996744767
2003,886.4621325203144,975.108345772346,929.7293281550873,913,921.3400911082581,920.9538656441364,907.7888328896308,26.851302898174588,0.05135508535523676
2003,975.108345772346,1072.6191803495806,1022.7022609705961,590,1023.3104656716323,1022.9708210938061,1018.8651073365136,26.36853355101586,0.04271546992694652
2003,1072.6191803495806,1179.8810983845387,1124.9724870676557,521,1118.4461602970446,1118.0311529255296,1118.7538433498974,30.5381088703344,0.037132366857186114
2003,1179.8810983845387,1297.8692082229927,1237.4697357744215,609,1222.0191404339437,1221.5880975839905,1198.6648321606042,32.74629245636073,0.03220220295999091
2003,1297.8692082229927,1427.6561290452923,1361.2167093518638,360,1358.7248779361832,1358.2083362936887,1348.4979361806795,37.53815731866219,0.026439305045611112
2003,1427.6561290452923,1570.4217419498214,1497.3383802870503,410,1497.9823797858558,1497.5071519844514,1498.3310402007553,37.78380394992797,0.02303266588440138
2003,1570.4217419498214,1727.4639161448038,1647.0722183157552,302,1640.1571926098961,1639.6425483162836,1638.1752706194925,41.23655028295366,0.019152882395245846
2003,1727.4639161448038,1900.2103077592844,1811.779440147331,354,1808.045688260811,1807.6036855205928,1797.9972482409064,40.15591447852012,0.016295090654453233
2003,1900.2103077592844,2090.231338535213,1992.9573841620643,211,1981.4553151753792,1980.8547913922396,1977.7969730649968,48.979858472799194,0.012945228812596994
2003,2090.231338535213,2299.2544723887345,2192.253122578271,238,2177.0058557425455,2176.0318570342297,2174.9773379554163,65.36469587647997,0.010948559748665734
2003,2299.2544723887345,2529.179919627608,2411.478434836098,181,2414.7459789361137,2414.1273347703964,2397.3296643212084,54.889425890170955,0.008696392747643741
2003,2529.179919627608,2782.097911590369,2652.626278319708,130,2653.8777468988433,2652.9958587742285,2674.5209067583482,68.60471818056118,0.006983610280479957
2003,2782.097911590369,3060.3077027494064,2917.8889061516793,162,2947.3984356328356,2946.399089899488,2996.6620804015106,76.4692202042663,0.0057534350278208865
2003,3060.3077027494064,3366.338473024347,3209.677796766847,100,3220.4782761935785,3219.3418466306484,3236.3950468336316,85.82741464458638,0.0042204474052765055
2003,3366.338473024347,3702.9723203267827,3530.6455764435327,80,3552.9187276852404,3551.9878657659447,3595.994496481813,81.55237046993346,0.0032741587493849123
2003,3702.9723203267827,4073.2695523594607,3883.710134087886,40,3837.935003979829,3836.935895620249,3856.704097476744,88.71160579547895,0.002517127824671638
2003,4073.2695523594607,4480.596507595407,4272.081147496675,45,4234.880949380823,4233.6511902742695,4195.326912562115,103.95038536514235,0.0021386123623150007
2003,4480.596507595407,4928.656158354948,4699.289262246343,51,4697.771171914768,4695.61683532323,4794.659328642417,143.17389795067103,0.0017127824671637837
2003,4928.656158354948,5421.5217741904435,5169.218188470977,25,5200.183623560111,5197.655790338143,5214.192019898628,165.25082277218573,0.0012301752526590712
2003,5421.5217741904435,5963.6739516094885,5686.140007318076,18,5645.378397023068,5643.675370708496,5693.65795276287,142.91462923885808,0.0009936030886861728
2003,5963.6739516094885,6560.0413467704375,6254.754008049884,38,6085.705469709715,6083.7974040961,5993.324160803021,156.47112222506323,0.000823271130625686
2003,6560.0413467704375,7216.045481447482,6880.229408854873,17,6863.5959596076245,6859.581685395465,6852.167513046094,242.4460261272445,0.0004636814413868807
2003,7216.045481447482,7937.6500295922315,7568.252349740361,12,7577.393032748597,7574.624678395606,7571.566189814483,213.57843238849634,0.00030281236988530984
2003,7937.6500295922315,8731.415032551455,8325.077584714398,5,8370.276522977498,8368.326824829976,8420.620445928245,201.71787674273156,0.00018925773117831862
2003,8731.415032551455,9604.556535806601,9157.585343185838,5,9245.0021842467,9242.609611400212,9216.234228274845,235.91078294482875,0.00014194329838373897
2003,9604.556535806601,10565.012189387262,10073.343877504423,1,9988.87360133837,9988.873601338373,9988.87360133837,,9.462886558915931e-05
2003,10565.012189387262,11621.513408325989,11080.678265254866,1,11307.404916715033,11307.404916715044,11307.404916715033,,8.516597903024338e-05
2003,11621.513408325989,12783.66474915859,12188.746091780355,3,11931.709516798683,11930.321496010069,11986.648321606042,222.40670657493015,7.570309247132746e-05
2003,14062.03122407445,15468.234346481897,14748.38277105423,1,14983.310402007552,14983.31040200755,14983.310402007552,,4.7314432794579656e-05
2003,15468.234346481897,17015.057781130086,16223.221048159654,1,16181.975234168156,16181.975234168149,16181.975234168156,,3.785154623566373e-05
2003,18716.5635592431,20588.219915167407,19630.097468273187,1,19478.303522609818,19478.303522609818,19478.303522609818,,2.8388659676747794e-05
2003,20588.219915167407,22647.04190668415,21593.107215100503,1,21486.06711647883,21486.06711647883,21486.06711647883,,1.8925773117831865e-05
2003,22647.04190668415,24911.746097352567,23752.417936610556,1,22774.63181105148,22774.631811051466,22774.63181105148,,9.462886558915933e-06
2004,0.5908999682989451,0.6499899651288397,0.6197411151353956,21,0.5908999682989451,0.5908999682989451,0.5908999682989451,0.0,0.9878841152323042
2004,1.151496872613613,1.2666465598749743,1.207700108637415,30,1.1817999365978902,1.1817999365978902,1.1817999365978902,0.0,0.9876938133773142
2004,1.685906571193591,1.8544972283129504,1.7681937290560399,25,1.7726999048968353,1.7726999048968355,1.7726999048968355,2.2662332591841974e-16,0.9874219535844714
2004,2.2439416462586705,2.4683358108845375,2.35346585337359,12,2.363599873195781,2.363599873195781,2.3635998731957804,4.638360521155014e-16,0.9871954037571024
2004,2.7151693919729913,2.9866863311702914,2.8476936825820443,39,2.954499841494725,2.9544998414947266,2.9544998414947257,4.498945439563665e-16,0.9870866598399652
2004,3.2853549642873205,3.613890460716053,3.445709355924274,22,3.54539980979367,3.5453998097936696,3.545399809793671,9.09079595102396e-16,0.9867332421092695
2004,3.975279506787658,4.372807457466425,4.169308320668372,66,4.136299778092616,4.136299778092615,4.136299778092616,0.0,0.9865338782611848
2004,4.372807457466425,4.810088203213067,4.58623915273521,42,4.727199746391561,4.72719974639156,4.727199746391561,0.0,0.9859357867169305
2004,5.291097023534374,5.820206725887812,5.549349374809604,36,5.318099714690506,5.318099714690507,5.318099714690506,0.0,0.9855551830069506
2004,5.820206725887812,6.402227398476594,6.104284312290566,86,5.908999682989454,5.908999682989446,5.908999682989451,2.68016316588696e-15,0.9852289512555391
2004,6.402227398476594,7.042450138324254,6.714712743519622,38,6.499899651288395,6.499899651288394,6.499899651288396,9.00100811146721e-16,0.9844496198493897
2004,7.042450138324254,7.74669515215668,7.386184017871585,140,7.352483891262589,7.346658620006466,7.090799619587342,0.29456808731927836,0.9841052641117888
2004,7.74669515215668,8.52136466737235,8.124802419658746,32,8.272599556185233,8.272599556185234,8.272599556185233,0.0,0.9828365850785221
2004,8.52136466737235,9.373501134109583,8.93728266162462,94,8.863499524484176,8.863499524484169,8.863499524484176,0.0,0.9825466012994898
2004,9.373501134109583,10.310851247520542,9.831010927787082,176,9.612196643408408,9.608707490685381,9.454399492783121,0.26216963688178035,0.9816947739485823
2004,10.310851247520542,11.341936372272599,10.81411202056579,121,10.909673794874736,10.905705251019178,10.636199429381012,0.295856660163233,0.9800998631639043
2004,11.341936372272599,12.476130009499858,11.895523222622371,270,12.004023430073017,12.000923507348258,11.817999365978903,0.27494844742586655,0.9790033619994382
2004,12.476130009499858,13.723743010449846,13.08507554488461,155,13.285718642076283,13.282439659188217,12.999799302576792,0.2962534266523769,0.9765566238638527
2004,13.723743010449846,15.096117311494833,14.393583099373073,256,14.629390621401226,14.627169350720354,14.772499207473627,0.25364166974456404,0.9751520149341646
2004,15.096117311494833,16.605729042644317,15.832941409310381,315,15.841746769157433,15.833533613135732,15.954299144071516,0.5128971535659792,0.9728321447019057
2004,16.605729042644317,18.26630194690875,17.41623555024142,282,17.60756182133346,17.605941073662024,17.726999048968352,0.23771957188757512,0.969977616877056
2004,18.26630194690875,20.092932141599626,19.157859105265565,480,19.180859179303884,19.172668687249992,19.499698953865188,0.5606730935361501,0.9674221348243333
2004,20.092932141599626,22.102225355759593,21.07364501579212,443,21.35909975704516,21.35302887468653,21.272398858762024,0.5086087026181335,0.9630723781388478
2004,22.102225355759593,24.31244789133555,23.181009517371336,663,23.52459225226344,23.5184183922992,23.635998731957805,0.5363590707081279,0.9590579151978686
2004,24.31244789133555,26.743692680469113,25.499110469108473,704,25.731847057018125,25.723509719145287,25.40869863685464,0.6560075540335623,0.9530498137760419
2004,26.743692680469113,29.418061948516023,28.049021516019323,494,27.9888023445891,27.981452730169668,27.772298510050415,0.6424012503380735,0.9466701706373299
2004,29.418061948516023,32.35986814336763,30.853923667621256,1397,30.272097230627917,30.262056301265925,30.1358983832462,0.7837292785057433,0.9421935460485179
2004,32.35986814336763,35.5958549577044,33.93931603438338,1346,34.2414678509518,34.22317414488501,34.272198161338814,1.1160900071484134,0.9295339416951365
2004,35.5958549577044,39.15544045347484,37.33324763782173,1887,38.031161181720655,38.01895699467499,38.408497939431435,0.9560864821946838,0.9173364989895878
2004,39.15544045347484,43.07098449882233,41.066572401603906,1301,41.20630255489761,41.19511179022984,41.36299778092616,0.958910912702904,0.9002365180197732
2004,43.07098449882233,47.37808294870456,45.173229641764294,2149,45.369239073674244,45.34797802486915,44.90839759071983,1.3909869867109592,0.8884468650034889
2004,47.37808294870456,52.115891243575014,49.69055260594073,2658,50.291856444116085,50.27886171633227,50.81739727370928,1.1368835622039561,0.868972641842847
2004,52.115891243575014,57.32748036793253,54.659607866534806,2069,54.85745089940134,54.83643096760882,54.95369705180189,1.5200118215328993,0.8448858641969715
2004,57.32748036793253,63.060228404725784,60.125568653188296,2996,60.016976085904204,60.00188404774237,59.08999682989451,1.3524179051013039,0.8261366004839105
2004,63.060228404725784,69.36625124519837,66.13812551850712,2395,66.33253067933732,66.30726638971714,66.18079644948186,1.8280732901124437,0.7989868691720057
2004,69.36625124519837,76.30287636971822,72.75193807035785,2714,72.73382048996146,72.7111953834395,72.68069610077025,1.8149959412848289,0.7772833957100524
2004,76.30287636971822,83.93316400669003,80.02713187739364,4994,79.04251400135682,79.0062009907568,78.5896957837597,2.4115508088230375,0.7526891464508704
2004,83.93316400669003,92.32648040735904,88.029845065133,3413,88.66061880045508,88.63442826323755,88.63499524484176,2.1514930451842846,0.7074335529356327
2004,92.32648040735904,101.55912844809497,96.83282957164631,3116,96.8421710240491,96.81343407697507,97.49849476932593,2.3601069512045605,0.6765049705032125
2004,101.55912844809497,111.71504129290446,106.51611252881095,4031,105.57715717392111,105.53544235706063,105.18019435721223,2.97811161978508,0.6482678000199363
2004,111.71504129290446,122.88654542219493,117.16772378169205,4361,117.34520010218989,117.31153335576964,118.17999365978902,2.8033853444144086,0.6117389058549537
2004,122.88654542219493,135.17519996441442,128.88449615986127,3203,128.9075123162409,128.86240852862974,129.40709305746898,3.408287420865347,0.5722195539686998
2004,135.17519996441442,148.6927199608559,141.77294577584743,3888,142.48911378053177,142.42308974819878,141.81599239174682,4.332784433664394,0.5431939900861795
2004,148.6927199608559,163.56199195694148,155.95024035343218,7493,154.9674399845997,154.93422852950906,153.63399175772574,3.2288766513132745,0.5079609609337478
2004,163.56199195694148,179.91819115263564,171.5452643887754,4191,172.60807031507017,172.5373371187638,173.1336907115909,4.925618430984454,0.44005944667470165
2004,179.91819115263564,197.91001026789922,188.69979082765295,3552,189.49074008743378,189.41243783526045,189.08798985566244,5.436788263879121,0.4020806336145572
2004,197.91001026789922,217.70101129468918,207.56976991041827,3449,207.59348976167644,207.52216735961866,206.81498890463078,5.440977776211342,0.3698924341419652
2004,217.70101129468918,239.47111242415812,228.32674690146013,4071,229.80681813049412,229.7171961647941,230.4509876365886,6.401591833778745,0.3386376199581336
2004,239.47111242415812,263.41822366657397,251.15942159160616,2777,251.25887996643573,251.17481162994093,251.13248652705164,6.496366599529712,0.3017462460693605
2004,263.41822366657397,289.76004603323133,276.27536375076676,2848,275.2404998053157,275.1304404487471,274.7684852590095,7.799993073353321,0.27658109124520847
2004,289.76004603323133,318.7360506365545,303.9029001258435,3633,302.52289249559084,302.42921265342034,301.358983832462,7.54730787172254,0.2507725349113284
2004,318.7360506365545,350.60965570021006,334.29319013842786,2210,333.1403113582022,333.0194583628409,332.6766821523061,8.985656918248367,0.21785031399806074
2004,350.60965570021006,385.67062127023104,367.72250915227073,2705,365.84266314563536,365.6806315805111,365.1761804087481,10.926106506086311,0.19782330925863834
2004,385.67062127023104,424.23768339725416,404.4947600674978,2075,404.1060941756279,403.96849271563156,403.5846783481795,10.546895979216679,0.17331061793730912
2004,424.23768339725416,466.6614517369796,444.94423607424756,1885,444.43169663424095,444.2961728721563,443.17497622420876,10.980297087688276,0.15450698226567952
2004,466.6614517369796,513.3275969106776,489.43865968167233,1834,487.07040244070186,486.8786418218029,487.49247384662976,13.702474641041182,0.13742512528205453
2004,513.3275969106776,564.6603566017454,538.3825256498396,1479,537.8687936592153,537.6594941352978,531.8099714690507,15.031314756463573,0.12080542994626238
2004,564.6603566017454,621.12639226192,592.2207782148237,1689,592.3392592815277,592.1870856034259,590.8999682989452,13.45461567041857,0.10740274215911047
2004,621.12639226192,683.2390314881121,651.4428560363061,1085,652.6443858159263,652.4179973320503,649.9899651288397,17.196192570834476,0.0920970358220587
2004,683.2390314881121,751.5629346369234,716.5871416399368,1237,716.9245531304442,716.6642350101228,709.0799619587341,19.330998466273797,0.08226477331424273
2004,751.5629346369234,826.7192281006157,788.2458558039306,835,784.7413414924088,784.5174660446698,787.078757774195,18.791545834356608,0.07105508785602305
2004,826.7192281006157,909.3911509106774,867.0704413843237,1057,866.8871498028852,866.50897821175,875.7137530190366,25.52030056305558,0.0634883236218974
2004,909.3911509106774,1000.3302660017453,953.7774855227561,726,953.001189919493,952.6819730593768,945.4399492783122,24.689056350664156,0.05390979692073475
2004,1000.3302660017453,1100.3632926019197,1049.1552340750318,739,1047.8463520387327,1047.4735337503937,1043.529344015937,27.991136127370883,0.04733078993393807
2004,1100.3632926019197,1210.399621862112,1154.070757482535,745,1163.1687416242764,1162.8002385003033,1181.7999365978903,29.11645494811629,0.0406339770369095
2004,1210.399621862112,1331.4395840483232,1269.4778332307887,528,1270.324138098676,1269.7981515266515,1270.434931842732,36.64865796566945,0.033882792181312356
2004,1331.4395840483232,1464.5835424531556,1396.4256165538675,359,1391.9973751817809,1391.549462854158,1388.6149255025211,35.42666668083387,0.02909805982727841
2004,1464.5835424531556,1611.0418966984712,1536.0681782092545,539,1520.6202243575196,1519.9363482531307,1506.7949191623102,45.84711513866684,0.025844804306259118
2004,1611.0418966984712,1772.1460863683185,1689.67499603018,306,1680.3804745555412,1679.823619579339,1674.0196101909114,43.43052571247615,0.0209603900281828
2004,1772.1460863683185,1949.3606950051508,1858.6424956331982,418,1820.7494023190388,1819.8408030886242,1787.4724041043091,58.04980097026916,0.018187420141185854
2004,1949.3606950051508,2144.296764505666,2044.5067451965185,294,2039.5153589498618,2038.7985205411703,2062.2408893633183,54.09973457555092,0.014399507027575646
2004,2144.296764505666,2358.7264409562326,2248.9574197161705,168,2242.3106201789897,2241.574381317074,2245.419879535991,57.62977781047939,0.011735281057715834
2004,2358.7264409562326,2594.599085051856,2473.853161687787,246,2421.6041513847354,2420.567748586162,2377.7814724349555,71.5998479201082,0.010212866217795942
2004,2594.599085051856,2854.058993557042,2721.238477856566,160,2707.62922098903,2706.679631070832,2688.5948557602005,72.15998844738365,0.007983615916484672
2004,2854.058993557042,3139.464892912746,2993.362325642223,173,2985.663837510677,2984.886960618239,2954.4998414947254,68.60468731317606,0.0065336970213228695
2004,3139.464892912746,3453.4113822040213,3292.698558206446,91,3270.2157465349787,3269.0454420304745,3249.949825644198,88.25862426907908,0.004965972215929171
2004,3453.4113822040213,3798.752520424424,3621.968414027091,105,3586.9428913744587,3586.216022456539,3545.39980979367,72.99068820101316,0.004141330844305896
2004,3798.752520424424,4178.627772466866,3984.1652554298,82,4002.6699120909607,4000.6771732003567,3997.4382855423637,126.89243367525327,0.003189821569355964
2004,4178.627772466866,4596.490549713553,4382.5817809727805,54,4408.814089398485,4407.320032653954,4431.749762242089,115.39549580396525,0.0024467381355855406
2004,4596.490549713553,5056.1396046849095,4820.839959070059,57,4824.791541155882,4823.023467980993,4771.517244013981,132.15033157643688,0.0019573905084684325
2004,5056.1396046849095,5561.753565153401,5302.9239549770655,29,5332.13868290285,5330.592759187139,5318.099714690506,130.3368062794262,0.0014408569020670405
2004,5561.753565153401,6117.928921668741,5833.216350474772,43,5885.597295872867,5884.48485032292,5908.999682989451,115.27837693656843,0.001178059102318964
2004,6117.928921668741,6729.721813835617,6416.537985522251,15,6351.780725901461,6348.461358212549,6302.539061876549,213.79029010984823,0.0007883933992442298
2004,6729.721813835617,7402.693995219178,7058.191784074475,23,7095.603893242641,7092.732676888631,7090.79961958734,206.58673752556618,0.0006524635028228109
2004,7402.693995219178,8142.963394741097,7764.010962481924,13,7702.653809839041,7700.292899700042,7681.699587886286,199.73068898928102,0.0004440376616433018
2004,8142.963394741097,8957.259734215208,8540.412058730117,9,8642.43728078834,8638.46319366768,8774.864529239336,275.88581712839533,0.00032623175141140544
2004,8957.259734215208,9852.98570763673,9394.453264603131,7,9461.574706683896,9459.483213325264,9454.399492783123,215.10339623203186,0.00024467381355855407
2004,9852.98570763673,10838.284278400402,10333.898591063444,3,10439.232773281363,10435.468317389079,10636.199429381011,341.15625576153735,0.00018123986189522522
2004,10838.284278400402,11922.112706240443,11367.288450169788,4,11670.274373904165,11667.420857702395,11817.999365978902,295.4499841494726,0.00015405388261094144
2004,11922.112706240443,13114.32397686449,12504.017295186768,2,12972.61790403504,12972.58942754544,12972.61790403504,38.44030246201403,0.00011780591023189641
2004,13114.32397686449,14425.756374550938,13754.419024705447,2,14181.59923917468,14181.599239174675,14181.59923917468,0.0,9.968192404237388e-05
2004,14425.756374550938,15868.332012006034,15129.86092717599,3,15198.932017929365,15195.809565516805,15342.717676882108,375.7716526072796,8.155793785285136e-05
2004,15868.332012006034,17455.165213206637,16642.84701989359,1,16769.741100324063,16769.741100324067,16769.741100324063,,5.437195856856757e-05
2004,17455.165213206637,19200.681734527305,18307.131721882954,1,17726.999048968355,17726.99904896836,17726.999048968355,,4.5309965473806306e-05
2004,21120.749907980036,23232.824898778043,22151.62938347838,1,21272.398858762022,21272.398858762037,21272.398858762022,,3.624797237904505e-05
2004,25556.10738865585,28111.718127521435,26803.471554008844,1,27181.398541751474,27181.39854175147,27181.398541751474,,2.7185979284283786e-05
2004,28111.718127521435,30922.88994027358,29483.818709409727,1,29692.723407021993,29692.72340702198,29692.723407021993,,1.8123986189522524e-05
2004,34015.178934300944,37416.69682773104,35675.420638385775,1,36192.62305831039,36192.62305831036,36192.62305831039,,9.061993094761262e-06
2005,0.7108660517764732,0.7819526569541206,0.7455626049669463,10,0.7108660517764732,0.7108660517764732,0.7108660517764732,0.0,0.9890640273704789
2005,1.3852768309062995,1.5238045139969296,1.4528905974196338,17,1.4217321035529464,1.4217321035529464,1.4217321035529464,0.0,0.9889767490573942
2005,2.028183808129914,2.2310021889429055,2.127177123682087,18,2.1325981553294198,2.1325981553294193,2.1325981553294198,0.0,0.9888283759251502
2005,2.699512648620916,2.9694639134830076,2.8312727516208582,7,2.843464207105893,2.843464207105893,2.843464207105893,0.0,0.9886712749615976
2005,3.2664103048313087,3.59305133531444,3.425840029461239,17,3.554330258882366,3.554330258882366,3.554330258882366,0.0,0.9886101801424382
2005,3.9523564688458843,4.347592115730473,4.145266435648099,30,4.265196310658839,4.2651963106588395,4.2651963106588395,9.033620566533923e-16,0.9884618070101941
2005,4.7823513273035205,5.260586460033873,5.015772387134201,37,4.976062362435311,4.9760623624353135,4.976062362435313,1.8008594705238024e-15,0.9881999720709398
2005,5.260586460033873,5.786645106037261,5.517349625847622,25,5.686928414211787,5.686928414211785,5.686928414211786,9.06493303673679e-16,0.9878770423125262
2005,6.365309616640988,7.001840578305087,6.6759930472756235,25,6.397794465988259,6.397794465988261,6.397794465988259,0.0,0.9876588465298143
2005,7.001840578305087,7.702024636135596,7.343592352003187,64,7.108660517764732,7.108660517764731,7.108660517764732,0.0,0.9874406507471024
2005,7.702024636135596,8.472227099749157,8.077951587203506,30,7.819526569541207,7.81952656954121,7.819526569541205,1.8067241133067846e-15,0.9868820695433599
2005,8.472227099749157,9.319449809724073,8.885746745923857,101,8.85415339737429,8.847106738084518,8.530392621317679,0.3557847657327352,0.9866202346041055
2005,9.319449809724073,10.251394790696482,9.774321420516245,25,9.952124724870625,9.952124724870618,9.952124724870625,0.0,0.9857387236419495
2005,10.251394790696482,11.27653426976613,10.751753562567869,85,10.662990776647097,10.662990776647094,10.662990776647097,0.0,0.9855205278592375
2005,11.27653426976613,12.404187696742744,11.826928918824656,172,11.55157334136769,11.547553734315214,11.373856828423571,0.30871275876994403,0.984778662198017
2005,12.404187696742744,13.64460646641702,13.009621810707124,85,13.197019172979699,13.192290088402391,13.50645498375299,0.35453584391237813,0.983277475212959
2005,13.64460646641702,15.009067113058721,14.310583991777836,256,14.458904420312875,14.455024131008088,14.217321035529464,0.3373655092891228,0.9825356095517386
2005,15.009067113058721,16.509973824364597,15.74164239095562,116,16.037383254301982,16.033487560234022,16.34991919085888,0.354365657034112,0.9803012847367686
2005,16.509973824364597,18.160971206801058,17.315806630051185,250,17.58398265674284,17.58115442868335,17.77165129441183,0.313977824431004,0.9792888563049853
2005,18.160971206801058,19.977068327481167,19.047387293056307,261,19.17159440020918,19.161113386438867,19.193383397964777,0.6354430331900704,0.9771068984778662
2005,19.977068327481167,21.97477516022928,20.952126022361938,266,21.213739545118962,21.212131191400864,21.325981553294195,0.2597004329060977,0.9748289345063539
2005,21.97477516022928,24.172252676252214,23.04733862459813,416,23.150993436220332,23.14226561457483,23.458579708623613,0.634010730683279,0.9725073313782991
2005,24.172252676252214,26.589477943877437,25.35207248705795,401,25.67804179546686,25.670526730866268,25.591177863953035,0.6207497818523942,0.968876553553973
2005,26.589477943877437,29.248425738265183,27.887279735763745,553,28.326662417624526,28.319193470711113,28.434642071058928,0.6469795955901589,0.9653766931992739
2005,29.248425738265183,32.17326831209171,30.676007709340126,473,30.875332278426775,30.863352212032105,30.567240226388346,0.862073179317855,0.9605502024856863
2005,32.17326831209171,35.39059514330088,33.74360848027414,386,33.74772124042453,33.73743827370247,33.41070443349424,0.834245811846123,0.956421938276777
2005,35.39059514330088,38.92965465763097,37.117969328301555,1173,36.187506009998756,36.1752166469512,35.54330258882366,0.9523887996824947,0.9530529953917051
2005,38.92965465763097,42.82262012339407,40.82976626113171,1354,41.49326194242984,41.47049965540518,42.65196310658839,1.3653995247653348,0.9428152492668622
2005,42.82262012339407,47.10488213573348,44.91274288724489,1195,45.64414406092785,45.62591328020361,46.206293365470756,1.2843687958756365,0.930997765675185
2005,47.10488213573348,51.81537034930683,49.40401717596938,894,49.581714383134205,49.57020352303733,49.76062362435312,1.0660662053199461,0.9205680072615556
2005,51.81537034930683,56.99690738423752,54.34441889356632,2630,54.32611354091449,54.30369866536602,53.31495388323549,1.5695069685035825,0.9127653260717777
2005,56.99690738423752,62.69659812266127,59.778860782922955,1524,60.1740649668136,60.155011090128816,60.423614401000215,1.5143078941427013,0.8898111297304846
2005,62.69659812266127,68.96625793492741,65.75674686121526,1613,65.95364987384039,65.92979675051637,66.110542815212,1.7768500973941557,0.8765099148163664
2005,68.96625793492741,75.86288372842016,72.33242154733679,3845,71.75032666682223,71.73676895706701,71.08660517764731,1.40835842237884,0.8624319229157938
2005,75.86288372842016,83.44917210126218,79.56566370207048,2287,79.83271316404277,79.80307352965005,79.616997798965,2.172413665938373,0.8288734115347018
2005,83.44917210126218,91.7940893113884,87.52223007227754,2936,87.43265043906872,87.40633161324361,87.4365243685062,2.147759171523382,0.8089128613322162
2005,91.7940893113884,100.97349824252726,96.27445307950529,2868,96.27153846040731,96.23500373766078,95.96691698982389,2.6569777201864144,0.7832879486105293
2005,100.97349824252726,111.07084806677997,105.90189838745583,5162,106.58005625334755,106.56605782941347,106.62990776647098,1.723756684122922,0.7582565284178188
2005,111.07084806677997,122.177932873458,116.49208822620143,3058,116.59388800757462,116.55856707043453,117.29289854311808,2.8691064197381433,0.7132034632034632
2005,122.177932873458,134.3957261608038,128.14129704882157,3379,127.84586181308298,127.80260659063212,127.95588931976516,3.3303528379290053,0.6865137550621422
2005,134.3957261608038,147.8352987768842,140.95542675370373,4865,141.47607943380942,141.44812488297674,142.17321035529463,2.798017584956883,0.6570224130708001
2005,147.8352987768842,162.6188286545726,155.05096942907412,3670,155.73428774411602,155.6772557630001,156.3905313908241,4.203105152523176,0.6145615137550622
2005,162.6188286545726,178.8807115200299,170.55606637198156,4330,171.97212422549038,171.89167462207865,171.31871847813002,5.249387041167045,0.5825303728529535
2005,178.8807115200299,196.76878267203293,187.61167300917973,3434,188.8746672606167,188.81086941643684,189.09036977254186,4.902164364003895,0.5447388632872504
2005,196.76878267203293,216.4456609392362,206.37284031009773,8657,211.15874938221944,211.1101922939429,213.25981553294196,4.468697018100477,0.5147674905739422
2005,216.4456609392362,238.09022703315986,227.0101243411075,3567,228.6914081842477,228.60833509556065,229.6097347238008,6.149315795411275,0.4392106549364614
2005,238.09022703315986,261.8992497364759,249.71113677521828,3708,250.20548736899994,250.11942705391627,248.8031181217656,6.562022531653115,0.40807848065912583
2005,261.8992497364759,288.0891747101235,274.68225045274016,4464,276.84665646899776,276.7300772004851,279.37035834815396,8.006909580171024,0.37571568216729506
2005,288.0891747101235,316.8980921811359,302.1504754980142,2684,302.4629109019508,302.37194195838646,302.11807200500107,7.414263279952607,0.3367546432062561
2005,316.8980921811359,348.58790139924946,332.36552304781566,3687,329.1115088314088,328.9789010240844,326.9983838171777,9.385576378074347,0.3133291439743053
2005,348.58790139924946,383.4466915391744,365.6020753525972,3611,362.6836233828306,362.56099595279505,355.43302588823656,9.486180315020313,0.2811496299399525
2005,383.4466915391744,421.791360693092,402.162282887857,2488,400.5167337563481,400.3788352630608,399.50672109837797,10.532340373566143,0.249633431085044
2005,421.791360693092,463.9704967624012,442.37851117664275,3908,437.98989500982475,437.7807214409854,429.3630952729898,13.62920502041756,0.22791858678955454
2005,463.9704967624012,510.3675464386413,486.616362294307,2250,487.1729341867247,487.0129053628937,488.0095445445489,12.479142986611558,0.1938102220360285
2005,510.3675464386413,561.4043010825054,535.2779985237377,1989,533.9558303420621,533.8114073423545,533.1495388323549,12.427216669862881,0.17417260159195644
2005,561.4043010825054,617.5447311907561,588.8057983761115,2149,585.1204960807054,584.8862148104009,584.3318945602609,16.617656570949297,0.15681294511939672
2005,617.5447311907561,679.2992043098318,647.6863782137228,1781,647.7203113377889,647.4907114013358,639.7794465988259,17.281306925286493,0.1380568356374808
2005,679.2992043098318,747.229124740815,712.4550160350951,1930,714.0196451108307,713.8181916122471,710.8660517764731,16.999938204906318,0.1225125680770842
2005,747.229124740815,821.9520372148966,783.7005176386048,1208,786.864576601619,786.6058443780819,781.9526569541205,20.185331944631315,0.10566785365172462
2005,821.9520372148966,904.1472409363862,862.0705694024651,1393,863.4006579072663,863.1148990679417,853.0392621317678,22.22354421701176,0.09512463343108504
2005,904.1472409363862,994.5619650300249,948.2776263427118,1036,944.0088456707344,943.7441250976538,947.5844470180386,22.395434606642212,0.08296676441837732
2005,994.5619650300249,1094.0181615330278,1043.105388976983,1321,1043.0482150612986,1042.587886601806,1056.3469529398392,30.8696607984351,0.0739247311827957
2005,1094.0181615330278,1203.4199776863304,1147.4159278746815,852,1147.7624916286763,1147.3889779045478,1139.8737140235748,29.273135212301806,0.06239526602429828
2005,1203.4199776863304,1323.7619754549635,1262.1575206621496,863,1257.6711380090026,1257.2066341083632,1255.3894474372516,34.22151025832676,0.05495915374947633
2005,1323.7619754549635,1456.1381730004603,1388.3732727283648,897,1398.4027001725717,1397.9480772425509,1421.7321035529462,35.45722307339838,0.04742703533026114
2005,1456.1381730004603,1601.7519903005063,1527.2106000012018,635,1531.5525124966819,1530.8562024468508,1528.3620113194174,46.22761495738907,0.03959817064655774
2005,1601.7519903005063,1761.9271893305568,1679.9316600013217,431,1679.3394049331412,1678.817083366737,1672.6678198300415,41.971992586898516,0.03405599776567519
2005,1761.9271893305568,1938.1199082636126,1847.9248260014538,577,1830.8102602774097,1829.989594372534,1823.3714228066538,55.074611486060405,0.030294302471721827
2005,1938.1199082636126,2131.931899089974,2032.7173086015994,334,2017.150528842859,2016.5148348793596,2013.8835246827484,50.85189419844112,0.025258343806730903
2005,2131.931899089974,2345.125088998972,2235.9890394617596,532,2196.3649781167815,2195.328435630959,2168.1414579182433,67.87512078210978,0.022343248149699763
2005,2345.125088998972,2579.637597898869,2459.5879434079357,348,2453.351948571078,2452.4266014199648,2465.283467560809,67.43527210688184,0.01770004189359028
2005,2579.637597898869,2837.6013576887563,2705.5467377487294,245,2686.066857266226,2685.314954679782,2677.121550990198,63.82493089715728,0.01466275659824047
2005,2837.6013576887563,3121.3614934576326,2976.101411523603,314,2918.3632276695002,2917.153324664958,2893.580263756134,84.73291163019918,0.012524437927663733
2005,3121.3614934576326,3433.497642803396,3273.7115526759635,179,3254.845171192045,3253.74244815568,3234.440535582953,85.28138098021306,0.009783898896802123
2005,3433.497642803396,3776.8474070837356,3601.0827079435603,214,3593.6637398126704,3592.676421489421,3554.330258882366,84.80510409637549,0.008221617092584834
2005,3776.8474070837356,4154.53214779211,3961.1909787379163,134,3963.4601965324046,3962.029297145327,3954.9032790584083,106.88731387366543,0.00635386119257087
2005,4154.53214779211,4569.985362571321,4357.310076611709,125,4325.7336636281225,4324.419104957077,4265.196310658839,107.77053341057402,0.005184331797235023
2005,4569.985362571321,5026.983898828453,4793.04108427288,109,4769.382949161475,4767.352021144744,4738.633101141971,140.24228677530508,0.004093352883675464
2005,5026.983898828453,5529.682288711299,5272.345192700168,55,5291.699814261372,5290.133507976863,5331.4953883235485,129.84940548391816,0.003142019271051529
2005,5529.682288711299,6082.65051758243,5799.5797119701865,74,5805.796745626408,5803.404760001894,5769.033443191968,168.00515688121106,0.0026619885490853233
2005,6082.65051758243,6690.915569340673,6379.537683167205,39,6385.3816510841625,6383.373818011827,6397.794465988259,162.0171304892632,0.0020161290322580645
2005,6690.915569340673,7360.007126274741,7017.491451483925,73,7051.800971513734,7050.1139356781205,7108.660517764732,154.5035421725886,0.0016757436112274822
2005,7360.007126274741,8096.0078389022165,7719.240596632319,31,7705.810932419929,7703.103276874594,7780.428936693498,207.59459205737002,0.0010386119257086998
2005,8096.0078389022165,8905.608622792437,8491.16465629555,24,8505.008779385493,8502.192769411344,8530.392621317678,223.7498532792277,0.0007680491551459293
2005,8905.608622792437,9796.169485071683,9340.281121925107,12,9405.172536866276,9402.105651132244,9404.757865002739,250.70621529907132,0.0005585812037424941
2005,9796.169485071683,10775.786433578853,10274.30923411762,10,10473.7582336642,10470.505611580591,10662.990776647097,274.08550733380457,0.00045384722804077643
2005,10775.786433578853,11853.36507693674,11301.740157529382,11,11391.693103904508,11389.062433501265,11373.85682842357,257.1656473317355,0.00036656891495601173
2005,11853.36507693674,13038.701584630411,12431.914173282321,9,12668.106953357936,12661.412337342757,12795.588931976517,431.13996738252433,0.00027056277056277056
2005,13038.701584630411,14342.571743093455,13675.105590610552,7,13671.477460058242,13665.180130664898,13595.31324022505,448.5026682853693,0.00019201228878648233
2005,14342.571743093455,15776.828917402803,15042.61614967161,5,15153.389452508723,15152.547341426513,15105.903600250054,178.65408903359673,0.00013091746962714705
2005,17354.511809143085,19089.962990057393,18201.565541102653,3,17771.65129441183,17771.65129441183,17771.65129441183,0.0,8.72783130847647e-05
2005,19089.962990057393,20998.959289063136,20021.722095212917,2,19371.099910908895,19370.28468039235,19371.099910908895,251.3291028632257,6.109481915933529e-05
2005,20998.959289063136,23098.85521796945,22023.89430473421,1,21183.8083429389,21183.808342938897,21183.8083429389,,4.363915654238235e-05
2005,27949.61481374304,30744.57629511735,29313.803319601244,1,28683.44518918069,28683.44518918071,28683.44518918069,,3.491132523390588e-05
2005,30744.57629511735,33819.03392462908,32245.183651561372,1,31775.712514408355,31775.71251440838,31775.712514408355,,2.618349392542941e-05
2005,33819.03392462908,37200.93731709199,35469.70201671751,1,36965.034692376605,36965.03469237659,36965.034692376605,,1.745566261695294e-05
2005,45013.13415368132,49514.44756904946,47210.173384251015,1,45874.318919291145,45874.318919291145,45874.318919291145,,8.72783130847647e-06
2006,0.7372348623166823,0.8109583485483506,0.7732184467772398,3,0.7372348623166823,0.7372348623166823,0.7372348623166823,0.0,0.9904928094349841
2006,1.4366621829126653,1.580328401203932,1.506784009270248,3,1.4744697246333647,1.4744697246333647,1.4744697246333647,0.0,0.9904670213954768
2006,2.103417102002434,2.3137588122026775,2.2060824679725712,15,2.211704586950048,2.2117045869500465,2.211704586950047,9.193520069792627e-16,0.9904412333559695
2006,2.7996481627652403,3.0796129790417646,2.9362957648714927,5,2.9489394492667294,2.9489394492667294,2.9489394492667294,0.0,0.9903122931584332
2006,3.387574276945941,3.7263317046405358,3.552917875494507,24,3.6861743115834122,3.6861743115834122,3.686174311583412,4.536406081492299e-16,0.9902693130925877
2006,4.098964875104589,4.508861362615049,4.299030629348354,16,4.423409173900094,4.423409173900094,4.423409173900094,0.0,0.9900630087765294
2006,4.959747498876554,5.45572224876421,5.201827061511509,47,5.160644036216778,5.160644036216775,5.160644036216777,8.97780627622646e-16,0.989925472565824
2006,5.45572224876421,6.001294473640631,5.7220097676626605,17,5.897878898533459,5.897878898533459,5.897878898533459,0.0,0.9895214599468767
2006,6.601423921004695,7.261566313105165,6.92363181887182,14,6.635113760850143,6.6351137608501425,6.635113760850142,1.8434126106923927e-15,0.9893753277230021
2006,7.261566313105165,7.987722944415683,7.6159950007590025,47,7.3723486231668245,7.372348623166828,7.372348623166824,8.97780627622646e-16,0.9892549835386348
2006,7.987722944415683,8.78649523885725,8.377594500834903,37,8.109583485483503,8.109583485483501,8.109583485483506,3.601718941047605e-15,0.9888509709196874
2006,8.78649523885725,9.665144762742978,9.215353950918395,104,9.272146152982891,9.264930615757788,9.58405321011687,0.36599280298651454,0.9885329184324311
2006,9.665144762742978,10.631659239017276,10.136889346010236,13,10.321288072433557,10.321288072433545,10.321288072433553,3.697781635498623e-15,0.9876389330628454
2006,10.631659239017276,11.694825162919004,11.15057828061126,91,11.05852293475024,11.058522934750243,11.058522934750236,3.5723964536767395e-15,0.9875271848916473
2006,11.694825162919004,12.864307679210905,12.265636108672386,133,11.945422017236467,11.941828204076117,11.795757797066917,0.29766508227986943,0.9867449476932598
2006,12.864307679210905,14.150738447131998,13.492199719539625,82,13.719760974332402,13.715009425284084,14.007462384016966,0.3618398707609363,0.9856016779417706
2006,14.150738447131998,15.565812291845198,14.84141969149359,246,14.996435979807638,14.99240239046599,14.744697246333647,0.3503099060803778,0.984896804861905
2006,15.565812291845198,17.122393521029718,16.32556166064295,118,16.68150069818256,16.677661984283695,16.956401833283692,0.3580256381503483,0.9827821856223083
2006,17.122393521029718,18.834632873132694,17.958117826707248,190,18.256263301052584,18.253533790036077,18.43087155791706,0.31425950302192374,0.9817678560683555
2006,18.834632873132694,20.718096160445967,19.753929609377977,193,19.72198753440949,19.712368645341225,19.16810642023374,0.6206174119839497,0.980134613566228
2006,20.718096160445967,22.789905776490563,21.729322570315773,182,21.9671684524361,21.965137642171822,22.117045869500473,0.2975197124757275,0.9784755830245931
2006,22.789905776490563,25.06889635413962,23.902254827347353,362,23.919401817429375,23.910936043043964,23.591515594133835,0.6368645139397423,0.9769111086278184
2006,25.06889635413962,27.575785989553587,26.29248031008209,309,26.54761266342305,26.540420972457362,26.540455043400566,0.6187728141396606,0.9737993518606071
2006,27.575785989553587,30.333364588508946,28.9217283410903,441,29.347297070225306,29.33993580766309,29.489394492667294,0.6543412773062248,0.9711431837913576
2006,30.333364588508946,33.36670104735985,31.813901175199334,359,32.169315092453566,32.157038052983665,31.701099079617343,0.8895402947252522,0.9673523419837879
2006,33.36670104735985,36.70337115209583,34.99529129271927,343,35.16158924967524,35.15034112959881,35.38727339120075,0.8886046462780015,0.9642663732560838
2006,36.70337115209583,40.37370826730542,38.4948204219912,851,37.52620743944975,37.51384038746413,36.86174311583412,0.9727124998485315,0.9613179407390852
2006,40.37370826730542,44.41107909403596,42.34430246419032,930,42.561440599766314,42.54014375756725,42.75962201436757,1.345159004940109,0.9540027335321878
2006,44.41107909403596,48.85218700343957,46.57873271060936,926,47.2634423341575,47.2445707688889,47.92026605058435,1.3307775153843957,0.946008441284932
2006,48.85218700343957,53.73740570378352,51.2366059816703,932,51.437161112665855,51.427892268471716,51.60644036216777,0.9733564418464181,0.9380485330903527
2006,53.73740570378352,59.11114627416188,56.36026657983733,1483,56.50311156501289,56.476133105523395,56.029849536067864,1.7498291330315112,0.9300370488167587
2006,59.11114627416188,65.02226090157806,61.996293237821064,1820,62.899906275018914,62.879713324567916,63.402198159234686,1.5856992765110096,0.9172891612869951
2006,65.02226090157806,71.5244869917359,68.19592256160318,1534,68.2682366083588,68.24140206595544,68.56284219545145,1.916159431693804,0.9016444173192474
2006,71.5244869917359,78.67693569090949,75.01551481776352,2189,74.64326165834109,74.62454581909539,73.72348623166825,1.6822029071832039,0.8884581331178599
2006,78.67693569090949,86.54462926000043,82.51706629953986,3052,83.4411209879388,83.40347592031716,84.78200916641846,2.4895993004328885,0.8696414602907172
2006,86.54462926000043,95.1990921860005,90.76877292949386,2480,90.76550243605968,90.73827727907975,90.67988806495194,2.224433749540221,0.8434064280986479
2006,95.1990921860005,104.71900140460055,99.84565022244325,3022,100.20222042127457,100.16477672271841,100.2639412750688,2.738706585202511,0.8220883154392993
2006,104.71900140460055,115.19090154506061,109.83021524468758,3018,110.27401754677624,110.24359217128318,110.58522934750236,2.587849602465919,0.7961111636423027
2006,115.19090154506061,126.70999169956669,120.81323676915636,2759,120.90598299814373,120.86808695537967,121.6437522822526,3.0268332725990734,0.7701683958979825
2006,126.70999169956669,139.38099086952334,132.894560446072,5135,131.47546472070368,131.43158395137877,129.01610090541942,3.4208711843838224,0.7464519955644572
2006,139.38099086952334,153.31908995647572,146.1840164906792,4095,146.50504015573188,146.4648942672813,147.4469724633365,3.419782360470826,0.7023114679411688
2006,153.31908995647572,168.65099895212327,160.80241813974715,3428,160.79569786273387,160.73603251920773,160.71719998503676,4.379342381201254,0.6671107940137364
2006,168.65099895212327,185.51609884733566,176.88265995372188,5139,177.56299507015038,177.47958604931665,176.93636695600378,5.445877496706447,0.6376436608700885
2006,185.51609884733566,204.06770873206924,194.5709259490941,3939,195.69776828463705,195.63293776854826,196.1044733762375,5.033845655639063,0.5934687491941237
2006,204.06770873206924,224.47447960527614,214.02801854400352,4192,215.6855157355742,215.60352814702935,217.48428438342128,5.92463172350052,0.5596090533210697
2006,224.47447960527614,246.9219275658038,235.43082039840385,3532,236.75195508149338,236.6637011138147,236.65239080365504,6.45481724233972,0.5235745661162353
2006,246.9219275658038,271.6141203223842,258.9739024382443,8357,258.6977157274736,258.6551589932901,258.03220181083884,4.7039728680285195,0.49321344760300173
2006,271.6141203223842,298.77553235462267,284.87129268206877,4948,286.7246138300761,286.6082818570246,287.5215963035061,8.147034802019883,0.4213765655488984
2006,298.77553235462267,328.65308559008497,313.35842195027567,3384,313.653130000403,313.55959461716594,313.32481648459003,7.6575409996464625,0.37884349238823034
2006,328.65308559008497,361.51839414909347,344.69426414530324,3789,343.1556855571902,343.0172354575978,343.551445839574,9.764904825174009,0.3497545838240224
2006,361.51839414909347,397.67023356400284,379.1636905598336,4173,377.2283979506194,377.10319150268896,373.77807519455797,9.752178973830754,0.3171842899263322
2006,397.67023356400284,437.4372569204032,417.080059615817,2796,415.5504985950079,415.4034244471107,415.0632274842922,11.074562317976994,0.2813131269717105
2006,437.4372569204032,481.18098261244353,458.7880655773987,3566,457.0184241343091,456.8000626545386,454.873910049393,14.175110415129792,0.2572786741509288
2006,481.18098261244353,529.2990808736879,504.66687213513865,3267,507.56329810187543,507.4134892559732,516.0644036216777,12.288773824473653,0.2266252911899461
2006,529.2990808736879,582.2289889610568,555.1335593486525,2505,554.4059139581617,554.2403941538131,552.9261467375118,13.557835989751823,0.19854211616652195
2006,582.2289889610568,640.4518878571624,610.6469152835178,2433,607.1224540820966,606.881726772852,607.4815265489462,17.146536627995786,0.17700910317794608
2006,640.4518878571624,704.4970766428788,671.7116068118696,2022,671.9917646421972,671.7319023757008,663.5113760850141,18.70930782144391,0.15609500313754482
2006,704.4970766428788,774.9467843071667,738.8827674930567,2237,740.7430720213588,740.5256206717904,737.2348623166823,17.998153796131092,0.13871386450964043
2006,774.9467843071667,852.4414627378835,812.7710442423624,1401,815.5238372460377,815.2520532510473,810.9583485483506,21.064303128373048,0.11948458305038123
2006,852.4414627378835,937.6856090116719,894.0481486665988,1584,893.3001289375428,892.9842651885307,884.6818347800189,23.78502042959729,0.1074415686004831
2006,937.6856090116719,1031.454169912839,983.4529635332586,1112,978.7170696418995,978.438217046592,980.8909843123458,23.401141313382293,0.09382548374064109
2006,1031.454169912839,1134.5995869041233,1081.7982598865847,1425,1082.182139495576,1081.7289203670834,1094.0565356779566,31.196909565660317,0.08426671709661059
2006,1134.5995869041233,1248.0595455945356,1189.9780858752433,937,1190.8522472058623,1190.4338380485985,1183.9991888805919,31.55540835791155,0.07201739833065424
2006,1248.0595455945356,1372.8655001539892,1308.9758944627677,1048,1306.772711381242,1306.3006146422795,1301.956766851261,35.155002239182004,0.06396293399121487
2006,1372.8655001539892,1510.1520501693883,1439.8734839090446,1013,1449.5165442540438,1449.0543503033875,1474.4697246333646,36.424658790220604,0.05495431219000627
2006,1510.1520501693883,1661.1672551863273,1583.8608322999492,701,1591.5165388511577,1590.8105198347655,1596.8507117779338,47.38753405276376,0.0462465508497159
2006,1661.1672551863273,1827.28398070496,1742.246915529944,531,1739.3022585640285,1738.7714142637178,1732.5019264442035,43.06320331007204,0.040220745618182285
2006,1827.28398070496,2010.0123787754562,1916.4716070829386,721,1898.1895822762879,1897.3784219874944,1879.94889890754,55.75121172396421,0.03565626262539434
2006,2010.0123787754562,2211.013616653002,2108.1187677912326,421,2087.428853674773,2086.721398703345,2064.2576144867107,54.60606112667767,0.029458537130478885
2006,2211.013616653002,2432.1149783183023,2318.930644570356,556,2279.4957192716347,2278.3154985313786,2248.566330065881,73.82545157517404,0.025839615586291078
2006,2432.1149783183023,2675.3264761501327,2550.823709027392,431,2540.6533088462393,2539.664572481896,2558.204972238888,70.95885675594516,0.02106023226427583
2006,2675.3264761501327,2942.8591237651463,2805.9060799301315,231,2796.737152366805,2795.90816400357,2801.492476803393,68.29249255963958,0.0173553505883971
2006,2942.8591237651463,3237.1450361416614,3086.4966879231447,391,3040.1925327233544,3038.7461472291766,3022.6629354983975,94.33326834932804,0.015369671546336809
2006,3237.1450361416614,3560.859539755828,3395.1463567154597,227,3380.140650455214,3378.9930876379285,3354.418623540905,88.5648553124259,0.012008630397221769
2006,3560.859539755828,3916.945493731411,3734.660992387006,264,3719.07620987059,3718.104998229449,3686.1743115834115,85.51851448997103,0.010057335407837846
2006,3916.945493731411,4308.640043104552,4108.127091625706,151,4093.210955533608,4091.810536479831,4054.791742741753,107.6800957288685,0.00778798793119751
2006,4308.640043104552,4739.504047415008,4518.939800788278,163,4495.821015284696,4494.443530411675,4423.409173900094,112.08957563213025,0.006489989942664592
2006,4739.504047415008,5213.4544521565085,4970.833780867106,138,5013.613761719097,5011.248669233889,5055.956685767807,153.89680888281805,0.005088839796102568
2006,5213.4544521565085,5734.799897372161,5467.917158953816,88,5463.8151180067325,5462.0506047457275,5492.399724259283,139.67549914545262,0.0039025899787678473
2006,5734.799897372161,6308.279887109377,6014.7088748492,89,6012.233137570333,6010.097437462165,5897.878898533459,161.6502326241635,0.0031461408198877362
2006,6308.279887109377,6939.107875820315,6616.17976233412,61,6609.926917357224,6608.252525714855,6635.113760850141,150.13350567215016,0.0023810956478385326
2006,6939.107875820315,7633.018663402347,7277.797738567531,59,7301.848977519523,7300.006781053267,7372.348623166823,164.2859070342188,0.0018567388445239097
2006,7633.018663402347,8396.320529742583,8005.5775124242855,33,8008.761032949104,8006.767501184455,8035.8599992518375,181.40238598754516,0.0013495740675474714
2006,8396.320529742583,9235.952582716842,8806.135263666714,37,8905.378706187992,8902.343335801817,8846.818347800188,234.80924195703327,0.0010659056329674298
2006,9235.952582716842,10159.547840988527,9686.748790033387,17,9714.15347993746,9711.848750934567,9657.77669634854,219.0930841409481,0.0007478531457110192
2006,10159.547840988527,11175.50262508738,10655.423669036727,24,10812.040745782358,10807.982718074954,10978.532952188874,300.55467969038307,0.0006017209218364523
2006,11175.50262508738,12293.05288759612,11720.9660359404,9,11719.904521233,11715.874720644553,11795.757797066917,325.73674429170734,0.00039541660577824007
2006,12293.05288759612,13522.358176355732,12893.062639534442,8,12887.141856368977,12882.980903393698,12809.455732752356,352.12493125428057,0.0003180524872564105
2006,13522.358176355732,14874.593993991306,14182.368903487886,6,14167.19660418558,14162.836283906949,14081.185870248633,385.67085010346744,0.0002492843819036731
2006,14874.593993991306,16362.05339339044,15600.605793836678,3,15626.92163157261,15623.857273661662,15703.102567345333,378.10398817958895,0.00019770830288912003
2006,16362.05339339044,17998.258732729486,17160.66637322035,5,17320.00606737828,17314.18945300558,17398.742750673704,502.094938248654,0.0001719202633818435
2006,17998.258732729486,19798.084606002434,18876.733010542383,7,18757.255963391257,18751.48347215637,18504.595044148726,506.8589698828126,0.00012894019753638262
2006,19798.084606002434,21777.89306660268,20764.406311596624,1,20642.576144867104,20642.576144867104,20642.576144867104,,6.87681053527374e-05
2006,21777.89306660268,23955.68237326295,22840.846942756285,2,22798.988117143403,22776.441242231696,22798.988117143403,1433.5853687959573,6.0172092183645224e-05
2006,23955.68237326295,26351.250610589246,25124.931637031917,2,25559.564059088218,25558.402661059394,25559.564059088218,344.5817922815038,4.298006584546088e-05
2006,31885.013238812997,35073.5145626943,33441.28400888949,1,34108.908139943625,34108.9081399436,34108.908139943625,,2.5788039507276524e-05
2006,38580.86601896373,42438.95262086011,40463.953650756295,1,39810.68256510085,39810.68256510083,39810.68256510085,,1.719202633818435e-05
2006,56486.24593836481,62134.870532201305,59243.2745400723,1,58536.44806794458,58536.44806794461,58536.44806794458,,8.596013169092175e-06
2007,0.8184783325708466,0.9003261658279313,0.8584273172358559,2,0.8184783325708466,0.8184783325708466,0.8184783325708466,0.0,0.983572520675516
2007,1.5949827226602966,1.7544809949263265,1.672831992204638,2,1.6369566651416931,1.6369566651416931,1.6369566651416931,0.0,0.9835551462923067
2007,2.335214204246941,2.568735624671635,2.449193319786811,6,2.45543499771254,2.4554349977125396,2.4554349977125396,4.864753555590494e-16,0.9835377719090972
2007,3.1081701058526794,3.4189871164379477,3.259876308636247,5,3.2739133302833863,3.2739133302833863,3.2739133302833863,0.0,0.9834856487594691
2007,3.7608858280817423,4.136974410889917,3.944450333449859,15,4.092391662854233,4.092391662854233,4.092391662854233,0.0,0.9834422128014455
2007,4.550671851978909,5.0057390371768005,4.772784903474331,18,4.910869995425078,4.910869995425079,4.910869995425079,9.139280539960854e-16,0.9833119049273751
2007,5.506312940894481,6.05694423498393,5.7750697332039405,17,5.729348327995926,5.729348327995926,5.729348327995926,0.0,0.9831555354784905
2007,6.05694423498393,6.662638658482323,6.352576706524335,13,6.547826660566772,6.547826660566772,6.5478266605667725,9.244454088746557e-16,0.9830078532212106
2007,7.328902524330556,8.061792776763612,7.686617814894447,24,7.366304993137619,7.366304993137619,7.366304993137619,0.0,0.9828949197303496
2007,8.061792776763612,8.867972054439974,8.455279596383892,32,8.184783325708466,8.184783325708464,8.184783325708466,0.0,0.9826864271318368
2007,8.867972054439974,9.754769259883972,9.300807556022281,25,9.003261658279312,9.003261658279314,9.003261658279312,0.0,0.9824084370004865
2007,9.754769259883972,10.730246185872371,10.230888311624511,78,10.14703266148729,10.139210554084102,9.821739990850158,0.40312923913080567,0.982191257210369
2007,10.730246185872371,11.803270804459608,11.253977142786963,32,11.458696655991853,11.45869665599185,11.458696655991853,0.0,0.9815136562652026
2007,11.803270804459608,12.983597884905569,12.37937485706566,48,12.277174988562699,12.277174988562699,12.277174988562699,0.0,0.9812356661338523
2007,12.983597884905569,14.281957673396127,13.617312342772227,92,13.273583393431553,13.269386739368057,13.095653321133545,0.3394484446764274,0.9808186809368268
2007,14.281957673396127,15.710153440735743,14.97904357704945,145,14.97533114696866,14.970732537621524,14.732609986275238,0.37512521159764284,0.9800194593091945
2007,15.710153440735743,17.281168784809317,16.4769479347544,124,16.64019255170245,16.635785875004707,16.369566651416932,0.38661149546272455,0.9787598165265133
2007,17.281168784809317,19.00928566329025,18.124642728229837,204,18.411750334154977,18.40720343816328,18.006523316558624,0.4102261899714667,0.9776826047675308
2007,19.00928566329025,20.910214229619278,19.937107001052823,191,20.31626060061981,20.313805478756002,20.461958314271165,0.31390843629290777,0.9759104176801724
2007,20.910214229619278,23.001235652581208,21.93081770115811,172,22.198845473505813,22.187693495434637,22.098914979412857,0.7037924206645179,0.9742511640836751
2007,23.001235652581208,25.30135921783933,24.123899471273923,187,24.361766840049906,24.359263084412248,24.554349977125398,0.34811622752266863,0.972756967127667
2007,25.30135921783933,27.831495139623264,26.536289418401314,290,26.58643411316336,26.572733455432573,27.009784974837935,0.8537074286420917,0.9711324622975884
2007,27.831495139623264,30.614644653585597,29.18991836024145,209,29.582704900670695,29.57433956560152,29.465219972550475,0.7035640905493646,0.968613176732226
2007,30.614644653585597,33.676109118944154,32.1089101962656,340,32.356374317896325,32.34507855600543,32.739133302833864,0.8535146737850713,0.9667975536868442
2007,33.676109118944154,37.04372003083858,35.319801215892156,278,35.57730996685651,35.564063989140266,35.1945683005464,0.9726834296607925,0.9638439085412468
2007,37.04372003083858,40.74809203392244,38.851781337481384,250,38.92355558373918,38.9143892569465,39.28695996340063,0.8455053625103911,0.9614288692751407
2007,40.74809203392244,44.82290123731468,42.73695947122952,748,41.839780752020665,41.822350845763054,40.92391662854233,1.218795561409313,0.9592570713739662
2007,44.82290123731468,49.305191361046155,47.01065541835247,637,47.52827868413755,47.50553211040225,47.4717432891091,1.4654906849683356,0.9527590520536521
2007,49.305191361046155,54.235710497150784,51.71172096018773,936,52.4202143190433,52.39966490601542,52.38261328453418,1.4648784038690426,0.9472253110014595
2007,54.235710497150784,59.65928154686586,56.88289305620651,563,57.104491835493526,57.089050180919656,57.29348327995926,1.326415519798694,0.9390940996594621
2007,59.65928154686586,65.62520970155245,62.57118236182716,1460,62.77056088901212,62.74521911449817,62.204353275384335,1.788594286500041,0.9342032107860171
2007,65.62520970155245,72.1877306717077,68.82830059800987,1065,69.09494175409814,69.07307304059087,68.7521799359511,1.7415454471740137,0.921519911043158
2007,72.1877306717077,79.40650373887848,75.71113065781088,1689,76.75184856477263,76.73084769965489,77.75544159423042,1.7853447505342788,0.9122680519841546
2007,79.40650373887848,87.34715411276633,83.28224372359198,2056,82.68979905153373,82.66783499995098,81.84783325708466,1.9185511389872056,0.8975953853638196
2007,87.34715411276633,96.08186952404297,91.61046809595118,1559,91.81447383792171,91.77872696906287,91.66957324793482,2.559114016222142,0.8797345194245604
2007,96.08186952404297,105.69005647644728,100.7715149055463,3335,101.52493588692955,101.49564396461889,102.30979157135582,2.4236991031902733,0.8661911877128362
2007,105.69005647644728,116.25906212409201,110.84866639610094,2384,110.99994406885301,110.95672791667458,110.49457489706428,3.1025522852367304,0.8372194037111682
2007,116.25906212409201,127.88496833650122,121.93353303571104,2796,122.56537391121266,122.53298705905816,122.77174988562699,2.8139614340337826,0.8165091389255681
2007,127.88496833650122,140.67346517015136,134.12688633928215,2608,134.09863638069868,134.05640093245242,135.04892487418968,3.3665672162336384,0.7922197511988325
2007,140.67346517015136,154.7408116871665,147.5395749732104,2457,147.09558012073407,147.04094653991712,147.3260998627524,4.016339061725375,0.76956355549378
2007,154.7408116871665,170.21489285588316,162.29353247053143,6008,160.1239513138793,160.06282246992183,159.6032748513151,4.437165466277187,0.7482191257210369
2007,170.21489285588316,187.2363821414715,178.5228857175846,3197,179.11618744183272,179.04833332298233,180.06523316558625,4.922224108249968,0.6960264785600111
2007,187.2363821414715,205.96002035561867,196.37517428934305,4007,197.7512692089221,197.66431260785848,197.25327814957402,5.8545756047808055,0.6682535269997915
2007,205.96002035561867,226.55602239118056,216.0126917182774,4316,215.41321874394768,215.31893960552745,216.07827979870348,6.3790313642014596,0.6334439502397665
2007,226.55602239118056,249.21162463029862,237.61396089010515,4350,239.54565291898712,239.46112709868865,239.81415144325803,6.3396736050480165,0.5959500312738898
2007,249.21162463029862,274.1327870933285,261.3753569791157,3548,263.02313342840114,262.92544716215286,263.5500230878126,7.153696973221453,0.5581607477934534
2007,274.1327870933285,301.5460658026614,287.51289267702725,3562,287.54807434423225,287.44459733444273,286.4674163997963,7.716007222023395,0.5273385919799847
2007,301.5460658026614,331.70067238292756,316.26418194473007,9710,315.01494599060646,314.9309606940573,311.0217663769217,7.318611061152613,0.4963948154840503
2007,331.70067238292756,364.87073962122037,347.89060013920306,3551,349.0421708805992,348.9276224257717,348.67176967518066,8.934880204423061,0.4120421850024324
2007,364.87073962122037,401.3578135833424,382.6796601531234,4027,382.00560563535305,381.84242075339097,381.4109029780145,11.183033791706785,0.3811939676141497
2007,401.3578135833424,441.4935949416767,420.94762616843576,4139,418.4018127071846,418.25569682562576,413.33155794827746,11.104429138520587,0.3462106470220307
2007,441.4935949416767,485.64295443584444,463.0423887852794,3494,462.68739431948944,462.5127285884999,463.2587362350991,12.716441043473445,0.31025436097018555
2007,485.64295443584444,534.2072498794289,509.3466276638074,3802,507.1590551324801,506.93261161873824,507.45656619392486,15.199549569806823,0.2799013135033706
2007,534.2072498794289,587.6279748673718,560.2812904301882,2867,560.3393448215578,560.1571046162546,560.6576578110298,14.28644942049552,0.2468726110223087
2007,587.6279748673718,646.390772354109,616.309419473207,3173,616.0944102249806,615.9411138483777,613.8587494281348,13.726162176410027,0.22196643269163946
2007,646.390772354109,711.02984958952,677.9403614205278,2814,673.79032740476,673.5091431209446,673.6076677058068,19.51678049059584,0.1944019737299326
2007,711.02984958952,782.1328345484721,745.7343975625807,2115,745.3911198777046,745.1120041254406,736.6304993137619,20.42960495951798,0.1699562165543123
2007,782.1328345484721,860.3461180033194,820.3078373188388,2369,821.5297469369359,821.3055800461226,818.4783325708465,19.231688284718686,0.151582806310376
2007,860.3461180033194,946.3807298036514,902.3386210507227,1568,905.5763284994858,905.2774179920236,900.3261658279312,23.264299413735138,0.13100284939884635
2007,946.3807298036514,1041.0188027840165,992.572483155795,1794,993.2969097584147,992.9497341833165,982.1739990850159,26.28204747683314,0.11738133296267983
2007,1041.0188027840165,1145.1206830624183,1091.8297314713745,1249,1088.52834491468,1088.2047372021489,1091.0316173169385,26.588281277649667,0.10179651122385155
2007,1145.1206830624183,1259.6327513686604,1201.0127046185123,1548,1202.257958371805,1201.7696958544373,1222.8066288608447,34.1050715708249,0.09094620890958371
2007,1259.6327513686604,1385.5960265055264,1321.1139750803636,1042,1322.4669699372278,1322.0058989673855,1312.839245443638,34.931726502387285,0.07749843630551115
2007,1385.5960265055264,1524.1556291560792,1453.2253725884,1043,1452.1045500694127,1451.5705960145663,1452.7990403132526,39.38807648045608,0.06844638265341581
2007,1524.1556291560792,1676.5711920716874,1598.5479098472401,1114,1608.9711717057653,1608.4517226824414,1636.956665141693,40.66495592478816,0.059385641809715756
2007,1676.5711920716874,1844.2283112788562,1758.4027008319645,728,1763.6161871070317,1762.8869942016752,1759.72841502732,50.72074151659028,0.04970811036208215
2007,1844.2283112788562,2028.6511424067417,1934.2429709151606,586,1927.9550435054139,1927.326447375047,1923.4240815414894,49.35731881441349,0.04338383487386198
2007,2028.6511424067417,2231.516256647416,2127.6672680066767,720,2104.820478772965,2103.861554924609,2086.710508889373,63.87662205351397,0.03829314059350893
2007,2231.516256647416,2454.667882312158,2340.433994807345,412,2323.218961436034,2322.472641139578,2314.656724510354,59.11687463408118,0.032038362638126344
2007,2454.667882312158,2700.1346705433743,2574.4773942880797,603,2532.3855344125504,2531.062035039975,2496.3589143410823,82.37728763686913,0.028459239696990758
2007,2700.1346705433743,2970.148137597712,2831.925133716888,432,2826.9389025400615,2825.8780138094044,2864.674163997963,77.42464110603872,0.023220863159357844
2007,2970.148137597712,3267.162951357483,3115.117647088577,293,3096.473932041406,3095.5158406068363,3085.6633137920917,77.38598749882163,0.019467996386128294
2007,3267.162951357483,3593.879246493232,3426.6294117974353,396,3371.1489695656983,3369.5802599299454,3339.3915968890537,103.52353981781012,0.016922649245951767
2007,3593.879246493232,3953.2671711425555,3769.2923529771792,243,3755.421101933584,3753.9545360956263,3724.076413197352,105.4551926944956,0.013482521370491347
2007,3953.2671711425555,4348.593888256811,4146.221588274897,305,4126.349121281614,4125.3899603066875,4092.3916628542324,89.53573084599977,0.011371533810549726
2007,4348.593888256811,4783.453277082493,4560.843747102387,167,4550.416058615167,4548.861181132899,4501.630829139656,119.49942237474993,0.008721940371116826
2007,4783.453277082493,5261.7986047907425,5016.928121812626,170,4980.012156213607,4978.416037517883,4910.869995425079,127.213819725209,0.007271179373132253
2007,5261.7986047907425,5787.978465269817,5518.62093399389,146,5534.92608791449,5532.251556407998,5525.956462352071,172.46422366023236,0.005794356800333588
2007,5787.978465269817,6366.776311796799,6070.4830273932785,101,6087.088189296321,6085.468214600435,6138.587494281349,140.8102798310766,0.004526026826047675
2007,6366.776311796799,7003.45394297648,6677.531330132607,79,6642.2521228838705,6639.902992689026,6547.826660566772,178.61470865980417,0.003648620473973174
2007,7003.45394297648,7703.799337274128,7345.284463145868,68,7342.930214875081,7340.814933313007,7366.30499313762,177.62915609601936,0.002962332337202029
2007,7703.799337274128,8474.179271001542,8079.812909460456,85,8108.318191132641,8106.135049510499,8184.783325708465,188.45699536739284,0.0023716033080825633
2007,8474.179271001542,9321.597198101697,8887.794200406503,49,8826.48704208345,8823.637672329618,8839.565991765143,226.95306693091777,0.0016331920216832302
2007,9321.597198101697,10253.756917911867,9776.573620447152,29,9746.60932459831,9743.779034565603,9821.739990850157,239.5319854703722,0.0012075196330530267
2007,10253.756917911867,11279.132609703054,10754.230982491868,16,10867.29490581363,10864.884161307986,10858.342799051135,235.99536849087374,0.0009555910765167837
2007,11279.132609703054,12407.045870673363,11829.654080741057,33,11880.28740438698,11874.32449812064,11949.78365553436,381.8187913695474,0.0008165960108416151
2007,12407.045870673363,13647.7504577407,13012.619488815166,12,13075.123156291558,13070.1063997545,13013.80548787646,378.05733315878615,0.00052991868788658
2007,13647.7504577407,15012.52550351477,14313.881437696682,7,14582.594600462613,14577.27821858062,14784.992599559771,421.9835194054194,0.00042567238863020363
2007,15012.52550351477,16513.77805386625,15745.269581466351,12,16130.570978306243,16124.18627990077,16369.56665141693,468.152955389832,0.0003648620473973174
2007,16513.77805386625,18165.155859252875,17319.796539612988,6,17108.925411839264,17103.287336408484,17032.53410079932,485.50784336449306,0.000260615748140941
2007,18165.155859252875,19981.671445178163,19051.77619357429,5,19300.537560353132,19297.714028676866,19254.702773729165,367.9103350169907,0.0002084925985127528
2007,19981.671445178163,21979.838589695984,20956.95381293172,6,20948.952922150816,20942.298898081433,20830.273563928044,580.6871603195231,0.00016505664048926263
2007,21979.838589695984,24177.82244866558,23052.649194224894,1,23735.87164455455,23735.87164455454,23735.87164455455,,0.00011293349086107443
2007,24177.82244866558,26595.604693532143,25357.91411364738,5,25438.961358967972,25428.333010873936,25209.132643182074,823.924863148642,0.0001042462992563764
2007,29255.165162885358,32180.681679173897,30683.07607751334,3,30392.8287494641,30369.63458014569,29628.915639064646,1467.1856696591897,6.0810341232886235e-05
2007,32180.681679173897,35398.74984709129,33751.38368526468,1,33966.85080169013,33966.8508016901,33966.85080169013,,3.474876641879213e-05
2007,38938.62483180042,42832.48731498047,40839.174259170264,2,40923.91662854233,40923.9166285423,40923.91662854233,0.0,2.60615748140941e-05
2007,47115.736046478516,51827.30965112637,49415.400853596024,1,49108.69995425079,49108.69995425077,49108.69995425079,,8.687191604698033e-06
2008,1.6463689828986685,1.8110058811885354,1.7267263566170166,3,1.6463689828986687,1.6463689828986685,1.6463689828986685,2.7194799110210365e-16,0.9862742878044957
2008,2.4104488278619414,2.6514937106481353,2.5281000587229743,2,2.4695534743480025,2.4695534743480025,2.4695534743480025,0.0,0.986248160179758
2008,3.208307389884245,3.52913812887267,3.3649011781602804,5,3.292737965797337,3.292737965797337,3.292737965797337,0.0,0.9862307417632663
2008,3.882051941759937,4.270257135935931,4.07153042557394,14,4.11592245724667,4.115922457246672,4.115922457246671,9.217063053461964e-16,0.986187195722037
2008,4.6972828495295245,5.167011134482477,4.926551814944468,17,4.939106948696005,4.939106948696005,4.939106948696005,0.0,0.9860652668065946
2008,5.683712247930726,6.252083472723799,5.961127696082807,11,5.76229144014534,5.762291440145338,5.76229144014534,0.0,0.9859172102664147
2008,6.252083472723799,6.877291819996179,6.5572404656910885,10,6.585475931594674,6.585475931594674,6.585475931594674,0.0,0.98582140897571
2008,6.877291819996179,7.565021001995797,7.212964512260197,5,7.408660423044009,7.408660423044008,7.408660423044008,9.930136612989092e-16,0.9857343168932512
2008,7.565021001995797,8.321523102195378,7.934260963486218,40,8.231844914493342,8.231844914493342,8.231844914493342,0.0,0.9856907708520218
2008,8.321523102195378,9.153675412414916,8.72768705983484,8,9.055029405942676,9.055029405942676,9.055029405942676,0.0,0.9853424025221867
2008,9.153675412414916,10.069042953656409,9.600455765818326,25,9.87821389739201,9.87821389739201,9.87821389739201,0.0,0.9852727288562196
2008,10.069042953656409,11.07594724902205,10.560501342400158,17,10.701398388841344,10.701398388841342,10.701398388841344,0.0,0.9850549986500727
2008,11.07594724902205,12.183541973924257,11.616551476640176,7,11.52458288029068,11.52458288029068,11.52458288029068,0.0,0.9849069421098928
2008,12.183541973924257,13.401896171316682,12.778206624304195,105,12.849517918909132,12.84318130011944,13.170951863189348,0.4035225190222603,0.9848459776521716
2008,13.401896171316682,14.742085788448353,14.056027286734615,32,13.99413635463868,13.99413635463868,13.99413635463868,0.0,0.9839315107863544
2008,14.742085788448353,16.216294367293187,15.461630015408078,20,15.064276193522819,15.059620009646281,14.817320846088016,0.3870303516755117,0.9836528161224863
2008,16.216294367293187,17.83792380402251,17.007793016948884,151,16.550914675762773,16.54902451322611,16.463689828986684,0.25420843223939016,0.9834786319575687
2008,17.83792380402251,19.621716184424763,18.70857231864378,52,18.489990115631198,18.4854459577108,18.110058811885352,0.41437644147377145,0.9821635415124411
2008,19.621716184424763,21.583887802867242,20.57942955050816,309,20.49436340685996,20.486955216429013,20.579612286233356,0.5523804055068228,0.9817106626836555
2008,21.583887802867242,23.742276583153966,22.637372505558975,111,22.552288635111932,22.54871173643439,22.225981269132024,0.40448562092729656,0.979019517335679
2008,23.742276583153966,26.11650424146936,24.901109756114874,181,24.813782239489324,24.809995042700415,24.695534743480025,0.4350053578816202,0.9780527952203865
2008,26.11650424146936,28.7281546656163,27.39122073172636,196,27.249086635322858,27.243240110460338,27.16508821782803,0.5652979725397961,0.9764764285278825
2008,28.7281546656163,31.600970132177935,30.130342804898998,188,30.041855296988732,30.028221083227567,30.457826183625365,0.9069518204138991,0.9747694237116904
2008,31.600970132177935,34.76106714539573,33.1433770853889,291,33.32058462124298,33.31404277740554,32.92737965797337,0.6638570385718178,0.9731320925614653
2008,34.76106714539573,38.237173859935304,36.45771479392779,218,36.75632036590742,36.74616910963769,37.04330211522004,0.8648170252773575,0.9705977129619147
2008,38.237173859935304,42.06089124592884,40.10348627332058,488,40.85559094857146,40.84602971211407,41.15922457246671,0.8760873497908902,0.9686991055643132
2008,42.06089124592884,46.266980370521736,44.11383490065264,327,44.52244928370925,44.50673879717322,44.45196253826405,1.1832873119660334,0.9644490119403245
2008,46.266980370521736,50.89367840757391,48.52521839071791,440,48.792389856815085,48.78284127696102,49.39106948696005,0.9617831773123966,0.9616011008439223
2008,50.89367840757391,55.9830462483313,53.3777402297897,649,53.43596215757935,53.413031367757306,53.506991944206725,1.5640130750321455,0.9577690492157358
2008,55.9830462483313,61.58135087316444,58.71551425276868,531,58.416644080590984,58.39993044565153,57.6229144014534,1.4042567218755155,0.9521167730641608
2008,61.58135087316444,67.73948596048089,64.58706567804556,941,64.14540490968531,64.1148042597029,64.20839033304807,1.9833071307857015,0.9474921834855993
2008,67.73948596048089,74.51343455652899,71.04577224585012,1099,70.79910947796408,70.76474617816767,70.79386626464274,2.211538089038461,0.9392968185262278
2008,74.51343455652899,81.96477801218188,78.15034947043513,745,77.88540729299419,77.86293193725353,78.20252668768676,1.874147920800307,0.9297253986640075
2008,81.96477801218188,90.16125581340007,85.96538441747865,2432,84.74840040484905,84.71973950929221,84.78800261928141,2.2143922258648843,0.9232370385208281
2008,90.16125581340007,99.1773813947401,94.56192285922653,1554,95.10747306839629,95.06488806719544,95.48940100812277,2.84335687189282,0.9020562440668519
2008,99.1773813947401,109.09511953421413,104.0181151451492,1655,104.16143823375367,104.13119731050615,103.72124592261612,2.5119702639448844,0.8885221344527569
2008,109.09511953421413,120.00463148763555,114.41992665966413,2852,113.91147329660589,113.88030544127845,113.59945982000814,2.6702620683789458,0.8741083948058282
2008,120.00463148763555,132.0050946363991,125.86191932563054,2532,126.03013084313817,125.98132693351344,125.1240427002988,3.51986345693313,0.8492697328885831
2008,132.0050946363991,145.205604100039,138.4481112581936,2698,138.8866012087514,138.83734305765444,137.4718100720388,3.704304047185408,0.8272180176100191
2008,145.205604100039,159.72616451004296,152.29292238401297,2271,152.30580484441774,152.2499688908306,152.28913091812683,4.129501395750903,0.8037205737626393
2008,159.72616451004296,175.69878096104725,167.52221462241428,5300,168.3584687803607,168.32243293222825,170.39918973001218,3.475935543282703,0.7839419618362494
2008,175.69878096104725,193.26865905715198,184.27443608465572,3090,184.890700015245,184.82678530850936,185.21651057610018,4.857123977446292,0.7377831581330941
2008,193.26865905715198,212.59552496286722,202.70187969312133,3695,203.2949341517783,203.2236622200178,205.79612286233356,5.371521011744854,0.7108717046533299
2008,212.59552496286722,233.85507745915396,222.9720676624335,4325,224.33309561972663,224.26009685440087,226.3757351485669,5.708816329881772,0.6786911801848095
2008,233.85507745915396,257.24058520506935,245.26927442867682,4382,246.84582745339569,246.77226274837494,246.95534743480027,6.010043955569342,0.6410238545213854
2008,257.24058520506935,282.9646437255763,269.79620187154455,3629,270.87238419683797,270.7861954803901,271.65088217828026,6.822218528578751,0.6028601039879464
2008,282.9646437255763,311.26110809813395,296.775822058699,3950,297.0993702300151,296.983095140079,296.3464169217603,8.32085553250186,0.5712543872636539
2008,311.26110809813395,342.3872189079474,326.4534042645689,8864,335.6932240150839,335.58617750515475,341.6215639514737,8.388277219105799,0.5368530146924343
2008,342.3872189079474,376.62594079874214,359.09874469102584,4482,360.02346572563323,359.87087445006324,359.7316227633591,10.472300480062577,0.4596545928009685
2008,376.62594079874214,414.2885348786164,395.00861916012843,4787,398.8647851511055,398.687809877875,399.24447835292705,11.848651397350531,0.42061992144294164
2008,414.2885348786164,455.71738836647813,434.50948107614136,3858,435.7268286723928,435.54359583906506,436.2877804681471,12.632596761608156,0.37892894156992185
2008,455.71738836647813,501.28912720312593,477.96042918375554,4053,481.47335820086346,481.27688870462435,484.03248097220853,13.709885733379927,0.34532881615732314
2008,501.28912720312593,551.4180399234385,525.756472102131,3806,526.2223083039386,526.0086687217429,525.1917055446752,15.005779075040213,0.3100303951367781
2008,551.4180399234385,606.5598439157825,578.3321193123443,3178,578.1130398000314,577.9164165150979,576.229144014534,15.077868766137481,0.27688314855296503
2008,606.5598439157825,667.2158283073609,636.1653312435787,3372,638.0934603597716,637.8143537070118,637.9679808732341,18.870778192939856,0.2492052847475636
2008,667.2158283073609,733.937411138097,699.7818643679368,3121,695.1485753797305,694.944506738955,688.1822348516434,16.9163777546119,0.21983783454246175
2008,733.937411138097,807.3311522519067,769.7600508047304,2440,766.0254617510541,765.7201890745633,763.9152080649822,21.67335362227166,0.19265639560707537
2008,807.3311522519067,888.0642674770975,846.7360558852035,2698,839.7546643722851,839.4736161674648,825.6540449236822,21.859489988179345,0.17140592748713215
2008,888.0642674770975,976.8706942248074,931.4096614737241,1701,930.3301074257395,930.0204888551517,928.5521063548489,24.02562924367019,0.14790848363975231
2008,976.8706942248074,1074.557763647288,1024.5506276210965,2155,1022.2366132923925,1021.7996595444457,1024.8646918544212,29.97247750881463,0.1330941204135132
2008,1074.557763647288,1182.0135400120168,1127.005690383206,1441,1129.4725320384732,1129.0797963234704,1131.8786757428345,29.787849989948278,0.11432577664364532
2008,1182.0135400120168,1300.2148940132188,1239.706259421527,1505,1236.9208456168462,1236.6191710863313,1234.7767371740013,27.379259822701215,0.1017758075613346
2008,1300.2148940132188,1430.2363834145408,1363.6768853636797,1225,1359.6702882166944,1359.17780545241,1358.2544108914014,36.664739636403205,0.08866844915128766
2008,1430.2363834145408,1573.260021755995,1500.0445739000477,1137,1495.7588008245796,1495.1862043242859,1485.024822574599,41.4766599738968,0.07799966905008665
2008,1573.260021755995,1730.5860239315946,1650.0490312900527,1225,1653.214517930827,1652.7567090220532,1646.3689828986685,39.00047059861608,0.06809729927452296
2008,1730.5860239315946,1903.6446263247544,1815.0539344190581,819,1822.4550808736383,1821.8217416218454,1816.7681726286805,48.02476996624533,0.05742851917332195
2008,1903.6446263247544,2094.00908895723,1996.5593278609642,900,2012.8223643594288,2012.0693757403371,2043.5555000229722,54.79290910487197,0.05029567761994757
2008,2094.00908895723,2303.409997852953,2196.215260647061,574,2194.421984572601,2193.727166404859,2194.609854203925,55.234910454620774,0.04245739019865704
2008,2303.409997852953,2533.7509976382485,2415.836786711767,765,2426.662872198095,2425.8184284576773,2469.5534743480025,63.68858317173869,0.03745830466552286
2008,2533.7509976382485,2787.126097402074,2657.420465382944,494,2657.0695691309857,2656.0984880540977,2661.3554608556974,71.88761362418262,0.030795760357425907
2008,2787.126097402074,3065.8387071422812,2923.1625119212385,458,2914.0497342319773,2913.1184712893632,2881.1457200726695,73.93404525493825,0.026493411483961993
2008,3065.8387071422812,3372.4225778565096,3215.4787631133627,449,3223.7298048660386,3222.566110329144,3272.158353511103,86.3455075332119,0.0225045941073497
2008,3372.4225778565096,3709.664835642161,3537.026639424699,371,3565.200938336454,3563.335662820636,3566.8584014499647,115.26234639418772,0.018594159604950315
2008,3709.664835642161,4080.6313192063767,3890.7293033671695,203,3899.396550323377,3898.247082515255,3896.132198029699,94.96621870789158,0.01536304334572944
2008,4080.6313192063767,4488.694451127015,4279.802233703886,357,4207.759409418783,4206.11924257234,4115.922457246671,118.5526632855619,0.013595074071816132
2008,4488.694451127015,4937.563896239717,4707.782457074275,189,4671.872516646453,4670.263504304998,4664.163328551927,123.17590574140557,0.010485886728037554
2008,4937.563896239717,5431.32028586369,5178.560702781704,244,5093.659836965617,5091.1234155011,5044.0629713557955,161.90150844879548,0.008839846369566542
2008,5431.32028586369,5974.452314450059,5696.416773059875,159,5683.177715530011,5681.22103198856,5762.291440145339,149.41053539750888,0.0067147995575722215
2008,5974.452314450059,6571.897545895065,6266.058450365863,101,6218.286746359274,6216.579782709554,6173.883685870007,147.1061697782848,0.005330035446477561
2008,6571.897545895065,7229.087300484573,6892.664295402449,109,6827.38644196261,6824.219954462945,6832.431279029473,209.1830383350288,0.004450405413643846
2008,7229.087300484573,7951.9960305330305,7581.930724942695,82,7550.74005850111,7548.094356413854,7421.008190415747,202.1681018894951,0.0035011017148431035
2008,7951.9960305330305,8747.195633586334,8340.123797436965,92,8302.45982760767,8300.42742579129,8231.844914493342,185.84385556434162,0.0027869466386810774
2008,8747.195633586334,9621.915196944969,9174.136177180662,38,9189.533419295542,9186.330437944442,9075.60901822891,246.21794427223873,0.0019856994800602676
2008,9621.915196944969,10584.106716639466,10091.549794898729,36,9979.92291455775,9976.92980081996,9878.21389739201,249.26618611867588,0.0016547495667168898
2008,10584.106716639466,11642.517388303413,11100.704774388603,30,11084.78284599235,11079.502464436664,11092.411022279779,348.26524465953827,0.0013412180698652684
2008,11642.517388303413,12806.769127133755,12210.775251827465,25,12240.852169990574,12237.282854200894,12347.767371740014,301.39958230638825,0.0010799418224889175
2008,12806.769127133755,14087.446039847133,13431.852777010212,29,13455.972396935651,13451.78491562136,13335.588761479214,342.48083543386815,0.0008622116163419584
2008,14087.446039847133,15496.190643831846,14775.038054711233,16,14792.985454559544,14789.962862145534,14817.320846088014,309.439706581764,0.0006096445772114858
2008,15496.190643831846,17045.80970821503,16252.541860182357,14,16376.079479539574,16372.586900231534,16463.689828986684,347.11586658382816,0.00047029724527743183
2008,17045.80970821503,18750.39067903654,17877.796046200598,12,18221.188718231013,18215.40912040676,18295.275322461453,475.2679480251236,0.0003483683298351347
2008,18750.39067903654,20625.429746940194,19665.57565082066,7,19913.185641512875,19903.502564351573,19756.42779478402,669.6735878481007,0.00024385783088459427
2008,20625.429746940194,22687.972721634214,21632.133215902726,2,22225.981269132026,22222.169903028505,22225.981269132026,582.0793360714262,0.0001828933731634457
2008,22687.972721634214,24956.76999379764,23795.346537493002,4,24232.493467039774,24218.869538089253,24695.534743480028,926.0825528805017,0.00016547495667168898
2008,24956.76999379764,27452.446993177407,26174.881191242304,5,26594.292091457064,26581.694517716805,26753.495972103363,906.1454700482063,0.0001306381236881755
2008,27452.446993177407,30197.691692495144,28792.369310366536,2,27782.47658641503,27782.202190229513,27782.47658641503,174.62380082142658,8.709208245878367e-05
2008,30197.691692495144,33217.460861744665,31671.606241403188,3,32057.548045341904,32032.805731677454,32927.37965797337,1528.0293985612905,6.967366596702694e-05
2008,33217.460861744665,36539.206947919134,34838.76686554351,2,35294.0350708902,35281.88320782318,35294.0350708902,1309.678506160707,4.3546041229391835e-05
2008,40193.12764271105,44212.44040698216,42154.90790730766,1,43491.306236742676,43491.30623674266,43491.306236742676,,2.61276247376351e-05
2008,48633.684447680374,53497.052892448424,51007.43856784228,1,50173.09475383692,50173.09475383694,50173.09475383692,,1.7418416491756734e-05
2008,64731.433999862595,71204.57739984887,67890.90073379809,1,69970.68177319341,69970.68177319337,69970.68177319341,,8.709208245878367e-06
2009,0.8254208696763146,0.9079629566439461,0.8657087115808203,3,0.8254208696763147,0.8254208696763146,0.8254208696763146,1.3597399555105182e-16,0.9862085939555449
2009,3.7927865985381506,4.172065258391966,3.9779081437679853,7,4.127104348381572,4.127104348381572,4.127104348381572,0.0,0.9861831328982321
2009,4.589271784231163,5.04819896265428,4.813268853959262,7,4.952525218057887,4.952525218057888,4.952525218057887,0.0,0.9861237237645022
2009,5.553018858919708,6.108320744811679,5.824055313290708,19,5.7779460877341995,5.7779460877342,5.7779460877342,9.125165812557182e-16,0.9860643146307723
2009,6.108320744811679,6.719152819292848,6.4064608446197795,10,6.6033669574105165,6.603366957410516,6.6033669574105165,0.0,0.9859030612677909
2009,8.130174911344346,8.943192402478783,8.526999384188928,22,8.254208696763147,8.254208696763135,8.254208696763143,3.636318380409584e-15,0.9858181910767481
2009,8.943192402478783,9.83751164272666,9.379699322607822,28,9.079629566439456,9.07962956643946,9.079629566439458,1.8089532617342584e-15,0.985631476656454
2009,9.83751164272666,10.821262806999329,10.317669254868605,36,10.432402658408977,10.424753983404269,10.730471305792088,0.40209230956382147,0.9853938401215341
2009,10.821262806999329,11.903389087699264,11.349436180355468,17,11.5558921754684,11.555892175468399,11.5558921754684,0.0,0.9850883074337801
2009,11.903389087699264,13.09372799646919,12.484379798391014,34,12.381313045144719,12.381313045144722,12.381313045144717,1.8030704713202974e-15,0.9849440281090073
2009,13.09372799646919,14.403100796116108,13.732817778230116,70,13.46615190243359,13.460780338244279,13.206733914821033,0.385952482720536,0.9846554694594618
2009,14.403100796116108,15.843410875727722,15.10609955605313,45,15.041002514101725,15.037165223719986,14.85757565417366,0.347037872524998,0.9840613781221621
2009,15.843410875727722,17.427751963300494,16.616709511658442,71,16.682802084302974,16.679462581075036,16.508417393526287,0.33934143645494125,0.9836794622624696
2009,17.427751963300494,19.170527159630545,18.278380462824288,122,18.301339774380573,18.29873823557926,18.159259132878915,0.3128766687803719,0.9830768839060656
2009,19.170527159630545,21.087579875593605,20.10621850910672,114,20.411065189627454,20.40771936245105,20.63552174190786,0.36889578323958805,0.9820414675753435
2009,21.087579875593605,23.196337863152966,22.116840360017395,247,22.346515609415032,22.333340115865383,22.28636348126049,0.7675022369448747,0.9810739473974556
2009,23.196337863152966,25.515971649468263,24.328524396019137,182,24.667385220711395,24.66595089873288,24.762626090289434,0.2644375039717117,0.9789776536786984
2009,25.515971649468263,28.06756881441509,26.76137683562105,251,27.084327819339144,27.073162307782912,27.238888699318373,0.7746638902121378,0.9774330162017195
2009,28.06756881441509,30.874325695856605,29.437514519183157,194,29.9959645939073,29.98865687739679,30.540572178023634,0.6604072369970738,0.9753027744065452
2009,30.874325695856605,33.96175826544227,32.38126597110148,228,32.71997289532688,32.71082410646458,33.016834787052574,0.7718845851080356,0.9736562927003148
2009,33.96175826544227,37.3579340919865,35.61939256821163,211,36.1542164812725,36.13965409096627,36.31851826575783,1.0247000724928093,0.971721252344539
2009,37.3579340919865,41.09372750118515,39.1813318250328,189,38.890861610939574,38.88303312130015,38.79478087478678,0.7836162023811611,0.9699304913135359
2009,41.09372750118515,45.20310025130367,43.099465007536075,471,42.222643339939374,42.20549974007097,41.27104348381572,1.2129926651330578,0.968326444702827
2009,45.20310025130367,49.72341027643404,47.40941150828969,446,47.74671079995344,47.72083101450691,47.87441044122624,1.5711648294335228,0.9643290587047112
2009,49.72341027643404,54.695751304077454,52.15035265911867,590,53.088552104418824,53.06867646581664,53.65235652896043,1.4468541414668377,0.9605438481842022
2009,54.695751304077454,60.1653264344852,57.36538792503054,406,57.610717202014094,57.595167848578214,57.77946087734201,1.337905016950127,0.9555365069126771
2009,60.1653264344852,66.18185907793372,63.101926717533594,877,63.38046383679897,63.35158601503879,63.557406965076204,1.915528002487611,0.9520907771563394
2009,66.18185907793372,72.8000449857271,69.41211938928696,691,69.88244821679268,69.86070770157974,70.16077392248673,1.7446077760728027,0.9446476614018858
2009,72.8000449857271,80.08004948429982,76.35333132821566,974,76.83024234584668,76.80501100629935,76.76414087989724,1.9706037719867437,0.9387831312008283
2009,80.08004948429982,88.0880544327298,83.98866446103723,1406,83.79900452238037,83.77495938601164,82.54208696763143,2.0185920801236277,0.9305167745932597
2009,88.0880544327298,96.8968598760028,92.38753090714097,1655,93.8939929583883,93.86054757498783,95.74882088245248,2.486382850256748,0.918584025732642
2009,96.8968598760028,106.58654586360309,101.62628399785507,1675,101.87812522695039,101.8418812665516,102.35218783986299,2.716380381994215,0.9045380091150585
2009,106.58654586360309,117.2452004499634,111.7889123976406,1781,112.12515239846178,112.08030565892504,112.25723827597876,3.172526672387964,0.8903222521153895
2009,117.2452004499634,128.96972049495974,122.96780363740464,3154,124.89607007057228,124.85250432008212,125.46397219079978,3.280574935923436,0.8752068710906669
2009,128.96972049495974,141.86669254445573,135.26458400114512,2084,135.55874268285365,135.51939485780798,136.19444349659187,3.26627069911945,0.8484388128357677
2009,141.86669254445573,156.0533617989013,148.79104240125963,2573,148.8840462641458,148.8249603388265,148.57575654173658,4.19497003674635,0.8307518650224481
2009,156.0533617989013,171.65869797879148,163.67014664138563,2983,164.00777863420998,163.9664875212155,165.08417393526287,3.6720082163207994,0.8089147648671358
2009,171.65869797879148,188.82456777667062,180.0371613055242,2506,180.15288078555088,180.08665729919943,179.94174958943654,4.882755563462188,0.7835979868790685
2009,188.82456777667062,207.70702455433772,198.04087743607664,5848,196.2613138496477,196.1733999576254,192.32306263458128,5.915353268325775,0.7623295170037427
2009,207.70702455433772,228.4777270097715,217.84496517968435,3330,218.17410405182227,218.09733320921185,219.56195133389966,5.785201920901236,0.7126974292819133
2009,228.4777270097715,251.32549971074866,239.62946169765277,4040,241.10421015987274,241.00789738999885,241.8483148151601,6.790948852505866,0.6844356556646609
2009,251.32549971074866,276.4580496818235,263.59240786741805,4737,263.5830037189676,263.4741935441043,264.1346782964206,7.5835873093594985,0.6501480984833697
2009,276.4580496818235,304.1038546500059,289.9516486541599,3993,290.4263898294838,290.3325004467204,288.89730438671006,7.384685446318476,0.6099450889863953
2009,304.1038546500059,334.5142401150066,318.9468135195759,4566,320.8571449063519,320.72996034512425,321.0887183040863,9.015216770045239,0.5760564217030053
2009,334.5142401150066,367.96566412650725,350.8414948715336,3545,351.02367138985943,350.9110540754383,350.80386961243363,8.887595988353375,0.5373046924728627
2009,367.96566412650725,404.762230539158,385.92564435868695,9341,384.8650062769977,384.79309281830194,383.8207043994862,7.4622857096408195,0.5072182097481901
2009,404.762230539158,445.23845359307387,424.5182087945557,4852,422.19852184649545,422.0465638367717,418.4883809258914,11.368187204222584,0.42794096429511064
2009,445.23845359307387,489.7622989523813,466.9700296740113,3861,466.35081945085193,466.18068507020143,466.3627913671176,12.607843725205319,0.3867619476011441
2009,489.7622989523813,538.7385288476195,513.6670326414124,4589,511.87947316164156,511.6582995276672,511.760939199315,15.085847097966438,0.35399356683951894
2009,538.7385288476195,592.6123817323814,565.0337359055537,4067,565.6974337212791,565.5005730944425,567.8895583373044,14.909421209833146,0.315046636169978
2009,592.6123817323814,651.8736199056196,621.5371094961091,3425,619.6891161374847,619.5030797925309,619.0656522572358,15.207956291059507,0.28052992947287125
2009,651.8736199056196,717.0609818961816,683.6908204457201,3377,681.3422758770045,681.0659630083476,680.9722174829594,19.45004304205003,0.2514618890407122
2009,717.0609818961816,788.7670800857999,752.0599024902922,3439,755.156648125206,754.9115535688558,760.2126209718856,19.199878259591838,0.22280122552555867
2009,788.7670800857999,867.6437880943799,827.2658927393215,3042,826.7840894163714,826.5351278851693,825.4208696763144,20.339667437665124,0.19361436682593972
2009,867.6437880943799,954.408166903818,909.9924820132537,2016,912.5183299554631,912.1985684359724,907.9629566439459,24.171741424320714,0.16779685471071995
2009,954.408166903818,1049.8489835941998,1000.9917302145791,2256,1001.9229997640547,1001.5668244724704,994.632147959959,26.71102967321674,0.15068702419649146
2009,1049.8489835941998,1154.83388195362,1101.090903236037,1703,1097.439456291088,1097.0968459096823,1099.460598408851,27.47120770508702,0.13154030909723577
2009,1154.83388195362,1270.317270148982,1211.199993559641,1994,1211.0998059133017,1210.6117283191163,1221.6228871209455,34.256527248886826,0.11708691556264693
2009,1270.317270148982,1397.3489971638805,1332.3199929156053,1353,1333.3560777050898,1332.899255572631,1325.625916700161,34.89654598268768,0.10016379946871261
2009,1397.3489971638805,1537.0838968802684,1465.5519922071658,1269,1460.644346853668,1460.094985733715,1456.867834978695,40.11773647597594,0.08868086262062176
2009,1537.0838968802684,1690.7922865682956,1612.1071914278825,1397,1623.9709517283345,1623.4677484409137,1650.8417393526288,40.1788325686965,0.07791083537729043
2009,1690.7922865682956,1859.8715152251254,1773.317910570671,1005,1778.483837062216,1777.7106569125776,1778.7819741524577,52.4309040021331,0.06605446968861127
2009,1859.8715152251254,2045.8586667476377,1950.649701627738,764,1949.133067904045,1948.520022585862,1939.739043739339,48.99787614902346,0.057525015488809866
2009,2045.8586667476377,2250.444533422402,2145.714671790512,914,2123.760937190042,2122.8390904875887,2104.823217674602,62.88510568372704,0.05104093289313994
2009,2250.444533422402,2475.488986764642,2360.2861389695636,574,2345.145798094768,2344.291557957392,2338.4173237929986,63.51512016159928,0.04328379743182802
2009,2475.488986764642,2723.037885441107,2596.31475286652,810,2553.8633801977344,2552.546654569251,2518.7717838172734,82.47486712712347,0.0384122484659713
2009,2723.037885441107,2995.3416739852178,2855.9462281531723,656,2854.008417149775,2852.9731268569885,2888.9730438671004,76.8063935206919,0.031537762991504494
2009,2995.3416739852178,3294.8758413837395,3141.54085096849,374,3125.0412055868537,3124.030155347566,3109.3604160706764,79.77792309103361,0.025970278459096812
2009,3294.8758413837395,3624.363425522114,3455.694936065339,491,3399.8261882199286,3398.139103386835,3359.4629395826,107.82241750360839,0.02279613331409609
2009,3624.363425522114,3986.799768074326,3801.2644296718736,346,3786.8758854606854,3785.4622002911415,3755.664957027231,103.89845397037601,0.018629006933894608
2009,3986.799768074326,4385.479744881758,4181.390872639061,388,4165.229006643091,4164.120673002805,4127.104348381572,96.63713425675978,0.01569249832381373
2009,4385.479744881758,4824.027719369935,4599.529959902968,244,4593.335207724438,4591.7070256626,4578.196853659678,122.68705374504644,0.012399534911353085
2009,4824.027719369935,5306.430491306929,5059.482955893265,252,5024.572668253919,5023.164763440872,4952.525218057886,119.87319470952869,0.010328702249908764
2009,5306.430491306929,5837.073540437622,5565.4312514825915,199,5588.530663439534,5585.986448135742,5596.3534964054115,168.73524076294711,0.008189973435630203
2009,5837.073540437622,6420.780894481385,6121.974376630851,117,6151.685369716872,6149.659478733588,6190.656522572358,158.16134705963796,0.0065010566338784825
2009,6420.780894481385,7062.858983929525,6734.171814293937,152,6705.534511634793,6703.509513822685,6603.366957410515,166.2958617376178,0.005508075398677722
2009,7062.858983929525,7769.144882322476,7407.588995723331,95,7387.247435740277,7385.352924959929,7428.78782708683,168.18667794092343,0.004218048494827162
2009,7769.144882322476,8546.059370554725,8148.347895295665,102,8149.598740073874,8147.06870735571,8254.208696763144,203.71263901359575,0.0034117816799205617
2009,8546.059370554725,9400.6653076102,8963.182684825231,64,8937.721662860577,8935.082858263451,8955.816435988012,218.92955297760543,0.002546105731284001
2009,9400.6653076102,10340.731838371219,9859.500953307757,62,9893.188339424138,9889.693193491898,9905.050436115773,265.2250630604218,0.002002936508610081
2009,10340.731838371219,11374.805022208342,10845.451048638532,28,10814.104127480363,10810.537216778932,10730.471305792087,283.3057144129444,0.0014767413241447206
2009,11374.805022208342,12512.285524429177,11929.996153502387,35,12037.678545371757,12032.693565395362,12133.686784241821,349.8538216361777,0.0012391047892248805
2009,12512.285524429177,13763.514076872098,13122.995768852626,25,13168.302319128903,13164.513401429489,13206.73391482103,321.0226743057859,0.0009420591205750804
2009,13763.514076872098,15139.865484559306,14435.295345737892,21,14484.642644102763,14479.885128334805,14444.865219335503,380.04698660016084,0.0007298836429680803
2009,15139.865484559306,16653.85203301524,15878.82488031168,13,16208.85311174684,16204.932086777515,16267.394499580805,366.9580603504943,0.0005516562417782002
2009,16653.85203301524,18319.237236316767,17466.707368342853,17,17826.760184905776,17821.75366173295,17994.174958943655,431.3608157452697,0.0004413249934225602
2009,18319.237236316767,20151.160959948444,19213.37810517714,9,18936.347024964183,18929.70063377739,18654.511654684706,536.4704041408999,0.00029704566864980015
2009,20151.160959948444,22166.27705594329,21134.715915694855,8,20992.619445651573,20984.832617129334,20742.826454965783,615.7603233696537,0.0002206624967112801
2009,22166.27705594329,24382.90476153762,23248.187507264338,4,23649.75240274834,23636.08722605389,24043.271802366522,916.6677826588689,0.00015276634387704008
2009,24382.90476153762,26821.195237691383,25573.006257990775,3,25764.136745496693,25757.465085109365,26000.757394803906,715.0895604976267,0.00011881826745992006
2009,26821.195237691383,29503.314761460522,28130.306883789854,1,27513.753848920587,27513.75384892058,27513.753848920587,,9.335721014708004e-05
2009,29503.314761460522,32453.64623760658,30943.337572168843,1,30210.40383015311,30210.40383015311,30210.40383015311,,8.487019104280003e-05
2009,32453.64623760658,35699.01086136724,34037.67132938573,1,33016.834787052576,33016.83478705258,33016.834787052576,,7.638317193852004e-05
2009,35699.01086136724,39268.91194750397,37441.43846232431,2,36902.50353105382,36897.882433404695,36902.50353105382,825.8798824076426,6.789615283424003e-05
2009,39268.91194750397,43195.803142254365,41185.58230855674,1,41271.04348381572,41271.04348381569,41271.04348381572,,5.092211462568002e-05
2009,43195.803142254365,47515.38345647981,45304.140539412416,1,47131.53165851755,47131.53165851759,47131.53165851755,,4.243509552140002e-05
2009,52266.92180212779,57493.613982340576,54818.01005268903,1,53652.356528960445,53652.35652896041,53652.356528960445,,3.3948076417120015e-05
2009,57493.613982340576,63242.97538057464,60299.811057957944,1,61081.14435604727,61081.14435604728,61081.14435604727,,2.546105731284001e-05
2009,69567.27291863211,76524.00021049533,72962.77138012912,1,70160.77392248673,70160.77392248667,70160.77392248673,,1.6974038208560008e-05
2009,76524.00021049533,84176.40023154486,80259.04851814204,1,78141.76831138702,78141.76831138699,78141.76831138702,,8.487019104280004e-06
2011,0.8177691469857601,0.8995460616843362,0.8576835171192224,3,0.8177691469857601,0.8177691469857601,0.8177691469857601,0.0,0.9839076356530888
2011,3.757627139475956,4.1333898534235525,3.941032592006679,2,4.0888457349288005,4.0888457349288005,4.0888457349288005,0.0,0.9838794528784007
2011,4.546728838765908,5.001401722642499,4.768649436328083,2,4.90661488191456,4.90661488191456,4.90661488191456,0.0,0.983860664361942
2011,5.501541894906749,6.051696084397425,5.770065817956981,1,5.724384028900321,5.72438402890032,5.724384028900321,,0.9838418758454832
2011,6.051696084397425,6.656865692837168,6.34707239975268,7,6.54215317588608,6.54215317588608,6.542153175886081,9.593423386663633e-16,0.9838324815872539
2011,8.054807488332974,8.860288237166273,8.44795336407082,21,8.1776914698576,8.177691469857594,8.177691469857601,1.820224107610997e-15,0.9837667217796483
2011,8.860288237166273,9.7463170608829,9.292748700477901,7,8.995460616843362,8.99546061684336,8.995460616843362,0.0,0.9835694423568315
2011,9.7463170608829,10.72094876697119,10.22202357052569,12,9.949524621660084,9.945019792083611,9.81322976382912,0.31831620874814265,0.9835036825492259
2011,10.72094876697119,11.79304364366831,11.244225927578261,12,11.44876805780064,11.448768057800642,11.448768057800642,1.8553442084620055e-15,0.9833909514504735
2011,11.79304364366831,12.972348008035143,12.368648520336087,10,12.266537204786403,12.266537204786404,12.266537204786403,0.0,0.9832782203517211
2011,12.972348008035143,14.269582808838658,13.605513372369698,49,13.468157175867518,13.46198757701404,13.084306351772161,0.41234682473582124,0.9831842777694273
2011,14.269582808838658,15.696541089722526,14.96606470960667,22,15.12872921923656,15.123202742625052,15.128729219236565,0.41850670346170116,0.9827239591161882
2011,15.696541089722526,17.266195198694778,16.462671180567337,73,16.489810744699163,16.487085474196903,16.355382939715202,0.3051817672439702,0.982517285435142
2011,17.266195198694778,18.992814718564258,18.10893829862407,77,18.511319781768574,18.507105511045115,18.808690380672484,0.39596392295143085,0.981831504584398
2011,18.992814718564258,20.892096190420688,19.919832128486483,85,20.309537285728695,20.30723047434529,20.444228674644002,0.3051229029812481,0.9811081467007365
2011,20.892096190420688,22.981305809462757,21.91181534133513,104,22.103356463240114,22.09098440595079,22.079766968615523,0.742506708328778,0.98030963475124
2011,22.981305809462757,25.279436390409035,24.102996875468648,54,24.45735504411115,24.456185032406626,24.533074409572805,0.239264875892085,0.9793326318953856
2011,25.279436390409035,27.807380029449938,26.513296563015512,420,27.085682389806927,27.07929718031858,26.986381850530087,0.5855285409972646,0.9788253419509996
2011,27.807380029449938,30.588118032394938,29.164626219317068,161,29.048582308146347,29.041947843228698,28.621920144501605,0.6273877550381156,0.974879753494664
2011,30.588118032394938,33.64692983563443,32.08108884124878,175,32.63599841456313,32.626504396532695,32.710765879430404,0.7854957903629075,0.9733672779197354
2011,33.64692983563443,37.01162281919788,35.289197725373654,162,35.82030782105527,35.81254400174909,35.98184246737345,0.7451597656401503,0.9717232827295956
2011,37.01162281919788,40.712785101117674,38.81811749791103,103,38.63363756536611,38.62152142232118,38.43514990833073,0.9747939751784499,0.9702014128964377
2011,40.712785101117674,44.78406361122944,42.69992924770214,312,41.73505810081492,41.72161755089118,41.29734192278089,1.0701781349208337,0.9692338042988126
2011,44.78406361122944,49.26246997235239,46.96992217247235,233,47.38147418157837,47.35694547435795,47.430610525174096,1.52344752786265,0.9663027957312491
2011,49.26246997235239,54.18871696958764,51.666914389719594,247,52.45972523882337,52.43914479327124,52.337225407088646,1.4668204781349927,0.9641139335638058
2011,54.18871696958764,59.607588666546405,56.83360582869156,288,56.84063466791996,56.82533148497465,57.24384028900321,1.3184241328035609,0.9617935517811513
2011,59.607588666546405,65.56834753320105,62.516966411560716,411,62.58819048073983,62.55924215019772,62.15045517091777,1.9089895588604526,0.9590880054110927
2011,65.56834753320105,72.12518228652115,68.76866305271679,387,68.99900763960213,68.97816932827597,68.69260834680385,1.7023248584826656,0.9552269652788216
2011,72.12518228652115,79.33770051517328,75.64552935798848,449,75.71376661324061,75.68555794980684,75.23476152268994,2.0744844188372573,0.9515913873440554
2011,79.33770051517328,87.27147056669062,83.21008229378734,724,82.90191203337962,82.8819321362597,81.77691469857601,1.8333391358841569,0.9473733653990681
2011,87.27147056669062,95.99861762335968,91.53109052316607,840,91.42269649421283,91.3862012186804,90.77237531541938,2.590752501079178,0.9405719224410041
2011,95.99861762335968,105.59847938569567,100.6841995754827,863,100.99591103596325,100.96051230938872,101.40337422623426,2.674753098213689,0.9326807455283331
2011,105.59847938569567,116.15832732426524,110.75261953303097,1611,111.35213742410757,111.32081083178636,111.21660399006338,2.6464043994153403,0.9245735006763866
2011,116.15832732426524,127.77416005669177,121.82788148633408,1368,122.6061913859111,122.5750155930217,122.66537204786401,2.758982622460895,0.9094393506688712
2011,127.77416005669177,140.55157606236097,134.01066963496748,1507,134.5488004153764,134.50503913434568,135.7496783996362,3.4273446335886764,0.8965880054110927
2011,140.55157606236097,154.60673366859706,147.41173659846424,2443,147.64431977048844,147.60829927080272,148.0162156044226,3.257727613617422,0.8824308582594318
2011,154.60673366859706,170.0674070354568,162.15291025831067,2193,162.6148678321223,162.57501479167223,163.55382939715201,3.5892583058700227,0.8594806854050804
2011,170.0674070354568,187.07414773900248,178.36820128414178,2206,178.21806870651864,178.15483843042773,177.45590489590995,4.750459917631862,0.8388790771080715
2011,187.07414773900248,205.78156251290275,196.20502141255596,2639,197.22026031989583,197.12971077974726,196.26459527658244,5.973512969975274,0.8181553434540809
2011,205.78156251290275,226.35971876419305,215.8255235538116,4167,219.683368458273,219.63095345861623,222.43320798012675,4.753217883926812,0.7933638959867729
2011,226.35971876419305,248.99569064061234,237.40807590919275,3247,239.53181135493742,239.44148820043873,242.059667507785,6.546765299920501,0.7542180219449872
2011,248.99569064061234,273.8952597046736,261.148883500112,3050,262.1690130137126,262.06152814454776,263.32166532941477,7.499154661073794,0.7237148654742221
2011,273.8952597046736,301.284785675141,287.26377185012325,3816,289.5277805488717,289.4165406991214,290.71693175343773,7.992830898776502,0.695062377874643
2011,301.284785675141,331.41326424265515,315.99014903513563,4034,318.1618643750342,318.0334831727045,318.92996732444647,9.0126530475074,0.6592138884713663
2011,331.41326424265515,364.5545906669207,347.5891639386492,3206,346.68641937296474,346.5715733403719,347.55188746894805,8.926432792800226,0.6213174507740868
2011,364.5545906669207,401.0100497336128,382.3480803325142,3494,379.9904537153092,379.83657325583243,381.08042249536425,10.83363945981477,0.591199458890726
2011,401.0100497336128,441.1110547069741,420.58288836576565,4083,418.35411188854175,418.2087317484615,415.42672666876615,11.075073823707655,0.5583759206373065
2011,441.1110547069741,485.2221601776716,462.64117720234225,9130,452.14008289555176,452.0094092895227,445.6841851072393,10.997498064420798,0.520019164286788
2011,485.2221601776716,533.7443761954388,508.90529492257656,4763,506.9602127607104,506.724128695634,507.0168711311713,15.512345313871991,0.4342495866526379
2011,533.7443761954388,587.1188138149827,559.7958244148342,3981,560.5069024797028,560.3288965623439,560.1718656852457,14.12801339815857,0.3895047347061476
2011,587.1188138149827,645.830695196481,615.7754068563177,3806,614.496575225182,614.3048892813346,613.3268602393201,15.353422109721091,0.3521061926950248
2011,645.830695196481,710.4137647161291,677.3529475419494,4114,674.2089184907152,673.9580922791888,672.2062388222948,18.435398830534474,0.3163516458740418
2011,710.4137647161291,781.4551411877421,745.0882422961445,3213,744.3788837538284,744.0990441125509,735.9922322871842,20.434303122630602,0.27770366751841274
2011,781.4551411877421,859.6006553065164,819.597066525759,3413,822.9620888910113,822.7265426577071,817.7691469857601,19.709553476163766,0.24751991582744626
2011,859.6006553065164,945.5607208371681,901.556773178335,2996,900.9621452405986,900.7211638386777,896.2749850963932,20.912667028791844,0.21545731249060573
2011,945.5607208371681,1040.116792920885,991.7124504961686,2572,992.5752509209472,992.2433509736302,981.3229763829121,25.68399972498826,0.1873121148354126
2011,1040.116792920885,1144.1284722129735,1090.8836955457855,1951,1085.7199473532635,1085.3538672400166,1090.0862729320181,28.215988469783124,0.16315008266947242
2011,1144.1284722129735,1258.5413194342711,1199.972065100364,2212,1203.175390814253,1202.6840991726751,1226.6537204786403,34.20848782552202,0.14482188486397113
2011,1258.5413194342711,1384.3954513776982,1319.9692716104007,1559,1319.9622816989192,1319.511132550619,1308.4306351772161,34.49863253677379,0.12404178566060424
2011,1384.3954513776982,1522.8349965154682,1451.9661987714408,1436,1447.5180189880525,1446.9968177099424,1444.1803135768523,38.86982451848386,0.10939613708101609
2011,1522.8349965154682,1675.1184961670153,1597.1628186485852,1514,1610.031350491924,1609.522871088175,1635.5382939715203,40.23255852007717,0.09590598226364046
2011,1675.1184961670153,1842.630345783717,1756.879100513444,1043,1766.052838531824,1765.2771692953258,1771.2879723711567,52.30422045848874,0.08168307530437396
2011,1842.630345783717,2026.8933803620885,1932.5670105647882,781,1925.3573549905911,1924.7590178506307,1921.7574954165364,48.122616204485844,0.07188486397114084
2011,2026.8933803620885,2229.582718398298,2125.823711621267,1094,2100.5903022948482,2099.681798755128,2079.586940784788,62.140976930153485,0.0645479482940027
2011,2229.582718398298,2452.5409902381275,2338.406082783394,554,2314.6985227783816,2313.954884151955,2297.522418456493,58.930974806522265,0.054270629791071695
2011,2452.5409902381275,2697.7950892619406,2572.2466910617336,942,2519.2376911026954,2517.9771219116824,2456.987402118716,80.35359170615888,0.0490662107320006
2011,2697.7950892619406,2967.574598188135,2829.4713601679073,639,2830.3425296911078,2829.393862117992,2862.1920144501605,73.16133691942305,0.040216819479933864
2011,2967.574598188135,3264.3320580069485,3112.418496184698,410,3091.0357347190975,3090.078199082076,3066.6343011966005,77.1965934595342,0.0342138884713663
2011,3264.3320580069485,3590.7652638076443,3423.6603458031686,604,3366.3020141267316,3364.7398877251508,3335.271465981423,103.23194899163788,0.030362242597324514
2011,3590.7652638076443,3949.841790188409,3766.026380383486,362,3750.8450296517185,3749.513754235691,3716.76077305028,100.46700189704126,0.024688110626784908
2011,3949.841790188409,4344.82596920725,4142.629018421835,447,4120.491754402088,4119.46445872831,4088.845734928801,92.57499186377748,0.021287389147752894
2011,4344.82596920725,4779.308566127975,4556.891920264018,309,4545.682279859334,4544.058587264417,4497.730308421681,121.85843132592139,0.01708815571922441
2011,4779.308566127975,5257.239422740773,5012.581112290421,270,4980.544241576692,4979.215219497929,4906.614881914561,115.88659369338146,0.014185329926349015
2011,5257.239422740773,5782.963365014851,5513.839223519463,260,5537.442001899377,5534.818600649872,5519.941742153881,170.5783398409677,0.011648880204419058
2011,5782.963365014851,6361.2597015163365,6065.2231458714095,148,6077.726606004682,6075.878400316509,6133.268602393201,150.26813608668758,0.009206373064782804
2011,6361.2597015163365,6997.385671667971,6671.745460458551,172,6625.9127053189195,6623.782423617046,6542.153175886081,169.63195190539264,0.007816022846836013
2011,6997.385671667971,7697.124238834768,7338.920006504407,137,7341.459841327119,7339.635907458722,7359.922322871841,164.088885299044,0.006200210431384338
2011,7697.124238834768,8466.836662718246,8072.812007154848,133,8104.787042971809,8102.538003297553,8177.691469857602,190.84487613597406,0.004913197053960619
2011,8466.836662718246,9313.520328990071,8880.093207870334,73,8863.586940154097,8861.123777768998,8975.016388168717,210.2009638736895,0.0036637607094543814
2011,9313.520328990071,10244.872361889078,9768.102528657368,77,9797.607187008132,9794.065321170827,9813.229763829122,265.07134207006214,0.0029779798587103563
2011,10244.872361889078,11269.359598077988,10744.912781523106,49,10736.991805763993,10734.58419820928,10667.79852242924,229.97402667959713,0.0022546219750488503
2011,11269.359598077988,12396.29555788579,11819.404059675417,63,11984.757321567882,11979.909007555674,12266.537204786402,341.3647484546754,0.0017943033218097099
2011,12396.29555788579,13635.92511367437,13001.344465642962,34,13050.465140307191,13046.532342251012,13084.306351772162,324.53364006254327,0.0012024650533593868
2011,13635.92511367437,14999.517625041804,14301.478912207258,17,14422.898237252914,14418.029810091713,14638.067731045105,384.1917053496385,0.0008830602735607996
2011,14999.517625041804,16499.46938754599,15731.626803427984,32,16100.928958573415,16095.204159489886,16355.382939715204,431.02278265929147,0.000723357883661506
2011,16499.46938754599,18149.41632630059,17304.789483770786,10,17340.794761833044,17333.39828974652,17173.152086700964,533.6252644961972,0.0004227416203216594
2011,18149.41632630059,19964.357958930646,19035.268432147863,6,18890.467295371058,18883.18960881547,18624.692322600684,577.6715697549496,0.0003287990380279573
2011,19964.357958930646,21960.793754823717,20938.795275362652,6,21003.03759175094,20994.782222993705,20853.113248136884,646.8479860211704,0.0002724334886517361
2011,21960.793754823717,24156.87313030609,23032.67480289892,5,23447.240536205114,23443.075367573492,23360.393452795226,495.00654697359045,0.0002160679392755148
2011,24156.87313030609,26572.5604433367,25335.942283188815,5,24778.405153668533,24771.346493008365,24533.074409572804,668.7481888784569,0.00016909664812866376
2011,26572.5604433367,29229.81648767037,27869.536511507697,2,27166.699947440444,27166.101513065612,27166.699947440444,255.0082981919392,0.0001221253569818127
2011,29229.81648767037,32152.79813643741,30656.49016265847,3,30934.843881892997,30925.585005872217,30870.785298712446,927.7836348107273,0.0001033368405230723
2011,32152.79813643741,35368.07795008116,33722.13917892432,1,32710.765879430408,32710.765879430415,32710.765879430408,,7.515406583496167e-05
2011,35368.07795008116,38904.885745089276,37094.35309681676,2,36118.001030346575,36117.74438242015,36118.001030346575,192.5572863898275,6.575980760559146e-05
2011,38904.885745089276,42795.3743195982,40803.78840649843,1,40561.3496904937,40561.34969049367,40561.3496904937,,4.697129114685104e-05
2011,42795.3743195982,47074.91175155803,44884.167247148274,1,43505.318619642436,43505.318619642436,43505.318619642436,,3.757703291748084e-05
2011,47074.91175155803,51782.40292671384,49372.58397186311,1,48330.15658685842,48330.15658685843,48330.15658685842,,2.8182774688110626e-05
2011,56960.64321938522,62656.70754132375,59740.82660595437,1,57243.84028900321,57243.84028900323,57243.84028900321,,1.878851645874042e-05
2011,75814.61612500176,83396.07773750194,79515.04021252529,1,81776.91469857602,81776.91469857597,81776.91469857602,,9.39425822937021e-06
2012,0.6920599916402683,0.7612659908042952,0.7258386426968746,3,0.6920599916402684,0.6920599916402683,0.6920599916402683,1.3597399555105182e-16,0.9840907856871369
2012,3.179996966525638,3.4979966631782022,3.3352089556463302,3,3.460299958201342,3.460299958201342,3.460299958201342,0.0,0.9840636368572514
2012,3.8477963294960227,4.232575962445625,4.03560283633206,2,4.15235994984161,4.15235994984161,4.15235994984161,0.0,0.984036488027366
2012,4.655833558690188,5.121416914559207,4.883079431961794,1,4.844419941481878,4.844419941481878,4.844419941481878,,0.9840183888074424
2012,5.121416914559207,5.633558606015129,5.3713873751579735,1,5.536479933122147,5.536479933122147,5.536479933122147,,0.9840093391974806
2012,6.816605913278306,7.498266504606137,7.1493165963352645,10,6.920599916402684,6.9205999164026855,6.920599916402684,0.0,0.9840002895875187
2012,7.498266504606137,8.248093155066751,7.864248255968791,2,7.612659908042951,7.612659908042952,7.612659908042951,0.0,0.9839097934879006
2012,8.248093155066751,9.072902470573428,8.650673081565671,10,8.650749895503356,8.643826525130175,8.650749895503354,0.36474764184338876,0.9838916942679771
2012,9.072902470573428,9.980192717630771,9.51574038972224,3,9.688839882963755,9.688839882963753,9.688839882963755,0.0,0.983801198168359
2012,9.980192717630771,10.978211989393849,10.467314428694463,9,10.380899874604024,10.380899874604024,10.380899874604024,0.0,0.9837740493384736
2012,10.978211989393849,12.076033188333234,11.51404587156391,35,11.369557005518692,11.364427351550557,11.072959866244293,0.34748086170469933,0.9836926028488172
2012,12.076033188333234,13.28363650716656,12.665450458720304,16,12.803109845344963,12.798432910085586,12.803109845344963,0.35737824295989506,0.9833758665001539
2012,13.28363650716656,14.612000157883216,13.931995504592336,31,13.97514692796155,13.97252494055934,13.841199832805367,0.27793798102278217,0.9832310727407648
2012,14.612000157883216,16.073200173671538,15.32519505505157,43,15.692057949982829,15.688671871047578,15.91737980772617,0.32813147214843685,0.9829505348319487
2012,16.073200173671538,17.680520191038696,16.857714560556726,76,17.201333213269304,17.19957620535958,17.30149979100671,0.2451090440831854,0.9825614016035908
2012,17.680520191038696,19.44857221014257,18.543486016612402,51,18.699189578044894,18.68838298970892,18.685619774287243,0.641643690204733,0.9818736312464933
2012,19.44857221014257,21.393429431156825,20.397834618273645,40,20.640689250671002,20.638989397569855,20.76179974920805,0.2663099750660827,0.9814121011384409
2012,21.393429431156825,23.532772374272508,22.43761808010101,333,23.03125773981217,23.026621696430023,22.837979724128857,0.46054629106402867,0.9810501167399686
2012,23.532772374272508,25.886049611699764,24.681379888111117,149,24.59367554184712,24.587429438314754,24.22209970740939,0.5604074469363953,0.9780365966226856
2012,25.886049611699764,28.474654572869742,27.14951787692223,104,27.615855435645322,27.606986269286864,27.682399665610735,0.698874680786328,0.9766882047383758
2012,28.474654572869742,31.32212003015672,29.864469664614454,127,30.210870816170445,30.202655835811864,30.450639632171804,0.7050000161272256,0.9757470453023475
2012,31.32212003015672,34.45433203317239,32.850916631075904,91,32.46597916826709,32.458010626494314,32.52681960709261,0.7269254992717474,0.9745977448371975
2012,34.45433203317239,37.899765236489635,36.13600829418349,262,35.36637873309753,35.35392135384468,35.29505957365368,0.948457598658752,0.9737742303306728
2012,37.899765236489635,41.6897417601386,39.74960912360185,181,40.185361945520555,40.167247789345964,40.13947951513556,1.2044455588343448,0.9714032325206784
2012,41.6897417601386,45.85871593615247,43.72457003596204,200,44.36450576409939,44.34775228960416,44.29183946497717,1.2183936508964408,0.9697652531175907
2012,45.85871593615247,50.444587529767716,48.09702703955825,265,48.14909458819482,48.13886546398228,48.44419941481878,0.9905266893871728,0.9679553311252285
2012,50.444587529767716,55.48904628274449,52.90672974351407,345,53.045896866479005,53.02095300956578,52.59655936466039,1.6301129384216517,0.9655571844853487
2012,55.48904628274449,61.03795091101894,58.19740271786548,330,58.57763541362416,58.560397427094905,58.13303929778254,1.4254708282227686,0.962435069048524
2012,61.03795091101894,67.14174600212085,64.01714298965204,336,64.277131425946,64.25595478467336,64.36157922254496,1.6533505554209458,0.9594486977611265
2012,67.14174600212085,73.85592060233294,70.41885728861726,642,70.23330940083864,70.2171668264997,69.20599916402684,1.5146359594667715,0.9564080288139581
2012,73.85592060233294,81.24151266256624,77.46074301747898,524,77.71014856511785,77.67847482632683,77.51071906371004,2.21912910181764,0.9505981792184757
2012,81.24151266256624,89.36566392882287,85.20681731922689,792,85.37591096365205,85.35226804221804,85.81543896339328,2.00927070744113,0.9458561835984869
2012,89.36566392882287,98.30223032170517,93.72749905114958,862,93.70267487740021,93.67125316271215,93.42809887143622,2.434015336801804,0.9386888925087329
2012,98.30223032170517,108.13245335387569,103.10024895626454,1433,104.74253117021378,104.70860913260482,104.50105873768051,2.651956991668122,0.930888128721652
2012,108.13245335387569,118.94569868926327,113.410273851891,1140,113.52212143572822,113.47994347728714,114.18989862064429,3.0939398020194395,0.9179200376463774
2012,118.94569868926327,130.8402685581896,124.75130123708011,1637,125.49284054886309,125.44093760496688,125.26285848688856,3.608289574360859,0.9076034822899133
2012,130.8402685581896,143.92429541400858,137.22643136078813,2753,139.5847044163217,139.53686918498852,139.10405831969393,3.633843906117472,0.8927892707824293
2012,143.92429541400858,158.31672495540943,150.94907449686696,1609,151.1645692989314,151.10641824770718,151.56113816921876,4.186637457147981,0.8678756945575645
2012,158.31672495540943,174.1483974509504,166.04398194655366,2724,167.1213093322143,167.0522472398196,166.78645798530465,4.796938102104018,0.8533148721290112
2012,174.1483974509504,191.56323719604546,182.64838014120906,2321,183.43078404879085,183.3672026311194,184.08795777631138,4.821333955009336,0.828663734593039
2012,191.56323719604546,210.71956091565002,200.91321815533,2542,202.573745908638,202.49119720557712,204.15769753387914,5.759607401891577,0.8076595898716765
2012,210.71956091565002,231.79151700721502,221.00453997086296,4863,219.13496870397924,219.05662321599198,215.23065740012345,5.904012394595613,0.7846554813487538
2012,231.79151700721502,254.97066870793657,243.1049939679493,3154,243.50352423044689,243.41498212974588,242.2209970740939,6.5656545886466775,0.7406472281044687
2012,254.97066870793657,280.46773557873024,267.41549336474424,3620,269.4602489329029,269.3438619691178,270.5954567313449,7.897669583315726,0.7121047582849179
2012,280.46773557873024,308.5145091366033,294.1570427012187,3814,292.8638569290556,292.76450869308496,291.35725648055296,7.649715692224783,0.6793451702231634
2012,308.5145091366033,339.36596005026365,323.5727469713406,3840,322.29450079434685,322.1730690841137,322.499956104365,8.863519625291069,0.6448299578288176
2012,339.36596005026365,373.30255605529004,355.9300216684747,4285,353.8634365936549,353.74530803065426,350.87441576161604,9.185796161007106,0.6100794555754647
2012,373.30255605529004,410.63281166081913,391.5230238353222,3214,389.37439783544824,389.23225034912696,388.2456553101905,10.539350146693874,0.571301876889106
2012,410.63281166081913,451.69609282690107,430.6753262188545,10753,430.07438420694814,429.9947626403122,430.4613148002469,8.285432559677242,0.5422164304718466
2012,451.69609282690107,496.86570210959115,473.74285884074,4536,474.3290081504181,474.15367304311803,474.753154265224,12.890966023302129,0.4449059745524968
2012,496.86570210959115,546.5522723205503,521.117144724814,4119,520.5384924594292,520.3812852648077,519.0449937302012,12.79906043511412,0.4038569437657237
2012,546.5522723205503,601.2074995526054,573.2288591972954,4163,570.1119725080055,569.9004931641524,568.8733131283005,15.577396036138335,0.36658160033302567
2012,601.2074995526054,661.3282495078661,630.551745117025,4038,631.7474261132412,631.5227405054909,630.4666523842844,16.838486290027348,0.32890807406200795
2012,661.3282495078661,727.4610744586527,693.6069196287276,4030,694.2608454499114,694.0603128460688,692.0599916402683,16.711739999882266,0.29236574903621654
2012,727.4610744586527,800.207181904518,762.9676115916004,2943,763.215657603714,762.9457750972887,761.265990804295,20.316683550742866,0.25589582089011964
2012,800.207181904518,880.2279000949699,839.2643727507606,3989,844.7873437136751,844.5333400556077,848.4655497509689,20.639072807087345,0.2292628187725109
2012,880.2279000949699,968.2506901044669,923.1908100258366,2288,918.9401239171546,918.6781034056401,920.4397888815568,21.97696111341467,0.19316392463484824
2012,968.2506901044669,1065.0757591149138,1015.5098910284204,2775,1016.1662750982026,1015.7399432072465,1031.8614475356399,29.315247933808934,0.17245841704222548
2012,1065.0757591149138,1171.5833350264052,1117.0608801312626,1886,1114.6477479884338,1114.2624293371748,1107.2959866244294,29.322924569542103,0.14734574939820094
2012,1171.5833350264052,1288.7416685290457,1228.7669681443888,1727,1227.7769389849466,1227.3339732123513,1228.4064851614762,32.96772125944341,0.13027818501022606
2012,1288.7416685290457,1417.6158353819505,1351.6436649588277,1956,1357.8793752641761,1357.4166188104912,1384.1199832805366,35.26982813057333,0.11464950860617908
2012,1417.6158353819505,1559.3774189201458,1486.808031454711,1312,1491.9536906669846,1491.324336694086,1491.043251988958,43.32909827592315,0.09694847152087745
2012,1559.3774189201458,1715.3151608121602,1635.488834600182,894,1633.8901627242906,1633.4167489606887,1626.3409803546306,39.40314911542954,0.08507538325098188
2012,1715.3151608121602,1886.8466768933765,1799.0377180602002,1307,1777.2275321203686,1776.459607874495,1757.8323787662814,52.53886593470157,0.07698503194512317
2012,1886.8466768933765,2075.531344582714,1978.9414898662203,738,1962.310787027994,1961.6779239855541,1955.0694763837578,50.019640043196894,0.06515719172503665
2012,2075.531344582714,2283.084479040986,2176.8356388528423,1219,2134.656489440033,2133.6162314320295,2099.0179546449335,67.09121406497106,0.0584785795732204
2012,2283.084479040986,2511.3929269450846,2394.519202738127,841,2392.0522839708647,2391.172900151019,2422.209970740939,64.81040827641068,0.047447105029773215
2012,2511.3929269450846,2762.5322196395937,2633.97112301194,444,2621.8318696809597,2621.0494230196805,2602.1455685674086,64.2600452355728,0.03983638305189046
2012,2762.5322196395937,3038.7854416035534,2897.3682353131344,727,2844.565520989856,2843.2117905948767,2801.4588461598064,88.41576597454883,0.035818356228846535
2012,3038.7854416035534,3342.663985763909,3187.105058844448,460,3168.849424069742,3167.8292140763047,3114.2699623812073,80.80036381152902,0.0292392897866102
2012,3342.663985763909,3676.9303843402995,3505.8155647288927,541,3491.955626506573,3491.081342988658,3460.2999582013417,78.69059781452415,0.0250764692041773
2012,3676.9303843402995,4044.6234227743303,3856.3971212017827,335,3849.6322509909432,3848.4812684574326,3813.2505539378785,94.37473670126357,0.02018063021483774
2012,4044.6234227743303,4449.085765051764,4242.036833321961,398,4215.876450782905,4214.768277932272,4152.35994984161,97.26702533047474,0.017149010877631175
2012,4449.085765051764,4893.9943415569405,4666.2405166541585,288,4679.022409452019,4676.645211895171,4671.404943571811,149.31247994552504,0.013547266112830537
2012,4893.9943415569405,5383.393775712635,5132.864568319575,206,5143.5712716546905,5141.981900657647,5190.449937302013,128.05125049988118,0.010940978443829071
2012,5383.393775712635,5921.733153283899,5646.151025151532,198,5631.6626487400645,5629.647672389452,5536.479933122147,151.77135703035552,0.009076758791696077
2012,5921.733153283899,6513.906468612289,6210.766127666686,122,6202.014740164793,6200.445031028834,6228.539924762415,140.0156779889661,0.00728493601925757
2012,6513.906468612289,7165.297115473519,6831.842740433355,184,6865.047057291126,6863.589192133157,6920.599916402683,141.09994982571084,0.006180883603916671
2012,7165.297115473519,7881.826827020872,7515.027014476691,82,7489.000603195227,7486.758999750879,7482.898659610401,184.458439900939,0.004515755370943513
2012,7881.826827020872,8670.009509722959,8266.52971592436,93,8288.586716222186,8285.307454073063,8304.71989968322,234.33508591129913,0.003773687354075039
2012,8670.009509722959,9537.010460695255,9093.182687516797,63,9113.562268642974,9110.958672567609,8996.779891323487,220.08606270382845,0.0029320736276266493
2012,9537.010460695255,10490.711506764783,10002.500956268479,73,10063.443424192163,10058.847550100896,10034.869878783891,305.5201992252192,0.0023619482000325786
2012,10490.711506764783,11539.782657441263,11002.751051895328,39,11010.284074180872,11006.108729944053,11072.959866244293,307.45550616296094,0.0017013266728204014
2012,11539.782657441263,12693.760923185388,12103.02615708486,37,12260.310360009815,12257.216971680275,12457.07984952483,277.4414068183133,0.0013483918843097862
2012,12693.760923185388,13963.137015503928,13313.328772793348,32,13572.70218292368,13566.730593471297,13841.199832805367,404.9985184338068,0.0010135563157227924
2012,13963.137015503928,15359.450717054324,14644.661650072683,11,14559.117702315103,14553.812338841395,14533.259824445635,414.7088034349009,0.0007239687969448517
2012,15359.450717054324,16895.395788759757,16109.127815079954,15,16110.279996062698,16105.184176112307,15917.37980772617,420.0604187099481,0.0006244230873649345
2012,16895.395788759757,18584.935367635735,17720.04059658795,12,17553.813329625555,17551.51168256689,17396.658039857244,297.70815588980304,0.0004886789379377749
2012,18584.935367635735,20443.42890439931,19492.044656246748,6,19552.078883820857,19550.184433115126,19637.202262792613,296.88163721623533,0.0003800836183960471
2012,20443.42890439931,22487.771794839242,21441.249121871424,11,21265.11610676461,21258.147795343502,21177.03574419221,573.4842794415091,0.00032578595862518323
2012,22487.771794839242,24736.548974323166,23585.374034058565,9,23876.68487602627,23869.944412269546,24180.576107910976,598.8522157713209,0.00022624024904526616
2012,27210.203871755486,29931.22425893104,28538.30258121087,5,28644.639877987363,28635.744103965677,28514.255775562335,799.7144143357918,0.00014479375938897035
2012,29931.22425893104,32924.346684824144,31392.132839331964,2,30727.463628827914,30724.657852113076,30727.463628827914,587.2323756920872,9.95457095799171e-05
2012,32924.346684824144,36216.78135330656,34531.34612326516,1,35987.11956529395,35987.11956529395,35987.11956529395,,8.144648965629581e-05
2012,39838.45948863722,43822.305437500945,41782.92880915085,4,41373.59549522807,41366.303271472825,41627.40849716214,892.0656647847495,7.239687969448517e-05
2012,43822.305437500945,48204.53598125104,45961.22169006593,1,45199.130114017564,45199.13011401758,45199.130114017564,,3.619843984724259e-05
2012,48204.53598125104,53024.989579376146,50557.34385907253,1,48824.83241022092,48824.832410220944,48824.83241022092,,2.714882988543194e-05
2012,53024.989579376146,58327.48853731378,55613.07824497979,1,57510.1853053063,57510.18530530626,57510.1853053063,,1.8099219923621293e-05
2012,64160.23739104516,70576.26113014968,67291.82467642556,1,69205.99916402683,69205.99916402687,69205.99916402683,,9.049609961810647e-06
2013,0.6114811490567047,0.6726292639623752,0.6413268396199232,1,0.6114811490567047,0.6114811490567047,0.6114811490567047,,0.9805005899359627
2013,1.19160377149445,1.3107641486438952,1.2497645790563028,1,1.2229622981134094,1.2229622981134094,1.2229622981134094,,0.9804915832800439
2013,2.3220986459357285,2.5543085105293017,2.43543760618132,1,2.445924596226819,2.445924596226819,2.445924596226819,,0.9804825766241252
2013,4.113739399292547,4.525113339221802,4.314526281044188,1,4.280368043396933,4.280368043396933,4.280368043396933,,0.9804735699682066
2013,4.525113339221802,4.977624673143983,4.745978909148606,5,4.891849192453638,4.891849192453638,4.891849192453638,0.0,0.9804645633122878
2013,6.02292585450422,6.625218439954643,6.316897928076797,13,6.114811490567048,6.11481149056705,6.114811490567047,9.244454088746557e-16,0.9804195300326941
2013,6.625218439954643,7.287740283950107,6.948587720884477,5,6.726292639623752,6.726292639623751,6.726292639623751,9.930136612989092e-16,0.9803024435057508
2013,7.287740283950107,8.01651431234512,7.643446492972926,7,7.337773788680456,7.337773788680455,7.3377737886804555,9.593423386663633e-16,0.9802574102261571
2013,8.01651431234512,8.818165743579632,8.40779114227022,6,8.560736086793867,8.560736086793865,8.560736086793867,0.0,0.9801943636347261
2013,8.818165743579632,9.699982317937595,9.248570256497242,5,9.172217235850571,9.172217235850573,9.172217235850571,0.0,0.9801403236992137
2013,9.699982317937595,10.669980549731356,10.173427282146967,37,10.03159614803837,10.027137023623846,9.783698384907275,0.30436024885796514,0.9800952904196201
2013,10.669980549731356,11.736978604704493,11.190770010361664,11,11.451374245971014,11.448082190072272,11.61814183207739,0.2856224573491923,0.9797620441506273
2013,11.736978604704493,12.910676465174943,12.309847011397832,27,12.433450030819658,12.430144243243904,12.229622981134094,0.29374604245519004,0.9796629709355213
2013,12.910676465174943,14.201744111692438,13.540831712537615,27,13.950829178478891,13.948768939864244,14.064066428304207,0.24205321729405763,0.9794197912257158
2013,14.201744111692438,15.621918522861684,14.894914883791378,54,15.18511520157483,15.183373908814158,15.287028726417617,0.23002538692491947,0.9791766115159103
2013,15.621918522861684,17.184110375147853,16.38440637217052,37,16.543044059615177,16.532662008232375,16.50999102453103,0.5933073504706944,0.9786902520962991
2013,17.184110375147853,18.90252141266264,18.022847009387572,42,18.28619817179098,18.285300957903278,18.344434471701142,0.181672123870968,0.9783570058273063
2013,18.90252141266264,20.792773553928907,19.825131710326332,231,20.2847621005261,20.279960398951413,20.178877918871255,0.4399738698244324,0.97797872627872
2013,20.792773553928907,22.8720509093218,21.807644881358968,134,21.87642260132718,21.87000833316134,21.401840216984663,0.5336134637172901,0.9758981887614947
2013,22.8720509093218,25.15925600025398,23.988409369494864,119,24.305091050741282,24.297878395785187,24.459245962268188,0.5915607080463363,0.9746912968683857
2013,25.15925600025398,27.675181600279384,26.387250306444354,142,26.6855540894676,26.67856896323709,26.905170558495005,0.6107936021029534,0.9736195048140576
2013,27.675181600279384,30.44269976030732,29.02597533708879,81,28.679220805758273,28.67290933781777,28.739614005665118,0.6084539960623843,0.9723405596735988
2013,30.44269976030732,33.486969736338054,31.92857287079767,300,31.201844765866785,31.19118092387198,30.574057452835234,0.8246349859169119,0.9716110205441821
2013,33.486969736338054,36.83566670997187,35.12143015787744,204,35.44192699238469,35.423007455157816,35.465906645288875,1.1577296229031762,0.9689090237685649
2013,36.83566670997187,40.519233380969055,38.63357317366519,234,39.36213909504761,39.34770221099726,39.7462746886858,1.061880941971646,0.9670716659611452
2013,40.519233380969055,44.57115671906597,42.49693049103171,308,42.66470744554735,42.6557065663171,42.803680433969326,0.874631549441223,0.9649641084761639
2013,44.57115671906597,49.02827239097257,46.74662354013489,299,46.78342062147551,46.76179501296073,45.86108617925285,1.4295500613196317,0.9621900584531969
2013,49.02827239097257,53.93109963006982,51.421285894148376,282,51.80242784030027,51.785213316364974,51.9758976698199,1.337951237211837,0.9594970683334985
2013,53.93109963006982,59.324209593076816,56.56341448356322,272,56.86549876981377,56.84313190140557,56.867746862273535,1.5980898959205512,0.9569571913644183
2013,59.324209593076816,65.2566305523845,62.21975593191954,518,61.92958309230278,61.91520228192863,61.14811490567047,1.3451749565886404,0.9545073809545254
2013,65.2566305523845,71.78229360762295,68.4417315251115,486,68.76772362724948,68.74374018204645,69.09736984340763,1.8153816030488792,0.9498419331886264
2013,71.78229360762295,78.96052296838526,75.28590467762267,507,75.60898073839215,75.58459851219453,76.43514363208809,1.9197716301006453,0.9454646984121265
2013,78.96052296838526,86.85657526522378,82.81449514538494,793,82.8098153335405,82.78509757009834,82.54995512265513,2.0303551647782387,0.9408983238613335
2013,86.85657526522378,95.54223279174617,91.09594465992345,885,91.54805569233363,91.5219682518794,91.7221723585057,2.1847068781836674,0.9337560457177855
2013,95.54223279174617,105.09645607092081,100.20553912591579,1349,101.23616630776527,101.20493553470554,102.11735189246969,2.5024595035884643,0.9257851552297147
2013,105.09645607092081,115.60610167801288,110.22609303850739,1144,110.07783157157938,110.03428420346852,110.06660683020684,3.100521418421857,0.9136351763953562
2013,115.60610167801288,127.16671184581419,121.24870234235813,1746,121.76880105390714,121.74115519927119,122.29622981134094,2.586892455328221,0.903331562024336
2013,127.16671184581419,139.8833830303956,133.37357257659394,2262,135.37008604999232,135.32078361576652,137.58325853775855,3.6246105734071272,0.887605940790244
2013,139.8833830303956,153.8717213334352,146.71092983425336,2148,147.85830536925423,147.79577614647806,147.97843807172254,4.2930859959950025,0.8672328851020904
2013,153.8717213334352,169.25889346677874,161.38202281767872,2230,162.1332669486087,162.08325839328424,162.65398564908344,4.022757787970255,0.8478865881886715
2013,169.25889346677874,186.1847828134566,177.52022509944658,2600,179.07601746217324,179.00776372462926,180.3869389717279,4.921436806386738,0.827801745489917
2013,186.1847828134566,204.80326109480228,195.27224760939126,2204,196.86335957019907,196.7841510710691,198.11989229437233,5.5705439206702865,0.8043844401012348
2013,204.80326109480228,225.28358720428255,214.79947237033042,4778,211.72489993622477,211.6431171159417,207.2921095302229,5.9326483298614905,0.7845337704563673
2013,225.28358720428255,247.8119459247108,236.27941960736348,3803,237.60038251306315,237.49745208379218,239.08912928117152,6.972130671424064,0.7414999684767043
2013,247.8119459247108,272.59314051718195,259.9073615680999,2718,260.22414954128305,260.1376552909435,259.8794883490995,6.705775887707242,0.7072476560177972
2013,272.59314051718195,299.85245456890016,285.89809772490986,4162,283.450015072866,283.33539708185475,281.28132856608414,8.102202277654222,0.6827675652307055
2013,299.85245456890016,329.8377000257902,314.4879074974009,4462,312.67791175998576,312.557292550294,310.632423720806,8.726393695734942,0.6452818632969765
2013,329.8377000257902,362.8214700283693,345.936698247141,3305,345.4013713680626,345.2713171130085,344.8753680679814,9.494322152218402,0.6050941645876302
2013,362.8214700283693,399.10361703120617,380.5303680718551,4028,379.38716373466525,379.21443930239496,379.11831241515694,11.474751491694404,0.5753271667762476
2013,399.10361703120617,439.0139787343268,418.58340487904064,10321,416.38062637761936,416.31956654208784,414.5842190604458,7.170964653471985,0.5390483567356277
2013,439.0139787343268,482.9153766077595,460.4417453669447,4564,459.3303301909585,459.1719102993966,458.6108617925285,12.086480422545776,0.4460906609984779
2013,482.9153766077595,531.2069142685356,506.4859199036392,4521,504.95831961787917,504.76457516652914,506.3063914189514,14.003504758683762,0.4049842833854218
2013,531.2069142685356,584.3276056953891,557.1345118940033,4119,557.3908240972478,557.1863973300608,552.7789587472611,15.108500644743291,0.3642651919768709
2013,584.3276056953891,642.7603662649282,612.8479630834036,4723,614.3303689693217,614.1670315267074,611.4811490567047,14.1851883740589,0.327166776247647
2013,642.7603662649282,707.0364028914211,674.1327593917441,3090,675.0506501565039,674.827975069627,672.6292639623751,17.347476189956165,0.28462834034351386
2013,707.0364028914211,777.7400431805631,741.5460353309185,3405,741.5978725770387,741.3518748824313,733.7773788680456,19.11632416156486,0.2567977735546569
2013,777.7400431805631,855.5140474986194,815.7006388640103,3515,816.9896124357816,816.7737879353145,821.8306643322111,18.730252277083657,0.2261301101514019
2013,855.5140474986194,941.0654522484816,897.2707027504115,3120,896.5785511655076,896.2052799567126,903.7691383058095,25.777764299961934,0.19447171459708726
2013,941.0654522484816,1035.1719974733298,986.9977730254528,2078,988.6199457405312,988.2688626588068,982.0387253850678,26.329825286642375,0.16637094813066858
2013,1035.1719974733298,1138.689197220663,1085.697550327998,1898,1083.8281068825218,1083.4273870562533,1080.4871903831972,29.48043159634434,0.1476551171315602
2013,1138.689197220663,1252.5581169427294,1194.267305360798,2277,1202.3883877965309,1202.0110409589345,1222.9622981134094,29.9638118528543,0.13056048419782218
2013,1252.5581169427294,1377.8139286370024,1313.694035896878,1404,1318.718329733,1318.1646861831787,1318.6590979407838,38.215302168455466,0.11005232867088778
2013,1377.8139286370024,1515.5953215007025,1445.0634394865658,1049,1442.2986626501238,1441.8509941627156,1436.980700283256,36.01624720625211,0.09740698376099938
2013,1515.5953215007025,1667.154853650773,1589.5697834352225,1491,1571.0324603806878,1570.3413862772763,1550.1047128587466,46.85920343365696,0.08795900170225797
2013,1667.154853650773,1833.8703390158503,1748.5267617787447,819,1733.5983344449126,1733.008474472156,1732.3260952776445,45.35711525416151,0.07453007772744058
2013,1833.8703390158503,2017.2573729174358,1923.3794379566195,1305,1885.1396858222527,1884.22060564581,1849.7304758965317,59.285369008637645,0.06715362653000567
2013,2017.2573729174358,2218.9831102091794,2115.7173817522817,876,2107.718979733309,2106.970767652282,2140.1840216984665,56.13864536008077,0.055399940556070934
2013,2218.9831102091794,2440.8814212300977,2327.28911992751,586,2315.0196301019664,2314.3486294458307,2303.7552290711346,55.90310898384342,0.04751010997126877
2013,2440.8814212300977,2684.969563353108,2560.0180319202614,798,2514.60205169719,2513.3366057475796,2466.409214720218,80.38371153198231,0.04223220960289654
2013,2684.969563353108,2953.466519688419,2816.0198351122876,537,2800.753328771345,2799.788508493469,2763.894793736305,73.82263944712636,0.03504489817975484
2013,2953.466519688419,3248.81317165726,3097.6218186235164,634,3080.2986736021503,3079.532611285164,3057.405745283523,69.14867344892313,0.030208323951400086
2013,3248.81317165726,3573.694488822987,3407.3840004858685,380,3395.324710700525,3394.196763026156,3363.1463198118754,87.82232808002986,0.024498104098929108
2013,3573.694488822987,3931.063937705286,3748.1224005344557,387,3716.606124786382,3715.637403637209,3668.886894340228,85.51544461940881,0.021075574849814014
2013,3931.063937705286,4324.170331475815,4122.934640587902,391,4139.943195990029,4137.996469827149,4127.497756132757,126.9693697221747,0.01758999900926785
2013,4324.170331475815,4756.587364623397,4535.228104646692,232,4552.780259607087,4551.3467245772645,4586.108617925285,114.25960825052537,0.01406839654504679
2013,4756.587364623397,5232.246101085738,4988.750915111362,288,4983.393016143668,4981.758611605603,4891.849192453637,128.40615859246938,0.011978852371902837
2013,5232.246101085738,5755.470711194311,5487.626006622499,175,5502.876098371043,5501.462471583187,5503.330341510342,125.14917400897077,0.009384935467310342
2013,5755.470711194311,6331.017782313743,6036.388607284749,233,6072.0865416114975,6070.772712530318,6114.811490567046,125.77931762280792,0.007808770681533654
2013,6331.017782313743,6964.119560545118,6640.027468013224,126,6618.278862365378,6615.772997808013,6626.009731178452,183.09180038507364,0.005710219852470976
2013,6964.119560545118,7660.53151659963,7304.030214814547,121,7329.122088455785,7326.517503983437,7337.773788680456,196.08610288755494,0.00457538120671176
2013,7660.53151659963,8426.584668259593,8034.433236296002,90,8037.002482626798,8034.391337695561,7969.433815656032,206.19607615771685,0.003485575840546164
2013,8426.584668259593,9269.243135085553,8837.876559925602,89,8916.70056244137,8912.193298988164,9062.150629020363,284.11258450335794,0.0026749768078610093
2013,9269.243135085553,10196.167448594111,9721.664215918165,46,9751.22341866498,9747.887358790502,9783.698384907275,257.16487302746856,0.001873384431094579
2013,10196.167448594111,11215.78419345352,10693.830637509982,39,10697.925418762334,10694.324049312496,10700.920108492332,281.0467408363871,0.0014590782588332779
2013,11215.78419345352,12337.362612798875,11763.21370126098,35,12034.385785685274,12029.95334936291,12229.622981134093,327.3321431534047,0.0011078186780030443
2013,12337.362612798875,13571.098874078765,12939.535071387081,16,13071.326782810647,13066.976382264738,13033.720692143661,347.60610313807,0.0007925857208477065
2013,13571.098874078765,14928.208761486641,14233.48857852579,11,14214.490790972159,14210.262599976371,14064.066428304208,365.12952108093174,0.0006484792261481234
2013,14928.208761486641,16421.029637635307,15656.83743637837,17,15501.191006504889,15496.43109571988,15287.028726417617,397.66933439860264,0.0005494060110421601
2013,16421.029637635307,18063.13260139884,17222.521180016207,12,17151.74049046604,17140.99121414076,17121.472173587732,635.7223571280455,0.0003962928604238532
2013,18063.13260139884,19869.445861538727,18944.773298017833,7,18907.870673331963,18902.697012127894,18894.767505852175,478.1874928736768,0.000288212989399166
2013,19869.445861538727,21856.390447692596,20839.250627819616,3,20621.386443738626,20616.649167917756,20331.74820613543,544.0396729379011,0.00022516639796809842
2013,21856.390447692596,24042.02949246186,22923.175690601576,2,22609.515486371656,22609.510318342418,22609.515486371656,21.619123353289588,0.0001981464302119266
2013,24042.02949246186,26446.23244170805,25215.49325966174,3,25060.535758840615,25046.33143674812,24459.245962268185,1041.4644777361984,0.00018013311837447875
2013,26446.23244170805,29090.855685878854,27737.042585627914,3,27245.357904420216,27241.466820172293,27516.651707551708,561.7712736962899,0.00015311315061830694
2013,29090.855685878854,31999.941254466743,30510.746844190708,5,30571.97841692844,30569.897437075415,30574.057452835234,399.5072673377271,0.00012609318286213513
2013,31999.941254466743,35199.93537991342,33561.821528609784,2,34752.308144339695,34752.15811148399,34752.308144339695,144.41574399995656,8.105990326851543e-05
2013,35199.93537991342,38719.92891790477,36918.003681470764,2,36681.22542903907,36669.563990694245,36681.22542903907,1307.9569628738582,6.304659143106756e-05
2013,38719.92891790477,42591.921809695246,40609.804049617844,1,38798.478907647914,38798.4789076479,38798.478907647914,,4.503327959361969e-05
2013,42591.921809695246,46851.11399066477,44670.784454579625,2,43091.68805517504,43089.05517662596,43091.68805517504,673.6518836884225,3.602662367489575e-05
2013,46851.11399066477,51536.22538973126,49137.8629000376,2,49529.97307359308,49526.198354761706,49529.97307359308,864.7649341314755,1.8013311837447874e-05
2014,0.5852691209249501,0.6437960330174451,0.613835432586854,1,0.5852691209249501,0.5852691209249501,0.5852691209249501,,0.9932011824030603
2014,1.6698411064812904,1.8368252171294195,1.7513441275158135,1,1.7558073627748503,1.7558073627748503,1.7558073627748503,,0.9931924882629108
2014,2.689295800399184,2.958225380439103,2.8205572308054943,1,2.9263456046247502,2.9263456046247502,2.9263456046247502,,0.9931837941227613
2014,3.254047918483013,3.579452710331315,3.4128742492746484,1,3.5116147255497006,3.5116147255497006,3.5116147255497006,,0.9931750999826117
2014,3.9373979813644464,4.331137779500891,4.129577841622325,1,4.096883846474651,4.096883846474651,4.096883846474651,,0.9931664058424622
2014,4.331137779500891,4.764251557450981,4.5425356257845575,3,4.682152967399601,4.682152967399602,4.682152967399601,0.0,0.9931577117023126
2014,5.764744384515688,6.3412188229672575,6.046114917919248,6,5.8526912092495005,5.8526912092495,5.8526912092495005,0.0,0.993131629281864
2014,6.3412188229672575,6.975340705263983,6.650726409711174,6,6.437960330174451,6.4379603301744535,6.437960330174452,9.729507111180987e-16,0.9930794644409668
2014,6.975340705263983,7.672874775790383,7.315799050682291,4,7.023229451099401,7.023229451099402,7.023229451099401,0.0,0.9930272996000695
2014,7.672874775790383,8.440162253369422,8.047378955750522,3,8.193767692949303,8.193767692949304,8.193767692949303,0.0,0.9929925230394714
2014,8.440162253369422,9.284178478706364,8.852116851325574,3,8.779036813874251,8.779036813874251,8.779036813874251,0.0,0.9929664406190227
2014,9.284178478706364,10.212596326577001,9.737328536458133,22,9.656940495261678,9.652505619943861,9.656940495261676,0.29952102171995276,0.9929403581985742
2014,10.212596326577001,11.233855959234702,10.711061390103946,8,10.973796017342814,10.97081617418894,11.120113297574052,0.27092695796426547,0.9927490871152843
2014,11.233855959234702,12.357241555158174,11.782167529114343,17,12.049658371984266,12.046195312266109,12.290651539423951,0.29690682382729944,0.992679533994088
2014,12.357241555158174,13.592965710673992,12.960384282025776,19,13.12234976389625,13.119182645341276,12.875920660348903,0.2968820185451777,0.9925317336115458
2014,13.592965710673992,14.952262281741394,14.256422710228357,38,14.431504376491532,14.428810023408662,14.631728023123753,0.28138739004962054,0.9923665449487046
2014,14.952262281741394,16.447488509915534,15.682064981251193,35,15.902598114275072,15.8936106583166,16.387535385898605,0.5402578773631397,0.992036167623022
2014,16.447488509915534,18.092237360907088,17.250271479376316,24,17.411756347517265,17.409890982368324,17.558073627748502,0.25887967219869434,0.9917318727177882
2014,18.092237360907088,19.9014610969978,18.975298627313947,73,19.345950531395957,19.338058540619446,19.31388099052335,0.5508513507157838,0.9915232133541992
2014,19.9014610969978,21.891607206697582,20.872828490045343,184,21.250994548367345,21.246609053339267,21.069688353298204,0.431218486740282,0.990888541123283
2014,21.891607206697582,24.08076792736734,22.96011133904988,123,23.077684849479745,23.068360540646648,23.410764836998002,0.6579080664371066,0.9892888193357677
2014,24.08076792736734,26.48884472010408,25.25612247295487,89,25.66635257269753,25.65840427823892,25.751841320697807,0.6396139903124463,0.9882194400973744
2014,26.48884472010408,29.137729192114488,27.78173472025036,95,27.76023851460869,27.752635657499784,27.507648683472652,0.653808305745826,0.9874456616240653
2014,29.137729192114488,32.05150211132594,30.559908192275397,210,29.820855209033166,29.812369899894897,29.263456046247505,0.7191153124586314,0.9866197183098592
2014,32.05150211132594,35.256652322458535,33.61589901150294,238,33.78330749271834,33.765962369501416,33.36033989272216,1.085790401597877,0.984793948878456
2014,35.256652322458535,38.7823175547044,36.977488912653236,205,37.56000270677388,37.54473380497998,38.042492860121754,1.068297345846134,0.9827247435228655
2014,38.7823175547044,42.66054931017484,40.67523780391857,177,40.80020159939525,40.78945892588311,40.96883846474651,0.9361656518334985,0.98094244479221
2014,42.66054931017484,46.92660424119232,44.74276158431042,369,44.84842727174496,44.833280624398355,45.06572231122115,1.168204182472318,0.9794035819857416
2014,46.92660424119232,51.619264665311555,49.21703774274147,218,49.4310782315146,49.413714120677646,49.74787527862076,1.3129935801414765,0.9761954442705616
2014,51.619264665311555,56.781191131842725,54.138741517015625,246,54.36103310574872,54.341117955940916,54.43002824602036,1.4756995040236711,0.9743001217179621
2014,56.781191131842725,62.459310245027,59.552615668717195,475,59.36846748110919,59.35344225415695,58.52691209249501,1.34543644602451,0.9721613632411754
2014,62.459310245027,68.7052412695297,65.50787723558891,352,65.72472466205214,65.6963915625394,65.55014154359442,1.9307030609252236,0.9680316466701443
2014,68.7052412695297,75.57576539648268,72.0586649591478,494,72.21675964773348,72.19314058601199,72.5733709946938,1.8484539109365439,0.9649713093375065
2014,75.57576539648268,83.13334193613095,79.2645314550626,566,79.50250240691659,79.4767017792018,79.59660044579321,2.0295789983732817,0.9606764041036342
2014,83.13334193613095,91.44667612974405,87.19098460056885,836,87.4340260543516,87.40315875277248,87.79036813874251,2.3249959655066186,0.955755520778995
2014,91.44667612974405,100.59134374271846,95.91008306062575,810,96.03037931778958,96.00048308558127,96.56940495261678,2.3969245452570647,0.9484872196139802
2014,100.59134374271846,110.65047811699031,105.50109136668833,1438,105.71392971544138,105.6853675243492,105.93371088741597,2.4562162114198385,0.9414449660928534
2014,110.65047811699031,121.71552592868937,116.0512005033572,1362,116.65118309372227,116.62338684825983,117.05382418499002,2.538240742132594,0.928942792557816
2014,121.71552592868937,133.8870785215583,127.65632055369291,1489,127.68221708613888,127.6342095407562,127.58866836163912,3.5010431999891405,0.9171013736741436
2014,133.8870785215583,147.27578637371417,140.4219526090622,2736,141.41886005577683,141.3776109606933,141.04985814291297,3.412812200621555,0.9041557989914798
2014,147.27578637371417,162.0033650110856,154.46414786996846,1836,155.06188944976324,155.0079980159472,155.68158616603674,4.082886539310829,0.8803686315423405
2014,162.0033650110856,178.20370151219416,169.9105626569653,2703,170.8184687800291,170.7452949238277,170.89858331008543,4.98557875688226,0.8644061902277864
2014,178.20370151219416,196.0240716634136,186.90161892266187,2308,188.21423177336067,188.13652958367175,189.0419260587589,5.39631385001728,0.840905929403582
2014,196.0240716634136,215.62647882975497,205.59178081492806,4491,208.83968686357622,208.7769324886743,211.86742177483194,5.072003995347171,0.8208398539384455
2014,215.62647882975497,237.18912671273048,226.1509588964209,3580,228.11665054723818,228.02337983166694,230.0107645235054,6.496910703861464,0.7817944705268649
2014,237.18912671273048,260.9080393840036,248.76605478606302,2924,249.11027368485276,249.02211252192254,248.73937639310378,6.6190923878376635,0.7506694487915145
2014,260.9080393840036,286.99884332240396,273.64266026466936,3976,274.9715328902548,274.8618845788168,277.41756331842635,7.740580214845523,0.7252477829942618
2014,286.99884332240396,315.69872765464436,301.00692629113627,4277,299.13902553727644,299.03652897162095,296.7314443089497,7.870555205465003,0.690679881759694
2014,315.69872765464436,347.26860042010884,331.10761892024993,3690,329.61992088602096,329.49736034030815,328.92124595982193,9.001140776384238,0.6534950443401147
2014,347.26860042010884,381.99546046211975,364.218380812275,4295,362.62566141257565,362.46355158548846,360.5257784897692,10.879153099369818,0.621413667188315
2014,381.99546046211975,420.19500650833174,400.6402188935025,3777,400.52676126764857,400.38769488650144,399.1535404708159,10.561208191777444,0.5840723352460442
2014,420.19500650833174,462.2145071591649,440.7042407828527,11452,430.41239012144644,430.2839283742382,423.7348435496639,10.63328483691935,0.5512345679012346
2014,462.2145071591649,508.4359578750815,484.77466486113804,5007,484.1637926175315,483.96546888440844,482.8470247630838,13.874760674490515,0.4516692749087115
2014,508.4359578750815,559.2795536625897,533.252131347252,4243,532.7660805694132,532.5803350198248,530.2538235580048,14.083696047864905,0.4081377151799687
2014,559.2795536625897,615.2075090288487,586.5773444819772,5113,585.8405395542592,585.6623990070749,585.2691209249501,14.476648244907336,0.3712484785254738
2014,615.2075090288487,676.7282599317336,645.235078930175,3891,645.1828696391177,644.9789998771919,643.7960330174451,16.24483792145844,0.32679533994087984
2014,676.7282599317336,744.401085924907,709.7585868231924,4077,710.225154896439,709.9854450191659,702.3229451099401,18.458318624346138,0.29296644061902277
2014,744.401085924907,818.8411945173978,780.7344455055118,2972,777.9748868204549,777.748171202249,780.1637381929585,18.796433362439487,0.2575204312293514
2014,818.8411945173978,900.7253139691377,858.807890056063,4811,855.55968539711,855.2572210312463,848.6402253411777,22.732083581946267,0.23168144670492088
2014,900.7253139691377,990.7978453660515,944.6886790616694,2389,944.7909509603242,944.4735007346893,941.1127464473198,24.487220783403387,0.18985393844548773
2014,990.7978453660515,1089.8776299026567,1039.1575469678364,2490,1037.48847198,1037.0843285957362,1033.5852675534618,28.996246236613214,0.16908363762823855
2014,1089.8776299026567,1198.8653928929225,1143.0733016646202,2504,1151.5723903006938,1151.2331701814524,1170.5382418499003,27.793011054762868,0.14743522865588593
2014,1198.8653928929225,1318.751932182215,1257.3806318310824,1777,1263.1764300172833,1262.642153437371,1266.522377681592,36.71590367279028,0.12566510172143974
2014,1318.751932182215,1450.6271254004364,1383.1186950141907,1223,1381.9716169422472,1381.5644125668193,1381.2351253828822,33.59059921548141,0.11021561467570858
2014,1450.6271254004364,1595.6898379404802,1521.4305645156098,1624,1504.6742933391458,1503.98979810435,1491.5583546772352,45.64390554098708,0.09958268127282212
2014,1595.6898379404802,1755.2588217345283,1673.5736209671709,997,1663.1575585448172,1662.6204336241287,1658.0674195803836,42.36035649666981,0.08546339766997044
2014,1755.2588217345283,1930.7847039079813,1840.930983063888,1450,1809.522555425589,1808.5984419974154,1785.0708188210979,58.1432950799643,0.07679533994087985
2014,1930.7847039079813,2123.8631742987795,2025.024081370277,1090,2023.3746857048657,2022.6309109514914,2048.4419232373257,54.81862573829824,0.06418883672404799
2014,2123.8631742987795,2336.2494917286576,2227.526489507305,717,2217.9152905290916,2217.22587739497,2209.390931491687,55.43829323346328,0.05471222396105025
2014,2336.2494917286576,2569.874440901524,2450.279138458036,975,2411.102883535433,2409.9121484285783,2384.3863986482465,76.23084964111504,0.048478525473830636
2014,2569.874440901524,2826.8618849916766,2695.3070523038396,621,2683.7963209631043,2682.8775399319334,2662.389231087598,70.50575154331361,0.04000173882802991
2014,2826.8618849916766,3109.548073490844,2964.837757534224,712,2947.9019212358967,2947.1711999177064,2926.3456046247506,66.03416703626576,0.034602677795166056
2014,3109.548073490844,3420.502880839929,3261.321533287646,473,3257.141444069142,3255.999899463024,3225.4181254174,86.40686393936453,0.02841245000869414
2014,3420.502880839929,3762.5531689239224,3587.4536866164112,465,3567.294586563631,3566.2176914150946,3511.6147255497003,88.21366131269968,0.024300121717962093
2014,3762.5531689239224,4138.808485816315,3946.1990552780526,464,3962.8345133772837,3960.907929604318,3950.566566243413,123.5049287568971,0.020257346548426362
2014,4138.808485816315,4552.689334397946,4340.818960805858,270,4339.811717263311,4338.499615166758,4383.665715727877,106.86249891365631,0.016223265519040166
2014,4552.689334397946,5007.958267837742,4774.900856886445,315,4762.321830985853,4760.628562946084,4682.152967399601,127.71960889338553,0.01387584767866458
2014,5007.958267837742,5508.754094621516,5252.390942575089,215,5245.132862454161,5243.686479896227,5267.422088324551,123.52816562686506,0.011137193531559729
2014,5508.754094621516,6059.6295040836685,5777.630036832598,264,5795.361438540717,5794.079002572964,5852.691209249501,121.30803894825999,0.009267953399408798
2014,6059.6295040836685,6665.592454492036,6355.393040515859,139,6323.853904440162,6321.86802261679,6350.1699620357085,159.07165080420464,0.0069727003999304465
2014,6665.592454492036,7332.15169994124,6990.932344567445,146,7019.7619319925525,7016.98633977416,7023.229451099401,198.04138282346491,0.005764214919144497
2014,7332.15169994124,8065.366869935365,7690.025579024191,103,7652.5358117055985,7650.351946195675,7608.498572024351,184.39391456369677,0.0044948704573117716
2014,8065.366869935365,8871.903556928903,8459.02813692661,117,8550.601773907083,8546.719819114742,8698.269675186608,257.4667091853112,0.0035993740219092333
2014,8871.903556928903,9759.093912621795,9304.930950619273,68,9275.181497340704,9272.267770520413,9364.305934799202,234.36591632465993,0.0025821596244131454
2014,9759.093912621795,10735.003303883972,10235.4240456812,55,10223.747035735634,10220.049218152342,10242.209616186627,277.66088014353625,0.001990958094244479
2014,10735.003303883972,11808.50363427237,11258.966450249321,62,11484.547163419675,11480.764878983447,11705.382418499003,294.8920299613157,0.0015127803860198227
2014,11808.50363427237,12989.35399769961,12384.863095274255,20,12507.874173655247,12501.627757992963,12607.28213384435,403.4439523651785,0.0009737436967483916
2014,12989.35399769961,14288.28939746957,13623.349404801682,23,13547.987736555375,13543.186178232887,13461.189781273852,369.06401988639163,0.0007998608937576074
2014,14288.28939746957,15717.11833721653,14985.68434528185,27,14905.373852107328,14902.099781150198,14924.362583586228,318.8011386673882,0.0005998956703182055
2014,15717.11833721653,17288.830170938185,16484.25277981004,7,16450.24279171199,16444.67864516038,16533.852666129842,461.59289511851404,0.00036515388628064686
2014,17288.830170938185,19017.713188032005,18132.678057791043,6,17723.89987867724,17718.25110342239,17558.073627748505,497.1917733837353,0.0003042949052338724
2014,19017.713188032005,20919.484506835204,19945.94586357015,6,19803.946334444514,19791.970406057357,19906.173340899404,753.785427556888,0.00025213006433663713
2014,20919.484506835204,23011.43295751873,21940.540449927164,4,21654.957474223153,21651.001869441432,21654.957474223153,477.8702361577987,0.00019996522343940186
2014,23011.43295751873,25312.576253270607,24134.594494919886,3,24125.96370276829,24114.351045444746,23800.55407153402,922.0268135301768,0.000165188662841245
2014,25312.576253270607,27843.833878597667,26548.053944411877,5,26395.637353715247,26387.6395080083,26337.110441622754,728.6541793318755,0.00013910624239262738
2014,27843.833878597667,30628.217266457435,29202.859338853064,4,29399.97006870325,29387.44425782611,29556.09060670998,986.2474568969301,9.563554164493131e-05
2014,30628.217266457435,33691.03899310318,32123.145272738373,1,31487.47870576231,31487.478705762318,31487.47870576231,,6.0858981046774477e-05
2014,33691.03899310318,37060.1428924135,35335.45980001221,1,35116.14725549701,35116.14725549704,35116.14725549701,,5.2164840897235264e-05
2014,40766.15718165486,44842.772899820346,42755.906358014785,2,43602.549508908785,43586.834754329335,43602.549508908785,1655.3910569004856,4.347070074769605e-05
2014,44842.772899820346,49327.05018980239,47031.49699381627,1,46821.52967399601,46821.529673996,46821.52967399601,,2.6082420448617632e-05
2014,49327.05018980239,54259.75520878263,51734.6466931979,1,53844.75912509541,53844.75912509543,53844.75912509541,,1.7388280299078422e-05
2014,54259.75520878263,59685.73072966089,56908.111362517695,1,58526.91209249501,58526.91209249505,58526.91209249501,,8.694140149539211e-06
2015,1.7474127708119864,1.9221540478931851,1.8327019754331324,1,1.7474127708119864,1.7474127708119864,1.7474127708119864,,0.9940756756756757
2015,1.9221540478931851,2.114369452682504,2.0159721729764457,1,2.096895324974384,2.096895324974384,2.096895324974384,,0.994067027027027
2015,2.3258063979507546,2.55838703774583,2.4393263293015,3,2.446377879136781,2.446377879136781,2.446377879136781,0.0,0.9940583783783784
2015,2.55838703774583,2.814225741520413,2.68325896223165,8,2.7958604332991785,2.7958604332991785,2.7958604332991785,0.0,0.9940324324324324
2015,3.405213147239701,3.7457344619636714,3.571417678730328,4,3.494825541623973,3.4948255416239733,3.494825541623973,0.0,0.9939632432432433
2015,3.7457344619636714,4.120307908160039,3.928559446603361,4,3.8443080957863702,3.8443080957863702,3.8443080957863702,0.0,0.9939286486486486
2015,4.120307908160039,4.5323386989760435,4.321415391263698,3,4.193790649948768,4.193790649948768,4.193790649948768,0.0,0.9938940540540541
2015,4.5323386989760435,4.985572568873647,4.753556930390067,6,4.892755758273562,4.892755758273563,4.892755758273562,0.0,0.9938681081081081
2015,4.985572568873647,5.484129825761013,5.228912623429074,12,5.242238312435959,5.242238312435959,5.242238312435959,0.0,0.9938162162162162
2015,5.484129825761013,6.032542808337115,5.751803885771983,30,5.8713069099282755,5.8696017383496395,5.941203420760754,0.1421828190778227,0.9937124324324325
2015,6.032542808337115,6.6357970891708264,6.32698427434918,3,6.290685974923151,6.290685974923151,6.290685974923151,0.0,0.993452972972973
2015,6.6357970891708264,7.29937679808791,6.959682701784099,18,6.892572595980614,6.890767699590101,6.989651083247946,0.16107252474973505,0.993427027027027
2015,7.29937679808791,8.029314477896701,7.65565097196251,14,7.538837954074569,7.53684506970415,7.6886161915727405,0.17947767120397387,0.9932713513513514
2015,8.029314477896701,8.832245925686372,8.421216069158762,55,8.546437006334992,8.541700615747402,8.737063854059933,0.2839064845213346,0.9931502702702703
2015,8.832245925686372,9.71547051825501,9.263337676074638,28,9.186398566554443,9.185056351000467,9.086546408222329,0.16077724947897973,0.9926745945945946
2015,9.71547051825501,10.687017570080512,10.189671443682103,65,10.151124034747786,10.146034856382599,10.13499407070952,0.3235709359635524,0.9924324324324324
2015,10.687017570080512,11.755719327088563,11.208638588050313,58,11.34613188772059,11.343074661728568,11.532924287359112,0.2636140019339869,0.9918702702702703
2015,11.755719327088563,12.93129125979742,12.329502446855345,232,12.613006146559275,12.609180774146987,12.581371949846302,0.3094408907832721,0.9913686486486486
2015,12.93129125979742,14.224420385777165,13.562452691540882,127,13.638075105738908,13.634089646149114,13.629819612333494,0.3308592089827375,0.9893621621621622
2015,14.224420385777165,15.646862424354882,14.91869796069497,74,14.909681398522812,14.904992170429123,15.027749828983083,0.37612421004092067,0.9882637837837838
2015,15.646862424354882,17.21154866679037,16.41056775676447,146,16.392168019891074,16.383100863952496,16.425680045632674,0.5481093382663836,0.9876237837837838
2015,17.21154866679037,18.93270353346941,18.05162453244092,209,17.833643254267784,17.82768321991338,17.474127708119866,0.4660082249070028,0.9863610810810811
2015,18.93270353346941,20.825973886816353,19.856786985685012,173,19.79121724352027,19.78713826010679,19.57102303309425,0.40441810638442577,0.9845535135135135
2015,20.825973886816353,22.90857127549799,21.842465684253515,192,21.65153636334227,21.64263477165851,21.667918358068633,0.6248552712780329,0.9830572972972973
2015,22.90857127549799,25.199428403047794,24.02671225267887,273,23.93635457043408,23.92396276094086,24.114296237205412,0.7722843222492765,0.9813967567567567
2015,25.199428403047794,27.719371243352573,26.429383477946757,363,26.567413449342574,26.56173112338224,26.560674116342195,0.5500912756389054,0.9790356756756756
2015,27.719371243352573,30.491308367687832,29.072321825741433,260,29.156254162832923,29.14272147818131,29.007051995478978,0.8899795832509138,0.9758962162162163
2015,30.491308367687832,33.54043920445662,31.979554008315578,239,31.969611220303317,31.95948028155797,31.802912428778153,0.8078231288712536,0.9736475675675675
2015,33.54043920445662,36.89448312490228,35.17750940914714,533,35.04464178671228,35.0377291681391,34.94825541623973,0.6980543142268407,0.9715805405405405
2015,36.89448312490228,40.583931437392515,38.69526035006186,404,38.976820403205785,38.96043575723925,39.1420460661885,1.129129552560512,0.9669708108108108
2015,40.583931437392515,44.642324581131774,42.56478638506805,423,42.83681198158859,42.823382633462266,42.986354161974866,1.071324497702963,0.9634767567567567
2015,44.642324581131774,49.106557039244954,46.82126502357486,655,46.835464308123775,46.81860997575703,46.48117970359884,1.2586593166477178,0.9598183783783784
2015,49.106557039244954,54.01721274316945,51.503391525932344,635,51.81642990840244,51.802162680019094,52.4223831243596,1.2111221226407907,0.9541535135135135
2015,54.01721274316945,59.4189340174864,56.653730678525584,994,56.67524124825131,56.65196666906957,56.26669122014597,1.626851262366577,0.9486616216216216
2015,59.4189340174864,65.36082741923505,62.319103746378154,846,62.833327958875834,62.811874965822895,62.90685974923152,1.6413575236274356,0.9400648648648648
2015,65.36082741923505,71.89691016115856,68.55101412101597,1724,69.11564842027903,69.10357753438703,68.84806316999227,1.2860343950641278,0.9327481081081082
2015,71.89691016115856,79.08660117727443,75.40611553311759,1271,76.01286798022798,75.9817170067946,75.83771425324021,2.171645339969271,0.9178378378378378
2015,79.08660117727443,86.99526129500187,82.94672708642935,1395,82.77851293644395,82.75586430158542,82.47788278232576,1.9401940295603808,0.9068454054054054
2015,86.99526129500187,95.69478742450207,91.24139979507228,3023,90.89124463451515,90.8640047044772,91.5644291905481,2.2192866539667753,0.8947805405405406
2015,95.69478742450207,105.26426616695228,100.36553977457952,2707,101.85680014841091,101.80508616204483,103.4468360320696,3.226647907604662,0.8686356756756757
2015,105.26426616695228,115.79069278364753,110.40209375203749,2025,110.78251798993267,110.74645814931652,110.43648711531755,2.824440075034161,0.8452237837837838
2015,115.79069278364753,127.36976206201228,121.44230312724125,2331,120.83490497309842,120.78635382630307,121.27044629435186,3.4294064008485607,0.8277102702702702
2015,127.36976206201228,140.10673826821352,133.58653343996536,5898,136.33736329327414,136.28905025885075,137.69612633998454,3.5920447057048577,0.8075502702702703
2015,140.10673826821352,154.11741209503487,146.9451867839619,2614,148.01642370834867,147.9694576514324,148.53008551901885,3.7179565039255356,0.7565405405405405
2015,154.11741209503487,169.5291533045384,161.6397054623581,3098,161.29364414574454,161.23495497111784,161.46094002302755,4.358639268338878,0.733932972972973
2015,169.5291533045384,186.48206863499223,177.80367600859395,5185,178.43298565863907,178.37034208151803,176.13920729784823,4.735583332139009,0.7071394594594594
2015,186.48206863499223,205.13027549849147,195.58404360945335,3217,195.27090566540548,195.20878531055618,195.01126522261768,4.9297361143071345,0.6622962162162163
2015,205.13027549849147,225.64330304834064,215.1424479703987,4464,213.54276555092514,213.46128883424814,209.6895324974384,5.929893672216202,0.6344735135135136
2015,225.64330304834064,248.20763335317474,236.6566927674386,4332,236.49344066290328,236.39983246910202,235.9007240596182,6.655583458252013,0.595865945945946
2015,248.20763335317474,273.0283966884922,260.3223620441825,3939,261.5903091389544,261.5117515491315,262.11191562179795,6.400222649449537,0.5584
2015,273.0283966884922,300.3312363573415,286.3545982486007,11903,279.58052348448547,279.4938374963498,275.3922526799691,7.051390155543781,0.524332972972973
2015,300.3312363573415,330.3643599930756,314.99005807346083,4413,314.89835297264403,314.79032079107685,314.53429874615756,8.254472940265106,0.4213881081081081
2015,330.3643599930756,363.4007959923832,346.48906388080695,5163,347.093441873193,346.9992672570853,349.4825541623973,8.063537426222053,0.3832216216216216
2015,363.4007959923832,399.74087559162155,381.13797026888767,3595,380.24090746892927,380.1123042604226,382.3339142536626,9.891608467629945,0.33856864864864866
2015,399.74087559162155,439.7149631507838,419.25176729577646,4755,418.418373834949,418.2544973093688,419.3790649948768,11.726544027494876,0.30747675675675673
2015,439.7149631507838,483.68645946586224,461.1769440253542,3163,459.8937388733825,459.74209076256545,457.8221459527404,11.823089158468756,0.26635243243243245
2015,483.68645946586224,532.0551054124485,507.29463842788965,3905,509.4968780508586,509.2613090648942,512.3414244020744,15.439533757865027,0.23899675675675675
2015,532.0551054124485,585.2606159536933,558.0241022706787,3541,556.5220002261124,556.3606630560523,550.7845053599382,13.450259134901868,0.20522378378378378
2015,585.2606159536933,643.7866775490628,613.8265124977466,2388,614.4462357182023,614.2346555996759,611.5944697841953,16.11882432663998,0.17459891891891893
2015,643.7866775490628,708.165345303969,675.2091637475213,2679,682.584825788997,682.3137500276247,694.4218351206835,19.129402575381903,0.15394594594594593
2015,708.165345303969,778.981879834366,742.7300801222735,1515,744.0329021476323,743.7898956523898,744.3978403659063,19.00759234100763,0.1307762162162162
2015,778.981879834366,856.8800678178027,817.0030881345009,1711,813.8639831436691,813.5742660868885,815.3427988608729,21.76347803703679,0.11767351351351352
2015,856.8800678178027,942.568074599583,898.703396947951,1624,892.0324844391924,891.727918499704,873.7063854059933,23.453482319356993,0.10287567567567568
2015,942.568074599583,1036.8248820595416,988.5737366427463,1152,984.8418376296356,984.5011633021103,978.5511516547124,25.943912372842345,0.08883027027027027
2015,1036.8248820595416,1140.5073702654956,1087.4311103070208,1484,1075.4282337693505,1074.9418159033085,1048.9718863184355,32.57976428656093,0.07886702702702703
2015,1140.5073702654956,1254.5581072920454,1196.174221337723,1062,1196.6075334361235,1196.2173592955564,1199.7736084395099,30.523053606027183,0.06603243243243244
2015,1254.5581072920454,1380.01391802125,1315.7916434714955,775,1312.5392276738582,1312.0854440405164,1310.5595781089899,34.5601223233208,0.05684756756756757
2015,1380.01391802125,1518.0153098233752,1447.3708078186453,982,1426.7102117514273,1426.1687199456082,1397.9302166495893,39.658205940827244,0.050144864864864865
2015,1518.0153098233752,1669.816840805713,1592.10788860051,613,1591.8736501855083,1591.3044510475388,1572.671493730788,42.66098489465909,0.04165189189189189
2015,1669.816840805713,1836.7985248862842,1751.318677460561,752,1750.9340863876362,1750.5201060342117,1747.4127708119865,38.16204605979707,0.03635027027027027
2015,1836.7985248862842,2020.478377374913,1926.4505452066173,460,1927.0194528428722,1926.3695157285717,1922.1540478931854,50.171993389483234,0.029846486486486485
2015,2020.478377374913,2222.5262151124043,2119.095599727279,512,2109.309464061398,2108.7049725668817,2096.8953249743836,50.788187549441076,0.025868108108108107
2015,2222.5262151124043,2444.778836623645,2331.0051597000074,327,2322.4013477441445,2321.707118519874,2321.9620898549674,57.0234917976649,0.02144
2015,2444.778836623645,2689.2567202860096,2564.105675670008,431,2532.9425184689408,2531.664948030949,2533.7485176773803,80.69516144384811,0.018611891891891892
2015,2689.2567202860096,2958.1823923146108,2820.5162432370093,323,2805.4100711413994,2804.700271130445,2795.8604332991786,63.40617355554254,0.014884324324324323
2015,2958.1823923146108,3254.000631546072,3102.5678675607105,248,3093.0446142757896,3091.9697146781486,3121.927656332695,81.61483152491061,0.012090810810810811
2015,3254.000631546072,3579.40069470068,3412.824654316782,297,3449.9846941779583,3449.0053735208758,3494.825541623973,81.68646202434392,0.009945945945945946
2015,3579.40069470068,3937.340764170748,3754.1071197484603,153,3749.4064508335264,3747.98132959138,3732.8231610085654,103.70203020914667,0.0073772972972972976
2015,3937.340764170748,4331.074840587823,4129.517831723307,143,4132.611651498785,4131.64674118692,4193.790649948767,89.29421846346064,0.006054054054054054
2015,4331.074840587823,4764.182324646606,4542.469614895637,117,4501.902833383393,4500.115615187835,4543.273204111165,127.79142049453657,0.004817297297297297
2015,4764.182324646606,5240.600557111266,4996.716576385202,72,4950.274761979457,4949.066091647635,4892.755758273563,110.5464945626253,0.0038054054054054054
2015,5240.600557111266,5764.660612822394,5496.388234023722,103,5399.393491670325,5397.00295181734,5358.616002972038,161.98908511677183,0.003182702702702703
2015,5764.660612822394,6341.126674104634,6046.027057426095,63,6057.664321428775,6054.988018216121,6091.131436496423,181.39218363520956,0.002291891891891892
2015,6341.126674104634,6975.239341515097,6650.629763168705,26,6654.040298158457,6652.156307018798,6640.168529085549,161.5558857077067,0.001747027027027027
2015,6975.239341515097,7672.763275666608,7315.692739485576,62,7110.295843034041,7107.895878928552,6989.651083247946,188.4911556552028,0.0015221621621621623
2015,7672.763275666608,8440.03960323327,8047.262013434135,37,7998.1916162395655,7995.2851257419525,8038.098745735138,218.81980386392573,0.000985945945945946
2015,8440.03960323327,9284.043563556597,8851.988214777548,24,8818.36223322196,8816.42443460073,8737.063854059932,189.6981129014155,0.000665945945945946
2015,9284.043563556597,10212.447919912258,9737.187036255304,12,9603.139870366715,9600.655374825184,9499.809528519363,230.71464804114595,0.0004583783783783784
2015,10212.447919912258,11233.692711903484,10710.905739880836,16,10823.933398261783,10819.385647117071,10911.544306058368,323.94572648887936,0.0003545945945945946
2015,11233.692711903484,12357.061983093834,11781.99631386892,13,11960.368334373119,11956.919948640985,11917.355096937748,297.2841139051517,0.00021621621621621621
2015,12357.061983093834,13592.768181403218,12960.195945255813,1,12371.682417348864,12371.682417348859,12371.682417348864,,0.00010378378378378378
2015,13592.768181403218,14952.044999543543,14256.215539781397,4,14012.503009141321,14012.38538234597,13979.302166495892,66.40168529085531,9.513513513513514e-05
2015,14952.044999543543,16447.249499497895,15681.837093759535,3,15843.209122028677,15842.356700174963,15726.71493730788,201.77384672273828,6.0540540540540543e-05
2015,18091.974449447687,19901.17189439246,18975.022883449044,1,19020.238527734313,19020.238527734324,19020.238527734313,,3.45945945945946e-05
2015,19901.17189439246,21891.289083831707,20872.52517179395,1,20968.953249743838,20968.953249743852,20968.953249743838,,2.5945945945945946e-05
2015,24080.41799221488,26488.45979143637,25255.75545787068,1,25046.016726602364,25046.01672660234,25046.016726602364,,1.72972972972973e-05
2015,35256.139982401815,38781.753980642,36976.951565868476,1,37394.63329537651,37394.63329537653,37394.63329537651,,8.64864864864865e-06
2016,2.477152306398803,2.7248675370386835,2.5980592572161627,2,2.477152306398803,2.477152306398803,2.477152306398803,0.0,1.0
2016,3.2970897198168077,3.6267986917984887,3.458016871354714,2,3.3028697418650705,3.3028697418650705,3.3028697418650705,0.0,0.9999912960601617
2016,3.9894785609783376,4.388426417076172,4.184200414339204,20,4.1285871773313385,4.1285871773313385,4.1285871773313385,0.0,0.9999825921203233
2016,4.82726905878379,5.3099959646621695,5.062882501350439,7,4.954304612797606,4.954304612797607,4.954304612797606,0.0,0.9998955527219396
2016,5.3099959646621695,5.840995561128387,5.5691707514854825,2,5.573592689397307,5.569768611630204,5.573592689397307,0.29193519898108194,0.9998650889325053
2016,5.840995561128387,6.425095117241226,6.1260878266340315,14,6.192880765997005,6.192880765997008,6.192880765997007,1.8434126106923927e-15,0.9998563849926669
2016,6.425095117241226,7.0676046289653485,6.738696609297435,7,6.66471930054916,6.663198004375595,6.605739483730141,0.15604592767526934,0.9997954574137984
2016,7.0676046289653485,7.774365091861884,7.412566270227178,4,7.431456919196409,7.4314569191964095,7.431456919196409,0.0,0.9997649936243641
2016,7.774365091861884,8.551801601048073,8.153822897249897,87,8.252428852159996,8.252307540349475,8.257174354662677,0.0442631006398753,0.9997475857446874
2016,8.551801601048073,9.406981761152881,8.969205186974888,2,8.876462431262377,8.874061765246529,8.876462431262377,0.2919351989810813,0.9993689643617183
2016,9.406981761152881,10.34767993726817,9.866125705672378,47,10.312683715291469,10.312507092659226,10.321467943328345,0.06022163335197517,0.99936026042188
2016,10.34767993726817,11.382447930994989,10.852738276239617,4,11.043970699361331,11.04250537946947,11.147185378794614,0.20642935886656752,0.9991557178356784
2016,11.382447930994989,12.52069272409449,11.93801210386358,166,12.385761531994008,12.385761531994008,12.385761531994014,5.34519482288065e-15,0.9991383099560016
2016,12.52069272409449,13.772761996503938,13.13181331424994,11,13.249011578163294,13.248488811362412,13.211478967460282,0.12448158710436895,0.9984158829494171
2016,13.772761996503938,15.150038196154334,14.444994645674933,40,14.460376588603015,14.459054611995018,14.450055120659684,0.19805526160023848,0.9983680112803061
2016,15.150038196154334,16.665042015769767,15.889494110242428,187,16.472400497363168,16.471040518296853,16.514348709325354,0.20768965558089642,0.9981939324835387
2016,16.665042015769767,18.331546217346744,17.47844352126667,11,17.56526180900969,17.559655369944462,17.34006614479162,0.46576744990640384,0.9973801141086512
2016,18.331546217346744,20.164700839081423,19.22628787339334,49,18.856690005852112,18.850841597190357,18.57864229799102,0.4796078268974922,0.9973322424395402
2016,20.164700839081423,22.181170922989565,21.148916660732677,733,20.65138456437292,20.651173263459196,20.64293588665669,0.09492101158126291,0.9971189959135003
2016,22.181170922989565,24.399288015288523,23.263808326805943,31,23.053498077292087,23.047800134418228,23.120088193055494,0.5232813828959585,0.9939290019627385
2016,24.399288015288523,26.83921681681738,25.590189159486542,312,24.88003080390507,24.876576582433547,24.771523063988028,0.4242824327827101,0.9937940908952437
2016,26.83921681681738,29.52313849849912,28.149208075435197,159,28.835195348594038,28.833795833805095,28.900110241319368,0.2807631070232584,0.9924362762804584
2016,29.52313849849912,32.47545234834904,30.96412888297872,52,30.940585057808125,30.9350189269412,30.964403829985034,0.5919060657068591,0.9917443130633081
2016,32.47545234834904,35.72299758318394,34.0605417712766,509,33.1519872518441,33.14860112666344,33.02869741865071,0.48276949241741435,0.9915180106275105
2016,35.72299758318394,39.295297341502334,37.466595948404255,148,37.23260341610904,37.23061179230518,37.15728459598204,0.391337972659595,0.9893028579386459
2016,39.295297341502334,43.22482707565257,41.213255543244685,2308,41.27996868072881,41.279864212498865,41.28587177331338,0.0919885576603823,0.9886587663906067
2016,43.22482707565257,47.547309783217834,45.334581097569156,105,45.32402323152223,45.31752653498656,45.41445895064472,0.7659548931512762,0.9786144198171303
2016,47.547309783217834,52.30204076153962,49.86803920732608,723,49.720638190514094,49.71708472803292,49.543046127976055,0.6012457750746926,0.9781574629756159
2016,52.30204076153962,57.53224483769359,54.85484312805869,86,53.92126880905302,53.91663572377752,53.6716333053074,0.7172736806905532,0.9750109887240459
2016,57.53224483769359,63.285469321462955,60.34032744086456,2013,61.71755853961979,61.71066856204013,61.92880765997007,0.9038430157048394,0.9746367193109962
2016,63.285469321462955,69.61401625360926,66.37436018495103,309,66.33129787010172,66.3267413237288,66.05739483730142,0.7862344308478075,0.9658762038636789
2016,69.61401625360926,76.57541787897019,73.01179620344614,300,73.36912272835521,73.34944836748457,74.31456919196408,1.6862387863748005,0.9645314451586511
2016,76.57541787897019,84.23295966686722,80.31297582379075,4432,82.54668510911092,82.54599932680439,82.57174354662676,0.3304519145723117,0.9632258541828959
2016,84.23295966686722,92.65625563355394,88.34427340616983,148,89.11332255395241,89.08694718630974,90.82891790128944,2.1652972497620424,0.9439379235010728
2016,92.65625563355394,101.92188119690934,97.17870074678682,412,98.2573685676868,98.2395452868344,99.08609225595211,1.8514048772437854,0.9432938319530335
2016,101.92188119690934,112.1140693166003,106.89657082146552,1740,103.59218415737162,103.58162558047144,103.21467943328345,1.5090277237062852,0.9415008203463298
2016,112.1140693166003,123.32547624826033,117.58622790361208,270,116.00412504483873,115.99614911028799,115.60044096527747,1.3768810949925328,0.9339283926869497
2016,123.32547624826033,135.65802387308636,129.34485069397329,5766,124.37902308659514,124.36363120828445,123.85761531994014,1.994198820021442,0.9327533608087701
2016,135.65802387308636,149.22382626039501,142.27933576337063,1554,144.57414314019533,144.56054239970513,144.50055120659684,1.9702379457765042,0.9076599022547556
2016,149.22382626039501,164.14620888643455,156.50726933970773,150,156.18170052699296,156.15329008098257,156.88631273859085,2.9938525856836447,0.9008969410003438
2016,164.14620888643455,180.56082977507802,172.15799627367852,5810,165.4702921264471,165.46161678733736,165.14348709325353,1.726424453257371,0.9002441455124662
2016,180.56082977507802,198.61691275258582,189.37379590104638,2145,186.65236767505303,186.56394812067867,185.7864229799102,5.814967558252143,0.8749592002820077
2016,198.61691275258582,218.4786040278444,208.311175491151,6323,206.54734648367014,206.54449473020682,206.4293588665669,1.0981384967721055,0.8656242248053582
2016,218.4786040278444,240.3264644306289,229.14229304026614,676,228.65654847186227,228.60623102580135,227.0722947532236,4.821901289708137,0.8381067190063582
2016,240.3264644306289,264.3591108736918,252.0565223442928,5431,248.3280190993991,248.31121072178632,247.71523063988028,2.9402150763687636,0.8351647873409899
2016,264.3591108736918,290.79502196106097,277.26217457872207,3386,283.7029520874582,283.5642507154174,289.0011024131937,8.768627067669984,0.811529238709902
2016,290.79502196106097,319.8745241571671,304.9883920365943,689,306.74563827419695,306.6906888405003,309.64403829985037,5.77894427014708,0.7967934685635453
2016,319.8745241571671,351.86197657288386,335.4872312402538,6765,332.7446583582485,332.67919068376676,330.28697418650705,6.692103901829696,0.7937949612892276
2016,351.86197657288386,387.04817423017226,369.0359543642792,38038,365.26057285208447,365.2383730449493,363.3156716051578,4.057083413764481,0.7643538847859483
2016,387.04817423017226,425.75299165318955,405.93954980070714,18834,410.47038901833815,410.41464531995155,412.8587177331338,6.690228270198275,0.5988136530000304
2016,425.75299165318955,468.3282908185085,446.5335047807779,6196,451.48752781691735,451.4226580604585,454.1445895064472,7.581674603948983,0.5168486515421206
2016,468.3282908185085,515.1611199003594,491.18685525885564,15575,494.81510960891256,494.7969586087298,495.43046127976055,4.199089391679504,0.489883845922857
2016,515.1611199003594,566.6772318903954,540.3055407847413,7017,536.5639454117844,536.4947015577984,536.716333053074,8.614899079820573,0.42210191443156747
2016,566.6772318903954,623.3449550794351,594.3360948632155,17278,610.2777540841264,610.0389282456663,619.2880765997007,16.852756727142758,0.3915641415086539
2016,623.3449550794351,685.6794505873786,653.7697043495372,5532,660.8101555027366,660.7677265627079,660.5739483730141,7.475784268935614,0.31637080524499417
2016,685.6794505873786,754.2473956461164,719.1466747844909,7739,728.1424199876499,727.9023037139491,743.1456919196409,18.599976998470495,0.2922957076520687
2016,754.2473956461164,829.6721352107281,791.0613422629399,13853,822.0484378569838,821.9555813832978,825.7174354662676,12.158164116868226,0.25861581244750437
2016,829.6721352107281,912.6393487318011,870.1674764892341,2455,891.2903309285023,891.0183313986241,908.2891790128944,21.8883263743738,0.19832797315704953
2016,912.6393487318011,1003.9032836049813,957.1842241381577,2010,968.0516081176748,967.8071465055776,949.5750507862078,21.743534563254503,0.187643887005453
2016,1003.9032836049813,1104.2936119654796,1052.9026465519735,6787,1037.0607681175998,1036.962346463552,1032.1467943328346,14.456885147275486,0.17889642746789333
2016,1104.2936119654796,1214.7229731620275,1158.192911207171,1897,1153.0192909535508,1152.7077257681126,1156.0044096527747,26.820855115555936,0.14935960762639208
2016,1214.7229731620275,1336.1952704782304,1274.012202327888,8662,1244.9628325738379,1244.790615591751,1238.5761531994015,21.068304575969876,0.14110392068970018
2016,1336.1952704782304,1469.8147975260538,1401.4134225606772,2828,1434.4076857235352,1434.1670770118044,1445.0055120659683,25.923020485127754,0.10340715724972908
2016,1469.8147975260538,1616.796277278659,1541.554764816745,959,1540.4391607752598,1539.8754805948158,1552.348778676583,41.662002726886904,0.09109978631827696
2016,1616.796277278659,1778.475905006525,1695.7102412984195,4264,1660.8854045029718,1660.6489404824938,1651.4348709325352,28.49198038956404,0.0869262471657796
2016,1778.475905006525,1956.3234955071778,1865.2812654282613,1170,1860.8339896011894,1860.646760858958,1857.864229799102,26.537876349872153,0.06836944743037936
2016,1956.3234955071778,2151.9558450578957,2051.8093919710877,4305,2062.997950738474,2062.8912766157623,2064.293588665669,20.92784211433996,0.06327764262493418
2016,2151.9558450578957,2367.1514295636857,2256.990331168197,572,2263.0265969951934,2262.602215249289,2270.722947532236,43.78950792388259,0.04454241212284741
2016,2367.1514295636857,2603.8665725200544,2482.689364285017,1904,2478.8234734878624,2478.65087316747,2477.152306398803,29.37500286258403,0.0420530853290742
2016,2603.8665725200544,2864.25322977206,2730.958300713519,380,2718.742017431896,2718.153038966135,2683.58166526537,57.0198499038951,0.03376693460294802
2016,2864.25322977206,3150.678552749266,3004.0541307848707,1322,2928.4146923455232,2927.4288089356246,2890.0110241319367,77.09186795876934,0.032113186033658134
2016,3150.678552749266,3465.746408024193,3304.459543863358,1246,3302.1391211005425,3302.0374266376184,3302.8697418650704,25.91826412314721,0.026359881800496993
2016,3465.746408024193,3812.3210488266127,3634.905498249694,595,3665.051613226907,3664.0236681527986,3715.728459598204,86.15223845770748,0.02093732728119383
2016,3812.3210488266127,4193.553153709275,3998.396048074664,1561,4117.8152940156215,4117.556085960086,4128.587177331338,45.48975657658735,0.0183479051792794
2016,4193.553153709275,4612.908469080202,4398.235652882131,240,4483.029826994547,4481.98281071577,4541.445895064472,96.18095930060545,0.011554480135433304
2016,4612.908469080202,5074.199315988223,4838.059218170344,445,4938.697625494894,4938.368033991386,4954.304612797606,56.3619436283388,0.010510007354829163
2016,5074.199315988223,5581.619247587046,5321.86513998738,183,5347.472451359293,5346.252428149795,5367.16333053074,114.31776010461613,0.00857338074079232
2016,5581.619247587046,6139.78117234575,5854.051653986117,137,5802.925159612573,5802.406604565484,5780.022048263873,78.51337930762772,0.007776970245581663
2016,6139.78117234575,6753.7592895803255,6439.456819384729,630,6267.9103016350755,6265.990045688994,6192.880765997006,157.40978800243047,0.007180750366653466
2016,6753.7592895803255,7429.1352185383585,7083.402501323202,78,7039.230551228963,7038.346391498116,7018.598201463275,112.58850525852229,0.004439009317567597
2016,7429.1352185383585,8172.048740392196,7791.742751455524,189,7571.54709076754,7569.022876462038,7431.456919196408,197.39573656873577,0.004099555663871251
2016,8172.048740392196,8989.253614431416,8570.917026601077,357,8305.536647987276,8304.40961703202,8257.174354662677,138.947470004585,0.0032770333491454907
2016,8989.253614431416,9888.178975874558,9428.008729261186,76,9280.879274688177,9278.494135513189,9186.106469562226,212.2451525065547,0.0017233800879968317
2016,9888.178975874558,10876.996873462016,10370.809602187304,149,10319.439670970085,10317.611222296775,10321.467943328345,194.87642414173996,0.001392630374138854
2016,10876.996873462016,11964.69656080822,11407.890562406037,35,11401.353001394493,11398.82004465262,11560.044096527747,244.31064467421754,0.0007441868561804501
2016,11964.69656080822,13161.16621688904,12548.679618646642,125,12372.16031439701,12371.340034862937,12385.761531994012,142.88354566602678,0.000591867909009013
2016,13161.16621688904,14477.282838577945,13803.547580511306,11,13348.060137808543,13346.936456086692,13257.719143846392,182.3240208579018,4.78716691110231e-05
2017,2.0986067683668064,2.3084674452034872,2.2010373474928744,2,2.0986067683668064,2.0986067683668064,2.0986067683668064,0.0,1.0
2017,2.3084674452034872,2.5393141897238363,2.421141082242162,3,2.5183281220401676,2.5183281220401676,2.5183281220401676,0.0,0.9999912466901547
2017,3.072570169565842,3.3798271865224265,3.222538780464318,1,3.35777082938689,3.35777082938689,3.35777082938689,,0.9999781167253868
2017,3.71780990517467,4.089590895692137,3.899271924361826,2,3.777492183060252,3.777492183060252,3.777492183060252,0.0,0.9999737400704641
2017,4.089590895692137,4.498549985261351,4.289199116798009,23,4.197213536733613,4.197213536733613,4.197213536733613,0.0,0.9999649867606188
2017,4.498549985261351,4.948404983787487,4.71811902847781,1,4.616934890406974,4.616934890406974,4.616934890406974,,0.9998643236973981
2017,4.948404983787487,5.443245482166236,5.189930931325592,3,5.036656244080335,5.036656244080336,5.036656244080335,0.0,0.9998599470424754
2017,5.443245482166236,5.98757003038286,5.708924024458152,4,5.561307936172037,5.558410126967267,5.456377597753697,0.2098606768366804,0.9998468170777075
2017,5.98757003038286,6.586327033421147,6.279816426903967,17,6.29582030510042,6.2958203051004205,6.29582030510042,0.0,0.9998293104580169
2017,6.586327033421147,7.244959736763262,6.907798069594364,7,6.955382432301415,6.952262399842318,7.135263012447142,0.22435050047981311,0.999754907324332
2017,7.244959736763262,7.969455710439588,7.598577876553801,3,7.554984366120504,7.554984366120505,7.554984366120504,0.0,0.9997242707398735
2017,7.969455710439588,8.766401281483548,8.358435664209182,93,8.389913940632029,8.389798480990839,8.394427073467225,0.04352307690061398,0.9997111407751056
2017,8.766401281483548,9.643041409631904,9.194279230630102,6,9.093962662922827,9.091787649491698,9.233869780813947,0.21674317504327417,0.9993041118672998
2017,9.643041409631904,10.607345550595095,10.113707153693111,55,10.424352165778394,10.42284506082367,10.493033841834032,0.17629844580330728,0.999277851937764
2017,10.607345550595095,11.668080105654605,11.125077869062425,5,10.912755195507394,10.912755195507394,10.912755195507394,0.0,0.9990371359170186
2017,11.668080105654605,12.834888116220066,12.237585655968667,184,12.555143101185763,12.55400736063385,12.59164061020084,0.16595278641978428,0.9990152526424054
2017,12.834888116220066,14.118376927842075,13.461344221565534,17,13.505151791725211,13.501112268477543,13.43108331754756,0.33953661449138023,0.9982099481366392
2017,14.118376927842075,15.530214620626282,14.807478643722089,35,14.786183687978697,14.7841468176228,14.690247378567646,0.25112640741221964,0.9981355450029542
2017,15.530214620626282,17.083236082688913,16.2882265080943,196,16.771722663111053,16.771345013619367,16.78885414693445,0.11114325727994528,0.9979823620806617
2017,17.083236082688913,18.791559690957804,17.91704915890373,13,17.56372433833143,17.56153206849004,17.628296854281174,0.2890777232232633,0.9971245377158238
2017,18.791559690957804,20.670715660053588,19.708754074794104,30,19.391126539709298,19.382909917415255,19.097321592137938,0.5769688214599925,0.9970676412018294
2017,20.670715660053588,22.73778722605895,21.67962948227352,708,20.999702699394742,20.999281949164704,20.986067683668065,0.1360215903371974,0.9969363415541501
2017,22.73778722605895,25.011565948664845,23.847592430500875,19,23.50439580570823,23.50009745461387,23.50439580570823,0.46401941554486403,0.9938376698689192
2017,25.011565948664845,27.512722543531332,26.232351673550962,336,25.324437508988257,25.319849541141433,25.18328122040168,0.4934325114254536,0.993754513425389
2017,27.512722543531332,30.263994797884468,28.85558684090606,178,29.33569303960836,29.333601066459156,29.380494757135292,0.3469897937141578,0.9922839573713811
2017,30.263994797884468,33.29039427767292,31.741145524996668,90,31.6703079199533,31.666889104271682,31.479101525502095,0.47151868258575214,0.9915049127951506
2017,33.29039427767292,36.61943370544021,34.915260077496335,502,33.69392595952746,33.69097282788657,33.5777082938689,0.4541304630416843,0.9911110138521129
2017,36.61943370544021,40.28137707598424,38.406786085245976,126,37.918160070348186,37.914746271716275,37.774921830602516,0.5179101594718647,0.9889139330809462
2017,40.28137707598424,44.30951478358266,42.247464693770574,2310,41.98249212801119,41.9819421821604,41.97213536733613,0.21707032623486117,0.9883624745606933
2017,44.30951478358266,48.74046626194093,46.472211163147634,83,46.46770504704238,46.458720288707084,46.16934890406975,0.925919795080228,0.9782524016893888
2017,48.74046626194093,53.61451288813503,51.1194322794624,621,50.56053994242051,50.55692177010347,50.36656244080336,0.6120435784589658,0.9778891393308095
2017,53.61451288813503,58.975964176948544,56.23137550740865,209,56.87324754081144,56.83687844107818,58.760989514270584,2.033060858677811,0.9751712366238484
2017,58.975964176948544,64.8735605946434,61.85451305814952,1982,62.938508759434235,62.938029185050304,62.95820305100419,0.24201463768655793,0.974256515745016
2017,64.8735605946434,71.36091665410774,68.03996436396447,376,67.79951026079507,67.78408315970509,67.1554165877378,1.4657914088718715,0.9655819856883384
2017,71.36091665410774,78.49700831951853,74.84396080036093,214,75.53023051383713,75.52479625835981,75.54984366120503,0.9074005334924586,0.9639363634374247
2017,78.49700831951853,86.34670915147038,82.32835688039702,4530,83.92889021707629,83.92848273084135,83.94427073467226,0.2574447988390507,0.9629997592839793
2017,86.34670915147038,94.98138006661743,90.56119256843674,164,91.27915731776893,91.24605646314488,92.3386978081395,2.4568297260232224,0.9431735124844082
2017,94.98138006661743,104.47951807327918,99.61731182528042,415,100.35183584465524,100.34381347322098,100.73312488160671,1.256545765407227,0.9424557410770947
2017,104.47951807327918,114.9274698806071,109.57904300780847,1772,105.22878588201326,105.22008354482799,104.93033841834033,1.3819843133208178,0.9406394292841981
2017,114.9274698806071,126.42021686866784,120.53694730858933,5620,125.54119612320856,125.52894985113929,125.91640610200838,1.717533103048582,0.9328839967612753
2017,126.42021686866784,139.06223855553463,132.59064203944828,416,134.19076865363155,134.17824125282823,134.3108331754756,1.8309098529696863,0.9082871960960238
2017,139.06223855553463,152.9684624110881,145.84970624339311,1518,147.15767985250153,147.1449059837401,146.90247378567645,1.934565697044662,0.9064665076482045
2017,152.9684624110881,168.26530865219692,160.43467686773243,5421,167.67949375583814,167.67323357915055,167.88854146934452,1.419539767024745,0.899822745475633
2017,168.26530865219692,185.09183951741662,176.4781445545057,297,178.70378564329144,178.6577060900324,176.28296854281174,4.071759752191955,0.8760968991399873
2017,185.09183951741662,203.60102346915832,194.1259590099563,1938,193.4655551051116,193.39507153903097,188.87460915301259,5.245583523725454,0.8747970326279625
2017,203.60102346915832,223.96112581607417,213.53855491095194,6726,210.0248586507625,210.02067466967776,209.86067683668065,1.3446661257702612,0.866315075387881
2017,223.96112581607417,246.35723839768158,234.89241040204715,601,232.8461825163002,232.80198950501753,230.8467445203487,4.575683067609681,0.8368776943781867
2017,246.35723839768158,270.9929622374498,258.38165144225184,5647,252.38721304996147,252.37233480322627,251.83281220401676,2.7910817916103206,0.8342473247696786
2017,270.9929622374498,298.0922584611948,284.21981658647707,3426,289.1974459980016,289.07131935304267,293.8049475713529,8.428600860363323,0.8095323544215156
2017,298.0922584611948,327.90148430731426,312.64179824512485,869,313.24591904052033,313.188318784965,314.79101525502097,5.9956444055444615,0.794537934656542
2017,327.90148430731426,360.69163273804577,343.90597806963734,5997,338.0145469966487,337.9585614512577,335.77708293868903,6.246020320681078,0.7907346215287656
2017,360.69163273804577,396.7607960118503,378.2965758766011,30746,391.5545506612023,391.52011945410453,393.2789083919396,5.12784886679665,0.7644878219576777
2017,396.7607960118503,436.4368756130354,416.1262334642612,19239,417.47703668506693,417.42108702538945,419.7213536733613,6.770360474715027,0.6299231897061076
2017,436.4368756130354,480.080563174339,457.73885681068737,6461,459.26214542454926,459.19584555019514,461.6934890406974,7.7388591583922395,0.5457207256493862
2017,480.080563174339,528.088619491773,503.51274249175617,16188,504.048787378418,504.01562628368106,503.6656244080335,5.79483054170883,0.5174431581941922
2017,528.088619491773,580.8974814409503,553.8640167409319,6531,547.6966501455479,547.6457776502031,545.6377597753697,7.5393948151060535,0.44659386830645337
2017,580.8974814409503,638.9872295850453,609.250418415025,18768,619.6325680248993,619.3794502492951,629.5820305100419,17.50269345558395,0.4180099350066744
2017,638.9872295850453,702.8859525435499,670.1754602565276,4990,671.6546803097708,671.6100167131298,671.5541658773781,7.742711516660261,0.3358688754185176
2017,702.8859525435499,773.174547797905,737.1930062821804,7287,742.8972346261517,742.6487512335688,755.4984366120503,19.074937328221225,0.3140293673545309
2017,773.174547797905,850.4920025776955,810.9123069103986,15626,832.9731536667625,832.8088801236648,839.4427073467226,16.299229281578828,0.28213668293323413
2017,850.4920025776955,935.5412028354652,892.0035376014386,2460,906.9564226510109,906.7034584020122,923.3869780813948,21.30609662320363,0.21374707311202049
2017,935.5412028354652,1029.0953231190117,981.2038913615824,2075,983.274236750968,983.0123074201451,965.359113448731,22.725522150693237,0.20298050200231962
2017,1029.0953231190117,1132.004855430913,1079.3242804977408,7064,1053.588415976186,1053.5073234076256,1049.3033841834033,13.227877557726229,0.19389894303783617
2017,1132.004855430913,1245.2053409740045,1187.2567085475148,2250,1171.4999398349225,1171.1796828986016,1175.2197902854116,27.434173897053693,0.16298225266428867
2017,1245.2053409740045,1369.725875071405,1305.9823794022664,9272,1266.3040318647982,1266.1137535876621,1259.1640610200839,22.33258131727882,0.15313477908834278
2017,1369.725875071405,1506.6984625785456,1436.5806173424933,2909,1457.9135925404942,1457.6685360022543,1469.0247378567647,26.393260998031348,0.11255443464560037
2017,1506.6984625785456,1657.3683088364003,1580.2386790767425,1010,1568.5668514516108,1567.9678971386968,1573.9550762751048,43.35276057914917,0.09982274547563297
2017,1657.3683088364003,1823.1051397200406,1738.2625469844172,4574,1689.28292384591,1689.0241086585104,1678.8854146934452,30.061473865087812,0.09540232400376392
2017,1823.1051397200406,2005.4156536920448,1912.0888016828592,1351,1896.7990872433516,1896.5812727517125,1888.746091530126,28.96153262014193,0.07538350438759656
2017,2005.4156536920448,2205.9572190612494,2103.297681851145,4519,2097.940916987191,2097.827407323974,2098.6067683668066,21.79186545063048,0.06947064358710638
2017,2205.9572190612494,2426.5529409673745,2313.6274500362597,668,2307.1222005654413,2306.7482288269525,2308.4674452034874,41.54556747383788,0.049692539991684354
2017,2426.5529409673745,2669.208235064112,2544.9901950398857,2014,2520.7641314260118,2520.6139716999514,2518.3281220401677,27.68320030245277,0.04676893450335908
2017,2669.208235064112,2936.1290585705237,2799.489214543875,398,2753.599868570601,2753.1046556892793,2728.1887988768485,52.76707412314249,0.03795435148915684
2017,2936.1290585705237,3229.7419644275765,3079.4381359982626,1545,2982.0044888546277,2980.8912379640437,2938.0494757135293,82.58839955278387,0.036212442829945075
2017,3229.7419644275765,3552.7161608703345,3387.3819495980892,1313,3359.328881083618,3359.1866687395063,3357.7708293868905,31.12836334656197,0.02945051097446222
2017,3552.7161608703345,3907.9877769573677,3726.120144557898,619,3736.346607192314,3735.320024943087,3777.492183060252,86.91342876230489,0.02370396306103245
2017,3907.9877769573677,4298.786554653106,4098.732159013688,1663,4184.764747768741,4184.441239962855,4197.213536733613,51.24978075354971,0.02099481366391667
2017,4298.786554653106,4728.665210118416,4508.605374915058,276,4561.838859089634,4560.799475580856,4616.934890406975,96.7768663308142,0.013716436527561984
2017,4728.665210118416,5201.531731130258,4959.465912406564,505,5021.973476884309,5021.647029489913,5036.6562440803355,56.64051908805987,0.01250847976891262
2017,5201.531731130258,5721.684904243284,5455.412503647221,238,5426.817222416416,5425.642847158263,5456.377597753697,112.95613177918543,0.010298269032978095
2017,5721.684904243284,6293.8533946676125,6000.953754011943,161,5905.380381516868,5904.783551459976,5876.098951427059,85.14088673721425,0.00925662516138915
2017,6293.8533946676125,6923.238734134375,6601.049129413137,703,6367.188458347501,6365.36472730863,6295.820305100419,154.6690155867162,0.008551983718843689
2017,6923.238734134375,7615.562607547813,7261.154042354452,221,7363.0026794353225,7359.7382500930535,7554.984366120504,218.7667571372964,0.005475195308225923
2017,7615.562607547813,8377.118868302596,7987.2694465898985,74,7991.086196407497,7989.735546530977,7974.705719793865,148.25914505200564,0.004507954570321903
2017,8377.118868302596,9214.830755132856,8785.99639124889,393,8433.351156052418,8432.502077600848,8394.427073467226,121.5691331337664,0.004184082106046348
2017,9214.830755132856,10136.313830646142,9664.59603037378,103,9568.815570974491,9562.98616323774,9653.591134487311,337.06591602919633,0.0024640567214477974
2017,10136.313830646142,11149.945213710756,10631.055633411157,143,10555.992044885037,10554.833337079872,10493.033841834033,158.363016465931,0.002013261264415607
2017,11149.945213710756,12264.939735081833,11694.161196752273,40,11585.704934885736,11583.009343934462,11647.267564435777,253.9466435323074,0.0013873996104777119
2017,12264.939735081833,13491.433708590019,12863.577316427502,148,12672.465330333882,12670.283855051772,12591.640610200839,239.9452422162576,0.0012123334135720068
2017,13491.433708590019,14840.57707944902,14149.935048070252,63,14456.782372269625,14452.203914411046,14690.247378567647,363.16227603983174,0.0005645884850208985
2017,14840.57707944902,16324.634787393925,15564.92855287728,11,15510.61184256558,15506.880841198905,15529.690085914368,356.8192586907419,0.0002888592248944132
2017,16324.634787393925,17957.09826613332,17121.42140816501,53,16840.947110414894,16838.350129943334,16788.854146934453,301.66566060166065,0.00024071602074534433
2017,17957.09826613332,19752.80809274665,18833.56354898151,2,18257.87888479122,18256.672749108006,18257.87888479122,296.7878153912312,8.753309845285248e-06
2018,1.5617125201941697,1.717883772213587,1.6379379094777518,1,1.5617125201941697,1.5617125201941697,1.5617125201941697,,1.0
2018,1.717883772213587,1.8896721494349458,1.801731700425527,2,1.8740550242330036,1.8740550242330036,1.8740550242330036,0.0,0.9999955992694788
2018,2.2865033008162845,2.515153630897913,2.398104893266377,5,2.4987400323106717,2.4987400323106717,2.4987400323106717,0.0,0.9999867978084362
2018,3.043335893386476,3.3476694827251237,3.191877612937549,18,3.1234250403883395,3.1234250403883395,3.1234250403883395,0.0,0.9999647941558298
2018,3.6824364309976363,4.0506800740974,3.8621719116544346,3,3.7481100484660073,3.7481100484660077,3.7481100484660073,0.0,0.9998855810064471
2018,4.0506800740974,4.45574808150714,4.248389102819878,1,4.060452552504842,4.060452552504842,4.060452552504842,,0.9998723788148832
2018,4.45574808150714,4.9013228896578545,4.673228013101866,17,4.6851375605825085,4.6851375605825085,4.6851375605825085,0.0,0.999867978084362
2018,4.9013228896578545,5.391455178623641,5.1405508144120535,8,5.114608503635905,5.112395246594611,4.997480064621343,0.16165260356696162,0.9997931656655005
2018,5.391455178623641,5.930600696486005,5.654605895853259,2,5.622165072699011,5.622165072699011,5.622165072699011,0.0,0.9997579598213303
2018,5.930600696486005,6.523660766134607,6.220066485438585,75,6.238520947335643,6.238311347966089,6.246850080776679,0.05065951457653135,0.9997491583602878
2018,6.523660766134607,7.176026842748067,6.842073133982445,4,6.559192584815513,6.559192584815513,6.559192584815513,0.0,0.9994191035711928
2018,7.176026842748067,7.893629527022876,7.526280447380691,55,7.7858467824952955,7.785168393230577,7.808562600970848,0.10155882955575742,0.9994015006491077
2018,7.893629527022876,8.682992479725163,8.278908492118761,5,8.245842106625215,8.244429377339593,8.120905105009683,0.17107703512971728,0.9991594604704381
2018,8.682992479725163,9.55129172769768,9.106799341330637,193,9.36056499150578,9.360231561709554,9.370275121165017,0.07747636604277072,0.9991374568178317
2018,9.55129172769768,10.506420900467448,10.017479275463701,11,10.193723540903763,10.192609954928463,10.307302633281521,0.15758459532520608,0.9982881158272273
2018,10.506420900467448,11.557062990514195,11.019227203010072,36,11.044777990039876,11.043527530497057,10.931987641359187,0.16948558625949117,0.9982397077914934
2018,11.557062990514195,12.712769289565616,12.12114992331108,210,12.484776090009396,12.484587713531557,12.493700161553358,0.06773344170539335,0.9980812814927278
2018,12.712769289565616,13.98404621852218,13.333264915642191,15,13.24332217124656,13.239506635714129,13.118385169631026,0.32970791200440774,0.9971571280832618
2018,13.98404621852218,15.382450840374396,14.66659140720641,42,14.308261375493249,14.302344615069448,14.055412681747528,0.4209668390152113,0.9970911171254428
2018,15.382450840374396,16.920695924411838,16.13325054792705,813,15.635950272910822,15.635362438390143,15.617125201941697,0.13866807603046452,0.9969062864435496
2018,16.920695924411838,18.612765516853024,17.74657560271976,20,17.538031601780528,17.532984622661388,17.178837722135867,0.43320950600440583,0.99332849252976
2018,18.612765516853024,20.474042068538328,19.521233162991734,367,18.81204007976672,18.80972452830079,18.740550242330034,0.3022695372460068,0.9932404779193346
2018,20.474042068538328,22.52144627539216,21.47335647929091,192,21.83957352459034,21.83865250981001,21.863975282718375,0.19938050329466914,0.9916254098180298
2018,22.52144627539216,24.773590902931378,23.620692127220003,70,23.47030816063237,23.4695372930268,23.425687802912545,0.19382687526242703,0.9907804695579466
2018,24.773590902931378,27.25094999322452,25.982761339942005,522,25.094506277556818,25.091669405822042,24.987400323106716,0.3845217930841811,0.990472418421458
2018,27.25094999322452,29.976044992546974,28.58103747393621,124,28.251883268544855,28.248381397405403,28.110825363495056,0.4529860931474519,0.9881752370893568
2018,29.976044992546974,32.97364949180167,31.43914122132983,2229,31.245600669844425,31.24510923185792,31.234250403883394,0.1770708811753974,0.9876295465047198
2018,32.97364949180167,36.271014440981844,34.58305534346282,72,34.48348006395405,34.47889459253616,34.357675444271734,0.5710426878974034,0.9778203181728167
2018,36.271014440981844,39.89811588508003,38.041360877809105,670,37.6335422739447,37.6305946152749,37.48110048466007,0.47656126325228887,0.9775034655752854
2018,39.89811588508003,43.88792747358804,41.845496965590016,202,42.23891179618231,42.21169720602608,42.63475180130083,1.5177487031431816,0.9745549761260369
2018,43.88792747358804,48.27672022094685,46.030046662149026,2062,46.84107527106531,46.84082263929136,46.85137560582509,0.15163583837683287,0.9736660285607411
2018,48.27672022094685,53.10439224304154,50.63305132836393,386,50.61405084877997,50.60087894831375,49.97480064621343,1.1683707749341217,0.9645917222258895
2018,53.10439224304154,58.4148314673457,55.69635646120033,212,56.19071113932589,56.185604249834824,56.22165072699011,0.759901212438453,0.9628930402446806
2018,58.4148314673457,64.25631461408027,61.265992107320365,4291,62.447391666268,62.44688105691677,62.46850080776679,0.24863323998984654,0.9619600853741721
2018,64.25631461408027,70.68194607548831,67.39259131805241,158,67.5252864111297,67.49685916811637,68.71535088854347,1.9663320912967257,0.9430765507074175
2018,70.68194607548831,77.75014068303715,74.13185044985767,424,74.65280509267791,74.64640252342772,74.96220096932014,0.9690870192927241,0.9423812352850574
2018,77.75014068303715,85.52515475134086,81.54503549484343,1751,78.33482217084052,78.32717018629884,78.08562600970848,1.1190266993271574,0.9405153255440403
2018,85.52515475134086,94.07767022647495,89.69953904432778,5621,93.42863885220815,93.41966335480197,93.70275121165018,1.268384028062861,0.9328096464013026
2018,94.07767022647495,103.48543724912247,98.66949294876056,396,100.01901073776884,100.00958305371017,99.94960129242686,1.37172069975065,0.9080731401412635
2018,103.48543724912247,113.83398097403472,108.53644224363663,1425,109.54410545333342,109.53705741864945,109.31987641359189,1.2424579112481622,0.9063304508548419
2018,113.83398097403472,125.2173790714382,119.3900864680003,5218,124.75946082078859,124.75435110501728,124.93700161553357,1.1070338066035132,0.9000594098620371
2018,125.2173790714382,137.73911697858202,131.32909511480034,247,132.80246872128888,132.77016354467833,131.18385169631026,2.940085227166442,0.8770963980020683
2018,137.73911697858202,151.51302867644026,144.4620046262804,1887,144.1823979825687,144.1204327830759,140.5541268174753,4.244493705085657,0.8760094175633155
2018,151.51302867644026,166.6643315440843,158.90820508890846,6758,156.29423861356418,156.290973357371,156.17125201941695,1.0249815337011923,0.8677052390696856
2018,166.6643315440843,183.33076469849271,174.7990255977993,579,173.3026179965521,173.27017940753677,171.78837722135867,3.382610465065029,0.8379651022069664
2018,183.33076469849271,201.66384116834203,192.27892815757926,5583,187.81272812398072,187.8017084969486,187.40550242330036,2.072144340855445,0.8354170792351531
2018,201.66384116834203,221.83022528517623,211.5068209733372,3502,215.4512192693915,215.36170376740515,218.63975282718377,6.124260604953228,0.810847800734922
2018,221.83022528517623,244.01324781369385,232.6575030706709,901,233.51640789746398,233.47620098021594,234.25687802912546,4.327295781869638,0.7954364424494466
2018,244.01324781369385,268.4145725950633,255.92325337773804,6218,251.35484224989384,251.31720261101879,249.87400323106715,4.41876909156371,0.7914713842497855
2018,268.4145725950633,295.2560298545696,281.5155787155119,2926,281.89839690730037,281.86914282146233,281.1082536349506,4.083084778523951,0.7641076418685502
2018,295.2560298545696,324.78163284002665,309.66713658706306,41826,303.51751772474853,303.4367652831356,297.9747488530476,7.031134263179407,0.7512311043633243
2018,324.78163284002665,357.25979612402926,340.6338502457694,6083,341.64298310544837,341.59127658972585,343.57675444271734,5.898352351459968,0.5671661495808304
2018,357.25979612402926,392.9857757364323,374.69723527034637,16139,375.1110193145113,375.08621009426787,374.8110048466007,4.325600144847005,0.5403965058199661
2018,392.9857757364323,432.2843533100756,412.1669587973811,6869,407.49879149798807,407.46161611144396,406.0452552504841,5.560294319730021,0.46937311593724557
2018,432.2843533100756,475.5127886410831,453.3836546771192,19378,461.1515927580002,460.9656267971718,468.5137560582509,12.942374227502835,0.43914449798666577
2018,475.5127886410831,523.0640675051915,498.7220201448311,4964,500.0316567458182,499.99981312941225,499.7480064621343,5.646924311003055,0.35386714194556296
2018,523.0640675051915,575.3704742557106,548.5942221593142,7420,552.5194090757768,552.3326562598038,562.2165072699012,14.264363643581984,0.33202191563799593
2018,575.3704742557106,632.9075216812818,603.4536443752457,16116,620.4250485918932,620.3284522051001,624.6850080776678,10.802899319740586,0.29936849517019826
2018,632.9075216812818,696.19827384941,663.7990088127704,2605,674.799373666185,674.6146567074395,687.1535088854347,15.71109446542646,0.22844632208946686
2018,696.19827384941,765.818101234351,730.1789096940474,2231,731.104761241074,730.9171981375995,718.3877592893181,16.58416352703836,0.21698241908156754
2018,765.818101234351,842.3999113577863,803.1968006634523,7275,784.0200427943524,783.9574504579166,780.8562600970848,10.0253985632463,0.2071643892886219
2018,842.3999113577863,926.639902493565,883.5164807297976,2299,872.5465147831468,872.2992036230564,874.5590113087351,20.804623339114915,0.1751490747464079
2018,926.639902493565,1019.3038927429216,971.8681288027775,9668,942.48106780478,942.3352548280989,937.0275121165018,16.867700724200198,0.16503179527801615
2018,1019.3038927429216,1121.2342820172137,1069.0549416830552,3193,1085.841743344733,1085.6792749194262,1093.198764135919,18.54118263833055,0.12248553259841134
2018,1121.2342820172137,1233.3577102189352,1175.9604358513607,1040,1169.2058108471151,1168.7597336610959,1186.901515347569,32.26619470898613,0.1084340000440073
2018,1233.3577102189352,1356.693481240829,1293.556479436497,4679,1256.1916191661771,1256.0209868783934,1249.3700161553356,21.052744195695503,0.10385724030189011
2018,1356.693481240829,1492.362829364912,1422.912127380147,1385,1411.4683336557266,1411.2893014513347,1405.5412681747528,22.672391765947797,0.08326622219288402
2018,1492.362829364912,1641.5991123014032,1565.2033401181618,4995,1561.0736406418641,1560.9769988922776,1561.7125201941697,17.350887867700955,0.07717121042092988
2018,1641.5991123014032,1805.7590235315438,1721.723674129978,746,1719.915673248574,1719.6327151661778,1717.8837722135868,31.217980204095504,0.05518956146720356
2018,1805.7590235315438,1986.3349258846981,1893.896041542976,2186,1875.593161038117,1875.47631307748,1874.0550242330037,21.037882132016556,0.05190661649833873
2018,1986.3349258846981,2184.968418473168,2083.2856456972736,467,2056.0142632507614,2055.515514172999,2030.2262762524206,45.680709369197835,0.04228661957885009
2018,2184.968418473168,2403.4652603204854,2291.6142102670015,1686,2216.803867257839,2216.0138872323164,2186.397528271838,60.04527287239722,0.04023147842541862
2018,2403.4652603204854,2643.811786352534,2520.7756312937017,1392,2499.060677022073,2498.9425173192726,2498.7400323106713,24.40691354885817,0.03281184676656325
2018,2643.811786352534,2908.1929649877875,2772.853194423072,693,2774.003469795008,2773.128204448699,2811.0825363495055,69.22342734239966,0.02668602988096024
2018,2908.1929649877875,3199.012261486567,3050.1385138653795,1744,3113.3222647846524,3113.076057999385,3123.4250403883393,38.615530856361225,0.023636323629722535
2018,3199.012261486567,3518.9134876352236,3355.1523652519177,309,3396.4548432392185,3395.737008472158,3435.7675444271736,69.34687910869238,0.015961449600633705
2018,3518.9134876352236,3870.804836398746,3690.6676017771097,567,3734.0568392587147,3733.727000958374,3748.1100484660074,49.03994876951297,0.014601623869562347
2018,3870.804836398746,4257.885320038621,4059.734361954821,262,4042.469015583368,4041.702077076845,4060.452552504841,78.81551828280074,0.012106409664004225
2018,4257.885320038621,4683.673852042483,4465.7077981503035,176,4386.751087519593,4386.456881257107,4372.795056543676,51.44338709997797,0.010953418267432393
2018,4683.673852042483,5152.041237246733,4912.278577965334,805,4739.424627800011,4738.012531289813,4685.13756058251,117.42947860774362,0.010178889695689485
2018,5152.041237246733,5667.245360971406,5403.5064357618685,247,5478.720197038487,5476.496560240351,5590.930822295128,155.85651125688034,0.0066363016260699275
2018,5667.245360971406,6233.969897068548,5943.857079338056,77,5925.3806853860615,5924.697458470254,5934.507576737846,90.4030953620552,0.005549321187317094
2018,6233.969897068548,6857.366886775403,6538.242787271862,430,6278.830321300673,6278.027048697576,6246.850080776679,102.2941407275312,0.0052104649371795715
2018,6857.366886775403,7543.103575452944,7192.067065999048,109,7099.696989763375,7096.301432059697,7090.174841681531,221.75756318613048,0.0033181508130349638
2018,7543.103575452944,8297.413932998237,7911.273772598954,184,7831.755729409342,7831.24583580652,7808.562600970849,90.56442583325544,0.002838471186216912
2018,8297.413932998237,9127.155326298063,8702.40114985885,69,8689.685331567356,8687.418467395302,8745.590113087352,200.21914421425234,0.0020287367703038703
2018,9127.155326298063,10039.87085892787,9572.641264844737,200,9405.91964772593,9405.011481390111,9370.27512116502,133.3078016120165,0.0017250863643364798
2018,10039.87085892787,11043.857944820658,10529.90539132921,47,10673.713618445036,10669.52217770777,10931.987641359188,300.74609132112255,0.0008449402600831738
2018,11043.857944820658,12148.243739302725,11582.895930462131,21,11535.849815834266,11531.417156535214,11556.672649436856,328.0835512664495,0.0006381059255836469
2018,12148.243739302725,13363.068113233,12741.185523508346,54,12548.64930578241,12547.120545107246,12493.700161553357,199.29932545156345,0.0005456905846370498
2018,13363.068113233,14699.3749245563,14015.304075859181,13,14055.412681747523,14053.27505698288,14055.412681747526,255.02658662611225,0.0003080511364886571
2018,14699.3749245563,16169.31241701193,15416.834483445102,35,15621.587237713682,15621.477315570854,15617.125201941699,59.71758487529518,0.0002508416397121922
2018,16169.31241701193,17786.243658713127,16958.517931789615,6,16668.678298872437,16665.148035185146,16741.5582164815,375.67762104360224,9.681607146786367e-05
2018,17786.243658713127,19564.868024584437,18654.369724968576,7,18852.10113662962,18850.159055187614,18740.55024233004,295.1359248435503,7.041168834026448e-05
2018,19564.868024584437,21521.354827042884,20519.806697465432,3,20146.09151050479,20143.2475365836,20302.262762524206,413.1902947809719,3.960657469139877e-05
2018,21521.354827042884,23673.490309747176,22571.78736721198,6,21863.975282718373,21863.97528271836,21863.975282718377,3.9852061127397324e-12,2.6404383127599182e-05
2019,1.2271824814020922,1.3499007295423016,1.287079844813917,2,1.2271824814020922,1.2271824814020922,1.2271824814020922,0.0,1.0
2019,1.7967178710208036,1.9763896581228841,1.884413600792056,1,1.8407737221031386,1.8407737221031386,1.8407737221031386,,0.9999911195968297
2019,2.3914314863286905,2.63057463496156,2.508154502654228,1,2.4543649628041844,2.4543649628041844,2.4543649628041844,,0.9999866793952445
2019,2.63057463496156,2.893632098457716,2.7589699529196507,1,2.7611605831547075,2.7611605831547075,2.7611605831547075,,0.9999822391936594
2019,2.893632098457716,3.182995308303488,3.034866948211616,21,3.0679562035052306,3.0679562035052306,3.0679562035052306,0.0,0.9999777989920743
2019,3.5012948391338368,3.8514243230472207,3.6721890073360557,5,3.681547444206277,3.6815474442062768,3.681547444206277,0.0,0.999884554758786
2019,3.8514243230472207,4.2365667553519435,4.039407908069662,1,3.9883430645568,3.9883430645568,3.9883430645568,,0.9998623537508603
2019,4.2365667553519435,4.660223430887138,4.443348698876628,19,4.569640029431476,4.568634248581877,4.6019343052578465,0.09673320140143768,0.9998579135492751
2019,4.660223430887138,5.126245773975852,4.887683568764291,7,4.908729925608369,4.908729925608368,4.908729925608369,0.0,0.9997735497191572
2019,5.126245773975852,5.638870351373438,5.376451925640721,1,5.522321166309415,5.522321166309416,5.522321166309415,,0.9997424683080612
2019,5.638870351373438,6.202757386510783,5.9140971182047934,101,6.135912407010459,6.135912407010468,6.135912407010461,1.7852165294699932e-15,0.999738028106476
2019,6.202757386510783,6.823033125161861,6.505506830025274,5,6.565426275501194,6.563716348773597,6.442708027360984,0.168038881809773,0.9992895677463757
2019,6.823033125161861,7.505336437678047,7.156057513027801,6,7.311962285020801,7.31105127307809,7.363094888412554,0.12524878752990176,0.99926736673845
2019,7.505336437678047,8.255870081445853,7.871663264330581,49,7.676151643872272,7.676032120981443,7.6698905087630775,0.04382794576436032,0.9992407255289391
2019,8.255870081445853,9.081457089590439,8.65882959076364,7,8.590277369814645,8.58871122970306,8.590277369814647,0.1771285339955727,0.9990231556512665
2019,9.081457089590439,9.989602798549484,9.524712549840006,172,9.203868610515693,9.203868610515698,9.203868610515693,0.0,0.9989920742401706
2019,9.989602798549484,10.988563078404432,10.477183804824007,47,10.587712685288267,10.584457374862922,10.737846712268308,0.26276825817882393,0.9982283595675243
2019,10.988563078404432,12.087419386244877,11.524902185306408,10,11.228719704829144,11.226069333986104,11.04464233261883,0.2587127830591899,0.9980196700930222
2019,12.087419386244877,13.296161324869367,12.67739240383705,229,12.313356098871868,12.31234270134279,12.271824814020922,0.16101770529411755,0.9979752680771707
2019,13.296161324869367,14.625777457356303,13.945131644220757,28,13.81675990221463,13.815923469974102,13.805802915773539,0.15581367234396842,0.9969584619141709
2019,14.625777457356303,16.088355203091936,15.339644808642833,767,15.337781046076671,15.337695896268697,15.339781017526155,0.050758305775516925,0.9968341362697867
2019,16.088355203091936,17.697190723401132,16.87360928950712,13,16.9917574347982,16.990686854488867,16.87375911927877,0.1995532586832671,0.9934285016539751
2019,17.697190723401132,19.466909795741245,18.560970218457832,350,18.428774634998284,18.42816801275636,18.407737221031386,0.15083079434135202,0.9933707790333681
2019,19.466909795741245,21.41360077531537,20.417067240303616,27,20.07806893182868,20.07612457000757,19.941715322784002,0.28645493629812335,0.991816708478565
2019,21.41360077531537,23.55496085284691,22.45877396433398,202,21.832609121479052,21.82349016134509,21.475693424536615,0.6403334852519086,0.9916968230357658
2019,23.55496085284691,25.910456938131603,24.70465136076738,467,24.560730326391127,24.560219273829922,24.543649628041845,0.15987902730724535,0.9907999023155651
2019,25.910456938131603,28.501502631944764,27.17511649684412,156,27.430675081083947,27.42637868003298,27.611605831547077,0.48146994596345905,0.9887263281752992
2019,28.501502631944764,31.351652895139246,29.892628146528534,2297,30.67275029076067,30.67260319678662,30.67956203505231,0.09363447200949722,0.9880336567280155
2019,31.351652895139246,34.486818184653174,32.88189096118139,77,33.24947340032616,33.240214683883536,33.74751823855754,0.7854001957651562,0.9778345136869214
2019,34.486818184653174,37.93550000311849,36.17008005729953,574,36.80104328918914,36.800510572050385,36.81547444206277,0.19594267907192514,0.9774926181648647
2019,37.93550000311849,41.729050003430345,39.787088063029486,147,39.45349936806999,39.441483404510514,39.883430645568005,0.979866023289078,0.9749439424549875
2019,41.729050003430345,45.90195500377338,43.76579686933244,133,43.029815804651555,43.02771338733847,42.95138684907323,0.43165697991793855,0.9742912328219702
2019,45.90195500377338,50.49215050415072,48.14237655626569,2045,46.4134516563246,46.402493896390766,46.01934305257846,1.0250190474028582,0.9737006860111449
2019,50.49215050415072,55.54136555456581,52.95661421189226,275,54.06408202838801,54.039596827751225,55.223211663094155,1.6157177668888203,0.9646204737695091
2019,55.54136555456581,61.09550211002239,58.252275633081496,55,58.2298087425293,58.21816020214386,58.29116786659938,1.1770128516490932,0.9633994183335923
2019,61.09550211002239,67.20505232102462,64.07750319638964,4428,61.40402099015591,61.40281779875266,61.35912407010462,0.3918304664670116,0.963155207246409
2019,67.20505232102462,73.9255575531271,70.4852535160286,460,72.19367809748343,72.15536882860606,73.63094888412554,2.324311511999442,0.9434939946273561
2019,73.9255575531271,81.31811330843982,77.5337788676315,1685,76.7994102404103,76.79724262010576,76.69890508763076,0.583961963193669,0.9414515018981862
2019,81.31811330843982,89.44992463928381,85.28715675439464,279,85.58058331548443,85.56573524157872,85.90277369814646,1.5951438211251256,0.9339697622272051
2019,89.44992463928381,98.3949171032122,93.8158724298341,5441,92.38077929182602,92.3707228060813,92.03868610515693,1.3892504795055731,0.9327309459849478
2019,98.3949171032122,108.23440881353342,103.19745967281753,1210,106.91573819116266,106.90447982219088,107.37846712268308,1.5274531880707896,0.9085718091601359
2019,108.23440881353342,119.05784969488678,113.51720564009929,239,112.55034810340382,112.5182318227767,110.44642332618831,2.707148111425208,0.903199165242102
2019,119.05784969488678,130.96363466437546,124.86892620410924,4981,122.8454380530829,122.84248966112888,122.71824814020924,0.8635012128226183,0.9021379570632506
2019,130.96363466437546,144.059998130813,137.35581882452016,1015,137.9655370790878,137.95641438304077,138.05802915773538,1.5807590299250842,0.8800213129676088
2019,144.059998130813,158.46599794389434,151.0914007069722,7696,153.04616722215448,153.03882837554983,153.39781017526153,1.4800497903153247,0.8755145083586795
2019,158.46599794389434,174.31259773828378,166.20054077766943,596,167.57423867266658,167.5332093844424,168.73759119278768,3.6812939497287602,0.8413427169593499
2019,174.31259773828378,191.74385751211216,182.82059485543635,5549,184.07024000000112,184.06756816295507,184.07737221031385,0.9886554108813408,0.8386963568145994
2019,191.74385751211216,210.9182432633234,201.10265434098002,961,199.68755477876294,199.65686298450373,199.41715322784,3.5205894232934325,0.8140576782185911
2019,210.9182432633234,232.01006758965576,221.21291977507806,3467,217.65144960206234,217.57634336761728,214.75693424536615,5.7979081963545775,0.8097906444952601
2019,232.01006758965576,255.21107434862137,243.33421175258587,5624,245.41996728451403,245.4157465452929,245.43649628041848,1.4352524279745567,0.7943964655995382
2019,255.21107434862137,280.7321817834835,267.66763292784447,2710,272.41832202487694,272.3374207986487,276.11605831547075,6.570646990946485,0.7694247718846435
2019,280.7321817834835,308.80539996183194,294.43439622062897,38665,306.1549638088776,306.14810410854085,306.182029109822,2.0132486507536584,0.7573918255888817
2019,308.80539996183194,339.6859399580151,323.8778358426919,5282,333.4059874649929,333.3142232742649,337.47518238557535,7.719424542868802,0.585711431298981
2019,339.6859399580151,373.6545339538166,356.2656194269611,14869,366.91173624544604,366.88030985002604,368.1547444206277,4.720171478581192,0.5622582865262082
2019,373.6545339538166,411.01998734919835,391.89218136965724,7139,396.5998424859188,396.55480318659,398.83430645568,5.918502198315725,0.4962369291565837
2019,411.01998734919835,452.12198608411825,431.08139950662303,5123,429.29839891391777,429.24619556332595,429.5138684907323,6.6971749483305345,0.4645383300401838
2019,452.12198608411825,497.33418469253013,474.1895394572854,20228,467.03455728712765,466.86648837101893,460.19343052578466,12.677607010581562,0.4417911773194503
2019,497.33418469253013,547.0676031617832,521.608493403014,2902,521.1231253023454,521.0676912425266,521.5525545958892,7.60315490676685,0.35197477965499635
2019,547.0676031617832,601.7743634779615,573.7693427433154,6504,559.6757783889049,559.5208946699896,552.2321166309415,13.307066552648964,0.33908931465488534
2019,601.7743634779615,661.9517998257577,631.146277017647,16879,615.292766763483,615.2514263553554,613.5912407010461,7.243347919928448,0.31021024354505694
2019,661.9517998257577,728.1469798083336,694.2609047194118,2910,687.5811720893963,687.4093353157756,674.9503647711507,15.426714417865828,0.23526408098927692
2019,728.1469798083336,800.961677789167,763.686995191353,8560,766.3057138088307,766.1941567704225,766.9890508763077,13.061866509653633,0.2223430943764847
2019,800.961677789167,881.0578455680837,840.0556947104883,1856,848.3323722058506,848.1855562010379,859.0277369814646,15.712254348475735,0.18433496880758388
2019,881.0578455680837,969.1636301248922,924.0612641815372,9923,920.2641489869548,920.2309186310637,920.3868610515693,7.819575117475896,0.1760939546655418
2019,969.1636301248922,1066.0799931373815,1016.467390599691,1196,1001.1526037353848,1000.8539772847495,981.7459851216739,24.627173033488873,0.13203383433607885
2019,1066.0799931373815,1172.6879924511197,1118.1141296596602,3578,1089.3517622470258,1088.9326332419312,1073.7846712268308,30.711576110962433,0.12672335324023712
2019,1172.6879924511197,1289.956791696232,1229.9255426256263,5059,1230.355350913209,1230.256611793883,1227.1824814020922,15.748778274909787,0.11083631196856338
2019,1289.956791696232,1418.9524708658553,1352.9180968881892,1486,1373.9354618054952,1373.738398125428,1380.5802915773538,23.077875364654858,0.08837333214927957
2019,1418.9524708658553,1560.8477179524407,1488.2099065770083,5089,1529.5544935320493,1529.4531078283142,1533.9781017526154,17.343986122376343,0.08177519259374376
2019,1560.8477179524407,1716.932489747685,1637.030897234709,744,1655.6002977975402,1655.0618150939285,1687.375911927877,41.942822662907766,0.0591790067269054
2019,1716.932489747685,1888.6257387224537,1800.7339869581801,2343,1832.3827374922546,1832.165843579321,1840.7737221031387,27.761387459556644,0.055875496747552336
2019,1888.6257387224537,2077.4883125946994,1980.8073856539984,495,1983.4436021922438,1983.0584869522784,1994.1715322783998,38.95380400967997,0.045472104433541286
2019,2077.4883125946994,2285.237143854169,2178.8881242193984,1479,2150.0515036389993,2149.9333316914667,2147.5693424536616,22.733671271701933,0.04327420464889106
2019,2285.237143854169,2513.7608582395865,2396.776936641338,1704,2429.700143309655,2429.0523965222455,2454.3649628041844,55.33811355948479,0.0367071465044513
2019,2513.7608582395865,2765.1369440635453,2636.454630305472,668,2705.376137587319,2704.167167493678,2761.1605831547076,80.13528375858716,0.02914104300335235
2019,2765.1369440635453,3041.6506384698996,2900.1000933360197,164,2910.946061970842,2910.3184421368414,2914.558393329969,60.5954509154583,0.02617498834447084
2019,3041.6506384698996,3345.81570231689,3190.1101026696215,1795,3078.2975232875747,3078.0277332359788,3067.956203505231,41.52612944054737,0.025446795284505917
2019,3345.81570231689,3680.397272548579,3509.1211129365843,326,3415.0361592076692,3414.203191234987,3374.751823855754,76.46328914253722,0.01747663343915814
2019,3680.397272548579,4048.436999803438,3860.033224230243,788,3760.6372527261065,3758.494343074996,3681.5474442062773,128.5943676400894,0.016029127722398596
2019,4048.436999803438,4453.2806997837815,4246.036546653268,231,4263.870765903374,4263.2067828840445,4295.138684907323,74.99507856905252,0.012530248873298847
2019,4453.2806997837815,4898.608769762161,4670.640201318595,705,4606.283840329342,4606.178405079498,4601.934305257846,31.604587461979847,0.011504562307128744
2019,4898.608769762161,5388.469646738377,5137.704221450455,258,5065.803337576279,5063.437046823923,5062.127735783631,155.41421329042055,0.008374220189596607
2019,5388.469646738377,5927.316611412216,5651.474643595501,249,5608.021873815844,5606.451120745314,5522.321166309415,134.00302292133335,0.007228648180627401
2019,5927.316611412216,6520.048272553437,6216.622107955051,504,6152.65833462126,6152.096101246726,6135.912407010462,84.21688288447956,0.006123037985924561
2019,6520.048272553437,7172.053099808782,6838.284318750557,88,6886.097425044843,6884.201473569073,6830.804487104397,162.39893638645142,0.00388517638700797
2019,7172.053099808782,7889.258409789661,7522.112750625613,232,7606.115369182714,7604.904697273108,7669.890508763077,134.65330868008542,0.003494438647514597
2019,7889.258409789661,8678.184250768627,8274.324025688175,85,8327.274117248979,8323.553030987481,8283.481749464123,249.67537716949766,0.002464311879759341
2019,8678.184250768627,9546.002675845491,9101.756428256995,214,9200.954052122366,9200.243829187435,9203.868610515692,114.30223587305427,0.002086894745021424
2019,9546.002675845491,10500.602943430042,10011.932071082696,43,10035.784176396412,10033.11376981154,10124.255471567261,234.62576377087032,0.0011366916057989032
2019,10500.602943430042,11550.663237773046,11013.125278190964,48,10834.231669661764,10832.101810330632,10737.846712268309,219.674482894172,0.0009457629376373687
2019,11550.663237773046,12705.72956155035,12114.43780601006,61,12214.992182710086,12213.439014498925,12271.824814020923,194.42517915832914,0.0007326332615500744
2019,12705.72956155035,13976.302517705388,13325.881586611069,14,13564.749214069554,13560.252978317978,13805.802915773538,359.57001310146666,0.0004617809648558045
2019,13976.302517705388,15373.932769475927,14658.469745272178,35,15168.878325812608,15164.39549440636,15339.781017526155,367.8126809120795,0.00039961814266367695
2019,15373.932769475927,16911.32604642352,16124.316719799395,7,16277.699056883468,16271.383556604078,16076.090506367409,490.507623702948,0.0002442110871833581
2019,16911.32604642352,18602.458651065874,17736.748391779336,13,18266.139242408066,18264.28735237598,18407.737221031384,269.07755911670006,0.00021312967608729436
2019,18602.458651065874,20462.704516172467,19510.423230957273,4,19941.715322784,19941.715322783984,19941.715322784,0.0,0.0001554070554803188
2019,20462.704516172467,22508.974967789713,21461.465554053004,6,21245.596709273723,21242.652494731246,21475.693424536617,385.0254477945109,0.00013764624913971095
2019,22508.974967789713,24759.872464568685,23607.612109458303,12,24287.986611083077,24281.06259964759,24543.649628041847,597.1001662906539,0.00011100503962879914
2019,24759.872464568685,27235.859711025558,25968.373320404135,2,26537.821160320247,26533.830743856874,26537.821160320247,650.8117907645666,5.772262060697556e-05
2019,29959.445682128113,32955.39025034093,31421.73171768901,10,30679.59271461435,30679.59271447627,30679.56203505231,0.09701729364657712,4.8842217436671625e-05
2019,32955.39025034093,36250.92927537503,34563.90488945792,1,33747.51823855754,33747.51823855753,33747.51823855754,,4.440201585151966e-06
2020,2.3096778428966296,2.5406456271862927,2.422410558052534,5,2.3096778428966296,2.309677842896629,2.3096778428966296,0.0,1.0
2020,3.3815993297849563,3.719759262763452,3.5466512980447162,2,3.5800006564897755,3.5781375282571664,3.5800006564897755,0.16331888650685286,0.9999623417411673
2020,3.719759262763452,4.091735189039798,3.9013164278491885,2,3.92645233292427,3.92645233292427,3.92645233292427,0.0,0.9999472784376342
2020,4.500908707943778,4.950999578738156,4.720592877697519,24,4.619355685793259,4.619355685793259,4.619355685793259,0.0,0.999932215134101
2020,5.446099536611973,5.99070949027317,5.711917382014,17,5.760608266989241,5.760345703855825,5.774194607241574,0.05601791592595016,0.9997514554917039
2020,5.99070949027317,6.589780439300488,6.2831091202154,1,6.4670979601105625,6.4670979601105625,6.4670979601105625,,0.9996234174116726
2020,6.589780439300488,7.248758483230537,6.91142003223694,55,6.924834114430078,6.924763844938105,6.929033528689888,0.031143689680306015,0.999615885759906
2020,7.248758483230537,7.973634331553592,7.602562035460635,4,7.564194935486462,7.563526930979582,7.621936881558878,0.11548389214483157,0.9992016449127458
2020,7.973634331553592,8.770997764708952,8.3628182390067,11,8.125866592736324,8.124813921662158,8.083872450138204,0.1392788143906464,0.9991715183056796
2020,8.770997764708952,9.648097541179848,9.19910006290737,55,9.255509028625768,9.255317399402832,9.238711371586518,0.06053245211795193,0.9990886701362476
2020,9.648097541179848,10.612907295297832,10.119010069198108,10,10.301163179318968,10.299475533066307,10.393550293034833,0.19476913719407757,0.9986744292890873
2020,10.612907295297832,11.674198024827618,11.130911076117918,263,11.546632805477142,11.546596850618688,11.548389214483148,0.028484167406592428,0.9985991127714219
2020,11.674198024827618,12.84161782731038,12.244002183729712,8,12.645486189859046,12.645088266301675,12.703228135931463,0.10691730854765094,0.9966182883568195
2020,12.84161782731038,14.12577961004142,13.468402402102685,112,13.841569358501939,13.841189291651792,13.858067057379776,0.10148141829233913,0.9965580351426871
2020,14.12577961004142,15.538357571045562,14.815242642312954,7,15.045901376583757,15.044683629986073,15.012905978828092,0.20780989428922672,0.9957144901448337
2020,15.538357571045562,17.09219332815012,16.29676690654425,56,16.171869324995864,16.171724427739417,16.167744900276407,0.06951493988011209,0.9956617685824678
2020,17.09219332815012,18.801412660965134,17.926443597198677,202,18.270466461210518,18.265022911251254,18.477422743173037,0.44101270116733465,0.9952399960835411
2020,18.801412660965134,20.68155392706165,19.719087956918546,23,19.5017146561098,19.498894066984626,19.63226166462135,0.3399236854836924,0.9937186024266982
2020,20.68155392706165,22.749709319767813,21.690996752610403,53,20.922194950465514,20.91882437820515,20.787100586069666,0.385510184102655,0.9935453744360676
2020,22.749709319767813,25.0246802517446,23.860096427871444,937,23.110828763763,23.11045573288709,23.096778428966296,0.1336764185795213,0.9931461968924404
2020,25.0246802517446,27.52714827691906,26.24610607065859,15,25.575832647008678,25.57224110958597,25.406456271862925,0.44910926234186244,0.9860890391871842
2020,27.52714827691906,30.27986310461097,28.870716677724452,288,28.073011420346006,28.062998036430596,27.71613411475955,0.7636534516479739,0.9859760644106859
2020,30.27986310461097,33.30784941507207,31.757788345496902,53,32.13938507804272,32.134495086518754,32.335489800552814,0.561011898267456,0.9838069487019199
2020,33.30784941507207,36.638634356579274,34.933567180046595,809,34.644311149811784,34.644113645168005,34.64516764344945,0.11746468325912789,0.9834077711582927
2020,36.638634356579274,40.302497792237205,38.42692389805125,111,37.556194041838985,37.54466505995718,36.95484548634607,0.9432370578576461,0.9773146648791546
2020,40.302497792237205,44.332747571460935,42.26961628785638,89,41.48337114460969,41.478451701510224,41.57420117213933,0.6463891151543341,0.9764786515330677
2020,44.332747571460935,48.76602232860703,46.496577916642025,2037,46.23165463678449,46.23083402359217,46.19355685793259,0.2795492792001388,0.9758083345258448
2020,48.76602232860703,53.642624561467734,51.14623570830623,42,51.32434120893868,51.31508282153394,50.81291254372585,0.989868639028923,0.9604663598773847
2020,53.642624561467734,59.00688701761452,56.26085927913686,924,57.4139918159352,57.40808208787633,57.74194607241574,0.8159420852355557,0.9601500305031897
2020,59.00688701761452,64.90757571937598,61.88694520705056,128,63.56846931828544,63.54492726153721,64.67097960110563,1.7177307192615907,0.9531907842708984
2020,64.90757571937598,71.39833329131358,68.07563972775563,2729,69.28364915463108,69.28346513092367,69.2903352868989,0.15800683696246007,0.9522267328447802
2020,71.39833329131358,78.53816662044494,74.88320370053118,186,74.43868170445235,74.42393987747728,73.90969097269215,1.4991832862760646,0.9316728551738682
2020,78.53816662044494,86.39198328248945,82.3715240705843,670,81.13932734899484,81.13467058979043,80.83872450138203,0.8788913845526902,0.9302719679452901
2020,86.39198328248945,95.03118161073839,90.60867647764275,2541,92.31176058986121,92.30961227953361,92.38711371586518,0.6189808219638512,0.9252257612617023
2020,95.03118161073839,104.53429977181224,99.66954412540701,378,102.89798097869794,102.86914276826806,103.93550293034833,2.39983000075744,0.9060878341229015
2020,104.53429977181224,114.98772974899347,109.63649853794774,228,110.46135585312904,110.44890234454611,110.8645364590382,1.650596796806772,0.903240869755146
2020,114.98772974899347,126.48650272389283,120.60014839174252,4075,115.84363509621471,115.83541384250869,115.48389214483149,1.4021571870045548,0.9015236531523728
2020,126.48650272389283,139.13515299628213,132.66016323091677,3648,137.81533653418882,137.78617097488058,138.5806705737978,2.7688128912945644,0.870832172203686
2020,139.13515299628213,153.04866829591037,145.92617955400848,438,148.93783553095136,148.91523284093464,150.12905978828093,2.5715242791861743,0.8433567065593155
2020,153.04866829591037,168.3535351255014,160.51879750940935,1646,161.71673878380963,161.70977237207896,161.67744900276406,1.4967379918230186,0.8400578430855671
2020,168.3535351255014,185.18888863805157,176.5706772603503,3650,183.671466999726,183.6391764559182,184.77422743173037,3.384027831293915,0.8276607442778275
2020,185.18888863805157,203.70777750185673,194.22774498638535,345,195.75088769611682,195.72973111425827,196.32261664621353,2.87390847652268,0.800170215329924
2020,203.70777750185673,224.07855525204243,213.65051948502386,1365,210.00690794208015,209.95675734429997,207.87100586069667,4.651712910987164,0.7975717954704646
2020,224.07855525204243,246.48641077724668,235.0155714335263,21962,238.60330874873316,238.55772463653,241.3613345826978,4.632126395673056,0.7872910908091254
2020,246.48641077724668,271.1350518549714,258.5171285768789,3028,255.62245110249057,255.5855607276468,254.06456271862925,4.384555390144164,0.621880954712178
2020,271.1350518549714,298.24855704046854,284.36884143456683,8369,278.21196996586815,278.1883523249399,277.1613411475956,3.677304309516512,0.5990751131630678
2020,298.24855704046854,328.0734127445154,312.80572557802356,6537,310.2676422043918,310.07401346698896,300.25811957656185,10.995402705625784,0.5360427195288199
2020,328.0734127445154,360.88075401896697,344.0862981358259,9951,346.2986727530516,346.28624104762866,346.45167643449446,2.926626189559176,0.4868083119308896
2020,360.88075401896697,396.9688294208637,378.4949279494085,4809,377.17442611679763,377.01942109007916,369.54845486346073,10.876033180543837,0.41186084520196126
2020,396.9688294208637,436.6657123629501,416.3444207443494,3359,415.55175037601396,415.5302833067146,415.74201172139334,4.226216258124725,0.37564113185662745
2020,436.6657123629501,480.33228359924516,457.9788628187844,10103,460.4803778069426,460.44080588046523,461.93556857932595,5.959369371611636,0.35034231357278967
2020,480.33228359924516,528.3655119591697,503.77674910066287,2456,496.2463219552941,496.0862672628934,493.6936389191546,12.622330097919676,0.2742500357753459
2020,528.3655119591697,581.2020631550868,554.1544240107293,5649,569.4821254556254,569.2551397584758,577.4194607241574,15.819921324896551,0.2557522990367017
2020,581.2020631550868,639.3222694705955,609.5698664118023,848,610.4933392784949,610.3601957945759,600.5162391531237,12.762351158585602,0.21320599820746688
2020,639.3222694705955,703.254496417655,670.5268530529825,6803,686.8202392746458,686.6506525981055,692.9033528689889,15.01880402578673,0.2068191575094334
2020,703.254496417655,773.5799460594206,737.5795383582807,984,735.9250929900248,735.7426533165382,739.0969097269215,16.417703351903647,0.1555813305416011
2020,773.5799460594206,850.9379406653628,811.337492194109,2096,808.873643773293,808.818426430308,808.3872450138203,9.458337729049394,0.14817018520331693
2020,850.9379406653628,936.0317347318992,892.47124141352,3510,916.3509313866407,916.1563690548487,923.8711371586519,18.590480403497093,0.1323838431006304
2020,936.0317347318992,1029.6349082050892,981.7183655548721,472,976.3727569557328,976.1303011323737,970.0646940165844,21.856929769410197,0.10594774540004369
2020,1029.6349082050892,1132.5983990255982,1079.8902021103593,1167,1056.5875614183942,1056.2005410320521,1039.3550293034834,28.961697573963516,0.1023928057662326
2020,1132.5983990255982,1245.858238928158,1187.8792223213952,3360,1157.6542537618168,1157.5919357178032,1154.8389214483147,12.193441770067233,0.09360336815467
2020,1245.858238928158,1370.444062820974,1306.667144553535,526,1288.2680444074997,1287.9078467890208,1270.3228135931463,30.751974414391125,0.06829701821906563
2020,1370.444062820974,1507.4884691030716,1437.3338590088886,1760,1405.1674490243631,1404.6124006318532,1385.8067057379778,40.16100578862626,0.0643353693898609
2020,1507.4884691030716,1658.2373160133786,1581.0672449097776,982,1610.893749181822,1610.7658862331814,1616.7744900276407,20.035203022644005,0.05107966228073479
2020,1658.2373160133786,1824.0610476147167,1739.1739694007554,298,1730.0347359539253,1729.6795204256377,1732.2583821724722,35.17057337363469,0.04368358024598375
2020,1824.0610476147167,2006.4671523761886,1913.091366340831,1042,1863.9508043157662,1863.5415430667047,1847.7422743173038,39.652535113896505,0.04143914801955217
2020,2006.4671523761886,2207.113867613808,2104.4005029749146,414,2096.284252261336,2095.785790524883,2078.710058606967,46.13572515378738,0.03359116687880819
2020,2207.113867613808,2427.8252543751887,2314.8405532724064,1366,2314.469494462504,2314.305788093977,2309.6778428966295,27.808258740299323,0.03047306304745694
2020,2427.8252543751887,2670.607779812708,2546.324608599647,207,2556.63149890377,2556.118416411702,2540.6456271862926,51.54967157031783,0.02018482673435111
2020,2670.607779812708,2937.668557793979,2800.957069459612,443,2780.4485809400016,2780.2191905764735,2771.6134114759557,36.08667963948908,0.018625774818675483
2020,2937.668557793979,3231.4354135733765,3081.0527764055732,161,3023.0110853064207,3022.63518237591,3002.5811957656188,48.31046750933653,0.015289253086094311
2020,3231.4354135733765,3554.578954930715,3389.158054046131,639,3417.1770434119217,3415.928520908375,3464.5167643449445,91.25137962421874,0.014076657151679935
2020,3554.578954930715,3910.0368504237867,3728.0738594507443,127,3703.895776999488,3703.5548874292826,3695.4845486346076,50.609596091176634,0.009263931672855174
2020,3910.0368504237867,4301.040535466165,4100.881245395819,205,4065.9636346679385,4064.302200347472,4157.420117213934,116.24811070148291,0.008307411898503462
2020,4301.040535466165,4731.1445890127825,4510.969369935401,386,4590.907754786825,4590.286262463337,4619.355685793259,74.66980766005021,0.006763423286360932
2020,4731.1445890127825,5204.259047914062,4962.066306928942,75,5006.134337364729,5004.897735632011,5081.291254372585,111.55663851068972,0.003856205704473048
2020,5204.259047914062,5724.684952705467,5458.272937621837,68,5453.862669942191,5452.225510861137,5543.226822951911,134.70709514304698,0.003291331821981879
2020,5724.684952705467,6297.153447976015,6004.10023138402,162,5843.19979711577,5841.399837158034,5774.194607241574,147.7904107233796,0.002779179501856552
2020,6297.153447976015,6926.868792773616,6604.510254522423,37,6507.049144420126,6506.069323514839,6467.097960110563,115.31036253193649,0.0015590519156756268
2020,6926.868792773616,7619.555672050979,7264.961279974666,161,6967.0499652344615,6966.143443180756,6929.033528689889,114.62641484004928,0.0012803808003133167
2020,7619.555672050979,8381.511239256079,7991.457407972133,9,7621.936881558878,7621.936881558871,7621.936881558877,9.646648066153113e-13,6.778486589894029e-05
2021,0.44842121982237854,0.49326334180461645,0.47030814305696317,1,0.44842121982237854,0.44842121982237854,0.44842121982237854,,1.0
2021,2.060483391593183,2.2665317307525017,2.1610532126105735,3,2.2421060991118926,2.2421060991118926,2.2421060991118926,0.0,0.9999941978532056
2021,3.0167537336315804,3.3184291069947385,3.163998008583142,1,3.1389485387566496,3.1389485387566496,3.1389485387566496,,0.9999767914128227
2021,3.3184291069947385,3.650272017694213,3.4803978094414565,11,3.36315914866784,3.363159148667839,3.3631591486678394,4.657646926676369e-16,0.9999709892660285
2021,4.0152992194636346,4.416829141409998,4.211281349424163,3,4.0357909784014065,4.0357909784014065,4.0357909784014065,0.0,0.999907165651291
2021,4.416829141409998,4.858512055550999,4.63240948436658,27,4.484212198223785,4.484212198223784,4.484212198223785,0.0,0.9998897592109081
2021,5.344363261106098,5.878799587216709,5.605215476083562,29,5.5975338474379654,5.597380519010927,5.605265247779732,0.041634865030341354,0.9997331012474615
2021,5.878799587216709,6.466679545938381,6.16573702369192,3,6.05368646760211,6.053686467602111,6.053686467602111,1.0877919644084146e-15,0.9995648389904265
2021,6.466679545938381,7.113347500532218,6.7823107260611115,53,6.7263182973356805,6.7263182973356805,6.726318297335679,1.7933558567607186e-15,0.9995474325500435
2021,7.113347500532218,7.8246822505854405,7.460541798667223,3,7.398950127069246,7.398950127069248,7.398950127069246,0.0,0.9992399187699449
2021,7.8246822505854405,8.607150475643987,8.206595978533947,13,7.881865286877959,7.880987548116437,7.847371346891625,0.12436966931351479,0.9992225123295619
2021,8.607150475643987,9.467865523208385,9.027255576387342,47,8.992276588991315,8.99178659409586,8.96842439644757,0.09619884356859025,0.9991470844212359
2021,9.467865523208385,10.414652075529224,9.929981134026075,11,10.089477446003515,10.089477446003523,10.089477446003517,1.8630587706705477e-15,0.998874383521903
2021,10.414652075529224,11.456117283082149,10.922979247428685,361,11.208667249493722,11.208609175178934,11.210530495559464,0.03540167524913515,0.9988105599071656
2021,11.456117283082149,12.601729011390365,12.015277172171556,3,12.182109805174619,12.180260488512667,12.33158354511541,0.2588961119747907,0.9967159849144184
2021,12.601729011390365,13.861901912529403,13.216804889388712,114,13.442802795991042,13.442589181316292,13.452636594671358,0.07540398329648972,0.9966985784740354
2021,13.861901912529403,15.248092103782342,14.538485378327584,9,14.474040484266775,14.46776803032468,14.573689644227304,0.4499755441357154,0.9960371337394837
2021,15.248092103782342,16.77290131416058,15.992333916160343,60,15.691005850284732,15.690979352849006,15.69474269378325,0.028945465274301457,0.9959849144183348
2021,16.77290131416058,18.45019144557664,17.59156730777638,204,17.733520543710977,17.72811278551242,17.93684879289514,0.43303416221546165,0.9956367856106759
2021,18.45019144557664,20.295210590134307,19.35072403855402,75,19.823207390947953,19.8143821881886,20.178954892007035,0.5887146624718632,0.9944531476646359
2021,20.295210590134307,22.324731649147736,21.285796442409424,10,21.255165819580746,21.245264017519474,21.41211324651858,0.6833418893031912,0.9940179866550624
2021,22.324731649147736,24.557204814062512,23.414376086650368,1326,22.4293463002333,22.42911374966454,22.421060991118928,0.1043836170517849,0.9939599651871193
2021,24.557204814062512,27.012925295468765,25.755813695315407,299,26.68106257943153,26.672531062671343,26.905273189342715,0.6607393382329618,0.986266318537859
2021,27.012925295468765,29.71421782501565,28.33139506484695,77,28.565014067906056,28.559527921354128,28.026326238898662,0.5637737664344588,0.9845314766463592
2021,29.71421782501565,32.68563960751721,31.164534571331647,70,31.286989108749953,31.282687704042324,31.3894853875665,0.5187561569414875,0.984084711343197
2021,32.68563960751721,35.95420356826894,34.28098802846481,1263,33.84515076120188,33.838942704508106,33.631591486678396,0.6598715470605918,0.983678561067595
2021,35.95420356826894,39.54962392509583,37.709086831311296,52,38.00369837994658,37.99670875788474,38.115803684902176,0.7383013077328439,0.9763504496663765
2021,39.54962392509583,43.50458631760542,41.47999551444243,134,40.63566322614286,40.628953908716255,40.35790978401407,0.7520524403374854,0.9760487380330722
2021,43.50458631760542,47.85504494936597,45.62799506588668,2716,44.85896254351249,44.85853536147056,44.842121982237856,0.19880961121167462,0.9752712503626342
2021,47.85504494936597,52.640549444302565,50.19079457247535,61,49.98426367511908,49.97253665953523,49.32633418046164,1.0937164630294367,0.9595126196692776
2021,52.640549444302565,57.90460438873283,55.20987402972289,1324,55.763583360638414,55.75834357122089,56.052652477797324,0.7571729056125553,0.9591586887148245
2021,57.90460438873283,63.69506482760612,60.73086143269518,174,61.82543139964862,61.804705256332745,62.778970775133,1.5867708860415901,0.9514766463591529
2021,63.69506482760612,70.06457131036673,66.8039475759647,3906,67.26668447033698,67.26651950426083,67.26318297335679,0.14940877971138566,0.9504670728169423
2021,70.06457131036673,77.07102844140341,73.48434233356119,194,72.51132925998931,72.49845101558137,71.74739517158056,1.3816397722606697,0.9278038874383522
2021,77.07102844140341,84.77813128554375,80.8327765669173,921,78.82305356144887,78.81632307608774,78.47371346891624,1.0457307708005221,0.9266782709602553
2021,84.77813128554375,93.25594441409814,88.91605422360904,3389,89.65248796189165,89.65138748554399,89.68424396447571,0.43861928725804183,0.9213344937626922
2021,93.25594441409814,102.58153885550796,97.80765964596995,547,100.01842659168027,99.99467796359905,100.89477446003518,2.1459545693842,0.9016710182767624
2021,102.58153885550796,112.83969274105877,107.58842561056696,5152,111.8659061657807,111.86018489095717,112.10530495559465,1.1125080473741495,0.8984972439802728
2021,112.83969274105877,124.12366201516465,118.34726817162367,987,122.71680467269834,122.70282408459602,123.3158354511541,1.8244551517076353,0.8686045836959675
2021,124.12366201516465,136.53602821668113,130.18199498878604,4539,134.37116221542013,134.36666883514232,134.52636594671358,1.0772681142923708,0.8628778648099797
2021,136.53602821668113,150.18963103834926,143.20019448766465,571,144.94921433459905,144.93174053749516,145.73689644227304,2.2350274029763857,0.836541920510589
2021,150.18963103834926,165.2085941421842,157.52021393643113,2190,157.1301739418012,157.1247082225654,156.9474269378325,1.3153478486529633,0.8332288946910357
2021,165.2085941421842,181.72945355640263,173.27223533007427,5027,178.20724913053337,178.17399832229412,179.36848792895142,3.385162520390518,0.8205221932114882
2021,181.72945355640263,199.9023989120429,190.5994588630817,457,190.53290070606093,190.5103002684296,190.5790184245109,2.946649135772969,0.7913548012764723
2021,199.9023989120429,219.89263880324722,209.6594047493899,1675,203.7907122742031,203.73879052109154,201.78954892007036,4.674560616473851,0.7887032201914709
2021,219.89263880324722,241.88190268357195,230.6253452243289,6594,225.1410805420992,225.12152177907896,224.2106099111893,3.007146076976398,0.778984624310995
2021,241.88190268357195,266.0700929519292,253.6878797467618,27087,246.89638295255216,246.88989469700698,246.6316709023082,1.8208194929982062,0.7407252683492892
2021,266.0700929519292,292.67710224712215,279.05666772143803,13366,277.07586852317456,276.883535599485,269.05273189342716,10.397660687190227,0.5835625181317088
2021,292.67710224712215,321.9448124718343,306.96233449358186,3959,312.041081232517,312.0043017609268,313.894853875665,4.740701899807401,0.5060110240789092
2021,321.9448124718343,354.1392937190178,337.65856794294,12168,336.3755422117602,336.36284663675076,336.3159148667839,2.926983965515575,0.4830403249202205
2021,354.1392937190178,389.55322309091963,371.42442473723406,7065,366.3408732063177,366.2049816209801,358.73697585790285,10.039562847290156,0.412439802727009
2021,389.55322309091963,428.50854540001166,408.5668672109575,5272,407.2661970904196,407.1699003982375,403.5790978401407,8.940430914415938,0.3714476356251813
2021,428.50854540001166,471.35939994001285,449.4235539320533,12443,450.0128754998418,449.9730031362987,448.4212198223786,6.063745947759472,0.3408587177255585
2021,471.35939994001285,518.4953399340142,494.3659093252587,4442,497.9361796330154,497.8446850462039,493.2633418046164,9.611127690283112,0.26866260516391066
2021,518.4953399340142,570.3448739274156,543.8025002577846,6446,557.2715056830154,557.2110686037378,560.5265247779732,8.119787700820797,0.24288946910356832
2021,570.3448739274156,627.3793613201572,598.182750283563,1230,593.5396230943844,593.398817828721,582.9475857690921,12.969521357759866,0.20548883086742095
2021,627.3793613201572,690.117297452173,658.0010253119194,8594,666.7624634846092,666.5982244904054,672.6318297335678,14.5639093934686,0.19835219031041484
2021,690.117297452173,759.1290271973904,723.8011278431115,1616,723.4138679481806,723.2166103501961,717.4739517158057,16.84708015142892,0.14848854076008122
2021,759.1290271973904,835.0419299171294,796.1812406274228,2907,788.1381636037286,788.0228041083657,784.7371346891624,13.588852300079374,0.13911227154046998
2021,835.0419299171294,918.5461229088426,875.799364690165,4127,891.6500652705721,891.5364678217526,896.8424396447572,14.053246278576614,0.12224543080939948
2021,918.5461229088426,1010.4007351997269,963.3793011591816,1666,986.4095988369501,985.9338830154871,1008.9477446003517,30.320735713962996,0.09829997098926603
2021,1010.4007351997269,1111.4408087196996,1059.7172312751,400,1064.0973888467317,1063.8050835102829,1076.2109275737087,24.944895776031483,0.08863359442993908
2021,1111.4408087196996,1222.5848895916697,1165.68895440261,4146,1125.135240125111,1125.0318501187314,1121.0530495559465,15.53386760642305,0.08631273571221353
2021,1222.5848895916697,1344.8433785508366,1282.2578498428709,722,1250.085323936803,1249.7732697697243,1233.1583545115411,28.244154405121932,0.062257035102988106
2021,1344.8433785508366,1479.3277164059205,1410.483634827158,2073,1363.5831696868831,1363.0611833452167,1345.2636594671355,38.36651642257927,0.05806788511749347
2021,1479.3277164059205,1627.2604880465126,1551.531998309874,1228,1561.4649478596164,1561.220131310639,1569.4742693783248,27.349278790438756,0.04604003481288076
2021,1627.2604880465126,1789.9865368511641,1706.6851981408618,354,1693.6571791937968,1693.3478880658015,1681.5795743339197,32.590679243289415,0.0389149985494633
2021,1789.9865368511641,1968.9851905362807,1877.353717954948,1237,1808.3281702871818,1807.9543762426827,1793.6848792895144,37.381644457737025,0.03686103858427618
2021,1968.9851905362807,2165.883709589909,2065.089089750443,582,2035.5461034864445,2035.0431233690426,2017.8954892007034,45.71434735371057,0.029683782999709894
2021,2165.883709589909,2382.4720805489,2271.5979987254873,1420,2246.739048207678,2246.6003638249053,2242.106099111893,25.263628650416138,0.026306933565419206
2021,2382.4720805489,2620.71928860379,2498.7577985980365,255,2479.1424351672963,2478.8356793776284,2466.3167090230822,39.45492142688128,0.018067885117493472
2021,2620.71928860379,2882.7912174641697,2748.6335784578405,512,2703.793843206262,2703.5023858257546,2690.527318934271,40.15738226433863,0.01658833768494343
2021,2882.7912174641697,3171.0703392105866,3023.4969363036244,331,3022.240481250159,3020.3245977702936,3004.4221728099365,107.87430466014752,0.013617638526254715
2021,3171.0703392105866,3488.1773731316457,3325.846629933987,626,3360.981153909261,3360.823408304238,3363.1591486678394,32.36746711105894,0.011697127937336814
2021,3488.1773731316457,3836.995110444811,3658.4312929273865,217,3677.48692533407,3675.9317003260408,3587.3697585790287,107.47528516210859,0.008064984044096316
2021,3836.995110444811,4220.694621489291,4024.2744222201254,161,4030.518547537284,4030.2420339815467,4035.790978401407,47.21125691352235,0.0068059181897302005
2021,4220.694621489291,4642.764083638222,4426.701864442138,481,4462.192012751428,4461.635305425919,4484.212198223786,69.70960083248438,0.005871772555845663
2021,4642.764083638222,5107.040492002045,4869.372050886353,102,4843.33824543418,4841.765554338409,4932.6334180461645,123.93328419525461,0.003080939947780679
2021,5107.040492002045,5617.744541202249,5356.309255974988,193,5511.33726620901,5508.849881254396,5605.265247779731,163.65832601781403,0.0024891209747606616
2021,5617.744541202249,6179.518995322474,5891.940181572488,41,5940.924936471166,5939.812119768806,5986.423284628754,116.2118910427379,0.0013693066434580794
2021,6179.518995322474,6797.470894854722,6481.134199729737,161,6639.029346843548,6636.877010588455,6726.318297335679,167.3638949919312,0.0011314186248912097
2021,6797.470894854722,7477.2179843401955,7129.247619702711,34,7154.890283751212,7153.342229171184,7174.739517158057,151.3019014493146,0.00019727299100667247
2022,0.8356939203118747,0.9192633123430622,0.8764831779850958,4,0.8356939203118747,0.8356939203118747,0.8356939203118747,0.0,1.0
2022,1.0111896435773686,1.1123086079351057,1.0605446453619662,2,1.0446174003898434,1.0446174003898434,1.0446174003898434,0.0,0.9999805136599244
2022,1.9705225497821246,2.167574804760337,2.0667014857303,5,2.089234800779687,2.089234800779687,2.089234800779687,0.0,0.9999707704898866
2022,2.384332285236371,2.622765513760008,2.5007087977336635,3,2.507081760935624,2.507081760935624,2.507081760935624,0.0,0.9999464125647921
2022,2.8850420651360094,3.173546271649611,3.0258576452577337,7,3.1040059897298207,3.1031162810586763,3.1338522011695304,0.0789656530469233,0.9999317978097354
2022,3.173546271649611,3.490900898814572,3.328443409783507,6,3.342775681247499,3.3427756812474985,3.342775681247499,0.0,0.999897696714603
2022,3.490900898814572,3.8399909886960293,3.661287750761858,5,3.5934838573410617,3.5925340202997944,3.551699161325468,0.0934334207100323,0.9998684672044896
2022,3.8399909886960293,4.223990087565633,4.027416525838044,41,4.1784696015593745,4.178469601559374,4.178469601559374,8.992121150493564e-16,0.9998441092793952
2022,4.223990087565633,4.6463890963221965,4.430158178421849,2,4.3873930816373425,4.3873930816373425,4.3873930816373425,0.0,0.9996443742936202
2022,4.6463890963221965,5.111028005954417,4.873173996264034,8,5.014163521871248,5.014163521871248,5.014163521871248,0.0,0.9996346311235824
2022,5.111028005954417,5.622130806549858,5.360491395890438,18,5.223087001949216,5.223087001949217,5.223087001949217,9.139280539960854e-16,0.9995956584434311
2022,5.622130806549858,6.184343887204845,5.896540535479482,3,5.7802162821571335,5.7769121081194665,5.640933962105154,0.24124405492609752,0.9995079699130909
2022,6.184343887204845,6.80277827592533,6.4861945890274315,55,6.275301619796442,6.275063416822111,6.267704402339061,0.05634247261356329,0.9994933551580342
2022,6.80277827592533,7.483056103517863,7.134814047930174,12,7.190449772683422,7.188159010408172,7.3123218027289045,0.18810146352281673,0.9992254179819946
2022,7.483056103517863,8.23136171386965,7.8482954527231925,5,7.771953458900436,7.771508921950507,7.7301687628848414,0.09343342071003231,0.9991669589617678
2022,8.23136171386965,9.054497885256616,8.633124997995512,60,8.391759783131745,8.391319291078009,8.356939203118747,0.08743422503959436,0.9991426010366733
2022,9.054497885256616,9.959947673782278,9.496437497795064,4,9.401556603508592,9.401556603508594,9.401556603508592,0.0,0.9988503059355391
2022,9.959947673782278,10.955942441160508,10.446081247574572,373,10.446174003898435,10.446129158783462,10.446174003898435,0.03063802561365532,0.9988308195954636
2022,10.955942441160508,12.05153668527656,11.49068937233203,3,11.490791404288279,11.49079140428828,11.490791404288279,0.0,0.9970137183834132
2022,12.05153668527656,13.256690353804215,12.639758309565234,146,12.536839787418383,12.536496268919203,12.535408804678122,0.09342238635266159,0.9969991036283565
2022,13.256690353804215,14.582359389184637,13.903734140521758,8,13.684487945106948,13.684089230366977,13.684487945106948,0.11167429750060726,0.9962878522155969
2022,14.582359389184637,16.040595328103105,15.294107554573936,136,14.927275411158984,14.92000016854093,14.624643605457809,0.4722059945884131,0.9962488795354456
2022,16.040595328103105,17.644654860913416,16.823518310031332,158,16.746935918908054,16.746182256785527,16.713878406237495,0.16083565070578956,0.995586343972875
2022,17.644654860913416,19.40912034700476,18.505870141034464,71,18.753089275167522,18.751413840533274,18.803113207017184,0.24837124165180008,0.9948166335398886
2022,19.40912034700476,21.350032381705237,20.356457155137914,1358,20.89127108264183,20.891170219311032,20.89234800779687,0.06390538927563118,0.9944707510035465
2022,21.350032381705237,23.485035619875763,22.39210287065171,30,22.751766980490803,22.746975681380658,22.981582808576558,0.4698976892107104,0.987855138547878
2022,23.485035619875763,25.83353918186334,24.631313157716882,308,25.045041335840136,25.04447875027053,25.070817609356244,0.1657857202940385,0.9877089909973109
2022,25.83353918186334,28.416893100049673,27.09444447348857,82,26.86450212124514,26.858098595199227,27.16005241013593,0.5899676578286475,0.9862085428114892
2022,28.416893100049673,31.258582410054647,29.803888920837426,44,29.292021559113376,29.291371415774485,29.249287210915618,0.19937436814476803,0.9858090728399392
2022,31.258582410054647,34.38444065106012,32.784277812921175,1163,31.497145771720117,31.49247093964541,31.338522011695304,0.5529154465141282,0.9855947230991076
2022,34.38444065106012,37.82288471616613,36.0627055942133,167,37.03700375873211,37.02394716966689,37.60622641403437,0.974735943832954,0.9799290697221248
2022,37.82288471616613,41.605173187782746,39.66897615363463,24,39.67805092480756,39.674255489801986,39.69546121481405,0.564368081090268,0.9791155150239682
2022,41.605173187782746,45.76569050656102,43.635873768998096,2821,41.80728433938806,41.806701866217466,41.78469601559374,0.2247705332327868,0.9789985969835145
2022,45.76569050656102,50.34225955721713,47.99946114589791,221,49.408039650655915,49.38674052827492,50.14163521871249,1.430590031773777,0.9652558556451927
2022,50.34225955721713,55.37648551293885,52.799407260487705,1055,52.28235827050664,52.281282646165224,52.23087001949217,0.33966562041653064,0.9641792353560155
2022,55.37648551293885,60.91413406423274,58.07934798653648,150,58.391327035391214,58.3823719210483,58.498574421831236,1.0265802595821554,0.9590397131610741
2022,60.91413406423274,67.00554747065601,63.88728278519013,3938,62.82676013836778,62.822346626664896,62.67704402339061,0.7594314999665702,0.9583089754082388
2022,67.00554747065601,73.70610221772162,70.27601106370915,758,72.92669765618666,72.92192313713899,73.12321802728904,0.8212286463565897,0.9391246736038037
2022,73.70610221772162,81.0767124394938,77.30361217008007,139,76.41489012348153,76.39526766737947,75.21245282806873,1.7503014147817335,0.9354320121594762
2022,81.0767124394938,89.18438368344319,85.0339733870881,3709,83.63276191932111,83.63121369495825,83.56939203118748,0.5160596096150678,0.9347548618418489
2022,89.18438368344319,98.1028220517875,93.5373707257969,445,93.95453220944516,93.9510546322645,94.01556603508591,0.8040395477200712,0.9166861530067423
2022,98.1028220517875,107.91310425696626,102.8911077983766,4830,104.26215972074837,104.25801000006676,104.46174003898435,0.9188448331246362,0.914518297673331
2022,107.91310425696626,118.7044146826629,113.18021857821427,464,114.16812680631361,114.14225855003082,114.90791404288278,2.413219815912363,0.8909885420320356
2022,118.7044146826629,130.57485615092918,124.4982404360357,6035,125.44783531837216,125.44609527642244,125.35408804678121,0.6600215844398452,0.8887281265832652
2022,130.57485615092918,143.63234176602214,136.94806447963927,721,135.9529703363954,135.93814902233203,135.80026205067963,2.01826942839024,0.859328110994193
2022,143.63234176602214,157.99557594262436,150.6428709276032,2640,148.22471982540725,148.17445752260969,146.24643605457808,3.9139486838803776,0.8558156981955649
2022,157.99557594262436,173.7951335368868,165.70715802036355,5131,167.12184542123043,167.11991361998795,167.13878406237495,0.8007871339349839,0.8429547137456643
2022,173.7951335368868,191.1746468905755,182.27787382239993,1858,185.5021234639105,185.44658897717974,188.03113207017182,4.492713668435674,0.8179586110136794
2022,191.1746468905755,210.2921115796331,200.50566120463995,6674,208.57202908743295,208.56330215979543,208.9234800779687,1.875455573854301,0.8089072060485599
2022,210.2921115796331,231.3213227375964,220.55622732510398,927,228.19312144438328,228.1572390190188,229.81582808576556,3.990034519031728,0.7763942476324097
2022,231.3213227375964,254.45345501135603,242.61185005761436,36644,252.71602287234364,252.71183246751735,253.21525785449808,1.435057814885502,0.7718782883198878
2022,254.45345501135603,279.8988005124917,266.8730350633758,6608,269.1988841996942,269.14725898442606,271.60052410135927,5.21660236719982,0.593363926887252
2022,279.8988005124917,307.8886805637409,293.56033856971345,4827,292.26512084498165,292.2275096252266,292.49287210915617,4.690088893792233,0.5611724930823493
2022,307.8886805637409,338.677548620115,322.9163724266848,18223,319.43039229362597,319.29493615582464,313.38522011695306,9.385659904349982,0.5376573521961105
2022,338.677548620115,372.54530348212654,355.2080096693533,3416,355.0493080814011,355.01173828484724,355.1699161325468,5.167261634400678,0.44888245839666396
2022,372.54530348212654,409.7998338303392,390.7288106362887,7823,380.3853484222842,380.2943768773037,376.06226414034364,8.417914345041863,0.4322411239720956
2022,409.7998338303392,450.7798172133732,429.80169169991757,15394,419.3793868745318,419.343481786046,417.8469601559374,5.570451254532234,0.3941307143692272
2022,450.7798172133732,495.85779893471056,472.7818608699094,3641,467.7688843048288,467.65531759610616,459.6316561715311,10.35111655548877,0.3191375345882536
2022,495.85779893471056,545.4435788281817,520.0600469569005,12098,518.3749014369517,518.262002336934,522.3087001949217,10.818440975840623,0.30140009353443237
2022,545.4435788281817,599.9879367109999,572.0660516525905,2172,577.6505293270666,577.5496912392651,584.9857442183123,10.74006045330468,0.242463657975759
2022,599.9879367109999,659.9867303820998,629.2726568178496,10763,626.7030831331097,626.6790503561616,626.7704402339061,5.486627584749332,0.23188257531470438
2022,659.9867303820998,725.9854034203099,692.1999224996346,1494,682.9444262960747,682.7331086549583,671.0622180104355,17.092407126990654,0.17944970575626487
2022,725.9854034203099,798.583943762341,761.4199147495981,4693,743.8567143294576,743.5721642252537,731.2321802728903,20.85509416744877,0.17217155773802564
2022,798.583943762341,878.4423381385751,837.5619062245579,5770,837.3738895848691,837.3142077020243,835.6939203118748,10.095953307604299,0.14930920924431973
2022,878.4423381385751,966.2865719524327,921.3180968470137,1856,935.5724015066489,935.4287736351587,940.1556603508591,16.235877664320626,0.12120016368525663
2022,966.2865719524327,1062.915229147676,1013.4499065317152,6234,1041.0333941648678,1040.9582704003428,1044.6174003898434,12.334333621242214,0.11215850189017498
2022,1062.915229147676,1169.2067520624437,1114.7948971848868,862,1126.1234912772911,1125.7226914489227,1149.0791404288277,29.850093381851266,0.08178904088234148
2022,1169.2067520624437,1286.1274272686883,1226.2743869033757,2981,1248.3226293330636,1248.1848264959217,1253.5408804678123,18.269564614989427,0.07758973459604818
2022,1286.1274272686883,1414.7401699955572,1348.9018255937133,603,1346.8357817623307,1346.5033701872412,1358.0026205067966,29.855685492347646,0.06306753965470205
2022,1414.7401699955572,1556.2141869951129,1483.7920081530847,1850,1464.376631512354,1464.286336422457,1462.4643605457807,16.383310346081355,0.0601299738883043
2022,1556.2141869951129,1711.8356056946245,1632.1712089683933,2032,1651.8411572356674,1651.354057882663,1671.3878406237495,39.61019793583492,0.051117541603336064
2022,1711.8356056946245,1883.0191662640873,1795.388329865233,857,1842.7362987281158,1841.9189583524226,1880.3113207017182,54.36685540101707,0.041218480844927706
2022,1883.0191662640873,2071.3210828904957,1974.9271628517563,226,1979.7450306161716,1979.2710025084598,1984.7730607407025,43.40538588464392,0.03704353248372891
2022,2071.3210828904957,2278.4531911795457,2172.419879136932,2285,2095.094624374749,2094.9502842016273,2089.234800779687,25.043617876108016,0.03594255426945711
2022,2278.4531911795457,2506.2985102975003,2389.6618670506255,400,2320.9957064649784,2320.5126244653684,2298.1582808576554,48.027576300454555,0.024810982501266614
2022,2506.2985102975003,2756.928361327251,2628.6280537556886,1072,2567.6255247230692,2566.084014910739,2507.0817609356245,89.95021769714626,0.02286234849370591
2022,2756.928361327251,3032.621197459976,2891.4908591312574,278,2923.105525542392,2922.6786309007935,2924.9287210915613,49.92013148380784,0.017640009353443235
2022,3032.621197459976,3335.883317205974,3180.6399450443832,937,3136.0827993495736,3136.0187797884305,3133.8522011695304,20.267746279999567,0.01628570871818855
2022,3335.883317205974,3669.4716489265716,3498.703939548822,307,3449.5015529419215,3447.771485935817,3405.45272527089,109.690040482299,0.01172103355547761
2022,3669.4716489265716,4036.4188138192294,3848.5743335037046,270,3804.2659826010577,3803.4067395544507,3760.6226414034363,81.82803571330959,0.010225456954674772
2022,4036.4188138192294,4440.060695201152,4233.431766854075,688,4187.74726168051,4187.486405460796,4178.469601559374,47.357960155347286,0.0089101289995713
2022,4440.060695201152,4884.066764721268,4656.774943539483,121,4654.381749414006,4653.380142001799,4596.316561715311,97.44141300738927,0.0055584785065668964
2022,4884.066764721268,5372.473441193396,5122.452437893432,276,5186.744157014351,5186.05285210616,5223.087001949218,84.05176446137095,0.004969016719279785
2022,5372.473441193396,5909.720785312735,5634.6976816827755,76,5677.187683885,5675.0551982186535,5640.933962105155,156.1243830507953,0.003624459254062902
2022,5909.720785312735,6500.6928638440095,6198.167449851053,278,6263.749886683773,6263.52027828781,6267.704402339061,53.62164222109458,0.0032542187926263687
2022,6500.6928638440095,7150.762150228412,6817.98419483616,52,6842.055137869558,6840.171570359134,6869.821871923767,162.58824571822652,0.0018999181573716825
2022,7150.762150228412,7865.838365251252,7499.782614319776,79,7383.50388361218,7382.274944927666,7312.321802728905,136.91966561097962,0.0016465957363887914
2022,7865.838365251252,8652.422201776379,8249.760875751754,104,8351.515228155184,8351.073946706501,8356.939203118747,85.42480577354031,0.0012617405198955532
2022,8652.422201776379,9517.664421954018,9074.73696332693,33,9274.936312552247,9271.72199188002,9401.556603508592,244.64681895924775,0.0007550956779297712
2022,9517.664421954018,10469.430864149419,9982.210659659624,77,10375.90516900156,10373.833093707217,10446.174003898435,204.78586151773473,0.0005943333723060134
2022,10469.430864149419,11516.373950564363,10980.431725625587,17,11312.591965398246,11309.613260083088,11490.791404288278,265.7229942580584,0.00021922132585057875
2022,11516.373950564363,12668.0113456208,12078.474898188148,21,12449.183099828802,12447.446833814056,12535.408804678122,209.97534359769438,0.000136404380529249
2022,12668.0113456208,13934.812480182882,13286.322388006964,7,13356.17961927014,13352.820012855236,13580.026205067965,321.56897884490826,3.410109513231225e-05
2023,1.7099031295768425,1.880893442534527,1.7933615318140257,5,1.7099031295768428,1.7099031295768425,1.7099031295768425,2.482534153247273e-16,1.0
2023,2.0689827867879798,2.2758810654667783,2.1699674534949716,8,2.137378911971053,2.137378911971053,2.137378911971053,0.0,0.9999752255711745
2023,2.503469172013456,2.753816089214802,2.625660618728916,9,2.564854694365264,2.564854694365264,2.564854694365264,0.0,0.9999355864850535
2023,3.029197698136282,3.332117467949911,3.177049348661989,5,3.20606836795658,3.20606836795658,3.20606836795658,0.0,0.9998909925131676
2023,3.332117467949911,3.6653292147449026,3.4947542835281884,3,3.5622981866184222,3.5608536827562345,3.6335441503507906,0.12340162901867181,0.9998662180843421
2023,3.6653292147449026,4.0318621362193925,3.844229711881007,1,3.8472820415478957,3.847282041547895,3.8472820415478957,,0.9998513534270468
2023,4.0318621362193925,4.435048349841333,4.228652683069108,33,4.274757823942106,4.274757823942106,4.274757823942106,0.0,0.9998463985412817
2023,4.435048349841333,4.878553184825465,4.651517951376019,2,4.488495715139211,4.488495715139211,4.488495715139211,0.0,0.999682887311033
2023,4.878553184825465,5.366408503308013,5.1166697465136215,18,5.331572952638904,5.331342667983608,5.343447279927633,0.0503785040873286,0.9996729775395028
2023,5.903049353638815,6.4933542890026965,6.191170393281483,69,6.399746133524922,6.399436945066338,6.41213673591316,0.06225067350212306,0.9995837895957309
2023,6.4933542890026965,7.142689717902967,6.810287432609632,9,7.005853100349563,7.005283099954925,7.053350409504476,0.09424955097648711,0.9992419024779384
2023,7.142689717902967,7.856958689693264,7.491316175870596,9,7.504574846476142,7.503597684548878,7.480826191898687,0.12844048770345087,0.9991973085060524
2023,7.856958689693264,8.642654558662592,8.240447793457657,60,8.535266455137739,8.534811832947442,8.549515647884212,0.08681330950234871,0.9991527145341664
2023,8.642654558662592,9.506920014528852,9.064492572803424,3,8.834499502813685,8.833927990674137,8.763253539081317,0.12340162901867181,0.9988554213882599
2023,9.506920014528852,10.457612015981738,9.970941830083767,4,9.671639576669017,9.671199974895474,9.618205103869741,0.10686894559855187,0.9988405567309646
2023,10.457612015981738,11.503373217579911,10.968036013092142,282,10.689168367208426,10.689102992537903,10.686894559855267,0.03818371859784102,0.9988207371879041
2023,11.503373217579911,12.653710539337904,12.064839614401357,5,11.883826750559058,11.881116941443985,11.755584015840794,0.2867594724505083,0.9974234594021435
2023,12.653710539337904,13.919081593271695,13.271323575841494,114,12.854271772345214,12.853351647223075,12.82427347182632,0.15800695449739402,0.997398684973318
2023,13.919081593271695,15.310989752598866,14.598455933425644,87,14.892863177435087,14.890986943514777,14.961652383797373,0.233898088759983,0.9968338279960955
2023,15.310989752598866,16.842088727858755,16.05830152676821,32,16.01030391248317,16.009905173991537,16.0303418397829,0.11335163419648933,0.9964027529345311
2023,16.842088727858755,18.526297600644632,17.664131679445035,182,17.126042128172447,17.125458368583832,17.099031295768423,0.14394492959997254,0.9962441965900476
2023,18.526297600644632,20.378927360709095,19.430544847389537,43,19.27617539679941,19.274378599153632,19.236410207739482,0.2689711276702402,0.9953424073807978
2023,20.378927360709095,22.416820096780008,21.373599332128492,1159,21.376555356438708,21.376511152996798,21.373789119710533,0.04387966033453012,0.9951293472928981
2023,22.416820096780008,24.658502106458013,23.510959265341345,28,23.289796644370295,23.28612629490494,23.51116803168159,0.4173908686101586,0.9893866346911372
2023,24.658502106458013,27.124352317103813,25.862055191875484,259,25.818546965222538,25.815518659112932,25.64854694365264,0.39967972021960263,0.9892478978897141
2023,27.124352317103813,29.836787548814193,28.448260711063032,43,27.954927909128376,27.952450988982896,27.78592585562369,0.3805155943091673,0.9879645824765511
2023,29.836787548814193,32.82046630369562,31.293086782169336,1011,31.94630959535448,31.942622090774073,32.0606836795658,0.4760122988459202,0.9877515223886514
2023,32.82046630369562,36.10251293406518,34.42239546038628,134,34.38946965828052,34.386391814882096,34.198062591536846,0.4653836224158597,0.9827421328801265
2023,36.10251293406518,39.7127642274717,37.864635006424905,161,38.13561902191335,38.12889610588673,38.472820415478964,0.7099508249408707,0.9820781781876019
2023,39.7127642274717,43.68404065021888,41.651098507067395,2294,42.73527945928243,42.73492336468151,42.74757823942107,0.17115827835684952,0.9812804415794194
2023,43.68404065021888,48.052444715240775,45.816208357774144,76,45.52054614363614,45.507624815009706,44.884957151392115,1.0954137803753161,0.96991393363426
2023,48.052444715240775,52.85768918676485,50.39782919355156,186,50.96729402293125,50.96013390951037,51.29709388730528,0.8453890491763794,0.9695373623161118
2023,52.85768918676485,58.14345810544134,55.43761211290672,908,53.59760094751376,53.5927546556759,53.43447279927633,0.7363199461945572,0.9686157535638016
2023,58.14345810544134,63.95780391598549,60.9813733241974,137,59.98702128853066,59.98320320519208,59.846609535189494,0.685000644723563,0.9641167172890829
2023,63.95780391598549,70.35358430758404,67.07951065661715,3845,64.25711454516625,64.25293358816216,64.1213673591316,0.7484166397725198,0.963437897939263
2023,70.35358430758404,77.38894273834245,73.78746172227886,859,74.8199565416717,74.81322107761972,74.80826191898686,0.997953020000351,0.9443863621724201
2023,77.38894273834245,85.1278370121767,81.16620789450677,51,81.16172550829691,81.15609507115273,81.22039865490002,0.9663963754909876,0.9401301153001917
2023,85.1278370121767,93.64062071339437,89.28282868395743,3100,85.6070586070398,85.60414933301495,85.49515647884213,0.7191112342370882,0.9398774161261713
2023,93.64062071339437,103.00468278473383,98.2111115523532,647,98.16746792601516,98.1220877007259,96.1820510386974,3.0082282156100373,0.9245172702543343
2023,103.00468278473383,113.30515106320722,108.03222270758853,4101,106.91991747311761,106.91873165736929,106.86894559855266,0.5106716670116456,0.921311459164309
2023,113.30515106320722,124.63566616952795,118.8354449783474,346,118.80614504795398,118.7847954922756,117.55584015840793,2.2718080625023127,0.9009914726415983
2023,124.63566616952795,137.09923278648074,130.71898947618214,4869,128.47030038430665,128.46460079327912,128.2427347182632,1.2320829663374695,0.8992770821668706
2023,137.09923278648074,150.80915606512883,143.79088842380034,3228,146.4835554179359,146.4110971109151,149.61652383797372,4.5670147133259285,0.8751517433765564
2023,150.80915606512883,165.89007167164175,158.1699772661804,620,158.82586904029543,158.79989994667807,160.30341839782898,2.8562131575730625,0.8591573721267857
2023,165.89007167164175,182.47907883880592,173.98697499279845,5095,171.79819604083906,171.7766538591503,170.99031295768427,2.7647778876790112,0.8560853429524182
2023,182.47907883880592,200.72698672268652,191.38567249207833,1307,192.24619464085836,192.23889890526584,192.3641020773948,1.6677243138016498,0.8308401999791895
2023,200.72698672268652,220.79968539495522,210.52423974128618,6104,213.40937073589765,213.40174990965193,213.7378911971053,1.7785082895779083,0.8243641642841925
2023,220.79968539495522,242.87965393445074,231.5766637154148,673,233.85688327651903,233.8198027224555,235.11168031681586,4.128406930778969,0.794119541573969
2023,242.87965393445074,267.1676193278958,254.7343300869563,3265,256.4504465355185,256.445429641479,256.4854694365264,1.594355245430033,0.7907849034540508
2023,267.1676193278958,293.8843812606855,280.20776309565196,33771,281.8814941533906,281.87449981193214,282.13401638017905,1.9786569630188007,0.7746072014309711
2023,293.8843812606855,323.272819386754,308.2285394052172,15764,314.7336275971275,314.5918351850555,320.60683679565796,9.349765744976757,0.6072757542574856
2023,323.272819386754,355.6001013254294,339.0513933457389,6643,341.39317650734847,341.3606552295359,341.98062591536853,4.691659938180011,0.5291669350563123
2023,355.6001013254294,391.1601114579724,372.9565326803128,9080,377.71567109146747,377.58189474804067,384.7282041547896,9.985805389824597,0.4962516289186953
2023,391.1601114579724,430.2761226037697,410.25218594834416,17786,424.76072473672417,424.69733754603413,427.4757823942106,7.23249334440452,0.4512612661715084
2023,430.2761226037697,473.30373486414675,451.27740454317865,3428,461.1395002577549,460.99554585798086,470.2233606336317,11.45621778206788,0.36313366795328533
2023,473.30373486414675,520.6341083505614,496.4051449974965,2975,500.4178790278715,500.2908820479018,491.59714975334225,11.280841211432545,0.34614831955049274
2023,520.6341083505614,572.6975191856176,546.0456594972462,11793,540.8988129321748,540.782380579284,534.3447279927633,11.314620278608848,0.33140753439929443
2023,572.6975191856176,629.9672711041794,600.6502254469709,2940,596.1851340130144,596.0277583945877,598.4660953518949,13.709749136054345,0.2729745665713677
2023,629.9672711041794,692.9639982145974,660.715247991668,12242,644.5466193694447,644.456972390153,641.2136735913159,10.937290951430791,0.25840720242194815
2023,692.9639982145974,762.2603980360573,726.7867727908349,4240,741.9022670821923,741.7654536178316,748.0826191898686,14.066544517385909,0.19774949088548763
2023,762.2603980360573,838.486437839663,799.4654500699185,1622,800.9562606297525,800.6203794681551,812.2039865490002,23.166646754855478,0.1767407752414268
2023,838.486437839663,922.3350816236294,879.4119950769104,6541,858.6223276298091,858.5220056535658,854.9515647884213,13.345606575938875,0.16870395053042053
2023,922.3350816236294,1014.5685897859925,967.3531945846015,1884,964.2659032982018,964.162529304916,961.820510386974,14.181364685402697,0.1362940427408446
2023,1014.5685897859925,1116.0254487645918,1064.0885140430617,6948,1068.0906022825998,1068.0255019807082,1068.6894559855266,11.766356763987545,0.12695903795937985
2023,1116.0254487645918,1227.627993641051,1170.497365447368,1004,1170.8463752058356,1170.6041042981844,1175.5584015840793,23.78642403494785,0.0925324916634047
2023,1227.627993641051,1350.3907930051562,1287.547101992105,3004,1282.9316661482792,1282.8618133361197,1282.4273471826318,13.438732012753166,0.08755778635523558
2023,1350.3907930051562,1485.429872305672,1416.3018121913155,700,1403.5156640028385,1403.2184320198735,1389.2962927811845,29.100923199263065,0.07267330951684908
2023,1485.429872305672,1633.9728595362394,1557.9319934104471,2258,1517.2808949798311,1516.7358237863632,1496.1652383797373,41.24318029304028,0.06920488948127301
2023,1633.9728595362394,1797.3701454898635,1713.7251927514922,2096,1710.0071432452687,1709.9365099606712,1709.9031295768425,15.594510961444643,0.0580167574236576
2023,1797.3701454898635,1977.10716003885,1885.0977120266416,877,1900.0006838912573,1899.4647067607077,1923.641020773948,44.77274141327553,0.047631316859989795
2023,1977.10716003885,2174.817876042735,2073.6074832293057,2686,2131.194757014098,2131.037399821928,2137.378911971053,25.484270924171497,0.043285882043989476
2023,2174.817876042735,2392.299663647009,2280.9682315522364,470,2315.2970611723476,2314.610715401787,2351.1168031681586,55.902132345083,0.02997705887890755
2023,2392.299663647009,2631.5296300117097,2509.06505470746,888,2555.55011591931,2555.3007697356115,2564.8546943652636,35.22694374632059,0.027648262569306463
2023,2631.5296300117097,2894.682593012881,2759.9715601782063,462,2775.342104126112,2774.963688314209,2778.592585562369,45.75815607025382,0.02324832400988995
2023,2894.682593012881,3184.1508523141692,3035.9687161960273,272,3007.2080484287203,3006.8464041796356,2992.3304767594745,47.151968385459995,0.02095916678640974
2023,3184.1508523141692,3502.5659375455866,3339.5655878156304,1360,3238.21360383134,3237.3674552938337,3206.06836795658,75.1573031060588,0.019611437858300176
2023,3502.5659375455866,3852.822531300146,3673.5221465971936,351,3756.9092767827606,3755.3597110321225,3847.282041547896,107.53720405906537,0.012872793217752365
2023,3852.822531300146,4238.10478443016,4040.8743612569137,96,4055.3736901192115,4054.6352451852526,4061.0199327450014,77.69583274149434,0.011133628314199217
2023,4238.10478443016,4661.915262873176,4444.961797382605,809,4291.176804147712,4290.770437589962,4274.757823942106,60.06420991044298,0.010657959280748782
2023,4661.915262873176,5128.106789160494,4889.4579771208655,131,4804.752741110965,4803.232542080328,4702.233606336317,121.95730642003905,0.0066494566967758555
2023,5128.106789160494,5640.9174680765445,5378.403774832953,333,5335.487629511011,5334.518678966079,5343.447279927633,101.77966297235017,0.006000366661546618
2023,5640.9174680765445,6205.0092148841995,5916.244152316249,80,5905.147786269986,5902.980350733219,5984.660953518949,161.36774665229748,0.004350389701765426
2023,6205.0092148841995,6825.51013637262,6507.868567547874,340,6416.50076073872,6416.408972620363,6412.13673591316,34.69821948242006,0.003953998840556731
2023,6825.51013637262,7508.061150009883,7158.655424302662,128,7271.9591868626885,7267.24099592183,7480.826191898686,260.85382066952616,0.002269337680419778
2023,7508.061150009883,8258.867265010873,7874.520966732929,30,7893.618181167653,7891.962552876181,7908.301974292897,164.23193710791782,0.0016351123024858662
2023,8258.867265010873,9084.75399151196,8661.973063406223,122,8595.604194636033,8594.204881987325,8549.515647884213,157.01550027474178,0.0014864657295326057
2023,9084.75399151196,9993.229390663157,9528.170369746846,28,9565.533980681881,9563.942407356832,9618.20510386974,176.96959528094618,0.000881969666189346
2023,9993.229390663157,10992.552329729475,10480.987406721531,74,10657.453609517805,10656.541734289525,10686.894559855265,138.10853523535627,0.0007432328647663029
2023,10992.552329729475,12091.807562702421,11529.086147393686,16,11559.653162704046,11556.860542470227,11755.584015840792,260.80596921603717,0.0003765713181482601
2023,12091.807562702421,13300.988318972664,12681.994762133054,30,12763.71440265381,12762.56702505448,12824.27347182632,172.2829023240964,0.00029729314590652115
2023,13300.988318972664,14631.087150869933,13950.194238346361,1,14320.438710206057,14320.438710206065,14320.438710206057,,0.00014864657295326057
2023,14631.087150869933,16094.195865956926,15345.213662180999,14,15266.992228364663,15259.506240918274,14961.652383797373,501.0093445937417,0.00014369168718815189
2023,16094.195865956926,17703.61545255262,16879.7350283991,14,16958.57496726747,16956.676168426988,17099.031295768425,261.0638501636912,7.432328647663029e-05
2023,17703.61545255262,19473.976997807888,18567.70853123901,1,17740.24496935974,17740.24496935975,17740.24496935974,,4.954885765108685e-06
2024,1.4872610439161298,1.6359871483077428,1.5598525423980132,1,1.4872610439161298,1.4872610439161298,1.4872610439161298,,1.0
2024,1.7995858631385173,1.9795444494523693,1.8874215763015965,6,1.8590763048951622,1.8590763048951622,1.8590763048951622,0.0,0.9999951984481384
2024,2.634773662221104,2.898251028443215,2.7633739298631683,1,2.788614457342743,2.788614457342743,2.788614457342743,,0.9999663891369691
2024,3.5068837444162906,3.85757211885792,3.678050700647878,17,3.7181526097903244,3.718152609790325,3.7181526097903244,0.0,0.9999615875851076
2024,4.243329330743712,4.667662263818084,4.450441347783933,10,4.647690762237906,4.647690762237904,4.647690762237905,9.362222582871203e-16,0.999879961203461
2024,5.134428490199893,5.647871339219882,5.38503403081856,39,5.577228914685487,5.577228914685486,5.577228914685486,8.99789087912733e-16,0.9998319456848453
2024,5.647871339219882,6.212658473141871,5.923537433900416,4,6.134951806154035,6.134951806154035,6.134951806154035,0.0,0.9996446851622445
2024,6.212658473141871,6.833924320456059,6.515891177290459,4,6.506767067133066,6.505438748789467,6.506767067133067,0.15179294466306487,0.9996254789547981
2024,6.833924320456059,7.5173167525016655,7.167480295019505,44,7.436305219580651,7.4363052195806505,7.436305219580649,2.6953401583125107e-15,0.9996062727473519
2024,7.5173167525016655,8.269048427751832,7.884228324521456,3,7.808120480559681,7.808120480559681,7.808120480559681,0.0,0.9993950044654433
2024,8.269048427751832,9.095953270527016,8.672651156973602,4,8.36584337202823,8.36584337202823,8.36584337202823,0.0,0.9993805998098585
2024,9.095953270527016,10.005548597579718,9.539916272670963,281,9.29538152447581,9.295381524475808,9.29538152447581,0.0,0.9993613936024123
2024,10.005548597579718,11.00610345733769,10.49390789993806,6,10.286888887086564,10.284329141715396,10.22491967692339,0.25399817821897147,0.9980121575293135
2024,11.00610345733769,12.106713803071461,11.543298689931866,99,11.175114232758698,11.174548516186475,11.154457829370973,0.11542566398407418,0.997983348218144
2024,12.106713803071461,13.317385183378608,12.697628558925054,75,12.976352608168233,12.975360958305625,13.013534134266134,0.15881014255547254,0.9975079945838495
2024,13.317385183378608,14.64912370171647,13.96739141481756,17,13.844650599983972,13.842550713596903,13.943072286713715,0.24696384734550497,0.9971478781942323
2024,14.64912370171647,16.11403607188812,15.364130556299319,139,14.891334948707003,14.890973939723706,14.872610439161297,0.10567592504782024,0.9970662518125858
2024,16.11403607188812,17.72543967907693,16.90054361192925,29,16.802203431483516,16.800920798151665,16.73168674405646,0.21320865342583334,0.9963988361038287
2024,17.72543967907693,19.49798364698463,18.59059797312218,1014,18.594246525262566,18.594190378530342,18.59076304895162,0.046230881953151705,0.9962595910998435
2024,19.49798364698463,21.447782011683092,20.4496577704344,30,20.37547630165097,20.371607707694704,20.44983935384678,0.4014084979443142,0.9913908175122199
2024,21.447782011683092,23.5925602128514,22.49462354747784,240,22.393348707589272,22.391481571450996,22.308915658741945,0.29246514105870114,0.9912467709563731
2024,23.5925602128514,25.951816234136544,24.744085902225624,25,24.197737184515425,24.196572160525655,24.167991963637107,0.2440517126715499,0.9900943985095984
2024,25.951816234136544,28.546997857550203,27.21849449244819,855,27.752638976795193,27.748379326268836,27.88614457342743,0.4771250379229562,0.9899743597130592
2024,28.546997857550203,31.401697643305223,29.940343941693012,122,29.935700007922502,29.932679437870497,29.745220878322595,0.43052878616259177,0.985869032871424
2024,31.401697643305223,34.54186740763575,32.93437833586232,125,33.213513632734994,33.208139478919875,33.46337348811292,0.5921920789768907,0.9852832435443135
2024,34.54186740763575,37.99605414839933,36.22781616944855,2237,37.17986398229761,37.1798210292986,37.18152609790324,0.05557533451555114,0.9846830495616183
2024,37.99605414839933,41.79565956323927,39.850597786393415,80,39.54487685050122,39.535165946418715,39.040602402798406,0.8870034469536165,0.9739419780473049
2024,41.79565956323927,45.975225519563196,43.835657565032754,166,44.46888122799529,44.465553263776236,44.61783131748389,0.539285525855984,0.97355785389838
2024,45.975225519563196,50.57274807151951,48.219223321536035,879,46.60655651599687,46.60269289127727,46.47690762237905,0.613112774088379,0.9727607962893607
2024,50.57274807151951,55.630022878671475,53.04114565368964,150,52.138414662886454,52.136056127518785,52.05413653706454,0.504017379000003,0.9685402322030481
2024,55.630022878671475,61.193025166538625,58.34526021905861,3537,55.899854263959206,55.89594591113045,55.77228914685486,0.6747298011992109,0.9678199994238138
2024,61.193025166538625,67.31232768319249,64.17978624096448,802,65.08204258291465,65.07485366114439,65.06767067133067,0.9600050545513201,0.9508369104894702
2024,67.31232768319249,74.04356045151175,70.59776486506092,67,70.29250751031216,70.28303168347117,70.64489958601615,1.1642062443981658,0.9469860658964977
2024,74.04356045151175,81.44791649666293,77.65754135156703,2907,74.46479937162651,74.4623282735086,74.36305219580647,0.617070261211753,0.9466643619217732
2024,81.44791649666293,89.59270814632923,85.42329548672373,557,85.52919183319744,85.4890043870309,83.65843372028229,2.6400880317226747,0.9327062506602134
2024,89.59270814632923,98.55197896096217,93.96562503539613,4047,92.9876249843282,92.98665195994342,92.9538152447581,0.43103783439188986,0.9300317862733235
2024,98.55197896096217,108.40717685705839,103.36218753893574,304,103.14020801141558,103.12272431255688,102.2491967692339,1.912007270383042,0.9105999058895835
2024,108.40717685705839,119.24789454276423,113.69840629282932,4559,111.73798910560087,111.73268799914995,111.54457829370972,1.1084990920111875,0.9091402341236687
2024,119.24789454276423,131.17268399704065,125.06824692211225,2852,128.6008211710787,128.55558063745363,130.13534134266135,3.357694493562984,0.8872499591868092
2024,131.17268399704065,144.28995239674475,137.5750716143235,1006,135.80478487724173,135.7515162468443,135.0618935506335,3.8029324052607976,0.8735559332776354
2024,144.28995239674475,158.71894763641924,151.33257877575588,5342,149.43559500613745,149.41652962795612,148.72610439161295,2.4249596599733136,0.8687255721049043
2024,158.71894763641924,174.59084240006118,166.46583665333148,1333,167.20138993265363,167.1956221802407,167.31686744056458,1.381657662260056,0.8430756820604419
2024,174.59084240006118,192.04992664006733,183.11242031866462,6211,185.63028060960698,185.62376149129398,185.9076304895162,1.5340685170662889,0.8366752134289802
2024,192.04992664006733,211.25491930407406,201.42366235053112,707,203.38531433074203,203.35372864656534,204.4983935384678,3.5530893218615245,0.8068527748168208
2024,211.25491930407406,232.38041123448147,221.56602858558423,3299,222.97780360838115,222.9739163931503,223.08915658741944,1.3036160491365998,0.8034580776506967
2024,232.38041123448147,255.61845235792964,243.72263144414268,1384,241.3650587361778,241.33188589210695,241.67991963637107,3.9968025801059914,0.7876177580594048
2024,255.61845235792964,281.1802975937226,268.09489458855694,43221,266.4738191183599,266.38286141503573,262.50157425119687,7.032662193211982,0.7809724102830035
2024,281.1802975937226,309.2983273530949,294.9043840474127,6461,297.2393400863739,297.21186143339145,297.4522087832259,4.0265865077552,0.5734445372744471
2024,309.2983273530949,340.2281600884044,324.39482245215396,9363,328.5458010466722,328.4308946225461,334.63373488112916,8.63164281637289,0.5424217106968973
2024,340.2281600884044,374.2509760972449,356.8343046973694,18741,369.57613594998617,369.5211256836116,371.8152609790324,6.280776508668301,0.4974647806170954
2024,374.2509760972449,411.6760737069695,392.51773516710637,4614,399.85886697854414,399.7409309367613,405.2786344671453,9.685384007220161,0.4074788971795684
2024,411.6760737069695,452.84368107766636,431.76950868381704,3449,435.73185671585924,435.61550274734435,427.5875501258873,10.065838274718374,0.385324536890323
2024,452.84368107766636,498.1280491854331,474.94645955219875,10640,467.07560633594204,467.03259040817466,464.76907622379053,6.406583470806857,0.3687639845197968
2024,498.1280491854331,547.9408541039764,522.4411055074187,5832,520.9937979837348,520.9043674808718,520.5413653706454,9.634448226753337,0.3176754727127808
2024,547.9408541039764,602.7349395143742,574.6852160581607,14101,560.7846916582062,560.7028460024957,557.7228914685486,9.745588224625273,0.2896728222561532
2024,602.7349395143742,663.0084334658117,632.1537376639768,4884,645.9146317517198,645.8084158202885,650.6767067133068,11.557164339532449,0.22196613945627228
2024,663.0084334658117,729.3092768123928,695.3691114303745,1567,694.6317008058098,694.3586424084987,706.4489958601616,19.464060682853695,0.19851536016440513
2024,729.3092768123928,802.2402044936322,764.906022573412,7443,749.2590047297655,749.128837447132,743.6305219580648,14.165623425356879,0.190991328397338
2024,802.2402044936322,882.4642249429955,841.3966248307532,2270,838.5787902976737,838.49824952434,836.5843372028229,11.684719126774466,0.1552533778917346
2024,882.4642249429955,970.7106474372952,925.5362873138287,8096,928.8296781240274,928.7753259735832,929.5381524475811,10.015224849914208,0.14435385516598964
2024,970.7106474372952,1067.7817121810247,1018.0899160452116,1106,1022.8323501080184,1022.6673491911588,1022.4919676923391,18.34077647019312,0.10548049129478647
2024,1067.7817121810247,1174.559883399127,1119.8989076497328,3677,1115.8681072333925,1115.8000296582663,1115.4457829370972,12.376791310152386,0.10016997493589928
2024,1174.559883399127,1292.01587173904,1231.8887984147061,767,1221.1261510455874,1220.8594813274578,1208.3995981818553,25.704279150749294,0.08251466874093707
2024,1292.01587173904,1421.2174589129443,1355.077678256177,2809,1320.0793218587833,1319.6028243481567,1301.3534134266135,35.96584572024801,0.07883187846311929
2024,1421.2174589129443,1563.3392048042388,1490.5854460817948,2366,1487.8263099743465,1487.7490000041587,1487.2610439161297,15.222925714091701,0.06534431928399259
2024,1563.3392048042388,1719.6731252846628,1639.6439906899743,955,1651.3168384499297,1650.8486330991961,1673.1686744056458,38.97806861024268,0.053983847579537704
2024,1719.6731252846628,1891.6404378131292,1803.608389758972,3134,1854.1964965330187,1854.0792871006322,1859.0763048951621,20.51919029156467,0.04939836555174632
2024,1891.6404378131292,2080.804481594442,1983.9692287348694,534,2019.5668112521341,2019.0634231674535,2044.9839353846783,44.66285535146675,0.03435030201761209
2024,2080.804481594442,2288.884929753887,2182.3661516083566,1005,2221.3462726991793,2221.122897091747,2230.8915658741944,31.07986480866236,0.031786273323538165
2024,2288.884929753887,2517.773422729276,2400.6027667691924,493,2403.300718592914,2402.8268222847682,2416.7991963637105,47.66818361173335,0.026960713702668702
2024,2517.773422729276,2769.550765002203,2640.6630434461117,387,2615.0569541717155,2614.7988708530256,2602.706826853227,37.14532021970312,0.024593548634918805
2024,2769.550765002203,3046.505841502424,2904.7293477907233,1508,2815.9406599681047,2815.224967448993,2788.614457342743,64.46427260893995,0.022735348064494443
2024,3046.505841502424,3351.1564256526667,3195.202282569796,437,3266.321768729183,3264.9024989611753,3346.3373488112916,95.89524203415445,0.015494607857259467
2024,3351.1564256526667,3686.2720682179333,3514.7225108267753,138,3530.773884137804,3530.0720601711228,3532.2449793008077,70.70701698438606,0.013396329693757023
2024,3686.2720682179333,4054.899275039727,3866.194761909453,949,3733.769830243702,3733.3791062766577,3718.1526097903243,54.96222932647051,0.012733715536861513
2024,4054.899275039727,4460.3892025437,4252.814238100399,160,4180.564144874969,4179.399824235661,4125.290320562364,99.32718282501145,0.008177042820239502
2024,4460.3892025437,4906.428122798071,4678.095661910439,378,4639.840837131443,4638.947797891191,4647.690762237906,91.07715782976129,0.0074087945223896366
2024,4906.428122798071,5397.070935077878,5145.905228101484,113,5153.744494032527,5152.16281469147,5205.413653706454,128.44002460574632,0.00559380791871933
2024,5397.070935077878,5936.778028585666,5660.495750911632,405,5584.275961459005,5584.116011301555,5577.228914685486,42.767005652895826,0.005051232558362863
2024,5936.778028585666,6530.455831444234,6226.545326002796,161,6347.855303061031,6344.1154576085,6506.767067133067,216.36832680109796,0.003106604054430392
2024,6530.455831444234,7183.501414588658,6849.199858603077,39,6895.743032464979,6893.344330501662,6878.5823281121,184.00875000121437,0.002333554204718965
2024,7183.501414588658,7901.851556047523,7534.119844463385,130,7469.482581329548,7468.70405210948,7436.305219580649,109.55693555621298,0.0021462936821180605
2024,7901.851556047523,8692.036711652278,8287.531828909723,51,8347.270835217561,8346.424795475326,8365.84337202823,119.3046441683208,0.0015220919401150452
2024,8692.036711652278,9561.240382817507,9116.285011800697,149,9270.516066972283,9269.85763762612,9295.381524475812,109.14284074895147,0.0012772127951754008
2024,9561.240382817507,10517.364421099257,10027.913512980767,22,10022.11135275301,10018.969022949841,10131.965861678633,255.9931125503357,0.0005617815678027138
2024,10517.364421099257,11569.100863209183,11030.704864278845,35,11105.590680785157,11104.141469589524,11154.457829370973,179.85376890519643,0.0004561474268483574
2024,11569.100863209183,12726.010949530104,12133.775350706732,9,11960.057561492207,11958.774120098362,11898.088351329037,185.90763048951666,0.0002880931116936994
2024,12726.010949530104,13998.612044483114,13347.152885777405,30,13162.260238657747,13157.725682589062,13013.534134266134,356.7663152651062,0.00024487914493964447
2024,13998.612044483114,15398.473248931426,14681.868174355146,15,14810.641228998127,14809.415446951705,14872.610439161297,194.5590720317798,0.0001008325890927948
2024,15398.473248931426,16938.32057382457,16150.054991790661,6,16328.886877995841,16318.683457214247,16731.68674405646,626.7780482305585,2.880931116936994e-05
2025,1.8630994522487612,2.0494093974736374,1.9540351905394635,2,1.8630994522487612,1.8630994522487612,1.8630994522487612,0.0,1.0
2025,2.727763908037412,3.0005402988411536,2.860902922468829,4,2.8412266646793607,2.840105534269561,2.7946491783731418,0.09315497261243788,0.9999907119736592
2025,3.6306537615977965,3.9937191377575765,3.807861789806013,26,3.7261989044975223,3.7261989044975223,3.7261989044975223,0.0,0.9999721359209774
2025,3.9937191377575765,4.393091051533335,4.188647968786615,2,4.191973767559713,4.190938584492303,4.191973767559713,0.13174102567100388,0.9998513915785465
2025,4.393091051533335,4.832400156686669,4.607512765665277,9,4.657748630621903,4.657748630621903,4.657748630621903,0.0,0.9998421035522057
2025,4.832400156686669,5.3156401723553355,5.068264042231805,2,4.937213548459217,4.936334649734237,4.937213548459217,0.13174102567100388,0.9998003074336719
2025,5.3156401723553355,5.84720418959087,5.575090446454985,32,5.5892983567462835,5.5892983567462835,5.5892983567462835,0.0,0.9997910194073311
2025,5.84720418959087,6.4319246085499575,6.132599491100485,8,6.101650706114692,6.100411268122903,6.148228192420912,0.1317410256710043,0.9996424109858776
2025,6.4319246085499575,7.075117069404953,6.745859440210534,5,6.595372060960614,6.593724819137993,6.520848082870664,0.1666406809628338,0.9996052588805142
2025,7.075117069404953,7.782628776345449,7.420445384231588,37,7.452397808995045,7.452271885605307,7.452397808995045,0.04391367522366806,0.9995820388146621
2025,7.782628776345449,8.560891653979995,8.162489922654746,6,8.383947535119425,8.383947535119425,8.383947535119425,0.0,0.9994102103273564
2025,8.560891653979995,9.416980819377995,8.978738914920223,209,9.315497261243806,9.315497261243815,9.315497261243806,0.0,0.999382346248334
2025,9.416980819377995,10.358678901315795,9.876612806412245,3,10.06073704214331,10.057243049818412,10.247046987368186,0.32269829108486037,0.9984117474957159
2025,10.358678901315795,11.394546791447375,10.86427408705347,76,11.168790926901783,11.168453377642786,11.178596713492567,0.08548486562229828,0.9983978154562047
2025,11.394546791447375,12.534001470592115,11.950701495758818,8,12.180012669076277,12.17641221725149,12.296456384841823,0.31393561426616384,0.9980448704552526
2025,12.534001470592115,13.787401617651327,13.145771645334701,60,13.041696165741326,13.041696165741323,13.041696165741328,1.7913474582428915e-15,0.9980077183498892
2025,13.787401617651327,15.166141779416462,14.460348809868172,160,14.777871967805641,14.774398639195205,14.90479561799009,0.3164627197576115,0.997729077559664
2025,15.166141779416462,16.682755957358108,15.906383690854991,12,15.696612885195814,15.694224451762913,15.650035398889592,0.2878089860329607,0.9969860354523965
2025,16.682755957358108,18.351031553093918,17.49702205994049,31,16.809965057870276,16.80914438485915,16.76789507023885,0.17149745226321858,0.9969303072943515
2025,18.351031553093918,20.186134708403316,19.246724265934542,883,18.637746411782285,18.63758308138198,18.63099452248761,0.07956081182017359,0.9967863428860684
2025,20.186134708403316,22.204748179243648,21.171396692528,17,20.53793160890693,20.537583929868767,20.494093974736373,0.12374914561148233,0.9926856792565864
2025,22.204748179243648,24.425222997168014,23.2885363617808,227,22.61819150003144,22.610879015439007,22.357193426985134,0.5863572386690706,0.9926067310326893
2025,24.425222997168014,26.86774529688482,25.617389997958885,82,26.02204637390861,26.020809060454,26.083392331482656,0.25193317626172096,0.9915525400430035
2025,26.86774529688482,29.5545198265733,28.179128997754773,678,27.946491783731403,27.94649178373139,27.946491783731418,1.4221346303722432e-14,0.991171730963029
2025,29.5545198265733,32.509971809230635,30.997041897530252,132,30.288069049853156,30.278758466368018,29.80959123598018,0.7604422006832556,0.9880230900334833
2025,32.509971809230635,35.7609689901537,34.09674608728328,100,33.60472482021091,33.60142565983389,33.5357901404777,0.47860595037852627,0.9874100802949877
2025,35.7609689901537,39.33706588916907,37.50642069601161,2027,37.29241262261185,37.29168994163421,37.26198904497522,0.23585987480398227,0.9869456789779456
2025,39.33706588916907,43.27077247808598,41.25706276561277,42,41.52493802976346,41.51805236528203,40.988187949472746,0.7678475021783849,0.9775322642815015
2025,43.27077247808598,47.59784972589459,45.38276904217406,842,46.23230398489979,46.22651738814635,46.57748630621903,0.7257030209194393,0.9773372157283438
2025,47.59784972589459,52.357634698484055,49.92104594639147,129,51.4157678295007,51.39860681714036,52.16678466296531,1.3165738441807464,0.973426956638849
2025,52.357634698484055,57.59339816833246,54.913150541030625,3198,55.88826464764943,55.88812563635317,55.892983567462835,0.12315580948673821,0.9728278789398647
2025,57.59339816833246,63.35273798516571,60.404465595133686,164,60.19174474265146,60.17853501819059,59.61918247196036,1.277286799170877,0.9579763248208572
2025,63.35273798516571,69.68801178368228,66.44491215464706,678,65.45579491528834,65.45238670938406,65.20848082870664,0.6744279730358261,0.9572147066609081
2025,69.68801178368228,76.65681296205052,73.08940337011177,2713,74.48009602028635,74.47874463613594,74.52397808995045,0.44090859188572484,0.9540660657313624
2025,76.65681296205052,84.32249425825559,80.39834370712296,448,83.14996220569682,83.12951047847756,83.83947535119425,1.813805003764269,0.9414668580000093
2025,84.32249425825559,92.75474368408115,88.43817807783526,178,89.09278779548443,89.08597320806608,89.42877370794054,1.0948264202643951,0.9393863400996605
2025,92.75474368408115,102.03021805248926,97.28199588561878,3887,93.2545743788845,93.25184712131158,93.15497261243806,0.7280274990451661,0.9385597057553255
2025,102.03021805248926,112.23323985773821,107.01019547418068,4003,111.31807458450201,111.30072093781853,111.78596713492567,1.9196478180722913,0.9205084265618977
2025,112.23323985773821,123.45656384351204,117.71121502159876,523,120.20446928703707,120.1884037817588,121.10146439616946,1.946687952966305,0.901918441840701
2025,123.45656384351204,135.80222022786324,129.48233652375865,2201,130.54012429725978,130.53439827897418,130.41696165741328,1.2219946319252069,0.8994896229525707
2025,135.80222022786324,149.3824422506496,142.43057017613452,5748,147.32050514810555,147.27711286001463,149.0479561799009,3.5294732126528863,0.8892681499644733
2025,149.3824422506496,164.32068647571455,156.673627193748,528,157.6355037877377,157.61646915065913,158.36345344114469,2.4404441430234383,0.8625743622608913
2025,164.32068647571455,180.75275512328605,172.3409899131228,1523,169.21836262012312,169.1806572386428,167.6789507023885,3.6239126421831416,0.8601223233069089
2025,180.75275512328605,198.82803063561465,189.5750889044351,6015,186.43923162743116,186.43575763193525,186.30994522487612,1.1556446150075732,0.8530494912483572
2025,198.82803063561465,218.71083369917613,208.53259779487863,544,205.96735685368532,205.94434626105462,204.94093974736373,3.11138311231061,0.8251157520282727
2025,218.71083369917613,240.58191706909378,229.3858575743665,3345,224.2433741471864,224.22853665243602,223.57193426985134,2.61786130179911,0.8225894088635636
2025,240.58191706909378,264.64010877600316,252.32444333180317,1923,252.78791082335997,252.62207204676616,260.83392331482656,9.131081665634456,0.8070551848085041
2025,264.64010877600316,291.1041196536035,277.5568876649835,37767,282.31062996066635,282.30620136228646,282.81849685136194,1.5758879209620116,0.7981247474817839
2025,291.1041196536035,320.2145316189639,305.3125764314819,9156,304.12911105021783,304.0115887502224,298.0959123598018,8.510176857493747,0.6227343020744807
2025,320.2145316189639,352.2359847808603,335.84383407463014,7004,335.4205987978231,335.4026243599066,335.357901404777,3.4775486011939636,0.5802137174861028
2025,352.2359847808603,387.45958325894634,369.4282174820931,20176,370.9751899127748,370.93402342033124,372.61989044975223,5.457019126124653,0.5476870492404716
2025,387.45958325894634,426.205541584841,406.3710392303025,5086,405.340510474011,405.2173824834463,409.88187949472746,9.965590078042974,0.45398943951405046
2025,426.205541584841,468.8260957433252,447.00814315333275,14034,458.7753627721739,458.58327941903656,465.77486306219026,13.074321330321846,0.4303699885292875
2025,468.8260957433252,515.7087053176577,491.7089574686661,2454,491.8978861155178,491.7790519751165,484.40585758467785,10.814988397867465,0.36519590769559424
2025,515.7087053176577,567.2795758494235,540.8798532155328,19670,554.2855653893066,554.1417833740041,558.9298356746283,12.425124379841783,0.35379949937538024
2025,567.2795758494235,624.0075334343659,594.967838537086,2384,594.8957045679448,594.7510206692174,596.1918247196036,13.12335199273197,0.26245176031319223
2025,624.0075334343659,686.4082867778026,654.4646223907947,5673,652.6755943975281,652.6297147798656,652.0848082870664,7.746041404621944,0.25138043291490775
2025,686.4082867778026,755.049115455583,719.9110846298743,8810,739.2756633067576,739.1258007081805,745.2397808995045,14.65990416293052,0.2250349461991074
2025,755.049115455583,830.5540270011413,791.9021930928618,1024,788.5495654320528,788.3595008711671,782.5017699444796,17.36506090074239,0.18412119016769532
2025,830.5540270011413,913.6094297012555,871.092412402148,3382,850.8796683008688,850.5942418917912,838.3947535119424,22.333924846188054,0.17936572068118387
2025,913.6094297012555,1004.9703726713811,958.2016536423629,9194,933.3127604787916,933.2732017720774,931.5497261243805,8.728439530495837,0.16365966813881885
2025,1004.9703726713811,1105.4674099385195,1054.0218190065993,1258,1039.0444924144008,1038.7463688875691,1024.7046987368185,25.09078761517274,0.12096261104996493
2025,1105.4674099385195,1216.0141509323714,1159.4240009072594,4847,1131.987976931454,1131.5616459911175,1117.8596713492566,31.620622658564443,0.11512044248157488
2025,1216.0141509323714,1337.6155660256086,1275.3664009979852,2768,1300.2493672461944,1300.1578469435449,1304.1696165741328,15.221914645869491,0.09261091064454259
2025,1337.6155660256086,1471.3771226281694,1402.903041097784,802,1396.255513914844,1396.0175302900916,1397.3245891865708,25.777685865563083,0.0797562821888163
2025,1471.3771226281694,1618.5148348909868,1543.1933452075625,2875,1500.7421616165875,1500.4854258546466,1490.479561799009,28.189648642405626,0.07603178362613837
2025,1618.5148348909868,1780.3663183800857,1697.512679728319,1150,1686.6218118723177,1686.3367998229028,1676.7895070238849,31.34209494783016,0.06268024576117698
2025,1780.3663183800857,1958.4029502180942,1867.263947701151,3795,1865.0385975785202,1864.9594997042975,1863.099452248761,17.33859820743726,0.05733963061519243
2025,1958.4029502180942,2154.243245239904,2053.990342471266,539,2054.6969359376535,2054.4024469835213,2049.409397473637,34.96758056436632,0.0397156006334434
2025,2154.243245239904,2369.6675697638943,2259.3893767183927,1290,2243.7724095479666,2243.576140842267,2235.719342698513,29.951442553435903,0.037212477534586286
2025,2369.6675697638943,2606.634326740284,2485.328314390232,511,2440.43714803007,2440.099412667367,2422.0292879233893,41.013487273428595,0.031221700544742746
2025,2606.634326740284,2867.2977594143126,2733.8611458292557,2017,2760.706406765801,2759.7571719642465,2794.6491783731417,71.389291416447,0.028848609814657436
2025,2867.2977594143126,3154.027535355744,3007.2472604121813,268,2983.094736104477,2982.7494461044334,2980.959123598018,45.565043192060074,0.01948163524991757
2025,3154.027535355744,3469.4302888913185,3307.9719864534,523,3282.904847770525,3281.603148559262,3353.5790140477698,92.25634365474099,0.018237039720244645
2025,3469.4302888913185,3816.373317780451,3638.7691850987403,1213,3709.9037728332205,3709.5270217009806,3726.198904497522,52.154946671499324,0.01580822083211428
2025,3816.373317780451,4198.010649558497,4002.646103608615,231,4019.0845906835034,4017.825687796115,4098.818794947274,100.56920843921586,0.01017503285639318
2025,4198.010649558497,4617.811714514346,4402.910713969477,129,4379.124273932812,4378.009813410619,4378.283712784589,99.20750130291587,0.009102265814025848
2025,4617.811714514346,5079.5928859657815,4843.201785366425,484,4719.829490985832,4718.190748877372,4657.7486306219025,126.3985939070408,0.008503188115041494
2025,5079.5928859657815,5587.55217456236,5327.521963903067,81,5282.238865910661,5281.4474852851645,5216.678466296531,92.36849880041598,0.0062554857405575605
2025,5587.55217456236,6146.307392018597,5860.274160293375,531,5617.847636639046,5617.069347981488,5589.298356746283,95.30737482272764,0.005879320673753431
2025,6146.307392018597,6760.938131220457,6446.301576322713,182,6478.154442345673,6476.434419843069,6520.848082870663,148.54927403237815,0.003413349680259693
2025,6760.938131220457,7437.031944342503,7090.931733954984,57,7061.872552230522,7060.2347580969035,7079.777918545292,153.73356684991347,0.0025681392832430073
2025,7437.031944342503,8180.735138776754,7800.024907350484,194,7499.176010654624,7497.998447136709,7452.397808995044,135.44654598318476,0.00230343053252899
2025,8180.735138776754,8998.80865265443,8580.027398085533,50,8424.935723068898,8423.445072763774,8383.947535119425,162.07195127876037,0.001402491977467248
2025,8998.80865265443,9898.689517919873,9438.030137894086,146,9338.107121582807,9337.524246135428,9315.497261243805,105.75803652824403,0.0011702913189461806
2025,9898.689517919873,10888.558469711861,10381.833151683495,16,10357.668517345455,10355.583812722367,10247.046987368185,215.71964409042414,0.0004922653960646632
2025,10888.558469711861,11977.41431668305,11420.016466851846,55,11188.156107409375,11187.802432835977,11178.596713492567,90.64960380877346,0.0004179611853379216
2025,11977.41431668305,13175.155748351355,12562.018113537033,33,12796.207407005928,12790.037408059246,13041.696165741327,399.0889651872779,0.0001625404609647473
2025,13175.155748351355,14492.671323186492,13818.219924890736,2,13321.161083578641,13320.835362909032,13321.161083578641,131.74102567100354,9.288026340842703e-06
