year,bin_left,bin_right,bin_center,count
1976,1.0,4056.43,2028.715,132178
1976,4056.43,8111.86,6084.1449999999995,9679
1976,8111.86,12167.289999999999,10139.574999999999,3008
1976,12167.289999999999,16222.72,14195.005,1359
1976,16222.72,20278.149999999998,18250.434999999998,875
1976,20278.149999999998,24333.579999999998,22305.864999999998,310
1976,24333.579999999998,28389.01,26361.295,273
1976,28389.01,32444.44,30416.725,224
1976,32444.44,36499.869999999995,34472.155,99
1976,36499.869999999995,40555.299999999996,38527.58499999999,89
1976,40555.299999999996,44610.729999999996,42583.015,25
1976,44610.729999999996,48666.159999999996,46638.44499999999,28
1976,48666.159999999996,52721.59,50693.875,65
1976,52721.59,56777.02,54749.30499999999,24
1976,56777.02,60832.45,58804.735,28
1976,60832.45,64887.88,62860.16499999999,8
1976,64887.88,68943.31,66915.595,5
1976,68943.31,72998.73999999999,70971.025,16
1976,72998.73999999999,77054.17,75026.45499999999,11
1976,77054.17,81109.59999999999,79081.885,15
1976,81109.59999999999,85165.03,83137.315,5
1976,85165.03,89220.45999999999,87192.745,2
1976,89220.45999999999,93275.89,91248.17499999999,6
1976,93275.89,97331.31999999999,95303.605,0
1976,97331.31999999999,101386.75,99359.035,18
1976,101386.75,105442.18,103414.465,2
1976,105442.18,109497.61,107469.89499999999,2
1976,109497.61,113553.04,111525.325,1
1976,113553.04,117608.47,115580.755,0
1976,117608.47,121663.9,119636.185,2
1976,121663.9,125719.33,123691.61499999999,1
1976,125719.33,129774.76,127747.045,0
1976,129774.76,133830.19,131802.475,5
1976,133830.19,137885.62,135857.905,3
1976,137885.62,141941.05,139913.335,0
1976,141941.05,145996.47999999998,143968.76499999998,0
1976,145996.47999999998,150051.91,148024.195,2
1976,150051.91,154107.34,152079.625,0
1976,154107.34,158162.77,156135.055,0
1976,158162.77,162218.19999999998,160190.485,2
1976,162218.19999999998,166273.63,164245.91499999998,0
1976,166273.63,170329.06,168301.345,0
1976,170329.06,174384.49,172356.775,0
1976,174384.49,178439.91999999998,176412.205,0
1976,178439.91999999998,182495.35,180467.635,3
1976,182495.35,186550.78,184523.065,0
1976,186550.78,190606.21,188578.495,1
1976,190606.21,194661.63999999998,192633.925,0
1976,194661.63999999998,198717.06999999998,196689.35499999998,0
1976,198717.06999999998,202772.5,200744.78499999997,1
1976,202772.5,206827.93,204800.215,0
1976,206827.93,210883.36,208855.645,0
1976,210883.36,214938.78999999998,212911.07499999998,1
1976,214938.78999999998,218994.22,216966.505,1
1976,218994.22,223049.65,221021.935,0
1976,223049.65,227105.08,225077.365,0
1976,227105.08,231160.50999999998,229132.79499999998,0
1976,231160.50999999998,235215.94,233188.22499999998,0
1976,235215.94,239271.37,237243.655,0
1976,239271.37,243326.8,241299.085,0
1976,243326.8,247382.22999999998,245354.51499999998,0
1976,247382.22999999998,251437.66,249409.945,1
1976,251437.66,255493.09,253465.375,1
1976,255493.09,259548.52,257520.805,0
1976,259548.52,263603.95,261576.235,0
1976,263603.95,267659.38,265631.66500000004,0
1976,267659.38,271714.81,269687.095,0
1976,271714.81,275770.24,273742.525,0
1976,275770.24,279825.67,277797.95499999996,0
1976,279825.67,283881.1,281853.385,0
1976,283881.1,287936.52999999997,285908.81499999994,0
1976,287936.52999999997,291991.95999999996,289964.245,0
1976,291991.95999999996,296047.39,294019.675,0
1976,296047.39,300102.82,298075.105,1
1976,300102.82,304158.25,302130.53500000003,0
1976,304158.25,308213.68,306185.96499999997,0
1976,308213.68,312269.11,310241.395,0
1976,312269.11,316324.54,314296.82499999995,0
1976,316324.54,320379.97,318352.255,0
1976,320379.97,324435.39999999997,322407.68499999994,0
1976,324435.39999999997,328490.82999999996,326463.115,0
1976,328490.82999999996,332546.26,330518.545,0
1976,332546.26,336601.69,334573.975,0
1976,336601.69,340657.12,338629.405,0
1976,340657.12,344712.55,342684.83499999996,0
1976,344712.55,348767.98,346740.265,1
1976,348767.98,352823.41,350795.69499999995,4
1976,352823.41,356878.83999999997,354851.125,0
1976,356878.83999999997,360934.26999999996,358906.55499999993,0
1976,360934.26999999996,364989.7,362961.985,0
1976,364989.7,369045.13,367017.41500000004,0
1976,369045.13,373100.56,371072.845,0
1976,373100.56,377155.99,375128.275,0
1976,377155.99,381211.42,379183.70499999996,0
1976,381211.42,385266.85,383239.135,0
1976,385266.85,389322.27999999997,387294.56499999994,0
1976,389322.27999999997,393377.70999999996,391349.995,0
1976,393377.70999999996,397433.13999999996,395405.42499999993,0
1976,397433.13999999996,401488.57,399460.855,1
1976,401488.57,405544.0,403516.28500000003,1
1977,1.0,6925.99,3463.495,175397
1977,6925.99,13850.98,10388.485,10318
1977,13850.98,20775.97,17313.475,3808
1977,20775.97,27700.96,24238.465,1303
1977,27700.96,34625.95,31163.454999999998,816
1977,34625.95,41550.94,38088.445,468
1977,41550.94,48475.93,45013.435,189
1977,48475.93,55400.92,51938.425,182
1977,55400.92,62325.909999999996,58863.41499999999,115
1977,62325.909999999996,69250.9,65788.405,50
1977,69250.9,76175.89,72713.39499999999,51
1977,76175.89,83100.88,79638.38500000001,32
1977,83100.88,90025.87,86563.375,30
1977,90025.87,96950.86,93488.36499999999,9
1977,96950.86,103875.84999999999,100413.355,34
1977,103875.84999999999,110800.84,107338.345,13
1977,110800.84,117725.83,114263.33499999999,7
1977,117725.83,124650.81999999999,121188.325,17
1977,124650.81999999999,131575.81,128113.315,8
1977,131575.81,138500.8,135038.305,2
1977,138500.8,145425.79,141963.29499999998,4
1977,145425.79,152350.78,148888.285,12
1977,152350.78,159275.77,155813.275,6
1977,159275.77,166200.76,162738.265,2
1977,166200.76,173125.75,169663.255,5
1977,173125.75,180050.74,176588.245,2
1977,180050.74,186975.72999999998,183513.235,3
1977,186975.72999999998,193900.72,190438.22499999998,3
1977,193900.72,200825.71,197363.215,3
1977,200825.71,207750.69999999998,204288.205,2
1977,207750.69999999998,214675.69,211213.195,3
1977,214675.69,221600.68,218138.185,6
1977,221600.68,228525.66999999998,225063.175,2
1977,228525.66999999998,235450.66,231988.16499999998,4
1977,235450.66,242375.65,238913.155,1
1977,242375.65,249300.63999999998,245838.145,1
1977,249300.63999999998,256225.63,252763.135,4
1977,256225.63,263150.62,259688.125,1
1977,263150.62,270075.61,266613.115,1
1977,270075.61,277000.6,273538.105,0
1977,277000.6,283925.58999999997,280463.095,2
1977,283925.58999999997,290850.58,287388.08499999996,1
1977,290850.58,297775.57,294313.075,0
1977,297775.57,304700.56,301238.065,0
1977,304700.56,311625.55,308163.055,1
1977,311625.55,318550.54,315088.045,3
1977,318550.54,325475.52999999997,322013.035,2
1977,325475.52999999997,332400.52,328938.025,3
1977,332400.52,339325.51,335863.015,0
1977,339325.51,346250.5,342788.005,1
1977,346250.5,353175.49,349712.995,1
1977,353175.49,360100.48,356637.985,2
1977,360100.48,367025.47,363562.975,1
1977,367025.47,373950.45999999996,370487.96499999997,0
1977,373950.45999999996,380875.45,377412.95499999996,0
1977,380875.45,387800.44,384337.945,0
1977,387800.44,394725.43,391262.935,2
1977,394725.43,401650.42,398187.925,2
1977,401650.42,408575.41,405112.915,2
1977,408575.41,415500.39999999997,412037.90499999997,4
1977,415500.39999999997,422425.39,418962.895,0
1977,422425.39,429350.38,425887.885,1
1977,429350.38,436275.37,432812.875,0
1977,436275.37,443200.36,439737.865,2
1977,443200.36,450125.35,446662.855,0
1977,450125.35,457050.33999999997,453587.845,2
1977,457050.33999999997,463975.32999999996,460512.83499999996,0
1977,463975.32999999996,470900.32,467437.82499999995,1
1977,470900.32,477825.31,474362.815,0
1977,477825.31,484750.3,481287.805,0
1977,484750.3,491675.29,488212.795,0
1977,491675.29,498600.27999999997,495137.785,0
1977,498600.27999999997,505525.26999999996,502062.77499999997,1
1977,505525.26999999996,512450.26,508987.765,0
1977,512450.26,519375.25,515912.755,1
1977,519375.25,526300.24,522837.745,1
1977,526300.24,533225.23,529762.735,0
1977,533225.23,540150.22,536687.725,2
1977,540150.22,547075.21,543612.715,0
1977,547075.21,554000.2,550537.705,0
1977,554000.2,560925.19,557462.695,0
1977,560925.19,567850.1799999999,564387.6849999999,0
1977,567850.1799999999,574775.1699999999,571312.6749999999,0
1977,574775.1699999999,581700.16,578237.665,0
1977,581700.16,588625.15,585162.655,0
1977,588625.15,595550.14,592087.645,0
1977,595550.14,602475.13,599012.635,1
1977,602475.13,609400.12,605937.625,1
1977,609400.12,616325.11,612862.615,0
1977,616325.11,623250.1,619787.605,0
1977,623250.1,630175.09,626712.595,0
1977,630175.09,637100.08,633637.585,0
1977,637100.08,644025.07,640562.575,0
1977,644025.07,650950.0599999999,647487.565,1
1977,650950.0599999999,657875.0499999999,654412.5549999999,2
1977,657875.0499999999,664800.04,661337.5449999999,1
1977,664800.04,671725.03,668262.535,0
1977,671725.03,678650.02,675187.525,0
1977,678650.02,685575.01,682112.515,0
1977,685575.01,692500.0,689037.505,1
1978,1.0,8300.99,4150.995,191646
1978,8300.99,16600.98,12450.985,14116
1978,16600.98,24900.97,20750.975,4240
1978,24900.97,33200.96,29050.965,2583
1978,33200.96,41500.95,37350.955,1221
1978,41500.95,49800.94,45650.945,486
1978,49800.94,58100.93,53950.935,527
1978,58100.93,66400.92,62250.925,274
1978,66400.92,74700.91,70550.91500000001,140
1978,74700.91,83000.9,78850.905,135
1978,83000.9,91300.89,87150.89499999999,76
1978,91300.89,99600.88,95450.88500000001,23
1978,99600.88,107900.87,103750.875,62
1978,107900.87,116200.86,112050.86499999999,25
1978,116200.86,124500.84999999999,120350.855,22
1978,124500.84999999999,132800.84,128650.845,12
1978,132800.84,141100.83,136950.835,11
1978,141100.83,149400.82,145250.825,4
1978,149400.82,157700.81,153550.815,21
1978,157700.81,166000.8,161850.805,8
1978,166000.8,174300.79,170150.79499999998,3
1978,174300.79,182600.78,178450.785,6
1978,182600.78,190900.77,186750.775,2
1978,190900.77,199200.76,195050.765,2
1978,199200.76,207500.75,203350.755,11
1978,207500.75,215800.74,211650.745,0
1978,215800.74,224100.72999999998,219950.735,2
1978,224100.72999999998,232400.72,228250.72499999998,6
1978,232400.72,240700.71,236550.715,1
1978,240700.71,249000.69999999998,244850.705,0
1978,249000.69999999998,257300.69,253150.695,1
1978,257300.69,265600.68,261450.685,1
1978,265600.68,273900.67,269750.675,1
1978,273900.67,282200.66,278050.665,2
1978,282200.66,290500.64999999997,286350.65499999997,0
1978,290500.64999999997,298800.64,294650.645,0
1978,298800.64,307100.63,302950.635,1
1978,307100.63,315400.62,311250.625,0
1978,315400.62,323700.61,319550.615,1
1978,323700.61,332000.6,327850.605,1
1978,332000.6,340300.58999999997,336150.595,3
1978,340300.58999999997,348600.58,344450.58499999996,0
1978,348600.58,356900.57,352750.575,0
1978,356900.57,365200.56,361050.565,0
1978,365200.56,373500.55,369350.555,0
1978,373500.55,381800.54,377650.545,0
1978,381800.54,390100.52999999997,385950.535,0
1978,390100.52999999997,398400.52,394250.525,0
1978,398400.52,406700.51,402550.515,2
1978,406700.51,415000.5,410850.505,0
1978,415000.5,423300.49,419150.495,2
1978,423300.49,431600.48,427450.485,0
1978,431600.48,439900.47,435750.475,2
1978,439900.47,448200.45999999996,444050.46499999997,1
1978,448200.45999999996,456500.45,452350.45499999996,1
1978,456500.45,464800.44,460650.445,1
1978,464800.44,473100.43,468950.435,0
1978,473100.43,481400.42,477250.425,1
1978,481400.42,489700.41,485550.415,0
1978,489700.41,498000.39999999997,493850.40499999997,0
1978,498000.39999999997,506300.39,502150.395,3
1978,506300.39,514600.38,510450.385,1
1978,514600.38,522900.37,518750.375,1
1978,522900.37,531200.36,527050.365,1
1978,531200.36,539500.35,535350.355,0
1978,539500.35,547800.34,543650.345,0
1978,547800.34,556100.33,551950.335,0
1978,556100.33,564400.32,560250.325,0
1978,564400.32,572700.3099999999,568550.315,0
1978,572700.3099999999,581000.2999999999,576850.3049999999,0
1978,581000.2999999999,589300.29,585150.2949999999,0
1978,589300.29,597600.28,593450.285,0
1978,597600.28,605900.27,601750.275,1
1978,605900.27,614200.26,610050.265,0
1978,614200.26,622500.25,618350.255,0
1978,622500.25,630800.24,626650.245,0
1978,630800.24,639100.23,634950.235,0
1978,639100.23,647400.22,643250.225,0
1978,647400.22,655700.21,651550.215,0
1978,655700.21,664000.2,659850.205,0
1978,664000.2,672300.19,668150.195,0
1978,672300.19,680600.1799999999,676450.1849999999,0
1978,680600.1799999999,688900.1699999999,684750.1749999999,0
1978,688900.1699999999,697200.16,693050.165,0
1978,697200.16,705500.15,701350.155,1
1978,705500.15,713800.14,709650.145,0
1978,713800.14,722100.13,717950.135,0
1978,722100.13,730400.12,726250.125,0
1978,730400.12,738700.11,734550.115,0
1978,738700.11,747000.1,742850.105,0
1978,747000.1,755300.09,751150.095,0
1978,755300.09,763600.08,759450.085,0
1978,763600.08,771900.07,767750.075,0
1978,771900.07,780200.0599999999,776050.065,0
1978,780200.0599999999,788500.0499999999,784350.0549999999,0
1978,788500.0499999999,796800.04,792650.0449999999,0
1978,796800.04,805100.03,800950.035,0
1978,805100.03,813400.02,809250.025,0
1978,813400.02,821700.01,817550.015,0
1978,821700.01,830000.0,825850.005,1
1979,1.0,10300.97,5150.985,145440
1979,10300.97,20600.94,15450.954999999998,14967
1979,20600.94,30900.909999999996,25750.924999999996,4703
1979,30900.909999999996,41200.88,36050.895,2246
1979,41200.88,51500.85,46350.865,1279
1979,51500.85,61800.81999999999,56650.83499999999,721
1979,61800.81999999999,72100.79,66950.805,442
1979,72100.79,82400.76,77250.775,329
1979,82400.76,92700.73,87550.745,153
1979,92700.73,103000.7,97850.715,172
1979,103000.7,113300.67,108150.685,65
1979,113300.67,123600.63999999998,118450.655,66
1979,123600.63999999998,133900.61,128750.62499999999,39
1979,133900.61,144200.58,139050.59499999997,35
1979,144200.58,154500.55,149350.565,37
1979,154500.55,164800.52,159650.53499999997,15
1979,164800.52,175100.49,169950.505,10
1979,175100.49,185400.46,180250.47499999998,16
1979,185400.46,195700.43,190550.445,8
1979,195700.43,206000.4,200850.41499999998,17
1979,206000.4,216300.37,211150.385,0
1979,216300.37,226600.34,221450.35499999998,5
1979,226600.34,236900.31,231750.325,3
1979,236900.31,247200.27999999997,242050.29499999998,2
1979,247200.27999999997,257500.24999999997,252350.26499999996,4
1979,257500.24999999997,267800.22,262650.235,3
1979,267800.22,278100.19,272950.20499999996,2
1979,278100.19,288400.16,283250.175,3
1979,288400.16,298700.13,293550.145,2
1979,298700.13,309000.1,303850.115,2
1979,309000.1,319300.07,314150.08499999996,3
1979,319300.07,329600.04,324450.055,0
1979,329600.04,339900.00999999995,334750.02499999997,0
1979,339900.00999999995,350199.98,345049.995,3
1979,350199.98,360499.94999999995,355349.96499999997,0
1979,360499.94999999995,370799.92,365649.93499999994,0
1979,370799.92,381099.88999999996,375949.90499999997,1
1979,381099.88999999996,391399.86,386249.875,0
1979,391399.86,401699.82999999996,396549.845,2
1979,401699.82999999996,411999.8,406849.81499999994,1
1979,411999.8,422299.76999999996,417149.785,1
1979,422299.76999999996,432599.74,427449.755,0
1979,432599.74,442899.70999999996,437749.725,2
1979,442899.70999999996,453199.68,448049.69499999995,2
1979,453199.68,463499.64999999997,458349.665,0
1979,463499.64999999997,473799.62,468649.635,0
1979,473799.62,484099.58999999997,478949.605,0
1979,484099.58999999997,494399.55999999994,489249.57499999995,0
1979,494399.55999999994,504699.52999999997,499549.5449999999,2
1979,504699.52999999997,514999.49999999994,509849.51499999996,0
1979,514999.49999999994,525299.47,520149.485,0
1979,525299.47,535599.44,530449.455,0
1979,535599.44,545899.4099999999,540749.4249999999,0
1979,545899.4099999999,556199.38,551049.395,0
1979,556199.38,566499.35,561349.365,0
1979,566499.35,576799.32,571649.335,0
1979,576799.32,587099.2899999999,581949.3049999999,0
1979,587099.2899999999,597399.26,592249.2749999999,0
1979,597399.26,607699.23,602549.245,0
1979,607699.23,617999.2,612849.215,0
1979,617999.2,628299.1699999999,623149.1849999999,0
1979,628299.1699999999,638599.14,633449.155,0
1979,638599.14,648899.11,643749.125,0
1979,648899.11,659199.08,654049.095,0
1979,659199.08,669499.0499999999,664349.065,0
1979,669499.0499999999,679799.0199999999,674649.0349999999,0
1979,679799.0199999999,690098.99,684949.0049999999,0
1979,690098.99,700398.96,695248.975,0
1979,700398.96,710698.9299999999,705548.945,0
1979,710698.9299999999,720998.8999999999,715848.9149999999,0
1979,720998.8999999999,731298.87,726148.885,0
1979,731298.87,741598.84,736448.855,0
1979,741598.84,751898.8099999999,746748.825,0
1979,751898.8099999999,762198.7799999999,757048.7949999999,0
1979,762198.7799999999,772498.75,767348.7649999999,0
1979,772498.75,782798.72,777648.735,0
1979,782798.72,793098.69,787948.705,0
1979,793098.69,803398.6599999999,798248.6749999999,0
1979,803398.6599999999,813698.63,808548.645,0
1979,813698.63,823998.6,818848.615,0
1979,823998.6,834298.57,829148.585,0
1979,834298.57,844598.5399999999,839448.5549999999,0
1979,844598.5399999999,854898.5099999999,849748.5249999999,0
1979,854898.5099999999,865198.48,860048.4949999999,0
1979,865198.48,875498.45,870348.465,0
1979,875498.45,885798.4199999999,880648.4349999999,0
1979,885798.4199999999,896098.3899999999,890948.4049999999,1
1979,896098.3899999999,906398.36,901248.375,1
1979,906398.36,916698.33,911548.345,0
1979,916698.33,926998.2999999999,921848.315,0
1979,926998.2999999999,937298.2699999999,932148.2849999999,0
1979,937298.2699999999,947598.24,942448.2549999999,0
1979,947598.24,957898.21,952748.225,0
1979,957898.21,968198.1799999999,963048.195,0
1979,968198.1799999999,978498.1499999999,973348.1649999999,0
1979,978498.1499999999,988798.1199999999,983648.1349999999,0
1979,988798.1199999999,999098.09,993948.105,0
1979,999098.09,1009398.0599999999,1004248.075,564
1979,1009398.0599999999,1019698.0299999999,1014548.0449999999,0
1979,1019698.0299999999,1029998.0,1024848.0149999999,2
1981,0.09090909090909091,8300.09,4150.090454545455,320608
1981,8300.09,16600.08909090909,12450.089545454544,81509
1981,16600.08909090909,24900.088181818177,20750.08863636363,27730
1981,24900.088181818177,33200.08727272727,29050.087727272723,14308
1981,33200.08727272727,41500.086363636365,37350.08681818182,8686
1981,41500.086363636365,49800.08545454545,45650.08590909091,4994
1981,49800.08545454545,58100.08454545454,53950.08499999999,3957
1981,58100.08454545454,66400.08363636363,62250.08409090909,2514
1981,66400.08363636363,74700.08272727272,70550.08318181818,1901
1981,74700.08272727272,83000.08181818182,78850.08227272728,1383
1981,83000.08181818182,91300.0809090909,87150.08136363636,923
1981,91300.0809090909,99600.07999999999,95450.08045454544,593
1981,99600.07999999999,107900.07909090909,103750.07954545453,749
1981,107900.07909090909,116200.07818181817,112050.07863636363,431
1981,116200.07818181817,124500.07727272727,120350.07772727273,303
1981,124500.07727272727,132800.07636363636,128650.07681818181,305
1981,132800.07636363636,141100.07545454544,136950.0759090909,163
1981,141100.07545454544,149400.07454545452,145250.07499999998,146
1981,149400.07454545452,157700.07363636364,153550.0740909091,174
1981,157700.07363636364,166000.07272727272,161850.07318181818,68
1981,166000.07272727272,174300.0718181818,170150.07227272727,106
1981,174300.0718181818,182600.0709090909,178450.07136363635,85
1981,182600.0709090909,190900.06999999998,186750.07045454544,49
1981,190900.06999999998,199200.06909090906,195050.06954545452,55
1981,199200.06909090906,207500.06818181818,203350.0686363636,83
1981,207500.06818181818,215800.06727272726,211650.06772727272,44
1981,215800.06727272726,224100.06636363635,219950.0668181818,34
1981,224100.06636363635,232400.06545454543,228250.0659090909,15
1981,232400.06545454543,240700.06454545452,236550.06499999997,33
1981,240700.06454545452,249000.06363636363,244850.0640909091,15
1981,249000.06363636363,257300.0627272727,253150.06318181817,28
1981,257300.0627272727,265600.06181818177,261450.06227272726,19
1981,265600.06181818177,273900.06090909085,269750.0613636363,19
1981,273900.06090909085,282200.05999999994,278050.0604545454,11
1981,282200.05999999994,290500.059090909,286350.05954545445,14
1981,290500.059090909,298800.0581818181,294650.0586363636,15
1981,298800.0581818181,307100.0572727272,302950.0577272726,29
1981,307100.0572727272,315400.05636363634,311250.05681818177,11
1981,315400.05636363634,323700.0554545454,319550.0559090909,10
1981,323700.0554545454,332000.0545454545,327850.05499999993,3
1981,332000.0545454545,340300.0536363636,336150.0540909091,10
1981,340300.0536363636,348600.0527272727,344450.0531818181,7
1981,348600.0527272727,356900.05181818176,352750.05227272725,2
1981,356900.05181818176,365200.05090909085,361050.0513636363,2
1981,365200.05090909085,373500.04999999993,369350.0504545454,0
1981,373500.04999999993,381800.049090909,377650.04954545444,3
1981,381800.049090909,390100.0481818181,385950.0486363636,4
1981,390100.0481818181,398400.0472727272,394250.0477272726,0
1981,398400.0472727272,406700.0463636363,402550.04681818176,3
1981,406700.0463636363,415000.0454545454,410850.0459090909,0
1981,415000.0454545454,423300.0445454545,419150.0449999999,3
1981,423300.0445454545,431600.0436363636,427450.04409090907,0
1981,431600.0436363636,439900.04272727267,435750.0431818181,3
1981,439900.04272727267,448200.04181818175,444050.04227272724,3
1981,448200.04181818175,456500.04090909084,452350.04136363626,0
1981,456500.04090909084,464800.0399999999,460650.0404545454,0
1981,464800.0399999999,473100.039090909,468950.03954545443,2
1981,473100.039090909,481400.0381818181,477250.0386363636,3
1981,481400.0381818181,489700.03727272723,485550.03772727266,0
1981,489700.03727272723,498000.0363636363,493850.03681818175,0
1981,498000.0363636363,506300.0354545454,502150.0359090909,6
1981,506300.0354545454,514600.0345454545,510450.0349999999,2
1981,514600.0345454545,522900.0336363636,518750.03409090906,0
1981,522900.0336363636,531200.0327272727,527050.0331818182,9
1981,531200.0327272727,539500.0318181819,535350.0322727272,0
1981,539500.0318181819,547800.0309090909,543650.0313636364,0
1981,547800.0309090909,556100.03,551950.0304545455,1
1981,556100.03,564400.029090909,560250.0295454545,0
1981,564400.029090909,572700.0281818182,568550.0286363636,2
1981,572700.0281818182,581000.0272727272,576850.0277272727,0
1981,581000.0272727272,589300.0263636364,585150.0268181819,0
1981,589300.0263636364,597600.0254545454,593450.0259090909,0
1981,597600.0254545454,605900.0245454545,601750.0249999999,0
1981,605900.0245454545,614200.0236363636,610050.024090909,0
1981,614200.0236363636,622500.0227272727,618350.0231818182,1
1981,622500.0227272727,630800.0218181818,626650.0222727272,0
1981,630800.0218181818,639100.0209090909,634950.0213636364,0
1981,639100.0209090909,647400.02,643250.0204545455,2
1981,647400.02,655700.019090909,651550.0195454545,0
1981,655700.019090909,664000.0181818182,659850.0186363636,0
1981,664000.0181818182,672300.0172727272,668150.0177272727,0
1981,672300.0172727272,680600.0163636364,676450.0168181818,0
1981,680600.0163636364,688900.0154545454,684750.0159090909,0
1981,688900.0154545454,697200.0145454545,693050.0149999999,3
1981,697200.0145454545,705500.0136363636,701350.014090909,1
1981,705500.0136363636,713800.0127272727,709650.0131818182,0
1981,713800.0127272727,722100.0118181818,717950.0122727272,0
1981,722100.0118181818,730400.0109090909,726250.0113636364,0
1981,730400.0109090909,738700.01,734550.0104545455,0
1981,738700.01,747000.009090909,742850.0095454545,0
1981,747000.009090909,755300.0081818182,751150.0086363635,0
1981,755300.0081818182,763600.0072727272,759450.0077272727,0
1981,763600.0072727272,771900.0063636363,767750.0068181818,0
1981,771900.0063636363,780200.0054545454,776050.0059090909,2
1981,780200.0054545454,788500.0045454545,784350.0049999999,0
1981,788500.0045454545,796800.0036363635,792650.004090909,0
1981,796800.0036363635,805100.0027272727,800950.0031818182,0
1981,805100.0027272727,813400.0018181818,809250.0022727272,0
1981,813400.0018181818,821700.0009090909,817550.0013636363,0
1981,821700.0009090909,830000.0,825850.0004545455,1
1982,1.0,51500.99,25750.995,158204
1982,51500.99,103000.98,77250.985,27966
1982,103000.98,154500.97,128750.975,8516
1982,154500.97,206000.96,180250.965,4432
1982,206000.96,257500.94999999998,231750.955,2217
1982,257500.94999999998,309000.94,283250.945,1747
1982,309000.94,360500.93,334750.935,932
1982,360500.93,412000.92,386250.925,838
1982,412000.92,463500.91,437750.915,421
1982,463500.91,515000.89999999997,489250.90499999997,483
1982,515000.89999999997,566500.89,540750.895,204
1982,566500.89,618000.88,592250.885,208
1982,618000.88,669500.87,643750.875,131
1982,669500.87,721000.86,695250.865,129
1982,721000.86,772500.85,746750.855,56
1982,772500.85,824000.84,798250.845,78
1982,824000.84,875500.83,849750.835,44
1982,875500.83,927000.82,901250.825,39
1982,927000.82,978500.8099999999,952750.815,29
1982,978500.8099999999,1030000.7999999999,1004250.8049999999,43
1982,1030000.7999999999,1081500.79,1055750.795,11
1982,1081500.79,1133000.78,1107250.7850000001,15
1982,1133000.78,1184500.77,1158750.775,9
1982,1184500.77,1236000.76,1210250.7650000001,14
1982,1236000.76,1287500.75,1261750.755,12
1982,1287500.75,1339000.74,1313250.745,2
1982,1339000.74,1390500.73,1364750.7349999999,6
1982,1390500.73,1442000.72,1416250.725,4
1982,1442000.72,1493500.71,1467750.7149999999,2
1982,1493500.71,1545000.7,1519250.705,14
1982,1545000.7,1596500.69,1570750.6949999998,1
1982,1596500.69,1648000.68,1622250.685,1
1982,1648000.68,1699500.67,1673750.6749999998,0
1982,1699500.67,1751000.66,1725250.665,3
1982,1751000.66,1802500.65,1776750.6549999998,3
1982,1802500.65,1854000.64,1828250.645,0
1982,1854000.64,1905500.63,1879750.6349999998,2
1982,1905500.63,1957000.6199999999,1931250.625,1
1982,1957000.6199999999,2008500.6099999999,1982750.6149999998,8
1982,2008500.6099999999,2060000.5999999999,2034250.605,1
1982,2060000.5999999999,2111500.59,2085750.5949999997,0
1982,2111500.59,2163000.58,2137250.585,0
1982,2163000.58,2214500.57,2188750.575,1
1982,2214500.57,2266000.56,2240250.565,2
1982,2266000.56,2317500.55,2291750.5549999997,0
1982,2317500.55,2369000.54,2343250.545,0
1982,2369000.54,2420500.53,2394750.535,0
1982,2420500.53,2472000.52,2446250.525,0
1982,2472000.52,2523500.51,2497750.5149999997,2
1982,2523500.51,2575000.5,2549250.505,2
1982,2575000.5,2626500.4899999998,2600750.495,0
1982,2626500.4899999998,2678000.48,2652250.485,0
1982,2678000.48,2729500.4699999997,2703750.4749999996,0
1982,2729500.4699999997,2781000.46,2755250.465,1
1982,2781000.46,2832500.4499999997,2806750.455,1
1982,2832500.4499999997,2884000.44,2858250.445,0
1982,2884000.44,2935500.4299999997,2909750.4349999996,0
1982,2935500.4299999997,2987000.42,2961250.425,0
1982,2987000.42,3038500.4099999997,3012750.415,5
1982,3038500.4099999997,3090000.4,3064250.405,0
1982,3090000.4,3141500.3899999997,3115750.3949999996,0
1982,3141500.3899999997,3193000.38,3167250.385,0
1982,3193000.38,3244500.3699999996,3218750.375,0
1982,3244500.3699999996,3296000.36,3270250.3649999998,0
1982,3296000.36,3347500.35,3321750.355,0
1982,3347500.35,3399000.34,3373250.3449999997,0
1982,3399000.34,3450500.33,3424750.335,0
1982,3450500.33,3502000.32,3476250.325,0
1982,3502000.32,3553500.31,3527750.315,0
1982,3553500.31,3605000.3,3579250.3049999997,0
1982,3605000.3,3656500.29,3630750.295,0
1982,3656500.29,3708000.28,3682250.285,0
1982,3708000.28,3759500.27,3733750.275,0
1982,3759500.27,3811000.26,3785250.2649999997,1
1982,3811000.26,3862500.25,3836750.255,0
1982,3862500.25,3914000.2399999998,3888250.245,0
1982,3914000.2399999998,3965500.23,3939750.235,0
1982,3965500.23,4017000.2199999997,3991250.2249999996,2
1982,4017000.2199999997,4068500.21,4042750.215,0
1982,4068500.21,4120000.1999999997,4094250.205,0
1982,4120000.1999999997,4171500.19,4145750.195,0
1982,4171500.19,4223000.18,4197250.185,0
1982,4223000.18,4274500.17,4248750.175,0
1982,4274500.17,4326000.16,4300250.165,0
1982,4326000.16,4377500.149999999,4351750.154999999,0
1982,4377500.149999999,4429000.14,4403250.145,0
1982,4429000.14,4480500.13,4454750.135,0
1982,4480500.13,4532000.12,4506250.125,0
1982,4532000.12,4583500.109999999,4557750.115,0
1982,4583500.109999999,4635000.1,4609250.1049999995,0
1982,4635000.1,4686500.09,4660750.095,0
1982,4686500.09,4738000.08,4712250.085,0
1982,4738000.08,4789500.069999999,4763750.074999999,0
1982,4789500.069999999,4841000.06,4815250.0649999995,0
1982,4841000.06,4892500.05,4866750.055,0
1982,4892500.05,4944000.04,4918250.045,0
1982,4944000.04,4995500.03,4969750.035,0
1982,4995500.03,5047000.02,5021250.025,1
1982,5047000.02,5098500.01,5072750.015,0
1982,5098500.01,5150000.0,5124250.005,1
1983,0.0,70000.0,35000.0,423138
1983,70000.0,140000.0,105000.0,46068
1983,140000.0,210000.0,175000.0,15218
1983,210000.0,280000.0,245000.0,6886
1983,280000.0,350000.0,315000.0,3347
1983,350000.0,420000.0,385000.0,1803
1983,420000.0,490000.0,455000.0,944
1983,490000.0,560000.0,525000.0,716
1983,560000.0,630000.0,595000.0,450
1983,630000.0,700000.0,665000.0,261
1983,700000.0,770000.0,735000.0,248
1983,770000.0,840000.0,805000.0,181
1983,840000.0,910000.0,875000.0,101
1983,910000.0,980000.0,945000.0,56
1983,980000.0,1050000.0,1015000.0,94
1983,1050000.0,1120000.0,1085000.0,43
1983,1120000.0,1190000.0,1155000.0,44
1983,1190000.0,1260000.0,1225000.0,32
1983,1260000.0,1330000.0,1295000.0,29
1983,1330000.0,1400000.0,1365000.0,9
1983,1400000.0,1470000.0,1435000.0,19
1983,1470000.0,1540000.0,1505000.0,16
1983,1540000.0,1610000.0,1575000.0,15
1983,1610000.0,1680000.0,1645000.0,0
1983,1680000.0,1750000.0,1715000.0,5
1983,1750000.0,1820000.0,1785000.0,8
1983,1820000.0,1890000.0,1855000.0,3
1983,1890000.0,1960000.0,1925000.0,5
1983,1960000.0,2030000.0,1995000.0,15
1983,2030000.0,2100000.0,2065000.0,3
1983,2100000.0,2170000.0,2135000.0,5
1983,2170000.0,2240000.0,2205000.0,0
1983,2240000.0,2310000.0,2275000.0,0
1983,2310000.0,2380000.0,2345000.0,3
1983,2380000.0,2450000.0,2415000.0,1
1983,2450000.0,2520000.0,2485000.0,1
1983,2520000.0,2590000.0,2555000.0,0
1983,2590000.0,2660000.0,2625000.0,5
1983,2660000.0,2730000.0,2695000.0,2
1983,2730000.0,2800000.0,2765000.0,0
1983,2800000.0,2870000.0,2835000.0,1
1983,2870000.0,2940000.0,2905000.0,0
1983,2940000.0,3010000.0,2975000.0,9
1983,3010000.0,3080000.0,3045000.0,0
1983,3080000.0,3150000.0,3115000.0,0
1983,3150000.0,3220000.0,3185000.0,0
1983,3220000.0,3290000.0,3255000.0,0
1983,3290000.0,3360000.0,3325000.0,5
1983,3360000.0,3430000.0,3395000.0,0
1983,3430000.0,3500000.0,3465000.0,0
1983,3500000.0,3570000.0,3535000.0,0
1983,3570000.0,3640000.0,3605000.0,0
1983,3640000.0,3710000.0,3675000.0,0
1983,3710000.0,3780000.0,3745000.0,0
1983,3780000.0,3850000.0,3815000.0,0
1983,3850000.0,3920000.0,3885000.0,0
1983,3920000.0,3990000.0,3955000.0,0
1983,3990000.0,4060000.0,4025000.0,0
1983,4060000.0,4130000.0,4095000.0,0
1983,4130000.0,4200000.0,4165000.0,0
1983,4200000.0,4270000.0,4235000.0,0
1983,4270000.0,4340000.0,4305000.0,3
1983,4340000.0,4410000.0,4375000.0,0
1983,4410000.0,4480000.0,4445000.0,0
1983,4480000.0,4550000.0,4515000.0,0
1983,4550000.0,4620000.0,4585000.0,0
1983,4620000.0,4690000.0,4655000.0,0
1983,4690000.0,4760000.0,4725000.0,0
1983,4760000.0,4830000.0,4795000.0,0
1983,4830000.0,4900000.0,4865000.0,0
1983,4900000.0,4970000.0,4935000.0,0
1983,4970000.0,5040000.0,5005000.0,0
1983,5040000.0,5110000.0,5075000.0,0
1983,5110000.0,5180000.0,5145000.0,0
1983,5180000.0,5250000.0,5215000.0,0
1983,5250000.0,5320000.0,5285000.0,3
1983,5320000.0,5390000.0,5355000.0,0
1983,5390000.0,5460000.0,5425000.0,0
1983,5460000.0,5530000.0,5495000.0,0
1983,5530000.0,5600000.0,5565000.0,0
1983,5600000.0,5670000.0,5635000.0,0
1983,5670000.0,5740000.0,5705000.0,0
1983,5740000.0,5810000.0,5775000.0,0
1983,5810000.0,5880000.0,5845000.0,1
1983,5880000.0,5950000.0,5915000.0,0
1983,5950000.0,6020000.0,5985000.0,0
1983,6020000.0,6090000.0,6055000.0,0
1983,6090000.0,6160000.0,6125000.0,0
1983,6160000.0,6230000.0,6195000.0,0
1983,6230000.0,6300000.0,6265000.0,0
1983,6300000.0,6370000.0,6335000.0,0
1983,6370000.0,6440000.0,6405000.0,0
1983,6440000.0,6510000.0,6475000.0,0
1983,6510000.0,6580000.0,6545000.0,0
1983,6580000.0,6650000.0,6615000.0,0
1983,6650000.0,6720000.0,6685000.0,0
1983,6720000.0,6790000.0,6755000.0,0
1983,6790000.0,6860000.0,6825000.0,0
1983,6860000.0,6930000.0,6895000.0,0
1983,6930000.0,7000000.0,6965000.0,1
1984,0.0,99999.98,49999.99,342015
1984,99999.98,199999.96,149999.97,85975
1984,199999.96,299999.94,249999.95,30495
1984,299999.94,399999.92,349999.93,15380
1984,399999.92,499999.89999999997,449999.91,8794
1984,499999.89999999997,599999.88,549999.89,6152
1984,599999.88,699999.86,649999.87,4169
1984,699999.86,799999.84,749999.85,2802
1984,799999.84,899999.82,849999.83,2183
1984,899999.82,999999.7999999999,949999.8099999999,1193
1984,999999.7999999999,1099999.78,1049999.79,1193
1984,1099999.78,1199999.76,1149999.77,787
1984,1199999.76,1299999.74,1249999.75,678
1984,1299999.74,1399999.72,1349999.73,466
1984,1399999.72,1499999.7,1449999.71,323
1984,1499999.7,1599999.68,1549999.69,372
1984,1599999.68,1699999.66,1649999.67,230
1984,1699999.66,1799999.64,1749999.65,199
1984,1799999.64,1899999.6199999999,1849999.63,174
1984,1899999.6199999999,1999999.5999999999,1949999.6099999999,103
1984,1999999.5999999999,2099999.58,2049999.5899999999,153
1984,2099999.58,2199999.56,2149999.5700000003,77
1984,2199999.56,2299999.54,2249999.55,90
1984,2299999.54,2399999.52,2349999.5300000003,75
1984,2399999.52,2499999.5,2449999.51,67
1984,2499999.5,2599999.48,2549999.49,61
1984,2599999.48,2699999.46,2649999.4699999997,26
1984,2699999.46,2799999.44,2749999.45,35
1984,2799999.44,2899999.42,2849999.4299999997,33
1984,2899999.42,2999999.4,2949999.41,12
1984,2999999.4,3099999.38,3049999.3899999997,48
1984,3099999.38,3199999.36,3149999.37,18
1984,3199999.36,3299999.34,3249999.3499999996,19
1984,3299999.34,3399999.32,3349999.33,14
1984,3399999.32,3499999.3,3449999.3099999996,20
1984,3499999.3,3599999.28,3549999.29,22
1984,3599999.28,3699999.26,3649999.2699999996,10
1984,3699999.26,3799999.2399999998,3749999.25,5
1984,3799999.2399999998,3899999.2199999997,3849999.2299999995,5
1984,3899999.2199999997,3999999.1999999997,3949999.21,4
1984,3999999.1999999997,4099999.1799999997,4049999.1899999995,8
1984,4099999.1799999997,4199999.16,4149999.17,2
1984,4199999.16,4299999.14,4249999.15,8
1984,4299999.14,4399999.12,4349999.13,3
1984,4399999.12,4499999.1,4449999.109999999,2
1984,4499999.1,4599999.08,4549999.09,7
1984,4599999.08,4699999.06,4649999.07,7
1984,4699999.06,4799999.04,4749999.05,4
1984,4799999.04,4899999.02,4849999.029999999,0
1984,4899999.02,4999999.0,4949999.01,0
1984,4999999.0,5099998.9799999995,5049998.99,6
1984,5099998.9799999995,5199998.96,5149998.97,1
1984,5199998.96,5299998.9399999995,5249998.949999999,0
1984,5299998.9399999995,5399998.92,5349998.93,0
1984,5399998.92,5499998.899999999,5449998.91,0
1984,5499998.899999999,5599998.88,5549998.89,0
1984,5599998.88,5699998.859999999,5649998.869999999,0
1984,5699998.859999999,5799998.84,5749998.85,0
1984,5799998.84,5899998.819999999,5849998.83,0
1984,5899998.819999999,5999998.8,5949998.81,0
1984,5999998.8,6099998.779999999,6049998.789999999,4
1984,6099998.779999999,6199998.76,6149998.77,0
1984,6199998.76,6299998.739999999,6249998.75,1
1984,6299998.739999999,6399998.72,6349998.7299999995,0
1984,6399998.72,6499998.7,6449998.71,0
1984,6499998.7,6599998.68,6549998.6899999995,1
1984,6599998.68,6699998.66,6649998.67,0
1984,6699998.66,6799998.64,6749998.65,0
1984,6799998.64,6899998.62,6849998.63,0
1984,6899998.62,6999998.6,6949998.609999999,0
1984,6999998.6,7099998.58,7049998.59,3
1984,7099998.58,7199998.56,7149998.57,0
1984,7199998.56,7299998.54,7249998.55,1
1984,7299998.54,7399998.52,7349998.529999999,0
1984,7399998.52,7499998.5,7449998.51,0
1984,7499998.5,7599998.4799999995,7549998.49,0
1984,7599998.4799999995,7699998.46,7649998.47,1
1984,7699998.46,7799998.4399999995,7749998.449999999,0
1984,7799998.4399999995,7899998.42,7849998.43,0
1984,7899998.42,7999998.399999999,7949998.41,0
1984,7999998.399999999,8099998.38,8049998.39,2
1984,8099998.38,8199998.359999999,8149998.369999999,1
1984,8199998.359999999,8299998.34,8249998.35,0
1984,8299998.34,8399998.32,8349998.33,0
1984,8399998.32,8499998.299999999,8449998.309999999,0
1984,8499998.299999999,8599998.28,8549998.29,1
1984,8599998.28,8699998.26,8649998.27,0
1984,8699998.26,8799998.24,8749998.25,0
1984,8799998.24,8899998.219999999,8849998.23,0
1984,8899998.219999999,8999998.2,8949998.209999999,0
1984,8999998.2,9099998.18,9049998.19,0
1984,9099998.18,9199998.16,9149998.17,0
1984,9199998.16,9299998.139999999,9249998.149999999,0
1984,9299998.139999999,9399998.12,9349998.129999999,0
1984,9399998.12,9499998.1,9449998.11,0
1984,9499998.1,9599998.08,9549998.09,0
1984,9599998.08,9699998.06,9649998.07,0
1984,9699998.06,9799998.04,9749998.05,1
1984,9799998.04,9899998.02,9849998.03,0
1984,9899998.02,9999998.0,9949998.01,2
1985,4.0,750003.96,375003.98,437280
1985,750003.96,1500003.92,1125003.94,45934
1985,1500003.92,2250003.88,1875003.9,14909
1985,2250003.88,3000003.84,2625003.86,6819
1985,3000003.84,3750003.8,3375003.82,3593
1985,3750003.8,4500003.76,4125003.78,1899
1985,4500003.76,5250003.72,4875003.74,1231
1985,5250003.72,6000003.68,5625003.699999999,653
1985,6000003.68,6750003.64,6375003.66,459
1985,6750003.64,7500003.6,7125003.619999999,336
1985,7500003.6,8250003.56,7875003.58,209
1985,8250003.56,9000003.52,8625003.54,163
1985,9000003.52,9750003.48,9375003.5,80
1985,9750003.48,10500003.44,10125003.46,131
1985,10500003.44,11250003.399999999,10875003.419999998,46
1985,11250003.399999999,12000003.36,11625003.379999999,64
1985,12000003.36,12750003.32,12375003.34,52
1985,12750003.32,13500003.28,13125003.3,31
1985,13500003.28,14250003.239999998,13875003.259999998,48
1985,14250003.239999998,15000003.2,14625003.219999999,27
1985,15000003.2,15750003.16,15375003.18,19
1985,15750003.16,16500003.12,16125003.14,21
1985,16500003.12,17250003.08,16875003.099999998,9
1985,17250003.08,18000003.04,17625003.06,14
1985,18000003.04,18750003.0,18375003.02,9
1985,18750003.0,19500002.96,19125002.98,10
1985,19500002.96,20250002.919999998,19875002.939999998,4
1985,20250002.919999998,21000002.88,20625002.9,4
1985,21000002.88,21750002.84,21375002.86,2
1985,21750002.84,22500002.799999997,22125002.82,18
1985,22500002.799999997,23250002.759999998,22875002.779999997,5
1985,23250002.759999998,24000002.72,23625002.74,4
1985,24000002.72,24750002.68,24375002.7,0
1985,24750002.68,25500002.64,25125002.66,14
1985,25500002.64,26250002.599999998,25875002.619999997,6
1985,26250002.599999998,27000002.56,26625002.58,0
1985,27000002.56,27750002.52,27375002.54,4
1985,27750002.52,28500002.479999997,28125002.5,0
1985,28500002.479999997,29250002.439999998,28875002.459999997,3
1985,29250002.439999998,30000002.4,29625002.419999998,4
1985,30000002.4,30750002.36,30375002.38,1
1985,30750002.36,31500002.32,31125002.34,0
1985,31500002.32,32250002.279999997,31875002.299999997,6
1985,32250002.279999997,33000002.24,32625002.259999998,4
1985,33000002.24,33750002.199999996,33375002.22,0
1985,33750002.199999996,34500002.16,34125002.17999999,0
1985,34500002.16,35250002.12,34875002.14,1
1985,35250002.12,36000002.08,35625002.099999994,0
1985,36000002.08,36750002.04,36375002.06,0
1985,36750002.04,37500002.0,37125002.019999996,2
1985,37500002.0,38250001.96,37875001.980000004,3
1985,38250001.96,39000001.92,38625001.94,0
1985,39000001.92,39750001.879999995,39375001.9,0
1985,39750001.879999995,40500001.839999996,40125001.86,2
1985,40500001.839999996,41250001.8,40875001.81999999,0
1985,41250001.8,42000001.76,41625001.78,0
1985,42000001.76,42750001.72,42375001.739999995,0
1985,42750001.72,43500001.68,43125001.7,1
1985,43500001.68,44250001.64,43875001.66,0
1985,44250001.64,45000001.599999994,44625001.62,0
1985,45000001.599999994,45750001.559999995,45375001.58,0
1985,45750001.559999995,46500001.519999996,46125001.53999999,0
1985,46500001.519999996,47250001.48,46875001.5,0
1985,47250001.48,48000001.44,47625001.45999999,0
1985,48000001.44,48750001.4,48375001.42,0
1985,48750001.4,49500001.36,49125001.379999995,0
1985,49500001.36,50250001.32,49875001.34,0
1985,50250001.32,51000001.28,50625001.3,0
1985,51000001.28,51750001.239999995,51375001.26,0
1985,51750001.239999995,52500001.199999996,52125001.22,0
1985,52500001.199999996,53250001.16,52875001.17999999,0
1985,53250001.16,54000001.12,53625001.14,2
1985,54000001.12,54750001.08,54375001.099999994,0
1985,54750001.08,55500001.04,55125001.06,0
1985,55500001.04,56250001.0,55875001.019999996,0
1985,56250001.0,57000000.95999999,56625000.98,0
1985,57000000.95999999,57750000.919999994,57375000.94,0
1985,57750000.919999994,58500000.879999995,58125000.89999999,0
1985,58500000.879999995,59250000.839999996,58875000.86,0
1985,59250000.839999996,60000000.8,59625000.81999999,0
1985,60000000.8,60750000.76,60375000.78,0
1985,60750000.76,61500000.72,61125000.739999995,0
1985,61500000.72,62250000.68,61875000.7,0
1985,62250000.68,63000000.64,62625000.66,0
1985,63000000.64,63750000.599999994,63375000.62,0
1985,63750000.599999994,64500000.559999995,64125000.58,0
1985,64500000.559999995,65250000.519999996,64875000.53999999,0
1985,65250000.519999996,66000000.48,65625000.5,0
1985,66000000.48,66750000.44,66375000.45999999,0
1985,66750000.44,67500000.39999999,67125000.41999999,0
1985,67500000.39999999,68250000.36,67875000.38,0
1985,68250000.36,69000000.32,68625000.34,0
1985,69000000.32,69750000.28,69375000.3,0
1985,69750000.28,70500000.24,70125000.25999999,0
1985,70500000.24,71250000.2,70875000.22,0
1985,71250000.2,72000000.16,71625000.18,0
1985,72000000.16,72750000.11999999,72375000.13999999,0
1985,72750000.11999999,73500000.08,73125000.1,0
1985,73500000.08,74250000.03999999,73875000.06,0
1985,74250000.03999999,75000000.0,74625000.02,1
1986,0.16666666666666666,3346.8316666666665,1673.4991666666665,260989
1986,3346.8316666666665,6693.496666666667,5020.1641666666665,15682
1986,6693.496666666667,10040.161666666665,8366.829166666666,4430
1986,10040.161666666665,13386.826666666666,11713.494166666665,1410
1986,13386.826666666666,16733.49166666667,15060.159166666668,659
1986,16733.49166666667,20080.156666666666,18406.824166666665,382
1986,20080.156666666666,23426.821666666667,21753.489166666666,113
1986,23426.821666666667,26773.486666666668,25100.154166666667,151
1986,26773.486666666668,30120.15166666667,28446.819166666668,93
1986,30120.15166666667,33466.816666666666,31793.48416666667,45
1986,33466.816666666666,36813.48166666667,35140.14916666667,27
1986,36813.48166666667,40160.14666666666,38486.81416666666,41
1986,40160.14666666666,43506.81166666666,41833.47916666666,11
1986,43506.81166666666,46853.47666666666,45180.144166666665,30
1986,46853.47666666666,50200.14166666666,48526.80916666666,19
1986,50200.14166666666,53546.806666666664,51873.47416666667,19
1986,53546.806666666664,56893.471666666665,55220.13916666666,2
1986,56893.471666666665,60240.136666666665,58566.80416666667,5
1986,60240.136666666665,63586.801666666666,61913.46916666666,2
1986,63586.801666666666,66933.46666666667,65260.13416666667,2
1986,66933.46666666667,70280.13166666667,68606.79916666666,5
1986,70280.13166666667,73626.79666666668,71953.46416666667,3
1986,73626.79666666668,76973.46166666667,75300.12916666668,3
1986,76973.46166666667,80320.12666666666,78646.79416666666,2
1986,80320.12666666666,83666.79166666667,81993.45916666667,0
1986,83666.79166666667,87013.45666666667,85340.12416666668,2
1986,87013.45666666667,90360.12166666667,88686.78916666667,0
1986,90360.12166666667,93706.78666666667,92033.45416666666,0
1986,93706.78666666667,97053.45166666668,95380.11916666667,0
1986,97053.45166666668,100400.11666666667,98726.78416666668,0
1986,100400.11666666667,103746.78166666668,102073.44916666667,0
1986,103746.78166666668,107093.44666666667,105420.11416666667,0
1986,107093.44666666667,110440.11166666666,108766.77916666667,2
1986,110440.11166666666,113786.77666666667,112113.44416666667,2
1986,113786.77666666667,117133.44166666667,115460.10916666666,0
1986,117133.44166666667,120480.10666666667,118806.77416666667,0
1986,120480.10666666667,123826.77166666667,122153.43916666668,0
1986,123826.77166666667,127173.43666666668,125500.10416666667,0
1986,127173.43666666668,130520.10166666667,128846.76916666667,0
1986,130520.10166666667,133866.76666666666,132193.43416666667,0
1986,133866.76666666666,137213.43166666664,135540.09916666665,0
1986,137213.43166666664,140560.09666666665,138886.76416666666,0
1986,140560.09666666665,143906.76166666666,142233.42916666664,0
1986,143906.76166666666,147253.42666666667,145580.09416666668,0
1986,147253.42666666667,150600.09166666665,148926.75916666666,0
1986,150600.09166666665,153946.75666666665,152273.42416666663,0
1986,153946.75666666665,157293.42166666666,155620.08916666667,3
1986,157293.42166666666,160640.08666666664,158966.75416666665,0
1986,160640.08666666664,163986.75166666665,162313.41916666663,0
1986,163986.75166666665,167333.41666666666,165660.08416666667,0
1986,167333.41666666666,170680.08166666667,169006.74916666665,0
1986,170680.08166666667,174026.74666666664,172353.41416666665,0
1986,174026.74666666664,177373.41166666665,175700.07916666666,0
1986,177373.41166666665,180720.07666666666,179046.74416666664,0
1986,180720.07666666666,184066.74166666667,182393.40916666668,0
1986,184066.74166666667,187413.40666666665,185740.07416666666,0
1986,187413.40666666665,190760.07166666666,189086.73916666664,0
1986,190760.07166666666,194106.73666666666,192433.40416666667,0
1986,194106.73666666666,197453.40166666664,195780.06916666665,0
1986,197453.40166666664,200800.06666666665,199126.73416666663,0
1986,200800.06666666665,204146.73166666666,202473.39916666667,0
1986,204146.73166666666,207493.39666666667,205820.06416666665,0
1986,207493.39666666667,210840.06166666665,209166.72916666666,0
1986,210840.06166666665,214186.72666666665,212513.39416666667,0
1986,214186.72666666665,217533.39166666666,215860.05916666664,2
1986,217533.39166666666,220880.05666666664,219206.72416666665,3
1986,220880.05666666664,224226.72166666665,222553.38916666666,0
1986,224226.72166666665,227573.38666666666,225900.05416666664,0
1986,227573.38666666666,230920.05166666667,229246.71916666668,0
1986,230920.05166666667,234266.71666666665,232593.38416666666,0
1986,234266.71666666665,237613.38166666665,235940.04916666663,0
1986,237613.38166666665,240960.04666666666,239286.71416666667,0
1986,240960.04666666666,244306.71166666664,242633.37916666665,0
1986,244306.71166666664,247653.37666666665,245980.04416666663,0
1986,247653.37666666665,251000.04166666666,249326.70916666667,0
1986,251000.04166666666,254346.70666666667,252673.37416666665,0
1986,254346.70666666667,257693.37166666664,256020.03916666665,0
1986,257693.37166666664,261040.03666666665,259366.70416666666,0
1986,261040.03666666665,264386.70166666666,262713.36916666664,0
1986,264386.70166666666,267733.3666666667,266060.0341666667,0
1986,267733.3666666667,271080.0316666667,269406.6991666667,0
1986,271080.0316666667,274426.69666666666,272753.36416666664,0
1986,274426.69666666666,277773.3616666667,276100.0291666667,0
1986,277773.3616666667,281120.0266666667,279446.6941666667,0
1986,281120.0266666667,284466.6916666667,282793.3591666667,0
1986,284466.6916666667,287813.3566666667,286140.02416666667,0
1986,287813.3566666667,291160.02166666667,289486.6891666667,0
1986,291160.02166666667,294506.6866666667,292833.3541666667,0
1986,294506.6866666667,297853.3516666667,296180.01916666667,0
1986,297853.3516666667,301200.01666666666,299526.6841666667,0
1986,301200.01666666666,304546.6816666667,302873.3491666667,0
1986,304546.6816666667,307893.3466666667,306220.01416666666,0
1986,307893.3466666667,311240.01166666666,309566.6791666667,0
1986,311240.01166666666,314586.6766666667,312913.3441666667,0
1986,314586.6766666667,317933.3416666667,316260.00916666666,0
1986,317933.3416666667,321280.00666666665,319606.6741666667,0
1986,321280.00666666665,324626.6716666667,322953.3391666667,0
1986,324626.6716666667,327973.33666666667,326300.00416666665,0
1986,327973.33666666667,331320.0016666667,329646.6691666667,0
1986,331320.0016666667,334666.6666666667,332993.3341666667,3
1987,3.0,5002.97,2502.985,234959
1987,5002.97,10002.94,7502.955,33473
1987,10002.94,15002.91,12502.925,10895
1987,15002.91,20002.88,17502.895,5212
1987,20002.88,25002.850000000002,22502.865,2801
1987,25002.850000000002,30002.82,27502.835,1616
1987,30002.82,35002.79,32502.805,1051
1987,35002.79,40002.76,37502.775,731
1987,40002.76,45002.73,42502.745,472
1987,45002.73,50002.700000000004,47502.715000000004,351
1987,50002.700000000004,55002.670000000006,52502.685000000005,185
1987,55002.670000000006,60002.64,57502.655,160
1987,60002.64,65002.61,62502.625,119
1987,65002.61,70002.58,67502.595,102
1987,70002.58,75002.55,72502.565,68
1987,75002.55,80002.52,77502.535,55
1987,80002.52,85002.49,82502.505,43
1987,85002.49,90002.46,87502.475,45
1987,90002.46,95002.43000000001,92502.445,22
1987,95002.43000000001,100002.40000000001,97502.41500000001,33
1987,100002.40000000001,105002.37000000001,102502.38500000001,28
1987,105002.37000000001,110002.34000000001,107502.35500000001,26
1987,110002.34000000001,115002.31000000001,112502.32500000001,16
1987,115002.31000000001,120002.28,117502.29500000001,14
1987,120002.28,125002.25,122502.265,21
1987,125002.25,130002.22,127502.235,14
1987,130002.22,135002.19,132502.20500000002,0
1987,135002.19,140002.16,137502.175,14
1987,140002.16,145002.13,142502.14500000002,9
1987,145002.13,150002.1,147502.115,9
1987,150002.1,155002.07,152502.08500000002,14
1987,155002.07,160002.04,157502.055,10
1987,160002.04,165002.01,162502.02500000002,0
1987,165002.01,170001.98,167501.995,3
1987,170001.98,175001.95,172501.96500000003,1
1987,175001.95,180001.92,177501.935,10
1987,180001.92,185001.89,182501.90500000003,3
1987,185001.89,190001.86000000002,187501.875,1
1987,190001.86000000002,195001.83000000002,192501.84500000003,0
1987,195001.83000000002,200001.80000000002,197501.815,7
1987,200001.80000000002,205001.77000000002,202501.78500000003,7
1987,205001.77000000002,210001.74000000002,207501.755,3
1987,210001.74000000002,215001.71000000002,212501.72500000003,0
1987,215001.71000000002,220001.68000000002,217501.695,0
1987,220001.68000000002,225001.65000000002,222501.66500000004,0
1987,225001.65000000002,230001.62000000002,227501.635,0
1987,230001.62000000002,235001.59000000003,232501.60500000004,0
1987,235001.59000000003,240001.56,237501.575,1
1987,240001.56,245001.53,242501.54499999998,0
1987,245001.53,250001.5,247501.515,1
1987,250001.5,255001.47,252501.485,0
1987,255001.47,260001.44,257501.45500000002,0
1987,260001.44,265001.41000000003,262501.42500000005,0
1987,265001.41000000003,270001.38,267501.395,1
1987,270001.38,275001.35000000003,272501.365,0
1987,275001.35000000003,280001.32,277501.335,0
1987,280001.32,285001.29000000004,282501.30500000005,0
1987,285001.29000000004,290001.26,287501.275,0
1987,290001.26,295001.23000000004,292501.245,0
1987,295001.23000000004,300001.2,297501.215,0
1987,300001.2,305001.17000000004,302501.18500000006,0
1987,305001.17000000004,310001.14,307501.155,0
1987,310001.14,315001.11000000004,312501.125,0
1987,315001.11000000004,320001.08,317501.09500000003,0
1987,320001.08,325001.05,322501.065,0
1987,325001.05,330001.02,327501.03500000003,0
1987,330001.02,335000.99,332501.005,0
1987,335000.99,340000.96,337500.975,0
1987,340000.96,345000.93,342500.945,0
1987,345000.93,350000.9,347500.91500000004,0
1987,350000.9,355000.87,352500.885,0
1987,355000.87,360000.84,357500.855,0
1987,360000.84,365000.81,362500.825,0
1987,365000.81,370000.78,367500.79500000004,1
1987,370000.78,375000.75,372500.765,0
1987,375000.75,380000.72000000003,377500.735,0
1987,380000.72000000003,385000.69,382500.705,0
1987,385000.69,390000.66000000003,387500.67500000005,0
1987,390000.66000000003,395000.63,392500.645,0
1987,395000.63,400000.60000000003,397500.615,0
1987,400000.60000000003,405000.57,402500.585,3
1987,405000.57,410000.54000000004,407500.55500000005,0
1987,410000.54000000004,415000.51,412500.525,0
1987,415000.51,420000.48000000004,417500.495,3
1987,420000.48000000004,425000.45,422500.465,0
1987,425000.45,430000.42000000004,427500.43500000006,0
1987,430000.42000000004,435000.39,432500.405,0
1987,435000.39,440000.36000000004,437500.375,0
1987,440000.36000000004,445000.33,442500.34500000003,0
1987,445000.33,450000.30000000005,447500.31500000006,0
1987,450000.30000000005,455000.27,452500.28500000003,0
1987,455000.27,460000.24000000005,457500.255,0
1987,460000.24000000005,465000.21,462500.22500000003,0
1987,465000.21,470000.18000000005,467500.19500000007,0
1987,470000.18000000005,475000.15,472500.16500000004,0
1987,475000.15,480000.12,477500.135,0
1987,480000.12,485000.09,482500.105,0
1987,485000.09,490000.06,487500.075,0
1987,490000.06,495000.03,492500.04500000004,0
1987,495000.03,500000.0,497500.015,2
1988,2.5,45002.475,22502.4875,244492
1988,45002.475,90002.45,67502.4625,25975
1988,90002.45,135002.425,112502.4375,8686
1988,135002.425,180002.4,157502.41249999998,4122
1988,180002.4,225002.375,202502.3875,2295
1988,225002.375,270002.35,247502.3625,1293
1988,270002.35,315002.325,292502.3375,883
1988,315002.325,360002.3,337502.3125,484
1988,360002.3,405002.27499999997,382502.2875,347
1988,405002.27499999997,450002.25,427502.26249999995,248
1988,450002.25,495002.225,472502.2375,117
1988,495002.225,540002.2,517502.21249999997,131
1988,540002.2,585002.1749999999,562502.1875,115
1988,585002.1749999999,630002.15,607502.1625,59
1988,630002.15,675002.125,652502.1375,67
1988,675002.125,720002.1,697502.1125,55
1988,720002.1,765002.075,742502.0874999999,36
1988,765002.075,810002.0499999999,787502.0625,29
1988,810002.0499999999,855002.025,832502.0375,34
1988,855002.025,900002.0,877502.0125,15
1988,900002.0,945001.975,922501.9875,24
1988,945001.975,990001.95,967501.9624999999,7
1988,990001.95,1035001.9249999999,1012501.9375,22
1988,1035001.9249999999,1080001.9,1057501.9124999999,5
1988,1080001.9,1125001.875,1102501.8875,14
1988,1125001.875,1170001.8499999999,1147501.8624999998,9
1988,1170001.8499999999,1215001.825,1192501.8375,3
1988,1215001.825,1260001.8,1237501.8125,8
1988,1260001.8,1305001.775,1282501.7875,7
1988,1305001.775,1350001.75,1327501.7625,2
1988,1350001.75,1395001.7249999999,1372501.7374999998,1
1988,1395001.7249999999,1440001.7,1417501.7125,0
1988,1440001.7,1485001.675,1462501.6875,0
1988,1485001.675,1530001.65,1507501.6625,5
1988,1530001.65,1575001.625,1552501.6375,4
1988,1575001.625,1620001.5999999999,1597501.6124999998,2
1988,1620001.5999999999,1665001.575,1642501.5875,5
1988,1665001.575,1710001.55,1687501.5625,6
1988,1710001.55,1755001.525,1732501.5375,0
1988,1755001.525,1800001.5,1777501.5125,3
1988,1800001.5,1845001.4749999999,1822501.4874999998,2
1988,1845001.4749999999,1890001.45,1867501.4625,4
1988,1890001.45,1935001.425,1912501.4375,0
1988,1935001.425,1980001.4,1957501.4125,2
1988,1980001.4,2025001.375,2002501.3875,3
1988,2025001.375,2070001.3499999999,2047501.3624999998,2
1988,2070001.3499999999,2115001.3249999997,2092501.3375,0
1988,2115001.3249999997,2160001.3,2137501.3125,0
1988,2160001.3,2205001.275,2182501.2874999996,0
1988,2205001.275,2250001.25,2227501.2625,0
1988,2250001.25,2295001.225,2272501.2375,0
1988,2295001.225,2340001.1999999997,2317501.2125,0
1988,2340001.1999999997,2385001.175,2362501.1875,0
1988,2385001.175,2430001.15,2407501.1624999996,0
1988,2430001.15,2475001.125,2452501.1375,1
1988,2475001.125,2520001.1,2497501.1125,4
1988,2520001.1,2565001.0749999997,2542501.0875,0
1988,2565001.0749999997,2610001.05,2587501.0625,0
1988,2610001.05,2655001.025,2632501.0374999996,0
1988,2655001.025,2700001.0,2677501.0125,0
1988,2700001.0,2745000.975,2722500.9875,0
1988,2745000.975,2790000.9499999997,2767500.9625,0
1988,2790000.9499999997,2835000.925,2812500.9375,0
1988,2835000.925,2880000.9,2857500.9124999996,0
1988,2880000.9,2925000.875,2902500.8875,0
1988,2925000.875,2970000.85,2947500.8625,0
1988,2970000.85,3015000.8249999997,2992500.8375,2
1988,3015000.8249999997,3060000.8,3037500.8125,0
1988,3060000.8,3105000.775,3082500.7874999996,0
1988,3105000.775,3150000.75,3127500.7625,0
1988,3150000.75,3195000.725,3172500.7375,0
1988,3195000.725,3240000.6999999997,3217500.7125,0
1988,3240000.6999999997,3285000.675,3262500.6875,0
1988,3285000.675,3330000.65,3307500.6624999996,0
1988,3330000.65,3375000.625,3352500.6375,0
1988,3375000.625,3420000.6,3397500.6125,0
1988,3420000.6,3465000.5749999997,3442500.5875,0
1988,3465000.5749999997,3510000.55,3487500.5625,0
1988,3510000.55,3555000.525,3532500.5374999996,0
1988,3555000.525,3600000.5,3577500.5125,0
1988,3600000.5,3645000.475,3622500.4875,0
1988,3645000.475,3690000.4499999997,3667500.4625,0
1988,3690000.4499999997,3735000.425,3712500.4375,0
1988,3735000.425,3780000.4,3757500.4124999996,0
1988,3780000.4,3825000.375,3802500.3875,0
1988,3825000.375,3870000.35,3847500.3625,0
1988,3870000.35,3915000.3249999997,3892500.3375,0
1988,3915000.3249999997,3960000.3,3937500.3125,0
1988,3960000.3,4005000.275,3982500.2874999996,0
1988,4005000.275,4050000.25,4027500.2625,0
1988,4050000.25,4095000.225,4072500.2375,0
1988,4095000.225,4140000.1999999997,4117500.2125,0
1988,4140000.1999999997,4185000.175,4162500.1875,0
1988,4185000.175,4230000.149999999,4207500.1625,0
1988,4230000.149999999,4275000.125,4252500.137499999,0
1988,4275000.125,4320000.1,4297500.1125,0
1988,4320000.1,4365000.075,4342500.0875,0
1988,4365000.075,4410000.05,4387500.0625,0
1988,4410000.05,4455000.024999999,4432500.0375,0
1988,4455000.024999999,4500000.0,4477500.012499999,3
1989,0.0,6250.02,3125.01,101765
1989,6250.02,12500.04,9375.03,6829
1989,12500.04,18750.06,15625.050000000001,2346
1989,18750.06,25000.08,21875.07,933
1989,25000.08,31250.100000000002,28125.090000000004,725
1989,31250.100000000002,37500.12,34375.11,195
1989,37500.12,43750.14,40625.130000000005,210
1989,43750.14,50000.16,46875.15,54
1989,50000.16,56250.18000000001,53125.170000000006,172
1989,56250.18000000001,62500.200000000004,59375.19,74
1989,62500.200000000004,68750.22,65625.21,39
1989,68750.22,75000.24,71875.23000000001,22
1989,75000.24,81250.26000000001,78125.25,52
1989,81250.26000000001,87500.28,84375.27,6
1989,87500.28,93750.3,90625.29000000001,15
1989,93750.3,100000.32,96875.31,8
1989,100000.32,106250.34000000001,103125.33000000002,35
1989,106250.34000000001,112500.36000000002,109375.35,3
1989,112500.36000000002,118750.38,115625.37000000001,3
1989,118750.38,125000.40000000001,121875.39000000001,7
1989,125000.40000000001,131250.42,128125.41,10
1989,131250.42,137500.44,134375.43,1
1989,137500.44,143750.46000000002,140625.45,4
1989,143750.46000000002,150000.48,146875.47000000003,1
1989,150000.48,156250.5,153125.49,17
1989,156250.5,162500.52000000002,159375.51,2
1989,162500.52000000002,168750.54,165625.53000000003,3
1989,168750.54,175000.56,171875.55,1
1989,175000.56,181250.58000000002,178125.57,4
1989,181250.58000000002,187500.6,184375.59000000003,0
1989,187500.6,193750.62000000002,190625.61000000002,1
1989,193750.62000000002,200000.64,196875.63,1
1989,200000.64,206250.66,203125.65000000002,10
1989,206250.66,212500.68000000002,209375.67,0
1989,212500.68000000002,218750.7,215625.69,0
1989,218750.7,225000.72000000003,221875.71000000002,1
1989,225000.72000000003,231250.74000000002,228125.73000000004,0
1989,231250.74000000002,237500.76,234375.75,0
1989,237500.76,243750.78000000003,240625.77000000002,0
1989,243750.78000000003,250000.80000000002,246875.79000000004,0
1989,250000.80000000002,256250.82,253125.81,5
1989,256250.82,262500.84,259375.83000000002,0
1989,262500.84,268750.86000000004,265625.85000000003,1
1989,268750.86000000004,275000.88,271875.87,0
1989,275000.88,281250.9,278125.89,0
1989,281250.9,287500.92000000004,284375.91000000003,0
1989,287500.92000000004,293750.94,290625.93000000005,0
1989,293750.94,300000.96,296875.95,0
1989,300000.96,306250.98000000004,303125.97000000003,4
1989,306250.98000000004,312501.0,309375.99,0
1989,312501.0,318751.02,315626.01,0
1989,318751.02,325001.04000000004,321876.03,0
1989,325001.04000000004,331251.06,328126.05000000005,0
1989,331251.06,337501.08,334376.07,2
1989,337501.08,343751.10000000003,340626.09,0
1989,343751.10000000003,350001.12,346876.11,0
1989,350001.12,356251.14,353126.13,2
1989,356251.14,362501.16000000003,359376.15,0
1989,362501.16000000003,368751.18000000005,365626.17000000004,0
1989,368751.18000000005,375001.2,371876.19000000006,0
1989,375001.2,381251.22000000003,378126.21,0
1989,381251.22000000003,387501.24000000005,384376.23000000004,0
1989,387501.24000000005,393751.26,390626.25,0
1989,393751.26,400001.28,396876.27,0
1989,400001.28,406251.30000000005,403126.29000000004,0
1989,406251.30000000005,412501.32,409376.31000000006,0
1989,412501.32,418751.34,415626.33,0
1989,418751.34,425001.36000000004,421876.35000000003,0
1989,425001.36000000004,431251.38,428126.37,0
1989,431251.38,437501.4,434376.39,0
1989,437501.4,443751.42000000004,440626.41000000003,0
1989,443751.42000000004,450001.44000000006,446876.43000000005,0
1989,450001.44000000006,456251.46,453126.45000000007,0
1989,456251.46,462501.48000000004,459376.47000000003,0
1989,462501.48000000004,468751.50000000006,465626.49000000005,0
1989,468751.50000000006,475001.52,471876.51,0
1989,475001.52,481251.54000000004,478126.53,0
1989,481251.54000000004,487501.56000000006,484376.55000000005,0
1989,487501.56000000006,493751.58,490626.57000000007,0
1989,493751.58,500001.60000000003,496876.59,0
1989,500001.60000000003,506251.62000000005,503126.61000000004,3
1989,506251.62000000005,512501.64,509376.63,0
1989,512501.64,518751.66000000003,515626.65,0
1989,518751.66000000003,525001.68,521876.67000000004,0
1989,525001.68,531251.7000000001,528126.6900000001,0
1989,531251.7000000001,537501.7200000001,534376.7100000001,0
1989,537501.7200000001,543751.74,540626.73,0
1989,543751.74,550001.76,546876.75,0
1989,550001.76,556251.78,553126.77,0
1989,556251.78,562501.8,559376.79,0
1989,562501.8,568751.8200000001,565626.81,0
1989,568751.8200000001,575001.8400000001,571876.8300000001,0
1989,575001.8400000001,581251.86,578126.8500000001,0
1989,581251.86,587501.88,584376.87,0
1989,587501.88,593751.9,590626.89,0
1989,593751.9,600001.92,596876.91,0
1989,600001.92,606251.9400000001,603126.93,1
1989,606251.9400000001,612501.9600000001,609376.9500000001,0
1989,612501.9600000001,618751.9800000001,615626.9700000001,0
1989,618751.9800000001,625002.0,621876.99,1
1990,0.0,250000.04,125000.02,108044
1990,250000.04,500000.08,375000.06,4895
1990,500000.08,750000.12,625000.1,1535
1990,750000.12,1000000.16,875000.14,511
1990,1000000.16,1250000.2,1125000.18,350
1990,1250000.2,1500000.24,1375000.22,117
1990,1500000.24,1750000.28,1625000.26,130
1990,1750000.28,2000000.32,1875000.3,38
1990,2000000.32,2250000.36,2125000.34,56
1990,2250000.36,2500000.4,2375000.38,12
1990,2500000.4,2750000.44,2625000.42,26
1990,2750000.44,3000000.48,2875000.46,7
1990,3000000.48,3250000.52,3125000.5,16
1990,3250000.52,3500000.56,3375000.54,3
1990,3500000.56,3750000.6,3625000.58,4
1990,3750000.6,4000000.64,3875000.62,2
1990,4000000.64,4250000.68,4125000.66,8
1990,4250000.68,4500000.72,4375000.699999999,2
1990,4500000.72,4750000.76,4625000.74,3
1990,4750000.76,5000000.8,4875000.779999999,1
1990,5000000.8,5250000.84,5125000.82,10
1990,5250000.84,5500000.88,5375000.859999999,0
1990,5500000.88,5750000.92,5625000.9,0
1990,5750000.92,6000000.96,5875000.9399999995,0
1990,6000000.96,6250001.0,6125000.98,4
1990,6250001.0,6500001.04,6375001.02,1
1990,6500001.04,6750001.08,6625001.0600000005,0
1990,6750001.08,7000001.12,6875001.1,0
1990,7000001.12,7250001.16,7125001.140000001,0
1990,7250001.16,7500001.2,7375001.18,0
1990,7500001.2,7750001.24,7625001.220000001,2
1990,7750001.24,8000001.28,7875001.26,0
1990,8000001.28,8250001.32,8125001.300000001,1
1990,8250001.32,8500001.36,8375001.34,0
1990,8500001.36,8750001.4,8625001.379999999,0
1990,8750001.4,9000001.44,8875001.42,0
1990,9000001.44,9250001.48,9125001.46,0
1990,9250001.48,9500001.52,9375001.5,0
1990,9500001.52,9750001.56,9625001.54,0
1990,9750001.56,10000001.6,9875001.58,0
1990,10000001.6,10250001.64,10125001.620000001,3
1990,10250001.64,10500001.68,10375001.66,0
1990,10500001.68,10750001.72,10625001.7,2
1990,10750001.72,11000001.76,10875001.74,0
1990,11000001.76,11250001.8,11125001.780000001,0
1990,11250001.8,11500001.84,11375001.82,0
1990,11500001.84,11750001.88,11625001.86,0
1990,11750001.88,12000001.92,11875001.9,0
1990,12000001.92,12250001.96,12125001.940000001,0
1990,12250001.96,12500002.0,12375001.98,0
1990,12500002.0,12750002.040000001,12625002.02,0
1990,12750002.040000001,13000002.08,12875002.06,0
1990,13000002.08,13250002.120000001,13125002.100000001,0
1990,13250002.120000001,13500002.16,13375002.14,0
1990,13500002.16,13750002.200000001,13625002.18,0
1990,13750002.200000001,14000002.24,13875002.22,0
1990,14000002.24,14250002.280000001,14125002.260000002,0
1990,14250002.280000001,14500002.32,14375002.3,0
1990,14500002.32,14750002.360000001,14625002.34,0
1990,14750002.360000001,15000002.4,14875002.38,0
1990,15000002.4,15250002.440000001,15125002.420000002,1
1990,15250002.440000001,15500002.48,15375002.46,0
1990,15500002.48,15750002.520000001,15625002.5,0
1990,15750002.520000001,16000002.56,15875002.540000001,0
1990,16000002.56,16250002.6,16125002.58,0
1990,16250002.6,16500002.64,16375002.620000001,0
1990,16500002.64,16750002.68,16625002.66,0
1990,16750002.68,17000002.72,16875002.7,0
1990,17000002.72,17250002.76,17125002.740000002,0
1990,17250002.76,17500002.8,17375002.78,0
1990,17500002.8,17750002.84,17625002.82,0
1990,17750002.84,18000002.88,17875002.86,0
1990,18000002.88,18250002.92,18125002.9,0
1990,18250002.92,18500002.96,18375002.94,0
1990,18500002.96,18750003.0,18625002.98,0
1990,18750003.0,19000003.04,18875003.02,0
1990,19000003.04,19250003.080000002,19125003.060000002,0
1990,19250003.080000002,19500003.12,19375003.1,0
1990,19500003.12,19750003.16,19625003.14,0
1990,19750003.16,20000003.2,19875003.18,0
1990,20000003.2,20250003.240000002,20125003.22,0
1990,20250003.240000002,20500003.28,20375003.26,0
1990,20500003.28,20750003.32,20625003.3,0
1990,20750003.32,21000003.36,20875003.34,0
1990,21000003.36,21250003.400000002,21125003.380000003,0
1990,21250003.400000002,21500003.44,21375003.42,0
1990,21500003.44,21750003.48,21625003.46,0
1990,21750003.48,22000003.52,21875003.5,0
1990,22000003.52,22250003.560000002,22125003.54,0
1990,22250003.560000002,22500003.6,22375003.580000002,0
1990,22500003.6,22750003.64,22625003.62,0
1990,22750003.64,23000003.68,22875003.66,0
1990,23000003.68,23250003.720000003,23125003.700000003,0
1990,23250003.720000003,23500003.76,23375003.740000002,0
1990,23500003.76,23750003.8,23625003.78,0
1990,23750003.8,24000003.84,23875003.82,0
1990,24000003.84,24250003.88,24125003.86,0
1990,24250003.88,24500003.92,24375003.9,0
1990,24500003.92,24750003.96,24625003.94,0
1990,24750003.96,25000004.0,24875003.98,1
1992,0.0,1255000.0,627500.0,65171
1992,1255000.0,2510000.0,1882500.0,7090
1992,2510000.0,3765000.0,3137500.0,2073
1992,3765000.0,5020000.0,4392500.0,918
1992,5020000.0,6275000.0,5647500.0,457
1992,6275000.0,7530000.0,6902500.0,250
1992,7530000.0,8785000.0,8157500.0,129
1992,8785000.0,10040000.0,9412500.0,103
1992,10040000.0,11295000.0,10667500.0,58
1992,11295000.0,12550000.0,11922500.0,47
1992,12550000.0,13805000.0,13177500.0,25
1992,13805000.0,15060000.0,14432500.0,29
1992,15060000.0,16315000.0,15687500.0,13
1992,16315000.0,17570000.0,16942500.0,13
1992,17570000.0,18825000.0,18197500.0,7
1992,18825000.0,20080000.0,19452500.0,10
1992,20080000.0,21335000.0,20707500.0,8
1992,21335000.0,22590000.0,21962500.0,3
1992,22590000.0,23845000.0,23217500.0,5
1992,23845000.0,25100000.0,24472500.0,2
1992,25100000.0,26355000.0,25727500.0,3
1992,26355000.0,27610000.0,26982500.0,4
1992,27610000.0,28865000.0,28237500.0,0
1992,28865000.0,30120000.0,29492500.0,3
1992,30120000.0,31375000.0,30747500.0,3
1992,31375000.0,32630000.0,32002500.0,1
1992,32630000.0,33885000.0,33257500.0,0
1992,33885000.0,35140000.0,34512500.0,2
1992,35140000.0,36395000.0,35767500.0,0
1992,36395000.0,37650000.0,37022500.0,0
1992,37650000.0,38905000.0,38277500.0,1
1992,38905000.0,40160000.0,39532500.0,2
1992,40160000.0,41415000.0,40787500.0,0
1992,41415000.0,42670000.0,42042500.0,1
1992,42670000.0,43925000.0,43297500.0,1
1992,43925000.0,45180000.0,44552500.0,0
1992,45180000.0,46435000.0,45807500.0,0
1992,46435000.0,47690000.0,47062500.0,0
1992,47690000.0,48945000.0,48317500.0,0
1992,48945000.0,50200000.0,49572500.0,1
1992,50200000.0,51455000.0,50827500.0,0
1992,51455000.0,52710000.0,52082500.0,0
1992,52710000.0,53965000.0,53337500.0,0
1992,53965000.0,55220000.0,54592500.0,0
1992,55220000.0,56475000.0,55847500.0,0
1992,56475000.0,57730000.0,57102500.0,1
1992,57730000.0,58985000.0,58357500.0,1
1992,58985000.0,60240000.0,59612500.0,0
1992,60240000.0,61495000.0,60867500.0,0
1992,61495000.0,62750000.0,62122500.0,0
1992,62750000.0,64005000.0,63377500.0,0
1992,64005000.0,65260000.0,64632500.0,0
1992,65260000.0,66515000.0,65887500.0,0
1992,66515000.0,67770000.0,67142500.0,0
1992,67770000.0,69025000.0,68397500.0,0
1992,69025000.0,70280000.0,69652500.0,0
1992,70280000.0,71535000.0,70907500.0,0
1992,71535000.0,72790000.0,72162500.0,0
1992,72790000.0,74045000.0,73417500.0,0
1992,74045000.0,75300000.0,74672500.0,1
1992,75300000.0,76555000.0,75927500.0,1
1992,76555000.0,77810000.0,77182500.0,0
1992,77810000.0,79065000.0,78437500.0,0
1992,79065000.0,80320000.0,79692500.0,1
1992,80320000.0,81575000.0,80947500.0,0
1992,81575000.0,82830000.0,82202500.0,0
1992,82830000.0,84085000.0,83457500.0,0
1992,84085000.0,85340000.0,84712500.0,0
1992,85340000.0,86595000.0,85967500.0,0
1992,86595000.0,87850000.0,87222500.0,0
1992,87850000.0,89105000.0,88477500.0,0
1992,89105000.0,90360000.0,89732500.0,0
1992,90360000.0,91615000.0,90987500.0,1
1992,91615000.0,92870000.0,92242500.0,0
1992,92870000.0,94125000.0,93497500.0,0
1992,94125000.0,95380000.0,94752500.0,0
1992,95380000.0,96635000.0,96007500.0,0
1992,96635000.0,97890000.0,97262500.0,0
1992,97890000.0,99145000.0,98517500.0,0
1992,99145000.0,100400000.0,99772500.0,0
1992,100400000.0,101655000.0,101027500.0,0
1992,101655000.0,102910000.0,102282500.0,0
1992,102910000.0,104165000.0,103537500.0,0
1992,104165000.0,105420000.0,104792500.0,0
1992,105420000.0,106675000.0,106047500.0,0
1992,106675000.0,107930000.0,107302500.0,0
1992,107930000.0,109185000.0,108557500.0,0
1992,109185000.0,110440000.0,109812500.0,0
1992,110440000.0,111695000.0,111067500.0,0
1992,111695000.0,112950000.0,112322500.0,0
1992,112950000.0,114205000.0,113577500.0,0
1992,114205000.0,115460000.0,114832500.0,0
1992,115460000.0,116715000.0,116087500.0,0
1992,116715000.0,117970000.0,117342500.0,0
1992,117970000.0,119225000.0,118597500.0,0
1992,119225000.0,120480000.0,119852500.0,0
1992,120480000.0,121735000.0,121107500.0,0
1992,121735000.0,122990000.0,122362500.0,0
1992,122990000.0,124245000.0,123617500.0,0
1992,124245000.0,125500000.0,124872500.0,1
1993,0.0,40175.0,20087.5,70919
1993,40175.0,80350.0,60262.5,4444
1993,80350.0,120525.0,100437.5,1261
1993,120525.0,160700.0,140612.5,516
1993,160700.0,200875.0,180787.5,293
1993,200875.0,241050.0,220962.5,134
1993,241050.0,281225.0,261137.5,81
1993,281225.0,321400.0,301312.5,62
1993,321400.0,361575.0,341487.5,30
1993,361575.0,401750.0,381662.5,24
1993,401750.0,441925.0,421837.5,11
1993,441925.0,482100.0,462012.5,9
1993,482100.0,522275.0,502187.5,13
1993,522275.0,562450.0,542362.5,5
1993,562450.0,602625.0,582537.5,6
1993,602625.0,642800.0,622712.5,8
1993,642800.0,682975.0,662887.5,4
1993,682975.0,723150.0,703062.5,0
1993,723150.0,763325.0,743237.5,5
1993,763325.0,803500.0,783412.5,2
1993,803500.0,843675.0,823587.5,2
1993,843675.0,883850.0,863762.5,2
1993,883850.0,924025.0,903937.5,1
1993,924025.0,964200.0,944112.5,1
1993,964200.0,1004375.0,984287.5,3
1993,1004375.0,1044550.0,1024462.5,0
1993,1044550.0,1084725.0,1064637.5,0
1993,1084725.0,1124900.0,1104812.5,1
1993,1124900.0,1165075.0,1144987.5,2
1993,1165075.0,1205250.0,1185162.5,0
1993,1205250.0,1245425.0,1225337.5,0
1993,1245425.0,1285600.0,1265512.5,0
1993,1285600.0,1325775.0,1305687.5,0
1993,1325775.0,1365950.0,1345862.5,0
1993,1365950.0,1406125.0,1386037.5,0
1993,1406125.0,1446300.0,1426212.5,0
1993,1446300.0,1486475.0,1466387.5,0
1993,1486475.0,1526650.0,1506562.5,0
1993,1526650.0,1566825.0,1546737.5,0
1993,1566825.0,1607000.0,1586912.5,0
1993,1607000.0,1647175.0,1627087.5,0
1993,1647175.0,1687350.0,1667262.5,0
1993,1687350.0,1727525.0,1707437.5,1
1993,1727525.0,1767700.0,1747612.5,0
1993,1767700.0,1807875.0,1787787.5,1
1993,1807875.0,1848050.0,1827962.5,0
1993,1848050.0,1888225.0,1868137.5,0
1993,1888225.0,1928400.0,1908312.5,0
1993,1928400.0,1968575.0,1948487.5,0
1993,1968575.0,2008750.0,1988662.5,0
1993,2008750.0,2048925.0,2028837.5,0
1993,2048925.0,2089100.0,2069012.5,0
1993,2089100.0,2129275.0,2109187.5,0
1993,2129275.0,2169450.0,2149362.5,0
1993,2169450.0,2209625.0,2189537.5,0
1993,2209625.0,2249800.0,2229712.5,0
1993,2249800.0,2289975.0,2269887.5,0
1993,2289975.0,2330150.0,2310062.5,1
1993,2330150.0,2370325.0,2350237.5,0
1993,2370325.0,2410500.0,2390412.5,0
1993,2410500.0,2450675.0,2430587.5,0
1993,2450675.0,2490850.0,2470762.5,0
1993,2490850.0,2531025.0,2510937.5,0
1993,2531025.0,2571200.0,2551112.5,0
1993,2571200.0,2611375.0,2591287.5,0
1993,2611375.0,2651550.0,2631462.5,0
1993,2651550.0,2691725.0,2671637.5,0
1993,2691725.0,2731900.0,2711812.5,0
1993,2731900.0,2772075.0,2751987.5,0
1993,2772075.0,2812250.0,2792162.5,0
1993,2812250.0,2852425.0,2832337.5,0
1993,2852425.0,2892600.0,2872512.5,0
1993,2892600.0,2932775.0,2912687.5,0
1993,2932775.0,2972950.0,2952862.5,0
1993,2972950.0,3013125.0,2993037.5,0
1993,3013125.0,3053300.0,3033212.5,0
1993,3053300.0,3093475.0,3073387.5,0
1993,3093475.0,3133650.0,3113562.5,0
1993,3133650.0,3173825.0,3153737.5,0
1993,3173825.0,3214000.0,3193912.5,0
1993,3214000.0,3254175.0,3234087.5,0
1993,3254175.0,3294350.0,3274262.5,0
1993,3294350.0,3334525.0,3314437.5,0
1993,3334525.0,3374700.0,3354612.5,0
1993,3374700.0,3414875.0,3394787.5,0
1993,3414875.0,3455050.0,3434962.5,0
1993,3455050.0,3495225.0,3475137.5,0
1993,3495225.0,3535400.0,3515312.5,0
1993,3535400.0,3575575.0,3555487.5,0
1993,3575575.0,3615750.0,3595662.5,0
1993,3615750.0,3655925.0,3635837.5,0
1993,3655925.0,3696100.0,3676012.5,0
1993,3696100.0,3736275.0,3716187.5,0
1993,3736275.0,3776450.0,3756362.5,0
1993,3776450.0,3816625.0,3796537.5,0
1993,3816625.0,3856800.0,3836712.5,0
1993,3856800.0,3896975.0,3876887.5,0
1993,3896975.0,3937150.0,3917062.5,0
1993,3937150.0,3977325.0,3957237.5,0
1993,3977325.0,4017500.0,3997412.5,1
1995,0.0,230.0,115.0,60675
1995,230.0,460.0,345.0,12229
1995,460.0,690.0,575.0,4352
1995,690.0,920.0,805.0,2192
1995,920.0,1150.0,1035.0,1252
1995,1150.0,1380.0,1265.0,760
1995,1380.0,1610.0,1495.0,512
1995,1610.0,1840.0,1725.0,314
1995,1840.0,2070.0,1955.0,254
1995,2070.0,2300.0,2185.0,170
1995,2300.0,2530.0,2415.0,169
1995,2530.0,2760.0,2645.0,86
1995,2760.0,2990.0,2875.0,53
1995,2990.0,3220.0,3105.0,99
1995,3220.0,3450.0,3335.0,43
1995,3450.0,3680.0,3565.0,48
1995,3680.0,3910.0,3795.0,18
1995,3910.0,4140.0,4025.0,42
1995,4140.0,4370.0,4255.0,19
1995,4370.0,4600.0,4485.0,12
1995,4600.0,4830.0,4715.0,16
1995,4830.0,5060.0,4945.0,31
1995,5060.0,5290.0,5175.0,7
1995,5290.0,5520.0,5405.0,16
1995,5520.0,5750.0,5635.0,6
1995,5750.0,5980.0,5865.0,9
1995,5980.0,6210.0,6095.0,16
1995,6210.0,6440.0,6325.0,1
1995,6440.0,6670.0,6555.0,7
1995,6670.0,6900.0,6785.0,4
1995,6900.0,7130.0,7015.0,4
1995,7130.0,7360.0,7245.0,3
1995,7360.0,7590.0,7475.0,2
1995,7590.0,7820.0,7705.0,1
1995,7820.0,8050.0,7935.0,2
1995,8050.0,8280.0,8165.0,1
1995,8280.0,8510.0,8395.0,2
1995,8510.0,8740.0,8625.0,1
1995,8740.0,8970.0,8855.0,2
1995,8970.0,9200.0,9085.0,5
1995,9200.0,9430.0,9315.0,1
1995,9430.0,9660.0,9545.0,1
1995,9660.0,9890.0,9775.0,0
1995,9890.0,10120.0,10005.0,6
1995,10120.0,10350.0,10235.0,0
1995,10350.0,10580.0,10465.0,0
1995,10580.0,10810.0,10695.0,1
1995,10810.0,11040.0,10925.0,1
1995,11040.0,11270.0,11155.0,0
1995,11270.0,11500.0,11385.0,0
1995,11500.0,11730.0,11615.0,1
1995,11730.0,11960.0,11845.0,0
1995,11960.0,12190.0,12075.0,1
1995,12190.0,12420.0,12305.0,1
1995,12420.0,12650.0,12535.0,0
1995,12650.0,12880.0,12765.0,1
1995,12880.0,13110.0,12995.0,2
1995,13110.0,13340.0,13225.0,0
1995,13340.0,13570.0,13455.0,0
1995,13570.0,13800.0,13685.0,0
1995,13800.0,14030.0,13915.0,1
1995,14030.0,14260.0,14145.0,0
1995,14260.0,14490.0,14375.0,0
1995,14490.0,14720.0,14605.0,0
1995,14720.0,14950.0,14835.0,0
1995,14950.0,15180.0,15065.0,0
1995,15180.0,15410.0,15295.0,0
1995,15410.0,15640.0,15525.0,1
1995,15640.0,15870.0,15755.0,0
1995,15870.0,16100.0,15985.0,0
1995,16100.0,16330.0,16215.0,0
1995,16330.0,16560.0,16445.0,0
1995,16560.0,16790.0,16675.0,0
1995,16790.0,17020.0,16905.0,0
1995,17020.0,17250.0,17135.0,0
1995,17250.0,17480.0,17365.0,0
1995,17480.0,17710.0,17595.0,0
1995,17710.0,17940.0,17825.0,0
1995,17940.0,18170.0,18055.0,0
1995,18170.0,18400.0,18285.0,0
1995,18400.0,18630.0,18515.0,0
1995,18630.0,18860.0,18745.0,0
1995,18860.0,19090.0,18975.0,0
1995,19090.0,19320.0,19205.0,0
1995,19320.0,19550.0,19435.0,0
1995,19550.0,19780.0,19665.0,0
1995,19780.0,20010.0,19895.0,0
1995,20010.0,20240.0,20125.0,0
1995,20240.0,20470.0,20355.0,0
1995,20470.0,20700.0,20585.0,0
1995,20700.0,20930.0,20815.0,0
1995,20930.0,21160.0,21045.0,0
1995,21160.0,21390.0,21275.0,0
1995,21390.0,21620.0,21505.0,0
1995,21620.0,21850.0,21735.0,0
1995,21850.0,22080.0,21965.0,0
1995,22080.0,22310.0,22195.0,1
1995,22310.0,22540.0,22425.0,0
1995,22540.0,22770.0,22655.0,0
1995,22770.0,23000.0,22885.0,1
1996,0.0,300.0,150.0,62364
1996,300.0,600.0,450.0,11197
1996,600.0,900.0,750.0,3965
1996,900.0,1200.0,1050.0,1795
1996,1200.0,1500.0,1350.0,1005
1996,1500.0,1800.0,1650.0,695
1996,1800.0,2100.0,1950.0,420
1996,2100.0,2400.0,2250.0,250
1996,2400.0,2700.0,2550.0,218
1996,2700.0,3000.0,2850.0,101
1996,3000.0,3300.0,3150.0,148
1996,3300.0,3600.0,3450.0,81
1996,3600.0,3900.0,3750.0,50
1996,3900.0,4200.0,4050.0,54
1996,4200.0,4500.0,4350.0,25
1996,4500.0,4800.0,4650.0,32
1996,4800.0,5100.0,4950.0,24
1996,5100.0,5400.0,5250.0,11
1996,5400.0,5700.0,5550.0,11
1996,5700.0,6000.0,5850.0,9
1996,6000.0,6300.0,6150.0,20
1996,6300.0,6600.0,6450.0,5
1996,6600.0,6900.0,6750.0,7
1996,6900.0,7200.0,7050.0,8
1996,7200.0,7500.0,7350.0,1
1996,7500.0,7800.0,7650.0,6
1996,7800.0,8100.0,7950.0,5
1996,8100.0,8400.0,8250.0,5
1996,8400.0,8700.0,8550.0,2
1996,8700.0,9000.0,8850.0,1
1996,9000.0,9300.0,9150.0,7
1996,9300.0,9600.0,9450.0,1
1996,9600.0,9900.0,9750.0,0
1996,9900.0,10200.0,10050.0,5
1996,10200.0,10500.0,10350.0,3
1996,10500.0,10800.0,10650.0,0
1996,10800.0,11100.0,10950.0,3
1996,11100.0,11400.0,11250.0,1
1996,11400.0,11700.0,11550.0,2
1996,11700.0,12000.0,11850.0,2
1996,12000.0,12300.0,12150.0,3
1996,12300.0,12600.0,12450.0,0
1996,12600.0,12900.0,12750.0,1
1996,12900.0,13200.0,13050.0,1
1996,13200.0,13500.0,13350.0,1
1996,13500.0,13800.0,13650.0,0
1996,13800.0,14100.0,13950.0,0
1996,14100.0,14400.0,14250.0,0
1996,14400.0,14700.0,14550.0,0
1996,14700.0,15000.0,14850.0,0
1996,15000.0,15300.0,15150.0,2
1996,15300.0,15600.0,15450.0,0
1996,15600.0,15900.0,15750.0,2
1996,15900.0,16200.0,16050.0,0
1996,16200.0,16500.0,16350.0,0
1996,16500.0,16800.0,16650.0,0
1996,16800.0,17100.0,16950.0,0
1996,17100.0,17400.0,17250.0,0
1996,17400.0,17700.0,17550.0,0
1996,17700.0,18000.0,17850.0,0
1996,18000.0,18300.0,18150.0,0
1996,18300.0,18600.0,18450.0,0
1996,18600.0,18900.0,18750.0,0
1996,18900.0,19200.0,19050.0,0
1996,19200.0,19500.0,19350.0,0
1996,19500.0,19800.0,19650.0,0
1996,19800.0,20100.0,19950.0,0
1996,20100.0,20400.0,20250.0,0
1996,20400.0,20700.0,20550.0,1
1996,20700.0,21000.0,20850.0,0
1996,21000.0,21300.0,21150.0,0
1996,21300.0,21600.0,21450.0,0
1996,21600.0,21900.0,21750.0,0
1996,21900.0,22200.0,22050.0,0
1996,22200.0,22500.0,22350.0,0
1996,22500.0,22800.0,22650.0,0
1996,22800.0,23100.0,22950.0,0
1996,23100.0,23400.0,23250.0,0
1996,23400.0,23700.0,23550.0,0
1996,23700.0,24000.0,23850.0,0
1996,24000.0,24300.0,24150.0,0
1996,24300.0,24600.0,24450.0,0
1996,24600.0,24900.0,24750.0,0
1996,24900.0,25200.0,25050.0,0
1996,25200.0,25500.0,25350.0,0
1996,25500.0,25800.0,25650.0,0
1996,25800.0,26100.0,25950.0,0
1996,26100.0,26400.0,26250.0,0
1996,26400.0,26700.0,26550.0,0
1996,26700.0,27000.0,26850.0,0
1996,27000.0,27300.0,27150.0,0
1996,27300.0,27600.0,27450.0,0
1996,27600.0,27900.0,27750.0,0
1996,27900.0,28200.0,28050.0,0
1996,28200.0,28500.0,28350.0,0
1996,28500.0,28800.0,28650.0,0
1996,28800.0,29100.0,28950.0,0
1996,29100.0,29400.0,29250.0,0
1996,29400.0,29700.0,29550.0,0
1996,29700.0,30000.0,29850.0,1
1997,0.0,538.2,269.1,76905
1997,538.2,1076.4,807.3000000000001,6858
1997,1076.4,1614.6000000000001,1345.5,2123
1997,1614.6000000000001,2152.8,1883.7000000000003,893
1997,2152.8,2691.0,2421.9,446
1997,2691.0,3229.2000000000003,2960.1000000000004,259
1997,3229.2000000000003,3767.4000000000005,3498.3,145
1997,3767.4000000000005,4305.6,4036.5000000000005,89
1997,4305.6,4843.8,4574.700000000001,58
1997,4843.8,5382.0,5112.9,54
1997,5382.0,5920.200000000001,5651.1,36
1997,5920.200000000001,6458.400000000001,6189.300000000001,20
1997,6458.400000000001,6996.6,6727.5,17
1997,6996.6,7534.800000000001,7265.700000000001,16
1997,7534.800000000001,8073.000000000001,7803.9000000000015,15
1997,8073.000000000001,8611.2,8342.1,11
1997,8611.2,9149.400000000001,8880.300000000001,6
1997,9149.400000000001,9687.6,9418.5,6
1997,9687.6,10225.800000000001,9956.7,9
1997,10225.800000000001,10764.0,10494.900000000001,4
1997,10764.0,11302.2,11033.1,6
1997,11302.2,11840.400000000001,11571.300000000001,0
1997,11840.400000000001,12378.6,12109.5,1
1997,12378.6,12916.800000000001,12647.7,0
1997,12916.800000000001,13455.000000000002,13185.900000000001,1
1997,13455.000000000002,13993.2,13724.100000000002,1
1997,13993.2,14531.400000000001,14262.300000000001,3
1997,14531.400000000001,15069.600000000002,14800.500000000002,1
1997,15069.600000000002,15607.800000000001,15338.7,0
1997,15607.800000000001,16146.000000000002,15876.900000000001,0
1997,16146.000000000002,16684.2,16415.100000000002,0
1997,16684.2,17222.4,16953.300000000003,0
1997,17222.4,17760.600000000002,17491.5,0
1997,17760.600000000002,18298.800000000003,18029.700000000004,0
1997,18298.800000000003,18837.0,18567.9,0
1997,18837.0,19375.2,19106.1,0
1997,19375.2,19913.4,19644.300000000003,0
1997,19913.4,20451.600000000002,20182.5,2
1997,20451.600000000002,20989.800000000003,20720.700000000004,0
1997,20989.800000000003,21528.0,21258.9,0
1997,21528.0,22066.2,21797.1,0
1997,22066.2,22604.4,22335.300000000003,0
1997,22604.4,23142.600000000002,22873.5,0
1997,23142.600000000002,23680.800000000003,23411.700000000004,0
1997,23680.800000000003,24219.000000000004,23949.9,0
1997,24219.000000000004,24757.2,24488.100000000002,0
1997,24757.2,25295.4,25026.300000000003,1
1997,25295.4,25833.600000000002,25564.5,0
1997,25833.600000000002,26371.800000000003,26102.700000000004,0
1997,26371.800000000003,26910.000000000004,26640.9,0
1997,26910.000000000004,27448.2,27179.100000000002,0
1997,27448.2,27986.4,27717.300000000003,0
1997,27986.4,28524.600000000002,28255.5,0
1997,28524.600000000002,29062.800000000003,28793.700000000004,0
1997,29062.800000000003,29601.000000000004,29331.9,0
1997,29601.000000000004,30139.200000000004,29870.100000000006,0
1997,30139.200000000004,30677.4,30408.300000000003,0
1997,30677.4,31215.600000000002,30946.5,0
1997,31215.600000000002,31753.800000000003,31484.700000000004,0
1997,31753.800000000003,32292.000000000004,32022.9,0
1997,32292.000000000004,32830.200000000004,32561.100000000006,0
1997,32830.200000000004,33368.4,33099.3,0
1997,33368.4,33906.600000000006,33637.5,0
1997,33906.600000000006,34444.8,34175.700000000004,0
1997,34444.8,34983.0,34713.9,0
1997,34983.0,35521.200000000004,35252.100000000006,0
1997,35521.200000000004,36059.4,35790.3,0
1997,36059.4,36597.600000000006,36328.5,0
1997,36597.600000000006,37135.8,36866.700000000004,1
1997,37135.8,37674.0,37404.9,0
1997,37674.0,38212.200000000004,37943.100000000006,0
1997,38212.200000000004,38750.4,38481.3,0
1997,38750.4,39288.600000000006,39019.5,0
1997,39288.600000000006,39826.8,39557.700000000004,0
1997,39826.8,40365.0,40095.9,0
1997,40365.0,40903.200000000004,40634.100000000006,0
1997,40903.200000000004,41441.4,41172.3,0
1997,41441.4,41979.600000000006,41710.5,0
1997,41979.600000000006,42517.8,42248.700000000004,0
1997,42517.8,43056.0,42786.9,0
1997,43056.0,43594.200000000004,43325.100000000006,0
1997,43594.200000000004,44132.4,43863.3,0
1997,44132.4,44670.600000000006,44401.5,0
1997,44670.600000000006,45208.8,44939.700000000004,0
1997,45208.8,45747.00000000001,45477.90000000001,0
1997,45747.00000000001,46285.200000000004,46016.100000000006,0
1997,46285.200000000004,46823.4,46554.3,0
1997,46823.4,47361.600000000006,47092.5,0
1997,47361.600000000006,47899.8,47630.700000000004,0
1997,47899.8,48438.00000000001,48168.90000000001,0
1997,48438.00000000001,48976.200000000004,48707.100000000006,0
1997,48976.200000000004,49514.4,49245.3,0
1997,49514.4,50052.600000000006,49783.5,0
1997,50052.600000000006,50590.8,50321.700000000004,0
1997,50590.8,51129.00000000001,50859.90000000001,0
1997,51129.00000000001,51667.200000000004,51398.100000000006,0
1997,51667.200000000004,52205.4,51936.3,0
1997,52205.4,52743.600000000006,52474.5,0
1997,52743.600000000006,53281.8,53012.700000000004,0
1997,53281.8,53820.0,53550.9,1
1998,0.0,405.0,202.5,72300
1998,405.0,810.0,607.5,9296
1998,810.0,1215.0,1012.5,3169
1998,1215.0,1620.0,1417.5,1406
1998,1620.0,2025.0,1822.5,816
1998,2025.0,2430.0,2227.5,425
1998,2430.0,2835.0,2632.5,309
1998,2835.0,3240.0,3037.5,233
1998,3240.0,3645.0,3442.5,147
1998,3645.0,4050.0,3847.5,107
1998,4050.0,4455.0,4252.5,68
1998,4455.0,4860.0,4657.5,50
1998,4860.0,5265.0,5062.5,48
1998,5265.0,5670.0,5467.5,31
1998,5670.0,6075.0,5872.5,35
1998,6075.0,6480.0,6277.5,16
1998,6480.0,6885.0,6682.5,22
1998,6885.0,7290.0,7087.5,12
1998,7290.0,7695.0,7492.5,12
1998,7695.0,8100.0,7897.5,9
1998,8100.0,8505.0,8302.5,7
1998,8505.0,8910.0,8707.5,4
1998,8910.0,9315.0,9112.5,8
1998,9315.0,9720.0,9517.5,2
1998,9720.0,10125.0,9922.5,9
1998,10125.0,10530.0,10327.5,2
1998,10530.0,10935.0,10732.5,0
1998,10935.0,11340.0,11137.5,2
1998,11340.0,11745.0,11542.5,1
1998,11745.0,12150.0,11947.5,2
1998,12150.0,12555.0,12352.5,0
1998,12555.0,12960.0,12757.5,0
1998,12960.0,13365.0,13162.5,1
1998,13365.0,13770.0,13567.5,1
1998,13770.0,14175.0,13972.5,1
1998,14175.0,14580.0,14377.5,0
1998,14580.0,14985.0,14782.5,0
1998,14985.0,15390.0,15187.5,1
1998,15390.0,15795.0,15592.5,0
1998,15795.0,16200.0,15997.5,2
1998,16200.0,16605.0,16402.5,1
1998,16605.0,17010.0,16807.5,0
1998,17010.0,17415.0,17212.5,0
1998,17415.0,17820.0,17617.5,0
1998,17820.0,18225.0,18022.5,1
1998,18225.0,18630.0,18427.5,0
1998,18630.0,19035.0,18832.5,0
1998,19035.0,19440.0,19237.5,0
1998,19440.0,19845.0,19642.5,0
1998,19845.0,20250.0,20047.5,1
1998,20250.0,20655.0,20452.5,0
1998,20655.0,21060.0,20857.5,0
1998,21060.0,21465.0,21262.5,0
1998,21465.0,21870.0,21667.5,0
1998,21870.0,22275.0,22072.5,0
1998,22275.0,22680.0,22477.5,1
1998,22680.0,23085.0,22882.5,0
1998,23085.0,23490.0,23287.5,0
1998,23490.0,23895.0,23692.5,0
1998,23895.0,24300.0,24097.5,0
1998,24300.0,24705.0,24502.5,0
1998,24705.0,25110.0,24907.5,1
1998,25110.0,25515.0,25312.5,0
1998,25515.0,25920.0,25717.5,0
1998,25920.0,26325.0,26122.5,0
1998,26325.0,26730.0,26527.5,0
1998,26730.0,27135.0,26932.5,0
1998,27135.0,27540.0,27337.5,0
1998,27540.0,27945.0,27742.5,0
1998,27945.0,28350.0,28147.5,0
1998,28350.0,28755.0,28552.5,0
1998,28755.0,29160.0,28957.5,1
1998,29160.0,29565.0,29362.5,0
1998,29565.0,29970.0,29767.5,0
1998,29970.0,30375.0,30172.5,0
1998,30375.0,30780.0,30577.5,0
1998,30780.0,31185.0,30982.5,0
1998,31185.0,31590.0,31387.5,0
1998,31590.0,31995.0,31792.5,0
1998,31995.0,32400.0,32197.5,0
1998,32400.0,32805.0,32602.5,0
1998,32805.0,33210.0,33007.5,0
1998,33210.0,33615.0,33412.5,0
1998,33615.0,34020.0,33817.5,0
1998,34020.0,34425.0,34222.5,0
1998,34425.0,34830.0,34627.5,0
1998,34830.0,35235.0,35032.5,0
1998,35235.0,35640.0,35437.5,0
1998,35640.0,36045.0,35842.5,0
1998,36045.0,36450.0,36247.5,0
1998,36450.0,36855.0,36652.5,0
1998,36855.0,37260.0,37057.5,0
1998,37260.0,37665.0,37462.5,1
1998,37665.0,38070.0,37867.5,0
1998,38070.0,38475.0,38272.5,0
1998,38475.0,38880.0,38677.5,0
1998,38880.0,39285.0,39082.5,0
1998,39285.0,39690.0,39487.5,0
1998,39690.0,40095.0,39892.5,0
1998,40095.0,40500.0,40297.5,1
1999,0.0,284.45,142.225,66626
1999,284.45,568.9,426.67499999999995,13552
1999,568.9,853.3499999999999,711.125,4820
1999,853.3499999999999,1137.8,995.5749999999999,2272
1999,1137.8,1422.25,1280.025,1341
1999,1422.25,1706.6999999999998,1564.475,856
1999,1706.6999999999998,1991.1499999999999,1848.9249999999997,501
1999,1991.1499999999999,2275.6,2133.375,493
1999,2275.6,2560.0499999999997,2417.825,295
1999,2560.0499999999997,2844.5,2702.2749999999996,160
1999,2844.5,3128.95,2986.725,157
1999,3128.95,3413.3999999999996,3271.1749999999997,111
1999,3413.3999999999996,3697.85,3555.625,92
1999,3697.85,3982.2999999999997,3840.075,69
1999,3982.2999999999997,4266.75,4124.525,72
1999,4266.75,4551.2,4408.975,43
1999,4551.2,4835.65,4693.424999999999,27
1999,4835.65,5120.099999999999,4977.875,50
1999,5120.099999999999,5404.55,5262.325,27
1999,5404.55,5689.0,5546.775,22
1999,5689.0,5973.45,5831.225,12
1999,5973.45,6257.9,6115.674999999999,25
1999,6257.9,6542.349999999999,6400.125,17
1999,6542.349999999999,6826.799999999999,6684.574999999999,8
1999,6826.799999999999,7111.25,6969.025,23
1999,7111.25,7395.7,7253.475,4
1999,7395.7,7680.15,7537.924999999999,4
1999,7680.15,7964.599999999999,7822.375,3
1999,7964.599999999999,8249.05,8106.824999999999,11
1999,8249.05,8533.5,8391.275,3
1999,8533.5,8817.949999999999,8675.724999999999,3
1999,8817.949999999999,9102.4,8960.175,7
1999,9102.4,9386.85,9244.625,1
1999,9386.85,9671.3,9529.075,1
1999,9671.3,9955.75,9813.525,1
1999,9955.75,10240.199999999999,10097.974999999999,8
1999,10240.199999999999,10524.65,10382.425,4
1999,10524.65,10809.1,10666.875,0
1999,10809.1,11093.55,10951.325,2
1999,11093.55,11378.0,11235.775,1
1999,11378.0,11662.449999999999,11520.224999999999,0
1999,11662.449999999999,11946.9,11804.675,0
1999,11946.9,12231.35,12089.125,0
1999,12231.35,12515.8,12373.575,3
1999,12515.8,12800.25,12658.025,0
1999,12800.25,13084.699999999999,12942.474999999999,1
1999,13084.699999999999,13369.15,13226.925,0
1999,13369.15,13653.599999999999,13511.375,1
1999,13653.599999999999,13938.05,13795.824999999999,0
1999,13938.05,14222.5,14080.275,1
1999,14222.5,14506.949999999999,14364.724999999999,0
1999,14506.949999999999,14791.4,14649.175,1
1999,14791.4,15075.849999999999,14933.625,1
1999,15075.849999999999,15360.3,15218.074999999999,0
1999,15360.3,15644.75,15502.525,0
1999,15644.75,15929.199999999999,15786.974999999999,0
1999,15929.199999999999,16213.65,16071.425,1
1999,16213.65,16498.1,16355.875,1
1999,16498.1,16782.55,16640.324999999997,0
1999,16782.55,17067.0,16924.775,1
1999,17067.0,17351.45,17209.225,0
1999,17351.45,17635.899999999998,17493.675,0
1999,17635.899999999998,17920.35,17778.125,0
1999,17920.35,18204.8,18062.574999999997,0
1999,18204.8,18489.25,18347.025,0
1999,18489.25,18773.7,18631.475,0
1999,18773.7,19058.149999999998,18915.925,0
1999,19058.149999999998,19342.6,19200.375,0
1999,19342.6,19627.05,19484.824999999997,0
1999,19627.05,19911.5,19769.275,0
1999,19911.5,20195.95,20053.725,0
1999,20195.95,20480.399999999998,20338.175,0
1999,20480.399999999998,20764.85,20622.625,0
1999,20764.85,21049.3,20907.074999999997,0
1999,21049.3,21333.75,21191.525,0
1999,21333.75,21618.2,21475.975,0
1999,21618.2,21902.649999999998,21760.425,0
1999,21902.649999999998,22187.1,22044.875,0
1999,22187.1,22471.55,22329.324999999997,0
1999,22471.55,22756.0,22613.775,0
1999,22756.0,23040.45,22898.225,0
1999,23040.45,23324.899999999998,23182.675,0
1999,23324.899999999998,23609.35,23467.125,0
1999,23609.35,23893.8,23751.574999999997,0
1999,23893.8,24178.25,24036.025,0
1999,24178.25,24462.7,24320.475,0
1999,24462.7,24747.149999999998,24604.925,0
1999,24747.149999999998,25031.6,24889.375,0
1999,25031.6,25316.05,25173.824999999997,1
1999,25316.05,25600.5,25458.275,0
1999,25600.5,25884.95,25742.725,0
1999,25884.95,26169.399999999998,26027.175,0
1999,26169.399999999998,26453.85,26311.625,0
1999,26453.85,26738.3,26596.074999999997,0
1999,26738.3,27022.75,26880.525,0
1999,27022.75,27307.199999999997,27164.975,0
1999,27307.199999999997,27591.649999999998,27449.424999999996,0
1999,27591.649999999998,27876.1,27733.875,0
1999,27876.1,28160.55,28018.324999999997,0
1999,28160.55,28445.0,28302.775,1
2001,0.0,400.0,200.0,78582
2001,400.0,800.0,600.0,13015
2001,800.0,1200.0,1000.0,4249
2001,1200.0,1600.0,1400.0,2075
2001,1600.0,2000.0,1800.0,1001
2001,2000.0,2400.0,2200.0,696
2001,2400.0,2800.0,2600.0,477
2001,2800.0,3200.0,3000.0,325
2001,3200.0,3600.0,3400.0,205
2001,3600.0,4000.0,3800.0,116
2001,4000.0,4400.0,4200.0,167
2001,4400.0,4800.0,4600.0,87
2001,4800.0,5200.0,5000.0,119
2001,5200.0,5600.0,5400.0,54
2001,5600.0,6000.0,5800.0,39
2001,6000.0,6400.0,6200.0,32
2001,6400.0,6800.0,6600.0,29
2001,6800.0,7200.0,7000.0,30
2001,7200.0,7600.0,7400.0,18
2001,7600.0,8000.0,7800.0,7
2001,8000.0,8400.0,8200.0,21
2001,8400.0,8800.0,8600.0,6
2001,8800.0,9200.0,9000.0,9
2001,9200.0,9600.0,9400.0,5
2001,9600.0,10000.0,9800.0,4
2001,10000.0,10400.0,10200.0,15
2001,10400.0,10800.0,10600.0,2
2001,10800.0,11200.0,11000.0,5
2001,11200.0,11600.0,11400.0,7
2001,11600.0,12000.0,11800.0,0
2001,12000.0,12400.0,12200.0,2
2001,12400.0,12800.0,12600.0,1
2001,12800.0,13200.0,13000.0,3
2001,13200.0,13600.0,13400.0,2
2001,13600.0,14000.0,13800.0,1
2001,14000.0,14400.0,14200.0,1
2001,14400.0,14800.0,14600.0,0
2001,14800.0,15200.0,15000.0,0
2001,15200.0,15600.0,15400.0,1
2001,15600.0,16000.0,15800.0,0
2001,16000.0,16400.0,16200.0,3
2001,16400.0,16800.0,16600.0,1
2001,16800.0,17200.0,17000.0,1
2001,17200.0,17600.0,17400.0,0
2001,17600.0,18000.0,17800.0,1
2001,18000.0,18400.0,18200.0,1
2001,18400.0,18800.0,18600.0,0
2001,18800.0,19200.0,19000.0,1
2001,19200.0,19600.0,19400.0,0
2001,19600.0,20000.0,19800.0,1
2001,20000.0,20400.0,20200.0,1
2001,20400.0,20800.0,20600.0,0
2001,20800.0,21200.0,21000.0,0
2001,21200.0,21600.0,21400.0,1
2001,21600.0,22000.0,21800.0,0
2001,22000.0,22400.0,22200.0,0
2001,22400.0,22800.0,22600.0,0
2001,22800.0,23200.0,23000.0,0
2001,23200.0,23600.0,23400.0,0
2001,23600.0,24000.0,23800.0,0
2001,24000.0,24400.0,24200.0,1
2001,24400.0,24800.0,24600.0,0
2001,24800.0,25200.0,25000.0,0
2001,25200.0,25600.0,25400.0,0
2001,25600.0,26000.0,25800.0,0
2001,26000.0,26400.0,26200.0,0
2001,26400.0,26800.0,26600.0,2
2001,26800.0,27200.0,27000.0,0
2001,27200.0,27600.0,27400.0,0
2001,27600.0,28000.0,27800.0,0
2001,28000.0,28400.0,28200.0,0
2001,28400.0,28800.0,28600.0,0
2001,28800.0,29200.0,29000.0,0
2001,29200.0,29600.0,29400.0,0
2001,29600.0,30000.0,29800.0,0
2001,30000.0,30400.0,30200.0,0
2001,30400.0,30800.0,30600.0,0
2001,30800.0,31200.0,31000.0,0
2001,31200.0,31600.0,31400.0,0
2001,31600.0,32000.0,31800.0,0
2001,32000.0,32400.0,32200.0,0
2001,32400.0,32800.0,32600.0,0
2001,32800.0,33200.0,33000.0,0
2001,33200.0,33600.0,33400.0,0
2001,33600.0,34000.0,33800.0,0
2001,34000.0,34400.0,34200.0,0
2001,34400.0,34800.0,34600.0,0
2001,34800.0,35200.0,35000.0,0
2001,35200.0,35600.0,35400.0,0
2001,35600.0,36000.0,35800.0,0
2001,36000.0,36400.0,36200.0,0
2001,36400.0,36800.0,36600.0,0
2001,36800.0,37200.0,37000.0,0
2001,37200.0,37600.0,37400.0,0
2001,37600.0,38000.0,37800.0,0
2001,38000.0,38400.0,38200.0,0
2001,38400.0,38800.0,38600.0,0
2001,38800.0,39200.0,39000.0,0
2001,39200.0,39600.0,39400.0,0
2001,39600.0,40000.0,39800.0,1
2002,0.0,380.0,190.0,76451
2002,380.0,760.0,570.0,15634
2002,760.0,1140.0,950.0,4869
2002,1140.0,1520.0,1330.0,2482
2002,1520.0,1900.0,1710.0,1240
2002,1900.0,2280.0,2090.0,964
2002,2280.0,2660.0,2470.0,587
2002,2660.0,3040.0,2850.0,431
2002,3040.0,3420.0,3230.0,250
2002,3420.0,3800.0,3610.0,205
2002,3800.0,4180.0,3990.0,164
2002,4180.0,4560.0,4370.0,112
2002,4560.0,4940.0,4750.0,62
2002,4940.0,5320.0,5130.0,102
2002,5320.0,5700.0,5510.0,62
2002,5700.0,6080.0,5890.0,74
2002,6080.0,6460.0,6270.0,32
2002,6460.0,6840.0,6650.0,26
2002,6840.0,7220.0,7030.0,32
2002,7220.0,7600.0,7410.0,12
2002,7600.0,7980.0,7790.0,8
2002,7980.0,8360.0,8170.0,28
2002,8360.0,8740.0,8550.0,12
2002,8740.0,9120.0,8930.0,16
2002,9120.0,9500.0,9310.0,1
2002,9500.0,9880.0,9690.0,8
2002,9880.0,10260.0,10070.0,14
2002,10260.0,10640.0,10450.0,3
2002,10640.0,11020.0,10830.0,5
2002,11020.0,11400.0,11210.0,1
2002,11400.0,11780.0,11590.0,1
2002,11780.0,12160.0,11970.0,4
2002,12160.0,12540.0,12350.0,1
2002,12540.0,12920.0,12730.0,1
2002,12920.0,13300.0,13110.0,1
2002,13300.0,13680.0,13490.0,2
2002,13680.0,14060.0,13870.0,1
2002,14060.0,14440.0,14250.0,0
2002,14440.0,14820.0,14630.0,0
2002,14820.0,15200.0,15010.0,3
2002,15200.0,15580.0,15390.0,1
2002,15580.0,15960.0,15770.0,1
2002,15960.0,16340.0,16150.0,2
2002,16340.0,16720.0,16530.0,0
2002,16720.0,17100.0,16910.0,1
2002,17100.0,17480.0,17290.0,0
2002,17480.0,17860.0,17670.0,0
2002,17860.0,18240.0,18050.0,0
2002,18240.0,18620.0,18430.0,1
2002,18620.0,19000.0,18810.0,0
2002,19000.0,19380.0,19190.0,0
2002,19380.0,19760.0,19570.0,0
2002,19760.0,20140.0,19950.0,0
2002,20140.0,20520.0,20330.0,0
2002,20520.0,20900.0,20710.0,0
2002,20900.0,21280.0,21090.0,0
2002,21280.0,21660.0,21470.0,0
2002,21660.0,22040.0,21850.0,0
2002,22040.0,22420.0,22230.0,0
2002,22420.0,22800.0,22610.0,0
2002,22800.0,23180.0,22990.0,0
2002,23180.0,23560.0,23370.0,0
2002,23560.0,23940.0,23750.0,0
2002,23940.0,24320.0,24130.0,0
2002,24320.0,24700.0,24510.0,0
2002,24700.0,25080.0,24890.0,2
2002,25080.0,25460.0,25270.0,0
2002,25460.0,25840.0,25650.0,0
2002,25840.0,26220.0,26030.0,0
2002,26220.0,26600.0,26410.0,0
2002,26600.0,26980.0,26790.0,0
2002,26980.0,27360.0,27170.0,0
2002,27360.0,27740.0,27550.0,0
2002,27740.0,28120.0,27930.0,0
2002,28120.0,28500.0,28310.0,0
2002,28500.0,28880.0,28690.0,0
2002,28880.0,29260.0,29070.0,1
2002,29260.0,29640.0,29450.0,0
2002,29640.0,30020.0,29830.0,2
2002,30020.0,30400.0,30210.0,0
2002,30400.0,30780.0,30590.0,0
2002,30780.0,31160.0,30970.0,0
2002,31160.0,31540.0,31350.0,1
2002,31540.0,31920.0,31730.0,0
2002,31920.0,32300.0,32110.0,0
2002,32300.0,32680.0,32490.0,0
2002,32680.0,33060.0,32870.0,0
2002,33060.0,33440.0,33250.0,0
2002,33440.0,33820.0,33630.0,0
2002,33820.0,34200.0,34010.0,0
2002,34200.0,34580.0,34390.0,0
2002,34580.0,34960.0,34770.0,0
2002,34960.0,35340.0,35150.0,0
2002,35340.0,35720.0,35530.0,0
2002,35720.0,36100.0,35910.0,0
2002,36100.0,36480.0,36290.0,0
2002,36480.0,36860.0,36670.0,0
2002,36860.0,37240.0,37050.0,0
2002,37240.0,37620.0,37430.0,0
2002,37620.0,38000.0,37810.0,1
2003,0.0,380.0,190.0,74627
2003,380.0,760.0,570.0,17571
2003,760.0,1140.0,950.0,5610
2003,1140.0,1520.0,1330.0,2905
2003,1520.0,1900.0,1710.0,1363
2003,1900.0,2280.0,2090.0,1010
2003,2280.0,2660.0,2470.0,595
2003,2660.0,3040.0,2850.0,530
2003,3040.0,3420.0,3230.0,284
2003,3420.0,3800.0,3610.0,235
2003,3800.0,4180.0,3990.0,193
2003,4180.0,4560.0,4370.0,128
2003,4560.0,4940.0,4750.0,81
2003,4940.0,5320.0,5130.0,137
2003,5320.0,5700.0,5510.0,64
2003,5700.0,6080.0,5890.0,67
2003,6080.0,6460.0,6270.0,32
2003,6460.0,6840.0,6650.0,20
2003,6840.0,7220.0,7030.0,33
2003,7220.0,7600.0,7410.0,24
2003,7600.0,7980.0,7790.0,10
2003,7980.0,8360.0,8170.0,32
2003,8360.0,8740.0,8550.0,8
2003,8740.0,9120.0,8930.0,15
2003,9120.0,9500.0,9310.0,5
2003,9500.0,9880.0,9690.0,9
2003,9880.0,10260.0,10070.0,30
2003,10260.0,10640.0,10450.0,6
2003,10640.0,11020.0,10830.0,8
2003,11020.0,11400.0,11210.0,2
2003,11400.0,11780.0,11590.0,5
2003,11780.0,12160.0,11970.0,7
2003,12160.0,12540.0,12350.0,3
2003,12540.0,12920.0,12730.0,3
2003,12920.0,13300.0,13110.0,4
2003,13300.0,13680.0,13490.0,1
2003,13680.0,14060.0,13870.0,2
2003,14060.0,14440.0,14250.0,2
2003,14440.0,14820.0,14630.0,0
2003,14820.0,15200.0,15010.0,2
2003,15200.0,15580.0,15390.0,1
2003,15580.0,15960.0,15770.0,1
2003,15960.0,16340.0,16150.0,1
2003,16340.0,16720.0,16530.0,1
2003,16720.0,17100.0,16910.0,0
2003,17100.0,17480.0,17290.0,0
2003,17480.0,17860.0,17670.0,0
2003,17860.0,18240.0,18050.0,0
2003,18240.0,18620.0,18430.0,0
2003,18620.0,19000.0,18810.0,1
2003,19000.0,19380.0,19190.0,0
2003,19380.0,19760.0,19570.0,1
2003,19760.0,20140.0,19950.0,1
2003,20140.0,20520.0,20330.0,1
2003,20520.0,20900.0,20710.0,0
2003,20900.0,21280.0,21090.0,0
2003,21280.0,21660.0,21470.0,0
2003,21660.0,22040.0,21850.0,0
2003,22040.0,22420.0,22230.0,0
2003,22420.0,22800.0,22610.0,0
2003,22800.0,23180.0,22990.0,0
2003,23180.0,23560.0,23370.0,0
2003,23560.0,23940.0,23750.0,0
2003,23940.0,24320.0,24130.0,0
2003,24320.0,24700.0,24510.0,0
2003,24700.0,25080.0,24890.0,1
2003,25080.0,25460.0,25270.0,0
2003,25460.0,25840.0,25650.0,0
2003,25840.0,26220.0,26030.0,0
2003,26220.0,26600.0,26410.0,0
2003,26600.0,26980.0,26790.0,0
2003,26980.0,27360.0,27170.0,1
2003,27360.0,27740.0,27550.0,0
2003,27740.0,28120.0,27930.0,0
2003,28120.0,28500.0,28310.0,0
2003,28500.0,28880.0,28690.0,0
2003,28880.0,29260.0,29070.0,0
2003,29260.0,29640.0,29450.0,0
2003,29640.0,30020.0,29830.0,0
2003,30020.0,30400.0,30210.0,0
2003,30400.0,30780.0,30590.0,0
2003,30780.0,31160.0,30970.0,0
2003,31160.0,31540.0,31350.0,0
2003,31540.0,31920.0,31730.0,0
2003,31920.0,32300.0,32110.0,0
2003,32300.0,32680.0,32490.0,1
2003,32680.0,33060.0,32870.0,0
2003,33060.0,33440.0,33250.0,0
2003,33440.0,33820.0,33630.0,0
2003,33820.0,34200.0,34010.0,0
2003,34200.0,34580.0,34390.0,0
2003,34580.0,34960.0,34770.0,0
2003,34960.0,35340.0,35150.0,0
2003,35340.0,35720.0,35530.0,0
2003,35720.0,36100.0,35910.0,1
2003,36100.0,36480.0,36290.0,0
2003,36480.0,36860.0,36670.0,0
2003,36860.0,37240.0,37050.0,0
2003,37240.0,37620.0,37430.0,0
2003,37620.0,38000.0,37810.0,1
2004,0.0,612.5,306.25,89738
2004,612.5,1225.0,918.75,12268
2004,1225.0,1837.5,1531.25,3776
2004,1837.5,2450.0,2143.75,1684
2004,2450.0,3062.5,2756.25,1115
2004,3062.5,3675.0,3368.75,502
2004,3675.0,4287.5,3981.25,359
2004,4287.5,4900.0,4593.75,198
2004,4900.0,5512.5,5206.25,218
2004,5512.5,6125.0,5818.75,111
2004,6125.0,6737.5,6431.25,70
2004,6737.5,7350.0,7043.75,56
2004,7350.0,7962.5,7656.25,46
2004,7962.5,8575.0,8268.75,51
2004,8575.0,9187.5,8881.25,21
2004,9187.5,9800.0,9493.75,14
2004,9800.0,10412.5,10106.25,41
2004,10412.5,11025.0,10718.75,7
2004,11025.0,11637.5,11331.25,8
2004,11637.5,12250.0,11943.75,13
2004,12250.0,12862.5,12556.25,11
2004,12862.5,13475.0,13168.75,5
2004,13475.0,14087.5,13781.25,4
2004,14087.5,14700.0,14393.75,3
2004,14700.0,15312.5,15006.25,5
2004,15312.5,15925.0,15618.75,2
2004,15925.0,16537.5,16231.25,4
2004,16537.5,17150.0,16843.75,2
2004,17150.0,17762.5,17456.25,0
2004,17762.5,18375.0,18068.75,2
2004,18375.0,18987.5,18681.25,0
2004,18987.5,19600.0,19293.75,1
2004,19600.0,20212.5,19906.25,3
2004,20212.5,20825.0,20518.75,0
2004,20825.0,21437.5,21131.25,0
2004,21437.5,22050.0,21743.75,2
2004,22050.0,22662.5,22356.25,0
2004,22662.5,23275.0,22968.75,0
2004,23275.0,23887.5,23581.25,0
2004,23887.5,24500.0,24193.75,2
2004,24500.0,25112.5,24806.25,1
2004,25112.5,25725.0,25418.75,0
2004,25725.0,26337.5,26031.25,2
2004,26337.5,26950.0,26643.75,0
2004,26950.0,27562.5,27256.25,0
2004,27562.5,28175.0,27868.75,0
2004,28175.0,28787.5,28481.25,1
2004,28787.5,29400.0,29093.75,0
2004,29400.0,30012.5,29706.25,1
2004,30012.5,30625.0,30318.75,0
2004,30625.0,31237.5,30931.25,0
2004,31237.5,31850.0,31543.75,0
2004,31850.0,32462.5,32156.25,0
2004,32462.5,33075.0,32768.75,0
2004,33075.0,33687.5,33381.25,0
2004,33687.5,34300.0,33993.75,0
2004,34300.0,34912.5,34606.25,0
2004,34912.5,35525.0,35218.75,0
2004,35525.0,36137.5,35831.25,1
2004,36137.5,36750.0,36443.75,0
2004,36750.0,37362.5,37056.25,0
2004,37362.5,37975.0,37668.75,0
2004,37975.0,38587.5,38281.25,0
2004,38587.5,39200.0,38893.75,0
2004,39200.0,39812.5,39506.25,0
2004,39812.5,40425.0,40118.75,0
2004,40425.0,41037.5,40731.25,0
2004,41037.5,41650.0,41343.75,0
2004,41650.0,42262.5,41956.25,0
2004,42262.5,42875.0,42568.75,0
2004,42875.0,43487.5,43181.25,0
2004,43487.5,44100.0,43793.75,0
2004,44100.0,44712.5,44406.25,0
2004,44712.5,45325.0,45018.75,0
2004,45325.0,45937.5,45631.25,0
2004,45937.5,46550.0,46243.75,1
2004,46550.0,47162.5,46856.25,0
2004,47162.5,47775.0,47468.75,0
2004,47775.0,48387.5,48081.25,0
2004,48387.5,49000.0,48693.75,0
2004,49000.0,49612.5,49306.25,0
2004,49612.5,50225.0,49918.75,0
2004,50225.0,50837.5,50531.25,1
2004,50837.5,51450.0,51143.75,0
2004,51450.0,52062.5,51756.25,0
2004,52062.5,52675.0,52368.75,0
2004,52675.0,53287.5,52981.25,0
2004,53287.5,53900.0,53593.75,0
2004,53900.0,54512.5,54206.25,0
2004,54512.5,55125.0,54818.75,0
2004,55125.0,55737.5,55431.25,0
2004,55737.5,56350.0,56043.75,0
2004,56350.0,56962.5,56656.25,0
2004,56962.5,57575.0,57268.75,0
2004,57575.0,58187.5,57881.25,0
2004,58187.5,58800.0,58493.75,0
2004,58800.0,59412.5,59106.25,0
2004,59412.5,60025.0,59718.75,0
2004,60025.0,60637.5,60331.25,0
2004,60637.5,61250.0,60943.75,1
2005,0.0,645.33,322.665,91798
2005,645.33,1290.66,967.9950000000001,13386
2005,1290.66,1935.9900000000002,1613.3250000000003,4219
2005,1935.9900000000002,2581.32,2258.655,2014
2005,2581.32,3226.65,2903.985,1065
2005,3226.65,3871.9800000000005,3549.3150000000005,613
2005,3871.9800000000005,4517.31,4194.645,443
2005,4517.31,5162.64,4839.975,259
2005,5162.64,5807.97,5485.305,179
2005,5807.97,6453.3,6130.635,134
2005,6453.3,7098.63,6775.965,107
2005,7098.63,7743.960000000001,7421.295,50
2005,7743.960000000001,8389.29,8066.625000000001,59
2005,8389.29,9034.62,8711.955000000002,42
2005,9034.62,9679.95,9357.285,32
2005,9679.95,10325.28,10002.615000000002,57
2005,10325.28,10970.61,10647.945,17
2005,10970.61,11615.94,11293.275000000001,18
2005,11615.94,12261.27,11938.605,16
2005,12261.27,12906.6,12583.935000000001,6
2005,12906.6,13551.93,13229.265,8
2005,13551.93,14197.26,13874.595000000001,3
2005,14197.26,14842.59,14519.925,3
2005,14842.59,15487.920000000002,15165.255000000001,6
2005,15487.920000000002,16133.250000000002,15810.585000000003,7
2005,16133.250000000002,16778.58,16455.915,5
2005,16778.58,17423.91,17101.245000000003,1
2005,17423.91,18069.24,17746.575,4
2005,18069.24,18714.57,18391.905,5
2005,18714.57,19359.9,19037.235,2
2005,19359.9,20005.23,19682.565000000002,3
2005,20005.23,20650.56,20327.895,0
2005,20650.56,21295.890000000003,20973.225000000002,3
2005,21295.890000000003,21941.22,21618.555,2
2005,21941.22,22586.550000000003,22263.885000000002,0
2005,22586.550000000003,23231.88,22909.215000000004,0
2005,23231.88,23877.210000000003,23554.545000000002,0
2005,23877.210000000003,24522.54,24199.875,0
2005,24522.54,25167.870000000003,24845.205,3
2005,25167.870000000003,25813.2,25490.535000000003,0
2005,25813.2,26458.530000000002,26135.865,0
2005,26458.530000000002,27103.86,26781.195,1
2005,27103.86,27749.190000000002,27426.525,1
2005,27749.190000000002,28394.52,28071.855000000003,0
2005,28394.52,29039.850000000002,28717.185,0
2005,29039.850000000002,29685.18,29362.515,0
2005,29685.18,30330.510000000002,30007.845,1
2005,30330.510000000002,30975.840000000004,30653.175000000003,0
2005,30975.840000000004,31621.170000000002,31298.505000000005,0
2005,31621.170000000002,32266.500000000004,31943.835000000003,0
2005,32266.500000000004,32911.83,32589.165,0
2005,32911.83,33557.16,33234.495,0
2005,33557.16,34202.490000000005,33879.825000000004,0
2005,34202.490000000005,34847.82,34525.155,0
2005,34847.82,35493.15,35170.485,0
2005,35493.15,36138.48,35815.815,0
2005,36138.48,36783.810000000005,36461.145000000004,0
2005,36783.810000000005,37429.14,37106.475000000006,0
2005,37429.14,38074.47,37751.805,0
2005,38074.47,38719.8,38397.135,0
2005,38719.8,39365.130000000005,39042.465000000004,0
2005,39365.130000000005,40010.46,39687.795,0
2005,40010.46,40655.79,40333.125,1
2005,40655.79,41301.12,40978.455,0
2005,41301.12,41946.450000000004,41623.785,0
2005,41946.450000000004,42591.780000000006,42269.115000000005,0
2005,42591.780000000006,43237.11,42914.44500000001,0
2005,43237.11,43882.44,43559.775,0
2005,43882.44,44527.770000000004,44205.105,0
2005,44527.770000000004,45173.100000000006,44850.435000000005,1
2005,45173.100000000006,45818.43,45495.765,0
2005,45818.43,46463.76,46141.095,0
2005,46463.76,47109.090000000004,46786.425,0
2005,47109.090000000004,47754.420000000006,47431.755000000005,0
2005,47754.420000000006,48399.75,48077.08500000001,0
2005,48399.75,49045.08,48722.415,0
2005,49045.08,49690.41,49367.745,0
2005,49690.41,50335.740000000005,50013.075000000004,0
2005,50335.740000000005,50981.07,50658.405,0
2005,50981.07,51626.4,51303.735,0
2005,51626.4,52271.73,51949.065,1
2005,52271.73,52917.060000000005,52594.395000000004,0
2005,52917.060000000005,53562.39000000001,53239.725000000006,0
2005,53562.39000000001,54207.72,53885.05500000001,0
2005,54207.72,54853.05,54530.385,0
2005,54853.05,55498.380000000005,55175.715000000004,0
2005,55498.380000000005,56143.71000000001,55821.045000000006,0
2005,56143.71000000001,56789.04,56466.375,0
2005,56789.04,57434.37,57111.705,0
2005,57434.37,58079.700000000004,57757.035,0
2005,58079.700000000004,58725.030000000006,58402.365000000005,0
2005,58725.030000000006,59370.36,59047.69500000001,0
2005,59370.36,60015.69,59693.025,0
2005,60015.69,60661.020000000004,60338.355,0
2005,60661.020000000004,61306.350000000006,60983.685000000005,0
2005,61306.350000000006,61951.68000000001,61629.01500000001,0
2005,61951.68000000001,62597.01,62274.345,0
2005,62597.01,63242.340000000004,62919.675,0
2005,63242.340000000004,63887.670000000006,63565.005000000005,0
2005,63887.670000000006,64533.0,64210.33500000001,1
2006,0.0,794.0,397.0,95822
2006,794.0,1588.0,1191.0,12391
2006,1588.0,2382.0,1985.0,3771
2006,2382.0,3176.0,2779.0,1752
2006,3176.0,3970.0,3573.0,804
2006,3970.0,4764.0,4367.0,600
2006,4764.0,5558.0,5161.0,377
2006,5558.0,6352.0,5955.0,211
2006,6352.0,7146.0,6749.0,159
2006,7146.0,7940.0,7543.0,88
2006,7940.0,8734.0,8337.0,89
2006,8734.0,9528.0,9131.0,63
2006,9528.0,10322.0,9925.0,49
2006,10322.0,11116.0,10719.0,29
2006,11116.0,11910.0,11513.0,13
2006,11910.0,12704.0,12307.0,29
2006,12704.0,13498.0,13101.0,13
2006,13498.0,14292.0,13895.0,9
2006,14292.0,15086.0,14689.0,18
2006,15086.0,15880.0,15483.0,4
2006,15880.0,16674.0,16277.0,5
2006,16674.0,17468.0,17071.0,4
2006,17468.0,18262.0,17865.0,3
2006,18262.0,19056.0,18659.0,4
2006,19056.0,19850.0,19453.0,2
2006,19850.0,20644.0,20247.0,2
2006,20644.0,21438.0,21041.0,1
2006,21438.0,22232.0,21835.0,1
2006,22232.0,23026.0,22629.0,2
2006,23026.0,23820.0,23423.0,2
2006,23820.0,24614.0,24217.0,1
2006,24614.0,25408.0,25011.0,5
2006,25408.0,26202.0,25805.0,1
2006,26202.0,26996.0,26599.0,1
2006,26996.0,27790.0,27393.0,0
2006,27790.0,28584.0,28187.0,1
2006,28584.0,29378.0,28981.0,0
2006,29378.0,30172.0,29775.0,1
2006,30172.0,30966.0,30569.0,0
2006,30966.0,31760.0,31363.0,0
2006,31760.0,32554.0,32157.0,1
2006,32554.0,33348.0,32951.0,0
2006,33348.0,34142.0,33745.0,0
2006,34142.0,34936.0,34539.0,1
2006,34936.0,35730.0,35333.0,1
2006,35730.0,36524.0,36127.0,0
2006,36524.0,37318.0,36921.0,0
2006,37318.0,38112.0,37715.0,0
2006,38112.0,38906.0,38509.0,0
2006,38906.0,39700.0,39303.0,0
2006,39700.0,40494.0,40097.0,0
2006,40494.0,41288.0,40891.0,0
2006,41288.0,42082.0,41685.0,0
2006,42082.0,42876.0,42479.0,0
2006,42876.0,43670.0,43273.0,0
2006,43670.0,44464.0,44067.0,0
2006,44464.0,45258.0,44861.0,0
2006,45258.0,46052.0,45655.0,0
2006,46052.0,46846.0,46449.0,1
2006,46846.0,47640.0,47243.0,0
2006,47640.0,48434.0,48037.0,0
2006,48434.0,49228.0,48831.0,0
2006,49228.0,50022.0,49625.0,0
2006,50022.0,50816.0,50419.0,0
2006,50816.0,51610.0,51213.0,0
2006,51610.0,52404.0,52007.0,0
2006,52404.0,53198.0,52801.0,0
2006,53198.0,53992.0,53595.0,0
2006,53992.0,54786.0,54389.0,1
2006,54786.0,55580.0,55183.0,0
2006,55580.0,56374.0,55977.0,0
2006,56374.0,57168.0,56771.0,0
2006,57168.0,57962.0,57565.0,0
2006,57962.0,58756.0,58359.0,0
2006,58756.0,59550.0,59153.0,0
2006,59550.0,60344.0,59947.0,0
2006,60344.0,61138.0,60741.0,0
2006,61138.0,61932.0,61535.0,0
2006,61932.0,62726.0,62329.0,0
2006,62726.0,63520.0,63123.0,0
2006,63520.0,64314.0,63917.0,0
2006,64314.0,65108.0,64711.0,0
2006,65108.0,65902.0,65505.0,0
2006,65902.0,66696.0,66299.0,0
2006,66696.0,67490.0,67093.0,0
2006,67490.0,68284.0,67887.0,0
2006,68284.0,69078.0,68681.0,0
2006,69078.0,69872.0,69475.0,0
2006,69872.0,70666.0,70269.0,0
2006,70666.0,71460.0,71063.0,0
2006,71460.0,72254.0,71857.0,0
2006,72254.0,73048.0,72651.0,0
2006,73048.0,73842.0,73445.0,0
2006,73842.0,74636.0,74239.0,0
2006,74636.0,75430.0,75033.0,0
2006,75430.0,76224.0,75827.0,0
2006,76224.0,77018.0,76621.0,0
2006,77018.0,77812.0,77415.0,0
2006,77812.0,78606.0,78209.0,0
2006,78606.0,79400.0,79003.0,1
2007,0.0,600.0,300.0,83055
2007,600.0,1200.0,900.0,19052
2007,1200.0,1800.0,1500.0,5726
2007,1800.0,2400.0,2100.0,2683
2007,2400.0,3000.0,2700.0,1320
2007,3000.0,3600.0,3300.0,990
2007,3600.0,4200.0,3900.0,601
2007,4200.0,4800.0,4500.0,352
2007,4800.0,5400.0,5100.0,354
2007,5400.0,6000.0,5700.0,166
2007,6000.0,6600.0,6300.0,189
2007,6600.0,7200.0,6900.0,112
2007,7200.0,7800.0,7500.0,94
2007,7800.0,8400.0,8100.0,64
2007,8400.0,9000.0,8700.0,39
2007,9000.0,9600.0,9300.0,56
2007,9600.0,10200.0,9900.0,65
2007,10200.0,10800.0,10500.0,30
2007,10800.0,11400.0,11100.0,25
2007,11400.0,12000.0,11700.0,14
2007,12000.0,12600.0,12300.0,15
2007,12600.0,13200.0,12900.0,6
2007,13200.0,13800.0,13500.0,10
2007,13800.0,14400.0,14100.0,14
2007,14400.0,15000.0,14700.0,5
2007,15000.0,15600.0,15300.0,16
2007,15600.0,16200.0,15900.0,5
2007,16200.0,16800.0,16500.0,5
2007,16800.0,17400.0,17100.0,2
2007,17400.0,18000.0,17700.0,0
2007,18000.0,18600.0,18300.0,6
2007,18600.0,19200.0,18900.0,2
2007,19200.0,19800.0,19500.0,0
2007,19800.0,20400.0,20100.0,10
2007,20400.0,21000.0,20700.0,3
2007,21000.0,21600.0,21300.0,1
2007,21600.0,22200.0,21900.0,1
2007,22200.0,22800.0,22500.0,0
2007,22800.0,23400.0,23100.0,1
2007,23400.0,24000.0,23700.0,3
2007,24000.0,24600.0,24300.0,1
2007,24600.0,25200.0,24900.0,3
2007,25200.0,25800.0,25500.0,0
2007,25800.0,26400.0,26100.0,2
2007,26400.0,27000.0,26700.0,1
2007,27000.0,27600.0,27300.0,0
2007,27600.0,28200.0,27900.0,0
2007,28200.0,28800.0,28500.0,0
2007,28800.0,29400.0,29100.0,1
2007,29400.0,30000.0,29700.0,0
2007,30000.0,30600.0,30300.0,2
2007,30600.0,31200.0,30900.0,1
2007,31200.0,31800.0,31500.0,0
2007,31800.0,32400.0,32100.0,2
2007,32400.0,33000.0,32700.0,0
2007,33000.0,33600.0,33300.0,0
2007,33600.0,34200.0,33900.0,0
2007,34200.0,34800.0,34500.0,0
2007,34800.0,35400.0,35100.0,0
2007,35400.0,36000.0,35700.0,0
2007,36000.0,36600.0,36300.0,2
2007,36600.0,37200.0,36900.0,0
2007,37200.0,37800.0,37500.0,0
2007,37800.0,38400.0,38100.0,0
2007,38400.0,39000.0,38700.0,0
2007,39000.0,39600.0,39300.0,1
2007,39600.0,40200.0,39900.0,0
2007,40200.0,40800.0,40500.0,0
2007,40800.0,41400.0,41100.0,0
2007,41400.0,42000.0,41700.0,1
2007,42000.0,42600.0,42300.0,0
2007,42600.0,43200.0,42900.0,0
2007,43200.0,43800.0,43500.0,0
2007,43800.0,44400.0,44100.0,0
2007,44400.0,45000.0,44700.0,0
2007,45000.0,45600.0,45300.0,0
2007,45600.0,46200.0,45900.0,0
2007,46200.0,46800.0,46500.0,0
2007,46800.0,47400.0,47100.0,0
2007,47400.0,48000.0,47700.0,0
2007,48000.0,48600.0,48300.0,0
2007,48600.0,49200.0,48900.0,0
2007,49200.0,49800.0,49500.0,0
2007,49800.0,50400.0,50100.0,2
2007,50400.0,51000.0,50700.0,0
2007,51000.0,51600.0,51300.0,0
2007,51600.0,52200.0,51900.0,0
2007,52200.0,52800.0,52500.0,0
2007,52800.0,53400.0,53100.0,0
2007,53400.0,54000.0,53700.0,0
2007,54000.0,54600.0,54300.0,0
2007,54600.0,55200.0,54900.0,0
2007,55200.0,55800.0,55500.0,0
2007,55800.0,56400.0,56100.0,0
2007,56400.0,57000.0,56700.0,0
2007,57000.0,57600.0,57300.0,0
2007,57600.0,58200.0,57900.0,0
2007,58200.0,58800.0,58500.0,0
2007,58800.0,59400.0,59100.0,0
2007,59400.0,60000.0,59700.0,1
2008,0.0,850.0,425.0,91380
2008,850.0,1700.0,1275.0,14179
2008,1700.0,2550.0,2125.0,4388
2008,2550.0,3400.0,2975.0,1833
2008,3400.0,4250.0,3825.0,1025
2008,4250.0,5100.0,4675.0,664
2008,5100.0,5950.0,5525.0,328
2008,5950.0,6800.0,6375.0,303
2008,6800.0,7650.0,7225.0,180
2008,7650.0,8500.0,8075.0,101
2008,8500.0,9350.0,8925.0,97
2008,9350.0,10200.0,9775.0,92
2008,10200.0,11050.0,10625.0,42
2008,11050.0,11900.0,11475.0,25
2008,11900.0,12750.0,12325.0,29
2008,12750.0,13600.0,13175.0,20
2008,13600.0,14450.0,14025.0,14
2008,14450.0,15300.0,14875.0,18
2008,15300.0,16150.0,15725.0,17
2008,16150.0,17000.0,16575.0,11
2008,17000.0,17850.0,17425.0,11
2008,17850.0,18700.0,18275.0,9
2008,18700.0,19550.0,19125.0,3
2008,19550.0,20400.0,19975.0,11
2008,20400.0,21250.0,20825.0,2
2008,21250.0,22100.0,21675.0,5
2008,22100.0,22950.0,22525.0,6
2008,22950.0,23800.0,23375.0,3
2008,23800.0,24650.0,24225.0,1
2008,24650.0,25500.0,25075.0,3
2008,25500.0,26350.0,25925.0,0
2008,26350.0,27200.0,26775.0,1
2008,27200.0,28050.0,27625.0,2
2008,28050.0,28900.0,28475.0,0
2008,28900.0,29750.0,29325.0,0
2008,29750.0,30600.0,30175.0,4
2008,30600.0,31450.0,31025.0,0
2008,31450.0,32300.0,31875.0,1
2008,32300.0,33150.0,32725.0,2
2008,33150.0,34000.0,33575.0,3
2008,34000.0,34850.0,34425.0,0
2008,34850.0,35700.0,35275.0,0
2008,35700.0,36550.0,36125.0,0
2008,36550.0,37400.0,36975.0,1
2008,37400.0,38250.0,37825.0,0
2008,38250.0,39100.0,38675.0,0
2008,39100.0,39950.0,39525.0,0
2008,39950.0,40800.0,40375.0,2
2008,40800.0,41650.0,41225.0,0
2008,41650.0,42500.0,42075.0,1
2008,42500.0,43350.0,42925.0,0
2008,43350.0,44200.0,43775.0,1
2008,44200.0,45050.0,44625.0,0
2008,45050.0,45900.0,45475.0,0
2008,45900.0,46750.0,46325.0,0
2008,46750.0,47600.0,47175.0,0
2008,47600.0,48450.0,48025.0,0
2008,48450.0,49300.0,48875.0,0
2008,49300.0,50150.0,49725.0,0
2008,50150.0,51000.0,50575.0,0
2008,51000.0,51850.0,51425.0,0
2008,51850.0,52700.0,52275.0,0
2008,52700.0,53550.0,53125.0,1
2008,53550.0,54400.0,53975.0,0
2008,54400.0,55250.0,54825.0,0
2008,55250.0,56100.0,55675.0,0
2008,56100.0,56950.0,56525.0,0
2008,56950.0,57800.0,57375.0,0
2008,57800.0,58650.0,58225.0,0
2008,58650.0,59500.0,59075.0,0
2008,59500.0,60350.0,59925.0,0
2008,60350.0,61200.0,60775.0,1
2008,61200.0,62050.0,61625.0,0
2008,62050.0,62900.0,62475.0,0
2008,62900.0,63750.0,63325.0,0
2008,63750.0,64600.0,64175.0,0
2008,64600.0,65450.0,65025.0,0
2008,65450.0,66300.0,65875.0,0
2008,66300.0,67150.0,66725.0,0
2008,67150.0,68000.0,67575.0,0
2008,68000.0,68850.0,68425.0,0
2008,68850.0,69700.0,69275.0,0
2008,69700.0,70550.0,70125.0,0
2008,70550.0,71400.0,70975.0,0
2008,71400.0,72250.0,71825.0,0
2008,72250.0,73100.0,72675.0,0
2008,73100.0,73950.0,73525.0,0
2008,73950.0,74800.0,74375.0,0
2008,74800.0,75650.0,75225.0,0
2008,75650.0,76500.0,76075.0,0
2008,76500.0,77350.0,76925.0,0
2008,77350.0,78200.0,77775.0,0
2008,78200.0,79050.0,78625.0,0
2008,79050.0,79900.0,79475.0,0
2008,79900.0,80750.0,80325.0,0
2008,80750.0,81600.0,81175.0,0
2008,81600.0,82450.0,82025.0,0
2008,82450.0,83300.0,82875.0,0
2008,83300.0,84150.0,83725.0,0
2008,84150.0,85000.0,84575.0,1
2009,0.0,946.69,473.345,94665
2009,946.69,1893.38,1420.035,14124
2009,1893.38,2840.07,2366.7250000000004,4245
2009,2840.07,3786.76,3313.415,1933
2009,3786.76,4733.450000000001,4260.1050000000005,943
2009,4733.450000000001,5680.14,5206.795,643
2009,5680.14,6626.83,6153.485000000001,366
2009,6626.83,7573.52,7100.175,225
2009,7573.52,8520.210000000001,8046.865000000001,185
2009,8520.210000000001,9466.900000000001,8993.555,100
2009,9466.900000000001,10413.59,9940.245,102
2009,10413.59,11360.28,10886.935000000001,60
2009,11360.28,12306.970000000001,11833.625,50
2009,12306.970000000001,13253.66,12780.315,32
2009,13253.66,14200.35,13727.005000000001,18
2009,14200.35,15147.04,14673.695,25
2009,15147.04,16093.730000000001,15620.385000000002,14
2009,16093.730000000001,17040.420000000002,16567.075,16
2009,17040.420000000002,17987.11,17513.765,10
2009,17987.11,18933.800000000003,18460.455,7
2009,18933.800000000003,19880.49,19407.145000000004,7
2009,19880.49,20827.18,20353.835,6
2009,20827.18,21773.870000000003,21300.525,6
2009,21773.870000000003,22720.56,22247.215000000004,15
2009,22720.56,23667.25,23193.905,2
2009,23667.25,24613.940000000002,24140.595,3
2009,24613.940000000002,25560.63,25087.285000000003,4
2009,25560.63,26507.32,26033.975,2
2009,26507.32,27454.010000000002,26980.665,2
2009,27454.010000000002,28400.7,27927.355000000003,0
2009,28400.7,29347.390000000003,28874.045000000002,2
2009,29347.390000000003,30294.08,29820.735,2
2009,30294.08,31240.77,30767.425000000003,0
2009,31240.77,32187.460000000003,31714.115,2
2009,32187.460000000003,33134.15,32660.805,0
2009,33134.15,34080.840000000004,33607.495,1
2009,34080.840000000004,35027.53,34554.185,0
2009,35027.53,35974.22,35500.875,0
2009,35974.22,36920.91,36447.565,1
2009,36920.91,37867.600000000006,37394.255000000005,0
2009,37867.600000000006,38814.29,38340.94500000001,0
2009,38814.29,39760.98,39287.635,0
2009,39760.98,40707.670000000006,40234.325000000004,1
2009,40707.670000000006,41654.36,41181.015,0
2009,41654.36,42601.05,42127.705,0
2009,42601.05,43547.740000000005,43074.395000000004,0
2009,43547.740000000005,44494.43,44021.08500000001,1
2009,44494.43,45441.12,44967.775,1
2009,45441.12,46387.810000000005,45914.465000000004,0
2009,46387.810000000005,47334.5,46861.155,0
2009,47334.5,48281.19,47807.845,0
2009,48281.19,49227.880000000005,48754.535,0
2009,49227.880000000005,50174.57,49701.225000000006,1
2009,50174.57,51121.26,50647.915,0
2009,51121.26,52067.950000000004,51594.605,0
2009,52067.950000000004,53014.64,52541.295,0
2009,53014.64,53961.33,53487.985,0
2009,53961.33,54908.020000000004,54434.675,0
2009,54908.020000000004,55854.71000000001,55381.365000000005,0
2009,55854.71000000001,56801.4,56328.05500000001,0
2009,56801.4,57748.090000000004,57274.745,1
2009,57748.090000000004,58694.780000000006,58221.435000000005,0
2009,58694.780000000006,59641.47,59168.125,0
2009,59641.47,60588.16,60114.815,0
2009,60588.16,61534.850000000006,61061.505000000005,0
2009,61534.850000000006,62481.54,62008.19500000001,0
2009,62481.54,63428.23,62954.885,0
2009,63428.23,64374.920000000006,63901.575000000004,0
2009,64374.920000000006,65321.61,64848.265,1
2009,65321.61,66268.3,65794.955,0
2009,66268.3,67214.99,66741.645,0
2009,67214.99,68161.68000000001,67688.335,0
2009,68161.68000000001,69108.37000000001,68635.02500000001,0
2009,69108.37000000001,70055.06,69581.715,0
2009,70055.06,71001.75,70528.405,0
2009,71001.75,71948.44,71475.095,0
2009,71948.44,72895.13,72421.785,0
2009,72895.13,73841.82,73368.475,0
2009,73841.82,74788.51000000001,74315.16500000001,1
2009,74788.51000000001,75735.20000000001,75261.85500000001,0
2009,75735.20000000001,76681.89,76208.54500000001,0
2009,76681.89,77628.58,77155.235,0
2009,77628.58,78575.27,78101.925,0
2009,78575.27,79521.96,79048.615,0
2009,79521.96,80468.65000000001,79995.30500000001,0
2009,80468.65000000001,81415.34000000001,80941.99500000001,0
2009,81415.34000000001,82362.03,81888.685,0
2009,82362.03,83308.72,82835.375,0
2009,83308.72,84255.41,83782.065,0
2009,84255.41,85202.1,84728.755,1
2009,85202.1,86148.79000000001,85675.445,0
2009,86148.79000000001,87095.48000000001,86622.13500000001,0
2009,87095.48000000001,88042.17,87568.82500000001,0
2009,88042.17,88988.86,88515.515,0
2009,88988.86,89935.55,89462.205,0
2009,89935.55,90882.24,90408.895,0
2009,90882.24,91828.93000000001,91355.585,0
2009,91828.93000000001,92775.62000000001,92302.27500000001,0
2009,92775.62000000001,93722.31000000001,93248.96500000001,0
2009,93722.31000000001,94669.0,94195.655,1
2011,0.0,1000.0,500.0,80878
2011,1000.0,2000.0,1500.0,16004
2011,2000.0,3000.0,2500.0,4343
2011,3000.0,4000.0,3500.0,1993
2011,4000.0,5000.0,4500.0,1031
2011,5000.0,6000.0,5500.0,710
2011,6000.0,7000.0,6500.0,416
2011,7000.0,8000.0,7500.0,269
2011,8000.0,9000.0,8500.0,188
2011,9000.0,10000.0,9500.0,137
2011,10000.0,11000.0,10500.0,127
2011,11000.0,12000.0,11500.0,59
2011,12000.0,13000.0,12500.0,61
2011,13000.0,14000.0,13500.0,42
2011,14000.0,15000.0,14500.0,29
2011,15000.0,16000.0,15500.0,45
2011,16000.0,17000.0,16500.0,24
2011,17000.0,18000.0,17500.0,9
2011,18000.0,19000.0,18500.0,10
2011,19000.0,20000.0,19500.0,6
2011,20000.0,21000.0,20500.0,25
2011,21000.0,22000.0,21500.0,4
2011,22000.0,23000.0,22500.0,7
2011,23000.0,24000.0,23500.0,0
2011,24000.0,25000.0,24500.0,2
2011,25000.0,26000.0,25500.0,3
2011,26000.0,27000.0,26500.0,3
2011,27000.0,28000.0,27500.0,0
2011,28000.0,29000.0,28500.0,3
2011,29000.0,30000.0,29500.0,3
2011,30000.0,31000.0,30500.0,3
2011,31000.0,32000.0,31500.0,1
2011,32000.0,33000.0,32500.0,0
2011,33000.0,34000.0,33500.0,2
2011,34000.0,35000.0,34500.0,0
2011,35000.0,36000.0,35500.0,0
2011,36000.0,37000.0,36500.0,1
2011,37000.0,38000.0,37500.0,1
2011,38000.0,39000.0,38500.0,0
2011,39000.0,40000.0,39500.0,1
2011,40000.0,41000.0,40500.0,1
2011,41000.0,42000.0,41500.0,0
2011,42000.0,43000.0,42500.0,0
2011,43000.0,44000.0,43500.0,0
2011,44000.0,45000.0,44500.0,2
2011,45000.0,46000.0,45500.0,0
2011,46000.0,47000.0,46500.0,0
2011,47000.0,48000.0,47500.0,0
2011,48000.0,49000.0,48500.0,0
2011,49000.0,50000.0,49500.0,1
2011,50000.0,51000.0,50500.0,0
2011,51000.0,52000.0,51500.0,0
2011,52000.0,53000.0,52500.0,0
2011,53000.0,54000.0,53500.0,1
2011,54000.0,55000.0,54500.0,0
2011,55000.0,56000.0,55500.0,0
2011,56000.0,57000.0,56500.0,0
2011,57000.0,58000.0,57500.0,0
2011,58000.0,59000.0,58500.0,0
2011,59000.0,60000.0,59500.0,1
2011,60000.0,61000.0,60500.0,0
2011,61000.0,62000.0,61500.0,0
2011,62000.0,63000.0,62500.0,0
2011,63000.0,64000.0,63500.0,0
2011,64000.0,65000.0,64500.0,0
2011,65000.0,66000.0,65500.0,0
2011,66000.0,67000.0,66500.0,0
2011,67000.0,68000.0,67500.0,0
2011,68000.0,69000.0,68500.0,0
2011,69000.0,70000.0,69500.0,0
2011,70000.0,71000.0,70500.0,1
2011,71000.0,72000.0,71500.0,0
2011,72000.0,73000.0,72500.0,0
2011,73000.0,74000.0,73500.0,0
2011,74000.0,75000.0,74500.0,0
2011,75000.0,76000.0,75500.0,0
2011,76000.0,77000.0,76500.0,0
2011,77000.0,78000.0,77500.0,0
2011,78000.0,79000.0,78500.0,0
2011,79000.0,80000.0,79500.0,0
2011,80000.0,81000.0,80500.0,0
2011,81000.0,82000.0,81500.0,0
2011,82000.0,83000.0,82500.0,0
2011,83000.0,84000.0,83500.0,0
2011,84000.0,85000.0,84500.0,0
2011,85000.0,86000.0,85500.0,0
2011,86000.0,87000.0,86500.0,0
2011,87000.0,88000.0,87500.0,0
2011,88000.0,89000.0,88500.0,0
2011,89000.0,90000.0,89500.0,0
2011,90000.0,91000.0,90500.0,0
2011,91000.0,92000.0,91500.0,0
2011,92000.0,93000.0,92500.0,0
2011,93000.0,94000.0,93500.0,0
2011,94000.0,95000.0,94500.0,0
2011,95000.0,96000.0,95500.0,0
2011,96000.0,97000.0,96500.0,0
2011,97000.0,98000.0,97500.0,0
2011,98000.0,99000.0,98500.0,0
2011,99000.0,100000.0,99500.0,1
2012,0.0,1000.0,500.0,79276
2012,1000.0,2000.0,1500.0,19482
2012,2000.0,3000.0,2500.0,5282
2012,3000.0,4000.0,3500.0,2505
2012,4000.0,5000.0,4500.0,1265
2012,5000.0,6000.0,5500.0,832
2012,6000.0,7000.0,6500.0,547
2012,7000.0,8000.0,7500.0,338
2012,8000.0,9000.0,8500.0,212
2012,9000.0,10000.0,9500.0,136
2012,10000.0,11000.0,10500.0,176
2012,11000.0,12000.0,11500.0,67
2012,12000.0,13000.0,12500.0,71
2012,13000.0,14000.0,13500.0,57
2012,14000.0,15000.0,14500.0,40
2012,15000.0,16000.0,15500.0,47
2012,16000.0,17000.0,16500.0,22
2012,17000.0,18000.0,17500.0,16
2012,18000.0,19000.0,18500.0,24
2012,19000.0,20000.0,19500.0,6
2012,20000.0,21000.0,20500.0,26
2012,21000.0,22000.0,21500.0,4
2012,22000.0,23000.0,22500.0,7
2012,23000.0,24000.0,23500.0,6
2012,24000.0,25000.0,24500.0,4
2012,25000.0,26000.0,25500.0,10
2012,26000.0,27000.0,26500.0,2
2012,27000.0,28000.0,27500.0,1
2012,28000.0,29000.0,28500.0,5
2012,29000.0,30000.0,29500.0,0
2012,30000.0,31000.0,30500.0,7
2012,31000.0,32000.0,31500.0,2
2012,32000.0,33000.0,32500.0,2
2012,33000.0,34000.0,33500.0,3
2012,34000.0,35000.0,34500.0,2
2012,35000.0,36000.0,35500.0,4
2012,36000.0,37000.0,36500.0,0
2012,37000.0,38000.0,37500.0,0
2012,38000.0,39000.0,38500.0,0
2012,39000.0,40000.0,39500.0,0
2012,40000.0,41000.0,40500.0,2
2012,41000.0,42000.0,41500.0,1
2012,42000.0,43000.0,42500.0,1
2012,43000.0,44000.0,43500.0,2
2012,44000.0,45000.0,44500.0,0
2012,45000.0,46000.0,45500.0,1
2012,46000.0,47000.0,46500.0,0
2012,47000.0,48000.0,47500.0,0
2012,48000.0,49000.0,48500.0,0
2012,49000.0,50000.0,49500.0,0
2012,50000.0,51000.0,50500.0,0
2012,51000.0,52000.0,51500.0,0
2012,52000.0,53000.0,52500.0,1
2012,53000.0,54000.0,53500.0,0
2012,54000.0,55000.0,54500.0,0
2012,55000.0,56000.0,55500.0,0
2012,56000.0,57000.0,56500.0,0
2012,57000.0,58000.0,57500.0,1
2012,58000.0,59000.0,58500.0,0
2012,59000.0,60000.0,59500.0,0
2012,60000.0,61000.0,60500.0,3
2012,61000.0,62000.0,61500.0,0
2012,62000.0,63000.0,62500.0,0
2012,63000.0,64000.0,63500.0,0
2012,64000.0,65000.0,64500.0,0
2012,65000.0,66000.0,65500.0,1
2012,66000.0,67000.0,66500.0,0
2012,67000.0,68000.0,67500.0,0
2012,68000.0,69000.0,68500.0,0
2012,69000.0,70000.0,69500.0,0
2012,70000.0,71000.0,70500.0,1
2012,71000.0,72000.0,71500.0,0
2012,72000.0,73000.0,72500.0,0
2012,73000.0,74000.0,73500.0,0
2012,74000.0,75000.0,74500.0,0
2012,75000.0,76000.0,75500.0,0
2012,76000.0,77000.0,76500.0,0
2012,77000.0,78000.0,77500.0,0
2012,78000.0,79000.0,78500.0,0
2012,79000.0,80000.0,79500.0,0
2012,80000.0,81000.0,80500.0,0
2012,81000.0,82000.0,81500.0,0
2012,82000.0,83000.0,82500.0,0
2012,83000.0,84000.0,83500.0,1
2012,84000.0,85000.0,84500.0,0
2012,85000.0,86000.0,85500.0,0
2012,86000.0,87000.0,86500.0,0
2012,87000.0,88000.0,87500.0,0
2012,88000.0,89000.0,88500.0,0
2012,89000.0,90000.0,89500.0,0
2012,90000.0,91000.0,90500.0,0
2012,91000.0,92000.0,91500.0,0
2012,92000.0,93000.0,92500.0,0
2012,93000.0,94000.0,93500.0,0
2012,94000.0,95000.0,94500.0,0
2012,95000.0,96000.0,95500.0,0
2012,96000.0,97000.0,96500.0,0
2012,97000.0,98000.0,97500.0,0
2012,98000.0,99000.0,98500.0,0
2012,99000.0,100000.0,99500.0,1
2013,0.0,820.0,410.0,67962
2013,820.0,1640.0,1230.0,25919
2013,1640.0,2460.0,2050.0,7322
2013,2460.0,3280.0,2870.0,3664
2013,3280.0,4100.0,3690.0,1909
2013,4100.0,4920.0,4510.0,972
2013,4920.0,5740.0,5330.0,877
2013,5740.0,6560.0,6150.0,551
2013,6560.0,7380.0,6970.0,371
2013,7380.0,8200.0,7790.0,327
2013,8200.0,9020.0,8610.0,236
2013,9020.0,9840.0,9430.0,103
2013,9840.0,10660.0,10250.0,229
2013,10660.0,11480.0,11070.0,83
2013,11480.0,12300.0,11890.0,91
2013,12300.0,13120.0,12710.0,75
2013,13120.0,13940.0,13530.0,44
2013,13940.0,14760.0,14350.0,40
2013,14760.0,15580.0,15170.0,57
2013,15580.0,16400.0,15990.0,25
2013,16400.0,17220.0,16810.0,24
2013,17220.0,18040.0,17630.0,22
2013,18040.0,18860.0,18450.0,7
2013,18860.0,19680.0,19270.0,7
2013,19680.0,20500.0,20090.0,25
2013,20500.0,21320.0,20910.0,7
2013,21320.0,22140.0,21730.0,8
2013,22140.0,22960.0,22550.0,2
2013,22960.0,23780.0,23370.0,6
2013,23780.0,24600.0,24190.0,5
2013,24600.0,25420.0,25010.0,8
2013,25420.0,26240.0,25830.0,5
2013,26240.0,27060.0,26650.0,7
2013,27060.0,27880.0,27470.0,0
2013,27880.0,28700.0,28290.0,3
2013,28700.0,29520.0,29110.0,4
2013,29520.0,30340.0,29930.0,2
2013,30340.0,31160.0,30750.0,3
2013,31160.0,31980.0,31570.0,1
2013,31980.0,32800.0,32390.0,1
2013,32800.0,33620.0,33210.0,2
2013,33620.0,34440.0,34030.0,0
2013,34440.0,35260.0,34850.0,1
2013,35260.0,36080.0,35670.0,0
2013,36080.0,36900.0,36490.0,0
2013,36900.0,37720.0,37310.0,2
2013,37720.0,38540.0,38130.0,0
2013,38540.0,39360.0,38950.0,0
2013,39360.0,40180.0,39770.0,2
2013,40180.0,41000.0,40590.0,0
2013,41000.0,41820.0,41410.0,0
2013,41820.0,42640.0,42230.0,0
2013,42640.0,43460.0,43050.0,1
2013,43460.0,44280.0,43870.0,1
2013,44280.0,45100.0,44690.0,1
2013,45100.0,45920.0,45510.0,1
2013,45920.0,46740.0,46330.0,0
2013,46740.0,47560.0,47150.0,0
2013,47560.0,48380.0,47970.0,0
2013,48380.0,49200.0,48790.0,1
2013,49200.0,50020.0,49610.0,3
2013,50020.0,50840.0,50430.0,0
2013,50840.0,51660.0,51250.0,1
2013,51660.0,52480.0,52070.0,0
2013,52480.0,53300.0,52890.0,0
2013,53300.0,54120.0,53710.0,0
2013,54120.0,54940.0,54530.0,0
2013,54940.0,55760.0,55350.0,0
2013,55760.0,56580.0,56170.0,0
2013,56580.0,57400.0,56990.0,2
2013,57400.0,58220.0,57810.0,0
2013,58220.0,59040.0,58630.0,1
2013,59040.0,59860.0,59450.0,0
2013,59860.0,60680.0,60270.0,0
2013,60680.0,61500.0,61090.0,0
2013,61500.0,62320.0,61910.0,1
2013,62320.0,63140.0,62730.0,0
2013,63140.0,63960.0,63550.0,1
2013,63960.0,64780.0,64370.0,0
2013,64780.0,65600.0,65190.0,0
2013,65600.0,66420.0,66010.0,0
2013,66420.0,67240.0,66830.0,0
2013,67240.0,68060.0,67650.0,0
2013,68060.0,68880.0,68470.0,0
2013,68880.0,69700.0,69290.0,1
2013,69700.0,70520.0,70110.0,0
2013,70520.0,71340.0,70930.0,1
2013,71340.0,72160.0,71750.0,0
2013,72160.0,72980.0,72570.0,0
2013,72980.0,73800.0,73390.0,0
2013,73800.0,74620.0,74210.0,0
2013,74620.0,75440.0,75030.0,0
2013,75440.0,76260.0,75850.0,0
2013,76260.0,77080.0,76670.0,0
2013,77080.0,77900.0,77490.0,0
2013,77900.0,78720.0,78310.0,0
2013,78720.0,79540.0,79130.0,0
2013,79540.0,80360.0,79950.0,1
2013,80360.0,81180.0,80770.0,0
2013,81180.0,82000.0,81590.0,1
2014,0.0,1000.0,500.0,73917
2014,1000.0,2000.0,1500.0,25265
2014,2000.0,3000.0,2500.0,7005
2014,3000.0,4000.0,3500.0,3257
2014,4000.0,5000.0,4500.0,1713
2014,5000.0,6000.0,5500.0,1128
2014,6000.0,7000.0,6500.0,701
2014,7000.0,8000.0,7500.0,480
2014,8000.0,9000.0,8500.0,351
2014,9000.0,10000.0,9500.0,217
2014,10000.0,11000.0,10500.0,257
2014,11000.0,12000.0,11500.0,117
2014,12000.0,13000.0,12500.0,125
2014,13000.0,14000.0,13500.0,77
2014,14000.0,15000.0,14500.0,57
2014,15000.0,16000.0,15500.0,88
2014,16000.0,17000.0,16500.0,41
2014,17000.0,18000.0,17500.0,31
2014,18000.0,19000.0,18500.0,24
2014,19000.0,20000.0,19500.0,22
2014,20000.0,21000.0,20500.0,41
2014,21000.0,22000.0,21500.0,6
2014,22000.0,23000.0,22500.0,15
2014,23000.0,24000.0,23500.0,12
2014,24000.0,25000.0,24500.0,5
2014,25000.0,26000.0,25500.0,17
2014,26000.0,27000.0,26500.0,9
2014,27000.0,28000.0,27500.0,3
2014,28000.0,29000.0,28500.0,2
2014,29000.0,30000.0,29500.0,3
2014,30000.0,31000.0,30500.0,4
2014,31000.0,32000.0,31500.0,0
2014,32000.0,33000.0,32500.0,3
2014,33000.0,34000.0,33500.0,1
2014,34000.0,35000.0,34500.0,0
2014,35000.0,36000.0,35500.0,3
2014,36000.0,37000.0,36500.0,1
2014,37000.0,38000.0,37500.0,2
2014,38000.0,39000.0,38500.0,1
2014,39000.0,40000.0,39500.0,0
2014,40000.0,41000.0,40500.0,2
2014,41000.0,42000.0,41500.0,0
2014,42000.0,43000.0,42500.0,0
2014,43000.0,44000.0,43500.0,2
2014,44000.0,45000.0,44500.0,0
2014,45000.0,46000.0,45500.0,3
2014,46000.0,47000.0,46500.0,0
2014,47000.0,48000.0,47500.0,1
2014,48000.0,49000.0,48500.0,1
2014,49000.0,50000.0,49500.0,0
2014,50000.0,51000.0,50500.0,1
2014,51000.0,52000.0,51500.0,2
2014,52000.0,53000.0,52500.0,0
2014,53000.0,54000.0,53500.0,1
2014,54000.0,55000.0,54500.0,0
2014,55000.0,56000.0,55500.0,0
2014,56000.0,57000.0,56500.0,0
2014,57000.0,58000.0,57500.0,0
2014,58000.0,59000.0,58500.0,0
2014,59000.0,60000.0,59500.0,0
2014,60000.0,61000.0,60500.0,1
2014,61000.0,62000.0,61500.0,0
2014,62000.0,63000.0,62500.0,0
2014,63000.0,64000.0,63500.0,0
2014,64000.0,65000.0,64500.0,0
2014,65000.0,66000.0,65500.0,0
2014,66000.0,67000.0,66500.0,0
2014,67000.0,68000.0,67500.0,0
2014,68000.0,69000.0,68500.0,0
2014,69000.0,70000.0,69500.0,0
2014,70000.0,71000.0,70500.0,0
2014,71000.0,72000.0,71500.0,0
2014,72000.0,73000.0,72500.0,1
2014,73000.0,74000.0,73500.0,0
2014,74000.0,75000.0,74500.0,0
2014,75000.0,76000.0,75500.0,0
2014,76000.0,77000.0,76500.0,1
2014,77000.0,78000.0,77500.0,0
2014,78000.0,79000.0,78500.0,0
2014,79000.0,80000.0,79500.0,0
2014,80000.0,81000.0,80500.0,1
2014,81000.0,82000.0,81500.0,0
2014,82000.0,83000.0,82500.0,0
2014,83000.0,84000.0,83500.0,0
2014,84000.0,85000.0,84500.0,0
2014,85000.0,86000.0,85500.0,0
2014,86000.0,87000.0,86500.0,0
2014,87000.0,88000.0,87500.0,0
2014,88000.0,89000.0,88500.0,0
2014,89000.0,90000.0,89500.0,0
2014,90000.0,91000.0,90500.0,0
2014,91000.0,92000.0,91500.0,0
2014,92000.0,93000.0,92500.0,1
2014,93000.0,94000.0,93500.0,0
2014,94000.0,95000.0,94500.0,0
2014,95000.0,96000.0,95500.0,0
2014,96000.0,97000.0,96500.0,0
2014,97000.0,98000.0,97500.0,0
2014,98000.0,99000.0,98500.0,0
2014,99000.0,100000.0,99500.0,1
2015,0.0,1070.0,535.0,77626
2015,1070.0,2140.0,1605.0,23693
2015,2140.0,3210.0,2675.0,6483
2015,3210.0,4280.0,3745.0,2921
2015,4280.0,5350.0,4815.0,1524
2015,5350.0,6420.0,5885.0,918
2015,6420.0,7490.0,6955.0,599
2015,7490.0,8560.0,8025.0,508
2015,8560.0,9630.0,9095.0,267
2015,9630.0,10700.0,10165.0,310
2015,10700.0,11770.0,11235.0,135
2015,11770.0,12840.0,12305.0,141
2015,12840.0,13910.0,13375.0,72
2015,13910.0,14980.0,14445.0,60
2015,14980.0,16050.0,15515.0,94
2015,16050.0,17120.0,16585.0,36
2015,17120.0,18190.0,17655.0,37
2015,18190.0,19260.0,18725.0,17
2015,19260.0,20330.0,19795.0,50
2015,20330.0,21400.0,20865.0,15
2015,21400.0,22470.0,21935.0,14
2015,22470.0,23540.0,23005.0,24
2015,23540.0,24610.0,24075.0,6
2015,24610.0,25680.0,25145.0,15
2015,25680.0,26750.0,26215.0,7
2015,26750.0,27820.0,27285.0,9
2015,27820.0,28890.0,28355.0,2
2015,28890.0,29960.0,29425.0,1
2015,29960.0,31030.0,30495.0,8
2015,31030.0,32100.0,31565.0,7
2015,32100.0,33170.0,32635.0,3
2015,33170.0,34240.0,33705.0,5
2015,34240.0,35310.0,34775.0,6
2015,35310.0,36380.0,35845.0,1
2015,36380.0,37450.0,36915.0,0
2015,37450.0,38520.0,37985.0,0
2015,38520.0,39590.0,39055.0,0
2015,39590.0,40660.0,40125.0,4
2015,40660.0,41730.0,41195.0,0
2015,41730.0,42800.0,42265.0,0
2015,42800.0,43870.0,43335.0,0
2015,43870.0,44940.0,44405.0,0
2015,44940.0,46010.0,45475.0,3
2015,46010.0,47080.0,46545.0,0
2015,47080.0,48150.0,47615.0,0
2015,48150.0,49220.0,48685.0,0
2015,49220.0,50290.0,49755.0,0
2015,50290.0,51360.0,50825.0,0
2015,51360.0,52430.0,51895.0,0
2015,52430.0,53500.0,52965.0,0
2015,53500.0,54570.0,54035.0,1
2015,54570.0,55640.0,55105.0,0
2015,55640.0,56710.0,56175.0,0
2015,56710.0,57780.0,57245.0,0
2015,57780.0,58850.0,58315.0,0
2015,58850.0,59920.0,59385.0,0
2015,59920.0,60990.0,60455.0,1
2015,60990.0,62060.0,61525.0,0
2015,62060.0,63130.0,62595.0,0
2015,63130.0,64200.0,63665.0,0
2015,64200.0,65270.0,64735.0,0
2015,65270.0,66340.0,65805.0,0
2015,66340.0,67410.0,66875.0,0
2015,67410.0,68480.0,67945.0,0
2015,68480.0,69550.0,69015.0,0
2015,69550.0,70620.0,70085.0,0
2015,70620.0,71690.0,71155.0,1
2015,71690.0,72760.0,72225.0,0
2015,72760.0,73830.0,73295.0,0
2015,73830.0,74900.0,74365.0,0
2015,74900.0,75970.0,75435.0,0
2015,75970.0,77040.0,76505.0,0
2015,77040.0,78110.0,77575.0,0
2015,78110.0,79180.0,78645.0,0
2015,79180.0,80250.0,79715.0,0
2015,80250.0,81320.0,80785.0,0
2015,81320.0,82390.0,81855.0,0
2015,82390.0,83460.0,82925.0,0
2015,83460.0,84530.0,83995.0,0
2015,84530.0,85600.0,85065.0,0
2015,85600.0,86670.0,86135.0,0
2015,86670.0,87740.0,87205.0,0
2015,87740.0,88810.0,88275.0,0
2015,88810.0,89880.0,89345.0,0
2015,89880.0,90950.0,90415.0,0
2015,90950.0,92020.0,91485.0,0
2015,92020.0,93090.0,92555.0,0
2015,93090.0,94160.0,93625.0,0
2015,94160.0,95230.0,94695.0,0
2015,95230.0,96300.0,95765.0,0
2015,96300.0,97370.0,96835.0,0
2015,97370.0,98440.0,97905.0,0
2015,98440.0,99510.0,98975.0,0
2015,99510.0,100580.0,100045.0,0
2015,100580.0,101650.0,101115.0,0
2015,101650.0,102720.0,102185.0,0
2015,102720.0,103790.0,103255.0,0
2015,103790.0,104860.0,104325.0,0
2015,104860.0,105930.0,105395.0,0
2015,105930.0,107000.0,106465.0,1
2016,6.0,335.94,170.97,21265
2016,335.94,665.88,500.90999999999997,22855
2016,665.88,995.8199999999999,830.8499999999999,51136
2016,995.8199999999999,1325.76,1160.79,44050
2016,1325.76,1655.7,1490.73,23271
2016,1655.7,1985.6399999999999,1820.67,9019
2016,1985.6399999999999,2315.58,2150.6099999999997,16088
2016,2315.58,2645.52,2480.55,7736
2016,2645.52,2975.46,2810.49,1958
2016,2975.46,3305.4,3140.4300000000003,8889
2016,3305.4,3635.34,3470.37,2861
2016,3635.34,3965.2799999999997,3800.31,693
2016,3965.2799999999997,4295.22,4130.25,4126
2016,4295.22,4625.16,4460.1900000000005,1224
2016,4625.16,4955.1,4790.13,291
2016,4955.1,5285.04,5120.07,4114
2016,5285.04,5614.98,5450.01,499
2016,5614.98,5944.92,5779.95,145
2016,5944.92,6274.86,6109.889999999999,1765
2016,6274.86,6604.8,6439.83,305
2016,6604.8,6934.74,6769.77,112
2016,6934.74,7264.68,7099.71,1088
2016,7264.68,7594.62,7429.65,225
2016,7594.62,7924.5599999999995,7759.59,65
2016,7924.5599999999995,8254.5,8089.53,1174
2016,8254.5,8584.44,8419.470000000001,133
2016,8584.44,8914.38,8749.41,76
2016,8914.38,9244.32,9079.349999999999,402
2016,9244.32,9574.26,9409.29,58
2016,9574.26,9904.2,9739.23,35
2016,9904.2,10234.14,10069.17,1474
2016,10234.14,10564.08,10399.11,45
2016,10564.08,10894.02,10729.05,23
2016,10894.02,11223.96,11058.99,168
2016,11223.96,11553.9,11388.93,23
2016,11553.9,11883.84,11718.869999999999,12
2016,11883.84,12213.78,12048.810000000001,407
2016,12213.78,12543.72,12378.75,30
2016,12543.72,12873.66,12708.689999999999,11
2016,12873.66,13203.6,13038.630000000001,123
2016,13203.6,13533.539999999999,13368.57,20
2016,13533.539999999999,13863.48,13698.509999999998,6
2016,13863.48,14193.42,14028.45,112
2016,14193.42,14523.36,14358.39,17
2016,14523.36,14853.3,14688.33,2
2016,14853.3,15183.24,15018.27,510
2016,15183.24,15513.18,15348.21,8
2016,15513.18,15843.119999999999,15678.15,7
2016,15843.119999999999,16173.06,16008.09,101
2016,16173.06,16503.0,16338.029999999999,9
2016,16503.0,16832.94,16667.97,4
2016,16832.94,17162.88,16997.91,55
2016,17162.88,17492.82,17327.85,1
2016,17492.82,17822.76,17657.79,13
2016,17822.76,18152.7,17987.73,122
2016,18152.7,18482.64,18317.67,3
2016,18482.64,18812.579999999998,18647.61,7
2016,18812.579999999998,19142.52,18977.55,52
2016,19142.52,19472.46,19307.489999999998,2
2016,19472.46,19802.4,19637.43,5
2016,19802.4,20132.34,19967.370000000003,315
2016,20132.34,20462.28,20297.309999999998,0
2016,20462.28,20792.22,20627.25,0
2016,20792.22,21122.16,20957.190000000002,35
2016,21122.16,21452.1,21287.129999999997,2
2016,21452.1,21782.04,21617.07,3
2016,21782.04,22111.98,21947.010000000002,37
2016,22111.98,22441.92,22276.949999999997,2
2016,22441.92,22771.86,22606.89,5
2016,22771.86,23101.8,22936.83,29
2016,23101.8,23431.74,23266.77,0
2016,23431.74,23761.68,23596.71,3
2016,23761.68,24091.62,23926.65,16
2016,24091.62,24421.56,24256.59,0
2016,24421.56,24751.5,24586.53,3
2016,24751.5,25081.44,24916.47,112
2016,25081.44,25411.38,25246.41,1
2016,25411.38,25741.32,25576.35,1
2016,25741.32,26071.26,25906.29,16
2016,26071.26,26401.2,26236.23,0
2016,26401.2,26731.14,26566.17,0
2016,26731.14,27061.079999999998,26896.11,15
2016,27061.079999999998,27391.02,27226.05,0
2016,27391.02,27720.96,27555.989999999998,1
2016,27720.96,28050.9,27885.93,16
2016,28050.9,28380.84,28215.870000000003,0
2016,28380.84,28710.78,28545.809999999998,1
2016,28710.78,29040.72,28875.75,11
2016,29040.72,29370.66,29205.690000000002,0
2016,29370.66,29700.6,29535.629999999997,1
2016,29700.6,30030.54,29865.57,109
2016,30030.54,30360.48,30195.510000000002,0
2016,30360.48,30690.42,30525.449999999997,1
2016,30690.42,31020.36,30855.39,4
2016,31020.36,31350.3,31185.33,0
2016,31350.3,31680.239999999998,31515.269999999997,1
2016,31680.239999999998,32010.18,31845.21,5
2016,32010.18,32340.12,32175.15,3
2016,32340.12,32670.06,32505.09,0
2016,32670.06,33000.0,32835.03,3
2017,5.0,444.95,224.975,28610
2017,444.95,884.9,664.925,25441
2017,884.9,1324.85,1104.875,78221
2017,1324.85,1764.8,1544.8249999999998,26778
2017,1764.8,2204.75,1984.775,23044
2017,2204.75,2644.7,2424.725,9111
2017,2644.7,3084.65,2864.675,10662
2017,3084.65,3524.6,3304.625,3787
2017,3524.6,3964.5499999999997,3744.575,1043
2017,3964.5499999999997,4404.5,4184.525,4640
2017,4404.5,4844.45,4624.475,1429
2017,4844.45,5284.4,5064.424999999999,4370
2017,5284.4,5724.349999999999,5504.375,658
2017,5724.349999999999,6164.3,5944.325,1924
2017,6164.3,6604.25,6384.275,415
2017,6604.25,7044.2,6824.225,1252
2017,7044.2,7484.15,7264.174999999999,103
2017,7484.15,7924.099999999999,7704.125,321
2017,7924.099999999999,8364.05,8144.074999999999,1241
2017,8364.05,8804.0,8584.025,169
2017,8804.0,9243.949999999999,9023.974999999999,455
2017,9243.949999999999,9683.9,9463.925,101
2017,9683.9,10123.85,9903.875,1567
2017,10123.85,10563.8,10343.825,68
2017,10563.8,11003.75,10783.775,207
2017,11003.75,11443.699999999999,11223.724999999999,17
2017,11443.699999999999,11883.65,11663.675,35
2017,11883.65,12323.6,12103.625,462
2017,12323.6,12763.55,12543.575,54
2017,12763.55,13203.5,12983.525,162
2017,13203.5,13643.449999999999,13423.474999999999,23
2017,13643.449999999999,14083.4,13863.425,136
2017,14083.4,14523.35,14303.375,17
2017,14523.35,14963.3,14743.325,8
2017,14963.3,15403.25,15183.275,578
2017,15403.25,15843.199999999999,15623.224999999999,20
2017,15843.199999999999,16283.15,16063.175,102
2017,16283.15,16723.1,16503.125,14
2017,16723.1,17163.05,16943.074999999997,75
2017,17163.05,17603.0,17383.025,14
2017,17603.0,18042.95,17822.975,121
2017,18042.95,18482.899999999998,18262.925,3
2017,18482.899999999998,18922.85,18702.875,10
2017,18922.85,19362.8,19142.824999999997,48
2017,19362.8,19802.75,19582.775,11
2017,19802.75,20242.7,20022.725,355
2017,20242.7,20682.649999999998,20462.675,10
2017,20682.649999999998,21122.6,20902.625,25
2017,21122.6,21562.55,21342.574999999997,5
2017,21562.55,22002.5,21782.525,43
2017,22002.5,22442.45,22222.475,3
2017,22442.45,22882.399999999998,22662.425,4
2017,22882.399999999998,23322.35,23102.375,25
2017,23322.35,23762.3,23542.324999999997,4
2017,23762.3,24202.25,23982.275,24
2017,24202.25,24642.2,24422.225,2
2017,24642.2,25082.149999999998,24862.175,117
2017,25082.149999999998,25522.1,25302.125,2
2017,25522.1,25962.05,25742.074999999997,1
2017,25962.05,26402.0,26182.025,20
2017,26402.0,26841.95,26621.975,1
2017,26841.95,27281.899999999998,27061.925,18
2017,27281.899999999998,27721.85,27501.875,2
2017,27721.85,28161.8,27941.824999999997,17
2017,28161.8,28601.75,28381.775,0
2017,28601.75,29041.7,28821.725,3
2017,29041.7,29481.649999999998,29261.675,0
2017,29481.649999999998,29921.6,29701.625,0
2017,29921.6,30361.55,30141.574999999997,132
2017,30361.55,30801.5,30581.525,1
2017,30801.5,31241.45,31021.475,2
2017,31241.45,31681.399999999998,31461.425,0
2017,31681.399999999998,32121.35,31901.375,13
2017,32121.35,32561.3,32341.324999999997,3
2017,32561.3,33001.25,32781.275,8
2017,33001.25,33441.2,33221.225,1
2017,33441.2,33881.15,33661.175,2
2017,33881.15,34321.1,34101.125,6
2017,34321.1,34761.049999999996,34541.075,2
2017,34761.049999999996,35201.0,34981.024999999994,40
2017,35201.0,35640.95,35420.975,1
2017,35640.95,36080.9,35860.925,4
2017,36080.9,36520.85,36300.875,0
2017,36520.85,36960.799999999996,36740.825,0
2017,36960.799999999996,37400.75,37180.774999999994,3
2017,37400.75,37840.7,37620.725,1
2017,37840.7,38280.65,38060.675,3
2017,38280.65,38720.6,38500.625,0
2017,38720.6,39160.549999999996,38940.575,4
2017,39160.549999999996,39600.5,39380.524999999994,2
2017,39600.5,40040.45,39820.475,41
2017,40040.45,40480.4,40260.425,0
2017,40480.4,40920.35,40700.375,0
2017,40920.35,41360.299999999996,41140.325,1
2017,41360.299999999996,41800.25,41580.274999999994,0
2017,41800.25,42240.2,42020.225,4
2017,42240.2,42680.15,42460.175,1
2017,42680.15,43120.1,42900.125,1
2017,43120.1,43560.049999999996,43340.075,0
2017,43560.049999999996,44000.0,43780.024999999994,1
2018,5.0,704.95,354.975,46476
2018,704.95,1404.9,1054.9250000000002,85090
2018,1404.9,2104.8500000000004,1754.8750000000002,44648
2018,2104.8500000000004,2804.8,2454.8250000000003,13034
2018,2804.8,3504.75,3154.775,13315
2018,3504.75,4204.700000000001,3854.7250000000004,5602
2018,4204.700000000001,4904.650000000001,4554.675000000001,1801
2018,4904.650000000001,5604.6,5254.625,5389
2018,5604.6,6304.55,5954.575000000001,2269
2018,6304.55,7004.5,6654.525,1776
2018,7004.5,7704.450000000001,7354.475,394
2018,7704.450000000001,8404.400000000001,8054.425000000001,1375
2018,8404.400000000001,9104.35,8754.375,668
2018,9104.35,9804.300000000001,9454.325,160
2018,9804.300000000001,10504.25,10154.275000000001,1669
2018,10504.25,11204.2,10854.225,251
2018,11204.2,11904.150000000001,11554.175000000001,55
2018,11904.150000000001,12604.1,12254.125,557
2018,12604.1,13304.050000000001,12954.075,198
2018,13304.050000000001,14004.0,13654.025000000001,173
2018,14004.0,14703.95,14353.975,20
2018,14703.95,15403.900000000001,15053.925000000001,662
2018,15403.900000000001,16103.85,15753.875,139
2018,16103.85,16803.800000000003,16453.825,16
2018,16803.800000000003,17503.75,17153.775,105
2018,17503.75,18203.7,17853.725,134
2018,18203.7,18903.65,18553.675000000003,11
2018,18903.65,19603.600000000002,19253.625,63
2018,19603.600000000002,20303.550000000003,19953.575000000004,390
2018,20303.550000000003,21003.5,20653.525,32
2018,21003.5,21703.45,21353.475,7
2018,21703.45,22403.4,22053.425000000003,44
2018,22403.4,23103.350000000002,22753.375,47
2018,23103.350000000002,23803.300000000003,23453.325000000004,3
2018,23803.300000000003,24503.25,24153.275,19
2018,24503.25,25203.2,24853.225,167
2018,25203.2,25903.15,25553.175000000003,1
2018,25903.15,26603.100000000002,26253.125,14
2018,26603.100000000002,27303.050000000003,26953.075000000004,19
2018,27303.050000000003,28003.0,27653.025,39
2018,28003.0,28702.95,28352.975,3
2018,28702.95,29402.9,29052.925000000003,8
2018,29402.9,30102.850000000002,29752.875,184
2018,30102.850000000002,30802.800000000003,30452.825000000004,2
2018,30802.800000000003,31502.750000000004,31152.775,6
2018,31502.750000000004,32202.7,31852.725000000002,8
2018,32202.7,32902.65,32552.675000000003,4
2018,32902.65,33602.600000000006,33252.625,12
2018,33602.600000000006,34302.55,33952.575000000004,5
2018,34302.55,35002.5,34652.525,26
2018,35002.5,35702.450000000004,35352.475000000006,2
2018,35702.450000000004,36402.4,36052.425,7
2018,36402.4,37102.350000000006,36752.375,4
2018,37102.350000000006,37802.3,37452.325000000004,0
2018,37802.3,38502.25,38152.275,8
2018,38502.25,39202.200000000004,38852.225000000006,3
2018,39202.200000000004,39902.15,39552.175,0
2018,39902.15,40602.100000000006,40252.125,43
2018,40602.100000000006,41302.05,40952.075000000004,4
2018,41302.05,42002.0,41652.025,4
2018,42002.0,42701.950000000004,42351.975000000006,0
2018,42701.950000000004,43401.9,43051.925,1
2018,43401.9,44101.850000000006,43751.875,0
2018,44101.850000000006,44801.8,44451.825000000004,0
2018,44801.8,45501.75,45151.775,11
2018,45501.75,46201.700000000004,45851.725000000006,0
2018,46201.700000000004,46901.65,46551.675,0
2018,46901.65,47601.600000000006,47251.625,1
2018,47601.600000000006,48301.55,47951.575000000004,0
2018,48301.55,49001.5,48651.525,0
2018,49001.5,49701.450000000004,49351.475000000006,1
2018,49701.450000000004,50401.4,50051.425,33
2018,50401.4,51101.350000000006,50751.375,1
2018,51101.350000000006,51801.3,51451.325000000004,0
2018,51801.3,52501.25,52151.275,2
2018,52501.25,53201.200000000004,52851.225000000006,1
2018,53201.200000000004,53901.15,53551.175,0
2018,53901.15,54601.100000000006,54251.125,2
2018,54601.100000000006,55301.05,54951.075000000004,1
2018,55301.05,56001.0,55651.025,0
2018,56001.0,56700.950000000004,56350.975000000006,0
2018,56700.950000000004,57400.9,57050.925,0
2018,57400.9,58100.850000000006,57750.875,0
2018,58100.850000000006,58800.8,58450.825000000004,0
2018,58800.8,59500.75000000001,59150.77500000001,0
2018,59500.75000000001,60200.700000000004,59850.725000000006,6
2018,60200.700000000004,60900.65,60550.675,0
2018,60900.65,61600.600000000006,61250.625,0
2018,61600.600000000006,62300.55,61950.575000000004,0
2018,62300.55,63000.50000000001,62650.52500000001,2
2018,63000.50000000001,63700.450000000004,63350.475000000006,0
2018,63700.450000000004,64400.4,64050.425,0
2018,64400.4,65100.350000000006,64750.375,1
2018,65100.350000000006,65800.3,65450.325000000004,1
2018,65800.3,66500.25,66150.275,0
2018,66500.25,67200.20000000001,66850.225,0
2018,67200.20000000001,67900.15000000001,67550.17500000002,0
2018,67900.15000000001,68600.1,68250.125,0
2018,68600.1,69300.05,68950.07500000001,0
2018,69300.05,70000.0,69650.025,6
2019,4.0,1103.96,553.98,98556
2019,1103.96,2203.92,1653.94,75328
2019,2203.92,3303.88,2753.9,22543
2019,3303.88,4403.84,3853.86,9131
2019,4403.84,5503.8,4953.82,7066
2019,5503.8,6603.76,6053.780000000001,2807
2019,6603.76,7703.72,7153.74,1793
2019,7703.72,8803.68,8253.7,1660
2019,8803.68,9903.64,9353.66,600
2019,9903.64,11003.6,10453.619999999999,2038
2019,11003.6,12103.560000000001,11553.580000000002,640
2019,12103.560000000001,13203.52,12653.54,235
2019,13203.52,14303.48,13753.5,221
2019,14303.48,15403.44,14853.46,693
2019,15403.44,16503.4,15953.420000000002,160
2019,16503.4,17603.36,17053.38,116
2019,17603.36,18703.32,18153.34,186
2019,18703.32,19803.28,19253.3,80
2019,19803.28,20903.24,20353.260000000002,453
2019,20903.24,22003.2,21453.22,77
2019,22003.2,23103.16,22553.18,44
2019,23103.16,24203.120000000003,23653.14,45
2019,24203.120000000003,25303.08,24753.100000000002,186
2019,25303.08,26403.04,25853.06,24
2019,26403.04,27503.0,26953.02,29
2019,27503.0,28602.96,28052.98,35
2019,28602.96,29702.920000000002,29152.940000000002,14
2019,29702.920000000002,30802.88,30252.9,188
2019,30802.88,31902.84,31352.86,15
2019,31902.84,33002.8,32452.82,31
2019,33002.8,34102.76,33552.78,8
2019,34102.76,35202.72,34652.740000000005,38
2019,35202.72,36302.68,35752.7,4
2019,36302.68,37402.64,36852.66,6
2019,37402.64,38502.6,37952.619999999995,5
2019,38502.6,39602.56,39052.58,4
2019,39602.56,40702.520000000004,40152.54,50
2019,40702.520000000004,41802.48,41252.5,2
2019,41802.48,42902.44,42352.46000000001,3
2019,42902.44,44002.4,43452.42,2
2019,44002.4,45102.36,44552.380000000005,9
2019,45102.36,46202.32,45652.34,3
2019,46202.32,47302.28,46752.3,0
2019,47302.28,48402.240000000005,47852.26,3
2019,48402.240000000005,49502.200000000004,48952.22,2
2019,49502.200000000004,50602.16,50052.18000000001,27
2019,50602.16,51702.12,51152.14,1
2019,51702.12,52802.08,52252.100000000006,3
2019,52802.08,53902.04,53352.06,0
2019,53902.04,55002.0,54452.020000000004,3
2019,55002.0,56101.96,55551.979999999996,0
2019,56101.96,57201.92,56651.94,0
2019,57201.92,58301.880000000005,57751.9,3
2019,58301.880000000005,59401.840000000004,58851.86,0
2019,59401.840000000004,60501.8,59951.82000000001,10
2019,60501.8,61601.76,61051.78,0
2019,61601.76,62701.72,62151.740000000005,0
2019,62701.72,63801.68,63251.7,0
2019,63801.68,64901.64,64351.66,0
2019,64901.64,66001.6,65451.62,4
2019,66001.6,67101.56,66551.58,1
2019,67101.56,68201.52,67651.54000000001,0
2019,68201.52,69301.48,68751.5,1
2019,69301.48,70401.44,69851.45999999999,4
2019,70401.44,71501.40000000001,70951.42000000001,0
2019,71501.40000000001,72601.36,72051.38,0
2019,72601.36,73701.32,73151.34,0
2019,73701.32,74801.28,74251.3,0
2019,74801.28,75901.24,75351.26000000001,2
2019,75901.24,77001.2,76451.22,0
2019,77001.2,78101.16,77551.18,0
2019,78101.16,79201.12,78651.14,0
2019,79201.12,80301.08,79751.1,10
2019,80301.08,81401.04000000001,80851.06,0
2019,81401.04000000001,82501.0,81951.02,0
2019,82501.0,83600.96,83050.98000000001,0
2019,83600.96,84700.92,84150.94,0
2019,84700.92,85800.88,85250.9,1
2019,85800.88,86900.84,86350.86,0
2019,86900.84,88000.8,87450.82,1
2019,88000.8,89100.76000000001,88550.78,0
2019,89100.76000000001,90200.72,89650.74,0
2019,90200.72,91300.68000000001,90750.70000000001,0
2019,91300.68000000001,92400.64,91850.66,0
2019,92400.64,93500.6,92950.62,0
2019,93500.6,94600.56,94050.58,0
2019,94600.56,95700.52,95150.54000000001,0
2019,95700.52,96800.48000000001,96250.5,0
2019,96800.48000000001,97900.44,97350.46,0
2019,97900.44,99000.40000000001,98450.42000000001,0
2019,99000.40000000001,100100.36,99550.38,10
2019,100100.36,101200.32,100650.34,0
2019,101200.32,102300.28,101750.3,0
2019,102300.28,103400.24,102850.26000000001,0
2019,103400.24,104500.2,103950.22,0
2019,104500.2,105600.16,105050.18,0
2019,105600.16,106700.12000000001,106150.14000000001,0
2019,106700.12000000001,107800.08,107250.1,0
2019,107800.08,108900.04000000001,108350.06,0
2019,108900.04000000001,110000.0,109450.02,1
2020,10.0,339.9,174.95,9247
2020,339.9,669.8,504.84999999999997,12004
2020,669.8,999.6999999999999,834.75,7129
2020,999.6999999999999,1329.6,1164.6499999999999,36706
2020,1329.6,1659.5,1494.55,16263
2020,1659.5,1989.3999999999999,1824.4499999999998,5695
2020,1989.3999999999999,2319.2999999999997,2154.35,12439
2020,2319.2999999999997,2649.2,2484.25,5438
2020,2649.2,2979.1,2814.1499999999996,1417
2020,2979.1,3309.0,3144.05,6742
2020,3309.0,3638.8999999999996,3473.95,2105
2020,3638.8999999999996,3968.7999999999997,3803.8499999999995,556
2020,3968.7999999999997,4298.7,4133.75,3283
2020,4298.7,4628.599999999999,4463.65,1050
2020,4628.599999999999,4958.5,4793.549999999999,281
2020,4958.5,5288.4,5123.45,3301
2020,5288.4,5618.299999999999,5453.349999999999,448
2020,5618.299999999999,5948.2,5783.25,130
2020,5948.2,6278.099999999999,6113.15,1480
2020,6278.099999999999,6608.0,6443.049999999999,303
2020,6608.0,6937.9,6772.95,79
2020,6937.9,7267.799999999999,7102.849999999999,904
2020,7267.799999999999,7597.7,7432.75,223
2020,7597.7,7927.599999999999,7762.65,56
2020,7927.599999999999,8257.5,8092.549999999999,888
2020,8257.5,8587.4,8422.45,131
2020,8587.4,8917.3,8752.349999999999,43
2020,8917.3,9247.199999999999,9082.25,309
2020,9247.199999999999,9577.099999999999,9412.149999999998,78
2020,9577.099999999999,9907.0,9742.05,40
2020,9907.0,10236.9,10071.95,1245
2020,10236.9,10566.8,10401.849999999999,82
2020,10566.8,10896.699999999999,10731.75,18
2020,10896.699999999999,11226.599999999999,11061.649999999998,146
2020,11226.599999999999,11556.5,11391.55,41
2020,11556.5,11886.4,11721.45,12
2020,11886.4,12216.3,12051.349999999999,391
2020,12216.3,12546.199999999999,12381.25,36
2020,12546.199999999999,12876.099999999999,12711.149999999998,6
2020,12876.099999999999,13206.0,13041.05,133
2020,13206.0,13535.9,13370.95,20
2020,13535.9,13865.8,13700.849999999999,5
2020,13865.8,14195.699999999999,14030.75,120
2020,14195.699999999999,14525.599999999999,14360.649999999998,19
2020,14525.599999999999,14855.499999999998,14690.55,5
2020,14855.499999999998,15185.4,15020.449999999999,492
2020,15185.4,15515.3,15350.349999999999,10
2020,15515.3,15845.199999999999,15680.25,3
2020,15845.199999999999,16175.099999999999,16010.149999999998,100
2020,16175.099999999999,16505.0,16340.05,16
2020,16505.0,16834.899999999998,16669.949999999997,1
2020,16834.899999999998,17164.8,16999.85,81
2020,17164.8,17494.699999999997,17329.75,0
2020,17494.699999999997,17824.6,17659.649999999998,12
2020,17824.6,18154.5,17989.55,104
2020,18154.5,18484.399999999998,18319.449999999997,3
2020,18484.399999999998,18814.3,18649.35,7
2020,18814.3,19144.199999999997,18979.25,42
2020,19144.199999999997,19474.1,19309.149999999998,2
2020,19474.1,19804.0,19639.05,7
2020,19804.0,20133.899999999998,19968.949999999997,334
2020,20133.899999999998,20463.8,20298.85,0
2020,20463.8,20793.699999999997,20628.75,0
2020,20793.699999999997,21123.6,20958.649999999998,24
2020,21123.6,21453.5,21288.55,0
2020,21453.5,21783.399999999998,21618.449999999997,4
2020,21783.399999999998,22113.3,21948.35,44
2020,22113.3,22443.199999999997,22278.25,1
2020,22443.199999999997,22773.1,22608.149999999998,2
2020,22773.1,23103.0,22938.05,30
2020,23103.0,23432.899999999998,23267.949999999997,0
2020,23432.899999999998,23762.8,23597.85,1
2020,23762.8,24092.699999999997,23927.75,29
2020,24092.699999999997,24422.6,24257.649999999998,0
2020,24422.6,24752.5,24587.55,8
2020,24752.5,25082.399999999998,24917.449999999997,129
2020,25082.399999999998,25412.3,25247.35,1
2020,25412.3,25742.199999999997,25577.25,0
2020,25742.199999999997,26072.1,25907.149999999998,15
2020,26072.1,26402.0,26237.05,0
2020,26402.0,26731.899999999998,26566.949999999997,2
2020,26731.899999999998,27061.8,26896.85,14
2020,27061.8,27391.699999999997,27226.75,2
2020,27391.699999999997,27721.6,27556.649999999998,2
2020,27721.6,28051.499999999996,27886.549999999996,26
2020,28051.499999999996,28381.399999999998,28216.449999999997,0
2020,28381.399999999998,28711.3,28546.35,1
2020,28711.3,29041.199999999997,28876.25,6
2020,29041.199999999997,29371.1,29206.149999999998,0
2020,29371.1,29700.999999999996,29536.049999999996,1
2020,29700.999999999996,30030.899999999998,29865.949999999997,142
2020,30030.899999999998,30360.8,30195.85,0
2020,30360.8,30690.699999999997,30525.75,2
2020,30690.699999999997,31020.6,30855.649999999998,8
2020,31020.6,31350.499999999996,31185.549999999996,1
2020,31350.499999999996,31680.399999999998,31515.449999999997,0
2020,31680.399999999998,32010.3,31845.35,7
2020,32010.3,32340.199999999997,32175.25,0
2020,32340.199999999997,32670.1,32505.149999999998,1
2020,32670.1,33000.0,32835.05,9
2021,2.0,331.98,166.99,12608
2021,331.98,661.96,496.97,16114
2021,661.96,991.94,826.95,9384
2021,991.94,1321.92,1156.93,47121
2021,1321.92,1651.9,1486.91,21012
2021,1651.9,1981.88,1816.89,7534
2021,1981.88,2311.86,2146.87,16715
2021,2311.86,2641.84,2476.8500000000004,7116
2021,2641.84,2971.82,2806.83,1857
2021,2971.82,3301.8,3136.8100000000004,8880
2021,3301.8,3631.78,3466.79,2771
2021,3631.78,3961.76,3796.7700000000004,716
2021,3961.76,4291.74,4126.75,3948
2021,4291.74,4621.72,4456.73,1403
2021,4621.72,4951.700000000001,4786.710000000001,295
2021,4951.700000000001,5281.68,5116.6900000000005,4017
2021,5281.68,5611.66,5446.67,686
2021,5611.66,5941.64,5776.65,161
2021,5941.64,6271.620000000001,6106.630000000001,1754
2021,6271.620000000001,6601.6,6436.610000000001,405
2021,6601.6,6931.58,6766.59,96
2021,6931.58,7261.56,7096.57,1051
2021,7261.56,7591.540000000001,7426.550000000001,254
2021,7591.540000000001,7921.52,7756.530000000001,96
2021,7921.52,8251.5,8086.51,1085
2021,8251.5,8581.48,8416.49,128
2021,8581.48,8911.460000000001,8746.470000000001,82
2021,8911.460000000001,9241.44,9076.45,420
2021,9241.44,9571.42,9406.43,95
2021,9571.42,9901.400000000001,9736.41,48
2021,9901.400000000001,10231.380000000001,10066.390000000001,1310
2021,10231.380000000001,10561.36,10396.37,71
2021,10561.36,10891.34,10726.35,13
2021,10891.34,11221.32,11056.33,212
2021,11221.32,11551.300000000001,11386.310000000001,27
2021,11551.300000000001,11881.28,11716.29,17
2021,11881.28,12211.26,12046.27,438
2021,12211.26,12541.240000000002,12376.25,53
2021,12541.240000000002,12871.220000000001,12706.230000000001,10
2021,12871.220000000001,13201.2,13036.210000000001,161
2021,13201.2,13531.18,13366.19,19
2021,13531.18,13861.16,13696.17,5
2021,13861.16,14191.140000000001,14026.150000000001,148
2021,14191.140000000001,14521.12,14356.130000000001,19
2021,14521.12,14851.1,14686.11,4
2021,14851.1,15181.080000000002,15016.09,582
2021,15181.080000000002,15511.060000000001,15346.070000000002,19
2021,15511.060000000001,15841.04,15676.050000000001,9
2021,15841.04,16171.02,16006.03,105
2021,16171.02,16501.0,16336.01,22
2021,16501.0,16830.98,16665.989999999998,4
2021,16830.98,17160.96,16995.97,77
2021,17160.96,17490.940000000002,17325.95,4
2021,17490.940000000002,17820.920000000002,17655.93,14
2021,17820.920000000002,18150.9,17985.910000000003,132
2021,18150.9,18480.88,18315.89,5
2021,18480.88,18810.86,18645.870000000003,6
2021,18810.86,19140.84,18975.85,46
2021,19140.84,19470.82,19305.83,3
2021,19470.82,19800.800000000003,19635.81,8
2021,19800.800000000003,20130.780000000002,19965.79,416
2021,20130.780000000002,20460.760000000002,20295.770000000004,3
2021,20460.760000000002,20790.74,20625.75,6
2021,20790.74,21120.72,20955.730000000003,40
2021,21120.72,21450.7,21285.71,3
2021,21450.7,21780.68,21615.690000000002,1
2021,21780.68,22110.66,21945.67,47
2021,22110.66,22440.64,22275.65,3
2021,22440.64,22770.620000000003,22605.63,7
2021,22770.620000000003,23100.600000000002,22935.61,27
2021,23100.600000000002,23430.58,23265.590000000004,1
2021,23430.58,23760.56,23595.57,3
2021,23760.56,24090.54,23925.550000000003,18
2021,24090.54,24420.52,24255.53,2
2021,24420.52,24750.5,24585.510000000002,3
2021,24750.5,25080.480000000003,24915.49,139
2021,25080.480000000003,25410.460000000003,25245.47,1
2021,25410.460000000003,25740.440000000002,25575.450000000004,0
2021,25740.440000000002,26070.420000000002,25905.43,17
2021,26070.420000000002,26400.4,26235.410000000003,1
2021,26400.4,26730.38,26565.39,2
2021,26730.38,27060.36,26895.370000000003,20
2021,27060.36,27390.34,27225.35,0
2021,27390.34,27720.32,27555.33,0
2021,27720.32,28050.300000000003,27885.31,24
2021,28050.300000000003,28380.280000000002,28215.29,2
2021,28380.280000000002,28710.260000000002,28545.270000000004,1
2021,28710.260000000002,29040.24,28875.25,8
2021,29040.24,29370.22,29205.230000000003,1
2021,29370.22,29700.2,29535.21,2
2021,29700.2,30030.18,29865.190000000002,123
2021,30030.18,30360.160000000003,30195.170000000002,0
2021,30360.160000000003,30690.140000000003,30525.15,0
2021,30690.140000000003,31020.120000000003,30855.130000000005,7
2021,31020.120000000003,31350.100000000002,31185.11,1
2021,31350.100000000002,31680.08,31515.090000000004,5
2021,31680.08,32010.06,31845.07,13
2021,32010.06,32340.04,32175.050000000003,0
2021,32340.04,32670.02,32505.03,2
2021,32670.02,33000.0,32835.01,6
2022,4.0,653.96,328.98,29499
2022,653.96,1303.92,978.94,60363
2022,1303.92,1953.88,1628.9,34494
2022,1953.88,2603.84,2278.86,31144
2022,2603.84,3253.8,2928.82,13752
2022,3253.8,3903.76,3578.78,5548
2022,3903.76,4553.72,4228.74,7316
2022,4553.72,5203.68,4878.700000000001,6560
2022,5203.68,5853.64,5528.66,943
2022,5853.64,6503.6,6178.620000000001,3219
2022,6503.6,7153.56,6828.58,1826
2022,7153.56,7803.52,7478.540000000001,528
2022,7803.52,8453.48,8128.5,1701
2022,8453.48,9103.44,8778.46,780
2022,9103.44,9753.400000000001,9428.420000000002,196
2022,9753.400000000001,10403.36,10078.380000000001,2221
2022,10403.36,11053.32,10728.34,404
2022,11053.32,11703.28,11378.3,73
2022,11703.28,12353.240000000002,12028.260000000002,743
2022,12353.240000000002,13003.2,12678.220000000001,339
2022,13003.2,13653.16,13328.18,27
2022,13653.16,14303.12,13978.14,226
2022,14303.12,14953.080000000002,14628.100000000002,42
2022,14953.080000000002,15603.04,15278.060000000001,915
2022,15603.04,16253.0,15928.02,157
2022,16253.0,16902.96,16577.98,22
2022,16902.96,17552.920000000002,17227.940000000002,135
2022,17552.920000000002,18202.88,17877.9,206
2022,18202.88,18852.84,18527.86,16
2022,18852.84,19502.800000000003,19177.82,56
2022,19502.800000000003,20152.760000000002,19827.780000000002,641
2022,20152.760000000002,20802.72,20477.74,7
2022,20802.72,21452.68,21127.7,32
2022,21452.68,22102.64,21777.66,81
2022,22102.64,22752.600000000002,22427.620000000003,8
2022,22752.600000000002,23402.56,23077.58,32
2022,23402.56,24052.52,23727.54,44
2022,24052.52,24702.480000000003,24377.5,7
2022,24702.480000000003,25352.440000000002,25027.460000000003,221
2022,25352.440000000002,26002.4,25677.420000000002,19
2022,26002.4,26652.36,26327.38,2
2022,26652.36,27302.32,26977.34,27
2022,27302.32,27952.280000000002,27627.300000000003,6
2022,27952.280000000002,28602.24,28277.260000000002,26
2022,28602.24,29252.2,28927.22,11
2022,29252.2,29902.160000000003,29577.18,3
2022,29902.160000000003,30552.120000000003,30227.140000000003,257
2022,30552.120000000003,31202.08,30877.100000000002,7
2022,31202.08,31852.04,31527.06,3
2022,31852.04,32502.0,32177.02,22
2022,32502.0,33151.96,32826.979999999996,16
2022,33151.96,33801.92,33476.94,1
2022,33801.92,34451.880000000005,34126.9,10
2022,34451.880000000005,35101.840000000004,34776.86,59
2022,35101.840000000004,35751.8,35426.82000000001,0
2022,35751.8,36401.76,36076.78,12
2022,36401.76,37051.72,36726.740000000005,7
2022,37051.72,37701.68,37376.7,1
2022,37701.68,38351.64,38026.66,3
2022,38351.64,39001.600000000006,38676.62,1
2022,39001.600000000006,39651.560000000005,39326.58,0
2022,39651.560000000005,40301.520000000004,39976.54000000001,95
2022,40301.520000000004,40951.48,40626.5,1
2022,40951.48,41601.44,41276.46000000001,4
2022,41601.44,42251.4,41926.42,6
2022,42251.4,42901.36,42576.380000000005,0
2022,42901.36,43551.32,43226.34,0
2022,43551.32,44201.28,43876.3,2
2022,44201.28,44851.240000000005,44526.26,0
2022,44851.240000000005,45501.200000000004,45176.22,25
2022,45501.200000000004,46151.16,45826.18000000001,3
2022,46151.16,46801.12,46476.14,0
2022,46801.12,47451.08,47126.100000000006,2
2022,47451.08,48101.04,47776.06,3
2022,48101.04,48751.0,48426.020000000004,1
2022,48751.0,49400.96000000001,49075.98,0
2022,49400.96000000001,50050.920000000006,49725.94,68
2022,50050.920000000006,50700.880000000005,50375.90000000001,0
2022,50700.880000000005,51350.840000000004,51025.86,0
2022,51350.840000000004,52000.8,51675.82000000001,3
2022,52000.8,52650.76,52325.78,1
2022,52650.76,53300.72,52975.740000000005,1
2022,53300.72,53950.68,53625.7,0
2022,53950.68,54600.64,54275.66,1
2022,54600.64,55250.600000000006,54925.62,11
2022,55250.600000000006,55900.560000000005,55575.58,0
2022,55900.560000000005,56550.520000000004,56225.54000000001,1
2022,56550.520000000004,57200.48,56875.5,0
2022,57200.48,57850.44,57525.46000000001,0
2022,57850.44,58500.4,58175.42,2
2022,58500.4,59150.36,58825.380000000005,1
2022,59150.36,59800.32000000001,59475.340000000004,0
2022,59800.32000000001,60450.280000000006,60125.3,17
2022,60450.280000000006,61100.240000000005,60775.26000000001,0
2022,61100.240000000005,61750.200000000004,61425.22,1
2022,61750.200000000004,62400.16,62075.18000000001,1
2022,62400.16,63050.12,62725.14,0
2022,63050.12,63700.08,63375.100000000006,0
2022,63700.08,64350.04,64025.06,1
2022,64350.04,65000.0,64675.020000000004,4
2023,8.0,837.92,422.96,33759
2023,837.92,1667.84,1252.8799999999999,67941
2023,1667.84,2497.7599999999998,2082.7999999999997,33323
2023,2497.7599999999998,3327.68,2912.72,27338
2023,3327.68,4157.599999999999,3742.6399999999994,11500
2023,4157.599999999999,4987.5199999999995,4572.5599999999995,2716
2023,4987.5199999999995,5817.44,5402.48,7670
2023,5817.44,6647.36,6232.4,3448
2023,6647.36,7477.28,7062.32,2044
2023,7477.28,8307.199999999999,7892.24,2442
2023,8307.199999999999,9137.119999999999,8722.16,875
2023,9137.119999999999,9967.039999999999,9552.079999999998,202
2023,9967.039999999999,10796.96,10382.0,2652
2023,10796.96,11626.88,11211.919999999998,398
2023,11626.88,12456.8,12041.84,824
2023,12456.8,13286.72,12871.759999999998,427
2023,13286.72,14116.64,13701.68,261
2023,14116.64,14946.56,14531.599999999999,44
2023,14946.56,15776.48,15361.52,1163
2023,15776.48,16606.399999999998,16191.439999999999,206
2023,16606.399999999998,17436.32,17021.36,124
2023,17436.32,18266.239999999998,17851.28,222
2023,18266.239999999998,19096.16,18681.199999999997,73
2023,19096.16,19926.079999999998,19511.12,18
2023,19926.079999999998,20756.0,20341.04,752
2023,20756.0,21585.92,21170.96,54
2023,21585.92,22415.84,22000.879999999997,77
2023,22415.84,23245.76,22830.8,47
2023,23245.76,24075.68,23660.72,52
2023,24075.68,24905.6,24490.64,8
2023,24905.6,25735.52,25320.559999999998,252
2023,25735.52,26565.44,26150.48,37
2023,26565.44,27395.359999999997,26980.399999999998,31
2023,27395.359999999997,28225.28,27810.32,29
2023,28225.28,29055.199999999997,28640.239999999998,14
2023,29055.199999999997,29885.12,29470.159999999996,2
2023,29885.12,30715.039999999997,30300.079999999998,331
2023,30715.039999999997,31544.96,31130.0,7
2023,31544.96,32374.879999999997,31959.92,22
2023,32374.879999999997,33204.799999999996,32789.84,22
2023,33204.799999999996,34034.72,33619.759999999995,11
2023,34034.72,34864.64,34449.68,1
2023,34864.64,35694.56,35279.6,74
2023,35694.56,36524.479999999996,36109.52,7
2023,36524.479999999996,37354.4,36939.44,12
2023,37354.4,38184.32,37769.36,9
2023,38184.32,39014.24,38599.28,8
2023,39014.24,39844.159999999996,39429.2,2
2023,39844.159999999996,40674.079999999994,40259.119999999995,92
2023,40674.079999999994,41504.0,41089.03999999999,5
2023,41504.0,42333.92,41918.96,15
2023,42333.92,43163.84,42748.88,3
2023,43163.84,43993.759999999995,43578.799999999996,0
2023,43993.759999999995,44823.68,44408.72,6
2023,44823.68,45653.6,45238.64,15
2023,45653.6,46483.52,46068.56,4
2023,46483.52,47313.439999999995,46898.479999999996,3
2023,47313.439999999995,48143.36,47728.399999999994,0
2023,48143.36,48973.28,48558.32,2
2023,48973.28,49803.2,49388.24,0
2023,49803.2,50633.119999999995,50218.159999999996,68
2023,50633.119999999995,51463.04,51048.08,1
2023,51463.04,52292.96,51878.0,3
2023,52292.96,53122.88,52707.92,1
2023,53122.88,53952.799999999996,53537.84,1
2023,53952.799999999996,54782.719999999994,54367.759999999995,2
2023,54782.719999999994,55612.64,55197.67999999999,9
2023,55612.64,56442.56,56027.6,0
2023,56442.56,57272.479999999996,56857.52,1
2023,57272.479999999996,58102.399999999994,57687.439999999995,3
2023,58102.399999999994,58932.32,58517.36,0
2023,58932.32,59762.24,59347.28,0
2023,59762.24,60592.159999999996,60177.2,26
2023,60592.159999999996,61422.079999999994,61007.119999999995,0
2023,61422.079999999994,62252.0,61837.03999999999,0
2023,62252.0,63081.92,62666.96,0
2023,63081.92,63911.84,63496.88,0
2023,63911.84,64741.759999999995,64326.799999999996,0
2023,64741.759999999995,65571.68,65156.719999999994,0
2023,65571.68,66401.59999999999,65986.63999999998,0
2023,66401.59999999999,67231.51999999999,66816.56,1
2023,67231.51999999999,68061.44,67646.48,0
2023,68061.44,68891.36,68476.4,0
2023,68891.36,69721.28,69306.32,0
2023,69721.28,70551.2,70136.23999999999,10
2023,70551.2,71381.12,70966.16,0
2023,71381.12,72211.04,71796.07999999999,0
2023,72211.04,73040.95999999999,72626.0,0
2023,73040.95999999999,73870.87999999999,73455.91999999998,0
2023,73870.87999999999,74700.8,74285.84,0
2023,74700.8,75530.72,75115.76000000001,4
2023,75530.72,76360.64,75945.68,1
2023,76360.64,77190.56,76775.6,0
2023,77190.56,78020.48,77605.51999999999,2
2023,78020.48,78850.4,78435.44,1
2023,78850.4,79680.31999999999,79265.35999999999,0
2023,79680.31999999999,80510.23999999999,80095.28,10
2023,80510.23999999999,81340.15999999999,80925.19999999998,0
2023,81340.15999999999,82170.08,81755.12,0
2023,82170.08,83000.0,82585.04000000001,1
2024,8.0,907.92,457.96,33974
2024,907.92,1807.84,1357.8799999999999,70572
2024,1807.84,2707.7599999999998,2257.7999999999997,38343
2024,2707.7599999999998,3607.68,3157.72,24480
2024,3607.68,4507.599999999999,4057.6399999999994,10504
2024,4507.599999999999,5407.5199999999995,4957.5599999999995,8615
2024,5407.5199999999995,6307.44,5857.48,4591
2024,6307.44,7207.36,6757.4,3036
2024,7207.36,8107.28,7657.32,2794
2024,8107.28,9007.199999999999,8557.24,1050
2024,9007.199999999999,9907.119999999999,9457.16,214
2024,9907.119999999999,10807.039999999999,10357.079999999998,3082
2024,10807.039999999999,11706.96,11257.0,482
2024,11706.96,12606.88,12156.919999999998,1015
2024,12606.88,13506.8,13056.84,392
2024,13506.8,14406.72,13956.759999999998,347
2024,14406.72,15306.64,14856.68,1311
2024,15306.64,16206.56,15756.599999999999,235
2024,16206.56,17106.48,16656.52,168
2024,17106.48,18006.399999999998,17556.44,271
2024,18006.399999999998,18906.32,18456.36,33
2024,18906.32,19806.239999999998,19356.28,105
2024,19806.239999999998,20706.16,20256.199999999997,884
2024,20706.16,21606.079999999998,21156.12,65
2024,21606.079999999998,22506.0,22056.04,92
2024,22506.0,23405.92,22955.96,59
2024,23405.92,24305.84,23855.879999999997,62
2024,24305.84,25205.76,24755.8,283
2024,25205.76,26105.68,25655.72,41
2024,26105.68,27005.6,26555.64,41
2024,27005.6,27905.52,27455.559999999998,9
2024,27905.52,28805.44,28355.48,52
2024,28805.44,29705.359999999997,29255.399999999998,16
2024,29705.359999999997,30605.28,30155.32,385
2024,30605.28,31505.199999999997,31055.239999999998,15
2024,31505.199999999997,32405.12,31955.159999999996,25
2024,32405.12,33305.04,32855.08,24
2024,33305.04,34204.96,33755.0,15
2024,34204.96,35104.88,34654.92,98
2024,35104.88,36004.799999999996,35554.84,14
2024,36004.799999999996,36904.72,36454.759999999995,1
2024,36904.72,37804.64,37354.68,8
2024,37804.64,38704.56,38254.6,16
2024,38704.56,39604.479999999996,39154.52,2
2024,39604.479999999996,40504.4,40054.44,114
2024,40504.4,41404.32,40954.36,4
2024,41404.32,42304.24,41854.28,9
2024,42304.24,43204.159999999996,42754.2,4
2024,43204.159999999996,44104.079999999994,43654.119999999995,3
2024,44104.079999999994,45004.0,44554.03999999999,39
2024,45004.0,45903.92,45453.96,1
2024,45903.92,46803.84,46353.88,5
2024,46803.84,47703.759999999995,47253.799999999996,4
2024,47703.759999999995,48603.68,48153.72,4
2024,48603.68,49503.6,49053.64,2
2024,49503.6,50403.52,49953.56,137
2024,50403.52,51303.439999999995,50853.479999999996,2
2024,51303.439999999995,52203.36,51753.399999999994,6
2024,52203.36,53103.28,52653.32,2
2024,53103.28,54003.2,53553.24,3
2024,54003.2,54903.119999999995,54453.159999999996,0
2024,54903.119999999995,55803.04,55353.08,10
2024,55803.04,56702.96,56253.0,1
2024,56702.96,57602.88,57152.92,3
2024,57602.88,58502.799999999996,58052.84,1
2024,58502.799999999996,59402.719999999994,58952.759999999995,0
2024,59402.719999999994,60302.64,59852.67999999999,29
2024,60302.64,61202.56,60752.6,2
2024,61202.56,62102.479999999996,61652.52,0
2024,62102.479999999996,63002.399999999994,62552.439999999995,2
2024,63002.399999999994,63902.32,63452.36,0
2024,63902.32,64802.24,64352.28,3
2024,64802.24,65702.16,65252.2,3
2024,65702.16,66602.08,66152.12,1
2024,66602.08,67502.0,67052.04000000001,0
2024,67502.0,68401.92,67951.95999999999,0
2024,68401.92,69301.84,68851.88,1
2024,69301.84,70201.76,69751.79999999999,24
2024,70201.76,71101.68,70651.72,0
2024,71101.68,72001.59999999999,71551.63999999998,0
2024,72001.59999999999,72901.51999999999,72451.56,0
2024,72901.51999999999,73801.44,73351.48,0
2024,73801.44,74701.36,74251.4,0
2024,74701.36,75601.28,75151.32,5
2024,75601.28,76501.2,76051.23999999999,1
2024,76501.2,77401.12,76951.16,0
2024,77401.12,78301.04,77851.07999999999,0
2024,78301.04,79200.95999999999,78751.0,1
2024,79200.95999999999,80100.87999999999,79650.91999999998,13
2024,80100.87999999999,81000.8,80550.84,0
2024,81000.8,81900.72,81450.76000000001,0
2024,81900.72,82800.64,82350.68,0
2024,82800.64,83700.56,83250.6,1
2024,83700.56,84600.48,84150.51999999999,1
2024,84600.48,85500.4,85050.44,0
2024,85500.4,86400.31999999999,85950.35999999999,0
2024,86400.31999999999,87300.23999999999,86850.28,0
2024,87300.23999999999,88200.15999999999,87750.19999999998,0
2024,88200.15999999999,89100.08,88650.12,0
2024,89100.08,90000.0,89550.04000000001,4
2025,10.0,729.9,369.95,23845
2025,729.9,1449.8,1089.85,19674
2025,1449.8,2169.7,1809.75,75702
2025,2169.7,2889.6,2529.6499999999996,22293
2025,2889.6,3609.5,3249.55,25321
2025,3609.5,4329.4,3969.45,9735
2025,4329.4,5049.3,4689.35,12302
2025,5049.3,5769.2,5409.25,1440
2025,5769.2,6489.099999999999,6129.15,4502
2025,6489.099999999999,7209.0,6849.049999999999,3408
2025,7209.0,7928.9,7568.95,757
2025,7928.9,8648.8,8288.849999999999,2853
2025,8648.8,9368.699999999999,9008.75,1032
2025,9368.699999999999,10088.6,9728.65,3770
2025,10088.6,10808.5,10448.55,197
2025,10808.5,11528.4,11168.45,485
2025,11528.4,12248.3,11888.349999999999,1165
2025,12248.3,12968.199999999999,12608.25,147
2025,12968.199999999999,13688.1,13328.15,476
2025,13688.1,14408.0,14048.05,377
2025,14408.0,15127.9,14767.95,1635
2025,15127.9,15847.8,15487.849999999999,50
2025,15847.8,16567.7,16207.75,230
2025,16567.7,17287.6,16927.65,202
2025,17287.6,18007.5,17647.55,305
2025,18007.5,18727.399999999998,18367.449999999997,26
2025,18727.399999999998,19447.3,19087.35,101
2025,19447.3,20167.2,19807.25,1109
2025,20167.2,20887.1,20527.15,12
2025,20887.1,21607.0,21247.05,92
2025,21607.0,22326.899999999998,21966.949999999997,120
2025,22326.899999999998,23046.8,22686.85,68
2025,23046.8,23766.7,23406.75,8
2025,23766.7,24486.6,24126.65,57
2025,24486.6,25206.5,24846.55,384
2025,25206.5,25926.399999999998,25566.449999999997,2
2025,25926.399999999998,26646.3,26286.35,46
2025,26646.3,27366.2,27006.25,56
2025,27366.2,28086.1,27726.15,50
2025,28086.1,28806.0,28446.05,6
2025,28806.0,29525.899999999998,29165.949999999997,24
2025,29525.899999999998,30245.8,29885.85,481
2025,30245.8,30965.7,30605.75,8
2025,30965.7,31685.6,31325.65,10
2025,31685.6,32405.5,32045.55,30
2025,32405.5,33125.4,32765.45,24
2025,33125.4,33845.299999999996,33485.35,1
2025,33845.299999999996,34565.2,34205.25,19
2025,34565.2,35285.1,34925.149999999994,120
2025,35285.1,36005.0,35645.05,21
2025,36005.0,36724.9,36364.95,0
2025,36724.9,37444.799999999996,37084.85,21
2025,37444.799999999996,38164.7,37804.75,19
2025,38164.7,38884.6,38524.649999999994,2
2025,38884.6,39604.5,39244.55,15
2025,39604.5,40324.4,39964.45,171
2025,40324.4,41044.299999999996,40684.35,3
2025,41044.299999999996,41764.2,41404.25,1
2025,41764.2,42484.1,42124.149999999994,12
2025,42484.1,43204.0,42844.05,6
2025,43204.0,43923.9,43563.95,1
2025,43923.9,44643.799999999996,44283.85,5
2025,44643.799999999996,45363.7,45003.75,36
2025,45363.7,46083.6,45723.649999999994,5
2025,46083.6,46803.5,46443.55,0
2025,46803.5,47523.4,47163.45,1
2025,47523.4,48243.299999999996,47883.35,3
2025,48243.299999999996,48963.2,48603.25,1
2025,48963.2,49683.1,49323.149999999994,4
2025,49683.1,50403.0,50043.05,129
2025,50403.0,51122.9,50762.95,3
2025,51122.9,51842.799999999996,51482.85,0
2025,51842.799999999996,52562.7,52202.75,8
2025,52562.7,53282.6,52922.649999999994,1
2025,53282.6,54002.5,53642.55,1
2025,54002.5,54722.4,54362.45,0
2025,54722.4,55442.299999999996,55082.35,8
2025,55442.299999999996,56162.2,55802.25,4
2025,56162.2,56882.1,56522.149999999994,1
2025,56882.1,57602.0,57242.05,0
2025,57602.0,58321.9,57961.95,2
2025,58321.9,59041.799999999996,58681.85,1
2025,59041.799999999996,59761.7,59401.75,1
2025,59761.7,60481.6,60121.649999999994,50
2025,60481.6,61201.5,60841.55,2
2025,61201.5,61921.4,61561.45,0
2025,61921.4,62641.299999999996,62281.35,0
2025,62641.299999999996,63361.2,63001.25,1
2025,63361.2,64081.1,63721.149999999994,0
2025,64081.1,64801.0,64441.05,0
2025,64801.0,65520.9,65160.95,7
2025,65520.9,66240.8,65880.85,1
2025,66240.8,66960.7,66600.75,1
2025,66960.7,67680.59999999999,67320.65,0
2025,67680.59999999999,68400.5,68040.54999999999,0
2025,68400.5,69120.4,68760.45,1
2025,69120.4,69840.3,69480.35,0
2025,69840.3,70560.2,70200.25,23
2025,70560.2,71280.09999999999,70920.15,1
2025,71280.09999999999,72000.0,71640.04999999999,1
