year,layer,paper_table,test,estimator,parameter,estimate,standard_error,fit_metric,fit_value,criterion,passed,evidence_status,paper_2009_value,paper_2009_standard_error,difference_from_2009,relative_difference_pct,within_paper_1se
1978,refined,model_test,gompertz_vs_exponential,r2_comparison,delta_r2,0.0840943210275075,,delta_r2,0.0840943210275075,gompertz_free_r2 > exponential_r2,True,supported,,,,,
1978,refined,table_1,annual_income,descriptive,mean_income_usd,382.70946936333206,,,,descriptive reproduction quantity,,descriptive,132.503,,250.20646936333208,188.8307958033645,
1978,refined,table_2,gompertz,boundary,x_gmax,5.932210450585064,,gompertz_free_correlation_coefficient,0.9884351086806864,correlation_coefficient >= 0.98,True,supported,6.606,,-0.673789549414936,-10.19966014857608,
1978,refined,table_2,gompertz,free_lsf,A,1.5267294032027052,0.0080074756606429,gompertz_free_correlation_coefficient,0.9884351086806864,correlation_coefficient >= 0.98,True,supported,1.52,0.01,0.0067294032027052,0.4427238949148163,True
1978,refined,table_2,gompertz,free_lsf,B,0.4988186256394963,0.0263848873246913,gompertz_free_correlation_coefficient,0.9884351086806864,correlation_coefficient >= 0.98,True,supported,0.46,0.01,0.0388186256394962,8.43883166076006,False
1978,refined,table_2,gompertz,free_lsf,correlation_coefficient,0.9884351086806864,,gompertz_free_correlation_coefficient,0.9884351086806864,correlation_coefficient >= 0.98,True,supported,0.997,,-0.0085648913193135,-0.8590663309241319,
1978,refined,table_2,gompertz,population,population_pct,99.69583366076672,,gompertz_free_correlation_coefficient,0.9884351086806864,correlation_coefficient >= 0.98,True,supported,98.9,,0.7958336607667178,0.8046851979441029,
1978,refined,table_3,pareto,boundary,x_pmin,77.77124454992553,,pareto_ls_r2,0.4306223613391668,pareto_ls_r2 >= 0.98 and selected tail supported,False,fallback,40.0,,37.77124454992553,94.42811137481382,
1978,refined,table_3,pareto,lsf,alpha,6.248532620568889,4.129451503457959,pareto_ls_r2,0.4306223613391668,pareto_ls_r2 >= 0.98 and selected tail supported,False,fallback,2.44,0.11,3.8085326205688887,156.0874024823315,False
1978,refined,table_3,pareto,lsf,beta,489412446674.9851,4.4942359126117815e+53,pareto_ls_r2,0.4306223613391668,pareto_ls_r2 >= 0.98 and selected tail supported,False,fallback,4767.0,4236.0,489412441907.9851,10266675936.815294,False
1978,refined,table_3,pareto,lsf,correlation_coefficient,0.6562182269178195,,pareto_ls_r2,0.4306223613391668,pareto_ls_r2 >= 0.98 and selected tail supported,False,fallback,0.981,,-0.3247817730821805,-33.1072143814659,
1978,refined,table_3,pareto,mle,alpha,0.8631547721328956,0.008347333966289,pareto_mle_r2,-0.4950819292713428,finite direct MLE on observations x >= x_t,True,supported,2.94,0.06,-2.0768452278671043,-70.6409941451396,False
1978,refined,table_3,pareto,mle_continuity,beta,25.106701108268474,0.7825772756817623,pareto_mle_r2,-0.4950819292713428,finite direct MLE on observations x >= x_t,True,supported,10639.0,22543.0,-10613.893298891731,-99.76401258475168,True
1978,refined,table_3,pareto,population,population_pct,0.3041663392332974,,pareto_ls_r2,0.4306223613391668,pareto_ls_r2 >= 0.98 and selected tail supported,False,fallback,,,,,
1978,refined,table_3,transition,boundary,x_t,41.85172750025529,,pareto_ls_r2,0.4306223613391668,descriptive reproduction quantity,,descriptive,23.3,16.7,18.551727500255293,79.6211480697652,False
1978,refined,table_4,income_share,gompertz,share_pct,59.077025620961365,,,,descriptive reproduction quantity,,descriptive,57.1,,1.9770256209613637,3.46239163040519,
1978,refined,table_4,income_share,pareto,share_pct,40.92297437903864,,,,descriptive reproduction quantity,,descriptive,31.9,,9.022974379038637,28.285186141186948,
1978,refined,table_4,inequality,lorenz,gini,0.768253550064633,,,,descriptive reproduction quantity,,descriptive,0.739,,0.029253550064633,3.9585318084753776,
1978,trusted,model_test,gompertz_vs_exponential,r2_comparison,delta_r2,0.0560204283680508,,delta_r2,0.0560204283680508,gompertz_free_r2 > exponential_r2,True,supported,,,,,
1978,trusted,table_1,annual_income,descriptive,mean_income_usd,229.48090220960032,,,,descriptive reproduction quantity,,descriptive,132.503,,96.97790220960032,73.18921247790641,
1978,trusted,table_2,gompertz,boundary,x_gmax,8.993868302665566,,gompertz_free_correlation_coefficient,0.9817795499295604,correlation_coefficient >= 0.98,True,supported,6.606,,2.3878683026655665,36.14696189321173,
1978,trusted,table_2,gompertz,free_lsf,A,1.541422508638642,0.0103325842404645,gompertz_free_correlation_coefficient,0.9817795499295604,correlation_coefficient >= 0.98,True,supported,1.52,0.01,0.0214225086386419,1.4093755683317055,False
1978,trusted,table_2,gompertz,free_lsf,B,0.3375395026250344,0.0237197347608684,gompertz_free_correlation_coefficient,0.9817795499295604,correlation_coefficient >= 0.98,True,supported,0.46,0.01,-0.1224604973749656,-26.621847255427305,False
1978,trusted,table_2,gompertz,free_lsf,correlation_coefficient,0.9817795499295604,,gompertz_free_correlation_coefficient,0.9817795499295604,correlation_coefficient >= 0.98,True,supported,0.997,,-0.0152204500704394,-1.5266248816890156,
1978,trusted,table_2,gompertz,population,population_pct,98.90771691508844,,gompertz_free_correlation_coefficient,0.9817795499295604,correlation_coefficient >= 0.98,True,supported,98.9,,0.0077169150884373,0.0078027452865897,
1978,trusted,table_3,pareto,boundary,x_pmin,8.993868302665566,,pareto_ls_r2,0.9828084608476996,pareto_ls_r2 >= 0.98 and selected tail supported,True,supported,40.0,,-31.006131697334432,-77.51532924333608,
1978,trusted,table_3,pareto,lsf,alpha,2.3329578393575185,0.0746145266079814,pareto_ls_r2,0.9828084608476996,pareto_ls_r2 >= 0.98 and selected tail supported,True,supported,2.44,0.11,-0.1070421606424814,-4.386973796823008,True
1978,trusted,table_3,pareto,lsf,beta,164.71250930912157,38.747125575369225,pareto_ls_r2,0.9828084608476996,pareto_ls_r2 >= 0.98 and selected tail supported,True,supported,4767.0,4236.0,-4602.287490690878,-96.54473443865908,False
1978,trusted,table_3,pareto,lsf,correlation_coefficient,0.991366965783962,,pareto_ls_r2,0.9828084608476996,pareto_ls_r2 >= 0.98 and selected tail supported,True,supported,0.981,,0.0103669657839621,1.0567753092723875,
1978,trusted,table_3,pareto,mle,alpha,2.5848912011630003,0.0532655938636032,pareto_mle_r2,0.9682430882881736,finite direct MLE on observations x >= x_t,True,supported,2.94,0.06,-0.3551087988369996,-12.078530572687065,False
1978,trusted,table_3,pareto,mle_continuity,beta,366.9184480718776,42.92952071338469,pareto_mle_r2,0.9682430882881736,finite direct MLE on observations x >= x_t,True,supported,10639.0,22543.0,-10272.081551928122,-96.55119420930652,True
1978,trusted,table_3,pareto,population,population_pct,1.092283084911565,,pareto_ls_r2,0.9828084608476996,pareto_ls_r2 >= 0.98 and selected tail supported,True,supported,,,,,
1978,trusted,table_3,transition,boundary,x_t,8.993868302665566,,pareto_ls_r2,0.9828084608476996,descriptive reproduction quantity,,descriptive,23.3,16.7,-14.306131697334434,-61.39970685551259,True
1978,trusted,table_4,income_share,gompertz,share_pct,83.69031619290065,,,,descriptive reproduction quantity,,descriptive,57.1,,26.59031619290065,46.567979322067686,
1978,trusted,table_4,income_share,pareto,share_pct,16.309683807099347,,,,descriptive reproduction quantity,,descriptive,31.9,,-15.590316192900652,-48.8724645545475,
1978,trusted,table_4,inequality,lorenz,gini,0.6190917906193394,,,,descriptive reproduction quantity,,descriptive,0.739,,-0.1199082093806606,-16.225738752457456,
1979,refined,model_test,gompertz_vs_exponential,r2_comparison,delta_r2,0.019573217461391,,delta_r2,0.019573217461391,gompertz_free_r2 > exponential_r2,True,supported,,,,,
1979,refined,table_1,annual_income,descriptive,mean_income_usd,348.838265715958,,,,descriptive reproduction quantity,,descriptive,122.531,,226.307265715958,184.6938862132505,
1979,refined,table_2,gompertz,boundary,x_gmax,6.935027877303481,,gompertz_free_correlation_coefficient,0.959114398905715,correlation_coefficient >= 0.98,False,weak,6.92,,0.0150278773034813,0.2171658569867242,
1979,refined,table_2,gompertz,free_lsf,A,1.557840581430473,0.0183708442265791,gompertz_free_correlation_coefficient,0.959114398905715,correlation_coefficient >= 0.98,False,weak,1.54,0.01,0.0178405814304729,1.158479313667075,False
1979,refined,table_2,gompertz,free_lsf,B,0.5187213617369253,0.0555599363335351,gompertz_free_correlation_coefficient,0.959114398905715,correlation_coefficient >= 0.98,False,weak,0.44,0.01,0.0787213617369252,17.89121857657393,False
1979,refined,table_2,gompertz,free_lsf,correlation_coefficient,0.959114398905715,,gompertz_free_correlation_coefficient,0.959114398905715,correlation_coefficient >= 0.98,False,weak,0.997,,-0.0378856010942849,-3.799959989396686,
1979,refined,table_2,gompertz,population,population_pct,98.97999078023705,,gompertz_free_correlation_coefficient,0.959114398905715,correlation_coefficient >= 0.98,False,weak,98.9,,0.0799907802370398,0.0808804653559553,
1979,refined,table_3,pareto,boundary,x_pmin,6.935027877303481,,pareto_ls_r2,0.3534494791526539,pareto_ls_r2 >= 0.98 and selected tail supported,False,fallback,40.0,,-33.06497212269652,-82.6624303067413,
1979,refined,table_3,pareto,lsf,alpha,0.9539471829935032,0.3488255177171259,pareto_ls_r2,0.3534494791526539,pareto_ls_r2 >= 0.98 and selected tail supported,False,fallback,3.09,0.17,-2.1360528170064965,-69.12792288046914,False
1979,refined,table_3,pareto,lsf,beta,6.392110916618058,7.790783720177381,pareto_ls_r2,0.3534494791526539,pareto_ls_r2 >= 0.98 and selected tail supported,False,fallback,49543.0,76479.0,-49536.60788908338,-99.98709785253897,True
1979,refined,table_3,pareto,lsf,correlation_coefficient,0.5945161723222119,,pareto_ls_r2,0.3534494791526539,pareto_ls_r2 >= 0.98 and selected tail supported,False,fallback,0.973,,-0.3784838276777881,-38.89864621560001,
1979,refined,table_3,pareto,mle,alpha,0.9131417615095891,0.0052070115736335,pareto_mle_r2,0.2491163657450407,finite direct MLE on observations x >= x_t,True,supported,3.09,0.09,-2.1768582384904107,-70.44848668253756,False
1979,refined,table_3,pareto,mle_continuity,beta,6.700259092173232,0.0675642126110409,pareto_mle_r2,0.2491163657450407,finite direct MLE on observations x >= x_t,True,supported,17464.0,38230.0,-17457.299740907827,-99.9616338805991,True
1979,refined,table_3,pareto,population,population_pct,1.0200092197629704,,pareto_ls_r2,0.3534494791526539,pareto_ls_r2 >= 0.98 and selected tail supported,False,fallback,,,,,
1979,refined,table_3,transition,boundary,x_t,6.935027877303481,,pareto_ls_r2,0.3534494791526539,descriptive reproduction quantity,,descriptive,23.5,16.5,-16.564972122696517,-70.48924307530433,False
1979,refined,table_4,income_share,gompertz,share_pct,59.80092233051767,,,,descriptive reproduction quantity,,descriptive,62.0,,-2.1990776694823357,-3.5468994669069924,
1979,refined,table_4,income_share,pareto,share_pct,40.199077669482335,,,,descriptive reproduction quantity,,descriptive,26.2,,13.999077669482336,53.43159415832952,
1979,refined,table_4,inequality,lorenz,gini,0.7288355532326778,,,,descriptive reproduction quantity,,descriptive,0.711,,0.0178355532326778,2.508516629068611,
1979,trusted,model_test,gompertz_vs_exponential,r2_comparison,delta_r2,0.019573217461391,,delta_r2,0.019573217461391,gompertz_free_r2 > exponential_r2,True,supported,,,,,
1979,trusted,table_1,annual_income,descriptive,mean_income_usd,348.838265715958,,,,descriptive reproduction quantity,,descriptive,122.531,,226.307265715958,184.6938862132505,
1979,trusted,table_2,gompertz,boundary,x_gmax,6.935027877303481,,gompertz_free_correlation_coefficient,0.959114398905715,correlation_coefficient >= 0.98,False,weak,6.92,,0.0150278773034813,0.2171658569867242,
1979,trusted,table_2,gompertz,free_lsf,A,1.557840581430473,0.0183708442265791,gompertz_free_correlation_coefficient,0.959114398905715,correlation_coefficient >= 0.98,False,weak,1.54,0.01,0.0178405814304729,1.158479313667075,False
1979,trusted,table_2,gompertz,free_lsf,B,0.5187213617369253,0.0555599363335351,gompertz_free_correlation_coefficient,0.959114398905715,correlation_coefficient >= 0.98,False,weak,0.44,0.01,0.0787213617369252,17.89121857657393,False
1979,trusted,table_2,gompertz,free_lsf,correlation_coefficient,0.959114398905715,,gompertz_free_correlation_coefficient,0.959114398905715,correlation_coefficient >= 0.98,False,weak,0.997,,-0.0378856010942849,-3.799959989396686,
1979,trusted,table_2,gompertz,population,population_pct,98.97999078023705,,gompertz_free_correlation_coefficient,0.959114398905715,correlation_coefficient >= 0.98,False,weak,98.9,,0.0799907802370398,0.0808804653559553,
1979,trusted,table_3,pareto,boundary,x_pmin,6.935027877303481,,pareto_ls_r2,0.3534494791526539,pareto_ls_r2 >= 0.98 and selected tail supported,False,fallback,40.0,,-33.06497212269652,-82.6624303067413,
1979,trusted,table_3,pareto,lsf,alpha,0.9539471829935032,0.3488255177171259,pareto_ls_r2,0.3534494791526539,pareto_ls_r2 >= 0.98 and selected tail supported,False,fallback,3.09,0.17,-2.1360528170064965,-69.12792288046914,False
1979,trusted,table_3,pareto,lsf,beta,6.392110916618058,7.790783720177381,pareto_ls_r2,0.3534494791526539,pareto_ls_r2 >= 0.98 and selected tail supported,False,fallback,49543.0,76479.0,-49536.60788908338,-99.98709785253897,True
1979,trusted,table_3,pareto,lsf,correlation_coefficient,0.5945161723222119,,pareto_ls_r2,0.3534494791526539,pareto_ls_r2 >= 0.98 and selected tail supported,False,fallback,0.973,,-0.3784838276777881,-38.89864621560001,
1979,trusted,table_3,pareto,mle,alpha,0.9131417615095891,0.0052070115736335,pareto_mle_r2,0.2491163657450407,finite direct MLE on observations x >= x_t,True,supported,3.09,0.09,-2.1768582384904107,-70.44848668253756,False
1979,trusted,table_3,pareto,mle_continuity,beta,6.700259092173232,0.0675642126110409,pareto_mle_r2,0.2491163657450407,finite direct MLE on observations x >= x_t,True,supported,17464.0,38230.0,-17457.299740907827,-99.9616338805991,True
1979,trusted,table_3,pareto,population,population_pct,1.0200092197629704,,pareto_ls_r2,0.3534494791526539,pareto_ls_r2 >= 0.98 and selected tail supported,False,fallback,,,,,
1979,trusted,table_3,transition,boundary,x_t,6.935027877303481,,pareto_ls_r2,0.3534494791526539,descriptive reproduction quantity,,descriptive,23.5,16.5,-16.564972122696517,-70.48924307530433,False
1979,trusted,table_4,income_share,gompertz,share_pct,59.80092233051767,,,,descriptive reproduction quantity,,descriptive,62.0,,-2.1990776694823357,-3.5468994669069924,
1979,trusted,table_4,income_share,pareto,share_pct,40.199077669482335,,,,descriptive reproduction quantity,,descriptive,26.2,,13.999077669482336,53.43159415832952,
1979,trusted,table_4,inequality,lorenz,gini,0.7288355532326778,,,,descriptive reproduction quantity,,descriptive,0.711,,0.0178355532326778,2.508516629068611,
1981,refined,model_test,gompertz_vs_exponential,r2_comparison,delta_r2,0.032424739407851,,delta_r2,0.032424739407851,gompertz_free_r2 > exponential_r2,True,supported,,,,,
1981,refined,table_1,annual_income,descriptive,mean_income_usd,97.24296774377645,,,,descriptive reproduction quantity,,descriptive,88.201,,9.041967743776452,10.25154787788852,
1981,refined,table_2,gompertz,boundary,x_gmax,7.371242712382564,,gompertz_free_correlation_coefficient,0.9868434136959774,correlation_coefficient >= 0.98,True,supported,7.533,,-0.1617572876174362,-2.147315646056501,
1981,refined,table_2,gompertz,free_lsf,A,1.5426976258399587,0.0053565688118706,gompertz_free_correlation_coefficient,0.9868434136959774,correlation_coefficient >= 0.98,True,supported,1.55,0.01,-0.0073023741600413,-0.4711209135510525,True
1981,refined,table_2,gompertz,free_lsf,B,0.3402385293521328,0.0193649609369833,gompertz_free_correlation_coefficient,0.9868434136959774,correlation_coefficient >= 0.98,True,supported,0.34,0.02,0.0002385293521327,0.0701556918037513,True
1981,refined,table_2,gompertz,free_lsf,correlation_coefficient,0.9868434136959774,,gompertz_free_correlation_coefficient,0.9868434136959774,correlation_coefficient >= 0.98,True,supported,0.992,,-0.0051565863040226,-0.519817167744214,
1981,refined,table_2,gompertz,population,population_pct,98.79690299408298,,gompertz_free_correlation_coefficient,0.9868434136959774,correlation_coefficient >= 0.98,True,supported,98.9,,-0.1030970059170215,-0.1042436864681714,
1981,refined,table_3,pareto,boundary,x_pmin,7.371242712382564,,pareto_ls_r2,0.9791595269776886,pareto_ls_r2 >= 0.98 and selected tail supported,False,fallback,7.533,,-0.1617572876174362,-2.147315646056501,
1981,refined,table_3,pareto,lsf,alpha,3.2614364447545965,0.1372699765781226,pareto_ls_r2,0.9791595269776886,pareto_ls_r2 >= 0.98 and selected tail supported,False,fallback,3.52,0.09,-0.2585635552454035,-7.345555546744419,False
1981,refined,table_3,pareto,lsf,beta,1210.2487513530125,580.4427735867147,pareto_ls_r2,0.9791595269776886,pareto_ls_r2 >= 0.98 and selected tail supported,False,fallback,2071.0,781.0,-860.7512486469875,-41.56210761211915,False
1981,refined,table_3,pareto,lsf,correlation_coefficient,0.9895248996249102,,pareto_ls_r2,0.9791595269776886,pareto_ls_r2 >= 0.98 and selected tail supported,False,fallback,0.993,,-0.0034751003750898,-0.3499597557995771,
1981,refined,table_3,pareto,mle,alpha,2.55833511724752,0.0339455818894581,pareto_mle_r2,0.8597807241263933,finite direct MLE on observations x >= x_t,True,supported,2.84,0.11,-0.2816648827524801,-9.917777561707048,False
1981,refined,table_3,pareto,mle_continuity,beta,243.9044758252704,16.53897461546706,pareto_mle_r2,0.8597807241263933,finite direct MLE on observations x >= x_t,True,supported,444.0,100.0,-200.09552417472963,-45.06655949881298,False
1981,refined,table_3,pareto,population,population_pct,1.2030970059170094,,pareto_ls_r2,0.9791595269776886,pareto_ls_r2 >= 0.98 and selected tail supported,False,fallback,1.1,,0.1030970059170093,9.372455083364482,
1981,refined,table_3,transition,boundary,x_t,7.371242712382564,,pareto_ls_r2,0.9791595269776886,descriptive reproduction quantity,,descriptive,7.533,0.0,-0.1617572876174362,-2.147315646056501,False
1981,refined,table_4,income_share,gompertz,share_pct,85.84720476113166,,,,descriptive reproduction quantity,,descriptive,87.7,,-1.8527952388683389,-2.11265135560814,
1981,refined,table_4,income_share,pareto,share_pct,14.152795238868336,,,,descriptive reproduction quantity,,descriptive,12.3,,1.8527952388683355,15.063375925758823,
1981,refined,table_4,inequality,lorenz,gini,0.5884866557212263,,,,descriptive reproduction quantity,,descriptive,0.574,,0.0144866557212263,2.5238076169383827,
1981,trusted,model_test,gompertz_vs_exponential,r2_comparison,delta_r2,0.032424739407851,,delta_r2,0.032424739407851,gompertz_free_r2 > exponential_r2,True,supported,,,,,
1981,trusted,table_1,annual_income,descriptive,mean_income_usd,97.24296774377645,,,,descriptive reproduction quantity,,descriptive,88.201,,9.041967743776452,10.25154787788852,
1981,trusted,table_2,gompertz,boundary,x_gmax,7.371242712382564,,gompertz_free_correlation_coefficient,0.9868434136959774,correlation_coefficient >= 0.98,True,supported,7.533,,-0.1617572876174362,-2.147315646056501,
1981,trusted,table_2,gompertz,free_lsf,A,1.5426976258399587,0.0053565688118706,gompertz_free_correlation_coefficient,0.9868434136959774,correlation_coefficient >= 0.98,True,supported,1.55,0.01,-0.0073023741600413,-0.4711209135510525,True
1981,trusted,table_2,gompertz,free_lsf,B,0.3402385293521328,0.0193649609369833,gompertz_free_correlation_coefficient,0.9868434136959774,correlation_coefficient >= 0.98,True,supported,0.34,0.02,0.0002385293521327,0.0701556918037513,True
1981,trusted,table_2,gompertz,free_lsf,correlation_coefficient,0.9868434136959774,,gompertz_free_correlation_coefficient,0.9868434136959774,correlation_coefficient >= 0.98,True,supported,0.992,,-0.0051565863040226,-0.519817167744214,
1981,trusted,table_2,gompertz,population,population_pct,98.79690299408298,,gompertz_free_correlation_coefficient,0.9868434136959774,correlation_coefficient >= 0.98,True,supported,98.9,,-0.1030970059170215,-0.1042436864681714,
1981,trusted,table_3,pareto,boundary,x_pmin,7.371242712382564,,pareto_ls_r2,0.9791595269776886,pareto_ls_r2 >= 0.98 and selected tail supported,False,fallback,7.533,,-0.1617572876174362,-2.147315646056501,
1981,trusted,table_3,pareto,lsf,alpha,3.2614364447545965,0.1372699765781226,pareto_ls_r2,0.9791595269776886,pareto_ls_r2 >= 0.98 and selected tail supported,False,fallback,3.52,0.09,-0.2585635552454035,-7.345555546744419,False
1981,trusted,table_3,pareto,lsf,beta,1210.2487513530125,580.4427735867147,pareto_ls_r2,0.9791595269776886,pareto_ls_r2 >= 0.98 and selected tail supported,False,fallback,2071.0,781.0,-860.7512486469875,-41.56210761211915,False
1981,trusted,table_3,pareto,lsf,correlation_coefficient,0.9895248996249102,,pareto_ls_r2,0.9791595269776886,pareto_ls_r2 >= 0.98 and selected tail supported,False,fallback,0.993,,-0.0034751003750898,-0.3499597557995771,
1981,trusted,table_3,pareto,mle,alpha,2.55833511724752,0.0339455818894581,pareto_mle_r2,0.8597807241263933,finite direct MLE on observations x >= x_t,True,supported,2.84,0.11,-0.2816648827524801,-9.917777561707048,False
1981,trusted,table_3,pareto,mle_continuity,beta,243.9044758252704,16.53897461546706,pareto_mle_r2,0.8597807241263933,finite direct MLE on observations x >= x_t,True,supported,444.0,100.0,-200.09552417472963,-45.06655949881298,False
1981,trusted,table_3,pareto,population,population_pct,1.2030970059170094,,pareto_ls_r2,0.9791595269776886,pareto_ls_r2 >= 0.98 and selected tail supported,False,fallback,1.1,,0.1030970059170093,9.372455083364482,
1981,trusted,table_3,transition,boundary,x_t,7.371242712382564,,pareto_ls_r2,0.9791595269776886,descriptive reproduction quantity,,descriptive,7.533,0.0,-0.1617572876174362,-2.147315646056501,False
1981,trusted,table_4,income_share,gompertz,share_pct,85.84720476113166,,,,descriptive reproduction quantity,,descriptive,87.7,,-1.8527952388683389,-2.11265135560814,
1981,trusted,table_4,income_share,pareto,share_pct,14.152795238868336,,,,descriptive reproduction quantity,,descriptive,12.3,,1.8527952388683355,15.063375925758823,
1981,trusted,table_4,inequality,lorenz,gini,0.5884866557212263,,,,descriptive reproduction quantity,,descriptive,0.574,,0.0144866557212263,2.5238076169383827,
1982,refined,model_test,gompertz_vs_exponential,r2_comparison,delta_r2,0.0525191384323061,,delta_r2,0.0525191384323061,gompertz_free_r2 > exponential_r2,True,supported,,,,,
1982,refined,table_1,annual_income,descriptive,mean_income_usd,244.1331072339816,,,,descriptive reproduction quantity,,descriptive,94.505,,149.62810723398158,158.32824425584,
1982,refined,table_2,gompertz,boundary,x_gmax,7.849559609203476,,gompertz_free_correlation_coefficient,0.9916999997021272,correlation_coefficient >= 0.98,True,supported,7.473,,0.3765596092034764,5.038934955218472,
1982,refined,table_2,gompertz,free_lsf,A,1.536240201198786,0.0046107688545268,gompertz_free_correlation_coefficient,0.9916999997021272,correlation_coefficient >= 0.98,True,supported,1.55,0.01,-0.0137597988012141,-0.8877289549170413,False
1982,refined,table_2,gompertz,free_lsf,B,0.3302483095104128,0.015272896499915,gompertz_free_correlation_coefficient,0.9916999997021272,correlation_coefficient >= 0.98,True,supported,0.34,0.02,-0.0097516904895872,-2.8681442616433053,True
1982,refined,table_2,gompertz,free_lsf,correlation_coefficient,0.9916999997021272,,gompertz_free_correlation_coefficient,0.9916999997021272,correlation_coefficient >= 0.98,True,supported,0.993,,-0.0013000002978729,-0.1309164449016028,
1982,refined,table_2,gompertz,population,population_pct,98.76235828760666,,gompertz_free_correlation_coefficient,0.9916999997021272,correlation_coefficient >= 0.98,True,supported,98.9,,-0.1376417123933464,-0.1391726111156182,
1982,refined,table_3,pareto,boundary,x_pmin,7.849559609203476,,pareto_ls_r2,0.9963078235845512,pareto_ls_r2 >= 0.98 and selected tail supported,True,supported,7.473,,0.3765596092034764,5.038934955218472,
1982,refined,table_3,pareto,lsf,alpha,2.875419105934236,0.0407515901927349,pareto_ls_r2,0.9963078235845512,pareto_ls_r2 >= 0.98 and selected tail supported,True,supported,2.53,0.04,0.3454191059342362,13.652929088309731,False
1982,refined,table_3,pareto,lsf,beta,455.2882006757643,56.81107475573701,pareto_ls_r2,0.9963078235845512,pareto_ls_r2 >= 0.98 and selected tail supported,True,supported,150.5,20.8,304.7882006757643,202.51707686097296,False
1982,refined,table_3,pareto,lsf,correlation_coefficient,0.9981522046183894,,pareto_ls_r2,0.9963078235845512,pareto_ls_r2 >= 0.98 and selected tail supported,True,supported,0.997,,0.0011522046183893,0.1155671633289253,
1982,refined,table_3,pareto,mle,alpha,2.8848761334133064,0.0570285060495118,pareto_mle_r2,0.9910185019330612,finite direct MLE on observations x >= x_t,True,supported,2.68,0.06,0.2048761334133062,7.644631843780083,False
1982,refined,table_3,pareto,mle_continuity,beta,541.7818676264862,63.66197486535458,pareto_mle_r2,0.9910185019330612,finite direct MLE on observations x >= x_t,True,supported,316.0,40.0,225.78186762648625,71.44995810964754,False
1982,refined,table_3,pareto,population,population_pct,1.237641712393338,,pareto_ls_r2,0.9963078235845512,pareto_ls_r2 >= 0.98 and selected tail supported,True,supported,1.1,,0.137641712393338,12.512882944848908,
1982,refined,table_3,transition,boundary,x_t,7.849559609203476,,pareto_ls_r2,0.9963078235845512,descriptive reproduction quantity,,descriptive,7.473,0.0,0.3765596092034764,5.038934955218472,False
1982,refined,table_4,income_share,gompertz,share_pct,85.17953980734302,,,,descriptive reproduction quantity,,descriptive,87.2,,-2.020460192656984,-2.317041505340577,
1982,refined,table_4,income_share,pareto,share_pct,14.82046019265698,,,,descriptive reproduction quantity,,descriptive,12.8,,2.02046019265698,15.784845255132655,
1982,refined,table_4,inequality,lorenz,gini,0.5898439323148535,,,,descriptive reproduction quantity,,descriptive,0.581,,0.0088439323148535,1.522191448339688,
1982,trusted,model_test,gompertz_vs_exponential,r2_comparison,delta_r2,0.0525191384323061,,delta_r2,0.0525191384323061,gompertz_free_r2 > exponential_r2,True,supported,,,,,
1982,trusted,table_1,annual_income,descriptive,mean_income_usd,244.1331072339816,,,,descriptive reproduction quantity,,descriptive,94.505,,149.62810723398158,158.32824425584,
1982,trusted,table_2,gompertz,boundary,x_gmax,7.849559609203476,,gompertz_free_correlation_coefficient,0.9916999997021272,correlation_coefficient >= 0.98,True,supported,7.473,,0.3765596092034764,5.038934955218472,
1982,trusted,table_2,gompertz,free_lsf,A,1.536240201198786,0.0046107688545268,gompertz_free_correlation_coefficient,0.9916999997021272,correlation_coefficient >= 0.98,True,supported,1.55,0.01,-0.0137597988012141,-0.8877289549170413,False
1982,trusted,table_2,gompertz,free_lsf,B,0.3302483095104128,0.015272896499915,gompertz_free_correlation_coefficient,0.9916999997021272,correlation_coefficient >= 0.98,True,supported,0.34,0.02,-0.0097516904895872,-2.8681442616433053,True
1982,trusted,table_2,gompertz,free_lsf,correlation_coefficient,0.9916999997021272,,gompertz_free_correlation_coefficient,0.9916999997021272,correlation_coefficient >= 0.98,True,supported,0.993,,-0.0013000002978729,-0.1309164449016028,
1982,trusted,table_2,gompertz,population,population_pct,98.76235828760666,,gompertz_free_correlation_coefficient,0.9916999997021272,correlation_coefficient >= 0.98,True,supported,98.9,,-0.1376417123933464,-0.1391726111156182,
1982,trusted,table_3,pareto,boundary,x_pmin,7.849559609203476,,pareto_ls_r2,0.9963078235845512,pareto_ls_r2 >= 0.98 and selected tail supported,True,supported,7.473,,0.3765596092034764,5.038934955218472,
1982,trusted,table_3,pareto,lsf,alpha,2.875419105934236,0.0407515901927349,pareto_ls_r2,0.9963078235845512,pareto_ls_r2 >= 0.98 and selected tail supported,True,supported,2.53,0.04,0.3454191059342362,13.652929088309731,False
1982,trusted,table_3,pareto,lsf,beta,455.2882006757643,56.81107475573701,pareto_ls_r2,0.9963078235845512,pareto_ls_r2 >= 0.98 and selected tail supported,True,supported,150.5,20.8,304.7882006757643,202.51707686097296,False
1982,trusted,table_3,pareto,lsf,correlation_coefficient,0.9981522046183894,,pareto_ls_r2,0.9963078235845512,pareto_ls_r2 >= 0.98 and selected tail supported,True,supported,0.997,,0.0011522046183893,0.1155671633289253,
1982,trusted,table_3,pareto,mle,alpha,2.8848761334133064,0.0570285060495118,pareto_mle_r2,0.9910185019330612,finite direct MLE on observations x >= x_t,True,supported,2.68,0.06,0.2048761334133062,7.644631843780083,False
1982,trusted,table_3,pareto,mle_continuity,beta,541.7818676264862,63.66197486535458,pareto_mle_r2,0.9910185019330612,finite direct MLE on observations x >= x_t,True,supported,316.0,40.0,225.78186762648625,71.44995810964754,False
1982,trusted,table_3,pareto,population,population_pct,1.237641712393338,,pareto_ls_r2,0.9963078235845512,pareto_ls_r2 >= 0.98 and selected tail supported,True,supported,1.1,,0.137641712393338,12.512882944848908,
1982,trusted,table_3,transition,boundary,x_t,7.849559609203476,,pareto_ls_r2,0.9963078235845512,descriptive reproduction quantity,,descriptive,7.473,0.0,0.3765596092034764,5.038934955218472,False
1982,trusted,table_4,income_share,gompertz,share_pct,85.17953980734302,,,,descriptive reproduction quantity,,descriptive,87.2,,-2.020460192656984,-2.317041505340577,
1982,trusted,table_4,income_share,pareto,share_pct,14.82046019265698,,,,descriptive reproduction quantity,,descriptive,12.8,,2.02046019265698,15.784845255132655,
1982,trusted,table_4,inequality,lorenz,gini,0.5898439323148535,,,,descriptive reproduction quantity,,descriptive,0.581,,0.0088439323148535,1.522191448339688,
1983,refined,model_test,gompertz_vs_exponential,r2_comparison,delta_r2,-0.0338873656254701,,delta_r2,-0.0338873656254701,gompertz_free_r2 > exponential_r2,False,rejected,,,,,
1983,refined,table_1,annual_income,descriptive,mean_income_usd,62.32458268558594,,,,descriptive reproduction quantity,,descriptive,56.786,,5.538582685585936,9.753429869309224,
1983,refined,table_2,gompertz,boundary,x_gmax,7.96710960176985,,gompertz_free_correlation_coefficient,0.949840910760676,correlation_coefficient >= 0.98,False,weak,6.91,,1.0571096017698496,15.298257623297388,
1983,refined,table_2,gompertz,free_lsf,A,1.5665094261996255,0.0176961996844601,gompertz_free_correlation_coefficient,0.949840910760676,correlation_coefficient >= 0.98,False,weak,1.54,0.01,0.0265094261996254,1.7213913116639925,False
1983,refined,table_2,gompertz,free_lsf,B,0.3862457931569002,0.0469247145101061,gompertz_free_correlation_coefficient,0.949840910760676,correlation_coefficient >= 0.98,False,weak,0.33,0.01,0.0562457931569002,17.044179744515212,False
1983,refined,table_2,gompertz,free_lsf,correlation_coefficient,0.949840910760676,,gompertz_free_correlation_coefficient,0.949840910760676,correlation_coefficient >= 0.98,False,weak,0.996,,-0.0461590892393238,-4.63444671077549,
1983,refined,table_2,gompertz,population,population_pct,98.96437332180858,,gompertz_free_correlation_coefficient,0.949840910760676,correlation_coefficient >= 0.98,False,weak,98.7,,0.2643733218085771,0.2678554425618815,
1983,refined,table_3,pareto,boundary,x_pmin,7.96710960176985,,pareto_ls_r2,0.9947365799996454,pareto_ls_r2 >= 0.98 and selected tail supported,True,supported,6.91,,1.0571096017698496,15.298257623297388,
1983,refined,table_3,pareto,lsf,alpha,2.776827850093007,0.0580007277893249,pareto_ls_r2,0.9947365799996454,pareto_ls_r2 >= 0.98 and selected tail supported,True,supported,3.03,0.08,-0.2531721499069927,-8.35551649858062,False
1983,refined,table_3,pareto,lsf,beta,385.84190169478046,84.35427738229497,pareto_ls_r2,0.9947365799996454,pareto_ls_r2 >= 0.98 and selected tail supported,True,supported,655.6,186.6,-269.7580983052196,-41.14675080921592,False
1983,refined,table_3,pareto,lsf,correlation_coefficient,0.9973648179074924,,pareto_ls_r2,0.9947365799996454,pareto_ls_r2 >= 0.98 and selected tail supported,True,supported,0.992,,0.0053648179074923,0.5408082568036618,
1983,refined,table_3,pareto,mle,alpha,2.485291809431156,0.0345479437155251,pareto_mle_r2,0.9386967726368184,finite direct MLE on observations x >= x_t,True,supported,2.64,0.05,-0.1547081905688441,-5.860158733668337,False
1983,refined,table_3,pareto,mle_continuity,beta,218.44929341007548,15.662399198066163,pareto_mle_r2,0.9386967726368184,finite direct MLE on observations x >= x_t,True,supported,263.0,26.0,-44.55070658992452,-16.939432163469398,False
1983,refined,table_3,pareto,population,population_pct,1.035626678191415,,pareto_ls_r2,0.9947365799996454,pareto_ls_r2 >= 0.98 and selected tail supported,True,supported,1.3,,-0.2643733218085851,-20.33640936989116,
1983,refined,table_3,transition,boundary,x_t,7.96710960176985,,pareto_ls_r2,0.9947365799996454,descriptive reproduction quantity,,descriptive,6.91,0.0,1.0571096017698496,15.298257623297388,False
1983,refined,table_4,income_share,gompertz,share_pct,86.46612531340745,,,,descriptive reproduction quantity,,descriptive,85.5,,0.9661253134074456,1.129971126792334,
1983,refined,table_4,income_share,pareto,share_pct,13.533874686592554,,,,descriptive reproduction quantity,,descriptive,14.5,,-0.9661253134074456,-6.662933195913419,
1983,refined,table_4,inequality,lorenz,gini,0.5984475364063784,,,,descriptive reproduction quantity,,descriptive,0.584,,0.0144475364063784,2.4738932202702766,
1983,trusted,model_test,gompertz_vs_exponential,r2_comparison,delta_r2,-0.0338873656254701,,delta_r2,-0.0338873656254701,gompertz_free_r2 > exponential_r2,False,rejected,,,,,
1983,trusted,table_1,annual_income,descriptive,mean_income_usd,62.32458268558594,,,,descriptive reproduction quantity,,descriptive,56.786,,5.538582685585936,9.753429869309224,
1983,trusted,table_2,gompertz,boundary,x_gmax,7.96710960176985,,gompertz_free_correlation_coefficient,0.949840910760676,correlation_coefficient >= 0.98,False,weak,6.91,,1.0571096017698496,15.298257623297388,
1983,trusted,table_2,gompertz,free_lsf,A,1.5665094261996255,0.0176961996844601,gompertz_free_correlation_coefficient,0.949840910760676,correlation_coefficient >= 0.98,False,weak,1.54,0.01,0.0265094261996254,1.7213913116639925,False
1983,trusted,table_2,gompertz,free_lsf,B,0.3862457931569002,0.0469247145101061,gompertz_free_correlation_coefficient,0.949840910760676,correlation_coefficient >= 0.98,False,weak,0.33,0.01,0.0562457931569002,17.044179744515212,False
1983,trusted,table_2,gompertz,free_lsf,correlation_coefficient,0.949840910760676,,gompertz_free_correlation_coefficient,0.949840910760676,correlation_coefficient >= 0.98,False,weak,0.996,,-0.0461590892393238,-4.63444671077549,
1983,trusted,table_2,gompertz,population,population_pct,98.96437332180858,,gompertz_free_correlation_coefficient,0.949840910760676,correlation_coefficient >= 0.98,False,weak,98.7,,0.2643733218085771,0.2678554425618815,
1983,trusted,table_3,pareto,boundary,x_pmin,7.96710960176985,,pareto_ls_r2,0.9947365799996454,pareto_ls_r2 >= 0.98 and selected tail supported,True,supported,6.91,,1.0571096017698496,15.298257623297388,
1983,trusted,table_3,pareto,lsf,alpha,2.776827850093007,0.0580007277893249,pareto_ls_r2,0.9947365799996454,pareto_ls_r2 >= 0.98 and selected tail supported,True,supported,3.03,0.08,-0.2531721499069927,-8.35551649858062,False
1983,trusted,table_3,pareto,lsf,beta,385.84190169478046,84.35427738229497,pareto_ls_r2,0.9947365799996454,pareto_ls_r2 >= 0.98 and selected tail supported,True,supported,655.6,186.6,-269.7580983052196,-41.14675080921592,False
1983,trusted,table_3,pareto,lsf,correlation_coefficient,0.9973648179074924,,pareto_ls_r2,0.9947365799996454,pareto_ls_r2 >= 0.98 and selected tail supported,True,supported,0.992,,0.0053648179074923,0.5408082568036618,
1983,trusted,table_3,pareto,mle,alpha,2.485291809431156,0.0345479437155251,pareto_mle_r2,0.9386967726368184,finite direct MLE on observations x >= x_t,True,supported,2.64,0.05,-0.1547081905688441,-5.860158733668337,False
1983,trusted,table_3,pareto,mle_continuity,beta,218.44929341007548,15.662399198066163,pareto_mle_r2,0.9386967726368184,finite direct MLE on observations x >= x_t,True,supported,263.0,26.0,-44.55070658992452,-16.939432163469398,False
1983,trusted,table_3,pareto,population,population_pct,1.035626678191415,,pareto_ls_r2,0.9947365799996454,pareto_ls_r2 >= 0.98 and selected tail supported,True,supported,1.3,,-0.2643733218085851,-20.33640936989116,
1983,trusted,table_3,transition,boundary,x_t,7.96710960176985,,pareto_ls_r2,0.9947365799996454,descriptive reproduction quantity,,descriptive,6.91,0.0,1.0571096017698496,15.298257623297388,False
1983,trusted,table_4,income_share,gompertz,share_pct,86.46612531340745,,,,descriptive reproduction quantity,,descriptive,85.5,,0.9661253134074456,1.129971126792334,
1983,trusted,table_4,income_share,pareto,share_pct,13.533874686592554,,,,descriptive reproduction quantity,,descriptive,14.5,,-0.9661253134074456,-6.662933195913419,
1983,trusted,table_4,inequality,lorenz,gini,0.5984475364063784,,,,descriptive reproduction quantity,,descriptive,0.584,,0.0144475364063784,2.4738932202702766,
1984,refined,model_test,gompertz_vs_exponential,r2_comparison,delta_r2,0.020064172854477,,delta_r2,0.020064172854477,gompertz_free_r2 > exponential_r2,True,supported,,,,,
1984,refined,table_1,annual_income,descriptive,mean_income_usd,56.15153919883118,,,,descriptive reproduction quantity,,descriptive,51.764,,4.387539198831178,8.476043580154505,
1984,refined,table_2,gompertz,boundary,x_gmax,7.82329475179977,,gompertz_free_correlation_coefficient,0.9781250291430768,correlation_coefficient >= 0.98,False,weak,7.388,,0.4352947517997698,5.891915969136029,
1984,refined,table_2,gompertz,free_lsf,A,1.5489594592064022,0.0083562467827517,gompertz_free_correlation_coefficient,0.9781250291430768,correlation_coefficient >= 0.98,False,weak,1.55,0.01,-0.0010405407935978,-0.0671316641030859,True
1984,refined,table_2,gompertz,free_lsf,B,0.3535904213867211,0.0267316616925292,gompertz_free_correlation_coefficient,0.9781250291430768,correlation_coefficient >= 0.98,False,weak,0.33,0.01,0.023590421386721,7.148612541430627,False
1984,refined,table_2,gompertz,free_lsf,correlation_coefficient,0.9781250291430768,,gompertz_free_correlation_coefficient,0.9781250291430768,correlation_coefficient >= 0.98,False,weak,0.994,,-0.0158749708569232,-1.5970795630707488,
1984,refined,table_2,gompertz,population,population_pct,98.88783175754692,,gompertz_free_correlation_coefficient,0.9781250291430768,correlation_coefficient >= 0.98,False,weak,98.9,,-0.012168242453086,-0.0123035818534742,
1984,refined,table_3,pareto,boundary,x_pmin,7.82329475179977,,pareto_ls_r2,0.995345554408696,pareto_ls_r2 >= 0.98 and selected tail supported,True,supported,7.388,,0.4352947517997698,5.891915969136029,
1984,refined,table_3,pareto,lsf,alpha,3.357673567689252,0.0680839433240348,pareto_ls_r2,0.995345554408696,pareto_ls_r2 >= 0.98 and selected tail supported,True,supported,3.5,0.07,-0.1423264323107482,-4.066469494592807,False
1984,refined,table_3,pareto,lsf,beta,1523.663129205975,464.3088090616956,pareto_ls_r2,0.995345554408696,pareto_ls_r2 >= 0.98 and selected tail supported,True,supported,1870.0,451.0,-346.3368707940249,-18.52068827775534,True
1984,refined,table_3,pareto,lsf,correlation_coefficient,0.9976700629009052,,pareto_ls_r2,0.995345554408696,pareto_ls_r2 >= 0.98 and selected tail supported,True,supported,0.996,,0.0016700629009051,0.1676769980828414,
1984,refined,table_3,pareto,mle,alpha,2.664553489915974,0.0355748440911113,pareto_mle_r2,0.8566287181159283,finite direct MLE on observations x >= x_t,True,supported,2.84,0.11,-0.1754465100840256,-6.177694017043158,False
1984,refined,table_3,pareto,mle_continuity,beta,324.80344071925725,23.76951131908261,pareto_mle_r2,0.8566287181159283,finite direct MLE on observations x >= x_t,True,supported,441.0,97.0,-116.19655928074276,-26.348426140757997,False
1984,refined,table_3,pareto,population,population_pct,1.1121682424530732,,pareto_ls_r2,0.995345554408696,pareto_ls_r2 >= 0.98 and selected tail supported,True,supported,1.1,,0.0121682424530731,1.1062038593702843,
1984,refined,table_3,transition,boundary,x_t,7.82329475179977,,pareto_ls_r2,0.995345554408696,descriptive reproduction quantity,,descriptive,7.388,0.0,0.4352947517997698,5.891915969136029,False
1984,refined,table_4,income_share,gompertz,share_pct,86.46456768297374,,,,descriptive reproduction quantity,,descriptive,87.2,,-0.735432317026266,-0.843385684663149,
1984,refined,table_4,income_share,pareto,share_pct,13.535432317026263,,,,descriptive reproduction quantity,,descriptive,12.8,,0.7354323170262624,5.745564976767675,
1984,refined,table_4,inequality,lorenz,gini,0.5907641612178143,,,,descriptive reproduction quantity,,descriptive,0.576,,0.0147641612178143,2.56322243364832,
1984,trusted,model_test,gompertz_vs_exponential,r2_comparison,delta_r2,0.020064172854477,,delta_r2,0.020064172854477,gompertz_free_r2 > exponential_r2,True,supported,,,,,
1984,trusted,table_1,annual_income,descriptive,mean_income_usd,56.15153919883118,,,,descriptive reproduction quantity,,descriptive,51.764,,4.387539198831178,8.476043580154505,
1984,trusted,table_2,gompertz,boundary,x_gmax,7.82329475179977,,gompertz_free_correlation_coefficient,0.9781250291430768,correlation_coefficient >= 0.98,False,weak,7.388,,0.4352947517997698,5.891915969136029,
1984,trusted,table_2,gompertz,free_lsf,A,1.5489594592064022,0.0083562467827517,gompertz_free_correlation_coefficient,0.9781250291430768,correlation_coefficient >= 0.98,False,weak,1.55,0.01,-0.0010405407935978,-0.0671316641030859,True
1984,trusted,table_2,gompertz,free_lsf,B,0.3535904213867211,0.0267316616925292,gompertz_free_correlation_coefficient,0.9781250291430768,correlation_coefficient >= 0.98,False,weak,0.33,0.01,0.023590421386721,7.148612541430627,False
1984,trusted,table_2,gompertz,free_lsf,correlation_coefficient,0.9781250291430768,,gompertz_free_correlation_coefficient,0.9781250291430768,correlation_coefficient >= 0.98,False,weak,0.994,,-0.0158749708569232,-1.5970795630707488,
1984,trusted,table_2,gompertz,population,population_pct,98.88783175754692,,gompertz_free_correlation_coefficient,0.9781250291430768,correlation_coefficient >= 0.98,False,weak,98.9,,-0.012168242453086,-0.0123035818534742,
1984,trusted,table_3,pareto,boundary,x_pmin,7.82329475179977,,pareto_ls_r2,0.995345554408696,pareto_ls_r2 >= 0.98 and selected tail supported,True,supported,7.388,,0.4352947517997698,5.891915969136029,
1984,trusted,table_3,pareto,lsf,alpha,3.357673567689252,0.0680839433240348,pareto_ls_r2,0.995345554408696,pareto_ls_r2 >= 0.98 and selected tail supported,True,supported,3.5,0.07,-0.1423264323107482,-4.066469494592807,False
1984,trusted,table_3,pareto,lsf,beta,1523.663129205975,464.3088090616956,pareto_ls_r2,0.995345554408696,pareto_ls_r2 >= 0.98 and selected tail supported,True,supported,1870.0,451.0,-346.3368707940249,-18.52068827775534,True
1984,trusted,table_3,pareto,lsf,correlation_coefficient,0.9976700629009052,,pareto_ls_r2,0.995345554408696,pareto_ls_r2 >= 0.98 and selected tail supported,True,supported,0.996,,0.0016700629009051,0.1676769980828414,
1984,trusted,table_3,pareto,mle,alpha,2.664553489915974,0.0355748440911113,pareto_mle_r2,0.8566287181159283,finite direct MLE on observations x >= x_t,True,supported,2.84,0.11,-0.1754465100840256,-6.177694017043158,False
1984,trusted,table_3,pareto,mle_continuity,beta,324.80344071925725,23.76951131908261,pareto_mle_r2,0.8566287181159283,finite direct MLE on observations x >= x_t,True,supported,441.0,97.0,-116.19655928074276,-26.348426140757997,False
1984,trusted,table_3,pareto,population,population_pct,1.1121682424530732,,pareto_ls_r2,0.995345554408696,pareto_ls_r2 >= 0.98 and selected tail supported,True,supported,1.1,,0.0121682424530731,1.1062038593702843,
1984,trusted,table_3,transition,boundary,x_t,7.82329475179977,,pareto_ls_r2,0.995345554408696,descriptive reproduction quantity,,descriptive,7.388,0.0,0.4352947517997698,5.891915969136029,False
1984,trusted,table_4,income_share,gompertz,share_pct,86.46456768297374,,,,descriptive reproduction quantity,,descriptive,87.2,,-0.735432317026266,-0.843385684663149,
1984,trusted,table_4,income_share,pareto,share_pct,13.535432317026263,,,,descriptive reproduction quantity,,descriptive,12.8,,0.7354323170262624,5.745564976767675,
1984,trusted,table_4,inequality,lorenz,gini,0.5907641612178143,,,,descriptive reproduction quantity,,descriptive,0.576,,0.0147641612178143,2.56322243364832,
1985,refined,model_test,gompertz_vs_exponential,r2_comparison,delta_r2,0.0387219803437283,,delta_r2,0.0387219803437283,gompertz_free_r2 > exponential_r2,True,supported,,,,,
1985,refined,table_1,annual_income,descriptive,mean_income_usd,63.34468599817367,,,,descriptive reproduction quantity,,descriptive,58.039,,5.305685998173665,9.14158755005025,
1985,refined,table_2,gompertz,boundary,x_gmax,7.72788415290446,,gompertz_free_correlation_coefficient,0.9869963977218972,correlation_coefficient >= 0.98,True,supported,7.49,,0.2378841529044599,3.1760234032638177,
1985,refined,table_2,gompertz,free_lsf,A,1.5411616906465446,0.005531054444435,gompertz_free_correlation_coefficient,0.9869963977218972,correlation_coefficient >= 0.98,True,supported,1.54,0.01,0.0011616906465445,0.0754344575678304,True
1985,refined,table_2,gompertz,free_lsf,B,0.3406375005349402,0.0195745710347296,gompertz_free_correlation_coefficient,0.9869963977218972,correlation_coefficient >= 0.98,True,supported,0.33,0.01,0.0106375005349401,3.2234850105879302,False
1985,refined,table_2,gompertz,free_lsf,correlation_coefficient,0.9869963977218972,,gompertz_free_correlation_coefficient,0.9869963977218972,correlation_coefficient >= 0.98,True,supported,0.996,,-0.0090036022781029,-0.9039761323396516,
1985,refined,table_2,gompertz,population,population_pct,98.82657735195096,,gompertz_free_correlation_coefficient,0.9869963977218972,correlation_coefficient >= 0.98,True,supported,98.9,,-0.0734226480490463,-0.0742392801304815,
1985,refined,table_3,pareto,boundary,x_pmin,7.72788415290446,,pareto_ls_r2,0.9884408834827724,pareto_ls_r2 >= 0.98 and selected tail supported,True,supported,7.49,,0.2378841529044599,3.1760234032638177,
1985,refined,table_3,pareto,lsf,alpha,2.845655510465797,0.0859277619486996,pareto_ls_r2,0.9884408834827724,pareto_ls_r2 >= 0.98 and selected tail supported,True,supported,3.15,0.1,-0.3043444895342029,-9.661729826482633,False
1985,refined,table_3,pareto,lsf,beta,532.3840611677135,277.3016894878277,pareto_ls_r2,0.9884408834827724,pareto_ls_r2 >= 0.98 and selected tail supported,True,supported,1112.0,382.0,-579.6159388322865,-52.12373550650058,False
1985,refined,table_3,pareto,lsf,correlation_coefficient,0.9942036428633584,,pareto_ls_r2,0.9884408834827724,pareto_ls_r2 >= 0.98 and selected tail supported,True,supported,0.99,,0.0042036428633583,0.4246103902382214,
1985,refined,table_3,pareto,mle,alpha,2.4328090674592624,0.0313240099628282,pareto_mle_r2,0.8968263462294367,finite direct MLE on observations x >= x_t,True,supported,2.66,0.05,-0.2271909325407377,-8.541012501531494,False
1985,refined,table_3,pareto,mle_continuity,beta,203.32090234939665,13.023198930661229,pareto_mle_r2,0.8968263462294367,finite direct MLE on observations x >= x_t,True,supported,312.0,34.0,-108.67909765060335,-34.83304411878313,False
1985,refined,table_3,pareto,population,population_pct,1.1734226480490608,,pareto_ls_r2,0.9884408834827724,pareto_ls_r2 >= 0.98 and selected tail supported,True,supported,1.1,,0.0734226480490607,6.674786186278248,
1985,refined,table_3,transition,boundary,x_t,7.72788415290446,,pareto_ls_r2,0.9884408834827724,descriptive reproduction quantity,,descriptive,7.49,0.0,0.2378841529044599,3.1760234032638177,False
1985,refined,table_4,income_share,gompertz,share_pct,84.87907535586164,,,,descriptive reproduction quantity,,descriptive,85.8,,-0.9209246441383528,-1.0733387460819963,
1985,refined,table_4,income_share,pareto,share_pct,15.120924644138356,,,,descriptive reproduction quantity,,descriptive,14.2,,0.9209246441383564,6.485384817875749,
1985,refined,table_4,inequality,lorenz,gini,0.6020969269730102,,,,descriptive reproduction quantity,,descriptive,0.589,,0.0130969269730102,2.223586922412604,
1985,trusted,model_test,gompertz_vs_exponential,r2_comparison,delta_r2,0.0387219803437283,,delta_r2,0.0387219803437283,gompertz_free_r2 > exponential_r2,True,supported,,,,,
1985,trusted,table_1,annual_income,descriptive,mean_income_usd,63.34468599817367,,,,descriptive reproduction quantity,,descriptive,58.039,,5.305685998173665,9.14158755005025,
1985,trusted,table_2,gompertz,boundary,x_gmax,7.72788415290446,,gompertz_free_correlation_coefficient,0.9869963977218972,correlation_coefficient >= 0.98,True,supported,7.49,,0.2378841529044599,3.1760234032638177,
1985,trusted,table_2,gompertz,free_lsf,A,1.5411616906465446,0.005531054444435,gompertz_free_correlation_coefficient,0.9869963977218972,correlation_coefficient >= 0.98,True,supported,1.54,0.01,0.0011616906465445,0.0754344575678304,True
1985,trusted,table_2,gompertz,free_lsf,B,0.3406375005349402,0.0195745710347296,gompertz_free_correlation_coefficient,0.9869963977218972,correlation_coefficient >= 0.98,True,supported,0.33,0.01,0.0106375005349401,3.2234850105879302,False
1985,trusted,table_2,gompertz,free_lsf,correlation_coefficient,0.9869963977218972,,gompertz_free_correlation_coefficient,0.9869963977218972,correlation_coefficient >= 0.98,True,supported,0.996,,-0.0090036022781029,-0.9039761323396516,
1985,trusted,table_2,gompertz,population,population_pct,98.82657735195096,,gompertz_free_correlation_coefficient,0.9869963977218972,correlation_coefficient >= 0.98,True,supported,98.9,,-0.0734226480490463,-0.0742392801304815,
1985,trusted,table_3,pareto,boundary,x_pmin,7.72788415290446,,pareto_ls_r2,0.9884408834827724,pareto_ls_r2 >= 0.98 and selected tail supported,True,supported,7.49,,0.2378841529044599,3.1760234032638177,
1985,trusted,table_3,pareto,lsf,alpha,2.845655510465797,0.0859277619486996,pareto_ls_r2,0.9884408834827724,pareto_ls_r2 >= 0.98 and selected tail supported,True,supported,3.15,0.1,-0.3043444895342029,-9.661729826482633,False
1985,trusted,table_3,pareto,lsf,beta,532.3840611677135,277.3016894878277,pareto_ls_r2,0.9884408834827724,pareto_ls_r2 >= 0.98 and selected tail supported,True,supported,1112.0,382.0,-579.6159388322865,-52.12373550650058,False
1985,trusted,table_3,pareto,lsf,correlation_coefficient,0.9942036428633584,,pareto_ls_r2,0.9884408834827724,pareto_ls_r2 >= 0.98 and selected tail supported,True,supported,0.99,,0.0042036428633583,0.4246103902382214,
1985,trusted,table_3,pareto,mle,alpha,2.4328090674592624,0.0313240099628282,pareto_mle_r2,0.8968263462294367,finite direct MLE on observations x >= x_t,True,supported,2.66,0.05,-0.2271909325407377,-8.541012501531494,False
1985,trusted,table_3,pareto,mle_continuity,beta,203.32090234939665,13.023198930661229,pareto_mle_r2,0.8968263462294367,finite direct MLE on observations x >= x_t,True,supported,312.0,34.0,-108.67909765060335,-34.83304411878313,False
1985,trusted,table_3,pareto,population,population_pct,1.1734226480490608,,pareto_ls_r2,0.9884408834827724,pareto_ls_r2 >= 0.98 and selected tail supported,True,supported,1.1,,0.0734226480490607,6.674786186278248,
1985,trusted,table_3,transition,boundary,x_t,7.72788415290446,,pareto_ls_r2,0.9884408834827724,descriptive reproduction quantity,,descriptive,7.49,0.0,0.2378841529044599,3.1760234032638177,False
1985,trusted,table_4,income_share,gompertz,share_pct,84.87907535586164,,,,descriptive reproduction quantity,,descriptive,85.8,,-0.9209246441383528,-1.0733387460819963,
1985,trusted,table_4,income_share,pareto,share_pct,15.120924644138356,,,,descriptive reproduction quantity,,descriptive,14.2,,0.9209246441383564,6.485384817875749,
1985,trusted,table_4,inequality,lorenz,gini,0.6020969269730102,,,,descriptive reproduction quantity,,descriptive,0.589,,0.0130969269730102,2.223586922412604,
1986,refined,model_test,gompertz_vs_exponential,r2_comparison,delta_r2,0.0403873654445444,,delta_r2,0.0403873654445444,gompertz_free_r2 > exponential_r2,True,supported,,,,,
1986,refined,table_1,annual_income,descriptive,mean_income_usd,96.039309130723,,,,descriptive reproduction quantity,,descriptive,91.306,,4.733309130723001,5.184006670671151,
1986,refined,table_2,gompertz,boundary,x_gmax,7.218092203968127,,gompertz_free_correlation_coefficient,0.9903133750538337,correlation_coefficient >= 0.98,True,supported,7.112,,0.1060922039681271,1.4917351514078618,
1986,refined,table_2,gompertz,free_lsf,A,1.5454510365523644,0.0057338083574707,gompertz_free_correlation_coefficient,0.9903133750538337,correlation_coefficient >= 0.98,True,supported,1.55,0.01,-0.0045489634476356,-0.2934815127506882,True
1986,refined,table_2,gompertz,free_lsf,B,0.3442358578517293,0.0163368655351749,gompertz_free_correlation_coefficient,0.9903133750538337,correlation_coefficient >= 0.98,True,supported,0.34,0.01,0.0042358578517292,1.2458405446262506,True
1986,refined,table_2,gompertz,free_lsf,correlation_coefficient,0.9903133750538337,,gompertz_free_correlation_coefficient,0.9903133750538337,correlation_coefficient >= 0.98,True,supported,0.995,,-0.0046866249461664,-0.4710175825292915,
1986,refined,table_2,gompertz,population,population_pct,98.74956887753306,,gompertz_free_correlation_coefficient,0.9903133750538337,correlation_coefficient >= 0.98,True,supported,98.8,,-0.0504311224669322,-0.0510436462215913,
1986,refined,table_3,pareto,boundary,x_pmin,7.218092203968127,,pareto_ls_r2,0.9754860241505304,pareto_ls_r2 >= 0.98 and selected tail supported,False,fallback,7.112,,0.1060922039681271,1.4917351514078618,
1986,refined,table_3,pareto,lsf,alpha,2.1326803653865243,0.0502619937032031,pareto_ls_r2,0.9754860241505304,pareto_ls_r2 >= 0.98 and selected tail supported,False,fallback,2.11,0.07,0.0226803653865244,1.074898833484569,True
1986,refined,table_3,pareto,lsf,beta,67.86447408669837,10.508838028847888,pareto_ls_r2,0.9754860241505304,pareto_ls_r2 >= 0.98 and selected tail supported,False,fallback,57.84,12.52,10.024474086698362,17.331386733572547,True
1986,refined,table_3,pareto,lsf,correlation_coefficient,0.9876669601391608,,pareto_ls_r2,0.9754860241505304,pareto_ls_r2 >= 0.98 and selected tail supported,False,fallback,0.987,,0.0006669601391606,0.0675744821844657,
1986,refined,table_3,pareto,mle,alpha,2.3455771802487635,0.03935620662859,pareto_mle_r2,0.9677904296933192,finite direct MLE on observations x >= x_t,True,supported,2.57,0.03,-0.2244228197512363,-8.732405437791298,False
1986,refined,table_3,pareto,mle_continuity,beta,153.49949062927152,11.940895949970953,pareto_mle_r2,0.9677904296933192,finite direct MLE on observations x >= x_t,True,supported,234.0,17.0,-80.50050937072848,-34.4019270815079,False
1986,refined,table_3,pareto,population,population_pct,1.2504311224669356,,pareto_ls_r2,0.9754860241505304,pareto_ls_r2 >= 0.98 and selected tail supported,False,fallback,1.2,,0.0504311224669355,4.2025935389113,
1986,refined,table_3,transition,boundary,x_t,7.218092203968127,,pareto_ls_r2,0.9754860241505304,descriptive reproduction quantity,,descriptive,7.112,0.0,0.1060922039681271,1.4917351514078618,False
1986,refined,table_4,income_share,gompertz,share_pct,84.22080517992408,,,,descriptive reproduction quantity,,descriptive,85.2,,-0.979194820075918,-1.1492896949247864,
1986,refined,table_4,income_share,pareto,share_pct,15.779194820075915,,,,descriptive reproduction quantity,,descriptive,14.8,,0.9791948200759144,6.616181216729151,
1986,refined,table_4,inequality,lorenz,gini,0.5930790055734168,,,,descriptive reproduction quantity,,descriptive,0.58,,0.0130790055734167,2.2550009609339297,
1986,trusted,model_test,gompertz_vs_exponential,r2_comparison,delta_r2,0.0403873654445444,,delta_r2,0.0403873654445444,gompertz_free_r2 > exponential_r2,True,supported,,,,,
1986,trusted,table_1,annual_income,descriptive,mean_income_usd,96.039309130723,,,,descriptive reproduction quantity,,descriptive,91.306,,4.733309130723001,5.184006670671151,
1986,trusted,table_2,gompertz,boundary,x_gmax,7.218092203968127,,gompertz_free_correlation_coefficient,0.9903133750538337,correlation_coefficient >= 0.98,True,supported,7.112,,0.1060922039681271,1.4917351514078618,
1986,trusted,table_2,gompertz,free_lsf,A,1.5454510365523644,0.0057338083574707,gompertz_free_correlation_coefficient,0.9903133750538337,correlation_coefficient >= 0.98,True,supported,1.55,0.01,-0.0045489634476356,-0.2934815127506882,True
1986,trusted,table_2,gompertz,free_lsf,B,0.3442358578517293,0.0163368655351749,gompertz_free_correlation_coefficient,0.9903133750538337,correlation_coefficient >= 0.98,True,supported,0.34,0.01,0.0042358578517292,1.2458405446262506,True
1986,trusted,table_2,gompertz,free_lsf,correlation_coefficient,0.9903133750538337,,gompertz_free_correlation_coefficient,0.9903133750538337,correlation_coefficient >= 0.98,True,supported,0.995,,-0.0046866249461664,-0.4710175825292915,
1986,trusted,table_2,gompertz,population,population_pct,98.74956887753306,,gompertz_free_correlation_coefficient,0.9903133750538337,correlation_coefficient >= 0.98,True,supported,98.8,,-0.0504311224669322,-0.0510436462215913,
1986,trusted,table_3,pareto,boundary,x_pmin,7.218092203968127,,pareto_ls_r2,0.9754860241505304,pareto_ls_r2 >= 0.98 and selected tail supported,False,fallback,7.112,,0.1060922039681271,1.4917351514078618,
1986,trusted,table_3,pareto,lsf,alpha,2.1326803653865243,0.0502619937032031,pareto_ls_r2,0.9754860241505304,pareto_ls_r2 >= 0.98 and selected tail supported,False,fallback,2.11,0.07,0.0226803653865244,1.074898833484569,True
1986,trusted,table_3,pareto,lsf,beta,67.86447408669837,10.508838028847888,pareto_ls_r2,0.9754860241505304,pareto_ls_r2 >= 0.98 and selected tail supported,False,fallback,57.84,12.52,10.024474086698362,17.331386733572547,True
1986,trusted,table_3,pareto,lsf,correlation_coefficient,0.9876669601391608,,pareto_ls_r2,0.9754860241505304,pareto_ls_r2 >= 0.98 and selected tail supported,False,fallback,0.987,,0.0006669601391606,0.0675744821844657,
1986,trusted,table_3,pareto,mle,alpha,2.3455771802487635,0.03935620662859,pareto_mle_r2,0.9677904296933192,finite direct MLE on observations x >= x_t,True,supported,2.57,0.03,-0.2244228197512363,-8.732405437791298,False
1986,trusted,table_3,pareto,mle_continuity,beta,153.49949062927152,11.940895949970953,pareto_mle_r2,0.9677904296933192,finite direct MLE on observations x >= x_t,True,supported,234.0,17.0,-80.50050937072848,-34.4019270815079,False
1986,trusted,table_3,pareto,population,population_pct,1.2504311224669356,,pareto_ls_r2,0.9754860241505304,pareto_ls_r2 >= 0.98 and selected tail supported,False,fallback,1.2,,0.0504311224669355,4.2025935389113,
1986,trusted,table_3,transition,boundary,x_t,7.218092203968127,,pareto_ls_r2,0.9754860241505304,descriptive reproduction quantity,,descriptive,7.112,0.0,0.1060922039681271,1.4917351514078618,False
1986,trusted,table_4,income_share,gompertz,share_pct,84.22080517992408,,,,descriptive reproduction quantity,,descriptive,85.2,,-0.979194820075918,-1.1492896949247864,
1986,trusted,table_4,income_share,pareto,share_pct,15.779194820075915,,,,descriptive reproduction quantity,,descriptive,14.8,,0.9791948200759144,6.616181216729151,
1986,trusted,table_4,inequality,lorenz,gini,0.5930790055734168,,,,descriptive reproduction quantity,,descriptive,0.58,,0.0130790055734167,2.2550009609339297,
1987,refined,model_test,gompertz_vs_exponential,r2_comparison,delta_r2,0.0450559388570835,,delta_r2,0.0450559388570835,gompertz_free_r2 > exponential_r2,True,supported,,,,,
1987,refined,table_1,annual_income,descriptive,mean_income_usd,80.22774437320022,,,,descriptive reproduction quantity,,descriptive,75.687,,4.540744373200226,5.99937158719493,
1987,refined,table_2,gompertz,boundary,x_gmax,7.763947684149914,,gompertz_free_correlation_coefficient,0.9884267029083728,correlation_coefficient >= 0.98,True,supported,7.626,,0.1379476841499141,1.808912721609154,
1987,refined,table_2,gompertz,free_lsf,A,1.5434750934624677,0.0085095768114847,gompertz_free_correlation_coefficient,0.9884267029083728,correlation_coefficient >= 0.98,True,supported,1.55,0.01,-0.0065249065375323,-0.4209617120988612,True
1987,refined,table_2,gompertz,free_lsf,B,0.3422215782551637,0.019241644640066,gompertz_free_correlation_coefficient,0.9884267029083728,correlation_coefficient >= 0.98,True,supported,0.34,0.02,0.0022215782551636,0.6534053691657852,True
1987,refined,table_2,gompertz,free_lsf,correlation_coefficient,0.9884267029083728,,gompertz_free_correlation_coefficient,0.9884267029083728,correlation_coefficient >= 0.98,True,supported,0.992,,-0.0035732970916271,-0.3602114003656376,
1987,refined,table_2,gompertz,population,population_pct,98.81790065444356,,gompertz_free_correlation_coefficient,0.9884267029083728,correlation_coefficient >= 0.98,True,supported,98.9,,-0.0820993455564433,-0.0830124828679912,
1987,refined,table_3,pareto,boundary,x_pmin,7.763947684149914,,pareto_ls_r2,0.9889923196717456,pareto_ls_r2 >= 0.98 and selected tail supported,True,supported,7.626,,0.1379476841499141,1.808912721609154,
1987,refined,table_3,pareto,lsf,alpha,2.665443345041113,0.0559193366368231,pareto_ls_r2,0.9889923196717456,pareto_ls_r2 >= 0.98 and selected tail supported,True,supported,2.43,0.06,0.2354433450411126,9.689026544901754,False
1987,refined,table_3,pareto,lsf,beta,325.8939709105412,64.61058672673262,pareto_ls_r2,0.9889923196717456,pareto_ls_r2 >= 0.98 and selected tail supported,True,supported,153.6,26.7,172.29397091054122,112.17055397821694,False
1987,refined,table_3,pareto,lsf,correlation_coefficient,0.9944809297677586,,pareto_ls_r2,0.9889923196717456,pareto_ls_r2 >= 0.98 and selected tail supported,True,supported,0.996,,-0.0015190702322414,-0.1525170915905024,
1987,refined,table_3,pareto,mle,alpha,2.384758946219901,0.0405538391303163,pareto_mle_r2,0.939798815270559,finite direct MLE on observations x >= x_t,True,supported,2.72,0.07,-0.3352410537800994,-12.325038741915415,False
1987,refined,table_3,pareto,mle_continuity,beta,185.0902512345535,15.38372539698497,pareto_mle_r2,0.939798815270559,finite direct MLE on observations x >= x_t,True,supported,360.0,55.0,-174.9097487654465,-48.58604132373514,False
1987,refined,table_3,pareto,population,population_pct,1.182099345556448,,pareto_ls_r2,0.9889923196717456,pareto_ls_r2 >= 0.98 and selected tail supported,True,supported,1.1,,0.0820993455564478,7.463576868767983,
1987,refined,table_3,transition,boundary,x_t,7.763947684149914,,pareto_ls_r2,0.9889923196717456,descriptive reproduction quantity,,descriptive,7.626,0.0,0.1379476841499141,1.808912721609154,False
1987,refined,table_4,income_share,gompertz,share_pct,84.53158264435757,,,,descriptive reproduction quantity,,descriptive,85.9,,-1.3684173556424355,-1.5930353383497502,
1987,refined,table_4,income_share,pareto,share_pct,15.46841735564243,,,,descriptive reproduction quantity,,descriptive,14.1,,1.3684173556424302,9.705087628669718,
1987,refined,table_4,inequality,lorenz,gini,0.6046304992949822,,,,descriptive reproduction quantity,,descriptive,0.592,,0.0126304992949822,2.133530286314574,
1987,trusted,model_test,gompertz_vs_exponential,r2_comparison,delta_r2,0.0450559388570835,,delta_r2,0.0450559388570835,gompertz_free_r2 > exponential_r2,True,supported,,,,,
1987,trusted,table_1,annual_income,descriptive,mean_income_usd,80.22774437320022,,,,descriptive reproduction quantity,,descriptive,75.687,,4.540744373200226,5.99937158719493,
1987,trusted,table_2,gompertz,boundary,x_gmax,7.763947684149914,,gompertz_free_correlation_coefficient,0.9884267029083728,correlation_coefficient >= 0.98,True,supported,7.626,,0.1379476841499141,1.808912721609154,
1987,trusted,table_2,gompertz,free_lsf,A,1.5434750934624677,0.0085095768114847,gompertz_free_correlation_coefficient,0.9884267029083728,correlation_coefficient >= 0.98,True,supported,1.55,0.01,-0.0065249065375323,-0.4209617120988612,True
1987,trusted,table_2,gompertz,free_lsf,B,0.3422215782551637,0.019241644640066,gompertz_free_correlation_coefficient,0.9884267029083728,correlation_coefficient >= 0.98,True,supported,0.34,0.02,0.0022215782551636,0.6534053691657852,True
1987,trusted,table_2,gompertz,free_lsf,correlation_coefficient,0.9884267029083728,,gompertz_free_correlation_coefficient,0.9884267029083728,correlation_coefficient >= 0.98,True,supported,0.992,,-0.0035732970916271,-0.3602114003656376,
1987,trusted,table_2,gompertz,population,population_pct,98.81790065444356,,gompertz_free_correlation_coefficient,0.9884267029083728,correlation_coefficient >= 0.98,True,supported,98.9,,-0.0820993455564433,-0.0830124828679912,
1987,trusted,table_3,pareto,boundary,x_pmin,7.763947684149914,,pareto_ls_r2,0.9889923196717456,pareto_ls_r2 >= 0.98 and selected tail supported,True,supported,7.626,,0.1379476841499141,1.808912721609154,
1987,trusted,table_3,pareto,lsf,alpha,2.665443345041113,0.0559193366368231,pareto_ls_r2,0.9889923196717456,pareto_ls_r2 >= 0.98 and selected tail supported,True,supported,2.43,0.06,0.2354433450411126,9.689026544901754,False
1987,trusted,table_3,pareto,lsf,beta,325.8939709105412,64.61058672673262,pareto_ls_r2,0.9889923196717456,pareto_ls_r2 >= 0.98 and selected tail supported,True,supported,153.6,26.7,172.29397091054122,112.17055397821694,False
1987,trusted,table_3,pareto,lsf,correlation_coefficient,0.9944809297677586,,pareto_ls_r2,0.9889923196717456,pareto_ls_r2 >= 0.98 and selected tail supported,True,supported,0.996,,-0.0015190702322414,-0.1525170915905024,
1987,trusted,table_3,pareto,mle,alpha,2.384758946219901,0.0405538391303163,pareto_mle_r2,0.939798815270559,finite direct MLE on observations x >= x_t,True,supported,2.72,0.07,-0.3352410537800994,-12.325038741915415,False
1987,trusted,table_3,pareto,mle_continuity,beta,185.0902512345535,15.38372539698497,pareto_mle_r2,0.939798815270559,finite direct MLE on observations x >= x_t,True,supported,360.0,55.0,-174.9097487654465,-48.58604132373514,False
1987,trusted,table_3,pareto,population,population_pct,1.182099345556448,,pareto_ls_r2,0.9889923196717456,pareto_ls_r2 >= 0.98 and selected tail supported,True,supported,1.1,,0.0820993455564478,7.463576868767983,
1987,trusted,table_3,transition,boundary,x_t,7.763947684149914,,pareto_ls_r2,0.9889923196717456,descriptive reproduction quantity,,descriptive,7.626,0.0,0.1379476841499141,1.808912721609154,False
1987,trusted,table_4,income_share,gompertz,share_pct,84.53158264435757,,,,descriptive reproduction quantity,,descriptive,85.9,,-1.3684173556424355,-1.5930353383497502,
1987,trusted,table_4,income_share,pareto,share_pct,15.46841735564243,,,,descriptive reproduction quantity,,descriptive,14.1,,1.3684173556424302,9.705087628669718,
1987,trusted,table_4,inequality,lorenz,gini,0.6046304992949822,,,,descriptive reproduction quantity,,descriptive,0.592,,0.0126304992949822,2.133530286314574,
1988,refined,model_test,gompertz_vs_exponential,r2_comparison,delta_r2,0.0344950901229756,,delta_r2,0.0344950901229756,gompertz_free_r2 > exponential_r2,True,supported,,,,,
1988,refined,table_1,annual_income,descriptive,mean_income_usd,91.58231158087648,,,,descriptive reproduction quantity,,descriptive,87.276,,4.306311580876496,4.934130323200532,
1988,refined,table_2,gompertz,boundary,x_gmax,8.533216400084266,,gompertz_free_correlation_coefficient,0.9769291065997056,correlation_coefficient >= 0.98,False,weak,8.14,,0.393216400084265,4.830668305703502,
1988,refined,table_2,gompertz,free_lsf,A,1.541946388671655,0.0105248917235437,gompertz_free_correlation_coefficient,0.9769291065997056,correlation_coefficient >= 0.98,False,weak,1.54,0.01,0.0019463886716548,0.1263888747827833,True
1988,refined,table_2,gompertz,free_lsf,B,0.3418336942446066,0.0269384840950392,gompertz_free_correlation_coefficient,0.9769291065997056,correlation_coefficient >= 0.98,False,weak,0.32,0.02,0.0218336942446065,6.823029451439553,False
1988,refined,table_2,gompertz,free_lsf,correlation_coefficient,0.9769291065997056,,gompertz_free_correlation_coefficient,0.9769291065997056,correlation_coefficient >= 0.98,False,weak,0.992,,-0.0150708934002944,-1.5192432863200038,
1988,refined,table_2,gompertz,population,population_pct,98.9158693933357,,gompertz_free_correlation_coefficient,0.9769291065997056,correlation_coefficient >= 0.98,False,weak,98.9,,0.0158693933356914,0.0160458982160682,
1988,refined,table_3,pareto,boundary,x_pmin,8.533216400084266,,pareto_ls_r2,0.9948405114166048,pareto_ls_r2 >= 0.98 and selected tail supported,True,supported,8.14,,0.393216400084265,4.830668305703502,
1988,refined,table_3,pareto,lsf,alpha,2.586288054895858,0.0536625414738843,pareto_ls_r2,0.9948405114166048,pareto_ls_r2 >= 0.98 and selected tail supported,True,supported,3.06,0.13,-0.4737119451041423,-15.480782519743212,False
1988,refined,table_3,pareto,lsf,beta,315.46709804286985,70.21980606797065,pareto_ls_r2,0.9948405114166048,pareto_ls_r2 >= 0.98 and selected tail supported,True,supported,983.7,446.1,-668.2329019571303,-67.93055829593679,False
1988,refined,table_3,pareto,lsf,correlation_coefficient,0.9974169195560124,,pareto_ls_r2,0.9948405114166048,pareto_ls_r2 >= 0.98 and selected tail supported,True,supported,0.991,,0.0064169195560123,0.647519632291858,
1988,refined,table_3,pareto,mle,alpha,2.3587623013401595,0.0421006206445583,pareto_mle_r2,0.9448105142077784,finite direct MLE on observations x >= x_t,True,supported,2.87,0.12,-0.5112376986598406,-17.813160232050194,False
1988,refined,table_3,pareto,mle_continuity,beta,203.03216629391005,18.326153223388637,pareto_mle_r2,0.9448105142077784,finite direct MLE on observations x >= x_t,True,supported,585.0,153.0,-381.96783370609,-65.2936467873658,False
1988,refined,table_3,pareto,population,population_pct,1.084130606664296,,pareto_ls_r2,0.9948405114166048,pareto_ls_r2 >= 0.98 and selected tail supported,True,supported,1.1,,-0.0158693933357041,-1.442672121427649,
1988,refined,table_3,transition,boundary,x_t,8.533216400084266,,pareto_ls_r2,0.9948405114166048,descriptive reproduction quantity,,descriptive,8.14,0.0,0.393216400084265,4.830668305703502,False
1988,refined,table_4,income_share,gompertz,share_pct,84.28197881971927,,,,descriptive reproduction quantity,,descriptive,85.4,,-1.118021180280735,-1.3091582907268555,
1988,refined,table_4,income_share,pareto,share_pct,15.71802118028073,,,,descriptive reproduction quantity,,descriptive,14.6,,1.1180211802807296,7.657679316991298,
1988,refined,table_4,inequality,lorenz,gini,0.6245229030230508,,,,descriptive reproduction quantity,,descriptive,0.609,,0.0155229030230508,2.5489167525535,
1988,trusted,model_test,gompertz_vs_exponential,r2_comparison,delta_r2,0.0344950901229756,,delta_r2,0.0344950901229756,gompertz_free_r2 > exponential_r2,True,supported,,,,,
1988,trusted,table_1,annual_income,descriptive,mean_income_usd,91.58231158087648,,,,descriptive reproduction quantity,,descriptive,87.276,,4.306311580876496,4.934130323200532,
1988,trusted,table_2,gompertz,boundary,x_gmax,8.533216400084266,,gompertz_free_correlation_coefficient,0.9769291065997056,correlation_coefficient >= 0.98,False,weak,8.14,,0.393216400084265,4.830668305703502,
1988,trusted,table_2,gompertz,free_lsf,A,1.541946388671655,0.0105248917235437,gompertz_free_correlation_coefficient,0.9769291065997056,correlation_coefficient >= 0.98,False,weak,1.54,0.01,0.0019463886716548,0.1263888747827833,True
1988,trusted,table_2,gompertz,free_lsf,B,0.3418336942446066,0.0269384840950392,gompertz_free_correlation_coefficient,0.9769291065997056,correlation_coefficient >= 0.98,False,weak,0.32,0.02,0.0218336942446065,6.823029451439553,False
1988,trusted,table_2,gompertz,free_lsf,correlation_coefficient,0.9769291065997056,,gompertz_free_correlation_coefficient,0.9769291065997056,correlation_coefficient >= 0.98,False,weak,0.992,,-0.0150708934002944,-1.5192432863200038,
1988,trusted,table_2,gompertz,population,population_pct,98.9158693933357,,gompertz_free_correlation_coefficient,0.9769291065997056,correlation_coefficient >= 0.98,False,weak,98.9,,0.0158693933356914,0.0160458982160682,
1988,trusted,table_3,pareto,boundary,x_pmin,8.533216400084266,,pareto_ls_r2,0.9948405114166048,pareto_ls_r2 >= 0.98 and selected tail supported,True,supported,8.14,,0.393216400084265,4.830668305703502,
1988,trusted,table_3,pareto,lsf,alpha,2.586288054895858,0.0536625414738843,pareto_ls_r2,0.9948405114166048,pareto_ls_r2 >= 0.98 and selected tail supported,True,supported,3.06,0.13,-0.4737119451041423,-15.480782519743212,False
1988,trusted,table_3,pareto,lsf,beta,315.46709804286985,70.21980606797065,pareto_ls_r2,0.9948405114166048,pareto_ls_r2 >= 0.98 and selected tail supported,True,supported,983.7,446.1,-668.2329019571303,-67.93055829593679,False
1988,trusted,table_3,pareto,lsf,correlation_coefficient,0.9974169195560124,,pareto_ls_r2,0.9948405114166048,pareto_ls_r2 >= 0.98 and selected tail supported,True,supported,0.991,,0.0064169195560123,0.647519632291858,
1988,trusted,table_3,pareto,mle,alpha,2.3587623013401595,0.0421006206445583,pareto_mle_r2,0.9448105142077784,finite direct MLE on observations x >= x_t,True,supported,2.87,0.12,-0.5112376986598406,-17.813160232050194,False
1988,trusted,table_3,pareto,mle_continuity,beta,203.03216629391005,18.326153223388637,pareto_mle_r2,0.9448105142077784,finite direct MLE on observations x >= x_t,True,supported,585.0,153.0,-381.96783370609,-65.2936467873658,False
1988,trusted,table_3,pareto,population,population_pct,1.084130606664296,,pareto_ls_r2,0.9948405114166048,pareto_ls_r2 >= 0.98 and selected tail supported,True,supported,1.1,,-0.0158693933357041,-1.442672121427649,
1988,trusted,table_3,transition,boundary,x_t,8.533216400084266,,pareto_ls_r2,0.9948405114166048,descriptive reproduction quantity,,descriptive,8.14,0.0,0.393216400084265,4.830668305703502,False
1988,trusted,table_4,income_share,gompertz,share_pct,84.28197881971927,,,,descriptive reproduction quantity,,descriptive,85.4,,-1.118021180280735,-1.3091582907268555,
1988,trusted,table_4,income_share,pareto,share_pct,15.71802118028073,,,,descriptive reproduction quantity,,descriptive,14.6,,1.1180211802807296,7.657679316991298,
1988,trusted,table_4,inequality,lorenz,gini,0.6245229030230508,,,,descriptive reproduction quantity,,descriptive,0.609,,0.0155229030230508,2.5489167525535,
1989,refined,model_test,gompertz_vs_exponential,r2_comparison,delta_r2,0.0571802708692225,,delta_r2,0.0571802708692225,gompertz_free_r2 > exponential_r2,True,supported,,,,,
1989,refined,table_1,annual_income,descriptive,mean_income_usd,906.0088728850884,,,,descriptive reproduction quantity,,descriptive,137.183,,768.8258728850883,560.4381540606987,
1989,refined,table_2,gompertz,boundary,x_gmax,9.73777265679984,,gompertz_free_correlation_coefficient,0.9733928064391796,correlation_coefficient >= 0.98,False,weak,7.856,,1.881772656799841,23.9533179327882,
1989,refined,table_2,gompertz,free_lsf,A,1.5299438140996071,0.014238822210774,gompertz_free_correlation_coefficient,0.9733928064391796,correlation_coefficient >= 0.98,False,weak,1.53,0.01,-5.618590039291327e-05,-0.0036722810714322,True
1989,refined,table_2,gompertz,free_lsf,B,0.3281218785877,0.0272799670356838,gompertz_free_correlation_coefficient,0.9733928064391796,correlation_coefficient >= 0.98,False,weak,0.32,0.01,0.0081218785876999,2.5380870586562407,True
1989,refined,table_2,gompertz,free_lsf,correlation_coefficient,0.9733928064391796,,gompertz_free_correlation_coefficient,0.9733928064391796,correlation_coefficient >= 0.98,False,weak,0.995,,-0.0216071935608205,-2.17157724229352,
1989,refined,table_2,gompertz,population,population_pct,98.94289892351874,,gompertz_free_correlation_coefficient,0.9733928064391796,correlation_coefficient >= 0.98,False,weak,98.8,,0.142898923518743,0.1446345379744362,
1989,refined,table_3,pareto,boundary,x_pmin,9.73777265679984,,pareto_ls_r2,0.9891179393912272,pareto_ls_r2 >= 0.98 and selected tail supported,True,supported,7.856,,1.881772656799841,23.9533179327882,
1989,refined,table_3,pareto,lsf,alpha,2.128381836883672,0.052965935007001,pareto_ls_r2,0.9891179393912272,pareto_ls_r2 >= 0.98 and selected tail supported,True,supported,2.22,0.04,-0.0916181631163279,-4.126944284519278,False
1989,refined,table_3,pareto,lsf,beta,158.99037859968124,33.520969445676165,pareto_ls_r2,0.9891179393912272,pareto_ls_r2 >= 0.98 and selected tail supported,True,supported,112.5,11.4,46.49037859968124,41.324780977494434,False
1989,refined,table_3,pareto,lsf,correlation_coefficient,0.9945440861979056,,pareto_ls_r2,0.9891179393912272,pareto_ls_r2 >= 0.98 and selected tail supported,True,supported,0.997,,-0.0024559138020943,-0.2463303713234013,
1989,refined,table_3,pareto,mle,alpha,1.9303418859929515,0.0557473839444788,pareto_mle_r2,0.9573749282133136,finite direct MLE on observations x >= x_t,True,supported,2.78,0.09,-0.8496581140070483,-30.563241511044904,False
1989,refined,table_3,pareto,mle_continuity,beta,97.8176051620286,12.411267727112271,pareto_mle_r2,0.9573749282133136,finite direct MLE on observations x >= x_t,True,supported,445.0,80.0,-347.1823948379714,-78.01851569392615,False
1989,refined,table_3,pareto,population,population_pct,1.057101076481263,,pareto_ls_r2,0.9891179393912272,pareto_ls_r2 >= 0.98 and selected tail supported,True,supported,1.2,,-0.142898923518737,-11.908243626561417,
1989,refined,table_3,transition,boundary,x_t,9.73777265679984,,pareto_ls_r2,0.9891179393912272,descriptive reproduction quantity,,descriptive,7.856,0.0,1.881772656799841,23.9533179327882,False
1989,refined,table_4,income_share,gompertz,share_pct,79.49838606417381,,,,descriptive reproduction quantity,,descriptive,82.5,,-3.0016139358261853,-3.638319922213558,
1989,refined,table_4,income_share,pareto,share_pct,20.501613935826185,,,,descriptive reproduction quantity,,descriptive,17.5,,3.0016139358261853,17.152079633292487,
1989,refined,table_4,inequality,lorenz,gini,0.6849621476811574,,,,descriptive reproduction quantity,,descriptive,0.628,,0.0569621476811573,9.070405681712955,
1989,trusted,model_test,gompertz_vs_exponential,r2_comparison,delta_r2,0.0571802708692225,,delta_r2,0.0571802708692225,gompertz_free_r2 > exponential_r2,True,supported,,,,,
1989,trusted,table_1,annual_income,descriptive,mean_income_usd,906.0088728850884,,,,descriptive reproduction quantity,,descriptive,137.183,,768.8258728850883,560.4381540606987,
1989,trusted,table_2,gompertz,boundary,x_gmax,9.73777265679984,,gompertz_free_correlation_coefficient,0.9733928064391796,correlation_coefficient >= 0.98,False,weak,7.856,,1.881772656799841,23.9533179327882,
1989,trusted,table_2,gompertz,free_lsf,A,1.5299438140996071,0.014238822210774,gompertz_free_correlation_coefficient,0.9733928064391796,correlation_coefficient >= 0.98,False,weak,1.53,0.01,-5.618590039291327e-05,-0.0036722810714322,True
1989,trusted,table_2,gompertz,free_lsf,B,0.3281218785877,0.0272799670356838,gompertz_free_correlation_coefficient,0.9733928064391796,correlation_coefficient >= 0.98,False,weak,0.32,0.01,0.0081218785876999,2.5380870586562407,True
1989,trusted,table_2,gompertz,free_lsf,correlation_coefficient,0.9733928064391796,,gompertz_free_correlation_coefficient,0.9733928064391796,correlation_coefficient >= 0.98,False,weak,0.995,,-0.0216071935608205,-2.17157724229352,
1989,trusted,table_2,gompertz,population,population_pct,98.94289892351874,,gompertz_free_correlation_coefficient,0.9733928064391796,correlation_coefficient >= 0.98,False,weak,98.8,,0.142898923518743,0.1446345379744362,
1989,trusted,table_3,pareto,boundary,x_pmin,9.73777265679984,,pareto_ls_r2,0.9891179393912272,pareto_ls_r2 >= 0.98 and selected tail supported,True,supported,7.856,,1.881772656799841,23.9533179327882,
1989,trusted,table_3,pareto,lsf,alpha,2.128381836883672,0.052965935007001,pareto_ls_r2,0.9891179393912272,pareto_ls_r2 >= 0.98 and selected tail supported,True,supported,2.22,0.04,-0.0916181631163279,-4.126944284519278,False
1989,trusted,table_3,pareto,lsf,beta,158.99037859968124,33.520969445676165,pareto_ls_r2,0.9891179393912272,pareto_ls_r2 >= 0.98 and selected tail supported,True,supported,112.5,11.4,46.49037859968124,41.324780977494434,False
1989,trusted,table_3,pareto,lsf,correlation_coefficient,0.9945440861979056,,pareto_ls_r2,0.9891179393912272,pareto_ls_r2 >= 0.98 and selected tail supported,True,supported,0.997,,-0.0024559138020943,-0.2463303713234013,
1989,trusted,table_3,pareto,mle,alpha,1.9303418859929515,0.0557473839444788,pareto_mle_r2,0.9573749282133136,finite direct MLE on observations x >= x_t,True,supported,2.78,0.09,-0.8496581140070483,-30.563241511044904,False
1989,trusted,table_3,pareto,mle_continuity,beta,97.8176051620286,12.411267727112271,pareto_mle_r2,0.9573749282133136,finite direct MLE on observations x >= x_t,True,supported,445.0,80.0,-347.1823948379714,-78.01851569392615,False
1989,trusted,table_3,pareto,population,population_pct,1.057101076481263,,pareto_ls_r2,0.9891179393912272,pareto_ls_r2 >= 0.98 and selected tail supported,True,supported,1.2,,-0.142898923518737,-11.908243626561417,
1989,trusted,table_3,transition,boundary,x_t,9.73777265679984,,pareto_ls_r2,0.9891179393912272,descriptive reproduction quantity,,descriptive,7.856,0.0,1.881772656799841,23.9533179327882,False
1989,trusted,table_4,income_share,gompertz,share_pct,79.49838606417381,,,,descriptive reproduction quantity,,descriptive,82.5,,-3.0016139358261853,-3.638319922213558,
1989,trusted,table_4,income_share,pareto,share_pct,20.501613935826185,,,,descriptive reproduction quantity,,descriptive,17.5,,3.0016139358261853,17.152079633292487,
1989,trusted,table_4,inequality,lorenz,gini,0.6849621476811574,,,,descriptive reproduction quantity,,descriptive,0.628,,0.0569621476811573,9.070405681712955,
1990,refined,model_test,gompertz_vs_exponential,r2_comparison,delta_r2,0.0727245027410531,,delta_r2,0.0727245027410531,gompertz_free_r2 > exponential_r2,True,supported,,,,,
1990,refined,table_1,annual_income,descriptive,mean_income_usd,1070.7340584371595,,,,descriptive reproduction quantity,,descriptive,161.516,,909.2180584371596,562.9275480058692,
1990,refined,table_2,gompertz,boundary,x_gmax,8.665971226618906,,gompertz_free_correlation_coefficient,0.990684736503337,correlation_coefficient >= 0.98,True,supported,8.074,,0.5919712266189059,7.331820988591849,
1990,refined,table_2,gompertz,free_lsf,A,1.5235920352618275,0.0066159189162336,gompertz_free_correlation_coefficient,0.990684736503337,correlation_coefficient >= 0.98,True,supported,1.54,0.01,-0.0164079647381725,-1.0654522557254884,False
1990,refined,table_2,gompertz,free_lsf,B,0.3131477373671627,0.0148871103153329,gompertz_free_correlation_coefficient,0.990684736503337,correlation_coefficient >= 0.98,True,supported,0.34,0.02,-0.0268522626328372,-7.897724303775676,False
1990,refined,table_2,gompertz,free_lsf,correlation_coefficient,0.990684736503337,,gompertz_free_correlation_coefficient,0.990684736503337,correlation_coefficient >= 0.98,True,supported,0.991,,-0.0003152634966629,-0.0318126636390513,
1990,refined,table_2,gompertz,population,population_pct,98.81909178209,,gompertz_free_correlation_coefficient,0.990684736503337,correlation_coefficient >= 0.98,True,supported,98.9,,-0.0809082179100073,-0.081808107087975,
1990,refined,table_3,pareto,boundary,x_pmin,8.665971226618906,,pareto_ls_r2,0.997370189614886,pareto_ls_r2 >= 0.98 and selected tail supported,True,supported,8.074,,0.5919712266189059,7.331820988591849,
1990,refined,table_3,pareto,lsf,alpha,2.1249824940992976,0.0324157722978088,pareto_ls_r2,0.997370189614886,pareto_ls_r2 >= 0.98 and selected tail supported,True,supported,2.27,0.05,-0.1450175059007024,-6.388436383290855,False
1990,refined,table_3,pareto,lsf,beta,117.3916280711946,15.669703664566317,pareto_ls_r2,0.997370189614886,pareto_ls_r2 >= 0.98 and selected tail supported,True,supported,91.35,16.73,26.04162807119461,28.50752936091364,False
1990,refined,table_3,pareto,lsf,correlation_coefficient,0.998684229181019,,pareto_ls_r2,0.997370189614886,pareto_ls_r2 >= 0.98 and selected tail supported,True,supported,0.994,,0.0046842291810189,0.4712504206256501,
1990,refined,table_3,pareto,mle,alpha,2.0432345604047604,0.0553236626164868,pareto_mle_r2,0.9677900893751528,finite direct MLE on observations x >= x_t,True,supported,2.64,0.05,-0.5967654395952398,-22.604751499819688,False
1990,refined,table_3,pareto,mle_continuity,beta,111.64879743652094,13.338250699863783,pareto_mle_r2,0.9677900893751528,finite direct MLE on observations x >= x_t,True,supported,332.0,36.0,-220.35120256347903,-66.37084414562622,False
1990,refined,table_3,pareto,population,population_pct,1.1809082179100088,,pareto_ls_r2,0.997370189614886,pareto_ls_r2 >= 0.98 and selected tail supported,True,supported,1.1,,0.0809082179100086,7.355292537273516,
1990,refined,table_3,transition,boundary,x_t,8.665971226618906,,pareto_ls_r2,0.997370189614886,descriptive reproduction quantity,,descriptive,8.074,0.0,0.5919712266189059,7.331820988591849,False
1990,refined,table_4,income_share,gompertz,share_pct,80.65472827104087,,,,descriptive reproduction quantity,,descriptive,85.9,,-5.245271728959139,-6.106253467938463,
1990,refined,table_4,income_share,pareto,share_pct,19.345271728959133,,,,descriptive reproduction quantity,,descriptive,14.1,,5.245271728959134,37.20050871602223,
1990,refined,table_4,inequality,lorenz,gini,0.6608834465792127,,,,descriptive reproduction quantity,,descriptive,0.605,,0.0558834465792127,9.23693331887814,
1990,trusted,model_test,gompertz_vs_exponential,r2_comparison,delta_r2,0.0727245027410531,,delta_r2,0.0727245027410531,gompertz_free_r2 > exponential_r2,True,supported,,,,,
1990,trusted,table_1,annual_income,descriptive,mean_income_usd,1070.7340584371595,,,,descriptive reproduction quantity,,descriptive,161.516,,909.2180584371596,562.9275480058692,
1990,trusted,table_2,gompertz,boundary,x_gmax,8.665971226618906,,gompertz_free_correlation_coefficient,0.990684736503337,correlation_coefficient >= 0.98,True,supported,8.074,,0.5919712266189059,7.331820988591849,
1990,trusted,table_2,gompertz,free_lsf,A,1.5235920352618275,0.0066159189162336,gompertz_free_correlation_coefficient,0.990684736503337,correlation_coefficient >= 0.98,True,supported,1.54,0.01,-0.0164079647381725,-1.0654522557254884,False
1990,trusted,table_2,gompertz,free_lsf,B,0.3131477373671627,0.0148871103153329,gompertz_free_correlation_coefficient,0.990684736503337,correlation_coefficient >= 0.98,True,supported,0.34,0.02,-0.0268522626328372,-7.897724303775676,False
1990,trusted,table_2,gompertz,free_lsf,correlation_coefficient,0.990684736503337,,gompertz_free_correlation_coefficient,0.990684736503337,correlation_coefficient >= 0.98,True,supported,0.991,,-0.0003152634966629,-0.0318126636390513,
1990,trusted,table_2,gompertz,population,population_pct,98.81909178209,,gompertz_free_correlation_coefficient,0.990684736503337,correlation_coefficient >= 0.98,True,supported,98.9,,-0.0809082179100073,-0.081808107087975,
1990,trusted,table_3,pareto,boundary,x_pmin,8.665971226618906,,pareto_ls_r2,0.997370189614886,pareto_ls_r2 >= 0.98 and selected tail supported,True,supported,8.074,,0.5919712266189059,7.331820988591849,
1990,trusted,table_3,pareto,lsf,alpha,2.1249824940992976,0.0324157722978088,pareto_ls_r2,0.997370189614886,pareto_ls_r2 >= 0.98 and selected tail supported,True,supported,2.27,0.05,-0.1450175059007024,-6.388436383290855,False
1990,trusted,table_3,pareto,lsf,beta,117.3916280711946,15.669703664566317,pareto_ls_r2,0.997370189614886,pareto_ls_r2 >= 0.98 and selected tail supported,True,supported,91.35,16.73,26.04162807119461,28.50752936091364,False
1990,trusted,table_3,pareto,lsf,correlation_coefficient,0.998684229181019,,pareto_ls_r2,0.997370189614886,pareto_ls_r2 >= 0.98 and selected tail supported,True,supported,0.994,,0.0046842291810189,0.4712504206256501,
1990,trusted,table_3,pareto,mle,alpha,2.0432345604047604,0.0553236626164868,pareto_mle_r2,0.9677900893751528,finite direct MLE on observations x >= x_t,True,supported,2.64,0.05,-0.5967654395952398,-22.604751499819688,False
1990,trusted,table_3,pareto,mle_continuity,beta,111.64879743652094,13.338250699863783,pareto_mle_r2,0.9677900893751528,finite direct MLE on observations x >= x_t,True,supported,332.0,36.0,-220.35120256347903,-66.37084414562622,False
1990,trusted,table_3,pareto,population,population_pct,1.1809082179100088,,pareto_ls_r2,0.997370189614886,pareto_ls_r2 >= 0.98 and selected tail supported,True,supported,1.1,,0.0809082179100086,7.355292537273516,
1990,trusted,table_3,transition,boundary,x_t,8.665971226618906,,pareto_ls_r2,0.997370189614886,descriptive reproduction quantity,,descriptive,8.074,0.0,0.5919712266189059,7.331820988591849,False
1990,trusted,table_4,income_share,gompertz,share_pct,80.65472827104087,,,,descriptive reproduction quantity,,descriptive,85.9,,-5.245271728959139,-6.106253467938463,
1990,trusted,table_4,income_share,pareto,share_pct,19.345271728959133,,,,descriptive reproduction quantity,,descriptive,14.1,,5.245271728959134,37.20050871602223,
1990,trusted,table_4,inequality,lorenz,gini,0.6608834465792127,,,,descriptive reproduction quantity,,descriptive,0.605,,0.0558834465792127,9.23693331887814,
1992,refined,model_test,gompertz_vs_exponential,r2_comparison,delta_r2,0.0253738627798417,,delta_r2,0.0253738627798417,gompertz_free_r2 > exponential_r2,True,supported,,,,,
1992,refined,table_1,annual_income,descriptive,mean_income_usd,138.92961631256023,,,,descriptive reproduction quantity,,descriptive,111.906,,27.023616312560225,24.14849633849858,
1992,refined,table_2,gompertz,boundary,x_gmax,7.465068963129983,,gompertz_free_correlation_coefficient,0.9844591830324164,correlation_coefficient >= 0.98,True,supported,7.635,,-0.1699310368700164,-2.225684831303424,
1992,refined,table_2,gompertz,free_lsf,A,1.5518884750231396,0.0053133785309003,gompertz_free_correlation_coefficient,0.9844591830324164,correlation_coefficient >= 0.98,True,supported,1.56,0.01,-0.0081115249768604,-0.519969549798744,True
1992,refined,table_2,gompertz,free_lsf,B,0.3698095738271282,0.0231529288293398,gompertz_free_correlation_coefficient,0.9844591830324164,correlation_coefficient >= 0.98,True,supported,0.36,0.02,0.0098095738271282,2.724881618646726,True
1992,refined,table_2,gompertz,free_lsf,correlation_coefficient,0.9844591830324164,,gompertz_free_correlation_coefficient,0.9844591830324164,correlation_coefficient >= 0.98,True,supported,0.989,,-0.0045408169675835,-0.459132150412899,
1992,refined,table_2,gompertz,population,population_pct,98.86221820981918,,gompertz_free_correlation_coefficient,0.9844591830324164,correlation_coefficient >= 0.98,True,supported,99.0,,-0.1377817901808242,-0.139173525435176,
1992,refined,table_3,pareto,boundary,x_pmin,7.465068963129983,,pareto_ls_r2,0.9949571247325956,pareto_ls_r2 >= 0.98 and selected tail supported,True,supported,7.635,,-0.1699310368700164,-2.225684831303424,
1992,refined,table_3,pareto,lsf,alpha,2.2158432186449795,0.0395579313743657,pareto_ls_r2,0.9949571247325956,pareto_ls_r2 >= 0.98 and selected tail supported,True,supported,2.12,0.06,0.0958432186449793,4.520906539857516,False
1992,refined,table_3,pareto,lsf,beta,87.83843088367628,11.132307387407431,pareto_ls_r2,0.9949571247325956,pareto_ls_r2 >= 0.98 and selected tail supported,True,supported,54.52,10.36,33.31843088367628,61.112309030954286,False
1992,refined,table_3,pareto,lsf,correlation_coefficient,0.9974753755018696,,pareto_ls_r2,0.9949571247325956,pareto_ls_r2 >= 0.98 and selected tail supported,True,supported,0.99,,0.0074753755018694,0.7550884345322724,
1992,refined,table_3,pareto,mle,alpha,2.385813881756108,0.0815453841887254,pareto_mle_r2,0.989017969450284,finite direct MLE on observations x >= x_t,True,supported,2.64,0.05,-0.2541861182438922,-9.628262054692888,False
1992,refined,table_3,pareto,mle_continuity,beta,164.2502638201749,26.92478336481293,pareto_mle_r2,0.989017969450284,finite direct MLE on observations x >= x_t,True,supported,288.0,31.0,-123.7497361798251,-42.96865839577261,False
1992,refined,table_3,pareto,population,population_pct,1.1377817901808236,,pareto_ls_r2,0.9949571247325956,pareto_ls_r2 >= 0.98 and selected tail supported,True,supported,1.0,,0.1377817901808236,13.778179018082358,
1992,refined,table_3,transition,boundary,x_t,7.465068963129983,,pareto_ls_r2,0.9949571247325956,descriptive reproduction quantity,,descriptive,7.635,0.0,-0.1699310368700164,-2.225684831303424,False
1992,refined,table_4,income_share,gompertz,share_pct,85.3053392507661,,,,descriptive reproduction quantity,,descriptive,87.0,,-1.694660749233904,-1.94788591865966,
1992,refined,table_4,income_share,pareto,share_pct,14.694660749233904,,,,descriptive reproduction quantity,,descriptive,13.0,,1.694660749233904,13.035851917183878,
1992,refined,table_4,inequality,lorenz,gini,0.585684044253634,,,,descriptive reproduction quantity,,descriptive,0.578,,0.007684044253634,1.3294194210439454,
1992,trusted,model_test,gompertz_vs_exponential,r2_comparison,delta_r2,0.0253738627798417,,delta_r2,0.0253738627798417,gompertz_free_r2 > exponential_r2,True,supported,,,,,
1992,trusted,table_1,annual_income,descriptive,mean_income_usd,138.92961631256023,,,,descriptive reproduction quantity,,descriptive,111.906,,27.023616312560225,24.14849633849858,
1992,trusted,table_2,gompertz,boundary,x_gmax,7.465068963129983,,gompertz_free_correlation_coefficient,0.9844591830324164,correlation_coefficient >= 0.98,True,supported,7.635,,-0.1699310368700164,-2.225684831303424,
1992,trusted,table_2,gompertz,free_lsf,A,1.5518884750231396,0.0053133785309003,gompertz_free_correlation_coefficient,0.9844591830324164,correlation_coefficient >= 0.98,True,supported,1.56,0.01,-0.0081115249768604,-0.519969549798744,True
1992,trusted,table_2,gompertz,free_lsf,B,0.3698095738271282,0.0231529288293398,gompertz_free_correlation_coefficient,0.9844591830324164,correlation_coefficient >= 0.98,True,supported,0.36,0.02,0.0098095738271282,2.724881618646726,True
1992,trusted,table_2,gompertz,free_lsf,correlation_coefficient,0.9844591830324164,,gompertz_free_correlation_coefficient,0.9844591830324164,correlation_coefficient >= 0.98,True,supported,0.989,,-0.0045408169675835,-0.459132150412899,
1992,trusted,table_2,gompertz,population,population_pct,98.86221820981918,,gompertz_free_correlation_coefficient,0.9844591830324164,correlation_coefficient >= 0.98,True,supported,99.0,,-0.1377817901808242,-0.139173525435176,
1992,trusted,table_3,pareto,boundary,x_pmin,7.465068963129983,,pareto_ls_r2,0.9949571247325956,pareto_ls_r2 >= 0.98 and selected tail supported,True,supported,7.635,,-0.1699310368700164,-2.225684831303424,
1992,trusted,table_3,pareto,lsf,alpha,2.2158432186449795,0.0395579313743657,pareto_ls_r2,0.9949571247325956,pareto_ls_r2 >= 0.98 and selected tail supported,True,supported,2.12,0.06,0.0958432186449793,4.520906539857516,False
1992,trusted,table_3,pareto,lsf,beta,87.83843088367628,11.132307387407431,pareto_ls_r2,0.9949571247325956,pareto_ls_r2 >= 0.98 and selected tail supported,True,supported,54.52,10.36,33.31843088367628,61.112309030954286,False
1992,trusted,table_3,pareto,lsf,correlation_coefficient,0.9974753755018696,,pareto_ls_r2,0.9949571247325956,pareto_ls_r2 >= 0.98 and selected tail supported,True,supported,0.99,,0.0074753755018694,0.7550884345322724,
1992,trusted,table_3,pareto,mle,alpha,2.385813881756108,0.0815453841887254,pareto_mle_r2,0.989017969450284,finite direct MLE on observations x >= x_t,True,supported,2.64,0.05,-0.2541861182438922,-9.628262054692888,False
1992,trusted,table_3,pareto,mle_continuity,beta,164.2502638201749,26.92478336481293,pareto_mle_r2,0.989017969450284,finite direct MLE on observations x >= x_t,True,supported,288.0,31.0,-123.7497361798251,-42.96865839577261,False
1992,trusted,table_3,pareto,population,population_pct,1.1377817901808236,,pareto_ls_r2,0.9949571247325956,pareto_ls_r2 >= 0.98 and selected tail supported,True,supported,1.0,,0.1377817901808236,13.778179018082358,
1992,trusted,table_3,transition,boundary,x_t,7.465068963129983,,pareto_ls_r2,0.9949571247325956,descriptive reproduction quantity,,descriptive,7.635,0.0,-0.1699310368700164,-2.225684831303424,False
1992,trusted,table_4,income_share,gompertz,share_pct,85.3053392507661,,,,descriptive reproduction quantity,,descriptive,87.0,,-1.694660749233904,-1.94788591865966,
1992,trusted,table_4,income_share,pareto,share_pct,14.694660749233904,,,,descriptive reproduction quantity,,descriptive,13.0,,1.694660749233904,13.035851917183878,
1992,trusted,table_4,inequality,lorenz,gini,0.585684044253634,,,,descriptive reproduction quantity,,descriptive,0.578,,0.007684044253634,1.3294194210439454,
1993,refined,model_test,gompertz_vs_exponential,r2_comparison,delta_r2,0.0591853558064862,,delta_r2,0.0591853558064862,gompertz_free_r2 > exponential_r2,True,supported,,,,,
1993,refined,table_1,annual_income,descriptive,mean_income_usd,159.48849024220473,,,,descriptive reproduction quantity,,descriptive,126.547,,32.941490242204736,26.03103213999916,
1993,refined,table_2,gompertz,boundary,x_gmax,8.09189309790807,,gompertz_free_correlation_coefficient,0.9922244451589404,correlation_coefficient >= 0.98,True,supported,7.674,,0.4178930979080695,5.445570731145029,
1993,refined,table_2,gompertz,free_lsf,A,1.5378937279822094,0.0045090945115532,gompertz_free_correlation_coefficient,0.9922244451589404,correlation_coefficient >= 0.98,True,supported,1.54,0.01,-0.0021062720177906,-0.1367709102461479,True
1993,refined,table_2,gompertz,free_lsf,B,0.3392542185742204,0.0148396562764003,gompertz_free_correlation_coefficient,0.9922244451589404,correlation_coefficient >= 0.98,True,supported,0.33,0.01,0.0092542185742203,2.804308658854658,True
1993,refined,table_2,gompertz,free_lsf,correlation_coefficient,0.9922244451589404,,gompertz_free_correlation_coefficient,0.9922244451589404,correlation_coefficient >= 0.98,True,supported,0.997,,-0.0047755548410595,-0.4789924614904228,
1993,refined,table_2,gompertz,population,population_pct,98.8153818115546,,gompertz_free_correlation_coefficient,0.9922244451589404,correlation_coefficient >= 0.98,True,supported,98.8,,0.0153818115546044,0.0155686351767252,
1993,refined,table_3,pareto,boundary,x_pmin,8.09189309790807,,pareto_ls_r2,0.994233691028353,pareto_ls_r2 >= 0.98 and selected tail supported,True,supported,7.674,,0.4178930979080695,5.445570731145029,
1993,refined,table_3,pareto,lsf,alpha,2.2247184517105785,0.0445996264006587,pareto_ls_r2,0.994233691028353,pareto_ls_r2 >= 0.98 and selected tail supported,True,supported,2.41,0.04,-0.1852815482894216,-7.6880310493535955,False
1993,refined,table_3,pareto,lsf,beta,113.98906162573168,17.63261152352691,pareto_ls_r2,0.994233691028353,pareto_ls_r2 >= 0.98 and selected tail supported,True,supported,179.3,25.9,-65.31093837426833,-36.4255094111926,False
1993,refined,table_3,pareto,lsf,correlation_coefficient,0.997112677197694,,pareto_ls_r2,0.994233691028353,pareto_ls_r2 >= 0.98 and selected tail supported,True,supported,0.996,,0.0011126771976941,0.1117145780817414,
1993,refined,table_3,pareto,mle,alpha,2.30854639052865,0.0765696042312286,pareto_mle_r2,0.987049726439471,finite direct MLE on observations x >= x_t,True,supported,2.57,0.03,-0.2614536094713497,-10.173292197328784,False
1993,refined,table_3,pareto,mle_continuity,beta,168.8108151264237,27.02602574215508,pareto_mle_r2,0.987049726439471,finite direct MLE on observations x >= x_t,True,supported,271.0,20.0,-102.1891848735763,-37.70818630021265,False
1993,refined,table_3,pareto,population,population_pct,1.1846181884454163,,pareto_ls_r2,0.994233691028353,pareto_ls_r2 >= 0.98 and selected tail supported,True,supported,1.2,,-0.0153818115545836,-1.2818176295486354,
1993,refined,table_3,transition,boundary,x_t,8.09189309790807,,pareto_ls_r2,0.994233691028353,descriptive reproduction quantity,,descriptive,7.674,0.0,0.4178930979080695,5.445570731145029,False
1993,refined,table_4,income_share,gompertz,share_pct,83.22863737287796,,,,descriptive reproduction quantity,,descriptive,84.1,,-0.8713626271220392,-1.0361030049013549,
1993,refined,table_4,income_share,pareto,share_pct,16.771362627122045,,,,descriptive reproduction quantity,,descriptive,15.9,,0.8713626271220445,5.480268095107198,
1993,refined,table_4,inequality,lorenz,gini,0.6097346922973377,,,,descriptive reproduction quantity,,descriptive,0.599,,0.0107346922973377,1.7921022199228214,
1993,trusted,model_test,gompertz_vs_exponential,r2_comparison,delta_r2,0.0591853558064862,,delta_r2,0.0591853558064862,gompertz_free_r2 > exponential_r2,True,supported,,,,,
1993,trusted,table_1,annual_income,descriptive,mean_income_usd,159.48849024220473,,,,descriptive reproduction quantity,,descriptive,126.547,,32.941490242204736,26.03103213999916,
1993,trusted,table_2,gompertz,boundary,x_gmax,8.09189309790807,,gompertz_free_correlation_coefficient,0.9922244451589404,correlation_coefficient >= 0.98,True,supported,7.674,,0.4178930979080695,5.445570731145029,
1993,trusted,table_2,gompertz,free_lsf,A,1.5378937279822094,0.0045090945115532,gompertz_free_correlation_coefficient,0.9922244451589404,correlation_coefficient >= 0.98,True,supported,1.54,0.01,-0.0021062720177906,-0.1367709102461479,True
1993,trusted,table_2,gompertz,free_lsf,B,0.3392542185742204,0.0148396562764003,gompertz_free_correlation_coefficient,0.9922244451589404,correlation_coefficient >= 0.98,True,supported,0.33,0.01,0.0092542185742203,2.804308658854658,True
1993,trusted,table_2,gompertz,free_lsf,correlation_coefficient,0.9922244451589404,,gompertz_free_correlation_coefficient,0.9922244451589404,correlation_coefficient >= 0.98,True,supported,0.997,,-0.0047755548410595,-0.4789924614904228,
1993,trusted,table_2,gompertz,population,population_pct,98.8153818115546,,gompertz_free_correlation_coefficient,0.9922244451589404,correlation_coefficient >= 0.98,True,supported,98.8,,0.0153818115546044,0.0155686351767252,
1993,trusted,table_3,pareto,boundary,x_pmin,8.09189309790807,,pareto_ls_r2,0.994233691028353,pareto_ls_r2 >= 0.98 and selected tail supported,True,supported,7.674,,0.4178930979080695,5.445570731145029,
1993,trusted,table_3,pareto,lsf,alpha,2.2247184517105785,0.0445996264006587,pareto_ls_r2,0.994233691028353,pareto_ls_r2 >= 0.98 and selected tail supported,True,supported,2.41,0.04,-0.1852815482894216,-7.6880310493535955,False
1993,trusted,table_3,pareto,lsf,beta,113.98906162573168,17.63261152352691,pareto_ls_r2,0.994233691028353,pareto_ls_r2 >= 0.98 and selected tail supported,True,supported,179.3,25.9,-65.31093837426833,-36.4255094111926,False
1993,trusted,table_3,pareto,lsf,correlation_coefficient,0.997112677197694,,pareto_ls_r2,0.994233691028353,pareto_ls_r2 >= 0.98 and selected tail supported,True,supported,0.996,,0.0011126771976941,0.1117145780817414,
1993,trusted,table_3,pareto,mle,alpha,2.30854639052865,0.0765696042312286,pareto_mle_r2,0.987049726439471,finite direct MLE on observations x >= x_t,True,supported,2.57,0.03,-0.2614536094713497,-10.173292197328784,False
1993,trusted,table_3,pareto,mle_continuity,beta,168.8108151264237,27.02602574215508,pareto_mle_r2,0.987049726439471,finite direct MLE on observations x >= x_t,True,supported,271.0,20.0,-102.1891848735763,-37.70818630021265,False
1993,trusted,table_3,pareto,population,population_pct,1.1846181884454163,,pareto_ls_r2,0.994233691028353,pareto_ls_r2 >= 0.98 and selected tail supported,True,supported,1.2,,-0.0153818115545836,-1.2818176295486354,
1993,trusted,table_3,transition,boundary,x_t,8.09189309790807,,pareto_ls_r2,0.994233691028353,descriptive reproduction quantity,,descriptive,7.674,0.0,0.4178930979080695,5.445570731145029,False
1993,trusted,table_4,income_share,gompertz,share_pct,83.22863737287796,,,,descriptive reproduction quantity,,descriptive,84.1,,-0.8713626271220392,-1.0361030049013549,
1993,trusted,table_4,income_share,pareto,share_pct,16.771362627122045,,,,descriptive reproduction quantity,,descriptive,15.9,,0.8713626271220445,5.480268095107198,
1993,trusted,table_4,inequality,lorenz,gini,0.6097346922973377,,,,descriptive reproduction quantity,,descriptive,0.599,,0.0107346922973377,1.7921022199228214,
1995,refined,model_test,gompertz_vs_exponential,r2_comparison,delta_r2,0.0001065341991633,,delta_r2,0.0001065341991633,gompertz_free_r2 > exponential_r2,True,supported,,,,,
1995,refined,table_1,annual_income,descriptive,mean_income_usd,267.49627117232905,,,,descriptive reproduction quantity,,descriptive,213.188,,54.30827117232906,25.474356517406733,
1995,refined,table_2,gompertz,boundary,x_gmax,8.407876016545897,,gompertz_free_correlation_coefficient,0.9606335136620964,correlation_coefficient >= 0.98,False,weak,7.887,,0.5208760165458974,6.604235026574077,
1995,refined,table_2,gompertz,free_lsf,A,1.5638883942401107,0.0214742088068909,gompertz_free_correlation_coefficient,0.9606335136620964,correlation_coefficient >= 0.98,False,weak,1.54,0.01,0.0238883942401106,1.5511944311760186,False
1995,refined,table_2,gompertz,free_lsf,B,0.3747107840889911,0.0406798429577134,gompertz_free_correlation_coefficient,0.9606335136620964,correlation_coefficient >= 0.98,False,weak,0.33,0.01,0.044710784088991,13.548722451209422,False
1995,refined,table_2,gompertz,free_lsf,correlation_coefficient,0.9606335136620964,,gompertz_free_correlation_coefficient,0.9606335136620964,correlation_coefficient >= 0.98,False,weak,0.995,,-0.0343664863379035,-3.453918224914926,
1995,refined,table_2,gompertz,population,population_pct,98.96043576587311,,gompertz_free_correlation_coefficient,0.9606335136620964,correlation_coefficient >= 0.98,False,weak,98.9,,0.0604357658731089,0.0611079533600697,
1995,refined,table_3,pareto,boundary,x_pmin,8.407876016545897,,pareto_ls_r2,0.987033751215114,pareto_ls_r2 >= 0.98 and selected tail supported,True,supported,7.887,,0.5208760165458974,6.604235026574077,
1995,refined,table_3,pareto,lsf,alpha,2.81498264520965,0.0833673123773054,pareto_ls_r2,0.987033751215114,pareto_ls_r2 >= 0.98 and selected tail supported,True,supported,3.21,0.1,-0.3950173547903501,-12.305836597830224,False
1995,refined,table_3,pareto,lsf,beta,528.5096506593684,192.1617833217215,pareto_ls_r2,0.987033751215114,pareto_ls_r2 >= 0.98 and selected tail supported,True,supported,1376.0,488.0,-847.4903493406316,-61.59086841138311,False
1995,refined,table_3,pareto,lsf,correlation_coefficient,0.9934957227965876,,pareto_ls_r2,0.987033751215114,pareto_ls_r2 >= 0.98 and selected tail supported,True,supported,0.991,,0.0024957227965876,0.2518388291208484,
1995,refined,table_3,pareto,mle,alpha,2.354246696428253,0.0805606083813889,pareto_mle_r2,0.8868724295627749,finite direct MLE on observations x >= x_t,True,supported,2.78,0.09,-0.4257533035717467,-15.314867034954917,False
1995,refined,table_3,pareto,mle_continuity,beta,185.7015978628109,31.852864147491648,pareto_mle_r2,0.8868724295627749,finite direct MLE on observations x >= x_t,True,supported,437.0,79.0,-251.2984021371891,-57.505355180134806,False
1995,refined,table_3,pareto,population,population_pct,1.0395642341268876,,pareto_ls_r2,0.987033751215114,pareto_ls_r2 >= 0.98 and selected tail supported,True,supported,1.1,,-0.0604357658731125,-5.494160533919318,
1995,refined,table_3,transition,boundary,x_t,8.407876016545897,,pareto_ls_r2,0.987033751215114,descriptive reproduction quantity,,descriptive,7.887,0.0,0.5208760165458974,6.604235026574077,False
1995,refined,table_4,income_share,gompertz,share_pct,85.36588839148008,,,,descriptive reproduction quantity,,descriptive,85.9,,-0.5341116085199218,-0.6217830134108518,
1995,refined,table_4,income_share,pareto,share_pct,14.634111608519916,,,,descriptive reproduction quantity,,descriptive,14.1,,0.5341116085199165,3.788025592339833,
1995,refined,table_4,inequality,lorenz,gini,0.6078148953935558,,,,descriptive reproduction quantity,,descriptive,0.596,,0.0118148953935558,1.9823649989187664,
1995,trusted,model_test,gompertz_vs_exponential,r2_comparison,delta_r2,0.0001065341991633,,delta_r2,0.0001065341991633,gompertz_free_r2 > exponential_r2,True,supported,,,,,
1995,trusted,table_1,annual_income,descriptive,mean_income_usd,267.49627117232905,,,,descriptive reproduction quantity,,descriptive,213.188,,54.30827117232906,25.474356517406733,
1995,trusted,table_2,gompertz,boundary,x_gmax,8.407876016545897,,gompertz_free_correlation_coefficient,0.9606335136620964,correlation_coefficient >= 0.98,False,weak,7.887,,0.5208760165458974,6.604235026574077,
1995,trusted,table_2,gompertz,free_lsf,A,1.5638883942401107,0.0214742088068909,gompertz_free_correlation_coefficient,0.9606335136620964,correlation_coefficient >= 0.98,False,weak,1.54,0.01,0.0238883942401106,1.5511944311760186,False
1995,trusted,table_2,gompertz,free_lsf,B,0.3747107840889911,0.0406798429577134,gompertz_free_correlation_coefficient,0.9606335136620964,correlation_coefficient >= 0.98,False,weak,0.33,0.01,0.044710784088991,13.548722451209422,False
1995,trusted,table_2,gompertz,free_lsf,correlation_coefficient,0.9606335136620964,,gompertz_free_correlation_coefficient,0.9606335136620964,correlation_coefficient >= 0.98,False,weak,0.995,,-0.0343664863379035,-3.453918224914926,
1995,trusted,table_2,gompertz,population,population_pct,98.96043576587311,,gompertz_free_correlation_coefficient,0.9606335136620964,correlation_coefficient >= 0.98,False,weak,98.9,,0.0604357658731089,0.0611079533600697,
1995,trusted,table_3,pareto,boundary,x_pmin,8.407876016545897,,pareto_ls_r2,0.987033751215114,pareto_ls_r2 >= 0.98 and selected tail supported,True,supported,7.887,,0.5208760165458974,6.604235026574077,
1995,trusted,table_3,pareto,lsf,alpha,2.81498264520965,0.0833673123773054,pareto_ls_r2,0.987033751215114,pareto_ls_r2 >= 0.98 and selected tail supported,True,supported,3.21,0.1,-0.3950173547903501,-12.305836597830224,False
1995,trusted,table_3,pareto,lsf,beta,528.5096506593684,192.1617833217215,pareto_ls_r2,0.987033751215114,pareto_ls_r2 >= 0.98 and selected tail supported,True,supported,1376.0,488.0,-847.4903493406316,-61.59086841138311,False
1995,trusted,table_3,pareto,lsf,correlation_coefficient,0.9934957227965876,,pareto_ls_r2,0.987033751215114,pareto_ls_r2 >= 0.98 and selected tail supported,True,supported,0.991,,0.0024957227965876,0.2518388291208484,
1995,trusted,table_3,pareto,mle,alpha,2.354246696428253,0.0805606083813889,pareto_mle_r2,0.8868724295627749,finite direct MLE on observations x >= x_t,True,supported,2.78,0.09,-0.4257533035717467,-15.314867034954917,False
1995,trusted,table_3,pareto,mle_continuity,beta,185.7015978628109,31.852864147491648,pareto_mle_r2,0.8868724295627749,finite direct MLE on observations x >= x_t,True,supported,437.0,79.0,-251.2984021371891,-57.505355180134806,False
1995,trusted,table_3,pareto,population,population_pct,1.0395642341268876,,pareto_ls_r2,0.987033751215114,pareto_ls_r2 >= 0.98 and selected tail supported,True,supported,1.1,,-0.0604357658731125,-5.494160533919318,
1995,trusted,table_3,transition,boundary,x_t,8.407876016545897,,pareto_ls_r2,0.987033751215114,descriptive reproduction quantity,,descriptive,7.887,0.0,0.5208760165458974,6.604235026574077,False
1995,trusted,table_4,income_share,gompertz,share_pct,85.36588839148008,,,,descriptive reproduction quantity,,descriptive,85.9,,-0.5341116085199218,-0.6217830134108518,
1995,trusted,table_4,income_share,pareto,share_pct,14.634111608519916,,,,descriptive reproduction quantity,,descriptive,14.1,,0.5341116085199165,3.788025592339833,
1995,trusted,table_4,inequality,lorenz,gini,0.6078148953935558,,,,descriptive reproduction quantity,,descriptive,0.596,,0.0118148953935558,1.9823649989187664,
1996,refined,model_test,gompertz_vs_exponential,r2_comparison,delta_r2,0.024065540303101,,delta_r2,0.024065540303101,gompertz_free_r2 > exponential_r2,True,supported,,,,,
1996,refined,table_1,annual_income,descriptive,mean_income_usd,284.1466071595576,,,,descriptive reproduction quantity,,descriptive,228.299,,55.84760715955756,24.46248435584805,
1996,refined,table_2,gompertz,boundary,x_gmax,8.124437179052151,,gompertz_free_correlation_coefficient,0.9758985973427268,correlation_coefficient >= 0.98,False,weak,8.163,,-0.038562820947849,-0.4724099099332233,
1996,refined,table_2,gompertz,free_lsf,A,1.5561043976656594,0.0141043782862741,gompertz_free_correlation_coefficient,0.9758985973427268,correlation_coefficient >= 0.98,False,weak,1.55,0.01,0.0061043976656594,0.3938321074618968,True
1996,refined,table_2,gompertz,free_lsf,B,0.3595423521420449,0.0298196463354193,gompertz_free_correlation_coefficient,0.9758985973427268,correlation_coefficient >= 0.98,False,weak,0.35,0.02,0.0095423521420449,2.7263863262985453,True
1996,refined,table_2,gompertz,free_lsf,correlation_coefficient,0.9758985973427268,,gompertz_free_correlation_coefficient,0.9758985973427268,correlation_coefficient >= 0.98,False,weak,0.989,,-0.0131014026572731,-1.3247120988142678,
1996,refined,table_2,gompertz,population,population_pct,98.91312411899992,,gompertz_free_correlation_coefficient,0.9758985973427268,correlation_coefficient >= 0.98,False,weak,99.0,,-0.0868758810000827,-0.0877534151515987,
1996,refined,table_3,pareto,boundary,x_pmin,8.124437179052151,,pareto_ls_r2,0.9890732777606026,pareto_ls_r2 >= 0.98 and selected tail supported,True,supported,8.163,,-0.038562820947849,-0.4724099099332233,
1996,refined,table_3,pareto,lsf,alpha,2.768367752430817,0.0782221765732304,pareto_ls_r2,0.9890732777606026,pareto_ls_r2 >= 0.98 and selected tail supported,True,supported,3.2,0.12,-0.4316322475691834,-13.48850773653698,False
1996,refined,table_3,pareto,lsf,beta,435.2511089992099,211.99174491720152,pareto_ls_r2,0.9890732777606026,pareto_ls_r2 >= 0.98 and selected tail supported,True,supported,1331.0,616.0,-895.7488910007901,-67.29893997000677,False
1996,refined,table_3,pareto,lsf,correlation_coefficient,0.9945216326257578,,pareto_ls_r2,0.9890732777606026,pareto_ls_r2 >= 0.98 and selected tail supported,True,supported,0.986,,0.0085216326257577,0.8642629437888215,
1996,refined,table_3,pareto,mle,alpha,2.448438958003312,0.0826307590265798,pareto_mle_r2,0.896043333055594,finite direct MLE on observations x >= x_t,True,supported,2.75,0.08,-0.3015610419966879,-10.965856072606831,False
1996,refined,table_3,pareto,mle_continuity,beta,219.50251986937064,37.99615652620617,pareto_mle_r2,0.896043333055594,finite direct MLE on observations x >= x_t,True,supported,421.0,71.0,-201.49748013062936,-47.86163423530388,False
1996,refined,table_3,pareto,population,population_pct,1.0868758810000745,,pareto_ls_r2,0.9890732777606026,pareto_ls_r2 >= 0.98 and selected tail supported,True,supported,1.0,,0.0868758810000744,8.68758810000745,
1996,refined,table_3,transition,boundary,x_t,8.124437179052151,,pareto_ls_r2,0.9890732777606026,descriptive reproduction quantity,,descriptive,8.163,0.0,-0.038562820947849,-0.4724099099332233,False
1996,refined,table_4,income_share,gompertz,share_pct,85.43391765590395,,,,descriptive reproduction quantity,,descriptive,86.7,,-1.2660823440960485,-1.4603025883460763,
1996,refined,table_4,income_share,pareto,share_pct,14.566082344096046,,,,descriptive reproduction quantity,,descriptive,13.3,,1.266082344096045,9.519416121022894,
1996,refined,table_4,inequality,lorenz,gini,0.6093421955328784,,,,descriptive reproduction quantity,,descriptive,0.598,,0.0113421955328784,1.8966882162004024,
1996,trusted,model_test,gompertz_vs_exponential,r2_comparison,delta_r2,0.024065540303101,,delta_r2,0.024065540303101,gompertz_free_r2 > exponential_r2,True,supported,,,,,
1996,trusted,table_1,annual_income,descriptive,mean_income_usd,284.1466071595576,,,,descriptive reproduction quantity,,descriptive,228.299,,55.84760715955756,24.46248435584805,
1996,trusted,table_2,gompertz,boundary,x_gmax,8.124437179052151,,gompertz_free_correlation_coefficient,0.9758985973427268,correlation_coefficient >= 0.98,False,weak,8.163,,-0.038562820947849,-0.4724099099332233,
1996,trusted,table_2,gompertz,free_lsf,A,1.5561043976656594,0.0141043782862741,gompertz_free_correlation_coefficient,0.9758985973427268,correlation_coefficient >= 0.98,False,weak,1.55,0.01,0.0061043976656594,0.3938321074618968,True
1996,trusted,table_2,gompertz,free_lsf,B,0.3595423521420449,0.0298196463354193,gompertz_free_correlation_coefficient,0.9758985973427268,correlation_coefficient >= 0.98,False,weak,0.35,0.02,0.0095423521420449,2.7263863262985453,True
1996,trusted,table_2,gompertz,free_lsf,correlation_coefficient,0.9758985973427268,,gompertz_free_correlation_coefficient,0.9758985973427268,correlation_coefficient >= 0.98,False,weak,0.989,,-0.0131014026572731,-1.3247120988142678,
1996,trusted,table_2,gompertz,population,population_pct,98.91312411899992,,gompertz_free_correlation_coefficient,0.9758985973427268,correlation_coefficient >= 0.98,False,weak,99.0,,-0.0868758810000827,-0.0877534151515987,
1996,trusted,table_3,pareto,boundary,x_pmin,8.124437179052151,,pareto_ls_r2,0.9890732777606026,pareto_ls_r2 >= 0.98 and selected tail supported,True,supported,8.163,,-0.038562820947849,-0.4724099099332233,
1996,trusted,table_3,pareto,lsf,alpha,2.768367752430817,0.0782221765732304,pareto_ls_r2,0.9890732777606026,pareto_ls_r2 >= 0.98 and selected tail supported,True,supported,3.2,0.12,-0.4316322475691834,-13.48850773653698,False
1996,trusted,table_3,pareto,lsf,beta,435.2511089992099,211.99174491720152,pareto_ls_r2,0.9890732777606026,pareto_ls_r2 >= 0.98 and selected tail supported,True,supported,1331.0,616.0,-895.7488910007901,-67.29893997000677,False
1996,trusted,table_3,pareto,lsf,correlation_coefficient,0.9945216326257578,,pareto_ls_r2,0.9890732777606026,pareto_ls_r2 >= 0.98 and selected tail supported,True,supported,0.986,,0.0085216326257577,0.8642629437888215,
1996,trusted,table_3,pareto,mle,alpha,2.448438958003312,0.0826307590265798,pareto_mle_r2,0.896043333055594,finite direct MLE on observations x >= x_t,True,supported,2.75,0.08,-0.3015610419966879,-10.965856072606831,False
1996,trusted,table_3,pareto,mle_continuity,beta,219.50251986937064,37.99615652620617,pareto_mle_r2,0.896043333055594,finite direct MLE on observations x >= x_t,True,supported,421.0,71.0,-201.49748013062936,-47.86163423530388,False
1996,trusted,table_3,pareto,population,population_pct,1.0868758810000745,,pareto_ls_r2,0.9890732777606026,pareto_ls_r2 >= 0.98 and selected tail supported,True,supported,1.0,,0.0868758810000744,8.68758810000745,
1996,trusted,table_3,transition,boundary,x_t,8.124437179052151,,pareto_ls_r2,0.9890732777606026,descriptive reproduction quantity,,descriptive,8.163,0.0,-0.038562820947849,-0.4724099099332233,False
1996,trusted,table_4,income_share,gompertz,share_pct,85.43391765590395,,,,descriptive reproduction quantity,,descriptive,86.7,,-1.2660823440960485,-1.4603025883460763,
1996,trusted,table_4,income_share,pareto,share_pct,14.566082344096046,,,,descriptive reproduction quantity,,descriptive,13.3,,1.266082344096045,9.519416121022894,
1996,trusted,table_4,inequality,lorenz,gini,0.6093421955328784,,,,descriptive reproduction quantity,,descriptive,0.598,,0.0113421955328784,1.8966882162004024,
1997,refined,model_test,gompertz_vs_exponential,r2_comparison,delta_r2,0.0509467710960959,,delta_r2,0.0509467710960959,gompertz_free_r2 > exponential_r2,True,supported,,,,,
1997,refined,table_1,annual_income,descriptive,mean_income_usd,276.2083141366461,,,,descriptive reproduction quantity,,descriptive,221.687,,54.52131413664614,24.5938255904253,
1997,refined,table_2,gompertz,boundary,x_gmax,7.79009107647884,,gompertz_free_correlation_coefficient,0.9899185163405976,correlation_coefficient >= 0.98,True,supported,7.935,,-0.14490892352116,-1.8261994142553248,
1997,refined,table_2,gompertz,free_lsf,A,1.542527641031932,0.0077819116144084,gompertz_free_correlation_coefficient,0.9899185163405976,correlation_coefficient >= 0.98,True,supported,1.55,0.01,-0.007472358968068,-0.4820876753592311,True
1997,refined,table_2,gompertz,free_lsf,B,0.3402746256320457,0.0173115468443933,gompertz_free_correlation_coefficient,0.9899185163405976,correlation_coefficient >= 0.98,True,supported,0.34,0.02,0.0002746256320456,0.0807722447193136,True
1997,refined,table_2,gompertz,free_lsf,correlation_coefficient,0.9899185163405976,,gompertz_free_correlation_coefficient,0.9899185163405976,correlation_coefficient >= 0.98,True,supported,0.992,,-0.0020814836594024,-0.2098269817945984,
1997,refined,table_2,gompertz,population,population_pct,98.80426486574,,gompertz_free_correlation_coefficient,0.9899185163405976,correlation_coefficient >= 0.98,True,supported,99.0,,-0.1957351342600048,-0.1977122568282877,
1997,refined,table_3,pareto,boundary,x_pmin,7.79009107647884,,pareto_ls_r2,0.9870747699933728,pareto_ls_r2 >= 0.98 and selected tail supported,True,supported,7.935,,-0.14490892352116,-1.8261994142553248,
1997,refined,table_3,pareto,lsf,alpha,2.4693767411230025,0.0541786911615534,pareto_ls_r2,0.9870747699933728,pareto_ls_r2 >= 0.98 and selected tail supported,True,supported,2.79,0.05,-0.3206232588769975,-11.491873078028584,False
1997,refined,table_3,pareto,lsf,beta,194.4096133009451,36.07698302824311,pareto_ls_r2,0.9870747699933728,pareto_ls_r2 >= 0.98 and selected tail supported,True,supported,419.3,79.7,-224.8903866990549,-53.63472136872285,False
1997,refined,table_3,pareto,lsf,correlation_coefficient,0.9935163662433412,,pareto_ls_r2,0.9870747699933728,pareto_ls_r2 >= 0.98 and selected tail supported,True,supported,0.995,,-0.0014836337566588,-0.1491089202672192,
1997,refined,table_3,pareto,mle,alpha,2.32206788077656,0.0722477867543742,pareto_mle_r2,0.9500000834524636,finite direct MLE on observations x >= x_t,True,supported,2.62,0.04,-0.2979321192234403,-11.371454932192378,False
1997,refined,table_3,pareto,mle_continuity,beta,164.29078928066536,24.366632888371058,pareto_mle_r2,0.9500000834524636,finite direct MLE on observations x >= x_t,True,supported,310.0,32.0,-145.70921071933464,-47.00297119978537,False
1997,refined,table_3,pareto,population,population_pct,1.1957351342600089,,pareto_ls_r2,0.9870747699933728,pareto_ls_r2 >= 0.98 and selected tail supported,True,supported,1.0,,0.1957351342600088,19.573513426000886,
1997,refined,table_3,transition,boundary,x_t,7.79009107647884,,pareto_ls_r2,0.9870747699933728,descriptive reproduction quantity,,descriptive,7.935,0.0,-0.14490892352116,-1.8261994142553248,False
1997,refined,table_4,income_share,gompertz,share_pct,84.06610600916461,,,,descriptive reproduction quantity,,descriptive,86.1,,-2.033893990835381,-2.362246214675239,
1997,refined,table_4,income_share,pareto,share_pct,15.933893990835386,,,,descriptive reproduction quantity,,descriptive,13.9,,2.033893990835386,14.632330869319324,
1997,refined,table_4,inequality,lorenz,gini,0.6087982134452723,,,,descriptive reproduction quantity,,descriptive,0.598,,0.0107982134452723,1.8057213119184483,
1997,trusted,model_test,gompertz_vs_exponential,r2_comparison,delta_r2,0.0509467710960959,,delta_r2,0.0509467710960959,gompertz_free_r2 > exponential_r2,True,supported,,,,,
1997,trusted,table_1,annual_income,descriptive,mean_income_usd,276.2083141366461,,,,descriptive reproduction quantity,,descriptive,221.687,,54.52131413664614,24.5938255904253,
1997,trusted,table_2,gompertz,boundary,x_gmax,7.79009107647884,,gompertz_free_correlation_coefficient,0.9899185163405976,correlation_coefficient >= 0.98,True,supported,7.935,,-0.14490892352116,-1.8261994142553248,
1997,trusted,table_2,gompertz,free_lsf,A,1.542527641031932,0.0077819116144084,gompertz_free_correlation_coefficient,0.9899185163405976,correlation_coefficient >= 0.98,True,supported,1.55,0.01,-0.007472358968068,-0.4820876753592311,True
1997,trusted,table_2,gompertz,free_lsf,B,0.3402746256320457,0.0173115468443933,gompertz_free_correlation_coefficient,0.9899185163405976,correlation_coefficient >= 0.98,True,supported,0.34,0.02,0.0002746256320456,0.0807722447193136,True
1997,trusted,table_2,gompertz,free_lsf,correlation_coefficient,0.9899185163405976,,gompertz_free_correlation_coefficient,0.9899185163405976,correlation_coefficient >= 0.98,True,supported,0.992,,-0.0020814836594024,-0.2098269817945984,
1997,trusted,table_2,gompertz,population,population_pct,98.80426486574,,gompertz_free_correlation_coefficient,0.9899185163405976,correlation_coefficient >= 0.98,True,supported,99.0,,-0.1957351342600048,-0.1977122568282877,
1997,trusted,table_3,pareto,boundary,x_pmin,7.79009107647884,,pareto_ls_r2,0.9870747699933728,pareto_ls_r2 >= 0.98 and selected tail supported,True,supported,7.935,,-0.14490892352116,-1.8261994142553248,
1997,trusted,table_3,pareto,lsf,alpha,2.4693767411230025,0.0541786911615534,pareto_ls_r2,0.9870747699933728,pareto_ls_r2 >= 0.98 and selected tail supported,True,supported,2.79,0.05,-0.3206232588769975,-11.491873078028584,False
1997,trusted,table_3,pareto,lsf,beta,194.4096133009451,36.07698302824311,pareto_ls_r2,0.9870747699933728,pareto_ls_r2 >= 0.98 and selected tail supported,True,supported,419.3,79.7,-224.8903866990549,-53.63472136872285,False
1997,trusted,table_3,pareto,lsf,correlation_coefficient,0.9935163662433412,,pareto_ls_r2,0.9870747699933728,pareto_ls_r2 >= 0.98 and selected tail supported,True,supported,0.995,,-0.0014836337566588,-0.1491089202672192,
1997,trusted,table_3,pareto,mle,alpha,2.32206788077656,0.0722477867543742,pareto_mle_r2,0.9500000834524636,finite direct MLE on observations x >= x_t,True,supported,2.62,0.04,-0.2979321192234403,-11.371454932192378,False
1997,trusted,table_3,pareto,mle_continuity,beta,164.29078928066536,24.366632888371058,pareto_mle_r2,0.9500000834524636,finite direct MLE on observations x >= x_t,True,supported,310.0,32.0,-145.70921071933464,-47.00297119978537,False
1997,trusted,table_3,pareto,population,population_pct,1.1957351342600089,,pareto_ls_r2,0.9870747699933728,pareto_ls_r2 >= 0.98 and selected tail supported,True,supported,1.0,,0.1957351342600088,19.573513426000886,
1997,trusted,table_3,transition,boundary,x_t,7.79009107647884,,pareto_ls_r2,0.9870747699933728,descriptive reproduction quantity,,descriptive,7.935,0.0,-0.14490892352116,-1.8261994142553248,False
1997,trusted,table_4,income_share,gompertz,share_pct,84.06610600916461,,,,descriptive reproduction quantity,,descriptive,86.1,,-2.033893990835381,-2.362246214675239,
1997,trusted,table_4,income_share,pareto,share_pct,15.933893990835386,,,,descriptive reproduction quantity,,descriptive,13.9,,2.033893990835386,14.632330869319324,
1997,trusted,table_4,inequality,lorenz,gini,0.6087982134452723,,,,descriptive reproduction quantity,,descriptive,0.598,,0.0107982134452723,1.8057213119184483,
1998,refined,model_test,gompertz_vs_exponential,r2_comparison,delta_r2,0.0549417783675152,,delta_r2,0.0549417783675152,gompertz_free_r2 > exponential_r2,True,supported,,,,,
1998,refined,table_1,annual_income,descriptive,mean_income_usd,268.8479138612698,,,,descriptive reproduction quantity,,descriptive,213.902,,54.94591386126979,25.687424082649898,
1998,refined,table_2,gompertz,boundary,x_gmax,8.15287296793561,,gompertz_free_correlation_coefficient,0.9885719122614396,correlation_coefficient >= 0.98,True,supported,7.628,,0.5248729679356092,6.880872678757331,
1998,refined,table_2,gompertz,free_lsf,A,1.5426548530677415,0.008620164805843,gompertz_free_correlation_coefficient,0.9885719122614396,correlation_coefficient >= 0.98,True,supported,1.54,0.01,0.0026548530677414,0.1723930563468501,True
1998,refined,table_2,gompertz,free_lsf,B,0.338650015834246,0.0184459263055441,gompertz_free_correlation_coefficient,0.9885719122614396,correlation_coefficient >= 0.98,True,supported,0.33,0.01,0.0086500158342459,2.621216919468473,True
1998,refined,table_2,gompertz,free_lsf,correlation_coefficient,0.9885719122614396,,gompertz_free_correlation_coefficient,0.9885719122614396,correlation_coefficient >= 0.98,True,supported,0.997,,-0.0084280877385605,-0.8453448082808946,
1998,refined,table_2,gompertz,population,population_pct,98.84310799954092,,gompertz_free_correlation_coefficient,0.9885719122614396,correlation_coefficient >= 0.98,True,supported,98.8,,0.043107999540922,0.0436315784827146,
1998,refined,table_3,pareto,boundary,x_pmin,8.15287296793561,,pareto_ls_r2,0.9947974353016932,pareto_ls_r2 >= 0.98 and selected tail supported,True,supported,7.628,,0.5248729679356092,6.880872678757331,
1998,refined,table_3,pareto,lsf,alpha,2.5695625585912154,0.0347963358617819,pareto_ls_r2,0.9947974353016932,pareto_ls_r2 >= 0.98 and selected tail supported,True,supported,2.94,0.03,-0.3704374414087845,-12.599912973087909,False
1998,refined,table_3,pareto,lsf,beta,261.69581960134343,27.876975175000343,pareto_ls_r2,0.9947974353016932,pareto_ls_r2 >= 0.98 and selected tail supported,True,supported,632.6,68.6,-370.9041803986566,-58.63170730298081,False
1998,refined,table_3,pareto,lsf,correlation_coefficient,0.9973953254861851,,pareto_ls_r2,0.9947974353016932,pareto_ls_r2 >= 0.98 and selected tail supported,True,supported,0.998,,-0.0006046745138148,-0.0605886286387626,
1998,refined,table_3,pareto,mle,alpha,2.400075202667349,0.0756327516182403,pareto_mle_r2,0.96288365884382,finite direct MLE on observations x >= x_t,True,supported,2.68,0.06,-0.2799247973326513,-10.44495512435266,False
1998,refined,table_3,pareto,mle_continuity,beta,207.7139817563189,32.96535662663071,pareto_mle_r2,0.96288365884382,finite direct MLE on observations x >= x_t,True,supported,335.0,40.0,-127.2860182436811,-37.99582634139735,False
1998,refined,table_3,pareto,population,population_pct,1.156892000459084,,pareto_ls_r2,0.9947974353016932,pareto_ls_r2 >= 0.98 and selected tail supported,True,supported,1.2,,-0.043107999540916,-3.592333295076337,
1998,refined,table_3,transition,boundary,x_t,8.15287296793561,,pareto_ls_r2,0.9947974353016932,descriptive reproduction quantity,,descriptive,7.628,0.0,0.5248729679356092,6.880872678757331,False
1998,refined,table_4,income_share,gompertz,share_pct,84.27008722170103,,,,descriptive reproduction quantity,,descriptive,84.5,,-0.2299127782989671,-0.2720861281644582,
1998,refined,table_4,income_share,pareto,share_pct,15.729912778298967,,,,descriptive reproduction quantity,,descriptive,15.5,,0.2299127782989671,1.4833082470901109,
1998,refined,table_4,inequality,lorenz,gini,0.6095628702928875,,,,descriptive reproduction quantity,,descriptive,0.597,,0.0125628702928874,2.1043333823932158,
1998,trusted,model_test,gompertz_vs_exponential,r2_comparison,delta_r2,0.0549417783675152,,delta_r2,0.0549417783675152,gompertz_free_r2 > exponential_r2,True,supported,,,,,
1998,trusted,table_1,annual_income,descriptive,mean_income_usd,268.8479138612698,,,,descriptive reproduction quantity,,descriptive,213.902,,54.94591386126979,25.687424082649898,
1998,trusted,table_2,gompertz,boundary,x_gmax,8.15287296793561,,gompertz_free_correlation_coefficient,0.9885719122614396,correlation_coefficient >= 0.98,True,supported,7.628,,0.5248729679356092,6.880872678757331,
1998,trusted,table_2,gompertz,free_lsf,A,1.5426548530677415,0.008620164805843,gompertz_free_correlation_coefficient,0.9885719122614396,correlation_coefficient >= 0.98,True,supported,1.54,0.01,0.0026548530677414,0.1723930563468501,True
1998,trusted,table_2,gompertz,free_lsf,B,0.338650015834246,0.0184459263055441,gompertz_free_correlation_coefficient,0.9885719122614396,correlation_coefficient >= 0.98,True,supported,0.33,0.01,0.0086500158342459,2.621216919468473,True
1998,trusted,table_2,gompertz,free_lsf,correlation_coefficient,0.9885719122614396,,gompertz_free_correlation_coefficient,0.9885719122614396,correlation_coefficient >= 0.98,True,supported,0.997,,-0.0084280877385605,-0.8453448082808946,
1998,trusted,table_2,gompertz,population,population_pct,98.84310799954092,,gompertz_free_correlation_coefficient,0.9885719122614396,correlation_coefficient >= 0.98,True,supported,98.8,,0.043107999540922,0.0436315784827146,
1998,trusted,table_3,pareto,boundary,x_pmin,8.15287296793561,,pareto_ls_r2,0.9947974353016932,pareto_ls_r2 >= 0.98 and selected tail supported,True,supported,7.628,,0.5248729679356092,6.880872678757331,
1998,trusted,table_3,pareto,lsf,alpha,2.5695625585912154,0.0347963358617819,pareto_ls_r2,0.9947974353016932,pareto_ls_r2 >= 0.98 and selected tail supported,True,supported,2.94,0.03,-0.3704374414087845,-12.599912973087909,False
1998,trusted,table_3,pareto,lsf,beta,261.69581960134343,27.876975175000343,pareto_ls_r2,0.9947974353016932,pareto_ls_r2 >= 0.98 and selected tail supported,True,supported,632.6,68.6,-370.9041803986566,-58.63170730298081,False
1998,trusted,table_3,pareto,lsf,correlation_coefficient,0.9973953254861851,,pareto_ls_r2,0.9947974353016932,pareto_ls_r2 >= 0.98 and selected tail supported,True,supported,0.998,,-0.0006046745138148,-0.0605886286387626,
1998,trusted,table_3,pareto,mle,alpha,2.400075202667349,0.0756327516182403,pareto_mle_r2,0.96288365884382,finite direct MLE on observations x >= x_t,True,supported,2.68,0.06,-0.2799247973326513,-10.44495512435266,False
1998,trusted,table_3,pareto,mle_continuity,beta,207.7139817563189,32.96535662663071,pareto_mle_r2,0.96288365884382,finite direct MLE on observations x >= x_t,True,supported,335.0,40.0,-127.2860182436811,-37.99582634139735,False
1998,trusted,table_3,pareto,population,population_pct,1.156892000459084,,pareto_ls_r2,0.9947974353016932,pareto_ls_r2 >= 0.98 and selected tail supported,True,supported,1.2,,-0.043107999540916,-3.592333295076337,
1998,trusted,table_3,transition,boundary,x_t,8.15287296793561,,pareto_ls_r2,0.9947974353016932,descriptive reproduction quantity,,descriptive,7.628,0.0,0.5248729679356092,6.880872678757331,False
1998,trusted,table_4,income_share,gompertz,share_pct,84.27008722170103,,,,descriptive reproduction quantity,,descriptive,84.5,,-0.2299127782989671,-0.2720861281644582,
1998,trusted,table_4,income_share,pareto,share_pct,15.729912778298967,,,,descriptive reproduction quantity,,descriptive,15.5,,0.2299127782989671,1.4833082470901109,
1998,trusted,table_4,inequality,lorenz,gini,0.6095628702928875,,,,descriptive reproduction quantity,,descriptive,0.597,,0.0125628702928874,2.1043333823932158,
1999,refined,model_test,gompertz_vs_exponential,r2_comparison,delta_r2,0.0179951259808479,,delta_r2,0.0179951259808479,gompertz_free_r2 > exponential_r2,True,supported,,,,,
1999,refined,table_1,annual_income,descriptive,mean_income_usd,167.0691884244195,,,,descriptive reproduction quantity,,descriptive,133.631,,33.43818842441951,25.02277796650441,
1999,refined,table_2,gompertz,boundary,x_gmax,8.176655455951684,,gompertz_free_correlation_coefficient,0.9711929484371838,correlation_coefficient >= 0.98,False,weak,7.811,,0.3656554559516838,4.681288643601124,
1999,refined,table_2,gompertz,free_lsf,A,1.558145460215847,0.0164919838662914,gompertz_free_correlation_coefficient,0.9711929484371838,correlation_coefficient >= 0.98,False,weak,1.54,0.01,0.018145460215847,1.1782766373926663,False
1999,refined,table_2,gompertz,free_lsf,B,0.3628508957227123,0.0329644048012664,gompertz_free_correlation_coefficient,0.9711929484371838,correlation_coefficient >= 0.98,False,weak,0.33,0.01,0.0328508957227122,9.954816885670384,False
1999,refined,table_2,gompertz,free_lsf,correlation_coefficient,0.9711929484371838,,gompertz_free_correlation_coefficient,0.9711929484371838,correlation_coefficient >= 0.98,False,weak,0.994,,-0.0228070515628161,-2.2944719882108804,
1999,refined,table_2,gompertz,population,population_pct,98.9288717744434,,gompertz_free_correlation_coefficient,0.9711929484371838,correlation_coefficient >= 0.98,False,weak,98.9,,0.0288717744433881,0.029192896302718,
1999,refined,table_3,pareto,boundary,x_pmin,8.176655455951684,,pareto_ls_r2,0.995133609758834,pareto_ls_r2 >= 0.98 and selected tail supported,True,supported,7.811,,0.3656554559516838,4.681288643601124,
1999,refined,table_3,pareto,lsf,alpha,2.983033542269379,0.0697193428292576,pareto_ls_r2,0.995133609758834,pareto_ls_r2 >= 0.98 and selected tail supported,True,supported,3.1,0.07,-0.116966457730621,-3.7731115396974544,False
1999,refined,table_3,pareto,lsf,beta,764.9941340401873,285.6931001030419,pareto_ls_r2,0.995133609758834,pareto_ls_r2 >= 0.98 and selected tail supported,True,supported,867.5,205.5,-102.5058659598127,-11.816238150987054,True
1999,refined,table_3,pareto,lsf,correlation_coefficient,0.9975638374353964,,pareto_ls_r2,0.995133609758834,pareto_ls_r2 >= 0.98 and selected tail supported,True,supported,0.996,,0.0015638374353964,0.1570117907024551,
1999,refined,table_3,pareto,mle,alpha,2.3343081813087214,0.0750662504366154,pareto_mle_r2,0.8241151536444582,finite direct MLE on observations x >= x_t,True,supported,2.78,0.09,-0.4456918186912784,-16.03207980903879,False
1999,refined,table_3,pareto,mle_continuity,beta,173.5492168490256,27.37486395910865,pareto_mle_r2,0.8241151536444582,finite direct MLE on observations x >= x_t,True,supported,429.0,77.0,-255.4507831509744,-59.54563709812923,False
1999,refined,table_3,pareto,population,population_pct,1.0711282255565884,,pareto_ls_r2,0.995133609758834,pareto_ls_r2 >= 0.98 and selected tail supported,True,supported,1.1,,-0.0288717744434117,-2.624706767582883,
1999,refined,table_3,transition,boundary,x_t,8.176655455951684,,pareto_ls_r2,0.995133609758834,descriptive reproduction quantity,,descriptive,7.811,0.0,0.3656554559516838,4.681288643601124,False
1999,refined,table_4,income_share,gompertz,share_pct,85.45847800549845,,,,descriptive reproduction quantity,,descriptive,86.0,,-0.5415219945015508,-0.6296767377925009,
1999,refined,table_4,income_share,pareto,share_pct,14.54152199450155,,,,descriptive reproduction quantity,,descriptive,14.0,,0.5415219945015508,3.8680142464396488,
1999,refined,table_4,inequality,lorenz,gini,0.6040101548852397,,,,descriptive reproduction quantity,,descriptive,0.59,,0.0140101548852397,2.374602522921985,
1999,trusted,model_test,gompertz_vs_exponential,r2_comparison,delta_r2,0.0179951259808479,,delta_r2,0.0179951259808479,gompertz_free_r2 > exponential_r2,True,supported,,,,,
1999,trusted,table_1,annual_income,descriptive,mean_income_usd,167.0691884244195,,,,descriptive reproduction quantity,,descriptive,133.631,,33.43818842441951,25.02277796650441,
1999,trusted,table_2,gompertz,boundary,x_gmax,8.176655455951684,,gompertz_free_correlation_coefficient,0.9711929484371838,correlation_coefficient >= 0.98,False,weak,7.811,,0.3656554559516838,4.681288643601124,
1999,trusted,table_2,gompertz,free_lsf,A,1.558145460215847,0.0164919838662914,gompertz_free_correlation_coefficient,0.9711929484371838,correlation_coefficient >= 0.98,False,weak,1.54,0.01,0.018145460215847,1.1782766373926663,False
1999,trusted,table_2,gompertz,free_lsf,B,0.3628508957227123,0.0329644048012664,gompertz_free_correlation_coefficient,0.9711929484371838,correlation_coefficient >= 0.98,False,weak,0.33,0.01,0.0328508957227122,9.954816885670384,False
1999,trusted,table_2,gompertz,free_lsf,correlation_coefficient,0.9711929484371838,,gompertz_free_correlation_coefficient,0.9711929484371838,correlation_coefficient >= 0.98,False,weak,0.994,,-0.0228070515628161,-2.2944719882108804,
1999,trusted,table_2,gompertz,population,population_pct,98.9288717744434,,gompertz_free_correlation_coefficient,0.9711929484371838,correlation_coefficient >= 0.98,False,weak,98.9,,0.0288717744433881,0.029192896302718,
1999,trusted,table_3,pareto,boundary,x_pmin,8.176655455951684,,pareto_ls_r2,0.995133609758834,pareto_ls_r2 >= 0.98 and selected tail supported,True,supported,7.811,,0.3656554559516838,4.681288643601124,
1999,trusted,table_3,pareto,lsf,alpha,2.983033542269379,0.0697193428292576,pareto_ls_r2,0.995133609758834,pareto_ls_r2 >= 0.98 and selected tail supported,True,supported,3.1,0.07,-0.116966457730621,-3.7731115396974544,False
1999,trusted,table_3,pareto,lsf,beta,764.9941340401873,285.6931001030419,pareto_ls_r2,0.995133609758834,pareto_ls_r2 >= 0.98 and selected tail supported,True,supported,867.5,205.5,-102.5058659598127,-11.816238150987054,True
1999,trusted,table_3,pareto,lsf,correlation_coefficient,0.9975638374353964,,pareto_ls_r2,0.995133609758834,pareto_ls_r2 >= 0.98 and selected tail supported,True,supported,0.996,,0.0015638374353964,0.1570117907024551,
1999,trusted,table_3,pareto,mle,alpha,2.3343081813087214,0.0750662504366154,pareto_mle_r2,0.8241151536444582,finite direct MLE on observations x >= x_t,True,supported,2.78,0.09,-0.4456918186912784,-16.03207980903879,False
1999,trusted,table_3,pareto,mle_continuity,beta,173.5492168490256,27.37486395910865,pareto_mle_r2,0.8241151536444582,finite direct MLE on observations x >= x_t,True,supported,429.0,77.0,-255.4507831509744,-59.54563709812923,False
1999,trusted,table_3,pareto,population,population_pct,1.0711282255565884,,pareto_ls_r2,0.995133609758834,pareto_ls_r2 >= 0.98 and selected tail supported,True,supported,1.1,,-0.0288717744434117,-2.624706767582883,
1999,trusted,table_3,transition,boundary,x_t,8.176655455951684,,pareto_ls_r2,0.995133609758834,descriptive reproduction quantity,,descriptive,7.811,0.0,0.3656554559516838,4.681288643601124,False
1999,trusted,table_4,income_share,gompertz,share_pct,85.45847800549845,,,,descriptive reproduction quantity,,descriptive,86.0,,-0.5415219945015508,-0.6296767377925009,
1999,trusted,table_4,income_share,pareto,share_pct,14.54152199450155,,,,descriptive reproduction quantity,,descriptive,14.0,,0.5415219945015508,3.8680142464396488,
1999,trusted,table_4,inequality,lorenz,gini,0.6040101548852397,,,,descriptive reproduction quantity,,descriptive,0.59,,0.0140101548852397,2.374602522921985,
2001,refined,model_test,gompertz_vs_exponential,r2_comparison,delta_r2,-0.0259814312456274,,delta_r2,-0.0259814312456274,gompertz_free_r2 > exponential_r2,False,rejected,,,,,
2001,refined,table_1,annual_income,descriptive,mean_income_usd,137.6063483171984,,,,descriptive reproduction quantity,,descriptive,110.857,,26.74934831719841,24.12959787582057,
2001,refined,table_2,gompertz,boundary,x_gmax,8.53395522561751,,gompertz_free_correlation_coefficient,0.9454975678420318,correlation_coefficient >= 0.98,False,weak,7.774,,0.7599552256175093,9.775601049877915,
2001,refined,table_2,gompertz,free_lsf,A,1.570973831809025,0.0242160261832604,gompertz_free_correlation_coefficient,0.9454975678420318,correlation_coefficient >= 0.98,False,weak,1.54,0.01,0.0309738318090249,2.0112877798068123,False
2001,refined,table_2,gompertz,free_lsf,B,0.3876160716148116,0.0485536446303695,gompertz_free_correlation_coefficient,0.9454975678420318,correlation_coefficient >= 0.98,False,weak,0.34,0.01,0.0476160716148115,14.004726945532814,False
2001,refined,table_2,gompertz,free_lsf,correlation_coefficient,0.9454975678420318,,gompertz_free_correlation_coefficient,0.9454975678420318,correlation_coefficient >= 0.98,False,weak,0.996,,-0.0505024321579682,-5.070525317065084,
2001,refined,table_2,gompertz,population,population_pct,98.9782796519922,,gompertz_free_correlation_coefficient,0.9454975678420318,correlation_coefficient >= 0.98,False,weak,98.9,,0.0782796519921902,0.0791503053510517,
2001,refined,table_3,pareto,boundary,x_pmin,8.53395522561751,,pareto_ls_r2,0.9979796918398322,pareto_ls_r2 >= 0.98 and selected tail supported,True,supported,7.774,,0.7599552256175093,9.775601049877915,
2001,refined,table_3,pareto,lsf,alpha,2.858934010126409,0.0664191921544748,pareto_ls_r2,0.9979796918398322,pareto_ls_r2 >= 0.98 and selected tail supported,True,supported,3.23,0.2,-0.3710659898735908,-11.48811114159724,False
2001,refined,table_3,pareto,lsf,beta,588.1840898676451,183.1269081333239,pareto_ls_r2,0.9979796918398322,pareto_ls_r2 >= 0.98 and selected tail supported,True,supported,1588.0,1257.0,-999.8159101323548,-62.96069963050094,True
2001,refined,table_3,pareto,lsf,correlation_coefficient,0.9989893351982452,,pareto_ls_r2,0.9979796918398322,pareto_ls_r2 >= 0.98 and selected tail supported,True,supported,0.973,,0.0259893351982453,2.6710519217107205,
2001,refined,table_3,pareto,mle,alpha,2.3326399775766484,0.0731813893837429,pareto_mle_r2,0.857595733123401,finite direct MLE on observations x >= x_t,True,supported,2.72,0.07,-0.3873600224233517,-14.241177294976168,False
2001,refined,table_3,pareto,mle_continuity,beta,178.48624529283995,28.00534378829028,pareto_mle_r2,0.857595733123401,finite direct MLE on observations x >= x_t,True,supported,372.0,54.0,-193.51375470716005,-52.019826534182805,False
2001,refined,table_3,pareto,population,population_pct,1.021720348007796,,pareto_ls_r2,0.9979796918398322,pareto_ls_r2 >= 0.98 and selected tail supported,True,supported,1.1,,-0.0782796519922039,-7.116331999291272,
2001,refined,table_3,transition,boundary,x_t,8.53395522561751,,pareto_ls_r2,0.9979796918398322,descriptive reproduction quantity,,descriptive,7.774,0.0,0.7599552256175093,9.775601049877915,False
2001,refined,table_4,income_share,gompertz,share_pct,85.48947805531292,,,,descriptive reproduction quantity,,descriptive,85.2,,0.2894780553129124,0.3397629757193807,
2001,refined,table_4,income_share,pareto,share_pct,14.510521944687085,,,,descriptive reproduction quantity,,descriptive,14.8,,-0.2894780553129159,-1.9559328061683507,
2001,refined,table_4,inequality,lorenz,gini,0.6045135448171821,,,,descriptive reproduction quantity,,descriptive,0.592,,0.0125135448171821,2.1137744623618486,
2001,trusted,model_test,gompertz_vs_exponential,r2_comparison,delta_r2,-0.0259814312456274,,delta_r2,-0.0259814312456274,gompertz_free_r2 > exponential_r2,False,rejected,,,,,
2001,trusted,table_1,annual_income,descriptive,mean_income_usd,137.6063483171984,,,,descriptive reproduction quantity,,descriptive,110.857,,26.74934831719841,24.12959787582057,
2001,trusted,table_2,gompertz,boundary,x_gmax,8.53395522561751,,gompertz_free_correlation_coefficient,0.9454975678420318,correlation_coefficient >= 0.98,False,weak,7.774,,0.7599552256175093,9.775601049877915,
2001,trusted,table_2,gompertz,free_lsf,A,1.570973831809025,0.0242160261832604,gompertz_free_correlation_coefficient,0.9454975678420318,correlation_coefficient >= 0.98,False,weak,1.54,0.01,0.0309738318090249,2.0112877798068123,False
2001,trusted,table_2,gompertz,free_lsf,B,0.3876160716148116,0.0485536446303695,gompertz_free_correlation_coefficient,0.9454975678420318,correlation_coefficient >= 0.98,False,weak,0.34,0.01,0.0476160716148115,14.004726945532814,False
2001,trusted,table_2,gompertz,free_lsf,correlation_coefficient,0.9454975678420318,,gompertz_free_correlation_coefficient,0.9454975678420318,correlation_coefficient >= 0.98,False,weak,0.996,,-0.0505024321579682,-5.070525317065084,
2001,trusted,table_2,gompertz,population,population_pct,98.9782796519922,,gompertz_free_correlation_coefficient,0.9454975678420318,correlation_coefficient >= 0.98,False,weak,98.9,,0.0782796519921902,0.0791503053510517,
2001,trusted,table_3,pareto,boundary,x_pmin,8.53395522561751,,pareto_ls_r2,0.9979796918398322,pareto_ls_r2 >= 0.98 and selected tail supported,True,supported,7.774,,0.7599552256175093,9.775601049877915,
2001,trusted,table_3,pareto,lsf,alpha,2.858934010126409,0.0664191921544748,pareto_ls_r2,0.9979796918398322,pareto_ls_r2 >= 0.98 and selected tail supported,True,supported,3.23,0.2,-0.3710659898735908,-11.48811114159724,False
2001,trusted,table_3,pareto,lsf,beta,588.1840898676451,183.1269081333239,pareto_ls_r2,0.9979796918398322,pareto_ls_r2 >= 0.98 and selected tail supported,True,supported,1588.0,1257.0,-999.8159101323548,-62.96069963050094,True
2001,trusted,table_3,pareto,lsf,correlation_coefficient,0.9989893351982452,,pareto_ls_r2,0.9979796918398322,pareto_ls_r2 >= 0.98 and selected tail supported,True,supported,0.973,,0.0259893351982453,2.6710519217107205,
2001,trusted,table_3,pareto,mle,alpha,2.3326399775766484,0.0731813893837429,pareto_mle_r2,0.857595733123401,finite direct MLE on observations x >= x_t,True,supported,2.72,0.07,-0.3873600224233517,-14.241177294976168,False
2001,trusted,table_3,pareto,mle_continuity,beta,178.48624529283995,28.00534378829028,pareto_mle_r2,0.857595733123401,finite direct MLE on observations x >= x_t,True,supported,372.0,54.0,-193.51375470716005,-52.019826534182805,False
2001,trusted,table_3,pareto,population,population_pct,1.021720348007796,,pareto_ls_r2,0.9979796918398322,pareto_ls_r2 >= 0.98 and selected tail supported,True,supported,1.1,,-0.0782796519922039,-7.116331999291272,
2001,trusted,table_3,transition,boundary,x_t,8.53395522561751,,pareto_ls_r2,0.9979796918398322,descriptive reproduction quantity,,descriptive,7.774,0.0,0.7599552256175093,9.775601049877915,False
2001,trusted,table_4,income_share,gompertz,share_pct,85.48947805531292,,,,descriptive reproduction quantity,,descriptive,85.2,,0.2894780553129124,0.3397629757193807,
2001,trusted,table_4,income_share,pareto,share_pct,14.510521944687085,,,,descriptive reproduction quantity,,descriptive,14.8,,-0.2894780553129159,-1.9559328061683507,
2001,trusted,table_4,inequality,lorenz,gini,0.6045135448171821,,,,descriptive reproduction quantity,,descriptive,0.592,,0.0125135448171821,2.1137744623618486,
2002,refined,model_test,gompertz_vs_exponential,r2_comparison,delta_r2,-0.0343312634507326,,delta_r2,-0.0343312634507326,gompertz_free_r2 > exponential_r2,False,rejected,,,,,
2002,refined,table_1,annual_income,descriptive,mean_income_usd,119.9483217666026,,,,descriptive reproduction quantity,,descriptive,97.532,,22.416321766602607,22.983555926877955,
2002,refined,table_2,gompertz,boundary,x_gmax,8.319232469818342,,gompertz_free_correlation_coefficient,0.9443879675492436,correlation_coefficient >= 0.98,False,weak,7.878,,0.4412324698183418,5.600818352606523,
2002,refined,table_2,gompertz,free_lsf,A,1.5799031282416047,0.0232812206897858,gompertz_free_correlation_coefficient,0.9443879675492436,correlation_coefficient >= 0.98,False,weak,1.55,0.01,0.0299031282416046,1.929234080103528,False
2002,refined,table_2,gompertz,free_lsf,B,0.399108332839945,0.0512460510252687,gompertz_free_correlation_coefficient,0.9443879675492436,correlation_coefficient >= 0.98,False,weak,0.34,0.02,0.0591083328399449,17.384803776454408,False
2002,refined,table_2,gompertz,free_lsf,correlation_coefficient,0.9443879675492436,,gompertz_free_correlation_coefficient,0.9443879675492436,correlation_coefficient >= 0.98,False,weak,0.993,,-0.0486120324507564,-4.895471545896919,
2002,refined,table_2,gompertz,population,population_pct,98.97756097560976,,gompertz_free_correlation_coefficient,0.9443879675492436,correlation_coefficient >= 0.98,False,weak,99.0,,-0.0224390243902377,-0.0226656812022603,
2002,refined,table_3,pareto,boundary,x_pmin,8.319232469818342,,pareto_ls_r2,0.924105197345958,pareto_ls_r2 >= 0.98 and selected tail supported,False,fallback,7.878,,0.4412324698183418,5.600818352606523,
2002,refined,table_3,pareto,lsf,alpha,2.1765933551478165,0.1133595239891793,pareto_ls_r2,0.924105197345958,pareto_ls_r2 >= 0.98 and selected tail supported,False,fallback,2.93,0.05,-0.7534066448521837,-25.71353736696873,False
2002,refined,table_3,pareto,lsf,beta,67.85649439093883,18.35874103608812,pareto_ls_r2,0.924105197345958,pareto_ls_r2 >= 0.98 and selected tail supported,False,fallback,539.8,89.1,-471.9435056090611,-87.42932671527625,False
2002,refined,table_3,pareto,lsf,correlation_coefficient,0.9613039047803552,,pareto_ls_r2,0.924105197345958,pareto_ls_r2 >= 0.98 and selected tail supported,False,fallback,0.996,,-0.0346960952196448,-3.483543696751496,
2002,refined,table_3,pareto,mle,alpha,2.4629528504269707,0.0761171570988704,pareto_mle_r2,0.8808882160424427,finite direct MLE on observations x >= x_t,True,supported,2.78,0.09,-0.3170471495730291,-11.40457372564853,False
2002,refined,table_3,pareto,mle_continuity,beta,221.8493696609608,35.775324076408666,pareto_mle_r2,0.8808882160424427,finite direct MLE on observations x >= x_t,True,supported,426.0,79.0,-204.1506303390392,-47.92268317817822,False
2002,refined,table_3,pareto,population,population_pct,1.022439024390244,,pareto_ls_r2,0.924105197345958,pareto_ls_r2 >= 0.98 and selected tail supported,False,fallback,1.0,,0.0224390243902439,2.243902439024392,
2002,refined,table_3,transition,boundary,x_t,8.319232469818342,,pareto_ls_r2,0.924105197345958,descriptive reproduction quantity,,descriptive,7.878,0.0,0.4412324698183418,5.600818352606523,False
2002,refined,table_4,income_share,gompertz,share_pct,85.90117034177302,,,,descriptive reproduction quantity,,descriptive,86.4,,-0.4988296582269811,-0.5773491414664133,
2002,refined,table_4,income_share,pareto,share_pct,14.098829658226975,,,,descriptive reproduction quantity,,descriptive,13.6,,0.4988296582269758,3.6678651340218806,
2002,refined,table_4,inequality,lorenz,gini,0.5972393646717101,,,,descriptive reproduction quantity,,descriptive,0.586,,0.0112393646717101,1.9179803194044645,
2002,trusted,model_test,gompertz_vs_exponential,r2_comparison,delta_r2,-0.0367662136790576,,delta_r2,-0.0367662136790576,gompertz_free_r2 > exponential_r2,False,rejected,,,,,
2002,trusted,table_1,annual_income,descriptive,mean_income_usd,119.49992477560436,,,,descriptive reproduction quantity,,descriptive,97.532,,21.967924775604374,22.523812467297272,
2002,trusted,table_2,gompertz,boundary,x_gmax,8.35044854642999,,gompertz_free_correlation_coefficient,0.9431158351518676,correlation_coefficient >= 0.98,False,weak,7.878,,0.4724485464299892,5.997062026275568,
2002,trusted,table_2,gompertz,free_lsf,A,1.580604480321054,0.0236599601230174,gompertz_free_correlation_coefficient,0.9431158351518676,correlation_coefficient >= 0.98,False,weak,1.55,0.01,0.0306044803210538,1.974482601358316,False
2002,trusted,table_2,gompertz,free_lsf,B,0.3988150638093655,0.0518749954762929,gompertz_free_correlation_coefficient,0.9431158351518676,correlation_coefficient >= 0.98,False,weak,0.34,0.02,0.0588150638093654,17.298548179225136,False
2002,trusted,table_2,gompertz,free_lsf,correlation_coefficient,0.9431158351518676,,gompertz_free_correlation_coefficient,0.9431158351518676,correlation_coefficient >= 0.98,False,weak,0.993,,-0.0498841648481324,-5.023581555703164,
2002,trusted,table_2,gompertz,population,population_pct,98.9785266197719,,gompertz_free_correlation_coefficient,0.9431158351518676,correlation_coefficient >= 0.98,False,weak,99.0,,-0.0214733802281017,-0.0216902830586886,
2002,trusted,table_3,pareto,boundary,x_pmin,8.35044854642999,,pareto_ls_r2,0.9826372612374203,pareto_ls_r2 >= 0.98 and selected tail supported,True,supported,7.878,,0.4724485464299892,5.997062026275568,
2002,trusted,table_3,pareto,lsf,alpha,2.790846067875424,0.095498667618694,pareto_ls_r2,0.9826372612374203,pareto_ls_r2 >= 0.98 and selected tail supported,True,supported,2.93,0.05,-0.139153932124576,-4.749280959883142,False
2002,trusted,table_3,pareto,lsf,beta,412.93008538450175,139.32910397656775,pareto_ls_r2,0.9826372612374203,pareto_ls_r2 >= 0.98 and selected tail supported,True,supported,539.8,89.1,-126.8699146154982,-23.503133496757727,False
2002,trusted,table_3,pareto,lsf,correlation_coefficient,0.9912806167969898,,pareto_ls_r2,0.9826372612374203,pareto_ls_r2 >= 0.98 and selected tail supported,True,supported,0.996,,-0.0047193832030102,-0.4738336549207069,
2002,trusted,table_3,pareto,mle,alpha,2.482966664869789,0.0767723524840821,pareto_mle_r2,0.9120469029404992,finite direct MLE on observations x >= x_t,True,supported,2.78,0.09,-0.297033335130211,-10.684652342813346,False
2002,trusted,table_3,pareto,mle_continuity,beta,233.2496855822705,38.004568981493634,pareto_mle_r2,0.9120469029404992,finite direct MLE on observations x >= x_t,True,supported,426.0,79.0,-192.7503144177295,-45.246552680218194,False
2002,trusted,table_3,pareto,population,population_pct,1.0214733802280995,,pareto_ls_r2,0.9826372612374203,pareto_ls_r2 >= 0.98 and selected tail supported,True,supported,1.0,,0.0214733802280995,2.147338022809953,
2002,trusted,table_3,transition,boundary,x_t,8.35044854642999,,pareto_ls_r2,0.9826372612374203,descriptive reproduction quantity,,descriptive,7.878,0.0,0.4724485464299892,5.997062026275568,False
2002,trusted,table_4,income_share,gompertz,share_pct,86.22433666402861,,,,descriptive reproduction quantity,,descriptive,86.4,,-0.175663335971393,-0.2033140462631864,
2002,trusted,table_4,income_share,pareto,share_pct,13.775663335971387,,,,descriptive reproduction quantity,,descriptive,13.6,,0.1756633359713877,1.291642176260204,
2002,trusted,table_4,inequality,lorenz,gini,0.5957395428732748,,,,descriptive reproduction quantity,,descriptive,0.586,,0.0097395428732748,1.6620380329820532,
2003,refined,model_test,gompertz_vs_exponential,r2_comparison,delta_r2,0.0362108424537704,,delta_r2,0.0362108424537704,gompertz_free_r2 > exponential_r2,True,supported,,,,,
2003,refined,table_1,annual_income,descriptive,mean_income_usd,149.36087450742522,,,,descriptive reproduction quantity,,descriptive,122.815,,26.545874507425225,21.61452144072404,
2003,refined,table_2,gompertz,boundary,x_gmax,7.988967241340482,,gompertz_free_correlation_coefficient,0.9827442886992148,correlation_coefficient >= 0.98,True,supported,7.374,,0.6149672413404828,8.339669668300553,
2003,refined,table_2,gompertz,free_lsf,A,1.555611301108145,0.01016170545498,gompertz_free_correlation_coefficient,0.9827442886992148,correlation_coefficient >= 0.98,True,supported,1.54,0.01,0.0156113011081449,1.0137208511782403,False
2003,refined,table_2,gompertz,free_lsf,B,0.3612296875252678,0.0243424776730397,gompertz_free_correlation_coefficient,0.9827442886992148,correlation_coefficient >= 0.98,True,supported,0.33,0.01,0.0312296875252677,9.463541674323569,False
2003,refined,table_2,gompertz,free_lsf,correlation_coefficient,0.9827442886992148,,gompertz_free_correlation_coefficient,0.9827442886992148,correlation_coefficient >= 0.98,True,supported,0.997,,-0.0142557113007851,-1.4298607122151634,
2003,refined,table_2,gompertz,population,population_pct,98.88763904511936,,gompertz_free_correlation_coefficient,0.9827442886992148,correlation_coefficient >= 0.98,True,supported,98.8,,0.08763904511936,0.088703486962915,
2003,refined,table_3,pareto,boundary,x_pmin,7.988967241340482,,pareto_ls_r2,0.9908262257379,pareto_ls_r2 >= 0.98 and selected tail supported,True,supported,7.374,,0.6149672413404828,8.339669668300553,
2003,refined,table_3,pareto,lsf,alpha,2.9531524685684154,0.0539963037810242,pareto_ls_r2,0.9908262257379,pareto_ls_r2 >= 0.98 and selected tail supported,True,supported,3.18,0.06,-0.2268475314315847,-7.133570170804552,False
2003,refined,table_3,pareto,lsf,beta,610.5721669447092,113.318919590212,pareto_ls_r2,0.9908262257379,pareto_ls_r2 >= 0.98 and selected tail supported,True,supported,1017.0,227.0,-406.4278330552908,-39.96340541349958,False
2003,refined,table_3,pareto,lsf,correlation_coefficient,0.995402544570738,,pareto_ls_r2,0.9908262257379,pareto_ls_r2 >= 0.98 and selected tail supported,True,supported,0.996,,-0.000597455429262,-0.0599854848656666,
2003,refined,table_3,pareto,mle,alpha,2.5377393456340256,0.0746393646400045,pareto_mle_r2,0.916364416526956,finite direct MLE on observations x >= x_t,True,supported,2.78,0.09,-0.2422606543659742,-8.714412027553031,False
2003,refined,table_3,pareto,mle_continuity,beta,255.93072022271943,39.69618290283651,pareto_mle_r2,0.916364416526956,finite direct MLE on observations x >= x_t,True,supported,387.0,68.0,-131.06927977728057,-33.8680309502017,False
2003,refined,table_3,pareto,population,population_pct,1.11236095488064,,pareto_ls_r2,0.9908262257379,pareto_ls_r2 >= 0.98 and selected tail supported,True,supported,1.2,,-0.08763904511936,-7.303253759946671,
2003,refined,table_3,transition,boundary,x_t,7.988967241340482,,pareto_ls_r2,0.9908262257379,descriptive reproduction quantity,,descriptive,7.374,0.0,0.6149672413404828,8.339669668300553,False
2003,refined,table_4,income_share,gompertz,share_pct,85.74923484000576,,,,descriptive reproduction quantity,,descriptive,85.4,,0.3492348400057494,0.4089400936835473,
2003,refined,table_4,income_share,pareto,share_pct,14.250765159994245,,,,descriptive reproduction quantity,,descriptive,14.6,,-0.3492348400057548,-2.392019452094211,
2003,refined,table_4,inequality,lorenz,gini,0.5883019899185813,,,,descriptive reproduction quantity,,descriptive,0.579,,0.0093019899185813,1.606561298545999,
2003,trusted,model_test,gompertz_vs_exponential,r2_comparison,delta_r2,0.0362108424537704,,delta_r2,0.0362108424537704,gompertz_free_r2 > exponential_r2,True,supported,,,,,
2003,trusted,table_1,annual_income,descriptive,mean_income_usd,149.36087450742522,,,,descriptive reproduction quantity,,descriptive,122.815,,26.545874507425225,21.61452144072404,
2003,trusted,table_2,gompertz,boundary,x_gmax,7.988967241340482,,gompertz_free_correlation_coefficient,0.9827442886992148,correlation_coefficient >= 0.98,True,supported,7.374,,0.6149672413404828,8.339669668300553,
2003,trusted,table_2,gompertz,free_lsf,A,1.555611301108145,0.01016170545498,gompertz_free_correlation_coefficient,0.9827442886992148,correlation_coefficient >= 0.98,True,supported,1.54,0.01,0.0156113011081449,1.0137208511782403,False
2003,trusted,table_2,gompertz,free_lsf,B,0.3612296875252678,0.0243424776730397,gompertz_free_correlation_coefficient,0.9827442886992148,correlation_coefficient >= 0.98,True,supported,0.33,0.01,0.0312296875252677,9.463541674323569,False
2003,trusted,table_2,gompertz,free_lsf,correlation_coefficient,0.9827442886992148,,gompertz_free_correlation_coefficient,0.9827442886992148,correlation_coefficient >= 0.98,True,supported,0.997,,-0.0142557113007851,-1.4298607122151634,
2003,trusted,table_2,gompertz,population,population_pct,98.88763904511936,,gompertz_free_correlation_coefficient,0.9827442886992148,correlation_coefficient >= 0.98,True,supported,98.8,,0.08763904511936,0.088703486962915,
2003,trusted,table_3,pareto,boundary,x_pmin,7.988967241340482,,pareto_ls_r2,0.9908262257379,pareto_ls_r2 >= 0.98 and selected tail supported,True,supported,7.374,,0.6149672413404828,8.339669668300553,
2003,trusted,table_3,pareto,lsf,alpha,2.9531524685684154,0.0539963037810242,pareto_ls_r2,0.9908262257379,pareto_ls_r2 >= 0.98 and selected tail supported,True,supported,3.18,0.06,-0.2268475314315847,-7.133570170804552,False
2003,trusted,table_3,pareto,lsf,beta,610.5721669447092,113.318919590212,pareto_ls_r2,0.9908262257379,pareto_ls_r2 >= 0.98 and selected tail supported,True,supported,1017.0,227.0,-406.4278330552908,-39.96340541349958,False
2003,trusted,table_3,pareto,lsf,correlation_coefficient,0.995402544570738,,pareto_ls_r2,0.9908262257379,pareto_ls_r2 >= 0.98 and selected tail supported,True,supported,0.996,,-0.000597455429262,-0.0599854848656666,
2003,trusted,table_3,pareto,mle,alpha,2.5377393456340256,0.0746393646400045,pareto_mle_r2,0.916364416526956,finite direct MLE on observations x >= x_t,True,supported,2.78,0.09,-0.2422606543659742,-8.714412027553031,False
2003,trusted,table_3,pareto,mle_continuity,beta,255.93072022271943,39.69618290283651,pareto_mle_r2,0.916364416526956,finite direct MLE on observations x >= x_t,True,supported,387.0,68.0,-131.06927977728057,-33.8680309502017,False
2003,trusted,table_3,pareto,population,population_pct,1.11236095488064,,pareto_ls_r2,0.9908262257379,pareto_ls_r2 >= 0.98 and selected tail supported,True,supported,1.2,,-0.08763904511936,-7.303253759946671,
2003,trusted,table_3,transition,boundary,x_t,7.988967241340482,,pareto_ls_r2,0.9908262257379,descriptive reproduction quantity,,descriptive,7.374,0.0,0.6149672413404828,8.339669668300553,False
2003,trusted,table_4,income_share,gompertz,share_pct,85.74923484000576,,,,descriptive reproduction quantity,,descriptive,85.4,,0.3492348400057494,0.4089400936835473,
2003,trusted,table_4,income_share,pareto,share_pct,14.250765159994245,,,,descriptive reproduction quantity,,descriptive,14.6,,-0.3492348400057548,-2.392019452094211,
2003,trusted,table_4,inequality,lorenz,gini,0.5883019899185813,,,,descriptive reproduction quantity,,descriptive,0.579,,0.0093019899185813,1.606561298545999,
2004,refined,model_test,gompertz_vs_exponential,r2_comparison,delta_r2,-0.0066595994993853,,delta_r2,-0.0066595994993853,gompertz_free_r2 > exponential_r2,False,rejected,,,,,
2004,refined,table_1,annual_income,descriptive,mean_income_usd,166.51175394703677,,,,descriptive reproduction quantity,,descriptive,148.468,,18.043753947036777,12.1532949504518,
2004,refined,table_2,gompertz,boundary,x_gmax,8.29192947397243,,gompertz_free_correlation_coefficient,0.9581800033532448,correlation_coefficient >= 0.98,False,weak,7.653,,0.6389294739724312,8.348745249868434,
2004,refined,table_2,gompertz,free_lsf,A,1.5886829114632903,0.0235169359439619,gompertz_free_correlation_coefficient,0.9581800033532448,correlation_coefficient >= 0.98,False,weak,1.55,0.01,0.0386829114632902,2.49567170730905,False
2004,refined,table_2,gompertz,free_lsf,B,0.4019418270837376,0.0429693089122844,gompertz_free_correlation_coefficient,0.9581800033532448,correlation_coefficient >= 0.98,False,weak,0.34,0.02,0.0619418270837375,18.218184436393404,False
2004,refined,table_2,gompertz,free_lsf,correlation_coefficient,0.9581800033532448,,gompertz_free_correlation_coefficient,0.9581800033532448,correlation_coefficient >= 0.98,False,weak,0.993,,-0.034819996646755,-3.5065454830569043,
2004,refined,table_2,gompertz,population,population_pct,98.96618782908617,,gompertz_free_correlation_coefficient,0.9581800033532448,correlation_coefficient >= 0.98,False,weak,98.9,,0.0661878290861608,0.0669239930092627,
2004,refined,table_3,pareto,boundary,x_pmin,8.29192947397243,,pareto_ls_r2,0.9949197389324222,pareto_ls_r2 >= 0.98 and selected tail supported,True,supported,7.653,,0.6389294739724312,8.348745249868434,
2004,refined,table_3,pareto,lsf,alpha,2.645936218717713,0.0365635588653033,pareto_ls_r2,0.9949197389324222,pareto_ls_r2 >= 0.98 and selected tail supported,True,supported,3.89,0.31,-1.244063781282287,-31.98107406895339,False
2004,refined,table_3,pareto,lsf,beta,278.0960524090911,32.06642841206601,pareto_ls_r2,0.9949197389324222,pareto_ls_r2 >= 0.98 and selected tail supported,True,supported,5793.0,19036.0,-5514.9039475909085,-95.1994467044866,True
2004,refined,table_3,pareto,lsf,correlation_coefficient,0.9974566351137388,,pareto_ls_r2,0.9949197389324222,pareto_ls_r2 >= 0.98 and selected tail supported,True,supported,0.962,,0.0354566351137388,3.685720905794061,
2004,refined,table_3,pareto,mle,alpha,2.573640001430336,0.0766970097098867,pareto_mle_r2,0.9797963464618754,finite direct MLE on observations x >= x_t,True,supported,3.1,0.23,-0.5263599985696641,-16.979354792569808,False
2004,refined,table_3,pareto,mle_continuity,beta,278.3240738480201,45.15414463189951,pareto_mle_r2,0.9797963464618754,finite direct MLE on observations x >= x_t,True,supported,785.0,364.0,-506.6759261519799,-64.54470396840509,False
2004,refined,table_3,pareto,population,population_pct,1.0338121709138277,,pareto_ls_r2,0.9949197389324222,pareto_ls_r2 >= 0.98 and selected tail supported,True,supported,1.1,,-0.0661878290861723,-6.017075371470216,
2004,refined,table_3,transition,boundary,x_t,8.29192947397243,,pareto_ls_r2,0.9949197389324222,descriptive reproduction quantity,,descriptive,7.653,0.0,0.6389294739724312,8.348745249868434,False
2004,refined,table_4,income_share,gompertz,share_pct,86.13984885395026,,,,descriptive reproduction quantity,,descriptive,87.3,,-1.160151146049742,-1.3289245659218123,
2004,refined,table_4,income_share,pareto,share_pct,13.860151146049745,,,,descriptive reproduction quantity,,descriptive,12.7,,1.1601511460497456,9.135048394092486,
2004,refined,table_4,inequality,lorenz,gini,0.5835216952670556,,,,descriptive reproduction quantity,,descriptive,0.577,,0.0065216952670555,1.130276476092824,
2004,trusted,model_test,gompertz_vs_exponential,r2_comparison,delta_r2,-0.0066595994993853,,delta_r2,-0.0066595994993853,gompertz_free_r2 > exponential_r2,False,rejected,,,,,
2004,trusted,table_1,annual_income,descriptive,mean_income_usd,166.51175394703677,,,,descriptive reproduction quantity,,descriptive,148.468,,18.043753947036777,12.1532949504518,
2004,trusted,table_2,gompertz,boundary,x_gmax,8.29192947397243,,gompertz_free_correlation_coefficient,0.9581800033532448,correlation_coefficient >= 0.98,False,weak,7.653,,0.6389294739724312,8.348745249868434,
2004,trusted,table_2,gompertz,free_lsf,A,1.5886829114632903,0.0235169359439619,gompertz_free_correlation_coefficient,0.9581800033532448,correlation_coefficient >= 0.98,False,weak,1.55,0.01,0.0386829114632902,2.49567170730905,False
2004,trusted,table_2,gompertz,free_lsf,B,0.4019418270837376,0.0429693089122844,gompertz_free_correlation_coefficient,0.9581800033532448,correlation_coefficient >= 0.98,False,weak,0.34,0.02,0.0619418270837375,18.218184436393404,False
2004,trusted,table_2,gompertz,free_lsf,correlation_coefficient,0.9581800033532448,,gompertz_free_correlation_coefficient,0.9581800033532448,correlation_coefficient >= 0.98,False,weak,0.993,,-0.034819996646755,-3.5065454830569043,
2004,trusted,table_2,gompertz,population,population_pct,98.96618782908617,,gompertz_free_correlation_coefficient,0.9581800033532448,correlation_coefficient >= 0.98,False,weak,98.9,,0.0661878290861608,0.0669239930092627,
2004,trusted,table_3,pareto,boundary,x_pmin,8.29192947397243,,pareto_ls_r2,0.9949197389324222,pareto_ls_r2 >= 0.98 and selected tail supported,True,supported,7.653,,0.6389294739724312,8.348745249868434,
2004,trusted,table_3,pareto,lsf,alpha,2.645936218717713,0.0365635588653033,pareto_ls_r2,0.9949197389324222,pareto_ls_r2 >= 0.98 and selected tail supported,True,supported,3.89,0.31,-1.244063781282287,-31.98107406895339,False
2004,trusted,table_3,pareto,lsf,beta,278.0960524090911,32.06642841206601,pareto_ls_r2,0.9949197389324222,pareto_ls_r2 >= 0.98 and selected tail supported,True,supported,5793.0,19036.0,-5514.9039475909085,-95.1994467044866,True
2004,trusted,table_3,pareto,lsf,correlation_coefficient,0.9974566351137388,,pareto_ls_r2,0.9949197389324222,pareto_ls_r2 >= 0.98 and selected tail supported,True,supported,0.962,,0.0354566351137388,3.685720905794061,
2004,trusted,table_3,pareto,mle,alpha,2.573640001430336,0.0766970097098867,pareto_mle_r2,0.9797963464618754,finite direct MLE on observations x >= x_t,True,supported,3.1,0.23,-0.5263599985696641,-16.979354792569808,False
2004,trusted,table_3,pareto,mle_continuity,beta,278.3240738480201,45.15414463189951,pareto_mle_r2,0.9797963464618754,finite direct MLE on observations x >= x_t,True,supported,785.0,364.0,-506.6759261519799,-64.54470396840509,False
2004,trusted,table_3,pareto,population,population_pct,1.0338121709138277,,pareto_ls_r2,0.9949197389324222,pareto_ls_r2 >= 0.98 and selected tail supported,True,supported,1.1,,-0.0661878290861723,-6.017075371470216,
2004,trusted,table_3,transition,boundary,x_t,8.29192947397243,,pareto_ls_r2,0.9949197389324222,descriptive reproduction quantity,,descriptive,7.653,0.0,0.6389294739724312,8.348745249868434,False
2004,trusted,table_4,income_share,gompertz,share_pct,86.13984885395026,,,,descriptive reproduction quantity,,descriptive,87.3,,-1.160151146049742,-1.3289245659218123,
2004,trusted,table_4,income_share,pareto,share_pct,13.860151146049745,,,,descriptive reproduction quantity,,descriptive,12.7,,1.1601511460497456,9.135048394092486,
2004,trusted,table_4,inequality,lorenz,gini,0.5835216952670556,,,,descriptive reproduction quantity,,descriptive,0.577,,0.0065216952670555,1.130276476092824,
2005,refined,model_test,gompertz_vs_exponential,r2_comparison,delta_r2,0.0580726009044524,,delta_r2,0.0580726009044524,gompertz_free_r2 > exponential_r2,True,supported,,,,,
2005,refined,table_1,annual_income,descriptive,mean_income_usd,232.72709389661185,,,,descriptive reproduction quantity,,descriptive,221.787,,10.940093896611842,4.932702952207227,
2005,refined,table_2,gompertz,boundary,x_gmax,7.475625354864691,,gompertz_free_correlation_coefficient,0.99384293981407,correlation_coefficient >= 0.98,True,supported,7.403,,0.0726253548646918,0.98102600114402,
2005,refined,table_2,gompertz,free_lsf,A,1.5477201590388352,0.0063112061331236,gompertz_free_correlation_coefficient,0.99384293981407,correlation_coefficient >= 0.98,True,supported,1.54,0.01,0.0077201590388351,0.5013090284957897,True
2005,refined,table_2,gompertz,free_lsf,B,0.3434116097002069,0.0129914225802071,gompertz_free_correlation_coefficient,0.99384293981407,correlation_coefficient >= 0.98,True,supported,0.33,0.01,0.0134116097002068,4.064124151577843,False
2005,refined,table_2,gompertz,free_lsf,correlation_coefficient,0.99384293981407,,gompertz_free_correlation_coefficient,0.99384293981407,correlation_coefficient >= 0.98,True,supported,0.997,,-0.0031570601859299,-0.3166559865526562,
2005,refined,table_2,gompertz,population,population_pct,98.73370807338316,,gompertz_free_correlation_coefficient,0.99384293981407,correlation_coefficient >= 0.98,True,supported,98.8,,-0.0662919266168415,-0.067097091717451,
2005,refined,table_3,pareto,boundary,x_pmin,7.475625354864691,,pareto_ls_r2,0.9953284759168548,pareto_ls_r2 >= 0.98 and selected tail supported,True,supported,7.403,,0.0726253548646918,0.98102600114402,
2005,refined,table_3,pareto,lsf,alpha,2.719164043091664,0.0396487227957169,pareto_ls_r2,0.9953284759168548,pareto_ls_r2 >= 0.98 and selected tail supported,True,supported,2.59,0.09,0.1291640430916643,4.98702869079785,False
2005,refined,table_3,pareto,lsf,beta,330.70483797948054,46.29215030813965,pareto_ls_r2,0.9953284759168548,pareto_ls_r2 >= 0.98 and selected tail supported,True,supported,172.7,50.8,158.00483797948056,91.49093108250176,False
2005,refined,table_3,pareto,lsf,correlation_coefficient,0.9976615036758985,,pareto_ls_r2,0.9953284759168548,pareto_ls_r2 >= 0.98 and selected tail supported,True,supported,0.984,,0.0136615036758984,1.3883641947051288,
2005,refined,table_3,pareto,mle,alpha,2.486302246959424,0.0656567288245998,pareto_mle_r2,0.9545485297547436,finite direct MLE on observations x >= x_t,True,supported,2.84,0.11,-0.353697753040576,-12.4541462338231,False
2005,refined,table_3,pareto,mle_continuity,beta,214.67449072919493,28.353822999042485,pareto_mle_r2,0.9545485297547436,finite direct MLE on observations x >= x_t,True,supported,441.0,97.0,-226.32550927080507,-51.32097715891272,False
2005,refined,table_3,pareto,population,population_pct,1.2662919266168386,,pareto_ls_r2,0.9953284759168548,pareto_ls_r2 >= 0.98 and selected tail supported,True,supported,1.2,,0.0662919266168386,5.524327218069892,
2005,refined,table_3,transition,boundary,x_t,7.475625354864691,,pareto_ls_r2,0.9953284759168548,descriptive reproduction quantity,,descriptive,7.403,0.0,0.0726253548646918,0.98102600114402,False
2005,refined,table_4,income_share,gompertz,share_pct,84.48891766310027,,,,descriptive reproduction quantity,,descriptive,86.2,,-1.711082336899736,-1.9850143119486492,
2005,refined,table_4,income_share,pareto,share_pct,15.511082336899731,,,,descriptive reproduction quantity,,descriptive,13.8,,1.7110823368997323,12.39914736883864,
2005,refined,table_4,inequality,lorenz,gini,0.5795971476217483,,,,descriptive reproduction quantity,,descriptive,0.58,,-0.0004028523782516,-0.069457306595114,
2005,trusted,model_test,gompertz_vs_exponential,r2_comparison,delta_r2,0.0580726009044524,,delta_r2,0.0580726009044524,gompertz_free_r2 > exponential_r2,True,supported,,,,,
2005,trusted,table_1,annual_income,descriptive,mean_income_usd,232.72709389661185,,,,descriptive reproduction quantity,,descriptive,221.787,,10.940093896611842,4.932702952207227,
2005,trusted,table_2,gompertz,boundary,x_gmax,7.475625354864691,,gompertz_free_correlation_coefficient,0.99384293981407,correlation_coefficient >= 0.98,True,supported,7.403,,0.0726253548646918,0.98102600114402,
2005,trusted,table_2,gompertz,free_lsf,A,1.5477201590388352,0.0063112061331236,gompertz_free_correlation_coefficient,0.99384293981407,correlation_coefficient >= 0.98,True,supported,1.54,0.01,0.0077201590388351,0.5013090284957897,True
2005,trusted,table_2,gompertz,free_lsf,B,0.3434116097002069,0.0129914225802071,gompertz_free_correlation_coefficient,0.99384293981407,correlation_coefficient >= 0.98,True,supported,0.33,0.01,0.0134116097002068,4.064124151577843,False
2005,trusted,table_2,gompertz,free_lsf,correlation_coefficient,0.99384293981407,,gompertz_free_correlation_coefficient,0.99384293981407,correlation_coefficient >= 0.98,True,supported,0.997,,-0.0031570601859299,-0.3166559865526562,
2005,trusted,table_2,gompertz,population,population_pct,98.73370807338316,,gompertz_free_correlation_coefficient,0.99384293981407,correlation_coefficient >= 0.98,True,supported,98.8,,-0.0662919266168415,-0.067097091717451,
2005,trusted,table_3,pareto,boundary,x_pmin,7.475625354864691,,pareto_ls_r2,0.9953284759168548,pareto_ls_r2 >= 0.98 and selected tail supported,True,supported,7.403,,0.0726253548646918,0.98102600114402,
2005,trusted,table_3,pareto,lsf,alpha,2.719164043091664,0.0396487227957169,pareto_ls_r2,0.9953284759168548,pareto_ls_r2 >= 0.98 and selected tail supported,True,supported,2.59,0.09,0.1291640430916643,4.98702869079785,False
2005,trusted,table_3,pareto,lsf,beta,330.70483797948054,46.29215030813965,pareto_ls_r2,0.9953284759168548,pareto_ls_r2 >= 0.98 and selected tail supported,True,supported,172.7,50.8,158.00483797948056,91.49093108250176,False
2005,trusted,table_3,pareto,lsf,correlation_coefficient,0.9976615036758985,,pareto_ls_r2,0.9953284759168548,pareto_ls_r2 >= 0.98 and selected tail supported,True,supported,0.984,,0.0136615036758984,1.3883641947051288,
2005,trusted,table_3,pareto,mle,alpha,2.486302246959424,0.0656567288245998,pareto_mle_r2,0.9545485297547436,finite direct MLE on observations x >= x_t,True,supported,2.84,0.11,-0.353697753040576,-12.4541462338231,False
2005,trusted,table_3,pareto,mle_continuity,beta,214.67449072919493,28.353822999042485,pareto_mle_r2,0.9545485297547436,finite direct MLE on observations x >= x_t,True,supported,441.0,97.0,-226.32550927080507,-51.32097715891272,False
2005,trusted,table_3,pareto,population,population_pct,1.2662919266168386,,pareto_ls_r2,0.9953284759168548,pareto_ls_r2 >= 0.98 and selected tail supported,True,supported,1.2,,0.0662919266168386,5.524327218069892,
2005,trusted,table_3,transition,boundary,x_t,7.475625354864691,,pareto_ls_r2,0.9953284759168548,descriptive reproduction quantity,,descriptive,7.403,0.0,0.0726253548646918,0.98102600114402,False
2005,trusted,table_4,income_share,gompertz,share_pct,84.48891766310027,,,,descriptive reproduction quantity,,descriptive,86.2,,-1.711082336899736,-1.9850143119486492,
2005,trusted,table_4,income_share,pareto,share_pct,15.511082336899731,,,,descriptive reproduction quantity,,descriptive,13.8,,1.7110823368997323,12.39914736883864,
2005,trusted,table_4,inequality,lorenz,gini,0.5795971476217483,,,,descriptive reproduction quantity,,descriptive,0.58,,-0.0004028523782516,-0.069457306595114,
2006,refined,model_test,gompertz_vs_exponential,r2_comparison,delta_r2,-0.0502844312374802,,delta_r2,-0.0502844312374802,gompertz_free_r2 > exponential_r2,False,rejected,,,,,
2006,refined,table_1,annual_income,descriptive,mean_income_usd,273.6810418855517,,,,descriptive reproduction quantity,,descriptive,,,,,
2006,refined,table_2,gompertz,boundary,x_gmax,8.137758270021328,,gompertz_free_correlation_coefficient,0.9361922554234744,correlation_coefficient >= 0.98,False,weak,,,,,
2006,refined,table_2,gompertz,free_lsf,A,1.599618372080252,0.0305023453175293,gompertz_free_correlation_coefficient,0.9361922554234744,correlation_coefficient >= 0.98,False,weak,,,,,
2006,refined,table_2,gompertz,free_lsf,B,0.4231159357741781,0.0579578064433795,gompertz_free_correlation_coefficient,0.9361922554234744,correlation_coefficient >= 0.98,False,weak,,,,,
2006,refined,table_2,gompertz,free_lsf,correlation_coefficient,0.9361922554234744,,gompertz_free_correlation_coefficient,0.9361922554234744,correlation_coefficient >= 0.98,False,weak,,,,,
2006,refined,table_2,gompertz,population,population_pct,98.98375394869302,,gompertz_free_correlation_coefficient,0.9361922554234744,correlation_coefficient >= 0.98,False,weak,,,,,
2006,refined,table_3,pareto,boundary,x_pmin,8.137758270021328,,pareto_ls_r2,0.9855772669228956,pareto_ls_r2 >= 0.98 and selected tail supported,True,supported,,,,,
2006,refined,table_3,pareto,lsf,alpha,2.4936061600345814,0.0619172833026757,pareto_ls_r2,0.9855772669228956,pareto_ls_r2 >= 0.98 and selected tail supported,True,supported,,,,,
2006,refined,table_3,pareto,lsf,beta,165.47881893996916,32.1051505409846,pareto_ls_r2,0.9855772669228956,pareto_ls_r2 >= 0.98 and selected tail supported,True,supported,,,,,
2006,refined,table_3,pareto,lsf,correlation_coefficient,0.9927624423410142,,pareto_ls_r2,0.9855772669228956,pareto_ls_r2 >= 0.98 and selected tail supported,True,supported,,,,,
2006,refined,table_3,pareto,mle,alpha,2.549367027223952,0.0745313993361566,pareto_mle_r2,0.9759651970852776,finite direct MLE on observations x >= x_t,True,supported,,,,,
2006,refined,table_3,pareto,mle_continuity,beta,248.08718438687995,38.76515516735677,pareto_mle_r2,0.9759651970852776,finite direct MLE on observations x >= x_t,True,supported,,,,,
2006,refined,table_3,pareto,population,population_pct,1.016246051306974,,pareto_ls_r2,0.9855772669228956,pareto_ls_r2 >= 0.98 and selected tail supported,True,supported,,,,,
2006,refined,table_3,transition,boundary,x_t,8.137758270021328,,pareto_ls_r2,0.9855772669228956,descriptive reproduction quantity,,descriptive,,,,,
2006,refined,table_4,income_share,gompertz,share_pct,86.56334029979217,,,,descriptive reproduction quantity,,descriptive,,,,,
2006,refined,table_4,income_share,pareto,share_pct,13.436659700207828,,,,descriptive reproduction quantity,,descriptive,,,,,
2006,refined,table_4,inequality,lorenz,gini,0.5716294678824336,,,,descriptive reproduction quantity,,descriptive,,,,,
2006,trusted,model_test,gompertz_vs_exponential,r2_comparison,delta_r2,0.0505417428671255,,delta_r2,0.0505417428671255,gompertz_free_r2 > exponential_r2,True,supported,,,,,
2006,trusted,table_1,annual_income,descriptive,mean_income_usd,273.2832454306189,,,,descriptive reproduction quantity,,descriptive,,,,,
2006,trusted,table_2,gompertz,boundary,x_gmax,7.4087306824125,,gompertz_free_correlation_coefficient,0.9910322733691824,correlation_coefficient >= 0.98,True,supported,,,,,
2006,trusted,table_2,gompertz,free_lsf,A,1.5524467445906045,0.0082770761398689,gompertz_free_correlation_coefficient,0.9910322733691824,correlation_coefficient >= 0.98,True,supported,,,,,
2006,trusted,table_2,gompertz,free_lsf,B,0.3516518810433491,0.0169426788833068,gompertz_free_correlation_coefficient,0.9910322733691824,correlation_coefficient >= 0.98,True,supported,,,,,
2006,trusted,table_2,gompertz,free_lsf,correlation_coefficient,0.9910322733691824,,gompertz_free_correlation_coefficient,0.9910322733691824,correlation_coefficient >= 0.98,True,supported,,,,,
2006,trusted,table_2,gompertz,population,population_pct,98.78761054266796,,gompertz_free_correlation_coefficient,0.9910322733691824,correlation_coefficient >= 0.98,True,supported,,,,,
2006,trusted,table_3,pareto,boundary,x_pmin,7.4087306824125,,pareto_ls_r2,0.9948595995538532,pareto_ls_r2 >= 0.98 and selected tail supported,True,supported,,,,,
2006,trusted,table_3,pareto,lsf,alpha,2.720648125644068,0.0486479524146299,pareto_ls_r2,0.9948595995538532,pareto_ls_r2 >= 0.98 and selected tail supported,True,supported,,,,,
2006,trusted,table_3,pareto,lsf,beta,310.1919454161237,51.44653873660285,pareto_ls_r2,0.9948595995538532,pareto_ls_r2 >= 0.98 and selected tail supported,True,supported,,,,,
2006,trusted,table_3,pareto,lsf,correlation_coefficient,0.9974264882956804,,pareto_ls_r2,0.9948595995538532,pareto_ls_r2 >= 0.98 and selected tail supported,True,supported,,,,,
2006,trusted,table_3,pareto,mle,alpha,2.4188490341666817,0.0647389935559114,pareto_mle_r2,0.9267371192860868,finite direct MLE on observations x >= x_t,True,supported,,,,,
2006,trusted,table_3,pareto,mle_continuity,beta,181.4828342518473,23.529274196694622,pareto_mle_r2,0.9267371192860868,finite direct MLE on observations x >= x_t,True,supported,,,,,
2006,trusted,table_3,pareto,population,population_pct,1.2123894573320488,,pareto_ls_r2,0.9948595995538532,pareto_ls_r2 >= 0.98 and selected tail supported,True,supported,,,,,
2006,trusted,table_3,transition,boundary,x_t,7.4087306824125,,pareto_ls_r2,0.9948595995538532,descriptive reproduction quantity,,descriptive,,,,,
2006,trusted,table_4,income_share,gompertz,share_pct,85.1660852034998,,,,descriptive reproduction quantity,,descriptive,,,,,
2006,trusted,table_4,income_share,pareto,share_pct,14.833914796500196,,,,descriptive reproduction quantity,,descriptive,,,,,
2006,trusted,table_4,inequality,lorenz,gini,0.5710157172380892,,,,descriptive reproduction quantity,,descriptive,,,,,
2007,refined,model_test,gompertz_vs_exponential,r2_comparison,delta_r2,0.0442226869064589,,delta_r2,0.0442226869064589,gompertz_free_r2 > exponential_r2,True,supported,,,,,
2007,refined,table_1,annual_income,descriptive,mean_income_usd,336.2410442683789,,,,descriptive reproduction quantity,,descriptive,,,,,
2007,refined,table_2,gompertz,boundary,x_gmax,7.561989889673862,,gompertz_free_correlation_coefficient,0.987927473773563,correlation_coefficient >= 0.98,True,supported,,,,,
2007,refined,table_2,gompertz,free_lsf,A,1.561571717812681,0.0098378586763936,gompertz_free_correlation_coefficient,0.987927473773563,correlation_coefficient >= 0.98,True,supported,,,,,
2007,refined,table_2,gompertz,free_lsf,B,0.3682625679823327,0.0203480443638672,gompertz_free_correlation_coefficient,0.987927473773563,correlation_coefficient >= 0.98,True,supported,,,,,
2007,refined,table_2,gompertz,free_lsf,correlation_coefficient,0.987927473773563,,gompertz_free_correlation_coefficient,0.987927473773563,correlation_coefficient >= 0.98,True,supported,,,,,
2007,refined,table_2,gompertz,population,population_pct,98.84385405534309,,gompertz_free_correlation_coefficient,0.987927473773563,correlation_coefficient >= 0.98,True,supported,,,,,
2007,refined,table_3,pareto,boundary,x_pmin,7.561989889673862,,pareto_ls_r2,0.9953648978972988,pareto_ls_r2 >= 0.98 and selected tail supported,True,supported,,,,,
2007,refined,table_3,pareto,lsf,alpha,2.7680763424074595,0.0659981665469707,pareto_ls_r2,0.9953648978972988,pareto_ls_r2 >= 0.98 and selected tail supported,True,supported,,,,,
2007,refined,table_3,pareto,lsf,beta,363.8105866549157,88.9165862177783,pareto_ls_r2,0.9953648978972988,pareto_ls_r2 >= 0.98 and selected tail supported,True,supported,,,,,
2007,refined,table_3,pareto,lsf,correlation_coefficient,0.9976797571852898,,pareto_ls_r2,0.9953648978972988,pareto_ls_r2 >= 0.98 and selected tail supported,True,supported,,,,,
2007,refined,table_3,pareto,mle,alpha,2.4983016736591765,0.0690781789632708,pareto_mle_r2,0.9463356657036353,finite direct MLE on observations x >= x_t,True,supported,,,,,
2007,refined,table_3,pareto,mle_continuity,beta,212.3008832211264,29.66999061560965,pareto_mle_r2,0.9463356657036353,finite direct MLE on observations x >= x_t,True,supported,,,,,
2007,refined,table_3,pareto,population,population_pct,1.15614594465691,,pareto_ls_r2,0.9953648978972988,pareto_ls_r2 >= 0.98 and selected tail supported,True,supported,,,,,
2007,refined,table_3,transition,boundary,x_t,7.561989889673862,,pareto_ls_r2,0.9953648978972988,descriptive reproduction quantity,,descriptive,,,,,
2007,refined,table_4,income_share,gompertz,share_pct,85.69564613046532,,,,descriptive reproduction quantity,,descriptive,,,,,
2007,refined,table_4,income_share,pareto,share_pct,14.30435386953468,,,,descriptive reproduction quantity,,descriptive,,,,,
2007,refined,table_4,inequality,lorenz,gini,0.5668787248530293,,,,descriptive reproduction quantity,,descriptive,,,,,
2007,trusted,model_test,gompertz_vs_exponential,r2_comparison,delta_r2,0.0442226869064589,,delta_r2,0.0442226869064589,gompertz_free_r2 > exponential_r2,True,supported,,,,,
2007,trusted,table_1,annual_income,descriptive,mean_income_usd,336.2410442683789,,,,descriptive reproduction quantity,,descriptive,,,,,
2007,trusted,table_2,gompertz,boundary,x_gmax,7.561989889673862,,gompertz_free_correlation_coefficient,0.987927473773563,correlation_coefficient >= 0.98,True,supported,,,,,
2007,trusted,table_2,gompertz,free_lsf,A,1.561571717812681,0.0098378586763936,gompertz_free_correlation_coefficient,0.987927473773563,correlation_coefficient >= 0.98,True,supported,,,,,
2007,trusted,table_2,gompertz,free_lsf,B,0.3682625679823327,0.0203480443638672,gompertz_free_correlation_coefficient,0.987927473773563,correlation_coefficient >= 0.98,True,supported,,,,,
2007,trusted,table_2,gompertz,free_lsf,correlation_coefficient,0.987927473773563,,gompertz_free_correlation_coefficient,0.987927473773563,correlation_coefficient >= 0.98,True,supported,,,,,
2007,trusted,table_2,gompertz,population,population_pct,98.84385405534309,,gompertz_free_correlation_coefficient,0.987927473773563,correlation_coefficient >= 0.98,True,supported,,,,,
2007,trusted,table_3,pareto,boundary,x_pmin,7.561989889673862,,pareto_ls_r2,0.9953648978972988,pareto_ls_r2 >= 0.98 and selected tail supported,True,supported,,,,,
2007,trusted,table_3,pareto,lsf,alpha,2.7680763424074595,0.0659981665469707,pareto_ls_r2,0.9953648978972988,pareto_ls_r2 >= 0.98 and selected tail supported,True,supported,,,,,
2007,trusted,table_3,pareto,lsf,beta,363.8105866549157,88.9165862177783,pareto_ls_r2,0.9953648978972988,pareto_ls_r2 >= 0.98 and selected tail supported,True,supported,,,,,
2007,trusted,table_3,pareto,lsf,correlation_coefficient,0.9976797571852898,,pareto_ls_r2,0.9953648978972988,pareto_ls_r2 >= 0.98 and selected tail supported,True,supported,,,,,
2007,trusted,table_3,pareto,mle,alpha,2.4983016736591765,0.0690781789632708,pareto_mle_r2,0.9463356657036353,finite direct MLE on observations x >= x_t,True,supported,,,,,
2007,trusted,table_3,pareto,mle_continuity,beta,212.3008832211264,29.66999061560965,pareto_mle_r2,0.9463356657036353,finite direct MLE on observations x >= x_t,True,supported,,,,,
2007,trusted,table_3,pareto,population,population_pct,1.15614594465691,,pareto_ls_r2,0.9953648978972988,pareto_ls_r2 >= 0.98 and selected tail supported,True,supported,,,,,
2007,trusted,table_3,transition,boundary,x_t,7.561989889673862,,pareto_ls_r2,0.9953648978972988,descriptive reproduction quantity,,descriptive,,,,,
2007,trusted,table_4,income_share,gompertz,share_pct,85.69564613046532,,,,descriptive reproduction quantity,,descriptive,,,,,
2007,trusted,table_4,income_share,pareto,share_pct,14.30435386953468,,,,descriptive reproduction quantity,,descriptive,,,,,
2007,trusted,table_4,inequality,lorenz,gini,0.5668787248530293,,,,descriptive reproduction quantity,,descriptive,,,,,
2008,refined,model_test,gompertz_vs_exponential,r2_comparison,delta_r2,0.0091440847427061,,delta_r2,0.0091440847427061,gompertz_free_r2 > exponential_r2,True,supported,,,,,
2008,refined,table_1,annual_income,descriptive,mean_income_usd,399.5807424559713,,,,descriptive reproduction quantity,,descriptive,,,,,
2008,refined,table_2,gompertz,boundary,x_gmax,7.583022241382891,,gompertz_free_correlation_coefficient,0.9703931284045418,correlation_coefficient >= 0.98,False,weak,,,,,
2008,refined,table_2,gompertz,free_lsf,A,1.5778398564924128,0.0192647265801593,gompertz_free_correlation_coefficient,0.9703931284045418,correlation_coefficient >= 0.98,False,weak,,,,,
2008,refined,table_2,gompertz,free_lsf,B,0.3982760553035808,0.0357176794839292,gompertz_free_correlation_coefficient,0.9703931284045418,correlation_coefficient >= 0.98,False,weak,,,,,
2008,refined,table_2,gompertz,free_lsf,correlation_coefficient,0.9703931284045418,,gompertz_free_correlation_coefficient,0.9703931284045418,correlation_coefficient >= 0.98,False,weak,,,,,
2008,refined,table_2,gompertz,population,population_pct,98.93594475743072,,gompertz_free_correlation_coefficient,0.9703931284045418,correlation_coefficient >= 0.98,False,weak,,,,,
2008,refined,table_3,pareto,boundary,x_pmin,7.583022241382891,,pareto_ls_r2,0.9874267536579238,pareto_ls_r2 >= 0.98 and selected tail supported,True,supported,,,,,
2008,refined,table_3,pareto,lsf,alpha,2.4378397590901204,0.0617406584938108,pareto_ls_r2,0.9874267536579238,pareto_ls_r2 >= 0.98 and selected tail supported,True,supported,,,,,
2008,refined,table_3,pareto,lsf,beta,141.9256831691038,26.97112026730308,pareto_ls_r2,0.9874267536579238,pareto_ls_r2 >= 0.98 and selected tail supported,True,supported,,,,,
2008,refined,table_3,pareto,lsf,correlation_coefficient,0.9936934907998158,,pareto_ls_r2,0.9874267536579238,pareto_ls_r2 >= 0.98 and selected tail supported,True,supported,,,,,
2008,refined,table_3,pareto,mle,alpha,2.4048923170267744,0.0693078204912946,pareto_mle_r2,0.970576792973242,finite direct MLE on observations x >= x_t,True,supported,,,,,
2008,refined,table_3,pareto,mle_continuity,beta,167.2693641277894,23.486547947672605,pareto_mle_r2,0.970576792973242,finite direct MLE on observations x >= x_t,True,supported,,,,,
2008,refined,table_3,pareto,population,population_pct,1.064055242569274,,pareto_ls_r2,0.9874267536579238,pareto_ls_r2 >= 0.98 and selected tail supported,True,supported,,,,,
2008,refined,table_3,transition,boundary,x_t,7.583022241382891,,pareto_ls_r2,0.9874267536579238,descriptive reproduction quantity,,descriptive,,,,,
2008,refined,table_4,income_share,gompertz,share_pct,86.38060474258788,,,,descriptive reproduction quantity,,descriptive,,,,,
2008,refined,table_4,income_share,pareto,share_pct,13.619395257412124,,,,descriptive reproduction quantity,,descriptive,,,,,
2008,refined,table_4,inequality,lorenz,gini,0.5606321190512241,,,,descriptive reproduction quantity,,descriptive,,,,,
2008,trusted,model_test,gompertz_vs_exponential,r2_comparison,delta_r2,0.0084512968694846,,delta_r2,0.0084512968694846,gompertz_free_r2 > exponential_r2,True,supported,,,,,
2008,trusted,table_1,annual_income,descriptive,mean_income_usd,398.848239694476,,,,descriptive reproduction quantity,,descriptive,,,,,
2008,trusted,table_2,gompertz,boundary,x_gmax,7.59694880336684,,gompertz_free_correlation_coefficient,0.970050814102546,correlation_coefficient >= 0.98,False,weak,,,,,
2008,trusted,table_2,gompertz,free_lsf,A,1.5781042212894432,0.0194061893034349,gompertz_free_correlation_coefficient,0.970050814102546,correlation_coefficient >= 0.98,False,weak,,,,,
2008,trusted,table_2,gompertz,free_lsf,B,0.3980154222336966,0.0359153198354716,gompertz_free_correlation_coefficient,0.970050814102546,correlation_coefficient >= 0.98,False,weak,,,,,
2008,trusted,table_2,gompertz,free_lsf,correlation_coefficient,0.970050814102546,,gompertz_free_correlation_coefficient,0.970050814102546,correlation_coefficient >= 0.98,False,weak,,,,,
2008,trusted,table_2,gompertz,population,population_pct,98.93681840257848,,gompertz_free_correlation_coefficient,0.970050814102546,correlation_coefficient >= 0.98,False,weak,,,,,
2008,trusted,table_3,pareto,boundary,x_pmin,7.59694880336684,,pareto_ls_r2,0.9973574616843904,pareto_ls_r2 >= 0.98 and selected tail supported,True,supported,,,,,
2008,trusted,table_3,pareto,lsf,alpha,2.7322200933508114,0.0427379369900138,pareto_ls_r2,0.9973574616843904,pareto_ls_r2 >= 0.98 and selected tail supported,True,supported,,,,,
2008,trusted,table_3,pareto,lsf,beta,325.0216973043529,60.83444698186966,pareto_ls_r2,0.9973574616843904,pareto_ls_r2 >= 0.98 and selected tail supported,True,supported,,,,,
2008,trusted,table_3,pareto,lsf,correlation_coefficient,0.9986778568108888,,pareto_ls_r2,0.9973574616843904,pareto_ls_r2 >= 0.98 and selected tail supported,True,supported,,,,,
2008,trusted,table_3,pareto,mle,alpha,2.4188974356433475,0.0697404091010045,pareto_mle_r2,0.9312256438809948,finite direct MLE on observations x >= x_t,True,supported,,,,,
2008,trusted,table_3,pareto,mle_continuity,beta,172.7179926862776,24.425067610430624,pareto_mle_r2,0.9312256438809948,finite direct MLE on observations x >= x_t,True,supported,,,,,
2008,trusted,table_3,pareto,population,population_pct,1.0631815974215195,,pareto_ls_r2,0.9973574616843904,pareto_ls_r2 >= 0.98 and selected tail supported,True,supported,,,,,
2008,trusted,table_3,transition,boundary,x_t,7.59694880336684,,pareto_ls_r2,0.9973574616843904,descriptive reproduction quantity,,descriptive,,,,,
2008,trusted,table_4,income_share,gompertz,share_pct,86.5400107920966,,,,descriptive reproduction quantity,,descriptive,,,,,
2008,trusted,table_4,income_share,pareto,share_pct,13.459989207903403,,,,descriptive reproduction quantity,,descriptive,,,,,
2008,trusted,table_4,inequality,lorenz,gini,0.5598349140987711,,,,descriptive reproduction quantity,,descriptive,,,,,
2009,refined,model_test,gompertz_vs_exponential,r2_comparison,delta_r2,-0.0115354976970329,,delta_r2,-0.0115354976970329,gompertz_free_r2 > exponential_r2,False,rejected,,,,,
2009,refined,table_1,annual_income,descriptive,mean_income_usd,423.95920622848894,,,,descriptive reproduction quantity,,descriptive,,,,,
2009,refined,table_2,gompertz,boundary,x_gmax,7.5750694401889955,,gompertz_free_correlation_coefficient,0.9615749399910576,correlation_coefficient >= 0.98,False,weak,,,,,
2009,refined,table_2,gompertz,free_lsf,A,1.5911220471341934,0.021217256440159,gompertz_free_correlation_coefficient,0.9615749399910576,correlation_coefficient >= 0.98,False,weak,,,,,
2009,refined,table_2,gompertz,free_lsf,B,0.4142882375461025,0.0436584529683634,gompertz_free_correlation_coefficient,0.9615749399910576,correlation_coefficient >= 0.98,False,weak,,,,,
2009,refined,table_2,gompertz,free_lsf,correlation_coefficient,0.9615749399910576,,gompertz_free_correlation_coefficient,0.9615749399910576,correlation_coefficient >= 0.98,False,weak,,,,,
2009,refined,table_2,gompertz,population,population_pct,98.95268584017488,,gompertz_free_correlation_coefficient,0.9615749399910576,correlation_coefficient >= 0.98,False,weak,,,,,
2009,refined,table_3,pareto,boundary,x_pmin,7.5750694401889955,,pareto_ls_r2,0.992619324611407,pareto_ls_r2 >= 0.98 and selected tail supported,True,supported,,,,,
2009,refined,table_3,pareto,lsf,alpha,2.5231159110849246,0.0382241075473564,pareto_ls_r2,0.992619324611407,pareto_ls_r2 >= 0.98 and selected tail supported,True,supported,,,,,
2009,refined,table_3,pareto,lsf,beta,168.59579493967658,18.85733015327003,pareto_ls_r2,0.992619324611407,pareto_ls_r2 >= 0.98 and selected tail supported,True,supported,,,,,
2009,refined,table_3,pareto,lsf,correlation_coefficient,0.9963028277644338,,pareto_ls_r2,0.992619324611407,pareto_ls_r2 >= 0.98 and selected tail supported,True,supported,,,,,
2009,refined,table_3,pareto,mle,alpha,2.4524042691549486,0.0703274919025978,pareto_mle_r2,0.9721555684775968,finite direct MLE on observations x >= x_t,True,supported,,,,,
2009,refined,table_3,pareto,mle_continuity,beta,179.7102633460054,25.591370911389028,pareto_mle_r2,0.9721555684775968,finite direct MLE on observations x >= x_t,True,supported,,,,,
2009,refined,table_3,pareto,population,population_pct,1.047314159825132,,pareto_ls_r2,0.992619324611407,pareto_ls_r2 >= 0.98 and selected tail supported,True,supported,,,,,
2009,refined,table_3,transition,boundary,x_t,7.5750694401889955,,pareto_ls_r2,0.992619324611407,descriptive reproduction quantity,,descriptive,,,,,
2009,refined,table_4,income_share,gompertz,share_pct,86.84711182857939,,,,descriptive reproduction quantity,,descriptive,,,,,
2009,refined,table_4,income_share,pareto,share_pct,13.152888171420614,,,,descriptive reproduction quantity,,descriptive,,,,,
2009,refined,table_4,inequality,lorenz,gini,0.5559048100990898,,,,descriptive reproduction quantity,,descriptive,,,,,
2009,trusted,model_test,gompertz_vs_exponential,r2_comparison,delta_r2,-0.0115354976970329,,delta_r2,-0.0115354976970329,gompertz_free_r2 > exponential_r2,False,rejected,,,,,
2009,trusted,table_1,annual_income,descriptive,mean_income_usd,423.95920622848894,,,,descriptive reproduction quantity,,descriptive,,,,,
2009,trusted,table_2,gompertz,boundary,x_gmax,7.5750694401889955,,gompertz_free_correlation_coefficient,0.9615749399910576,correlation_coefficient >= 0.98,False,weak,,,,,
2009,trusted,table_2,gompertz,free_lsf,A,1.5911220471341934,0.021217256440159,gompertz_free_correlation_coefficient,0.9615749399910576,correlation_coefficient >= 0.98,False,weak,,,,,
2009,trusted,table_2,gompertz,free_lsf,B,0.4142882375461025,0.0436584529683634,gompertz_free_correlation_coefficient,0.9615749399910576,correlation_coefficient >= 0.98,False,weak,,,,,
2009,trusted,table_2,gompertz,free_lsf,correlation_coefficient,0.9615749399910576,,gompertz_free_correlation_coefficient,0.9615749399910576,correlation_coefficient >= 0.98,False,weak,,,,,
2009,trusted,table_2,gompertz,population,population_pct,98.95268584017488,,gompertz_free_correlation_coefficient,0.9615749399910576,correlation_coefficient >= 0.98,False,weak,,,,,
2009,trusted,table_3,pareto,boundary,x_pmin,7.5750694401889955,,pareto_ls_r2,0.992619324611407,pareto_ls_r2 >= 0.98 and selected tail supported,True,supported,,,,,
2009,trusted,table_3,pareto,lsf,alpha,2.5231159110849246,0.0382241075473564,pareto_ls_r2,0.992619324611407,pareto_ls_r2 >= 0.98 and selected tail supported,True,supported,,,,,
2009,trusted,table_3,pareto,lsf,beta,168.59579493967658,18.85733015327003,pareto_ls_r2,0.992619324611407,pareto_ls_r2 >= 0.98 and selected tail supported,True,supported,,,,,
2009,trusted,table_3,pareto,lsf,correlation_coefficient,0.9963028277644338,,pareto_ls_r2,0.992619324611407,pareto_ls_r2 >= 0.98 and selected tail supported,True,supported,,,,,
2009,trusted,table_3,pareto,mle,alpha,2.4524042691549486,0.0703274919025978,pareto_mle_r2,0.9721555684775968,finite direct MLE on observations x >= x_t,True,supported,,,,,
2009,trusted,table_3,pareto,mle_continuity,beta,179.7102633460054,25.591370911389028,pareto_mle_r2,0.9721555684775968,finite direct MLE on observations x >= x_t,True,supported,,,,,
2009,trusted,table_3,pareto,population,population_pct,1.047314159825132,,pareto_ls_r2,0.992619324611407,pareto_ls_r2 >= 0.98 and selected tail supported,True,supported,,,,,
2009,trusted,table_3,transition,boundary,x_t,7.5750694401889955,,pareto_ls_r2,0.992619324611407,descriptive reproduction quantity,,descriptive,,,,,
2009,trusted,table_4,income_share,gompertz,share_pct,86.84711182857939,,,,descriptive reproduction quantity,,descriptive,,,,,
2009,trusted,table_4,income_share,pareto,share_pct,13.152888171420614,,,,descriptive reproduction quantity,,descriptive,,,,,
2009,trusted,table_4,inequality,lorenz,gini,0.5559048100990898,,,,descriptive reproduction quantity,,descriptive,,,,,
2011,refined,model_test,gompertz_vs_exponential,r2_comparison,delta_r2,0.0357226666620493,,delta_r2,0.0357226666620493,gompertz_free_r2 > exponential_r2,True,supported,,,,,
2011,refined,table_1,annual_income,descriptive,mean_income_usd,523.0758695323985,,,,descriptive reproduction quantity,,descriptive,,,,,
2011,refined,table_2,gompertz,boundary,x_gmax,7.023829110994125,,gompertz_free_correlation_coefficient,0.9882278473061183,correlation_coefficient >= 0.98,True,supported,,,,,
2011,refined,table_2,gompertz,free_lsf,A,1.5675434524899852,0.0091639363224342,gompertz_free_correlation_coefficient,0.9882278473061183,correlation_coefficient >= 0.98,True,supported,,,,,
2011,refined,table_2,gompertz,free_lsf,B,0.3804502288714771,0.0206670063769915,gompertz_free_correlation_coefficient,0.9882278473061183,correlation_coefficient >= 0.98,True,supported,,,,,
2011,refined,table_2,gompertz,free_lsf,correlation_coefficient,0.9882278473061183,,gompertz_free_correlation_coefficient,0.9882278473061183,correlation_coefficient >= 0.98,True,supported,,,,,
2011,refined,table_2,gompertz,population,population_pct,98.815116101436,,gompertz_free_correlation_coefficient,0.9882278473061183,correlation_coefficient >= 0.98,True,supported,,,,,
2011,refined,table_3,pareto,boundary,x_pmin,7.023829110994125,,pareto_ls_r2,0.9893967681690792,pareto_ls_r2 >= 0.98 and selected tail supported,True,supported,,,,,
2011,refined,table_3,pareto,lsf,alpha,2.559885405854699,0.0478795084241637,pareto_ls_r2,0.9893967681690792,pareto_ls_r2 >= 0.98 and selected tail supported,True,supported,,,,,
2011,refined,table_3,pareto,lsf,beta,162.55265686171236,23.58904571108468,pareto_ls_r2,0.9893967681690792,pareto_ls_r2 >= 0.98 and selected tail supported,True,supported,,,,,
2011,refined,table_3,pareto,lsf,correlation_coefficient,0.9946842555148238,,pareto_ls_r2,0.9893967681690792,pareto_ls_r2 >= 0.98 and selected tail supported,True,supported,,,,,
2011,refined,table_3,pareto,mle,alpha,2.450517447324005,0.0695899966188567,pareto_mle_r2,0.9600451923744922,finite direct MLE on observations x >= x_t,True,supported,,,,,
2011,refined,table_3,pareto,mle_continuity,beta,167.41728666517784,22.710552348724928,pareto_mle_r2,0.9600451923744922,finite direct MLE on observations x >= x_t,True,supported,,,,,
2011,refined,table_3,pareto,population,population_pct,1.1848838985640089,,pareto_ls_r2,0.9893967681690792,pareto_ls_r2 >= 0.98 and selected tail supported,True,supported,,,,,
2011,refined,table_3,transition,boundary,x_t,7.023829110994125,,pareto_ls_r2,0.9893967681690792,descriptive reproduction quantity,,descriptive,,,,,
2011,refined,table_4,income_share,gompertz,share_pct,86.3139371399931,,,,descriptive reproduction quantity,,descriptive,,,,,
2011,refined,table_4,income_share,pareto,share_pct,13.6860628600069,,,,descriptive reproduction quantity,,descriptive,,,,,
2011,refined,table_4,inequality,lorenz,gini,0.5433294349758191,,,,descriptive reproduction quantity,,descriptive,,,,,
2011,trusted,model_test,gompertz_vs_exponential,r2_comparison,delta_r2,0.0355292155750818,,delta_r2,0.0355292155750818,gompertz_free_r2 > exponential_r2,True,supported,,,,,
2011,trusted,table_1,annual_income,descriptive,mean_income_usd,522.398792530848,,,,descriptive reproduction quantity,,descriptive,,,,,
2011,trusted,table_2,gompertz,boundary,x_gmax,7.032932641135984,,gompertz_free_correlation_coefficient,0.9881431716980532,correlation_coefficient >= 0.98,True,supported,,,,,
2011,trusted,table_2,gompertz,free_lsf,A,1.5676632031998554,0.0092043490224044,gompertz_free_correlation_coefficient,0.9881431716980532,correlation_coefficient >= 0.98,True,supported,,,,,
2011,trusted,table_2,gompertz,free_lsf,B,0.3801974922234482,0.0207326087248644,gompertz_free_correlation_coefficient,0.9881431716980532,correlation_coefficient >= 0.98,True,supported,,,,,
2011,trusted,table_2,gompertz,free_lsf,correlation_coefficient,0.9881431716980532,,gompertz_free_correlation_coefficient,0.9881431716980532,correlation_coefficient >= 0.98,True,supported,,,,,
2011,trusted,table_2,gompertz,population,population_pct,98.81605957893731,,gompertz_free_correlation_coefficient,0.9881431716980532,correlation_coefficient >= 0.98,True,supported,,,,,
2011,trusted,table_3,pareto,boundary,x_pmin,7.032932641135984,,pareto_ls_r2,0.9971395617622328,pareto_ls_r2 >= 0.98 and selected tail supported,True,supported,,,,,
2011,trusted,table_3,pareto,lsf,alpha,2.7881884708841604,0.0340394220241433,pareto_ls_r2,0.9971395617622328,pareto_ls_r2 >= 0.98 and selected tail supported,True,supported,,,,,
2011,trusted,table_3,pareto,lsf,beta,299.371685869108,35.22476341175639,pareto_ls_r2,0.9971395617622328,pareto_ls_r2 >= 0.98 and selected tail supported,True,supported,,,,,
2011,trusted,table_3,pareto,lsf,correlation_coefficient,0.9985687566523564,,pareto_ls_r2,0.9971395617622328,pareto_ls_r2 >= 0.98 and selected tail supported,True,supported,,,,,
2011,trusted,table_3,pareto,mle,alpha,2.4629753157158816,0.0699719963618501,pareto_mle_r2,0.9256640839251872,finite direct MLE on observations x >= x_t,True,supported,,,,,
2011,trusted,table_3,pareto,mle_continuity,beta,171.99462981124748,23.475141215217867,pareto_mle_r2,0.9256640839251872,finite direct MLE on observations x >= x_t,True,supported,,,,,
2011,trusted,table_3,pareto,population,population_pct,1.183940421062682,,pareto_ls_r2,0.9971395617622328,pareto_ls_r2 >= 0.98 and selected tail supported,True,supported,,,,,
2011,trusted,table_3,transition,boundary,x_t,7.032932641135984,,pareto_ls_r2,0.9971395617622328,descriptive reproduction quantity,,descriptive,,,,,
2011,trusted,table_4,income_share,gompertz,share_pct,86.42663314642412,,,,descriptive reproduction quantity,,descriptive,,,,,
2011,trusted,table_4,income_share,pareto,share_pct,13.573366853575877,,,,descriptive reproduction quantity,,descriptive,,,,,
2011,trusted,table_4,inequality,lorenz,gini,0.5427476870177501,,,,descriptive reproduction quantity,,descriptive,,,,,
2012,refined,model_test,gompertz_vs_exponential,r2_comparison,delta_r2,0.0098328016068566,,delta_r2,0.0098328016068566,gompertz_free_r2 > exponential_r2,True,supported,,,,,
2012,refined,table_1,annual_income,descriptive,mean_income_usd,513.6876775103871,,,,descriptive reproduction quantity,,descriptive,,,,,
2012,refined,table_2,gompertz,boundary,x_gmax,6.78783390498434,,gompertz_free_correlation_coefficient,0.9782134735172966,correlation_coefficient >= 0.98,False,weak,,,,,
2012,refined,table_2,gompertz,free_lsf,A,1.5799485474366477,0.01345212367604,gompertz_free_correlation_coefficient,0.9782134735172966,correlation_coefficient >= 0.98,False,weak,,,,,
2012,refined,table_2,gompertz,free_lsf,B,0.4098960791860551,0.0315084077903472,gompertz_free_correlation_coefficient,0.9782134735172966,correlation_coefficient >= 0.98,False,weak,,,,,
2012,refined,table_2,gompertz,free_lsf,correlation_coefficient,0.9782134735172966,,gompertz_free_correlation_coefficient,0.9782134735172966,correlation_coefficient >= 0.98,False,weak,,,,,
2012,refined,table_2,gompertz,population,population_pct,98.88184936230472,,gompertz_free_correlation_coefficient,0.9782134735172966,correlation_coefficient >= 0.98,False,weak,,,,,
2012,refined,table_3,pareto,boundary,x_pmin,6.78783390498434,,pareto_ls_r2,0.9675490289878674,pareto_ls_r2 >= 0.98 and selected tail supported,False,fallback,,,,,
2012,refined,table_3,pareto,lsf,alpha,1.889736743787943,0.0705127225108196,pareto_ls_r2,0.9675490289878674,pareto_ls_r2 >= 0.98 and selected tail supported,False,fallback,,,,,
2012,refined,table_3,pareto,lsf,beta,29.20204425290889,5.940626054002758,pareto_ls_r2,0.9675490289878674,pareto_ls_r2 >= 0.98 and selected tail supported,False,fallback,,,,,
2012,refined,table_3,pareto,lsf,correlation_coefficient,0.9836407011647432,,pareto_ls_r2,0.9675490289878674,pareto_ls_r2 >= 0.98 and selected tail supported,False,fallback,,,,,
2012,refined,table_3,pareto,mle,alpha,2.244601076165799,0.064394812202021,pareto_mle_r2,0.9167115367853804,finite direct MLE on observations x >= x_t,True,supported,,,,,
2012,refined,table_3,pareto,mle_continuity,beta,100.87964718567598,12.44093786363586,pareto_mle_r2,0.9167115367853804,finite direct MLE on observations x >= x_t,True,supported,,,,,
2012,refined,table_3,pareto,population,population_pct,1.1181506376952857,,pareto_ls_r2,0.9675490289878674,pareto_ls_r2 >= 0.98 and selected tail supported,False,fallback,,,,,
2012,refined,table_3,transition,boundary,x_t,6.78783390498434,,pareto_ls_r2,0.9675490289878674,descriptive reproduction quantity,,descriptive,,,,,
2012,refined,table_4,income_share,gompertz,share_pct,86.15610334869736,,,,descriptive reproduction quantity,,descriptive,,,,,
2012,refined,table_4,income_share,pareto,share_pct,13.843896651302645,,,,descriptive reproduction quantity,,descriptive,,,,,
2012,refined,table_4,inequality,lorenz,gini,0.5401214311993621,,,,descriptive reproduction quantity,,descriptive,,,,,
2012,trusted,model_test,gompertz_vs_exponential,r2_comparison,delta_r2,0.0072277515594084,,delta_r2,0.0072277515594084,gompertz_free_r2 > exponential_r2,True,supported,,,,,
2012,trusted,table_1,annual_income,descriptive,mean_income_usd,508.1920533099375,,,,descriptive reproduction quantity,,descriptive,,,,,
2012,trusted,table_2,gompertz,boundary,x_gmax,6.86123801280913,,gompertz_free_correlation_coefficient,0.9769701146439808,correlation_coefficient >= 0.98,False,weak,,,,,
2012,trusted,table_2,gompertz,free_lsf,A,1.5811247020872976,0.0139308681014122,gompertz_free_correlation_coefficient,0.9769701146439808,correlation_coefficient >= 0.98,False,weak,,,,,
2012,trusted,table_2,gompertz,free_lsf,B,0.4078523349829396,0.0322977047199915,gompertz_free_correlation_coefficient,0.9769701146439808,correlation_coefficient >= 0.98,False,weak,,,,,
2012,trusted,table_2,gompertz,free_lsf,correlation_coefficient,0.9769701146439808,,gompertz_free_correlation_coefficient,0.9769701146439808,correlation_coefficient >= 0.98,False,weak,,,,,
2012,trusted,table_2,gompertz,population,population_pct,98.88821452218052,,gompertz_free_correlation_coefficient,0.9769701146439808,correlation_coefficient >= 0.98,False,weak,,,,,
2012,trusted,table_3,pareto,boundary,x_pmin,6.86123801280913,,pareto_ls_r2,0.9955133060516128,pareto_ls_r2 >= 0.98 and selected tail supported,True,supported,,,,,
2012,trusted,table_3,pareto,lsf,alpha,2.6797899471949647,0.0586938477569515,pareto_ls_r2,0.9955133060516128,pareto_ls_r2 >= 0.98 and selected tail supported,True,supported,,,,,
2012,trusted,table_3,pareto,lsf,beta,230.2564072084456,43.40392364053688,pareto_ls_r2,0.9955133060516128,pareto_ls_r2 >= 0.98 and selected tail supported,True,supported,,,,,
2012,trusted,table_3,pareto,lsf,correlation_coefficient,0.9977541310621636,,pareto_ls_r2,0.9955133060516128,pareto_ls_r2 >= 0.98 and selected tail supported,True,supported,,,,,
2012,trusted,table_3,pareto,mle,alpha,2.327834824759444,0.0669758980081644,pareto_mle_r2,0.9139861711240814,finite direct MLE on observations x >= x_t,True,supported,,,,,
2012,trusted,table_3,pareto,mle_continuity,beta,120.78872710505152,15.58030492593991,pareto_mle_r2,0.9139861711240814,finite direct MLE on observations x >= x_t,True,supported,,,,,
2012,trusted,table_3,pareto,population,population_pct,1.1117854778194658,,pareto_ls_r2,0.9955133060516128,pareto_ls_r2 >= 0.98 and selected tail supported,True,supported,,,,,
2012,trusted,table_3,transition,boundary,x_t,6.86123801280913,,pareto_ls_r2,0.9955133060516128,descriptive reproduction quantity,,descriptive,,,,,
2012,trusted,table_4,income_share,gompertz,share_pct,87.09340740185641,,,,descriptive reproduction quantity,,descriptive,,,,,
2012,trusted,table_4,income_share,pareto,share_pct,12.90659259814359,,,,descriptive reproduction quantity,,descriptive,,,,,
2012,trusted,table_4,inequality,lorenz,gini,0.5352162393011409,,,,descriptive reproduction quantity,,descriptive,,,,,
2013,refined,model_test,gompertz_vs_exponential,r2_comparison,delta_r2,0.0370594360394659,,delta_r2,0.0370594360394659,gompertz_free_r2 > exponential_r2,True,supported,,,,,
2013,refined,table_1,annual_income,descriptive,mean_income_usd,498.4004617735257,,,,descriptive reproduction quantity,,descriptive,,,,,
2013,refined,table_2,gompertz,boundary,x_gmax,6.874046452162832,,gompertz_free_correlation_coefficient,0.9906535004888598,correlation_coefficient >= 0.98,True,supported,,,,,
2013,refined,table_2,gompertz,free_lsf,A,1.5668512251190387,0.0077424848322959,gompertz_free_correlation_coefficient,0.9906535004888598,correlation_coefficient >= 0.98,True,supported,,,,,
2013,refined,table_2,gompertz,free_lsf,B,0.3816868014217772,0.0185942671251822,gompertz_free_correlation_coefficient,0.9906535004888598,correlation_coefficient >= 0.98,True,supported,,,,,
2013,refined,table_2,gompertz,free_lsf,correlation_coefficient,0.9906535004888598,,gompertz_free_correlation_coefficient,0.9906535004888598,correlation_coefficient >= 0.98,True,supported,,,,,
2013,refined,table_2,gompertz,population,population_pct,98.77829218106996,,gompertz_free_correlation_coefficient,0.9906535004888598,correlation_coefficient >= 0.98,True,supported,,,,,
2013,refined,table_3,pareto,boundary,x_pmin,6.874046452162832,,pareto_ls_r2,0.994649147222878,pareto_ls_r2 >= 0.98 and selected tail supported,True,supported,,,,,
2013,refined,table_3,pareto,lsf,alpha,2.6710596130596254,0.0488409625603806,pareto_ls_r2,0.994649147222878,pareto_ls_r2 >= 0.98 and selected tail supported,True,supported,,,,,
2013,refined,table_3,pareto,lsf,beta,208.41955765171485,27.43130415872546,pareto_ls_r2,0.994649147222878,pareto_ls_r2 >= 0.98 and selected tail supported,True,supported,,,,,
2013,refined,table_3,pareto,lsf,correlation_coefficient,0.9973209850508902,,pareto_ls_r2,0.994649147222878,pareto_ls_r2 >= 0.98 and selected tail supported,True,supported,,,,,
2013,refined,table_3,pareto,mle,alpha,2.6118322718975944,0.071644469378564,pareto_mle_r2,0.9774978626488616,finite direct MLE on observations x >= x_t,True,supported,,,,,
2013,refined,table_3,pareto,mle_continuity,beta,220.3557404677898,30.43395628838806,pareto_mle_r2,0.9774978626488616,finite direct MLE on observations x >= x_t,True,supported,,,,,
2013,refined,table_3,pareto,population,population_pct,1.2217078189300412,,pareto_ls_r2,0.994649147222878,pareto_ls_r2 >= 0.98 and selected tail supported,True,supported,,,,,
2013,refined,table_3,transition,boundary,x_t,6.874046452162832,,pareto_ls_r2,0.994649147222878,descriptive reproduction quantity,,descriptive,,,,,
2013,refined,table_4,income_share,gompertz,share_pct,86.60743269827107,,,,descriptive reproduction quantity,,descriptive,,,,,
2013,refined,table_4,income_share,pareto,share_pct,13.392567301728931,,,,descriptive reproduction quantity,,descriptive,,,,,
2013,refined,table_4,inequality,lorenz,gini,0.5363271946845327,,,,descriptive reproduction quantity,,descriptive,,,,,
2013,trusted,model_test,gompertz_vs_exponential,r2_comparison,delta_r2,0.0370594360394659,,delta_r2,0.0370594360394659,gompertz_free_r2 > exponential_r2,True,supported,,,,,
2013,trusted,table_1,annual_income,descriptive,mean_income_usd,498.4004617735257,,,,descriptive reproduction quantity,,descriptive,,,,,
2013,trusted,table_2,gompertz,boundary,x_gmax,6.874046452162832,,gompertz_free_correlation_coefficient,0.9906535004888598,correlation_coefficient >= 0.98,True,supported,,,,,
2013,trusted,table_2,gompertz,free_lsf,A,1.5668512251190387,0.0077424848322959,gompertz_free_correlation_coefficient,0.9906535004888598,correlation_coefficient >= 0.98,True,supported,,,,,
2013,trusted,table_2,gompertz,free_lsf,B,0.3816868014217772,0.0185942671251822,gompertz_free_correlation_coefficient,0.9906535004888598,correlation_coefficient >= 0.98,True,supported,,,,,
2013,trusted,table_2,gompertz,free_lsf,correlation_coefficient,0.9906535004888598,,gompertz_free_correlation_coefficient,0.9906535004888598,correlation_coefficient >= 0.98,True,supported,,,,,
2013,trusted,table_2,gompertz,population,population_pct,98.77829218106996,,gompertz_free_correlation_coefficient,0.9906535004888598,correlation_coefficient >= 0.98,True,supported,,,,,
2013,trusted,table_3,pareto,boundary,x_pmin,6.874046452162832,,pareto_ls_r2,0.994649147222878,pareto_ls_r2 >= 0.98 and selected tail supported,True,supported,,,,,
2013,trusted,table_3,pareto,lsf,alpha,2.6710596130596254,0.0488409625603806,pareto_ls_r2,0.994649147222878,pareto_ls_r2 >= 0.98 and selected tail supported,True,supported,,,,,
2013,trusted,table_3,pareto,lsf,beta,208.41955765171485,27.43130415872546,pareto_ls_r2,0.994649147222878,pareto_ls_r2 >= 0.98 and selected tail supported,True,supported,,,,,
2013,trusted,table_3,pareto,lsf,correlation_coefficient,0.9973209850508902,,pareto_ls_r2,0.994649147222878,pareto_ls_r2 >= 0.98 and selected tail supported,True,supported,,,,,
2013,trusted,table_3,pareto,mle,alpha,2.6118322718975944,0.071644469378564,pareto_mle_r2,0.9774978626488616,finite direct MLE on observations x >= x_t,True,supported,,,,,
2013,trusted,table_3,pareto,mle_continuity,beta,220.3557404677898,30.43395628838806,pareto_mle_r2,0.9774978626488616,finite direct MLE on observations x >= x_t,True,supported,,,,,
2013,trusted,table_3,pareto,population,population_pct,1.2217078189300412,,pareto_ls_r2,0.994649147222878,pareto_ls_r2 >= 0.98 and selected tail supported,True,supported,,,,,
2013,trusted,table_3,transition,boundary,x_t,6.874046452162832,,pareto_ls_r2,0.994649147222878,descriptive reproduction quantity,,descriptive,,,,,
2013,trusted,table_4,income_share,gompertz,share_pct,86.60743269827107,,,,descriptive reproduction quantity,,descriptive,,,,,
2013,trusted,table_4,income_share,pareto,share_pct,13.392567301728931,,,,descriptive reproduction quantity,,descriptive,,,,,
2013,trusted,table_4,inequality,lorenz,gini,0.5363271946845327,,,,descriptive reproduction quantity,,descriptive,,,,,
2014,refined,model_test,gompertz_vs_exponential,r2_comparison,delta_r2,0.0167021233286364,,delta_r2,0.0167021233286364,gompertz_free_r2 > exponential_r2,True,supported,,,,,
2014,refined,table_1,annual_income,descriptive,mean_income_usd,528.9462970299539,,,,descriptive reproduction quantity,,descriptive,,,,,
2014,refined,table_2,gompertz,boundary,x_gmax,6.934216319838362,,gompertz_free_correlation_coefficient,0.9812474695075,correlation_coefficient >= 0.98,True,supported,,,,,
2014,refined,table_2,gompertz,free_lsf,A,1.577618754600044,0.0118260294086958,gompertz_free_correlation_coefficient,0.9812474695075,correlation_coefficient >= 0.98,True,supported,,,,,
2014,refined,table_2,gompertz,free_lsf,B,0.4047554600567312,0.0283790904094703,gompertz_free_correlation_coefficient,0.9812474695075,correlation_coefficient >= 0.98,True,supported,,,,,
2014,refined,table_2,gompertz,free_lsf,correlation_coefficient,0.9812474695075,,gompertz_free_correlation_coefficient,0.9812474695075,correlation_coefficient >= 0.98,True,supported,,,,,
2014,refined,table_2,gompertz,population,population_pct,98.87779129719272,,gompertz_free_correlation_coefficient,0.9812474695075,correlation_coefficient >= 0.98,True,supported,,,,,
2014,refined,table_3,pareto,boundary,x_pmin,6.934216319838362,,pareto_ls_r2,0.9530158708231165,pareto_ls_r2 >= 0.98 and selected tail supported,False,fallback,,,,,
2014,refined,table_3,pareto,lsf,alpha,2.374721488741133,0.1100454287463013,pareto_ls_r2,0.9530158708231165,pareto_ls_r2 >= 0.98 and selected tail supported,False,fallback,,,,,
2014,refined,table_3,pareto,lsf,beta,81.89621741135025,20.479567678661464,pareto_ls_r2,0.9530158708231165,pareto_ls_r2 >= 0.98 and selected tail supported,False,fallback,,,,,
2014,refined,table_3,pareto,lsf,correlation_coefficient,0.9762253176511642,,pareto_ls_r2,0.9530158708231165,pareto_ls_r2 >= 0.98 and selected tail supported,False,fallback,,,,,
2014,refined,table_3,pareto,mle,alpha,2.5220158412745253,0.0704649443273269,pareto_mle_r2,0.9260057093871468,finite direct MLE on observations x >= x_t,True,supported,,,,,
2014,refined,table_3,pareto,mle_continuity,beta,179.4831475694265,24.491034197990025,pareto_mle_r2,0.9260057093871468,finite direct MLE on observations x >= x_t,True,supported,,,,,
2014,refined,table_3,pareto,population,population_pct,1.1222087028072725,,pareto_ls_r2,0.9530158708231165,pareto_ls_r2 >= 0.98 and selected tail supported,False,fallback,,,,,
2014,refined,table_3,transition,boundary,x_t,6.934216319838362,,pareto_ls_r2,0.9530158708231165,descriptive reproduction quantity,,descriptive,,,,,
2014,refined,table_4,income_share,gompertz,share_pct,87.30346337074751,,,,descriptive reproduction quantity,,descriptive,,,,,
2014,refined,table_4,income_share,pareto,share_pct,12.696536629252492,,,,descriptive reproduction quantity,,descriptive,,,,,
2014,refined,table_4,inequality,lorenz,gini,0.5259931339361601,,,,descriptive reproduction quantity,,descriptive,,,,,
2014,trusted,model_test,gompertz_vs_exponential,r2_comparison,delta_r2,0.0163939401923861,,delta_r2,0.0163939401923861,gompertz_free_r2 > exponential_r2,True,supported,,,,,
2014,trusted,table_1,annual_income,descriptive,mean_income_usd,527.7081776952435,,,,descriptive reproduction quantity,,descriptive,,,,,
2014,trusted,table_2,gompertz,boundary,x_gmax,6.950485514934318,,gompertz_free_correlation_coefficient,0.9811025883361412,correlation_coefficient >= 0.98,True,supported,,,,,
2014,trusted,table_2,gompertz,free_lsf,A,1.5777645691434676,0.0118825716275232,gompertz_free_correlation_coefficient,0.9811025883361412,correlation_coefficient >= 0.98,True,supported,,,,,
2014,trusted,table_2,gompertz,free_lsf,B,0.4041110970588775,0.0284509984198125,gompertz_free_correlation_coefficient,0.9811025883361412,correlation_coefficient >= 0.98,True,supported,,,,,
2014,trusted,table_2,gompertz,free_lsf,correlation_coefficient,0.9811025883361412,,gompertz_free_correlation_coefficient,0.9811025883361412,correlation_coefficient >= 0.98,True,supported,,,,,
2014,trusted,table_2,gompertz,population,population_pct,98.87865683923036,,gompertz_free_correlation_coefficient,0.9811025883361412,correlation_coefficient >= 0.98,True,supported,,,,,
2014,trusted,table_3,pareto,boundary,x_pmin,6.950485514934318,,pareto_ls_r2,0.9949902443878412,pareto_ls_r2 >= 0.98 and selected tail supported,True,supported,,,,,
2014,trusted,table_3,pareto,lsf,alpha,2.881560676475032,0.0490804631548385,pareto_ls_r2,0.9949902443878412,pareto_ls_r2 >= 0.98 and selected tail supported,True,supported,,,,,
2014,trusted,table_3,pareto,lsf,beta,337.44272770853263,46.27550500263678,pareto_ls_r2,0.9949902443878412,pareto_ls_r2 >= 0.98 and selected tail supported,True,supported,,,,,
2014,trusted,table_3,pareto,lsf,correlation_coefficient,0.9974919771044984,,pareto_ls_r2,0.9949902443878412,pareto_ls_r2 >= 0.98 and selected tail supported,True,supported,,,,,
2014,trusted,table_3,pareto,mle,alpha,2.538304816397212,0.0709477548457397,pareto_mle_r2,0.9280563810413864,finite direct MLE on observations x >= x_t,True,supported,,,,,
2014,trusted,table_3,pareto,mle_continuity,beta,186.2357609969125,25.617534224710496,pareto_mle_r2,0.9280563810413864,finite direct MLE on observations x >= x_t,True,supported,,,,,
2014,trusted,table_3,pareto,population,population_pct,1.1213431607696214,,pareto_ls_r2,0.9949902443878412,pareto_ls_r2 >= 0.98 and selected tail supported,True,supported,,,,,
2014,trusted,table_3,transition,boundary,x_t,6.950485514934318,,pareto_ls_r2,0.9949902443878412,descriptive reproduction quantity,,descriptive,,,,,
2014,trusted,table_4,income_share,gompertz,share_pct,87.5090624958359,,,,descriptive reproduction quantity,,descriptive,,,,,
2014,trusted,table_4,income_share,pareto,share_pct,12.490937504164094,,,,descriptive reproduction quantity,,descriptive,,,,,
2014,trusted,table_4,inequality,lorenz,gini,0.5248901286181102,,,,descriptive reproduction quantity,,descriptive,,,,,
2015,refined,model_test,gompertz_vs_exponential,r2_comparison,delta_r2,0.0369028148671174,,delta_r2,0.0369028148671174,gompertz_free_r2 > exponential_r2,True,supported,,,,,
2015,refined,table_1,annual_income,descriptive,mean_income_usd,321.8984107253761,,,,descriptive reproduction quantity,,descriptive,,,,,
2015,refined,table_2,gompertz,boundary,x_gmax,6.731204508147656,,gompertz_free_correlation_coefficient,0.9900659487526062,correlation_coefficient >= 0.98,True,supported,,,,,
2015,refined,table_2,gompertz,free_lsf,A,1.567841874248928,0.0102883206436026,gompertz_free_correlation_coefficient,0.9900659487526062,correlation_coefficient >= 0.98,True,supported,,,,,
2015,refined,table_2,gompertz,free_lsf,B,0.384669109089362,0.0195336567468261,gompertz_free_correlation_coefficient,0.9900659487526062,correlation_coefficient >= 0.98,True,supported,,,,,
2015,refined,table_2,gompertz,free_lsf,correlation_coefficient,0.9900659487526062,,gompertz_free_correlation_coefficient,0.9900659487526062,correlation_coefficient >= 0.98,True,supported,,,,,
2015,refined,table_2,gompertz,population,population_pct,99.94692929415962,,gompertz_free_correlation_coefficient,0.9900659487526062,correlation_coefficient >= 0.98,True,supported,,,,,
2015,refined,table_3,pareto,boundary,x_pmin,34.022673168642875,,pareto_ls_r2,0.9812191475374712,pareto_ls_r2 >= 0.98 and selected tail supported,True,supported,,,,,
2015,refined,table_3,pareto,lsf,alpha,1.5661632405659829,0.1239558477546858,pareto_ls_r2,0.9812191475374712,pareto_ls_r2 >= 0.98 and selected tail supported,True,supported,,,,,
2015,refined,table_3,pareto,lsf,beta,1.5181594632801756,1.2201528160473116,pareto_ls_r2,0.9812191475374712,pareto_ls_r2 >= 0.98 and selected tail supported,True,supported,,,,,
2015,refined,table_3,pareto,lsf,correlation_coefficient,0.9905650647673132,,pareto_ls_r2,0.9812191475374712,pareto_ls_r2 >= 0.98 and selected tail supported,True,supported,,,,,
2015,refined,table_3,pareto,mle,alpha,3.510728865211774,0.4531722414458646,pareto_mle_r2,-3.337721644773918,finite direct MLE on observations x >= x_t,True,supported,,,,,
2015,refined,table_3,pareto,mle_continuity,beta,39539.32155242876,54012.45819978417,pareto_mle_r2,-3.337721644773918,finite direct MLE on observations x >= x_t,True,supported,,,,,
2015,refined,table_3,pareto,population,population_pct,0.0530707058403876,,pareto_ls_r2,0.9812191475374712,pareto_ls_r2 >= 0.98 and selected tail supported,True,supported,,,,,
2015,refined,table_3,transition,boundary,x_t,20.376938838395265,,pareto_ls_r2,0.9812191475374712,descriptive reproduction quantity,,descriptive,,,,,
2015,refined,table_4,income_share,gompertz,share_pct,98.4591961314718,,,,descriptive reproduction quantity,,descriptive,,,,,
2015,refined,table_4,income_share,pareto,share_pct,1.5408038685281866,,,,descriptive reproduction quantity,,descriptive,,,,,
2015,refined,table_4,inequality,lorenz,gini,0.5234182113695935,,,,descriptive reproduction quantity,,descriptive,,,,,
2015,trusted,model_test,gompertz_vs_exponential,r2_comparison,delta_r2,0.0367583813035449,,delta_r2,0.0367583813035449,gompertz_free_r2 > exponential_r2,True,supported,,,,,
2015,trusted,table_1,annual_income,descriptive,mean_income_usd,321.5671453334625,,,,descriptive reproduction quantity,,descriptive,,,,,
2015,trusted,table_2,gompertz,boundary,x_gmax,6.738138721209536,,gompertz_free_correlation_coefficient,0.9900046735982144,correlation_coefficient >= 0.98,True,supported,,,,,
2015,trusted,table_2,gompertz,free_lsf,A,1.5679315138635412,0.0103253867054109,gompertz_free_correlation_coefficient,0.9900046735982144,correlation_coefficient >= 0.98,True,supported,,,,,
2015,trusted,table_2,gompertz,free_lsf,B,0.3844688645344464,0.0195874885465482,gompertz_free_correlation_coefficient,0.9900046735982144,correlation_coefficient >= 0.98,True,supported,,,,,
2015,trusted,table_2,gompertz,free_lsf,correlation_coefficient,0.9900046735982144,,gompertz_free_correlation_coefficient,0.9900046735982144,correlation_coefficient >= 0.98,True,supported,,,,,
2015,trusted,table_2,gompertz,population,population_pct,98.78371324169132,,gompertz_free_correlation_coefficient,0.9900046735982144,correlation_coefficient >= 0.98,True,supported,,,,,
2015,trusted,table_3,pareto,boundary,x_pmin,6.738138721209536,,pareto_ls_r2,0.9867849456189266,pareto_ls_r2 >= 0.98 and selected tail supported,True,supported,,,,,
2015,trusted,table_3,pareto,lsf,alpha,3.2341064206605967,0.0821931491369555,pareto_ls_r2,0.9867849456189266,pareto_ls_r2 >= 0.98 and selected tail supported,True,supported,,,,,
2015,trusted,table_3,pareto,lsf,beta,784.8029437711704,265.2784012669433,pareto_ls_r2,0.9867849456189266,pareto_ls_r2 >= 0.98 and selected tail supported,True,supported,,,,,
2015,trusted,table_3,pareto,lsf,correlation_coefficient,0.9933704976588176,,pareto_ls_r2,0.9867849456189266,pareto_ls_r2 >= 0.98 and selected tail supported,True,supported,,,,,
2015,trusted,table_3,pareto,mle,alpha,2.558701170688906,0.0684575344549474,pareto_mle_r2,0.8410810331877725,finite direct MLE on observations x >= x_t,True,supported,,,,,
2015,trusted,table_3,pareto,mle_continuity,beta,191.4508887263885,25.00390163314701,pareto_mle_r2,0.8410810331877725,finite direct MLE on observations x >= x_t,True,supported,,,,,
2015,trusted,table_3,pareto,population,population_pct,1.2162867583086827,,pareto_ls_r2,0.9867849456189266,pareto_ls_r2 >= 0.98 and selected tail supported,True,supported,,,,,
2015,trusted,table_3,transition,boundary,x_t,6.738138721209536,,pareto_ls_r2,0.9867849456189266,descriptive reproduction quantity,,descriptive,,,,,
2015,trusted,table_4,income_share,gompertz,share_pct,86.99796958004725,,,,descriptive reproduction quantity,,descriptive,,,,,
2015,trusted,table_4,income_share,pareto,share_pct,13.002030419952746,,,,descriptive reproduction quantity,,descriptive,,,,,
2015,trusted,table_4,inequality,lorenz,gini,0.5229362857855651,,,,descriptive reproduction quantity,,descriptive,,,,,
2016,refined,model_test,gompertz_vs_exponential,r2_comparison,delta_r2,-0.0224029622280255,,delta_r2,-0.0224029622280255,gompertz_free_r2 > exponential_r2,False,rejected,,,,,
2016,refined,table_1,annual_income,descriptive,mean_income_usd,545.3153761609155,,,,descriptive reproduction quantity,,descriptive,,,,,
2016,refined,table_2,gompertz,boundary,x_gmax,6.291988037056107,,gompertz_free_correlation_coefficient,0.9648913253506842,correlation_coefficient >= 0.98,False,weak,,,,,
2016,refined,table_2,gompertz,free_lsf,A,1.5996113238607212,0.020585591577663,gompertz_free_correlation_coefficient,0.9648913253506842,correlation_coefficient >= 0.98,False,weak,,,,,
2016,refined,table_2,gompertz,free_lsf,B,0.4577498202064483,0.0439216935263469,gompertz_free_correlation_coefficient,0.9648913253506842,correlation_coefficient >= 0.98,False,weak,,,,,
2016,refined,table_2,gompertz,free_lsf,correlation_coefficient,0.9648913253506842,,gompertz_free_correlation_coefficient,0.9648913253506842,correlation_coefficient >= 0.98,False,weak,,,,,
2016,refined,table_2,gompertz,population,population_pct,98.90251382188796,,gompertz_free_correlation_coefficient,0.9648913253506842,correlation_coefficient >= 0.98,False,weak,,,,,
2016,refined,table_3,pareto,boundary,x_pmin,6.291988037056107,,pareto_ls_r2,0.9881235021067072,pareto_ls_r2 >= 0.98 and selected tail supported,True,supported,,,,,
2016,refined,table_3,pareto,lsf,alpha,3.156133005419333,0.087858546256959,pareto_ls_r2,0.9881235021067072,pareto_ls_r2 >= 0.98 and selected tail supported,True,supported,,,,,
2016,refined,table_3,pareto,lsf,beta,522.7383578611588,202.13309832510336,pareto_ls_r2,0.9881235021067072,pareto_ls_r2 >= 0.98 and selected tail supported,True,supported,,,,,
2016,refined,table_3,pareto,lsf,correlation_coefficient,0.9940440141697484,,pareto_ls_r2,0.9881235021067072,pareto_ls_r2 >= 0.98 and selected tail supported,True,supported,,,,,
2016,refined,table_3,pareto,mle,alpha,2.2761945933851075,0.0453248955764135,pareto_mle_r2,0.7248171630115786,finite direct MLE on observations x >= x_t,True,supported,,,,,
2016,refined,table_3,pareto,mle_continuity,beta,88.52819141666515,7.380156374728686,pareto_mle_r2,0.7248171630115786,finite direct MLE on observations x >= x_t,True,supported,,,,,
2016,refined,table_3,pareto,population,population_pct,1.0974861781120453,,pareto_ls_r2,0.9881235021067072,pareto_ls_r2 >= 0.98 and selected tail supported,True,supported,,,,,
2016,refined,table_3,transition,boundary,x_t,6.291988037056107,,pareto_ls_r2,0.9881235021067072,descriptive reproduction quantity,,descriptive,,,,,
2016,refined,table_4,income_share,gompertz,share_pct,88.5307960531686,,,,descriptive reproduction quantity,,descriptive,,,,,
2016,refined,table_4,income_share,pareto,share_pct,11.4692039468314,,,,descriptive reproduction quantity,,descriptive,,,,,
2016,refined,table_4,inequality,lorenz,gini,0.485711493215849,,,,descriptive reproduction quantity,,descriptive,,,,,
2016,trusted,model_test,gompertz_vs_exponential,r2_comparison,delta_r2,-0.0166392187997396,,delta_r2,-0.0166392187997396,gompertz_free_r2 > exponential_r2,False,rejected,,,,,
2016,trusted,table_1,annual_income,descriptive,mean_income_usd,538.6777742246342,,,,descriptive reproduction quantity,,descriptive,,,,,
2016,trusted,table_2,gompertz,boundary,x_gmax,5.790470983521455,,gompertz_free_correlation_coefficient,0.9703366906940988,correlation_coefficient >= 0.98,False,weak,,,,,
2016,trusted,table_2,gompertz,free_lsf,A,1.5824013039344975,0.0177792825226686,gompertz_free_correlation_coefficient,0.9703366906940988,correlation_coefficient >= 0.98,False,weak,,,,,
2016,trusted,table_2,gompertz,free_lsf,B,0.4207364479641712,0.0397142859093209,gompertz_free_correlation_coefficient,0.9703366906940988,correlation_coefficient >= 0.98,False,weak,,,,,
2016,trusted,table_2,gompertz,free_lsf,correlation_coefficient,0.9703366906940988,,gompertz_free_correlation_coefficient,0.9703366906940988,correlation_coefficient >= 0.98,False,weak,,,,,
2016,trusted,table_2,gompertz,population,population_pct,98.96466635622616,,gompertz_free_correlation_coefficient,0.9703366906940988,correlation_coefficient >= 0.98,False,weak,,,,,
2016,trusted,table_3,pareto,boundary,x_pmin,7.707116879067058,,pareto_ls_r2,0.8319773359912924,pareto_ls_r2 >= 0.98 and selected tail supported,False,fallback,,,,,
2016,trusted,table_3,pareto,lsf,alpha,4.838803266845441,1.046557763660748,pareto_ls_r2,0.8319773359912924,pareto_ls_r2 >= 0.98 and selected tail supported,False,fallback,,,,,
2016,trusted,table_3,pareto,lsf,beta,26029.992243291435,105837319.95132992,pareto_ls_r2,0.8319773359912924,pareto_ls_r2 >= 0.98 and selected tail supported,False,fallback,,,,,
2016,trusted,table_3,pareto,lsf,correlation_coefficient,0.9121279164630872,,pareto_ls_r2,0.8319773359912924,pareto_ls_r2 >= 0.98 and selected tail supported,False,fallback,,,,,
2016,trusted,table_3,pareto,mle,alpha,2.90420739587031,0.0595554709867745,pareto_mle_r2,0.633795269746561,finite direct MLE on observations x >= x_t,True,supported,,,,,
2016,trusted,table_3,pareto,mle_continuity,beta,347.08063822153275,39.46760182529436,pareto_mle_r2,0.633795269746561,finite direct MLE on observations x >= x_t,True,supported,,,,,
2016,trusted,table_3,pareto,population,population_pct,1.0353336437738545,,pareto_ls_r2,0.8319773359912924,pareto_ls_r2 >= 0.98 and selected tail supported,False,fallback,,,,,
2016,trusted,table_3,transition,boundary,x_t,6.748793931294257,,pareto_ls_r2,0.8319773359912924,descriptive reproduction quantity,,descriptive,,,,,
2016,trusted,table_4,income_share,gompertz,share_pct,89.76676980638005,,,,descriptive reproduction quantity,,descriptive,,,,,
2016,trusted,table_4,income_share,pareto,share_pct,10.233230193619946,,,,descriptive reproduction quantity,,descriptive,,,,,
2016,trusted,table_4,inequality,lorenz,gini,0.479829860093499,,,,descriptive reproduction quantity,,descriptive,,,,,
2017,refined,model_test,gompertz_vs_exponential,r2_comparison,delta_r2,-0.0206148719364636,,delta_r2,-0.0206148719364636,gompertz_free_r2 > exponential_r2,False,rejected,,,,,
2017,refined,table_1,annual_income,descriptive,mean_income_usd,600.4296973942885,,,,descriptive reproduction quantity,,descriptive,,,,,
2017,refined,table_2,gompertz,boundary,x_gmax,6.584126780086462,,gompertz_free_correlation_coefficient,0.964669220487339,correlation_coefficient >= 0.98,False,weak,,,,,
2017,refined,table_2,gompertz,free_lsf,A,1.598262522990916,0.0216218858988725,gompertz_free_correlation_coefficient,0.964669220487339,correlation_coefficient >= 0.98,False,weak,,,,,
2017,refined,table_2,gompertz,free_lsf,B,0.4600903473906572,0.0446150072540173,gompertz_free_correlation_coefficient,0.964669220487339,correlation_coefficient >= 0.98,False,weak,,,,,
2017,refined,table_2,gompertz,free_lsf,correlation_coefficient,0.964669220487339,,gompertz_free_correlation_coefficient,0.964669220487339,correlation_coefficient >= 0.98,False,weak,,,,,
2017,refined,table_2,gompertz,population,population_pct,98.93509970861808,,gompertz_free_correlation_coefficient,0.964669220487339,correlation_coefficient >= 0.98,False,weak,,,,,
2017,refined,table_3,pareto,boundary,x_pmin,6.584126780086462,,pareto_ls_r2,0.991461586562817,pareto_ls_r2 >= 0.98 and selected tail supported,True,supported,,,,,
2017,refined,table_3,pareto,lsf,alpha,2.8093978015839256,0.0584238824327788,pareto_ls_r2,0.991461586562817,pareto_ls_r2 >= 0.98 and selected tail supported,True,supported,,,,,
2017,refined,table_3,pareto,lsf,beta,264.8939854537866,54.22612477211004,pareto_ls_r2,0.991461586562817,pareto_ls_r2 >= 0.98 and selected tail supported,True,supported,,,,,
2017,refined,table_3,pareto,lsf,correlation_coefficient,0.995721641103987,,pareto_ls_r2,0.991461586562817,pareto_ls_r2 >= 0.98 and selected tail supported,True,supported,,,,,
2017,refined,table_3,pareto,mle,alpha,2.277093183090916,0.0461646675132964,pareto_mle_r2,0.8532063861044061,finite direct MLE on observations x >= x_t,True,supported,,,,,
2017,refined,table_3,pareto,mle_continuity,beta,94.30679881976496,8.205142437677196,pareto_mle_r2,0.8532063861044061,finite direct MLE on observations x >= x_t,True,supported,,,,,
2017,refined,table_3,pareto,population,population_pct,1.0649002913819203,,pareto_ls_r2,0.991461586562817,pareto_ls_r2 >= 0.98 and selected tail supported,True,supported,,,,,
2017,refined,table_3,transition,boundary,x_t,6.584126780086462,,pareto_ls_r2,0.991461586562817,descriptive reproduction quantity,,descriptive,,,,,
2017,refined,table_4,income_share,gompertz,share_pct,88.1965314398841,,,,descriptive reproduction quantity,,descriptive,,,,,
2017,refined,table_4,income_share,pareto,share_pct,11.803468560115904,,,,descriptive reproduction quantity,,descriptive,,,,,
2017,refined,table_4,inequality,lorenz,gini,0.4936706007513877,,,,descriptive reproduction quantity,,descriptive,,,,,
2017,trusted,model_test,gompertz_vs_exponential,r2_comparison,delta_r2,0.0110522972654063,,delta_r2,0.0110522972654063,gompertz_free_r2 > exponential_r2,True,supported,,,,,
2017,trusted,table_1,annual_income,descriptive,mean_income_usd,593.265990052495,,,,descriptive reproduction quantity,,descriptive,,,,,
2017,trusted,table_2,gompertz,boundary,x_gmax,6.057845762362985,,gompertz_free_correlation_coefficient,0.9837156924618208,correlation_coefficient >= 0.98,True,supported,,,,,
2017,trusted,table_2,gompertz,free_lsf,A,1.5760918264300998,0.0116991479079301,gompertz_free_correlation_coefficient,0.9837156924618208,correlation_coefficient >= 0.98,True,supported,,,,,
2017,trusted,table_2,gompertz,free_lsf,B,0.4124174251267301,0.0254309736286234,gompertz_free_correlation_coefficient,0.9837156924618208,correlation_coefficient >= 0.98,True,supported,,,,,
2017,trusted,table_2,gompertz,free_lsf,correlation_coefficient,0.9837156924618208,,gompertz_free_correlation_coefficient,0.9837156924618208,correlation_coefficient >= 0.98,True,supported,,,,,
2017,trusted,table_2,gompertz,population,population_pct,98.74915202310872,,gompertz_free_correlation_coefficient,0.9837156924618208,correlation_coefficient >= 0.98,True,supported,,,,,
2017,trusted,table_3,pareto,boundary,x_pmin,6.057845762362985,,pareto_ls_r2,0.8175278719020002,pareto_ls_r2 >= 0.98 and selected tail supported,False,fallback,,,,,
2017,trusted,table_3,pareto,lsf,alpha,4.09221210315701,0.7832084104899544,pareto_ls_r2,0.8175278719020002,pareto_ls_r2 >= 0.98 and selected tail supported,False,fallback,,,,,
2017,trusted,table_3,pareto,lsf,beta,4160.269169869235,1953761.508790736,pareto_ls_r2,0.8175278719020002,pareto_ls_r2 >= 0.98 and selected tail supported,False,fallback,,,,,
2017,trusted,table_3,pareto,lsf,correlation_coefficient,0.9041724790669092,,pareto_ls_r2,0.8175278719020002,pareto_ls_r2 >= 0.98 and selected tail supported,False,fallback,,,,,
2017,trusted,table_3,pareto,mle,alpha,2.3931686724516776,0.0447732028087753,pareto_mle_r2,0.5772591930819655,finite direct MLE on observations x >= x_t,True,supported,,,,,
2017,trusted,table_3,pareto,mle_continuity,beta,112.91296738147608,9.106701726966948,pareto_mle_r2,0.5772591930819655,finite direct MLE on observations x >= x_t,True,supported,,,,,
2017,trusted,table_3,pareto,population,population_pct,1.250847976891262,,pareto_ls_r2,0.8175278719020002,pareto_ls_r2 >= 0.98 and selected tail supported,False,fallback,,,,,
2017,trusted,table_3,transition,boundary,x_t,6.057845762362985,,pareto_ls_r2,0.8175278719020002,descriptive reproduction quantity,,descriptive,,,,,
2017,trusted,table_4,income_share,gompertz,share_pct,87.87119042777911,,,,descriptive reproduction quantity,,descriptive,,,,,
2017,trusted,table_4,income_share,pareto,share_pct,12.128809572220888,,,,descriptive reproduction quantity,,descriptive,,,,,
2017,trusted,table_4,inequality,lorenz,gini,0.4879058579216074,,,,descriptive reproduction quantity,,descriptive,,,,,
2018,refined,model_test,gompertz_vs_exponential,r2_comparison,delta_r2,0.0156687742452429,,delta_r2,0.0156687742452429,gompertz_free_r2 > exponential_r2,True,supported,,,,,
2018,refined,table_1,annual_income,descriptive,mean_income_usd,479.6604078587014,,,,descriptive reproduction quantity,,descriptive,,,,,
2018,refined,table_2,gompertz,boundary,x_gmax,6.904001551784726,,gompertz_free_correlation_coefficient,0.98066921552483,correlation_coefficient >= 0.98,True,supported,,,,,
2018,refined,table_2,gompertz,free_lsf,A,1.5917023028863695,0.0148453840627167,gompertz_free_correlation_coefficient,0.98066921552483,correlation_coefficient >= 0.98,True,supported,,,,,
2018,refined,table_2,gompertz,free_lsf,B,0.4417035143211394,0.0287356052909317,gompertz_free_correlation_coefficient,0.98066921552483,correlation_coefficient >= 0.98,True,supported,,,,,
2018,refined,table_2,gompertz,free_lsf,correlation_coefficient,0.98066921552483,,gompertz_free_correlation_coefficient,0.98066921552483,correlation_coefficient >= 0.98,True,supported,,,,,
2018,refined,table_2,gompertz,population,population_pct,98.89160231447867,,gompertz_free_correlation_coefficient,0.98066921552483,correlation_coefficient >= 0.98,True,supported,,,,,
2018,refined,table_3,pareto,boundary,x_pmin,6.904001551784726,,pareto_ls_r2,0.995443466020587,pareto_ls_r2 >= 0.98 and selected tail supported,True,supported,,,,,
2018,refined,table_3,pareto,lsf,alpha,2.709398446583408,0.0363818607294552,pareto_ls_r2,0.995443466020587,pareto_ls_r2 >= 0.98 and selected tail supported,True,supported,,,,,
2018,refined,table_3,pareto,lsf,beta,223.9889040820579,32.53204303224141,pareto_ls_r2,0.995443466020587,pareto_ls_r2 >= 0.98 and selected tail supported,True,supported,,,,,
2018,refined,table_3,pareto,lsf,correlation_coefficient,0.99771913183049,,pareto_ls_r2,0.995443466020587,pareto_ls_r2 >= 0.98 and selected tail supported,True,supported,,,,,
2018,refined,table_3,pareto,mle,alpha,2.5219259477400926,0.0502579110048473,pareto_mle_r2,0.9570923210165696,finite direct MLE on observations x >= x_t,True,supported,,,,,
2018,refined,table_3,pareto,mle_continuity,beta,167.23522917570097,16.239104182459105,pareto_mle_r2,0.9570923210165696,finite direct MLE on observations x >= x_t,True,supported,,,,,
2018,refined,table_3,pareto,population,population_pct,1.1083976855213078,,pareto_ls_r2,0.995443466020587,pareto_ls_r2 >= 0.98 and selected tail supported,True,supported,,,,,
2018,refined,table_3,transition,boundary,x_t,6.904001551784726,,pareto_ls_r2,0.995443466020587,descriptive reproduction quantity,,descriptive,,,,,
2018,refined,table_4,income_share,gompertz,share_pct,87.5919942444681,,,,descriptive reproduction quantity,,descriptive,,,,,
2018,refined,table_4,income_share,pareto,share_pct,12.408005755531905,,,,descriptive reproduction quantity,,descriptive,,,,,
2018,refined,table_4,inequality,lorenz,gini,0.5021849620620875,,,,descriptive reproduction quantity,,descriptive,,,,,
2018,trusted,model_test,gompertz_vs_exponential,r2_comparison,delta_r2,0.0107354535415843,,delta_r2,0.0107354535415843,gompertz_free_r2 > exponential_r2,True,supported,,,,,
2018,trusted,table_1,annual_income,descriptive,mean_income_usd,476.2185006374364,,,,descriptive reproduction quantity,,descriptive,,,,,
2018,trusted,table_2,gompertz,boundary,x_gmax,6.953900774021797,,gompertz_free_correlation_coefficient,0.978349376756241,correlation_coefficient >= 0.98,False,weak,,,,,
2018,trusted,table_2,gompertz,free_lsf,A,1.5946655004038048,0.016022759152975,gompertz_free_correlation_coefficient,0.978349376756241,correlation_coefficient >= 0.98,False,weak,,,,,
2018,trusted,table_2,gompertz,free_lsf,B,0.4447736051941564,0.0308850937038744,gompertz_free_correlation_coefficient,0.978349376756241,correlation_coefficient >= 0.98,False,weak,,,,,
2018,trusted,table_2,gompertz,free_lsf,correlation_coefficient,0.978349376756241,,gompertz_free_correlation_coefficient,0.978349376756241,correlation_coefficient >= 0.98,False,weak,,,,,
2018,trusted,table_2,gompertz,population,population_pct,99.34077056791428,,gompertz_free_correlation_coefficient,0.978349376756241,correlation_coefficient >= 0.98,False,weak,,,,,
2018,trusted,table_3,pareto,boundary,x_pmin,10.181206123245316,,pareto_ls_r2,0.9821697603609886,pareto_ls_r2 >= 0.98 and selected tail supported,True,supported,,,,,
2018,trusted,table_3,pareto,lsf,alpha,4.261491938196324,0.1887413949723012,pareto_ls_r2,0.9821697603609886,pareto_ls_r2 >= 0.98 and selected tail supported,True,supported,,,,,
2018,trusted,table_3,pareto,lsf,beta,13058.96159615263,9785.640059759346,pareto_ls_r2,0.9821697603609886,pareto_ls_r2 >= 0.98 and selected tail supported,True,supported,,,,,
2018,trusted,table_3,pareto,lsf,correlation_coefficient,0.9910447822177304,,pareto_ls_r2,0.9821697603609886,pareto_ls_r2 >= 0.98 and selected tail supported,True,supported,,,,,
2018,trusted,table_3,pareto,mle,alpha,2.815430948379529,0.0727669016272411,pareto_mle_r2,0.597784360272563,finite direct MLE on observations x >= x_t,True,supported,,,,,
2018,trusted,table_3,pareto,mle_continuity,beta,476.73078429652736,74.51398001028343,pareto_mle_r2,0.597784360272563,finite direct MLE on observations x >= x_t,True,supported,,,,,
2018,trusted,table_3,pareto,population,population_pct,0.6592294320857263,,pareto_ls_r2,0.9821697603609886,pareto_ls_r2 >= 0.98 and selected tail supported,True,supported,,,,,
2018,trusted,table_3,transition,boundary,x_t,8.567553448633557,,pareto_ls_r2,0.9821697603609886,descriptive reproduction quantity,,descriptive,,,,,
2018,trusted,table_4,income_share,gompertz,share_pct,91.57089107421989,,,,descriptive reproduction quantity,,descriptive,,,,,
2018,trusted,table_4,income_share,pareto,share_pct,8.429108925780127,,,,descriptive reproduction quantity,,descriptive,,,,,
2018,trusted,table_4,inequality,lorenz,gini,0.4987194137244376,,,,descriptive reproduction quantity,,descriptive,,,,,
2019,refined,model_test,gompertz_vs_exponential,r2_comparison,delta_r2,0.0375337362330501,,delta_r2,0.0375337362330501,gompertz_free_r2 > exponential_r2,True,supported,,,,,
2019,refined,table_1,annual_income,descriptive,mean_income_usd,498.0070088495061,,,,descriptive reproduction quantity,,descriptive,,,,,
2019,refined,table_2,gompertz,boundary,x_gmax,7.071965865410624,,gompertz_free_correlation_coefficient,0.9878072221872524,correlation_coefficient >= 0.98,True,supported,,,,,
2019,refined,table_2,gompertz,free_lsf,A,1.5760587171355993,0.0101672518651046,gompertz_free_correlation_coefficient,0.9878072221872524,correlation_coefficient >= 0.98,True,supported,,,,,
2019,refined,table_2,gompertz,free_lsf,B,0.4136913395564351,0.0207818088443831,gompertz_free_correlation_coefficient,0.9878072221872524,correlation_coefficient >= 0.98,True,supported,,,,,
2019,refined,table_2,gompertz,free_lsf,correlation_coefficient,0.9878072221872524,,gompertz_free_correlation_coefficient,0.9878072221872524,correlation_coefficient >= 0.98,True,supported,,,,,
2019,refined,table_2,gompertz,population,population_pct,98.84691036803852,,gompertz_free_correlation_coefficient,0.9878072221872524,correlation_coefficient >= 0.98,True,supported,,,,,
2019,refined,table_3,pareto,boundary,x_pmin,7.071965865410624,,pareto_ls_r2,0.9865230977186336,pareto_ls_r2 >= 0.98 and selected tail supported,True,supported,,,,,
2019,refined,table_3,pareto,lsf,alpha,2.6376038319717225,0.0648913972189898,pareto_ls_r2,0.9865230977186336,pareto_ls_r2 >= 0.98 and selected tail supported,True,supported,,,,,
2019,refined,table_3,pareto,lsf,beta,175.2704409661659,34.46910609336879,pareto_ls_r2,0.9865230977186336,pareto_ls_r2 >= 0.98 and selected tail supported,True,supported,,,,,
2019,refined,table_3,pareto,lsf,correlation_coefficient,0.993238691211047,,pareto_ls_r2,0.9865230977186336,pareto_ls_r2 >= 0.98 and selected tail supported,True,supported,,,,,
2019,refined,table_3,pareto,mle,alpha,2.7349561108774663,0.0536782050677273,pareto_mle_r2,0.982342633205013,finite direct MLE on observations x >= x_t,True,supported,,,,,
2019,refined,table_3,pareto,mle_continuity,beta,276.18788698806657,29.0002814675426,pareto_mle_r2,0.982342633205013,finite direct MLE on observations x >= x_t,True,supported,,,,,
2019,refined,table_3,pareto,population,population_pct,1.1530896319614956,,pareto_ls_r2,0.9865230977186336,pareto_ls_r2 >= 0.98 and selected tail supported,True,supported,,,,,
2019,refined,table_3,transition,boundary,x_t,7.071965865410624,,pareto_ls_r2,0.9865230977186336,descriptive reproduction quantity,,descriptive,,,,,
2019,refined,table_4,income_share,gompertz,share_pct,87.2056474449249,,,,descriptive reproduction quantity,,descriptive,,,,,
2019,refined,table_4,income_share,pareto,share_pct,12.794352555075092,,,,descriptive reproduction quantity,,descriptive,,,,,
2019,refined,table_4,inequality,lorenz,gini,0.5041439174187351,,,,descriptive reproduction quantity,,descriptive,,,,,
2019,trusted,model_test,gompertz_vs_exponential,r2_comparison,delta_r2,0.0369343549106734,,delta_r2,0.0369343549106734,gompertz_free_r2 > exponential_r2,True,supported,,,,,
2019,trusted,table_1,annual_income,descriptive,mean_income_usd,496.6682314745766,,,,descriptive reproduction quantity,,descriptive,,,,,
2019,trusted,table_2,gompertz,boundary,x_gmax,7.091028465546687,,gompertz_free_correlation_coefficient,0.9875434413938936,correlation_coefficient >= 0.98,True,supported,,,,,
2019,trusted,table_2,gompertz,free_lsf,A,1.5764677973850234,0.0103072038758279,gompertz_free_correlation_coefficient,0.9875434413938936,correlation_coefficient >= 0.98,True,supported,,,,,
2019,trusted,table_2,gompertz,free_lsf,B,0.4134796381168938,0.021023824264459,gompertz_free_correlation_coefficient,0.9875434413938936,correlation_coefficient >= 0.98,True,supported,,,,,
2019,trusted,table_2,gompertz,free_lsf,correlation_coefficient,0.9875434413938936,,gompertz_free_correlation_coefficient,0.9875434413938936,correlation_coefficient >= 0.98,True,supported,,,,,
2019,trusted,table_2,gompertz,population,population_pct,98.84954376928712,,gompertz_free_correlation_coefficient,0.9875434413938936,correlation_coefficient >= 0.98,True,supported,,,,,
2019,trusted,table_3,pareto,boundary,x_pmin,7.091028465546687,,pareto_ls_r2,0.9604568367669322,pareto_ls_r2 >= 0.98 and selected tail supported,False,fallback,,,,,
2019,trusted,table_3,pareto,lsf,alpha,3.287913656581018,0.2269831912052546,pareto_ls_r2,0.9604568367669322,pareto_ls_r2 >= 0.98 and selected tail supported,False,fallback,,,,,
2019,trusted,table_3,pareto,lsf,beta,937.9976830523672,862.7811385009159,pareto_ls_r2,0.9604568367669322,pareto_ls_r2 >= 0.98 and selected tail supported,False,fallback,,,,,
2019,trusted,table_3,pareto,lsf,correlation_coefficient,0.9800289979214556,,pareto_ls_r2,0.9604568367669322,pareto_ls_r2 >= 0.98 and selected tail supported,False,fallback,,,,,
2019,trusted,table_3,pareto,mle,alpha,2.7749619454843275,0.0545264366891102,pareto_mle_r2,0.907366240251918,finite direct MLE on observations x >= x_t,True,supported,,,,,
2019,trusted,table_3,pareto,mle_continuity,beta,300.4535012945482,32.09084993611111,pareto_mle_r2,0.907366240251918,finite direct MLE on observations x >= x_t,True,supported,,,,,
2019,trusted,table_3,pareto,population,population_pct,1.1504562307128745,,pareto_ls_r2,0.9604568367669322,pareto_ls_r2 >= 0.98 and selected tail supported,False,fallback,,,,,
2019,trusted,table_3,transition,boundary,x_t,7.091028465546687,,pareto_ls_r2,0.9604568367669322,descriptive reproduction quantity,,descriptive,,,,,
2019,trusted,table_4,income_share,gompertz,share_pct,87.44304122614767,,,,descriptive reproduction quantity,,descriptive,,,,,
2019,trusted,table_4,income_share,pareto,share_pct,12.55695877385233,,,,descriptive reproduction quantity,,descriptive,,,,,
2019,trusted,table_4,inequality,lorenz,gini,0.5028341835458989,,,,descriptive reproduction quantity,,descriptive,,,,,
2020,refined,model_test,gompertz_vs_exponential,r2_comparison,delta_r2,-0.0091697871562623,,delta_r2,-0.0091697871562623,gompertz_free_r2 > exponential_r2,False,rejected,,,,,
2020,refined,table_1,annual_income,descriptive,mean_income_usd,420.8350994222354,,,,descriptive reproduction quantity,,descriptive,,,,,
2020,refined,table_2,gompertz,boundary,x_gmax,6.772846876962111,,gompertz_free_correlation_coefficient,0.9651567006445774,correlation_coefficient >= 0.98,False,weak,,,,,
2020,refined,table_2,gompertz,free_lsf,A,1.5900330186177685,0.0225799898403508,gompertz_free_correlation_coefficient,0.9651567006445774,correlation_coefficient >= 0.98,False,weak,,,,,
2020,refined,table_2,gompertz,free_lsf,B,0.4255568281924823,0.0435482604180675,gompertz_free_correlation_coefficient,0.9651567006445774,correlation_coefficient >= 0.98,False,weak,,,,,
2020,refined,table_2,gompertz,free_lsf,correlation_coefficient,0.9651567006445774,,gompertz_free_correlation_coefficient,0.9651567006445774,correlation_coefficient >= 0.98,False,weak,,,,,
2020,refined,table_2,gompertz,population,population_pct,98.92905758571676,,gompertz_free_correlation_coefficient,0.9651567006445774,correlation_coefficient >= 0.98,False,weak,,,,,
2020,refined,table_3,pareto,boundary,x_pmin,6.772846876962111,,pareto_ls_r2,0.984506196232482,pareto_ls_r2 >= 0.98 and selected tail supported,True,supported,,,,,
2020,refined,table_3,pareto,lsf,alpha,2.629709335732262,0.0722312966549523,pareto_ls_r2,0.984506196232482,pareto_ls_r2 >= 0.98 and selected tail supported,True,supported,,,,,
2020,refined,table_3,pareto,lsf,beta,173.1831562882834,40.56589452810545,pareto_ls_r2,0.984506196232482,pareto_ls_r2 >= 0.98 and selected tail supported,True,supported,,,,,
2020,refined,table_3,pareto,lsf,correlation_coefficient,0.992222856132876,,pareto_ls_r2,0.984506196232482,pareto_ls_r2 >= 0.98 and selected tail supported,True,supported,,,,,
2020,refined,table_3,pareto,mle,alpha,2.2939957491491234,0.0608121070972388,pareto_mle_r2,0.8736186925168656,finite direct MLE on observations x >= x_t,True,supported,,,,,
2020,refined,table_3,pareto,mle_continuity,beta,107.6640084432206,12.524423598721665,pareto_mle_r2,0.8736186925168656,finite direct MLE on observations x >= x_t,True,supported,,,,,
2020,refined,table_3,pareto,population,population_pct,1.070942414283243,,pareto_ls_r2,0.984506196232482,pareto_ls_r2 >= 0.98 and selected tail supported,True,supported,,,,,
2020,refined,table_3,transition,boundary,x_t,6.772846876962111,,pareto_ls_r2,0.984506196232482,descriptive reproduction quantity,,descriptive,,,,,
2020,refined,table_4,income_share,gompertz,share_pct,87.84086380761086,,,,descriptive reproduction quantity,,descriptive,,,,,
2020,refined,table_4,income_share,pareto,share_pct,12.15913619238914,,,,descriptive reproduction quantity,,descriptive,,,,,
2020,refined,table_4,inequality,lorenz,gini,0.5038942501318829,,,,descriptive reproduction quantity,,descriptive,,,,,
2020,trusted,model_test,gompertz_vs_exponential,r2_comparison,delta_r2,0.0420244631860111,,delta_r2,0.0420244631860111,gompertz_free_r2 > exponential_r2,True,supported,,,,,
2020,trusted,table_1,annual_income,descriptive,mean_income_usd,407.6487569206832,,,,descriptive reproduction quantity,,descriptive,,,,,
2020,trusted,table_2,gompertz,boundary,x_gmax,6.356300258380844,,gompertz_free_correlation_coefficient,0.9946546494686976,correlation_coefficient >= 0.98,True,supported,,,,,
2020,trusted,table_2,gompertz,free_lsf,A,1.5693302673435443,0.0064617373779612,gompertz_free_correlation_coefficient,0.9946546494686976,correlation_coefficient >= 0.98,True,supported,,,,,
2020,trusted,table_2,gompertz,free_lsf,B,0.3830227165532526,0.0120937712699633,gompertz_free_correlation_coefficient,0.9946546494686976,correlation_coefficient >= 0.98,True,supported,,,,,
2020,trusted,table_2,gompertz,free_lsf,correlation_coefficient,0.9946546494686976,,gompertz_free_correlation_coefficient,0.9946546494686976,correlation_coefficient >= 0.98,True,supported,,,,,
2020,trusted,table_2,gompertz,population,population_pct,98.592334284832,,gompertz_free_correlation_coefficient,0.9946546494686976,correlation_coefficient >= 0.98,True,supported,,,,,
2020,trusted,table_3,pareto,boundary,x_pmin,6.356300258380844,,pareto_ls_r2,0.7730937784550451,pareto_ls_r2 >= 0.98 and selected tail supported,False,fallback,,,,,
2020,trusted,table_3,pareto,lsf,alpha,4.646269439040444,1.233476217354205,pareto_ls_r2,0.7730937784550451,pareto_ls_r2 >= 0.98 and selected tail supported,False,fallback,,,,,
2020,trusted,table_3,pareto,lsf,beta,11264.760035057438,3120579.735421977,pareto_ls_r2,0.7730937784550451,pareto_ls_r2 >= 0.98 and selected tail supported,False,fallback,,,,,
2020,trusted,table_3,pareto,lsf,correlation_coefficient,0.8792575154384779,,pareto_ls_r2,0.7730937784550451,pareto_ls_r2 >= 0.98 and selected tail supported,False,fallback,,,,,
2020,trusted,table_3,pareto,mle,alpha,3.35620617819648,0.0776533389651303,pareto_mle_r2,0.6826085386540921,finite direct MLE on observations x >= x_t,True,supported,,,,,
2020,trusted,table_3,pareto,mle_continuity,beta,768.5158934707424,110.37094416530972,pareto_mle_r2,0.6826085386540921,finite direct MLE on observations x >= x_t,True,supported,,,,,
2020,trusted,table_3,pareto,population,population_pct,1.4076657151679934,,pareto_ls_r2,0.7730937784550451,pareto_ls_r2 >= 0.98 and selected tail supported,False,fallback,,,,,
2020,trusted,table_3,transition,boundary,x_t,6.356300258380844,,pareto_ls_r2,0.7730937784550451,descriptive reproduction quantity,,descriptive,,,,,
2020,trusted,table_4,income_share,gompertz,share_pct,87.57982997638445,,,,descriptive reproduction quantity,,descriptive,,,,,
2020,trusted,table_4,income_share,pareto,share_pct,12.420170023615556,,,,descriptive reproduction quantity,,descriptive,,,,,
2020,trusted,table_4,inequality,lorenz,gini,0.4893102733085109,,,,descriptive reproduction quantity,,descriptive,,,,,
2021,refined,model_test,gompertz_vs_exponential,r2_comparison,delta_r2,0.0410492173080402,,delta_r2,0.0410492173080402,gompertz_free_r2 > exponential_r2,True,supported,,,,,
2021,refined,table_1,annual_income,descriptive,mean_income_usd,417.3386605820958,,,,descriptive reproduction quantity,,descriptive,,,,,
2021,refined,table_2,gompertz,boundary,x_gmax,6.418770551983073,,gompertz_free_correlation_coefficient,0.994102372034415,correlation_coefficient >= 0.98,True,supported,,,,,
2021,refined,table_2,gompertz,free_lsf,A,1.5719317152598122,0.0060457952597708,gompertz_free_correlation_coefficient,0.994102372034415,correlation_coefficient >= 0.98,True,supported,,,,,
2021,refined,table_2,gompertz,free_lsf,B,0.3981739582663453,0.0132725483305755,gompertz_free_correlation_coefficient,0.994102372034415,correlation_coefficient >= 0.98,True,supported,,,,,
2021,refined,table_2,gompertz,free_lsf,correlation_coefficient,0.994102372034415,,gompertz_free_correlation_coefficient,0.994102372034415,correlation_coefficient >= 0.98,True,supported,,,,,
2021,refined,table_2,gompertz,population,population_pct,98.69399958282152,,gompertz_free_correlation_coefficient,0.994102372034415,correlation_coefficient >= 0.98,True,supported,,,,,
2021,refined,table_3,pareto,boundary,x_pmin,6.418770551983073,,pareto_ls_r2,0.9956515939422572,pareto_ls_r2 >= 0.98 and selected tail supported,True,supported,,,,,
2021,refined,table_3,pareto,lsf,alpha,2.533883498207501,0.0317329852294675,pareto_ls_r2,0.9956515939422572,pareto_ls_r2 >= 0.98 and selected tail supported,True,supported,,,,,
2021,refined,table_3,pareto,lsf,beta,132.8845763692025,13.78885655000738,pareto_ls_r2,0.9956515939422572,pareto_ls_r2 >= 0.98 and selected tail supported,True,supported,,,,,
2021,refined,table_3,pareto,lsf,correlation_coefficient,0.9978234282388128,,pareto_ls_r2,0.9956515939422572,pareto_ls_r2 >= 0.98 and selected tail supported,True,supported,,,,,
2021,refined,table_3,pareto,mle,alpha,2.5457442750088872,0.0536332527892522,pareto_mle_r2,0.9860897958633824,finite direct MLE on observations x >= x_t,True,supported,,,,,
2021,refined,table_3,pareto,mle_continuity,beta,167.74950120382383,16.72737133700791,pareto_mle_r2,0.9860897958633824,finite direct MLE on observations x >= x_t,True,supported,,,,,
2021,refined,table_3,pareto,population,population_pct,1.306000417178483,,pareto_ls_r2,0.9956515939422572,pareto_ls_r2 >= 0.98 and selected tail supported,True,supported,,,,,
2021,refined,table_3,transition,boundary,x_t,6.418770551983073,,pareto_ls_r2,0.9956515939422572,descriptive reproduction quantity,,descriptive,,,,,
2021,refined,table_4,income_share,gompertz,share_pct,86.3597867801851,,,,descriptive reproduction quantity,,descriptive,,,,,
2021,refined,table_4,income_share,pareto,share_pct,13.640213219814896,,,,descriptive reproduction quantity,,descriptive,,,,,
2021,refined,table_4,inequality,lorenz,gini,0.4938250450432762,,,,descriptive reproduction quantity,,descriptive,,,,,
2021,trusted,model_test,gompertz_vs_exponential,r2_comparison,delta_r2,0.0218622649441476,,delta_r2,0.0218622649441476,gompertz_free_r2 > exponential_r2,True,supported,,,,,
2021,trusted,table_1,annual_income,descriptive,mean_income_usd,404.09532525955,,,,descriptive reproduction quantity,,descriptive,,,,,
2021,trusted,table_2,gompertz,boundary,x_gmax,6.629131636273755,,gompertz_free_correlation_coefficient,0.9861322605433992,correlation_coefficient >= 0.98,True,supported,,,,,
2021,trusted,table_2,gompertz,free_lsf,A,1.5872045421674963,0.0100589264952802,gompertz_free_correlation_coefficient,0.9861322605433992,correlation_coefficient >= 0.98,True,supported,,,,,
2021,trusted,table_2,gompertz,free_lsf,B,0.41865767349271,0.0232736634676375,gompertz_free_correlation_coefficient,0.9861322605433992,correlation_coefficient >= 0.98,True,supported,,,,,
2021,trusted,table_2,gompertz,free_lsf,correlation_coefficient,0.9861322605433992,,gompertz_free_correlation_coefficient,0.9861322605433992,correlation_coefficient >= 0.98,True,supported,,,,,
2021,trusted,table_2,gompertz,population,population_pct,98.83028720626632,,gompertz_free_correlation_coefficient,0.9861322605433992,correlation_coefficient >= 0.98,True,supported,,,,,
2021,trusted,table_3,pareto,boundary,x_pmin,6.629131636273755,,pareto_ls_r2,0.8934955860834097,pareto_ls_r2 >= 0.98 and selected tail supported,False,fallback,,,,,
2021,trusted,table_3,pareto,lsf,alpha,4.596819544552228,0.7921868965373086,pareto_ls_r2,0.8934955860834097,pareto_ls_r2 >= 0.98 and selected tail supported,False,fallback,,,,,
2021,trusted,table_3,pareto,lsf,beta,9454.967879545766,420220.5611768711,pareto_ls_r2,0.8934955860834097,pareto_ls_r2 >= 0.98 and selected tail supported,False,fallback,,,,,
2021,trusted,table_3,pareto,lsf,correlation_coefficient,0.9452489545529312,,pareto_ls_r2,0.8934955860834097,pareto_ls_r2 >= 0.98 and selected tail supported,False,fallback,,,,,
2021,trusted,table_3,pareto,mle,alpha,3.397732288387325,0.0756922784955157,pareto_mle_r2,0.7614450126075787,finite direct MLE on observations x >= x_t,True,supported,,,,,
2021,trusted,table_3,pareto,mle_continuity,beta,852.8361443163523,122.1005194002259,pareto_mle_r2,0.7614450126075787,finite direct MLE on observations x >= x_t,True,supported,,,,,
2021,trusted,table_3,pareto,population,population_pct,1.1697127937336815,,pareto_ls_r2,0.8934955860834097,pareto_ls_r2 >= 0.98 and selected tail supported,False,fallback,,,,,
2021,trusted,table_3,transition,boundary,x_t,6.629131636273755,,pareto_ls_r2,0.8934955860834097,descriptive reproduction quantity,,descriptive,,,,,
2021,trusted,table_4,income_share,gompertz,share_pct,89.31320231046237,,,,descriptive reproduction quantity,,descriptive,,,,,
2021,trusted,table_4,income_share,pareto,share_pct,10.686797689537627,,,,descriptive reproduction quantity,,descriptive,,,,,
2021,trusted,table_4,inequality,lorenz,gini,0.4785899211902097,,,,descriptive reproduction quantity,,descriptive,,,,,
2022,refined,model_test,gompertz_vs_exponential,r2_comparison,delta_r2,-0.0100516360462104,,delta_r2,-0.0100516360462104,gompertz_free_r2 > exponential_r2,False,rejected,,,,,
2022,refined,table_1,annual_income,descriptive,mean_income_usd,481.10368704565656,,,,descriptive reproduction quantity,,descriptive,,,,,
2022,refined,table_2,gompertz,boundary,x_gmax,6.97099909126432,,gompertz_free_correlation_coefficient,0.9653856806785164,correlation_coefficient >= 0.98,False,weak,,,,,
2022,refined,table_2,gompertz,free_lsf,A,1.595649240151502,0.02019609072868,gompertz_free_correlation_coefficient,0.9653856806785164,correlation_coefficient >= 0.98,False,weak,,,,,
2022,refined,table_2,gompertz,free_lsf,B,0.44985098438388,0.0433393667910012,gompertz_free_correlation_coefficient,0.9653856806785164,correlation_coefficient >= 0.98,False,weak,,,,,
2022,refined,table_2,gompertz,free_lsf,correlation_coefficient,0.9653856806785164,,gompertz_free_correlation_coefficient,0.9653856806785164,correlation_coefficient >= 0.98,False,weak,,,,,
2022,refined,table_2,gompertz,population,population_pct,98.94419526543652,,gompertz_free_correlation_coefficient,0.9653856806785164,correlation_coefficient >= 0.98,False,weak,,,,,
2022,refined,table_3,pareto,boundary,x_pmin,6.97099909126432,,pareto_ls_r2,0.9674623842902136,pareto_ls_r2 >= 0.98 and selected tail supported,False,fallback,,,,,
2022,refined,table_3,pareto,lsf,alpha,2.272746989066669,0.0865307772431873,pareto_ls_r2,0.9674623842902136,pareto_ls_r2 >= 0.98 and selected tail supported,False,fallback,,,,,
2022,refined,table_3,pareto,lsf,beta,64.51775333834526,15.105934669850278,pareto_ls_r2,0.9674623842902136,pareto_ls_r2 >= 0.98 and selected tail supported,False,fallback,,,,,
2022,refined,table_3,pareto,lsf,correlation_coefficient,0.9835966573195608,,pareto_ls_r2,0.9674623842902136,pareto_ls_r2 >= 0.98 and selected tail supported,False,fallback,,,,,
2022,refined,table_3,pareto,mle,alpha,2.509453456091568,0.0539075560579075,pareto_mle_r2,0.9434662084711656,finite direct MLE on observations x >= x_t,True,supported,,,,,
2022,refined,table_3,pareto,mle_continuity,beta,164.15739069628884,17.18325009072589,pareto_mle_r2,0.9434662084711656,finite direct MLE on observations x >= x_t,True,supported,,,,,
2022,refined,table_3,pareto,population,population_pct,1.0558047345634822,,pareto_ls_r2,0.9674623842902136,pareto_ls_r2 >= 0.98 and selected tail supported,False,fallback,,,,,
2022,refined,table_3,transition,boundary,x_t,6.97099909126432,,pareto_ls_r2,0.9674623842902136,descriptive reproduction quantity,,descriptive,,,,,
2022,refined,table_4,income_share,gompertz,share_pct,87.79553091607798,,,,descriptive reproduction quantity,,descriptive,,,,,
2022,refined,table_4,income_share,pareto,share_pct,12.20446908392202,,,,descriptive reproduction quantity,,descriptive,,,,,
2022,refined,table_4,inequality,lorenz,gini,0.4989927307926434,,,,descriptive reproduction quantity,,descriptive,,,,,
2022,trusted,model_test,gompertz_vs_exponential,r2_comparison,delta_r2,0.0193656263433589,,delta_r2,0.0193656263433589,gompertz_free_r2 > exponential_r2,True,supported,,,,,
2022,trusted,table_1,annual_income,descriptive,mean_income_usd,473.891950778212,,,,descriptive reproduction quantity,,descriptive,,,,,
2022,trusted,table_2,gompertz,boundary,x_gmax,6.433713154331938,,gompertz_free_correlation_coefficient,0.9835812047890368,correlation_coefficient >= 0.98,True,supported,,,,,
2022,trusted,table_2,gompertz,free_lsf,A,1.5731402491841675,0.0118125501267382,gompertz_free_correlation_coefficient,0.9835812047890368,correlation_coefficient >= 0.98,True,supported,,,,,
2022,trusted,table_2,gompertz,free_lsf,B,0.4028528957029726,0.0264116709553596,gompertz_free_correlation_coefficient,0.9835812047890368,correlation_coefficient >= 0.98,True,supported,,,,,
2022,trusted,table_2,gompertz,free_lsf,correlation_coefficient,0.9835812047890368,,gompertz_free_correlation_coefficient,0.9835812047890368,correlation_coefficient >= 0.98,True,supported,,,,,
2022,trusted,table_2,gompertz,population,population_pct,99.64583576912584,,gompertz_free_correlation_coefficient,0.9835812047890368,correlation_coefficient >= 0.98,True,supported,,,,,
2022,trusted,table_3,pareto,boundary,x_pmin,15.170359076813332,,pareto_ls_r2,0.9472532060600396,pareto_ls_r2 >= 0.98 and selected tail supported,False,fallback,,,,,
2022,trusted,table_3,pareto,lsf,alpha,7.250195396027691,1.2325500358892527,pareto_ls_r2,0.9472532060600396,pareto_ls_r2 >= 0.98 and selected tail supported,False,fallback,,,,,
2022,trusted,table_3,pareto,lsf,beta,59287115.55827708,1.6624540591378178e+16,pareto_ls_r2,0.9472532060600396,pareto_ls_r2 >= 0.98 and selected tail supported,False,fallback,,,,,
2022,trusted,table_3,pareto,lsf,correlation_coefficient,0.9732693389088344,,pareto_ls_r2,0.9472532060600396,pareto_ls_r2 >= 0.98 and selected tail supported,False,fallback,,,,,
2022,trusted,table_3,pareto,mle,alpha,3.5424505934579376,0.1314725482450142,pareto_mle_r2,-0.211191347631471,finite direct MLE on observations x >= x_t,True,supported,,,,,
2022,trusted,table_3,pareto,mle_continuity,beta,4909.101055622473,1535.9093574590866,pareto_mle_r2,-0.211191347631471,finite direct MLE on observations x >= x_t,True,supported,,,,,
2022,trusted,table_3,pareto,population,population_pct,0.3541642308741572,,pareto_ls_r2,0.9472532060600396,pareto_ls_r2 >= 0.98 and selected tail supported,False,fallback,,,,,
2022,trusted,table_3,transition,boundary,x_t,10.802036115572635,,pareto_ls_r2,0.9472532060600396,descriptive reproduction quantity,,descriptive,,,,,
2022,trusted,table_4,income_share,gompertz,share_pct,94.7947124638434,,,,descriptive reproduction quantity,,descriptive,,,,,
2022,trusted,table_4,income_share,pareto,share_pct,5.20528753615659,,,,descriptive reproduction quantity,,descriptive,,,,,
2022,trusted,table_4,inequality,lorenz,gini,0.4917024158171105,,,,descriptive reproduction quantity,,descriptive,,,,,
2023,refined,model_test,gompertz_vs_exponential,r2_comparison,delta_r2,0.014188424766533,,delta_r2,0.014188424766533,gompertz_free_r2 > exponential_r2,True,supported,,,,,
2023,refined,table_1,annual_income,descriptive,mean_income_usd,553.9672847992404,,,,descriptive reproduction quantity,,descriptive,,,,,
2023,refined,table_2,gompertz,boundary,x_gmax,7.250082108139716,,gompertz_free_correlation_coefficient,0.9759194305601012,correlation_coefficient >= 0.98,False,weak,,,,,
2023,refined,table_2,gompertz,free_lsf,A,1.598887941668528,0.0174193722912522,gompertz_free_correlation_coefficient,0.9759194305601012,correlation_coefficient >= 0.98,False,weak,,,,,
2023,refined,table_2,gompertz,free_lsf,B,0.4524028865170309,0.0340732467377874,gompertz_free_correlation_coefficient,0.9759194305601012,correlation_coefficient >= 0.98,False,weak,,,,,
2023,refined,table_2,gompertz,free_lsf,correlation_coefficient,0.9759194305601012,,gompertz_free_correlation_coefficient,0.9759194305601012,correlation_coefficient >= 0.98,False,weak,,,,,
2023,refined,table_2,gompertz,population,population_pct,98.91606971237206,,gompertz_free_correlation_coefficient,0.9759194305601012,correlation_coefficient >= 0.98,False,weak,,,,,
2023,refined,table_3,pareto,boundary,x_pmin,7.250082108139716,,pareto_ls_r2,0.9912476049947352,pareto_ls_r2 >= 0.98 and selected tail supported,True,supported,,,,,
2023,refined,table_3,pareto,lsf,alpha,2.703084307487321,0.0873426019090067,pareto_ls_r2,0.9912476049947352,pareto_ls_r2 >= 0.98 and selected tail supported,True,supported,,,,,
2023,refined,table_3,pareto,lsf,beta,198.36470946756927,74.1546999823591,pareto_ls_r2,0.9912476049947352,pareto_ls_r2 >= 0.98 and selected tail supported,True,supported,,,,,
2023,refined,table_3,pareto,lsf,correlation_coefficient,0.9956141848099268,,pareto_ls_r2,0.9912476049947352,pareto_ls_r2 >= 0.98 and selected tail supported,True,supported,,,,,
2023,refined,table_3,pareto,mle,alpha,3.158714570386808,0.0675438710013464,pareto_mle_r2,0.9590859249619584,finite direct MLE on observations x >= x_t,True,supported,,,,,
2023,refined,table_3,pareto,mle_continuity,beta,636.6069454840821,85.18136588860041,pareto_mle_r2,0.9590859249619584,finite direct MLE on observations x >= x_t,True,supported,,,,,
2023,refined,table_3,pareto,population,population_pct,1.0839302876279364,,pareto_ls_r2,0.9912476049947352,pareto_ls_r2 >= 0.98 and selected tail supported,True,supported,,,,,
2023,refined,table_3,transition,boundary,x_t,7.250082108139716,,pareto_ls_r2,0.9912476049947352,descriptive reproduction quantity,,descriptive,,,,,
2023,refined,table_4,income_share,gompertz,share_pct,88.2276515281268,,,,descriptive reproduction quantity,,descriptive,,,,,
2023,refined,table_4,income_share,pareto,share_pct,11.7723484718732,,,,descriptive reproduction quantity,,descriptive,,,,,
2023,refined,table_4,inequality,lorenz,gini,0.4944539194462264,,,,descriptive reproduction quantity,,descriptive,,,,,
2023,trusted,model_test,gompertz_vs_exponential,r2_comparison,delta_r2,0.0060297555491433,,delta_r2,0.0060297555491433,gompertz_free_r2 > exponential_r2,True,supported,,,,,
2023,trusted,table_1,annual_income,descriptive,mean_income_usd,549.2062905788472,,,,descriptive reproduction quantity,,descriptive,,,,,
2023,trusted,table_2,gompertz,boundary,x_gmax,6.648120071247216,,gompertz_free_correlation_coefficient,0.97599582302944,correlation_coefficient >= 0.98,False,weak,,,,,
2023,trusted,table_2,gompertz,free_lsf,A,1.585915060130923,0.0165940507680365,gompertz_free_correlation_coefficient,0.97599582302944,correlation_coefficient >= 0.98,False,weak,,,,,
2023,trusted,table_2,gompertz,free_lsf,B,0.4266750735206259,0.0340193258985935,gompertz_free_correlation_coefficient,0.97599582302944,correlation_coefficient >= 0.98,False,weak,,,,,
2023,trusted,table_2,gompertz,free_lsf,correlation_coefficient,0.97599582302944,,gompertz_free_correlation_coefficient,0.97599582302944,correlation_coefficient >= 0.98,False,weak,,,,,
2023,trusted,table_2,gompertz,population,population_pct,98.88663716858008,,gompertz_free_correlation_coefficient,0.97599582302944,correlation_coefficient >= 0.98,False,weak,,,,,
2023,trusted,table_3,pareto,boundary,x_pmin,6.648120071247216,,pareto_ls_r2,0.9060442248256642,pareto_ls_r2 >= 0.98 and selected tail supported,False,fallback,,,,,
2023,trusted,table_3,pareto,lsf,alpha,4.079382652441952,0.4877112117777691,pareto_ls_r2,0.9060442248256642,pareto_ls_r2 >= 0.98 and selected tail supported,False,fallback,,,,,
2023,trusted,table_3,pareto,lsf,beta,4704.069289057768,18088.276412267784,pareto_ls_r2,0.9060442248256642,pareto_ls_r2 >= 0.98 and selected tail supported,False,fallback,,,,,
2023,trusted,table_3,pareto,lsf,correlation_coefficient,0.951863553680707,,pareto_ls_r2,0.9060442248256642,pareto_ls_r2 >= 0.98 and selected tail supported,False,fallback,,,,,
2023,trusted,table_3,pareto,mle,alpha,2.692607403758436,0.056815667930252,pareto_mle_r2,0.7019325799622138,finite direct MLE on observations x >= x_t,True,supported,,,,,
2023,trusted,table_3,pareto,mle_continuity,beta,222.00287752879024,23.89369423022835,pareto_mle_r2,0.7019325799622138,finite direct MLE on observations x >= x_t,True,supported,,,,,
2023,trusted,table_3,pareto,population,population_pct,1.1133628314199215,,pareto_ls_r2,0.9060442248256642,pareto_ls_r2 >= 0.98 and selected tail supported,False,fallback,,,,,
2023,trusted,table_3,transition,boundary,x_t,6.648120071247216,,pareto_ls_r2,0.9060442248256642,descriptive reproduction quantity,,descriptive,,,,,
2023,trusted,table_4,income_share,gompertz,share_pct,88.67594463287678,,,,descriptive reproduction quantity,,descriptive,,,,,
2023,trusted,table_4,income_share,pareto,share_pct,11.324055367123222,,,,descriptive reproduction quantity,,descriptive,,,,,
2023,trusted,table_4,inequality,lorenz,gini,0.4902524339886815,,,,descriptive reproduction quantity,,descriptive,,,,,
2024,refined,model_test,gompertz_vs_exponential,r2_comparison,delta_r2,0.0434111229386329,,delta_r2,0.0434111229386329,gompertz_free_r2 > exponential_r2,True,supported,,,,,
2024,refined,table_1,annual_income,descriptive,mean_income_usd,536.145516230212,,,,descriptive reproduction quantity,,descriptive,,,,,
2024,refined,table_2,gompertz,boundary,x_gmax,6.673786621279553,,gompertz_free_correlation_coefficient,0.9929817673203069,correlation_coefficient >= 0.98,True,supported,,,,,
2024,refined,table_2,gompertz,free_lsf,A,1.573885352810949,0.0076655363964897,gompertz_free_correlation_coefficient,0.9929817673203069,correlation_coefficient >= 0.98,True,supported,,,,,
2024,refined,table_2,gompertz,free_lsf,B,0.4020443736146901,0.0152668063142934,gompertz_free_correlation_coefficient,0.9929817673203069,correlation_coefficient >= 0.98,True,supported,,,,,
2024,refined,table_2,gompertz,free_lsf,correlation_coefficient,0.9929817673203069,,gompertz_free_correlation_coefficient,0.9929817673203069,correlation_coefficient >= 0.98,True,supported,,,,,
2024,refined,table_2,gompertz,population,population_pct,98.70909204380158,,gompertz_free_correlation_coefficient,0.9929817673203069,correlation_coefficient >= 0.98,True,supported,,,,,
2024,refined,table_3,pareto,boundary,x_pmin,6.673786621279553,,pareto_ls_r2,0.9885509787830792,pareto_ls_r2 >= 0.98 and selected tail supported,True,supported,,,,,
2024,refined,table_3,pareto,lsf,alpha,3.060869306181078,0.0579446447003789,pareto_ls_r2,0.9885509787830792,pareto_ls_r2 >= 0.98 and selected tail supported,True,supported,,,,,
2024,refined,table_3,pareto,lsf,beta,486.2819215788983,110.46855556068472,pareto_ls_r2,0.9885509787830792,pareto_ls_r2 >= 0.98 and selected tail supported,True,supported,,,,,
2024,refined,table_3,pareto,lsf,correlation_coefficient,0.9942590099079208,,pareto_ls_r2,0.9885509787830792,pareto_ls_r2 >= 0.98 and selected tail supported,True,supported,,,,,
2024,refined,table_3,pareto,mle,alpha,2.9511456285176307,0.0569214531522062,pareto_mle_r2,0.979557198674496,finite direct MLE on observations x >= x_t,True,supported,,,,,
2024,refined,table_3,pareto,mle_continuity,beta,382.184065992478,41.29406559626924,pareto_mle_r2,0.979557198674496,finite direct MLE on observations x >= x_t,True,supported,,,,,
2024,refined,table_3,pareto,population,population_pct,1.2909079561984225,,pareto_ls_r2,0.9885509787830792,pareto_ls_r2 >= 0.98 and selected tail supported,True,supported,,,,,
2024,refined,table_3,transition,boundary,x_t,6.673786621279553,,pareto_ls_r2,0.9885509787830792,descriptive reproduction quantity,,descriptive,,,,,
2024,refined,table_4,income_share,gompertz,share_pct,86.85967644889973,,,,descriptive reproduction quantity,,descriptive,,,,,
2024,refined,table_4,income_share,pareto,share_pct,13.140323551100266,,,,descriptive reproduction quantity,,descriptive,,,,,
2024,refined,table_4,inequality,lorenz,gini,0.4947102938359283,,,,descriptive reproduction quantity,,descriptive,,,,,
2024,trusted,model_test,gompertz_vs_exponential,r2_comparison,delta_r2,0.0414649371128071,,delta_r2,0.0414649371128071,gompertz_free_r2 > exponential_r2,True,supported,,,,,
2024,trusted,table_1,annual_income,descriptive,mean_income_usd,532.4755824659836,,,,descriptive reproduction quantity,,descriptive,,,,,
2024,trusted,table_2,gompertz,boundary,x_gmax,6.719783763051317,,gompertz_free_correlation_coefficient,0.9922377088761012,correlation_coefficient >= 0.98,True,supported,,,,,
2024,trusted,table_2,gompertz,free_lsf,A,1.5757461654101204,0.0081575182040955,gompertz_free_correlation_coefficient,0.9922377088761012,correlation_coefficient >= 0.98,True,supported,,,,,
2024,trusted,table_2,gompertz,free_lsf,B,0.403439104436696,0.016263116364127,gompertz_free_correlation_coefficient,0.9922377088761012,correlation_coefficient >= 0.98,True,supported,,,,,
2024,trusted,table_2,gompertz,free_lsf,correlation_coefficient,0.9922377088761012,,gompertz_free_correlation_coefficient,0.9922377088761012,correlation_coefficient >= 0.98,True,supported,,,,,
2024,trusted,table_2,gompertz,population,population_pct,98.72662844631384,,gompertz_free_correlation_coefficient,0.9922377088761012,correlation_coefficient >= 0.98,True,supported,,,,,
2024,trusted,table_3,pareto,boundary,x_pmin,6.719783763051317,,pareto_ls_r2,0.9463564736728476,pareto_ls_r2 >= 0.98 and selected tail supported,False,fallback,,,,,
2024,trusted,table_3,pareto,lsf,alpha,3.7069191073436967,0.331882383876196,pareto_ls_r2,0.9463564736728476,pareto_ls_r2 >= 0.98 and selected tail supported,False,fallback,,,,,
2024,trusted,table_3,pareto,lsf,beta,2060.3746075644617,3334.582677021674,pareto_ls_r2,0.9463564736728476,pareto_ls_r2 >= 0.98 and selected tail supported,False,fallback,,,,,
2024,trusted,table_3,pareto,lsf,correlation_coefficient,0.97280854934198,,pareto_ls_r2,0.9463564736728476,pareto_ls_r2 >= 0.98 and selected tail supported,False,fallback,,,,,
2024,trusted,table_3,pareto,mle,alpha,3.1314292017300303,0.0608187797685825,pareto_mle_r2,0.9121889559729324,finite direct MLE on observations x >= x_t,True,supported,,,,,
2024,trusted,table_3,pareto,mle_continuity,beta,545.3114792778055,63.181521995152224,pareto_mle_r2,0.9121889559729324,finite direct MLE on observations x >= x_t,True,supported,,,,,
2024,trusted,table_3,pareto,population,population_pct,1.2733715536861514,,pareto_ls_r2,0.9463564736728476,pareto_ls_r2 >= 0.98 and selected tail supported,False,fallback,,,,,
2024,trusted,table_3,transition,boundary,x_t,6.719783763051317,,pareto_ls_r2,0.9463564736728476,descriptive reproduction quantity,,descriptive,,,,,
2024,trusted,table_4,income_share,gompertz,share_pct,87.4738692384907,,,,descriptive reproduction quantity,,descriptive,,,,,
2024,trusted,table_4,income_share,pareto,share_pct,12.526130761509291,,,,descriptive reproduction quantity,,descriptive,,,,,
2024,trusted,table_4,inequality,lorenz,gini,0.4914033479818049,,,,descriptive reproduction quantity,,descriptive,,,,,
2025,refined,model_test,gompertz_vs_exponential,r2_comparison,delta_r2,-0.0595462096434666,,delta_r2,-0.0595462096434666,gompertz_free_r2 > exponential_r2,False,rejected,,,,,
2025,refined,table_1,annual_income,descriptive,mean_income_usd,607.1456706011436,,,,descriptive reproduction quantity,,descriptive,,,,,
2025,refined,table_2,gompertz,boundary,x_gmax,6.285762219142245,,gompertz_free_correlation_coefficient,0.9450809333611514,correlation_coefficient >= 0.98,False,weak,,,,,
2025,refined,table_2,gompertz,free_lsf,A,1.5972105400582697,0.0269672337689076,gompertz_free_correlation_coefficient,0.9450809333611514,correlation_coefficient >= 0.98,False,weak,,,,,
2025,refined,table_2,gompertz,free_lsf,B,0.4493104048320402,0.0576772625585258,gompertz_free_correlation_coefficient,0.9450809333611514,correlation_coefficient >= 0.98,False,weak,,,,,
2025,refined,table_2,gompertz,free_lsf,correlation_coefficient,0.9450809333611514,,gompertz_free_correlation_coefficient,0.9450809333611514,correlation_coefficient >= 0.98,False,weak,,,,,
2025,refined,table_2,gompertz,population,population_pct,98.94849237482882,,gompertz_free_correlation_coefficient,0.9450809333611514,correlation_coefficient >= 0.98,False,weak,,,,,
2025,refined,table_3,pareto,boundary,x_pmin,6.285762219142245,,pareto_ls_r2,0.9910365422197732,pareto_ls_r2 >= 0.98 and selected tail supported,True,supported,,,,,
2025,refined,table_3,pareto,lsf,alpha,2.732498893867131,0.0594631478020745,pareto_ls_r2,0.9910365422197732,pareto_ls_r2 >= 0.98 and selected tail supported,True,supported,,,,,
2025,refined,table_3,pareto,lsf,beta,197.32005689800576,43.84314022099055,pareto_ls_r2,0.9910365422197732,pareto_ls_r2 >= 0.98 and selected tail supported,True,supported,,,,,
2025,refined,table_3,pareto,lsf,correlation_coefficient,0.9955081828994542,,pareto_ls_r2,0.9910365422197732,pareto_ls_r2 >= 0.98 and selected tail supported,True,supported,,,,,
2025,refined,table_3,pareto,mle,alpha,2.18748611289623,0.0459734452532751,pareto_mle_r2,0.8055289254738218,finite direct MLE on observations x >= x_t,True,supported,,,,,
2025,refined,table_3,pareto,mle_continuity,beta,76.21995712403282,6.441530882438575,pareto_mle_r2,0.8055289254738218,finite direct MLE on observations x >= x_t,True,supported,,,,,
2025,refined,table_3,pareto,population,population_pct,1.0515076251711892,,pareto_ls_r2,0.9910365422197732,pareto_ls_r2 >= 0.98 and selected tail supported,True,supported,,,,,
2025,refined,table_3,transition,boundary,x_t,6.285762219142245,,pareto_ls_r2,0.9910365422197732,descriptive reproduction quantity,,descriptive,,,,,
2025,refined,table_4,income_share,gompertz,share_pct,88.66186095147972,,,,descriptive reproduction quantity,,descriptive,,,,,
2025,refined,table_4,income_share,pareto,share_pct,11.338139048520276,,,,descriptive reproduction quantity,,descriptive,,,,,
2025,refined,table_4,inequality,lorenz,gini,0.4927457265214714,,,,descriptive reproduction quantity,,descriptive,,,,,
2025,trusted,model_test,gompertz_vs_exponential,r2_comparison,delta_r2,0.0368233440061497,,delta_r2,0.0368233440061497,gompertz_free_r2 > exponential_r2,True,supported,,,,,
2025,trusted,table_1,annual_income,descriptive,mean_income_usd,599.9767118927879,,,,descriptive reproduction quantity,,descriptive,,,,,
2025,trusted,table_2,gompertz,boundary,x_gmax,5.782608258153999,,gompertz_free_correlation_coefficient,0.995881446161195,correlation_coefficient >= 0.98,True,supported,,,,,
2025,trusted,table_2,gompertz,free_lsf,A,1.5628693446919186,0.0050181566999777,gompertz_free_correlation_coefficient,0.995881446161195,correlation_coefficient >= 0.98,True,supported,,,,,
2025,trusted,table_2,gompertz,free_lsf,B,0.3780904609011103,0.0092708581037828,gompertz_free_correlation_coefficient,0.995881446161195,correlation_coefficient >= 0.98,True,supported,,,,,
2025,trusted,table_2,gompertz,free_lsf,correlation_coefficient,0.995881446161195,,gompertz_free_correlation_coefficient,0.995881446161195,correlation_coefficient >= 0.98,True,supported,,,,,
2025,trusted,table_2,gompertz,population,population_pct,99.66841745963193,,gompertz_free_correlation_coefficient,0.995881446161195,correlation_coefficient >= 0.98,True,supported,,,,,
2025,trusted,table_3,pareto,boundary,x_pmin,14.998596569298943,,pareto_ls_r2,0.8338606591318052,pareto_ls_r2 >= 0.98 and selected tail supported,False,fallback,,,,,
2025,trusted,table_3,pareto,lsf,alpha,11.31112633368092,4.241891383132851,pareto_ls_r2,0.8338606591318052,pareto_ls_r2 >= 0.98 and selected tail supported,False,fallback,,,,,
2025,trusted,table_3,pareto,lsf,beta,3555951223978.252,1.712225390357641e+36,pareto_ls_r2,0.8338606591318052,pareto_ls_r2 >= 0.98 and selected tail supported,False,fallback,,,,,
2025,trusted,table_3,pareto,lsf,correlation_coefficient,0.9131597117327316,,pareto_ls_r2,0.8338606591318052,pareto_ls_r2 >= 0.98 and selected tail supported,False,fallback,,,,,
2025,trusted,table_3,pareto,mle,alpha,3.764098176198755,0.1409664462662257,pareto_mle_r2,-0.1928252173538114,finite direct MLE on observations x >= x_t,True,supported,,,,,
2025,trusted,table_3,pareto,mle_continuity,beta,7433.577269720448,2452.995797030947,pareto_mle_r2,-0.1928252173538114,finite direct MLE on observations x >= x_t,True,supported,,,,,
2025,trusted,table_3,pareto,population,population_pct,0.3315825403680845,,pareto_ls_r2,0.8338606591318052,pareto_ls_r2 >= 0.98 and selected tail supported,False,fallback,,,,,
2025,trusted,table_3,transition,boundary,x_t,10.390602413726471,,pareto_ls_r2,0.8338606591318052,descriptive reproduction quantity,,descriptive,,,,,
2025,trusted,table_4,income_share,gompertz,share_pct,95.4162762363782,,,,descriptive reproduction quantity,,descriptive,,,,,
2025,trusted,table_4,income_share,pareto,share_pct,4.583723763621805,,,,descriptive reproduction quantity,,descriptive,,,,,
2025,trusted,table_4,inequality,lorenz,gini,0.4870224093218259,,,,descriptive reproduction quantity,,descriptive,,,,,
