year,x,ccdf,ccdf_pct,ln_ln_ccdf_pct
1976,0.49759157606293647,1.0,100.0,1.5271796258079011
1976,0.5224711548660833,0.9999326086517013,99.99326086517013,1.5271649913623515
1976,0.5485947126093875,0.9999326086517013,99.99326086517013,1.5271649913623515
1976,0.5760244482398569,0.9999326086517013,99.99326086517013,1.5271649913623515
1976,0.6048256706518498,0.9999326086517013,99.99326086517013,1.5271649913623515
1976,0.6350669541844424,0.9999326086517013,99.99326086517013,1.5271649913623515
1976,0.6668203018936645,0.9999326086517013,99.99326086517013,1.5271649913623515
1976,0.7001613169883477,0.9999326086517013,99.99326086517013,1.5271649913623515
1976,0.7351693828377651,0.9999326086517013,99.99326086517013,1.5271649913623515
1976,0.7719278519796534,0.9999326086517013,99.99326086517013,1.5271649913623515
1976,0.810524244578636,0.9999326086517013,99.99326086517013,1.5271649913623515
1976,0.8510504568075679,0.9999326086517013,99.99326086517013,1.5271649913623515
1976,0.8936029796479463,0.9999326086517013,99.99326086517013,1.5271649913623515
1976,0.9382831286303437,0.9999326086517013,99.99326086517013,1.5271649913623515
1976,0.985197285061861,0.9999326086517013,99.99326086517013,1.5271649913623515
1976,1.0344571493149541,0.9999191303820415,99.99191303820415,1.5271620643291843
1976,1.0861800067807017,0.9999191303820415,99.99191303820415,1.5271620643291843
1976,1.1404890071197369,0.9999191303820415,99.99191303820415,1.5271620643291843
1976,1.1975134574757238,0.9999191303820415,99.99191303820415,1.5271620643291843
1976,1.2573891303495102,0.9999191303820415,99.99191303820415,1.5271620643291843
1976,1.3202585868669856,0.9999191303820415,99.99191303820415,1.5271620643291843
1976,1.386271516210335,0.9999191303820415,99.99191303820415,1.5271620643291843
1976,1.4555850920208517,0.9999191303820415,99.99191303820415,1.5271620643291843
1976,1.5283643466218944,0.9999191303820415,99.99191303820415,1.5271620643291843
1976,1.6047825639529891,0.9999191303820415,99.99191303820415,1.5271620643291843
1976,1.685021692150639,0.9999191303820415,99.99191303820415,1.5271620643291843
1976,1.7692727767581706,0.9999191303820415,99.99191303820415,1.5271620643291843
1976,1.8577364155960794,0.9999191303820415,99.99191303820415,1.5271620643291843
1976,1.9506232363758835,0.9999191303820415,99.99191303820415,1.5271620643291843
1976,2.048154398194678,0.9999191303820415,99.99191303820415,1.5271620643291843
1976,2.150562118104412,0.9999191303820415,99.99191303820415,1.5271620643291843
1976,2.2580902240096323,0.9999191303820415,99.99191303820415,1.5271620643291843
1976,2.370994735210114,0.9999191303820415,99.99191303820415,1.5271620643291843
1976,2.48954447197062,0.9999191303820415,99.99191303820415,1.5271620643291843
1976,2.614021695569151,0.9999191303820415,99.99191303820415,1.5271620643291843
1976,2.7447227803476086,0.9999191303820415,99.99191303820415,1.5271620643291843
1976,2.881958919364989,0.9999191303820415,99.99191303820415,1.5271620643291843
1976,3.026056865333239,0.9998921738427221,99.98921738427221,1.5271562101187808
1976,3.177359708599901,0.9998921738427221,99.98921738427221,1.5271562101187808
1976,3.336227694029896,0.9998921738427221,99.98921738427221,1.5271562101187808
1976,3.503039078731391,0.9998921738427221,99.98921738427221,1.5271562101187808
1976,3.6781910326679608,0.9998921738427221,99.98921738427221,1.5271562101187808
1976,3.8621005843013587,0.9998921738427221,99.98921738427221,1.5271562101187808
1976,4.055205613516427,0.9998921738427221,99.98921738427221,1.5271562101187808
1976,4.257965894192249,0.9998921738427221,99.98921738427221,1.5271562101187808
1976,4.470864188901861,0.9998921738427221,99.98921738427221,1.5271562101187808
1976,4.6944073983469545,0.9998921738427221,99.98921738427221,1.5271562101187808
1976,4.929127768264302,0.9998921738427221,99.98921738427221,1.5271562101187808
1976,5.175584156677518,0.9998382607640831,99.9838260764083,1.527144501121657
1976,5.434363364511394,0.9998382607640831,99.9838260764083,1.527144501121657
1976,5.706081532736964,0.9998315216292533,99.98315216292532,1.527143037442983
1976,5.991385609373813,0.9998247824944234,99.98247824944234,1.5271415737523013
1976,6.290954889842503,0.9998247824944234,99.98247824944234,1.5271415737523013
1976,6.605502634334629,0.9998247824944234,99.98247824944234,1.5271415737523013
1976,6.93577776605136,0.9998247824944234,99.98247824944234,1.5271415737523013
1976,7.2825666543539285,0.9998247824944234,99.98247824944234,1.5271415737523013
1976,7.646694987071625,0.9997910868202741,99.9791086820274,1.527134255118766
1976,8.029029736425207,0.9997910868202741,99.9791086820274,1.527134255118766
1976,8.430481223246469,0.9997910868202741,99.9791086820274,1.527134255118766
1976,8.852005284408792,0.9997910868202741,99.9791086820274,1.527134255118766
1976,9.294605548629232,0.9997843476854441,99.97843476854442,1.5271327913560324
1976,9.759335826060694,0.9997843476854441,99.97843476854442,1.5271327913560324
1976,10.247302617363728,0.9995754345057182,99.95754345057182,1.5270874087537802
1976,10.759667748231914,0.9995686953708883,99.95686953708883,1.5270859446066591
1976,11.29765113564351,0.9995686953708883,99.95686953708883,1.5270859446066591
1976,11.862533692425687,0.9995686953708883,99.95686953708883,1.5270859446066591
1976,12.455660377046973,0.9994676083484402,99.94676083484401,1.527063980957923
1976,13.07844339589932,0.9994541300787805,99.94541300787805,1.5270610522671344
1976,13.732365565694288,0.9994541300787805,99.94541300787805,1.5270610522671344
1976,14.418983843979003,0.9994406518091208,99.94406518091208,1.527058123528273
1976,15.139933036177954,0.9989284775620506,99.89284775620506,1.5269467958150367
1976,15.896929687986853,0.9989284775620506,99.89284775620506,1.5269467958150367
1976,16.691776172386195,0.998908260157561,99.89082601575609,1.5269423998747162
1976,17.526364981005507,0.9988408688092623,99.88408688092622,1.526927745958139
1976,18.402683230055782,0.9988341296744324,99.88341296744323,1.526926280500292
1976,19.322817391558573,0.9986926078430051,99.86926078430051,1.5268955031051301
1976,20.2889582611365,0.998025433494848,99.8025433494848,1.5267503381312992
1976,21.30340617419333,0.9980119552251882,99.80119552251881,1.5267474042883995
1976,22.368576482902995,0.9979917378206986,99.79917378206986,1.5267430034336185
1976,23.487005307048143,0.9979513030117193,99.79513030117192,1.5267342013984857
1976,24.661355572400556,0.9979445638768895,99.79445638768894,1.5267327343504242
1976,25.894423351020585,0.9962597801694218,99.62597801694218,1.5263655934959006
1976,27.189144518571613,0.9962193453604427,99.62193453604426,1.5263567728300114
1976,28.548601744500196,0.9961384757424842,99.61384757424841,1.526339130190696
1976,29.97603183172521,0.9950197793607257,99.50197793607258,1.526094894646372
1976,31.474833423311466,0.9950130402258958,99.50130402258958,1.5260934223351228
1976,33.048575094477044,0.9949523880124269,99.49523880124269,1.5260801709875766
1976,34.7010038492009,0.9949389097427672,99.49389097427672,1.5260772261101283
1976,36.43605404166094,0.994426735495697,99.4426735495697,1.5259652847657208
1976,38.25785674374399,0.9942649962597802,99.42649962597801,1.5259299202844543
1976,40.170749580931194,0.9925195603388437,99.25195603388437,1.525547832402719
1976,42.17928705997776,0.9924454298557152,99.24454298557151,1.5255315866253523
1976,44.28825141297664,0.992351081968097,99.23510819680969,1.525510908044548
1976,46.50266398362548,0.9921152122490514,99.21152122490514,1.5254592011186034
1976,48.82779718280675,0.992088255709732,99.2088255709732,1.5254532908026492
1976,51.2691870419471,0.9838395546779705,98.38395546779705,1.5236354923413584
1976,53.83264639404445,0.9837923807341613,98.37923807341613,1.5236250431158798
1976,56.524278713746675,0.9836104240937549,98.36104240937549,1.5235847332433619
1976,59.35049264943401,0.9835767284196055,98.35767284196055,1.52357726745551
1976,62.31801728190571,0.9801734653305209,98.01734653305209,1.5228216141425153
1976,65.433918146001,0.9796545519486208,97.96545519486209,1.5227061149439924
1976,68.70561405330106,0.9795130301171936,97.95130301171936,1.522674602228382
1976,72.14089475596612,0.9789402036566546,97.89402036566545,1.5225469940803842
1976,75.74793949376442,0.9705230242541463,97.05230242541462,1.5206613493541474
1976,79.53533646845264,0.9705028068496566,97.05028068496566,1.5206567962221946
1976,83.51210329187528,0.9689123710298072,96.89123710298072,1.520298253881009
1976,87.68770845646905,0.9683867185130773,96.83867185130774,1.520179594875612
1976,92.0720938792925,0.966317804120307,96.6317804120307,1.5197118015708748
1976,96.67569857325714,0.9660886735360914,96.60886735360914,1.5196599187725235
1976,101.50948350191999,0.9447525726647213,94.47525726647214,1.5147618854291092
1976,106.584957677016,0.9442269201479914,94.42269201479914,1.5146395153176448
1976,111.9142055608668,0.9429127888561667,94.29127888561666,1.5143332261101827
1976,117.50991583891015,0.9420232230586237,94.20232230586237,1.5141255961530142
1976,123.38541163085567,0.9396038736547002,93.96038736547003,1.513559693464147
1976,129.55468221239846,0.9303712589377776,93.03712589377776,1.5113836667858827
1976,136.03241632301837,0.92972430199411,92.97243019941101,1.511230198771723
1976,142.8340371391693,0.9277025615451489,92.77025615451488,1.5107497697566201
1976,149.97573899612777,0.8993038473720744,89.93038473720743,1.5038631222883823
1976,157.47452594593418,0.8986636295632366,89.86636295632367,1.503704818666158
1976,165.3482522432309,0.8927871039915896,89.27871039915895,1.5022452870599305
1976,173.61566485539242,0.8915268857784038,89.15268857784038,1.5019307614616
1976,182.29644809816207,0.8782710075680484,87.82710075680484,1.4985890561659365
1976,191.41127050307017,0.8537001219783404,85.37001219783404,1.492228563316562
1976,200.9818340282237,0.8222216231880152,82.22216231880152,1.4837442683254025
1976,211.03092572963487,0.8197887955144318,81.97887955144319,1.4830720199323884
1976,221.58247201611664,0.8176053158295538,81.76053158295538,1.4824665847537195
1976,232.66159561692248,0.8058522646862596,80.58522646862596,1.4791732555342143
1976,244.2946753977686,0.7993018256316254,79.93018256316255,1.4773120540230549
1976,256.50940916765705,0.764810933572348,76.4810933572348,1.4671929096794014
1976,269.33487962603994,0.7600328869779698,76.00328869779698,1.4657468819804191
1976,282.8016236073419,0.7492300538456873,74.92300538456873,1.4624358515518194
1976,296.94170478770906,0.7453146165095325,74.53146165095325,1.4612212375877633
1976,311.78879002709454,0.6960852365773282,69.60852365773282,1.4452439399379997
1976,327.37822952844925,0.6866437086806796,68.66437086806796,1.4420200487537482
1976,343.7471410048717,0.680841313592161,68.0841313592161,1.440011455229735
1976,360.93449805511534,0.6476780310943681,64.76780310943681,1.428109929310593
1976,378.9812229578711,0.6348197618389751,63.481976183897515,1.4232904925868874
1976,397.93028410576466,0.5978825638364547,59.78825638364547,1.4087428135940774
1976,417.8267983110529,0.5529864475998572,55.29864475998571,1.3894763933749477
1976,438.71813822660556,0.5426553539056655,54.265535390566555,1.3847655225595261
1976,460.6540451379359,0.5214068617870837,52.14068617870837,1.374713958526089
1976,483.6867473948327,0.513690552406882,51.3690552406882,1.3709360114019236
1976,507.8710847645744,0.46500704239589724,46.50070423958972,1.345333674017691
1976,533.264639002803,0.45944051702642413,45.94405170264241,1.3421920936587761
1976,559.9278709529433,0.44718203077088964,44.718203077088965,1.3351012318209674
1976,587.9242645005905,0.4425050711989595,44.25050711989595,1.3323308817289778
1976,617.32047772562,0.4037415676575441,40.37415676575441,1.3078434827189864
1976,648.186501611901,0.38708916549293404,38.708916549293406,1.2963887932577125
1976,680.5958266924962,0.38373307634765846,38.373307634765844,1.2940041951380394
1976,714.6256180271209,0.3716767641370201,37.16767641370201,1.285213416671312
1976,750.3568989284771,0.3327919561686671,33.27919561686671,1.2541712465475
1976,787.874743874901,0.32955043231549935,32.955043231549936,1.251374664200961
1976,827.2684810686461,0.31527020561100366,31.527020561100365,1.2386191209757722
1976,868.6319051220784,0.3073045482420967,30.73045482420967,1.2311756811330155
1976,912.0635003781824,0.289796275954093,28.9796275954093,1.2139012794184907
1976,957.6666753970916,0.2839938808655745,28.399388086557448,1.207875458660254
1976,1005.5500091669461,0.24171928807779658,24.171928807779658,1.1585125676657246
1976,1055.8275096252935,0.2359034147196183,23.59034147196183,1.1508369825582367
1976,1108.6188851065583,0.22830167063152432,22.83016706315243,1.1404202859574681
1976,1164.049829361886,0.22258014516096425,22.258014516096424,1.1322733920499215
1976,1222.2523208299806,0.21623188015122619,21.62318801512262,1.1229036038711002
1976,1283.3649368714796,0.19732860695343932,19.73286069534393,1.0926898863755308
1976,1347.5331837150536,0.1889586014947401,18.89586014947401,1.0780499447035476
1976,1414.9098429008063,0.18265751042881115,18.265751042881114,1.0664429526126549
1976,1485.6553350458469,0.1800427261148214,18.00427261148214,1.061467240136753
1976,1559.9381017981393,0.15016814141400528,15.016814141400529,0.9966425054096126
1976,1637.935006888046,0.1454709644375855,14.54709644375855,0.9848429684831931
1976,1719.8317572324484,0.141905962112584,14.190596211258399,0.9755325652647274
1976,1805.823345094071,0.13037530241867548,13.037530241867548,0.943062017620595
1976,1896.1145123487747,0.12596790823994017,12.596790823994017,0.9295788859955553
1976,1990.9202379662136,0.10949072358090668,10.949072358090667,0.8726542539577082
1976,2090.4662498645243,0.10686246099725717,10.686246099725718,0.862449986382405
1976,2194.9895623577504,0.10479354660448692,10.479354660448692,0.8541629979385481
1976,2304.7390404756384,0.0996044127854866,9.96044127854866,0.8323095413481717
1976,2419.97599249942,0.09679419356143058,9.679419356143057,0.8197806753783573
1976,2540.974792124391,0.08080222661014778,8.080222661014778,0.7368862423201242
1976,2668.023531730611,0.07896244280159313,7.896244280159313,0.7258017872365784
1976,2801.4247083171417,0.07564678846529682,7.564678846529683,0.7048236909049508
1976,2941.495943732999,0.07378678725225256,7.378678725225256,0.6924442275771128
1976,3088.570740919649,0.06349612836704024,6.349612836704025,0.6143170676388192
1976,3242.9992779656313,0.060780257030602414,6.078025703060241,0.5903832482785571
1976,3405.1492418639136,0.05947286487360753,5.947286487360753,0.5782609181333888
1976,3575.406703957109,0.05410177441420071,5.41017744142007,0.5237113793309871
1976,3754.177039154965,0.05186438165068369,5.186438165068369,0.4983767613421262
1976,3941.885891112713,0.05074568526892517,5.074568526892517,0.48504093880051247
1976,4138.980185668349,0.04356176754028318,4.3561767540283185,0.38634669802649135
1976,4345.9291949517665,0.04226111451811816,4.226111451811816,0.365533197714271
1976,4563.225654699355,0.039484590968211504,3.9484590968211504,0.31723509851122716
1976,4791.386937434323,0.03836589458645299,3.8365894586452987,0.2960845303281619
1976,5030.956284306039,0.030770889633188893,3.0770889633188894,0.11687952385941615
1976,5282.504098521342,0.029786975948027792,2.9786975948027794,0.08754021370231078
1976,5546.629303447408,0.028055018296751062,2.8055018296751064,0.03109396151726061
1976,5823.96076861978,0.0272463221171666,2.72463221171666,0.002330732560235083
1976,6115.158807050769,0.02366784152250534,2.366784152250534,-0.14904292139640518
1976,6420.916747403307,0.02293327582604945,2.293327582604945,-0.1863249327939152
1976,6741.962584773473,0.021248492118581815,2.1248492118581814,-0.2827597526588748
1976,7079.060714012147,0.019833273804309003,1.9833273804309004,-0.37866360456572484
1976,7433.013749712755,0.01945588225383625,1.9455882253836252,-0.4071199353032594
1976,7804.664437198393,0.015479792704212634,1.5479792704212634,-0.8279356283710633
1976,8194.897659058313,0.014502618153881404,1.4502618153881404,-0.9895495580051963
1976,8604.64254201123,0.01343783485076186,1.343783485076186,-1.2191232221361379
1976,9034.87466911179,0.011860877300572153,1.1860877300572152,-1.7680804283509923
1976,9486.618402567381,0.011368920457991602,1.1368920457991603,-2.053397540312536
1976,9960.94932269575,0.008740657874342092,0.8740657874342093,
1976,10458.996788830538,0.008039787852035556,0.8039787852035556,
1976,10981.946628272064,0.007466961391496559,0.7466961391496559,
1976,11531.04395968567,0.006927830605106916,0.6927830605106916,
1976,12107.596157669954,0.00659087386361339,0.659087386361339,
1976,12712.975965553453,0.005620438448112031,0.5620438448112031,
1976,13348.624763831123,0.005263264302128892,0.5263264302128893,
1976,14016.05600202268,0.004757829189888602,0.4757829189888602,
1976,14716.858802123816,0.004636524762950932,0.4636524762950932,
1976,15452.701742230007,0.00348413270704307,0.348413270704307,
1976,16225.33682934151,0.0032213064486781187,0.32213064486781184,
1976,17036.603670808585,0.0030123932689521318,0.30123932689521316,
1976,17888.433854349012,0.002675436527458605,0.2675436527458605,
1976,18782.855547066465,0.0024934798870521004,0.24934798870521005,
1976,19721.99832441979,0.002331740651135207,0.2331740651135207,
1976,20708.098240640782,0.0019408708310027158,0.1940870831002716,
1976,21743.50315267282,0.0018465229433845282,0.18465229433845282,
1976,22830.678310306463,0.0016847837074676353,0.16847837074676353,
1976,23972.212225821786,0.0016173923591689299,0.161739235916893,
1976,25170.82283711288,0.001293913887335144,0.1293913887335144,
1976,26429.363978968522,0.001145652921077992,0.11456529210779919,
1976,27750.832177916953,0.0010378267638000633,0.10378267638000632,
1976,29138.3737868128,0.0010041310896507106,0.10041310896507105,
1976,30595.29247615344,0.000822174449244206,0.0822174449244206,
1976,32125.05709996111,0.0007750005054351122,0.07750005054351122,
1976,33731.30995495917,0.0007480439661156301,0.074804396611563,
1976,35417.87545270713,0.0006604352133273131,0.06604352133273131,
1976,37188.76922534248,0.0006267395391779604,0.06267395391779604,
1976,39048.20768660961,0.0005526090560493843,0.05526090560493843,
1976,41000.618070940094,0.0004582611684311968,0.04582611684311968,
1976,43050.6489744871,0.0004245654942818441,0.04245654942818441,
1976,45203.18142321146,0.0003908698201324914,0.03908698201324914,
1976,47463.34049437203,0.0003706524156428798,0.037065241564287976,
1976,49836.50751909064,0.0002628262583649511,0.02628262583649511,
1976,52328.33289504517,0.00023586971904546893,0.023586971904546894,
1976,54944.749539797434,0.00022239144938572785,0.022239144938572784,
1976,57691.98701678731,0.00021565231455585731,0.021565231455585733,
1976,60576.58636762668,0.00020217404489611624,0.020217404489611623,
1976,63605.41568600801,0.0001954349100662457,0.01954349100662457,
1976,66785.68647030841,0.000161739235916893,0.0161739235916893,
1976,70124.97079382384,0.00014152183142728135,0.014152183142728135,
1976,73631.21933351504,0.00014152183142728135,0.014152183142728135,
1976,77312.78030019079,0.00012804356176754028,0.012804356176754027,
1976,81178.41931520033,0.0001145652921077992,0.01145652921077992,
1976,85237.34028096036,0.0001145652921077992,0.01145652921077992,
1976,89499.20729500837,0.0001145652921077992,0.01145652921077992,
1976,93974.1676597588,8.760875278831704e-05,0.008760875278831704,
1976,98672.87604274674,8.760875278831704e-05,0.008760875278831704,
1976,103606.51984488408,8.08696179584465e-05,0.00808696179584465,
1976,108786.84583712829,6.739134829870541e-05,0.006739134829870541,
1976,114226.18812898472,6.739134829870541e-05,0.006739134829870541,
1976,119937.49753543395,6.739134829870541e-05,0.006739134829870541,
1976,125934.37241220566,5.391307863896433e-05,0.005391307863896433,
1976,132231.09103281595,5.391307863896433e-05,0.005391307863896433,
1976,138842.64558445674,5.391307863896433e-05,0.005391307863896433,
1976,145784.77786367957,5.391307863896433e-05,0.005391307863896433,
1976,153074.0167568636,4.717394380909379e-05,0.004717394380909379,
1976,160727.71759470674,4.717394380909379e-05,0.004717394380909379,
1976,168764.10347444212,4.717394380909379e-05,0.004717394380909379,
1976,177202.30864816424,1.3478269659741082e-05,0.0013478269659741083,
1976,186062.42408057244,1.3478269659741082e-05,0.0013478269659741083,
1976,195365.54528460104,1.3478269659741082e-05,0.0013478269659741083,
1977,0.35428520150617615,1.0,100.0,1.5271796258079011
1977,0.37199946158148495,0.9999533579672366,99.99533579672367,1.5271694973316743
1977,0.39059943466055924,0.9999533579672366,99.99533579672367,1.5271694973316743
1977,0.4101294063935872,0.9999533579672366,99.99533579672367,1.5271694973316743
1977,0.4306358767132666,0.9999533579672366,99.99533579672367,1.5271694973316743
1977,0.45216767054893,0.9999533579672366,99.99533579672367,1.5271694973316743
1977,0.47477605407637646,0.9999533579672366,99.99533579672367,1.5271694973316743
1977,0.4985148567801953,0.9999533579672366,99.99533579672367,1.5271694973316743
1977,0.5234405996192051,0.9999533579672366,99.99533579672367,1.5271694973316743
1977,0.5496126296001653,0.9999533579672366,99.99533579672367,1.5271694973316743
1977,0.5770932610801737,0.9999533579672366,99.99533579672367,1.5271694973316743
1977,0.6059479241341823,0.9999533579672366,99.99533579672367,1.5271694973316743
1977,0.6362453203408915,0.9999533579672366,99.99533579672367,1.5271694973316743
1977,0.6680575863579361,0.9999533579672366,99.99533579672367,1.5271694973316743
1977,0.701460465675833,0.9999533579672366,99.99533579672367,1.5271694973316743
1977,0.7365334889596247,0.9999533579672366,99.99533579672367,1.5271694973316743
1977,0.7733601634076058,0.9999533579672366,99.99533579672367,1.5271694973316743
1977,0.8120281715779862,0.9999533579672366,99.99533579672367,1.5271694973316743
1977,0.8526295801568855,0.9999533579672366,99.99533579672367,1.5271694973316743
1977,0.89526105916473,0.9999533579672366,99.99533579672367,1.5271694973316743
1977,0.9400241121229663,0.9999533579672366,99.99533579672367,1.5271694973316743
1977,0.9870253177291148,0.9999533579672366,99.99533579672367,1.5271694973316743
1977,1.0363765836155705,0.9999533579672366,99.99533579672367,1.5271694973316743
1977,1.0881954127963491,0.9999533579672366,99.99533579672367,1.5271694973316743
1977,1.1426051834361666,0.9999533579672366,99.99533579672367,1.5271694973316743
1977,1.1997354426079752,0.9999533579672366,99.99533579672367,1.5271694973316743
1977,1.2597222147383738,0.9999533579672366,99.99533579672367,1.5271694973316743
1977,1.3227083254752925,0.9999533579672366,99.99533579672367,1.5271694973316743
1977,1.3888437417490573,0.9999533579672366,99.99533579672367,1.5271694973316743
1977,1.4582859288365104,0.9999533579672366,99.99533579672367,1.5271694973316743
1977,1.5312002252783359,0.9999533579672366,99.99533579672367,1.5271694973316743
1977,1.6077602365422525,0.9999533579672366,99.99533579672367,1.5271694973316743
1977,1.6881482483693653,0.9999533579672366,99.99533579672367,1.5271694973316743
1977,1.7725556607878337,0.9999533579672366,99.99533579672367,1.5271694973316743
1977,1.8611834438272254,0.9999533579672366,99.99533579672367,1.5271694973316743
1977,1.9542426160185868,0.9999533579672366,99.99533579672367,1.5271694973316743
1977,2.0519547468195163,0.9999533579672366,99.99533579672367,1.5271694973316743
1977,2.154552484160492,0.9999533579672366,99.99533579672367,1.5271694973316743
1977,2.262280108368517,0.9999533579672366,99.99533579672367,1.5271694973316743
1977,2.3753941137869425,0.9999533579672366,99.99533579672367,1.5271694973316743
1977,2.49416381947629,0.9999533579672366,99.99533579672367,1.5271694973316743
1977,2.6188720104501044,0.9999533579672366,99.99533579672367,1.5271694973316743
1977,2.7498156109726097,0.9999533579672366,99.99533579672367,1.5271694973316743
1977,2.887306391521241,0.9999429930710669,99.99429930710669,1.5271672464810897
1977,3.031671711097303,0.9999429930710669,99.99429930710669,1.5271672464810897
1977,3.183255296652168,0.9999429930710669,99.99429930710669,1.5271672464810897
1977,3.3424180614847767,0.9999429930710669,99.99429930710669,1.5271672464810897
1977,3.509538964559016,0.9999429930710669,99.99429930710669,1.5271672464810897
1977,3.6850159127869664,0.9998911685902186,99.98911685902186,1.5271559918021882
1977,3.869266708426315,0.9998911685902186,99.98911685902186,1.5271559918021882
1977,4.0627300438476315,0.9998911685902186,99.98911685902186,1.5271559918021882
1977,4.265866546040013,0.9998911685902186,99.98911685902186,1.5271559918021882
1977,4.479159873342013,0.9998911685902186,99.98911685902186,1.5271559918021882
1977,4.703117867009114,0.9998911685902186,99.98911685902186,1.5271559918021882
1977,4.9382737603595706,0.9998911685902186,99.98911685902186,1.5271559918021882
1977,5.185187448377548,0.9998911685902186,99.98911685902186,1.5271559918021882
1977,5.4444468207964265,0.9998756212459642,99.98756212459642,1.5271526152600665
1977,5.716669161836248,0.9998756212459642,99.98756212459642,1.5271526152600665
1977,6.0025026199280616,0.9998756212459642,99.98756212459642,1.5271526152600665
1977,6.302627750924464,0.9998756212459642,99.98756212459642,1.5271526152600665
1977,6.617759138470689,0.9998704387978793,99.98704387978793,1.5271514897318248
1977,6.9486470953942225,0.9998704387978793,99.98704387978793,1.5271514897318248
1977,7.2960794501639334,0.999792702076607,99.9792702076607,1.527134605956086
1977,7.66088342267213,0.9997875196285221,99.97875196285221,1.5271334803142251
1977,8.043927593805737,0.9997719722842676,99.97719722842676,1.5271301033460307
1977,8.446123973496025,0.9997719722842676,99.97719722842676,1.5271301033460307
1977,8.868430172170827,0.9997460600438435,99.97460600438434,1.5271244749236623
1977,9.311851680779368,0.9997460600438435,99.97460600438434,1.5271244749236623
1977,9.777444264818337,0.9997460600438435,99.97460600438434,1.5271244749236623
1977,10.266316478059254,0.9997356951476739,99.97356951476739,1.5271222235049977
1977,10.779632301962218,0.9995076674319415,99.95076674319415,1.5270726851052152
1977,11.318613917060329,0.9995076674319415,99.95076674319415,1.5270726851052152
1977,11.884544612913345,0.9994921200876871,99.94921200876871,1.5270693069861268
1977,12.478771843559015,0.9994713902953477,99.94713902953477,1.5270648027278488
1977,13.102710435736965,0.9994662078472629,99.94662078472629,1.5270636766455121
1977,13.757845957523815,0.999461025399178,99.9461025399178,1.5270625505560682
1977,14.445738255400004,0.9991604434102581,99.91604434102581,1.5269972252052886
1977,15.168025168170008,0.9991397136179189,99.91397136179188,1.5269927191269839
1977,15.926426426578509,0.9991397136179189,99.91397136179188,1.5269927191269839
1977,16.722747747907434,0.9990982540332403,99.90982540332402,1.5269837066289784
1977,17.558885135302805,0.9990930715851554,99.90930715851553,1.52698258003472
1977,18.436829392067946,0.9981343186894626,99.81343186894625,1.5267740376288976
1977,19.358670861671346,0.9981291362413777,99.81291362413776,1.5267729097101772
1977,20.326604404754914,0.9981032240009535,99.81032240009536,1.5267672700096449
1977,21.342934624992658,0.9975176073673682,99.75176073673681,1.5266397652286419
1977,22.410081356242294,0.9974865126788592,99.74865126788592,1.5266329925159254
1977,23.530585424054408,0.9974709653346048,99.74709653346048,1.5266296060631928
1977,24.707114695257133,0.997434688198011,99.7434688198011,1.5266217040902745
1977,25.942470430019988,0.9971755657937696,99.71755657937696,1.5265652512506978
1977,27.23959395152099,0.9971133764167518,99.71133764167519,1.5265516999120439
1977,28.60157364909704,0.9963100969636036,99.63100969636037,1.5263765692624325
1977,30.031652331551893,0.9962841847231796,99.62841847231796,1.5263709170251332
1977,31.53323494812949,0.9962064480019072,99.62064480019072,1.5263539592394368
1977,33.109896695535966,0.9958955011168176,99.58955011168176,1.5262861119846216
1977,34.76539153031276,0.9958333117397996,99.58333117397996,1.5262725394390957
1977,36.5036611068284,0.9900704294694728,99.00704294694728,1.5250103193579008
1977,38.32884416216983,0.9900237874367094,99.00237874367093,1.5250000670823607
1977,40.245286370278315,0.9898372193056556,98.98372193056557,1.5249590520982288
1977,42.257550688792236,0.9897698474805529,98.97698474805529,1.5249442388183594
1977,44.37042822323185,0.9877020506947072,98.77020506947072,1.5244889870156237
1977,46.588949634393444,0.9873548266730238,98.73548266730238,1.524412427420861
1977,48.91839711611312,0.9872719075036666,98.72719075036666,1.5243941396828253
1977,51.36431697191878,0.9869091361377288,98.69091361377288,1.5243141088311474
1977,53.93253282051472,0.981203260796335,98.1203260796335,1.5230506045256431
1977,56.62915946154045,0.981172166107826,98.11721661078259,1.5230436944446675
1977,59.46061743461748,0.9802289605563876,98.02289605563877,1.5228339618030902
1977,62.43364830634836,0.9799646557040614,97.99646557040614,1.5227751464715864
1977,65.55533072166577,0.9786224016500915,97.86224016500915,1.5224761583138418
1977,68.83309725774907,0.9784202861747833,97.84202861747832,1.5224310936581833
1977,72.27475212063652,0.962494623210112,96.24946232101121,1.5188441379966406
1977,75.88848972666835,0.9621888587731072,96.21888587731073,1.5187745639711792
1977,79.68291421300178,0.9614011266642136,96.14011266642136,1.518595198188665
1977,83.66705992365188,0.9608155100306283,96.08155100306283,1.518461737750448
1977,87.85041291983447,0.9590742074741266,95.90742074741266,1.5180643130890665
1977,92.24293356582619,0.9515026508221954,95.15026508221955,1.5163259383336032
1977,96.8550802441175,0.95106732518307,95.106732518307,1.5162254782726712
1977,101.69783425632339,0.9497250711291,94.97250711291,1.5159153730472372
1977,106.78272596913956,0.9276271124954005,92.76271124954005,1.5107318159604783
1977,112.12186226759655,0.927285070921802,92.7285070921802,1.5106504016535585
1977,117.72795538097637,0.925227639032126,92.5227639032126,1.5101599075211165
1977,123.6143531500252,0.9246627521908799,92.46627521908799,1.5100250048187378
1977,129.79507080752646,0.9179825766095389,91.79825766095388,1.5084220158400805
1977,136.2848243479028,0.9166817821402474,91.66817821402475,1.5081082173086156
1977,143.09906556529793,0.8921739851471038,89.21739851471038,1.502092332545848
1977,150.25401884356285,0.8910079343280178,89.10079343280178,1.5018010833633446
1977,157.766719785741,0.8895568488642664,88.95568488642664,1.5014379884012161
1977,165.65505577502805,0.8833586409548142,88.33586409548143,1.4998788590266565
1977,173.93780856377944,0.8776631305095901,87.76631305095901,1.498434337688653
1977,182.63469899196843,0.8481283588741649,84.8128358874165,1.4907550240681766
1977,191.76643394156687,0.8414896428775025,84.14896428775025,1.4889837503358911
1977,201.3547556386452,0.8134059567058287,81.34059567058287,1.4812965898009176
1977,211.42249342057747,0.8107784555268217,81.07784555268218,1.4805607575899518
1977,221.99361809160638,0.7780046538383801,77.80046538383802,1.4711288191441063
1977,233.09329899618672,0.7729154898190808,77.29154898190808,1.4696204315965795
1977,244.74796394599605,0.7693706953290596,76.93706953290595,1.4685625464812488
1977,256.98536214329584,0.7506931524313455,75.06931524313455,1.4628877166043326
1977,269.8346302504607,0.7438315911670355,74.38315911670355,1.4607591318162805
1977,283.3263617629837,0.7375245518478019,73.75245518478019,1.4587811217663718
1977,297.4926798511329,0.7004855953855482,70.04855953855483,1.4467280727703835
1977,312.36731384368954,0.6861820386714276,68.61820386714275,1.4418610039644746
1977,327.98567953587406,0.6678724495877363,66.78724495877363,1.4354444887279458
1977,344.38496351266775,0.6602283386626174,66.02283386626175,1.4327008890328512
1977,361.6042116883012,0.6169859918428268,61.69859918428268,1.4164018543067383
1977,379.68442227271623,0.6050197192149628,60.50197192149628,1.4116394335557862
1977,398.6686433863521,0.5664467581196005,56.644675811960056,1.3954518032533738
1977,418.6020755556697,0.5600101575982462,56.001015759824625,1.3926167896654278
1977,439.5321793334532,0.5166071548878259,51.66071548878259,1.3723723068811233
1977,461.5087883001259,0.49833384294072836,49.833384294072836,1.3632010327313377
1977,484.5842277151323,0.49327577360993785,49.327577360993786,1.3605875808736323
1977,508.81343910088884,0.47970294207577774,47.97029420757777,1.3534048700655257
1977,534.2541110559333,0.4384454728724755,43.84454728724755,1.3298960482390452
1977,560.96681660873,0.43438243357397166,43.43824335739717,1.32743043866723
1977,589.0151574391665,0.4170937867629911,41.70937867629911,1.316602855954506
1977,618.465915311125,0.4073611492596873,40.73611492596873,1.3102539578411994
1977,649.3892110766812,0.38722733845013707,38.72273384501371,1.2964864042755422
1977,681.8586716305152,0.3798682621696837,37.986826216968375,1.2912249931257085
1977,715.951605212041,0.33472395690276174,33.47239569027617,1.25582145509702
1977,751.7491854726431,0.3273856104146477,32.73856104146477,1.2494872147510765
1977,789.3366447462753,0.3165180167807669,31.65180167807669,1.2397631420097919
1977,828.803476983589,0.3091952176369073,30.91952176369073,1.2329647731440745
1977,870.2436508327687,0.3003695085484481,30.03695085484481,1.2244893881384513
1977,913.755833374407,0.27716768847268075,27.716768847268074,1.200578330686408
1977,959.4436250431276,0.26783928191999334,26.783928191999333,1.1902192604478095
1977,1007.4158062952838,0.2594022564378961,25.94022564378961,1.1804364478547233
1977,1057.786596610048,0.2555724273032095,25.55724273032095,1.1758574713118097
1977,1110.6759264405507,0.21801004358438839,21.80100435843884,1.1255644734028865
1977,1166.2097227625782,0.2114490643089983,21.14490643089983,1.11560018898721
1977,1224.520208900707,0.20590902730631896,20.590902730631896,1.1068612929658663
1977,1285.7462193457425,0.18976051907400018,18.97605190740002,1.079489867779081
1977,1350.0335303130296,0.18398208945941885,18.398208945941885,1.0689271183031575
1977,1417.5352068286813,0.1615783663887147,16.15783663887147,1.023315723721392
1977,1488.4119671701155,0.15688825087194688,15.688825087194688,1.0126725848804488
1977,1562.8325655286212,0.15367513305935457,15.367513305935457,1.0051275521321175
1977,1640.9741938050522,0.14539358101980213,14.539358101980213,0.9846442133206154
1977,1723.022903495305,0.14163630615830305,14.163630615830305,0.9748152506567177
1977,1809.1740486700703,0.12198964546872652,12.198964546872652,0.9168310158665166
1977,1899.6327511035738,0.11872470317528594,11.872470317528593,0.9059261249599039
1977,1994.6143886587527,0.11387911421597334,11.387911421597334,0.8889410728368818
1977,2094.3451080916907,0.11133971465440845,11.133971465440846,0.87962713211956
1977,2199.0623634962753,0.09752849050834633,9.752849050834634,0.8231044541654425
1977,2309.0154816710888,0.09357428261962386,9.357428261962387,0.8047648021172784
1977,2424.4662557546435,0.09140801932016646,9.140801932016645,0.7942352364031129
1977,2545.689568542376,0.08366025943335112,8.366025943335112,0.7533853625695796
1977,2672.974046969495,0.08014137718375407,8.014137718375407,0.732948108428204
1977,2806.6227493179695,0.07850890603703377,7.850890603703377,0.7230102947755122
1977,2946.9538867838683,0.06930487823838224,6.930487823838225,0.6605879364351793
1977,3094.3015811230616,0.06698314149638006,6.698314149638006,0.6428301858990098
1977,3249.016660179215,0.06300820381531828,6.300820381531828,0.6101349839289265
1977,3411.4674931881755,0.061132157608611154,6.113215760861116,0.5935770602901076
1977,3582.0408678475847,0.051342513176374255,5.134251317637426,0.49221391516393814
1977,3761.142911239964,0.04976704895858706,4.976704895858706,0.4729792006761858
1977,3949.200056801962,0.047243196741276645,4.724319674127664,0.4400105284948606
1977,4146.660059642061,0.046113423058784506,4.61134230587845,0.4242992844291226
1977,4353.993062624164,0.04158914588073114,4.158914588073114,0.3543501303826608
1977,4571.692715755373,0.040412730165475565,4.0412730165475566,0.334011887761022
1977,4800.277351543141,0.037862965707741024,3.7862965707741023,0.2862222949376117
1977,5040.291219120299,0.0358884529874222,3.58884529874222,0.24516372349598547
1977,5292.305780076314,0.0352199171844796,3.52199171844796,0.23033892933653421
1977,5556.921069080129,0.029457034914152747,2.9457034914152747,0.07728290148054942
1977,5834.767122534136,0.027466974849579443,2.746697484957944,0.01034557495373161
1977,6126.505478660844,0.025736037189247458,2.573603718924746,-0.056245386337721
1977,6432.830752593885,0.023341746174057702,2.33417461740577,-0.16527761857046855
1977,6754.472290223581,0.022201607595395915,2.2201607595395916,-0.22617362802666852
1977,7092.195904734759,0.018143750744976914,1.8143750744976914,-0.5179491075439006
1977,7446.805699971498,0.017216092537793003,1.7216092537793004,-0.6101682351008981
1977,7819.145984970072,0.01594121030892573,1.5941210308925728,-0.7628778101363598
1977,8210.103284218578,0.01495654517280873,1.495654517280873,-0.9099013991137964
1977,8620.608448429506,0.014173995511999958,1.4173995511999957,-1.0531880951476564
1977,9051.638870850982,0.012230577480190092,1.2230577480190092,-1.602690358855113
1977,9504.220814393531,0.011536129436823367,1.1536129436823366,-1.9456192372133085
1977,9979.43185511321,0.010541099404536715,1.0541099404536716,-2.943201447529087
1977,10478.40344786887,0.010136868453920263,1.0136868453920262,-4.298124810923774
1977,11002.323620262314,0.00799133494680217,0.7991334946802171,
1977,11552.43980127543,0.007467907690234713,0.7467907690234713,
1977,12130.061791339202,0.006892655952818992,0.6892655952818992,
1977,12736.56488090616,0.006125653636264699,0.6125653636264698,
1977,13373.39312495147,0.0056644157567151575,0.5664415756715158,
1977,14042.062781199043,0.005317191735031795,0.5317191735031794,
1977,14744.165920258998,0.004394715975932711,0.4394715975932711,
1977,15481.374216271948,0.004037127058079695,0.40371270580796953,
1977,16255.442927085545,0.003643261003632896,0.3643261003632896,
1977,17068.215073439824,0.0034307806321550176,0.34307806321550177,
1977,17921.625827111817,0.0028658937909089494,0.28658937909089494,
1977,18817.70711846741,0.0026482309713462444,0.26482309713462443,
1977,19758.59247439078,0.00247202773646215,0.24720277364621498,
1977,20746.52209811032,0.002306189397747708,0.23061893977477083,
1977,21783.848203015837,0.00193823558372504,0.193823558372504,
1977,22873.040613166628,0.0017879445892650771,0.17879445892650772,
1977,24016.69264382496,0.001668748283314072,0.16687482833140718,
1977,25217.52727601621,0.0014666328080058459,0.14666328080058458,
1977,26478.40363981702,0.00140444343098793,0.140444343098793,
1977,27802.323821807873,0.0013474365020548407,0.13474365020548407,
1977,29192.44001289827,0.0012075104037645302,0.12075104037645303,
1977,30652.062013543185,0.0011142263382376567,0.11142263382376567,
1977,32184.665114220345,0.0010313071688804356,0.10313071688804357,
1977,33793.89836993136,0.0009950300322866515,0.09950300322866515,
1977,35483.59328842793,0.0008654688301659938,0.08654688301659938,
1977,37257.77295284933,0.0007877321088935992,0.07877321088935992,
1977,39120.6616004918,0.000751454972299815,0.0751454972299815,
1977,41076.69468051639,0.0007151778357060309,0.07151778357060308,
1977,43130.529414542216,0.0006581709067729414,0.06581709067729413,
1977,45287.05588526933,0.0006115288740095046,0.061152887400950456,
1977,47551.4086795328,0.0005752517374157204,0.057525173741572046,
1977,49928.979113509435,0.0005648868412460678,0.05648868412460678,
1977,52425.42806918491,0.0005493394969915889,0.054933949699158886,
1977,55046.69947264416,0.00046642032763436793,0.04664203276343679,
1977,57799.03444627636,0.00045087298337988897,0.0450872983379889,
1977,60688.98616859019,0.0004197782948709311,0.04197782948709311,
1977,63723.435477019695,0.0004145958467861048,0.04145958467861048,
1977,66909.60725087069,0.00038350115827714694,0.03835011582771469,
1977,70255.08761341422,0.00037831871019232063,0.03783187101923206,
1977,73767.84199408494,0.00035240646976818907,0.035240646976818904,
1977,77456.23409378919,0.00032649422934405756,0.03264942293440576,
1977,81329.04579847866,0.0002953995408350997,0.02953995408350997,
1977,85395.49808840259,0.00026948730041096813,0.026948730041096814,
1977,89665.27299282272,0.00024875750807166287,0.024875750807166287,
1977,94148.53664246386,0.00023839261190201027,0.023839261190201026,
1977,98855.96347458706,0.00022284526764753133,0.022284526764753135,
1977,103798.76164831642,0.00021766281956270503,0.021766281956270502,
1977,108988.69973073225,0.00021766281956270503,0.021766281956270502,
1977,114438.13471726885,0.00018656813105374717,0.018656813105374717,
1977,120160.0414531323,0.00017102078679926823,0.017102078679926823,
1977,126168.04352578893,0.0001554734425447893,0.01554734425447893,
1977,132476.44570207837,0.0001451085463751367,0.01451085463751367,
1977,139100.2679871823,0.00013992609829031037,0.013992609829031036,
1977,146055.28138654144,0.0001036489616965262,0.01036489616965262,
1977,153358.0454558685,8.810161744204727e-05,0.008810161744204726,
1977,161025.94772866194,6.737182510274203e-05,0.0067371825102742035,
1977,169077.24511509505,6.218937701791572e-05,0.006218937701791572,
1977,177531.10737084982,5.7006928933089416e-05,0.005700692893308942,
1977,186407.66273939228,4.664203276343679e-05,0.004664203276343679,
1977,195728.04587636192,3.6277136593784174e-05,0.0036277136593784176,
1977,205514.44817018003,3.6277136593784174e-05,0.0036277136593784176,
1977,215790.17057868905,2.591224042413155e-05,0.002591224042413155,
1977,226579.6791076235,2.591224042413155e-05,0.002591224042413155,
1977,237908.6630630047,5.18244808482631e-06,0.0005182448084826311,
1978,0.25595089967394596,1.0,100.0,1.5271796258079011
1978,0.26874844465764325,0.9999072764783606,99.99072764783607,1.5271594900147463
1978,0.28218586689052544,0.9999072764783606,99.99072764783607,1.5271594900147463
1978,0.2962951602350517,0.9999072764783606,99.99072764783607,1.5271594900147463
1978,0.31110991824680434,0.9999072764783606,99.99072764783607,1.5271594900147463
1978,0.3266654141591446,0.9999072764783606,99.99072764783607,1.5271594900147463
1978,0.34299868486710183,0.9999072764783606,99.99072764783607,1.5271594900147463
1978,0.3601486191104569,0.9999072764783606,99.99072764783607,1.5271594900147463
1978,0.3781560500659798,0.9999072764783606,99.99072764783607,1.5271594900147463
1978,0.3970638525692788,0.9999072764783606,99.99072764783607,1.5271594900147463
1978,0.4169170451977427,0.9999072764783606,99.99072764783607,1.5271594900147463
1978,0.43776289745762986,0.9999072764783606,99.99072764783607,1.5271594900147463
1978,0.4596510423305114,0.9999072764783606,99.99072764783607,1.5271594900147463
1978,0.482633594447037,0.9999072764783606,99.99072764783607,1.5271594900147463
1978,0.5067652741693889,0.9999072764783606,99.99072764783607,1.5271594900147463
1978,0.5321035378778584,0.9999026403022787,99.99026403022788,1.5271584831654306
1978,0.5587087147717512,0.9999026403022787,99.99026403022788,1.5271584831654306
1978,0.5866441505103389,0.9999026403022787,99.99026403022788,1.5271584831654306
1978,0.6159763580358558,0.9999026403022787,99.99026403022788,1.5271584831654306
1978,0.6467751759376487,0.9999026403022787,99.99026403022788,1.5271584831654306
1978,0.6791139347345311,0.9999026403022787,99.99026403022788,1.5271584831654306
1978,0.7130696314712577,0.9999026403022787,99.99026403022788,1.5271584831654306
1978,0.7487231130448206,0.9999026403022787,99.99026403022788,1.5271584831654306
1978,0.7861592686970617,0.9999026403022787,99.99026403022788,1.5271584831654306
1978,0.8254672321319148,0.9999026403022787,99.99026403022788,1.5271584831654306
1978,0.8667405937385106,0.9999026403022787,99.99026403022788,1.5271584831654306
1978,0.9100776234254361,0.9999026403022787,99.99026403022788,1.5271584831654306
1978,0.955581504596708,0.9999026403022787,99.99026403022788,1.5271584831654306
1978,1.0033605798265435,0.9999026403022787,99.99026403022788,1.5271584831654306
1978,1.0535286088178708,0.9998980041261967,99.98980041261967,1.5271574763104325
1978,1.1062050392587643,0.9998980041261967,99.98980041261967,1.5271574763104325
1978,1.1615152912217024,0.9998980041261967,99.98980041261967,1.5271574763104325
1978,1.2195910557827876,0.9998980041261967,99.98980041261967,1.5271574763104325
1978,1.280570608571927,0.9998794594218688,99.98794594218688,1.5271534488336183
1978,1.3445991390005234,0.9998794594218688,99.98794594218688,1.5271534488336183
1978,1.4118290959505497,0.9998794594218688,99.98794594218688,1.5271534488336183
1978,1.4824205507480772,0.9998794594218688,99.98794594218688,1.5271534488336183
1978,1.5565415782854812,0.9998748232457869,99.98748232457869,1.5271524419502087
1978,1.6343686571997553,0.9998748232457869,99.98748232457869,1.5271524419502087
1978,1.7160870900597431,0.9998748232457869,99.98748232457869,1.5271524419502087
1978,1.8018914445627303,0.9998748232457869,99.98748232457869,1.5271524419502087
1978,1.8919860167908669,0.9998748232457869,99.98748232457869,1.5271524419502087
1978,1.9865853176304105,0.9998748232457869,99.98748232457869,1.5271524419502087
1978,2.085914583511931,0.9998701870697049,99.98701870697049,1.5271514350611168
1978,2.190210312687528,0.9998701870697049,99.98701870697049,1.5271514350611168
1978,2.299720828321904,0.9998701870697049,99.98701870697049,1.5271514350611168
1978,2.4147068697379996,0.999865550893623,99.9865550893623,1.5271504281663422
1978,2.5354422132248997,0.999865550893623,99.9865550893623,1.5271504281663422
1978,2.6622143238861447,0.9998052806045573,99.98052806045573,1.5271373380171318
1978,2.795325040080452,0.9998052806045573,99.98052806045573,1.5271373380171318
1978,2.9350912920844747,0.9998006444284754,99.98006444284754,1.527136331042795
1978,3.081845856688699,0.9997589188437377,99.97589188437377,1.5271272680180015
1978,3.2359381495231334,0.9997589188437377,99.97589188437377,1.5271272680180015
1978,3.3977350569992906,0.9997542826676558,99.97542826676558,1.5271262609868275
1978,3.567621809849255,0.9997542826676558,99.97542826676558,1.5271262609868275
1978,3.746002900341718,0.9997496464915737,99.97496464915737,1.5271252539499693
1978,3.9333030453588043,0.999698648554672,99.96986485546721,1.5271141761693663
1978,4.129968197626744,0.9996893762025082,99.96893762025081,1.5271121619535388
1978,4.336466607508083,0.9996893762025082,99.96893762025081,1.5271121619535388
1978,4.553289937883486,0.9996754676742623,99.96754676742623,1.5271091405871606
1978,4.780954434777661,0.9996708314981803,99.96708314981802,1.5271081334536647
1978,5.0200021565165445,0.9996661953220983,99.96661953220983,1.5271071263144835
1978,5.271002264342371,0.9996151973851967,99.96151973851967,1.5270960474082556
1978,5.53455237755949,0.9996151973851967,99.96151973851967,1.5270960474082556
1978,5.811279996437465,0.9996059250330328,99.96059250330327,1.5270940329877551
1978,6.101843996259339,0.9996012888569508,99.96012888569507,1.5270930257689759
1978,6.406936196072306,0.9995549270961311,99.95549270961311,1.527082953268444
1978,6.727283005875921,0.9995549270961311,99.95549270961311,1.527082953268444
1978,7.063647156169718,0.9995456547439672,99.95456547439672,1.5270809387001003
1978,7.416829513978204,0.9995410185678852,99.95410185678853,1.5270799314073984
1978,7.787670989677115,0.999415841813672,99.9415841813672,1.5270527323546443
1978,8.17705453916097,0.9994112056375901,99.94112056375901,1.5270517249026898
1978,8.585907266119019,0.9993833885810983,99.93833885810983,1.527045680071503
1978,9.015202629424971,0.9993509353485245,99.93509353485244,1.52703862750961
1978,9.465962760896218,0.9993370268202786,99.93370268202786,1.5270356048977471
1978,9.939260898941031,0.9993323906441967,99.93323906441967,1.5270345973490806
1978,10.436223943888082,0.9991098541922622,99.91098541922622,1.5269862283211852
1978,10.958035141082489,0.9991005818400983,99.91005818400983,1.5269842126604523
1978,11.505936898136612,0.9990913094879343,99.90913094879343,1.5269821969769495
1978,12.081233743043443,0.9990634924314425,99.90634924314425,1.5269761497898178
1978,12.685295430195618,0.9990542200792786,99.90542200792785,1.5269741340152312
1978,13.319560201705398,0.9984515171886228,99.84515171886228,1.5268430597989786
1978,13.985538211790669,0.9984422448364589,99.84422448364589,1.526841042520406
1978,14.684815122380202,0.9983819745473933,99.83819745473933,1.5268279296538214
1978,15.419055878499213,0.9980110804608359,99.80110804608358,1.5267472138749627
1978,16.190008672424174,0.9979832634043441,99.7983263404344,1.5267411587196584
1978,16.999509106045384,0.9979276292913605,99.79276292913605,1.5267290477926991
1978,17.849484561347655,0.9979183569391965,99.79183569391965,1.5267270292249695
1978,18.741958789415037,0.9976587310786064,99.76587310786064,1.5266705000575382
1978,19.67905672888579,0.9975984607895408,99.75984607895408,1.5266573746540901
1978,20.663009565330082,0.9968891258489997,99.68891258489997,1.526502826182308
1978,21.69616004359659,0.9968242193838522,99.68242193838522,1.5264886778075106
1978,22.780968045776415,0.9967732214469506,99.67732214469505,1.5264775604405716
1978,23.920016448065237,0.9965970467558358,99.65970467558358,1.5264391496630187
1978,25.1160172704685,0.9965414126428521,99.65414126428522,1.5264270182265207
1978,26.371818133991926,0.9928695611859338,99.28695611859338,1.5256245155272892
1978,27.690409040691524,0.9928000185447043,99.28000185447044,1.5256092817643188
1978,29.074929492726103,0.9926470247339994,99.26470247339994,1.5255757629122686
1978,30.528675967362407,0.99255430121236,99.255430121236,1.52555544539519
1978,32.05510976573053,0.9912098101485894,99.12098101485894,1.525260581452274
1978,33.65786525401706,0.990982637520573,99.0982637520573,1.5252107115223814
1978,35.34075851671791,0.9908806416467697,99.08806416467696,1.525188316413652
1978,37.10779644255381,0.9906673775469992,99.06673775469991,1.5251414812059647
1978,38.963186264681504,0.9870557963791465,98.70557963791465,1.5243464678038776
1978,40.911345577915576,0.9870047984422449,98.70047984422449,1.5243352163328208
1978,42.95691285681136,0.9864438211363268,98.64438211363267,1.5242114034064445
1978,45.10475849965193,0.9862073761561464,98.62073761561464,1.5241591921034985
1978,47.359996424634524,0.9855304944481792,98.55304944481792,1.5240096401258454
1978,49.72799624586626,0.985405317693966,98.5405317693966,1.523981969547704
1978,52.214396058159565,0.9754189944134078,97.54189944134079,1.5217605734252388
1978,54.82511586106755,0.9752103664897193,97.52103664897193,1.5217138703371453
1978,57.566371654120935,0.9747560212336864,97.47560212336865,1.5216121192556784
1978,60.44469023682698,0.9744778506687684,97.44778506687683,1.5215497941521985
1978,63.46692474866833,0.9734115301699159,97.34115301699158,1.5213106802926253
1978,66.64027098610175,0.9693734208025221,96.93734208025221,1.5204022651213476
1978,69.97228453540684,0.9690581608289482,96.90581608289483,1.5203311500769077
1978,73.47089876217719,0.9683534620644892,96.83534620644892,1.5201720850383875
1978,77.14444370028605,0.9536892371172258,95.36892371172257,1.5168296902411564
1978,81.00166588530035,0.9534759730174552,95.34759730174552,1.5167806198718656
1978,85.05174917956538,0.952367926933865,95.23679269338649,1.5165254517038333
1978,89.30433663854365,0.9520619393124551,95.20619393124551,1.5164549230567543
1978,93.76955347047084,0.9483066366860613,94.83066366860614,1.515587086198793
1978,98.45803114399439,0.9477502955562253,94.77502955562252,1.5154581613325
1978,103.38093270119411,0.9318574839472403,93.18574839472403,1.511735729140553
1978,108.54997933625381,0.9312269640000927,93.12269640000927,1.5115864530573189
1978,113.9774783030665,0.93074943786365,93.07494378636501,1.5114733162572604
1978,119.67635221821983,0.9277915575233547,92.77915575233547,1.5107709448779831
1978,125.66016982913084,0.9262152576554857,92.62152576554857,1.5103955229395971
1978,131.94317832058738,0.9055981826189758,90.55981826189759,1.5054121961190268
1978,138.54033723661675,0.9043371427246807,90.43371427246807,1.5051029026238365
1978,145.4673540984476,0.902153503790074,90.2153503790074,1.5045660760586084
1978,152.74072180336998,0.9011567259324509,90.1156725932451,1.504320499699523
1978,160.3777578935385,0.8791905236560884,87.91905236560883,1.4988228450266101
1978,168.39664578821544,0.8760842856811701,87.60842856811702,1.4980318726643118
1978,176.8164780776262,0.8707295023064976,87.07295023064975,1.4966602410480827
1978,185.65730198150752,0.8568719719974964,85.68719719974965,1.4930621563921318
1978,194.94016708058294,0.8478175201094138,84.78175201094137,1.490672468868586
1978,204.68717543461207,0.8218873872829691,82.18873872829691,1.4836520556613135
1978,214.92153420634267,0.795836713878393,79.5836713878393,1.476319906008361
1978,225.6676109166598,0.790996546048819,79.09965460488189,1.4749251259890201
1978,236.95099146249282,0.7806393286817034,78.06393286817034,1.471904956937192
1978,248.79854103561746,0.7755858967523587,77.55858967523587,1.4704134367695274
1978,261.23846808739836,0.7410695658221099,74.106956582211,1.4598954604720977
1978,274.30039149176827,0.73819513665129,73.819513665129,1.4589924187934298
1978,288.0154110663567,0.7242448828206496,72.42448828206496,1.4545473371850675
1978,302.4161816196746,0.7203551310878787,72.03551310878787,1.4532890590956689
1978,317.5369907006583,0.6798998585966295,67.98998585966295,1.4396835591120787
1978,333.4138402356912,0.6656807065532349,66.56807065532348,1.4346618271551217
1978,350.08453224747586,0.6615776907206936,66.15776907206936,1.4331880447622423
1978,367.5887588598496,0.6460279561417742,64.60279561417742,1.427498127303297
1978,385.9681968028421,0.602433992443033,60.2433992443033,1.410594948160703
1978,405.26660664298424,0.5753633603004242,57.53633603004242,1.3993134140650068
1978,425.52993697513347,0.5553304434502423,55.53304434502423,1.390529937682604
1978,446.8064338238902,0.5439532673450937,54.395326734509375,1.385363489132008
1978,469.1467555150847,0.5203041331509771,52.03041331509771,1.37417836271208
1978,492.604093290839,0.5120424673729108,51.20424673729108,1.370119874690474
1978,517.2342979553808,0.46288509237580844,46.28850923758085,1.3441417290055548
1978,543.09601285315,0.45442870720229955,45.442870720229955,1.3393222298024485
1978,570.2508134958075,0.44281044994088875,44.28104499408887,1.3325128967631674
1978,598.7633541705978,0.4337003639398224,43.37003639398224,1.3270136725231052
1978,628.7015218791279,0.42140986114652634,42.140986114652634,1.3193585177722147
1978,660.1365979730842,0.3954519112635898,39.54519112635898,1.3022179720442897
1978,693.1434278717385,0.3840191010454577,38.40191010454577,1.2942084579268265
1978,727.8005992653254,0.3716497832587682,37.16497832587682,1.2851933373190085
1978,764.1906292285918,0.36654535339252187,36.654535339252185,1.2813607454372709
1978,802.4001606900214,0.3250515774589119,32.50515774589119,1.2474341603311634
1978,842.5201687245225,0.3157653167667308,31.57653167667308,1.2390737475472406
1978,884.6461771607486,0.3090335890957139,30.903358909571388,1.2328123811629423
1978,928.8784860187861,0.28820324995943347,28.82032499594335,1.2122626089289985
1978,975.3224103197255,0.2797607733141705,27.97607733141705,1.2033775563898983
1978,1024.0885308357117,0.25058068105426645,25.058068105426646,1.169752674377882
1978,1075.2929573774975,0.24389995132015113,24.389995132015112,1.1613282163403242
1978,1129.0576052463723,0.23878161292565891,23.878161292565892,1.1546662574986941
1978,1185.510485508691,0.22603676487633,22.603676487633003,1.137227873092222
1978,1244.7860097841256,0.21946730336818193,21.94673033681819,1.1277237963340891
1978,1307.0253102733318,0.19256820974060596,19.256820974060595,1.0844678373179721
1978,1372.3765757869985,0.18802012100419574,18.802012100419574,1.07635437246272
1978,1440.9954045763486,0.17998099167806395,17.998099167806394,1.061348591493455
1978,1513.0451748051662,0.17570643733048982,17.570643733048982,1.0529974168202263
1978,1588.6974335454245,0.15563179489557014,15.563179489557013,1.0097474988974005
1978,1668.1323052226958,0.14934977630450405,14.934977630450405,0.994623407398189
1978,1751.5389204838307,0.14583091865829065,14.583091865829065,0.9857655865798367
1978,1839.1158665080222,0.13443983402489626,13.443983402489627,0.9549465452307094
1978,1931.0716598334234,0.12892278448735484,12.892278448735484,0.9386894226707986
1978,2027.6252428250946,0.12594172326664968,12.594172326664967,0.9294968235984912
1978,2129.0065049663494,0.11145830918658291,11.145830918658291,0.8800687740037276
1978,2235.456830214667,0.10773082361668096,10.773082361668095,0.8658604961342986
1978,2347.2296717254003,0.1012309047497624,10.123090474976241,0.839331498797841
1978,2464.5911553116707,0.09812930295092608,9.812930295092608,0.8257973435865558
1978,2587.820713077254,0.08383133591413802,8.383133591413802,0.7543465931618631
1978,2717.211748731117,0.08119335172349845,8.119335172349846,0.7391946706040251
1978,2853.072336167673,0.07744268527318668,7.744268527318668,0.7163523581524986
1978,2995.7259529760568,0.07501796518231763,7.501796518231762,0.7006899262085229
1978,3145.51225062486,0.06789216254433343,6.789216254433343,0.6498928075284621
1978,3302.787863156103,0.06596351329423492,6.5963513294234914,0.6347320954168209
1978,3467.9272563139084,0.06179095482046408,6.179095482046408,0.5994801942195391
1978,3641.323619129604,0.05879598507151301,5.879598507151301,0.5718201414820634
1978,3823.389800086084,0.05759057929020144,5.759057929020144,0.5600579229460918
1978,4014.5592900903885,0.04905074294721713,4.905074294721714,0.4639039638247402
1978,4215.2872545949085,0.04646375669347922,4.646375669347922,0.42923859257096286
1978,4426.051617324654,0.0440204918982823,4.4020491898282295,0.39343986547605575
1978,4647.354198190887,0.040867892162544335,4.0867892162544335,0.34199952516084525
1978,4879.721908100431,0.039208141125199936,3.9208141125199933,0.31210585427976906
1978,5123.708003505452,0.03287976077331417,3.2879760773314173,0.1741820216525613
1978,5379.893403680726,0.031312733257609124,3.131273325760912,0.13229039117274566
1978,5648.888073864762,0.029439718120494215,2.9439718120494214,0.07673844794680455
1978,5931.332477558001,0.0278680544287072,2.7868054428707203,0.024591082813708396
1978,6227.899101435902,0.02667655717564153,2.667655717564153,-0.018978886762834345
1978,6539.294056507697,0.023510048911657665,2.3510048911657666,-0.15683762808788385
1978,6866.258759333081,0.022494726349706763,2.2494726349706764,-0.20986238242246527
1978,7209.571697299736,0.02074688796680498,2.0746887966804977,-0.3149694564786477
1978,7570.050282164723,0.019968010385034422,1.9968010385034423,-0.36882500174755434
1978,7948.552796272959,0.015878903080739006,1.5878903080739006,-0.7713113697636862
1978,8345.980436086607,0.014868216694870071,1.4868216694870071,-0.9247243603648388
1978,8763.279457890938,0.013899255893738844,1.3899255893738844,-1.1109372917830285
1978,9201.443430785484,0.01240640719534528,1.240640719534528,-1.5342007847596635
1978,9661.51560232476,0.011451354922459954,1.1451354922459955,-1.998614178153699
1978,10144.591382440998,0.010867196736132038,1.0867196736132039,-2.4869445057729274
1978,10651.82095156305,0.008748464266672848,0.8748464266672848,
1978,11184.4119991412,0.008238484897656414,0.8238484897656414,
1978,11743.632599098262,0.007320522033426829,0.732052203342683,
1978,12330.814229053176,0.006750272375344816,0.6750272375344816,
1978,12947.354940505837,0.005289876909525024,0.5289876909525024,
1978,13594.722687531128,0.0048216231252462965,0.48216231252462965,
1978,14274.458821907687,0.004432184334361019,0.44321843343610196,
1978,14988.181763003071,0.004042745543475741,0.40427455434757414,
1978,15737.590851153225,0.0032453232573773153,0.3245323257377315,
1978,16524.470393710886,0.0029949697489510653,0.2994969748951065,
1978,17350.69391339643,0.0027399800644428477,0.2739980064442848,
1978,18218.228609066253,0.002299543336655926,0.2299543336655926,
1978,19129.140039519567,0.002141913349869028,0.2141913349869028,
1978,20085.597041495545,0.001914740721852616,0.1914740721852616,
1978,21089.876893570327,0.0015438466352952086,0.15438466352952085,
1978,22144.370738248843,0.0014001251767542132,0.1400125176754213,
1978,23251.589275161285,0.0011914972530656714,0.11914972530656714,
1978,24414.16873891935,0.0011126822596722223,0.11126822596722223,
1978,25634.87717586532,0.0008947819838197455,0.08947819838197454,
1978,26916.621034658583,0.0008020584621803936,0.08020584621803936,
1978,28262.452086391517,0.0007278796448689121,0.07278796448689122,
1978,29675.574690711095,0.0006583370036393982,0.06583370036393982,
1978,31159.353425246652,0.000570249658082014,0.0570249658082014,
1978,32717.321096508982,0.0005377964255082408,0.05377964255082408,
1978,34353.18715133443,0.0004960708407705324,0.04960708407705324,
1978,36070.84650890116,0.00044507290386888894,0.044507290386888894,
1978,37874.38883434622,0.00043116437562298616,0.04311643756229862,
1978,39768.10827606353,0.00034307703006560187,0.034307703006560185,
1978,41756.513689866704,0.00031062379749182876,0.031062379749182877,
1978,43844.339374360046,0.0002828067410000232,0.02828067410000232,
1978,46036.556343078046,0.0002642620366721528,0.026426203667215282,
1978,48338.38416023195,0.00025035350842625003,0.025035350842625002,
1978,50755.30336824355,0.00023180880409837966,0.023180880409837967,
1978,53293.06853665573,0.00018081086719673613,0.018081086719673612,
1978,55957.72196348852,0.00017617469111476855,0.017617469111476856,
1978,58755.608061662955,0.00016690233895083335,0.016690233895083336,
1978,61693.3884647461,0.0001390852824590278,0.013908528245902779,
1978,64778.05788798341,0.0001344491063770602,0.01344491063770602,
1978,68016.96078238258,0.0001298129302950926,0.01298129302950926,
1978,71417.80882150172,0.00012517675421312501,0.012517675421312501,
1978,74988.6992625768,0.00011590440204918983,0.011590440204918983,
1978,78738.13422570565,0.00011126822596722223,0.011126822596722223,
1978,82675.04093699093,0.00010663204988525464,0.010663204988525464,
1978,86808.79298384048,9.272352163935186e-05,0.009272352163935186,
1978,91149.23263303252,8.808734555738427e-05,0.008808734555738428,
1978,95706.69426468413,8.808734555738427e-05,0.008808734555738428,
1978,100492.02897791835,8.808734555738427e-05,0.008808734555738428,
1978,105516.63042681427,7.881499339344908e-05,0.007881499339344908,
1978,110792.46194815499,6.95426412295139e-05,0.0069542641229513895,
1978,116332.08504556275,5.0997936901643527e-05,0.005099793690164353,
1978,122148.68929784089,4.172558473770834e-05,0.004172558473770834,
1978,128256.12376273294,3.245323257377315e-05,0.003245323257377315,
1978,134668.92995086958,1.390852824590278e-05,0.001390852824590278,
1978,141402.37644841307,1.390852824590278e-05,0.001390852824590278,
1978,148472.49527083375,1.390852824590278e-05,0.001390852824590278,
1978,155896.12003437543,9.272352163935187e-06,0.0009272352163935187,
1978,163690.92603609423,9.272352163935187e-06,0.0009272352163935187,
1978,171875.47233789894,9.272352163935187e-06,0.0009272352163935187,
1978,180469.2459547939,4.636176081967593e-06,0.00046361760819675933,
1978,189492.70825253357,4.636176081967593e-06,0.00046361760819675933,
1978,198967.34366516027,4.636176081967593e-06,0.00046361760819675933,
1978,208915.71084841827,4.636176081967593e-06,0.00046361760819675933,
1979,0.1513660610401351,1.0,100.0,1.5271796258079011
1979,0.15893436409214187,0.9999416470698076,99.99416470698075,1.527166954180109
1979,0.16688108229674897,0.9999416470698076,99.99416470698075,1.527166954180109
1979,0.17522513641158644,0.9999416470698076,99.99416470698075,1.527166954180109
1979,0.18398639323216576,0.9999416470698076,99.99416470698075,1.527166954180109
1979,0.19318571289377406,0.9999416470698076,99.99416470698075,1.527166954180109
1979,0.20284499853846277,0.9999416470698076,99.99416470698075,1.527166954180109
1979,0.21298724846538591,0.9999416470698076,99.99416470698075,1.527166954180109
1979,0.22363661088865522,0.9999416470698076,99.99416470698075,1.527166954180109
1979,0.234818441433088,0.9999416470698076,99.99416470698075,1.527166954180109
1979,0.2465593635047424,0.9999416470698076,99.99416470698075,1.527166954180109
1979,0.2588873316799795,0.9999416470698076,99.99416470698075,1.527166954180109
1979,0.2718316982639785,0.9999416470698076,99.99416470698075,1.527166954180109
1979,0.28542328317717747,0.9999416470698076,99.99416470698075,1.527166954180109
1979,0.29969444733603634,0.9999416470698076,99.99416470698075,1.527166954180109
1979,0.3146791697028382,0.9999299764837691,99.99299764837691,1.5271644197465453
1979,0.3304131281879801,0.9999299764837691,99.99299764837691,1.5271644197465453
1979,0.3469337845973791,0.9999299764837691,99.99299764837691,1.5271644197465453
1979,0.36428047382724804,0.9999299764837691,99.99299764837691,1.5271644197465453
1979,0.38249449751861053,0.9999299764837691,99.99299764837691,1.5271644197465453
1979,0.401619222394541,0.9999299764837691,99.99299764837691,1.5271644197465453
1979,0.42170018351426813,0.9999299764837691,99.99299764837691,1.5271644197465453
1979,0.44278519268998157,0.9999299764837691,99.99299764837691,1.5271644197465453
1979,0.46492445232448065,0.9998891294326344,99.98891294326344,1.5271555489455335
1979,0.48817067494070465,0.9998891294326344,99.98891294326344,1.5271555489455335
1979,0.51257920868774,0.9998891294326344,99.98891294326344,1.5271555489455335
1979,0.538208169122127,0.9998891294326344,99.98891294326344,1.5271555489455335
1979,0.5651185775782334,0.9998891294326344,99.98891294326344,1.5271555489455335
1979,0.5933745064571451,0.9998891294326344,99.98891294326344,1.5271555489455335
1979,0.6230432317800024,0.9998716235535767,99.98716235535767,1.5271517470386458
1979,0.6541953933690026,0.9998716235535767,99.98716235535767,1.5271517470386458
1979,0.6869051630374526,0.9998716235535767,99.98716235535767,1.5271517470386458
1979,0.7212504211893253,0.9998716235535767,99.98716235535767,1.5271517470386458
1979,0.7573129422487915,0.9998424470884806,99.98424470884805,1.5271454103471211
1979,0.7951785893612312,0.9998424470884806,99.98424470884805,1.5271454103471211
1979,0.8349375188292928,0.9998424470884806,99.98424470884805,1.5271454103471211
1979,0.8766843947707574,0.9998424470884806,99.98424470884805,1.5271454103471211
1979,0.9205186145092954,0.9998132706233843,99.98132706233844,1.5271390734305268
1979,0.9665445452347602,0.9998132706233843,99.98132706233844,1.5271390734305268
1979,1.0148717724964982,0.9998132706233843,99.98132706233844,1.5271390734305268
1979,1.0656153611213233,0.9998074353303651,99.9807435330365,1.527137806020198
1979,1.1188961291773893,0.9998074353303651,99.9807435330365,1.527137806020198
1979,1.1748409356362588,0.9998074353303651,99.9807435330365,1.527137806020198
1979,1.233582982418072,0.9997840941582882,99.97840941582882,1.5271327362888476
1979,1.2952621315389756,0.9997840941582882,99.97840941582882,1.5271327362888476
1979,1.3600252381159244,0.9997840941582882,99.97840941582882,1.5271327362888476
1979,1.4280265000217207,0.9997549176931919,99.97549176931919,1.5271263989220694
1979,1.4994278250228068,0.9997549176931919,99.97549176931919,1.5271263989220694
1979,1.5743992162739473,0.9996498824188457,99.96498824188457,1.527103582537615
1979,1.6531191770876446,0.9996498824188457,99.96498824188457,1.527103582537615
1979,1.735775135942027,0.9996440471258264,99.96440471258265,1.5271023148751435
1979,1.8225638927391286,0.9995973647816725,99.95973647816724,1.5270921732511165
1979,1.9136920873760848,0.9995973647816725,99.95973647816724,1.5270921732511165
1979,2.0093766917448894,0.9995740236095956,99.95740236095956,1.5270871022229204
1979,2.109845526332134,0.9995740236095956,99.95740236095956,1.5270871022229204
1979,2.2153378026487403,0.9995506824375185,99.95506824375185,1.5270820310505921
1979,2.3261046927811777,0.9994981648003455,99.94981648003454,1.5270706203858322
1979,2.442409927420236,0.99946315304223,99.94631530422299,1.5270630128705571
1979,2.5645304237912487,0.99946315304223,99.94631530422299,1.5270630128705571
1979,2.692756944980811,0.9994339765771338,99.94339765771339,1.527056673026707
1979,2.827394792229852,0.9994164706980762,99.94164706980762,1.5270528690122647
1979,2.9687645318413445,0.9994164706980762,99.94164706980762,1.5270528690122647
1979,3.117202758433412,0.9992589177865566,99.92589177865567,1.5270186292322625
1979,3.2730628963550825,0.9992472472005182,99.92472472005181,1.527016092690866
1979,3.4367160411728364,0.9992472472005182,99.92472472005181,1.527016092690866
1979,3.608551843231479,0.9992355766144797,99.92355766144797,1.5270135561134102
1979,3.788979435393053,0.9991072001680564,99.91072001680564,1.5269856513811904
1979,3.9784284071627054,0.9990896942889987,99.90896942889988,1.5269818458522961
1979,4.177349827520841,0.9990838589959795,99.90838589959795,1.5269805773246286
1979,4.386217318896883,0.9990780237029603,99.90780237029603,1.5269793087879429
1979,4.605528184841728,0.9989554825495562,99.89554825495563,1.5269526674341238
1979,4.835804594083815,0.9989554825495562,99.89554825495563,1.5269526674341238
1979,5.077594823788004,0.9988912943263446,99.88912943263446,1.5269387108516692
1979,5.331474564977406,0.9988387766891714,99.88387766891714,1.5269272910176754
1979,5.598048293226276,0.9988329413961522,99.88329413961522,1.5269260221021173
1979,5.8779507078875906,0.998803764931056,99.8803764931056,1.5269196773889737
1979,6.17184824328197,0.9986987296567097,99.86987296567096,1.526896834553598
1979,6.48044065544607,0.9986637178985943,99.86637178985943,1.526889219625297
1979,6.804462688218373,0.9986578826055751,99.86578826055751,1.5268879504389874
1979,7.144685822629291,0.9986345414334981,99.8634541433498,1.5268828736034776
1979,7.5019201137607565,0.9986053649684019,99.8605364968402,1.5268765273559737
1979,7.877016119448795,0.9983777885406516,99.83777885406516,1.5268270188782873
1979,8.270866925421235,0.9983602826615938,99.83602826615939,1.5268232099648853
1979,8.684410271692297,0.99831360031744,99.831360031744,1.5268130524650207
1979,9.118630785276913,0.9981735532849783,99.81735532849783,1.5267825764961556
1979,9.574562324540759,0.9981618826989397,99.81618826989397,1.5267800365971498
1979,10.053290440767796,0.998097694475728,99.8097694475728,1.5267660665064458
1979,10.555954962806188,0.9980510121315742,99.80510121315743,1.5267559057535751
1979,11.083752710946497,0.9979168003921317,99.79168003921318,1.526726690366353
1979,11.637940346493822,0.9978817886340162,99.78817886340163,1.5267190681743932
1979,12.219837363818513,0.9977242357224968,99.77242357224968,1.5266847642816583
1979,12.83082923200944,0.9976133651551312,99.76133651551312,1.5266606205523408
1979,13.472370693609912,0.9975900239830543,99.75900239830543,1.5266555372457669
1979,14.145989228290409,0.9975141651738042,99.75141651738042,1.5266390154994791
1979,14.853288689704929,0.9974733181226695,99.74733181226695,1.526630118541053
1979,15.595953124190178,0.9960086595748405,99.60086595748405,1.5263108056511947
1979,16.375750780399688,0.9959503066446481,99.59503066446482,1.5262980721837747
1979,17.19453831941967,0.9958452713703019,99.5845271370302,1.5262751496535838
1979,18.054265235390655,0.9957927537331287,99.57927537331287,1.526263687284763
1979,18.95697849716019,0.9950866832778008,99.50866832778009,1.5261095106104126
1979,19.9048274220182,0.9949816480034545,99.49816480034545,1.526086563858247
1979,20.90006879311911,0.9949174597802428,99.49174597802428,1.5260725393912595
1979,21.94507223277507,0.9947540715757042,99.47540715757042,1.5260368357770562
1979,23.042325844413824,0.9934819776975101,99.34819776975101,1.525758613237399
1979,24.19444213663451,0.9934703071114716,99.34703071114716,1.5257560587296133
1979,25.40416424346624,0.9931552012884327,99.31552012884327,1.5256870732062404
1979,26.674372455639553,0.9930618366001249,99.3061836600125,1.5256666279335525
1979,28.00809107842153,0.9927642366561437,99.27642366561436,1.525601443005215
1979,29.40849563234261,0.9926825425538743,99.26825425538743,1.525583544941543
1979,30.87892041395974,0.9882768963243489,98.8276896324349,1.5246156629937326
1979,32.42286643465773,0.9880668257756563,98.80668257756562,1.5245693811588024
1979,34.044009756390615,0.98788593169206,98.788593169206,1.524529517754029
1979,35.746210244210154,0.987693367022425,98.7693367022425,1.5244870727480644
1979,37.53352075642066,0.987203202408809,98.7203202408809,1.524378985427381
1979,39.41019679424169,0.985470120382095,98.5470120382095,1.5239962948491514
1979,41.38070663395378,0.985300896884537,98.5300896884537,1.5239588838386287
1979,43.44974196565147,0.9849682851824404,98.49682851824404,1.5238853290421206
1979,45.62222906393404,0.9784969452241045,97.84969452241045,1.522448187269822
1979,47.90334051713075,0.9783977452427773,97.83977452427773,1.5224260671187781
1979,50.29850754298729,0.9779075806291613,97.79075806291613,1.5223167274320821
1979,52.813432920136655,0.9776916747874494,97.76916747874495,1.5222685447206796
1979,55.45410456614349,0.9761978397745242,97.61978397745243,1.521934816948396
1979,58.22680979445067,0.9758827339514854,97.58827339514853,1.5218643417837259
1979,61.13815028417321,0.9684193941798788,96.84193941798787,1.5201869732569246
1979,64.19505779838187,0.9680751118917437,96.80751118917436,1.520109216796585
1979,67.40481068830097,0.9678241942919164,96.78241942919163,1.5200525255999626
1979,70.77505122271602,0.9668321944786458,96.68321944786457,1.5198282220927966
1979,74.31380378385181,0.9661611357814333,96.61611357814333,1.5196763282604802
1979,78.02949397304441,0.9542279615570896,95.42279615570895,1.5169535868712496
1979,81.93096867169665,0.9536969498923389,95.36969498923389,1.5168314646385106
1979,86.02751710528146,0.9528566676975684,95.28566676975684,1.5166380467553169
1979,90.32889296054555,0.9525707383396257,95.25707383396256,1.516572183512793
1979,94.84533760857283,0.9419505050446109,94.19505050446108,1.5141086127600063
1979,99.58760448900148,0.9409234934732248,94.09234934732248,1.513868581821632
1979,104.56698471345155,0.9403633053433779,94.0363305343378,1.5137375210893134
1979,109.79533394912414,0.9345221770311196,93.45221770311196,1.5123652386626794
1979,115.28510064658036,0.932993330260079,93.2993330260079,1.5120043308144113
1979,121.04935567890936,0.9325673538696746,93.25673538696746,1.5119036439356999
1979,127.10182346285484,0.9179966272006349,91.7996627200635,1.508425402384215
1979,133.4569146359976,0.9167011921503638,91.67011921503638,1.5081129036990615
1979,140.12976036779747,0.9124647694183964,91.24647694183963,1.5070871701631885
1979,147.13624838618736,0.910550793308086,91.0550793308086,1.506621843765507
1979,154.49306080549675,0.8823429868530849,88.23429868530849,1.499622100311255
1979,162.21771384577158,0.8795887285480041,87.9588728548004,1.4989239966377108
1979,170.32859953806016,0.87072491845178,87.072491845178,1.4966590624717926
1979,178.8450295149632,0.8414434180812389,84.1443418081239,1.4889713571368706
1979,187.78728099071134,0.8212182924765568,82.12182924765568,1.4834673201465893
1979,197.1766450402469,0.8134048351237957,81.34048351237956,1.4812962763243176
1979,207.0354772922593,0.8095360358520403,80.95360358520402,1.4802117977161722
1979,217.38725115687225,0.8027554253636846,80.27554253636846,1.4782956631723634
1979,228.25661371471588,0.776928418460533,77.6928418460533,1.4708108451916442
1979,239.66944440045168,0.7741216425182791,77.4121642518279,1.4699790278307088
1979,251.6529166204743,0.7560614106237344,75.60614106237344,1.4645364126317166
1979,264.235562451498,0.7487322825915703,74.87322825915703,1.4622818714700219
1979,277.44734057407294,0.7298959567254669,72.9895956725467,1.4563606010640857
1979,291.3197076027766,0.7244866400966324,72.44866400966325,1.4546252668553423
1979,305.8856929829154,0.6824666950650927,68.24666950650928,1.440576235927149
1979,321.1799776320612,0.6664604863133202,66.64604863133202,1.4349406481575793
1979,337.2389765136643,0.6545856650191689,65.45856650191689,1.430650272791151
1979,354.1009253393475,0.6199181891918703,61.991818919187025,1.417551337981855
1979,371.8059716063149,0.6048281214441183,60.48281214441184,1.4115622296547021
1979,390.3962701866306,0.5778982441603305,57.789824416033056,1.400397619001581
1979,409.91608369596224,0.563648458607349,56.3648458607349,1.3942242522165176
1979,430.41188788076033,0.5497196141704256,54.97196141704256,1.387998723575378
1979,451.93248227479836,0.5419761803338955,54.19761803338955,1.3844519047782473
1979,474.5291063885383,0.49179849566145967,49.17984956614597,1.3598179278144022
1979,498.2555617079652,0.4796085685442695,47.96085685442695,1.3533540359443297
1979,523.1683397933635,0.47110071132221903,47.110071132221904,1.3487188625420194
1979,549.3267567830317,0.44527953971208667,44.52795397120867,1.3339787472572278
1979,576.7930946221834,0.4340991182872248,43.40991182872248,1.3272574246556545
1979,605.6327493532925,0.39618138424821003,39.618138424821005,1.3027189982004714
1979,635.9143868209572,0.387072491845178,38.7072491845178,1.2963770113119408
1979,667.710106162005,0.3800117872918989,38.00117872918989,1.291328845981365
1979,701.0956114701054,0.36362628449387585,36.362628449387586,1.2791382221515855
1979,736.1503920436106,0.3540155568911893,35.40155568911893,1.2716564333833706
1979,772.9579116457911,0.3203517514631997,32.03517514631997,1.243241936235462
1979,811.6058072280808,0.31343109394238233,31.343109394238233,1.2369222925291072
1979,852.1860975894849,0.30253076658244393,30.253076658244392,1.2265943626457902
1979,894.7954024689592,0.29669547356320497,29.669547356320496,1.2208656665494784
1979,939.5351725924072,0.26585011466350783,26.58501146635078,1.1879493857650434
1979,986.5119312220276,0.2564844693676293,25.64844693676293,1.176956022058554
1979,1035.837527783129,0.25045661167875544,25.045661167875544,1.1695989152861217
1979,1087.6294041722856,0.23334753254634683,23.334753254634684,1.1473846130910466
1979,1142.0108743808998,0.22432033424558415,22.432033424558416,1.1347802703367555
1979,1199.1114180999448,0.21963459395113524,21.963459395113524,1.1279704675136808
1979,1259.0669890049423,0.19750132752916189,19.750132752916187,1.0929832127699306
1979,1322.0203384551894,0.19111751696611445,19.111751696611446,1.0819080185963013
1979,1388.1213553779487,0.18058481306638813,18.058481306638814,1.0625067420149736
1979,1457.5274231468463,0.17546726108851557,17.54672610885156,1.0525220614883224
1979,1530.4037943041885,0.15298971237840708,15.298971237840709,1.0034901396712168
1979,1606.9239840193984,0.14842067794434297,14.842067794434296,0.992312653390284
1979,1687.2701832203682,0.1420135262092186,14.20135262092186,0.9758181741513996
1979,1771.6336923813867,0.13835479748615576,13.835479748615576,0.9659324530165239
1979,1860.215377000456,0.12542962344854147,12.542962344854146,0.9278871285850046
1979,1953.226145850479,0.1221385181856907,12.21385181856907,0.9173184846075356
1979,2050.887453143003,0.11554463707395067,11.554463707395067,0.8948921385376465
1979,2153.4318258001535,0.11026953218455865,11.026953218455866,0.8756114639651352
1979,2261.103417090161,0.10839640312538294,10.839640312538295,0.8684482403846335
1979,2374.1585879446693,0.09366228825180456,9.366228825180457,0.8051850965469869
1979,2492.866517341903,0.0890990891107597,8.90990891107597,0.782605735776269
1979,2617.509843208998,0.084979372239177,8.497937223917699,0.7607233277361041
1979,2748.385335369448,0.0790798909967264,7.90798909967264,0.7265207975782232
1979,2885.804602137921,0.07617975036616463,7.617975036616463,0.708287284164289
1979,3030.0948322448166,0.06501099952734127,6.501099952734127,0.6269920927262237
1979,3181.5995738570577,0.06217504711999113,6.217504711999113,0.6028770384068505
1979,3340.6795525499106,0.058586341913159166,5.858634191315916,0.5698017364423601
1979,3507.7135301774065,0.05628723646357902,5.628723646357902,0.5468967922981463
1979,3683.099206686277,0.05413401333947984,5.413401333947984,0.5240641708284266
1979,3867.254167020591,0.048456273231760334,4.845627323176034,0.4562068368496005
1979,4060.6168753716206,0.046688179446930926,4.668817944693092,0.43237050507352887
1979,4263.647719140202,0.043998109365061766,4.399810936506176,0.39309664709037284
1979,4476.830105097212,0.04288940369140636,4.2889403691406365,0.37572021741786205
1979,4700.671610352073,0.03598625204964667,3.598625204964667,0.24729114517638065
1979,4935.705190869677,0.03430568766010585,3.4305687660105852,0.20922803277236016
1979,5182.490450413161,0.03267180561471894,3.267180561471894,0.1688372164838477
1979,5441.6149729338185,0.030022582583984454,3.002258258398445,0.09473252052887456
1979,5713.69572158051,0.028727147533713405,2.8727147533713406,0.053784803292196
1979,5999.380507659535,0.027437547776461596,2.7437547776461595,0.009284108107919126
1979,6299.349533042513,0.023247807388648022,2.3247807388648023,-0.17004633211376446
1979,6614.317009694639,0.022039901733665556,2.2039901733665554,-0.2353813375710906
1979,6945.032860179371,0.020353502051105497,2.0353502051105496,-0.3415500538687886
1979,7292.28450318834,0.019279808135565527,1.9279808135565526,-0.4208733405800244
1979,7656.898728347758,0.016222114593484313,1.6222114593484314,-0.7261036960792
1979,8039.743664765146,0.015270961831348361,1.5270961831348362,-0.859513472135583
1979,8441.730848003404,0.01443067963657795,1.443067963657795,-1.003016574511049
1979,8863.817390403574,0.01370126800917308,1.370126800917308,-1.155489700084614
1979,9307.008259923754,0.011804797777920418,1.1804797777920417,-1.7962438257967634
1979,9772.358672919941,0.011151244959765655,1.1151244959765656,-2.2167188740329222
1979,10260.976606565939,0.010486021555572413,1.0486021555572413,-3.047910236899207
1979,10774.025436894237,0.009342304123801578,0.9342304123801578,
1979,11312.726708738948,0.008939668905474088,0.8939668905474087,
1979,11878.363044175896,0.008361974896569431,0.8361974896569431,
1979,12472.281196384693,0.007264939808952506,0.7264939808952506,
1979,13095.895256203927,0.006926492813836647,0.6926492813836647,
1979,13750.690019014124,0.006483010544374486,0.6483010544374486,
1979,14438.22451996483,0.006208751772470255,0.6208751772470255,
1979,15160.135745963073,0.005508516610161579,0.5508516610161579,
1979,15918.142533261225,0.00528094018241126,0.528094018241126,
1979,16714.04965992429,0.005041693168622462,0.5041693168622462,
1979,17549.752142920504,0.004907481429179966,0.49074814291799657,
1979,18427.239750066532,0.004633222657275735,0.4633222657275735,
1979,19348.601737569858,0.0045398579689679116,0.45398579689679114,
1979,20316.03182444835,0.004370634471409982,0.4370634471409982,
1979,21331.833415670768,0.004189740387813574,0.41897403878135736,
1979,22398.42508645431,0.004148893336678902,0.41488933366789016,
1979,23518.346340777025,0.003915481615909343,0.3915481615909343,
1979,24694.263657815874,0.0038629639787361924,0.38629639787361925,
1979,25928.976840706673,0.0038279522206207586,0.38279522206207584,
1979,27225.425682742007,0.0037871051694860856,0.3787105169486086,
1979,28586.696966879106,0.0036879051881590235,0.36879051881590236,
1979,30016.031815223065,0.0036645640160820675,0.36645640160820675,
1979,31516.83340598422,0.0035653640347550054,0.35653640347550053,
1979,33092.67507628343,0.0035653640347550054,0.35653640347550053,
1979,34747.30883009761,0.0035245169836203324,0.3524516983620332,
1979,36484.67427160249,0.0035070111045626155,0.35070111045626157,
1979,38308.90798518261,0.00348366993248566,0.348366993248566,
1979,40224.35338444175,0.003466164053427943,0.3466164053427943,
1979,42235.571053663836,0.003454493467389465,0.3454493467389465,
1979,44347.34960634702,0.003431152295312509,0.3431152295312509,
1979,46564.71708666439,0.003413646416254792,0.3413646416254792,
1979,48892.9529409976,0.003396140537197075,0.33961405371970754,
1979,51337.600588047484,0.003396140537197075,0.33961405371970754,
1979,53904.480617449866,0.0033786346581393583,0.33786346581393584,
1979,56599.70464832236,0.0033786346581393583,0.33786346581393584,
1979,59429.68988073847,0.0033727993651201196,0.33727993651201194,
1979,62401.1743747754,0.0033552934860624026,0.3355293486062403,
1979,65521.23309351418,0.0033494581930431635,0.33494581930431633,
1979,68797.29474818989,0.003326117020966208,0.3326117020966208,
1979,72237.15948559939,0.003326117020966208,0.3326117020966208,
1979,75849.01745987935,0.00331444643492773,0.33144464349277303,
1979,79641.46833287332,0.00331444643492773,0.33144464349277303,
1979,83623.541749517,0.00331444643492773,0.33144464349277303,
1979,87804.71883699286,0.00331444643492773,0.33144464349277303,
1979,92194.9547788425,0.00331444643492773,0.33144464349277303,
1979,96804.70251778464,0.00331444643492773,0.33144464349277303,
1979,101644.93764367387,0.00331444643492773,0.33144464349277303,
1979,106727.18452585758,0.00331444643492773,0.33144464349277303,
1979,112063.54375215044,0.00331444643492773,0.33144464349277303,
1979,117666.72093975797,0.00331444643492773,0.33144464349277303,
1979,123550.05698674587,0.00331444643492773,0.33144464349277303,
1979,129727.55983608316,0.00331444643492773,0.33144464349277303,
1979,136213.93782788733,0.003308611141908491,0.33086111419084907,
1979,143024.63471928172,0.003302775848889252,0.33027758488892517,
1979,150175.8664552458,0.003302775848889252,0.33027758488892517,
1981,0.0030072432533670675,1.0,100.0,1.5271796258079011
1981,0.003157605416035421,0.9999534093748809,99.99534093748808,1.5271695084953358
1981,0.003315485686837192,0.9999110542611362,99.99110542611362,1.5271603104405578
1981,0.0034812599711790517,0.9999110542611362,99.99110542611362,1.5271603104405578
1981,0.0036553229697380047,0.9999110542611362,99.99110542611362,1.5271603104405578
1981,0.0038380891182249054,0.9999110542611362,99.99110542611362,1.5271603104405578
1981,0.004029993574136151,0.9999110542611362,99.99110542611362,1.5271603104405578
1981,0.004231493252842959,0.9999110542611362,99.99110542611362,1.5271603104405578
1981,0.004443067915485106,0.9999110542611362,99.99110542611362,1.5271603104405578
1981,0.004665221311259362,0.9999110542611362,99.99110542611362,1.5271603104405578
1981,0.00489848237682233,0.9998962299713255,99.98962299713256,1.5271570910093488
1981,0.005143406495663447,0.9998962299713255,99.98962299713256,1.5271570910093488
1981,0.005400576820446619,0.9998962299713255,99.98962299713256,1.5271570910093488
1981,0.00567060566146895,0.999845403834832,99.9845403834832,1.5271460525184224
1981,0.0059541359445423984,0.999845403834832,99.9845403834832,1.5271460525184224
1981,0.00625184274176952,0.999845403834832,99.9845403834832,1.5271460525184224
1981,0.006564434878857994,0.999845403834832,99.9845403834832,1.5271460525184224
1981,0.006892656622800895,0.999781871164215,99.97818711642151,1.527132253444281
1981,0.00723728945394094,0.999781871164215,99.97818711642151,1.527132253444281
1981,0.007599153926637988,0.999781871164215,99.97818711642151,1.527132253444281
1981,0.007979111622969886,0.999781871164215,99.97818711642151,1.527132253444281
1981,0.008378067204118381,0.9997564580959682,99.97564580959683,1.527126733515776
1981,0.008796970564324302,0.9997564580959682,99.97564580959683,1.527126733515776
1981,0.009236819092540517,0.9997564580959682,99.97564580959683,1.527126733515776
1981,0.009698660047167542,0.9997564580959682,99.97564580959683,1.527126733515776
1981,0.010183593049525921,0.9997564580959682,99.97564580959683,1.527126733515776
1981,0.010692772702002216,0.9997564580959682,99.97564580959683,1.527126733515776
1981,0.011227411337102328,0.9997246917606597,99.97246917606597,1.527119833364977
1981,0.011788781903957445,0.9997246917606597,99.97246917606597,1.527119833364977
1981,0.01237822099915532,0.9997246917606597,99.97246917606597,1.527119833364977
1981,0.012997132049113085,0.9997246917606597,99.97246917606597,1.527119833364977
1981,0.013646988651568739,0.9997141029822235,99.97141029822235,1.5271175332554068
1981,0.014329338084147176,0.9997141029822235,99.97141029822235,1.5271175332554068
1981,0.015045804988354535,0.9997141029822235,99.97141029822235,1.5271175332554068
1981,0.015798095237772262,0.9997141029822235,99.97141029822235,1.5271175332554068
1981,0.016587999999660877,0.9996886899139767,99.96886899139767,1.5271120128714528
1981,0.017417399999643923,0.9996886899139767,99.96886899139767,1.5271120128714528
1981,0.018288269999626117,0.9996886899139767,99.96886899139767,1.5271120128714528
1981,0.019202683499607427,0.9996886899139767,99.96886899139767,1.5271120128714528
1981,0.0201628176745878,0.9996886899139767,99.96886899139767,1.5271120128714528
1981,0.021170958558317188,0.9996886899139767,99.96886899139767,1.5271120128714528
1981,0.022229506486233046,0.9996886899139767,99.96886899139767,1.5271120128714528
1981,0.0233409818105447,0.9996886899139767,99.96886899139767,1.5271120128714528
1981,0.02450803090107194,0.9996886899139767,99.96886899139767,1.5271120128714528
1981,0.02573343244612554,0.9996886899139767,99.96886899139767,1.5271120128714528
1981,0.027020104068431812,0.9996886899139767,99.96886899139767,1.5271120128714528
1981,0.028371109271853406,0.9996886899139767,99.96886899139767,1.5271120128714528
1981,0.02978966473544608,0.9996886899139767,99.96886899139767,1.5271120128714528
1981,0.03127914797221838,0.9996886899139767,99.96886899139767,1.5271120128714528
1981,0.0328431053708293,0.9996886899139767,99.96886899139767,1.5271120128714528
1981,0.03448526063937077,0.9996865721582895,99.96865721582896,1.5271115528317465
1981,0.03620952367133931,0.9996865721582895,99.96865721582896,1.5271115528317465
1981,0.038019999854906276,0.9996865721582895,99.96865721582896,1.5271115528317465
1981,0.03992099984765159,0.9996865721582895,99.96865721582896,1.5271115528317465
1981,0.04191704984003417,0.9996865721582895,99.96865721582896,1.5271115528317465
1981,0.044012902332035884,0.9996865721582895,99.96865721582896,1.5271115528317465
1981,0.04621354744863768,0.9996865721582895,99.96865721582896,1.5271115528317465
1981,0.048524224821069564,0.9996865721582895,99.96865721582896,1.5271115528317465
1981,0.05095043606212305,0.9996781011355406,99.96781011355405,1.5271097126610595
1981,0.0534979578652292,0.9996781011355406,99.96781011355405,1.5271097126610595
1981,0.05617285575849067,0.9996781011355406,99.96781011355405,1.5271097126610595
1981,0.058981498546415205,0.9996781011355406,99.96781011355405,1.5271097126610595
1981,0.06193057347373596,0.9996781011355406,99.96781011355405,1.5271097126610595
1981,0.06502710214742276,0.9996781011355406,99.96781011355405,1.5271097126610595
1981,0.0682784572547939,0.9996781011355406,99.96781011355405,1.5271097126610595
1981,0.07169238011753361,0.9996781011355406,99.96781011355405,1.5271097126610595
1981,0.0752769991234103,0.9996781011355406,99.96781011355405,1.5271097126610595
1981,0.0790408490795808,0.9996781011355406,99.96781011355405,1.5271097126610595
1981,0.08299289153355985,0.9996781011355406,99.96781011355405,1.5271097126610595
1981,0.08714253611023785,0.9996781011355406,99.96781011355405,1.5271097126610595
1981,0.09149966291574975,0.9996781011355406,99.96781011355405,1.5271097126610595
1981,0.09607464606153723,0.9996781011355406,99.96781011355405,1.5271097126610595
1981,0.1008783783646141,0.9996696301127916,99.96696301127916,1.527107872471393
1981,0.10592229728284482,0.9996696301127916,99.96696301127916,1.527107872471393
1981,0.11121841214698705,0.9996696301127916,99.96696301127916,1.527107872471393
1981,0.11677933275433641,0.9996653946014172,99.96653946014172,1.5271069523694423
1981,0.12261829939205324,0.9996653946014172,99.96653946014172,1.5271069523694423
1981,0.1287492143616559,0.9996653946014172,99.96653946014172,1.5271069523694423
1981,0.13518667507973872,0.9996653946014172,99.96653946014172,1.5271069523694423
1981,0.14194600883372563,0.9996653946014172,99.96653946014172,1.5271069523694423
1981,0.14904330927541193,0.9996653946014172,99.96653946014172,1.5271069523694423
1981,0.15649547473918254,0.9996653946014172,99.96653946014172,1.5271069523694423
1981,0.16432024847614166,0.9996653946014172,99.96653946014172,1.5271069523694423
1981,0.17253626089994878,0.9996653946014172,99.96653946014172,1.5271069523694423
1981,0.1811630739449462,0.9996653946014172,99.96653946014172,1.5271069523694423
1981,0.1902212276421935,0.9996653946014172,99.96653946014172,1.5271069523694423
1981,0.1997322890243032,0.9996653946014172,99.96653946014172,1.5271069523694423
1981,0.2097189034755184,0.9996653946014172,99.96653946014172,1.5271069523694423
1981,0.2202048486492943,0.9996653946014172,99.96653946014172,1.5271069523694423
1981,0.23121509108175906,0.9996653946014172,99.96653946014172,1.5271069523694423
1981,0.242775845635847,0.9996590413343555,99.96590413343554,1.5271055722076192
1981,0.25491463791763935,0.9996505703116065,99.96505703116065,1.5271037319752474
1981,0.2676603698135213,0.9996505703116065,99.96505703116065,1.5271037319752474
1981,0.28104338830419745,0.9996505703116065,99.96505703116065,1.5271037319752474
1981,0.29509555771940726,0.9996463348002321,99.96463348002321,1.527102811851944
1981,0.30985033560537767,0.9996463348002321,99.96463348002321,1.527102811851944
1981,0.3253428523856466,0.9996463348002321,99.96463348002321,1.527102811851944
1981,0.3416099950049289,0.9996442170445449,99.96442170445448,1.5271023517885127
1981,0.35869049475517534,0.9996442170445449,99.96442170445448,1.5271023517885127
1981,0.37662501949293414,0.9996442170445449,99.96442170445448,1.5271023517885127
1981,0.3954562704675809,0.9996442170445449,99.96442170445448,1.5271023517885127
1981,0.4152290839909599,0.9996442170445449,99.96442170445448,1.5271023517885127
1981,0.435990538190508,0.9996442170445449,99.96442170445448,1.5271023517885127
1981,0.4577900651000334,0.9996442170445449,99.96442170445448,1.5271023517885127
1981,0.48067956835503506,0.9996442170445449,99.96442170445448,1.5271023517885127
1981,0.5047135467727869,0.9996442170445449,99.96442170445448,1.5271023517885127
1981,0.5299492241114262,0.9996442170445449,99.96442170445448,1.5271023517885127
1981,0.5564466853169975,0.9996378637774832,99.96378637774832,1.527100971591101
1981,0.5842690195828475,0.9996378637774832,99.96378637774832,1.527100971591101
1981,0.6134824705619898,0.9996378637774832,99.96378637774832,1.527100971591101
1981,0.6441565940900894,0.9996378637774832,99.96378637774832,1.527100971591101
1981,0.6763644237945938,0.9996251572433598,99.96251572433597,1.5270982111642468
1981,0.7101826449843236,0.9996251572433598,99.96251572433597,1.5270982111642468
1981,0.7456917772335399,0.9996124507092364,99.96124507092364,1.5270954506946837
1981,0.7829763660952168,0.9996124507092364,99.96124507092364,1.5270954506946837
1981,0.8221251843999776,0.9996124507092364,99.96124507092364,1.5270954506946837
1981,0.8632314436199766,0.9996124507092364,99.96124507092364,1.5270954506946837
1981,0.9063930158009754,0.9996103329535492,99.96103329535492,1.5270949906122708
1981,0.9517126665910244,0.9996039796864874,99.96039796864873,1.5270936103579136
1981,0.9992982999205755,0.9996039796864874,99.96039796864873,1.5270936103579136
1981,1.0492632149166043,0.9996039796864874,99.96039796864873,1.5270936103579136
1981,1.1017263756624347,0.9995891553966768,99.95891553966769,1.5270903897228891
1981,1.1568126944455563,0.9995891553966768,99.95891553966769,1.5270903897228891
1981,1.2146533291678343,0.9995891553966768,99.95891553966769,1.5270903897228891
1981,1.275385995626226,0.9995849198853024,99.95849198853024,1.5270894695307755
1981,1.3391552954075374,0.9995849198853024,99.95849198853024,1.5270894695307755
1981,1.4061130601779144,0.9995849198853024,99.95849198853024,1.5270894695307755
1981,1.47641871318681,0.9995849198853024,99.95849198853024,1.5270894695307755
1981,1.5502396488461507,0.9995806843739279,99.95806843739278,1.527088549333916
1981,1.6277516312884583,0.9995806843739279,99.95806843739278,1.527088549333916
1981,1.709139212852881,0.99956374232843,99.956374232843,1.5270848684990184
1981,1.7945961734955254,0.99956374232843,99.956374232843,1.5270848684990184
1981,1.884325982170302,0.99956374232843,99.956374232843,1.5270848684990184
1981,1.978542281278817,0.99956374232843,99.956374232843,1.5270848684990184
1981,2.077469395342758,0.9995446825272449,99.9544682527245,1.5270807274689895
1981,2.181342865109896,0.9995446825272449,99.9544682527245,1.5270807274689895
1981,2.290410008365391,0.999536211504496,99.9536211504496,1.527078886980348
1981,2.4049305087836603,0.9995213872146854,99.95213872146854,1.5270756660795413
1981,2.5251770342228435,0.999508680680562,99.9508680680562,1.5270729052611423
1981,2.651435885933986,0.9994599722997556,99.94599722997556,1.5270623217281811
1981,2.784007680230685,0.9994536190326939,99.94536190326939,1.5270609412210763
1981,2.9232080642422194,0.9994536190326939,99.94536190326939,1.5270609412210763
1981,3.0693684674543307,0.9994536190326939,99.94536190326939,1.5270609412210763
1981,3.2228368908270473,0.9994536190326939,99.94536190326939,1.5270609412210763
1981,3.3839787353684,0.9993625555381429,99.93625555381429,1.5270411527787344
1981,3.5531776721368202,0.9993625555381429,99.93625555381429,1.5270411527787344
1981,3.730836555743661,0.9993074938902748,99.93074938902748,1.5270291866092955
1981,3.917378383530844,0.9993074938902748,99.93074938902748,1.5270291866092955
1981,4.1132473027073875,0.9993074938902748,99.93074938902748,1.5270291866092955
1981,4.318909667842756,0.9992164303957238,99.92164303957239,1.5270093946447179
1981,4.534855151234894,0.9991613687478558,99.91613687478558,1.526997426345204
1981,4.761597908796639,0.9990936005658643,99.90936005658642,1.5269826950283119
1981,4.999677804236471,0.9990215968724984,99.90215968724983,1.5269670416714156
1981,5.249661694448296,0.9989940660485643,99.89940660485644,1.5269610562014522
1981,5.51214477917071,0.9989368866450091,99.89368866450091,1.5269486241991967
1981,5.787752018129247,0.9987865259912155,99.87865259912155,1.526915928503656
1981,6.077139619035708,0.9987251110762858,99.87251110762858,1.5269025722004206
1981,6.380996599987494,0.9986954624966645,99.86954624966646,1.526896123972081
1981,6.70004642998687,0.998517571018937,99.8517571018937,1.526857429708179
1981,7.035048751486213,0.9984985112177519,99.84985112177519,1.5268532833965143
1981,7.386801189060525,0.9982909711604031,99.82909711604032,1.5268081284326827
1981,7.75614124851355,0.998244380535284,99.8244380535284,1.5267979900335371
1981,8.143948310939228,0.9980982553928649,99.80982553928649,1.5267661885906367
1981,8.55114572648619,0.9976005828063651,99.76005828063651,1.5266578367941503
1981,8.9787030128105,0.9975603454483077,99.75603454483077,1.5266490735613183
1981,9.427638163451027,0.9974798707321928,99.74798707321928,1.5266315458047797
1981,9.899020071623577,0.99724479985091,99.724479985091,1.5265803364459996
1981,10.393971075204757,0.9968741926056442,99.68741926056443,1.5264995711186264
1981,10.913669628964994,0.9966687703039826,99.66687703039825,1.5264547883053525
1981,11.459353110413245,0.9961054472911787,99.61054472911786,1.526331924151863
1981,12.032320765933909,0.9956480120627363,99.56480120627363,1.526232092518487
1981,12.633936804230604,0.9950592759816856,99.50592759816857,1.5261035233021412
1981,13.265633644442135,0.994335003536652,99.43350035366521,1.5259452283205446
1981,13.928915326664242,0.9939495720015756,99.39495720015756,1.5258609322336785
1981,14.625361092997455,0.9934137798127057,99.34137798127057,1.5257436852756532
1981,15.356629147647327,0.9922172478494191,99.22172478494191,1.5254815710118992
1981,16.124460605029693,0.9919313508316426,99.19313508316426,1.5254188849751784
1981,16.93068363528118,0.9887907191474763,98.87907191474763,1.524728815749012
1981,17.77721781704524,0.9882231606232978,98.82231606232979,1.524603825316758
1981,18.666078707897505,0.9873845293711536,98.73845293711537,1.524418977865609
1981,19.59938264329238,0.9855187866107015,98.55187866107015,1.5240070522658153
1981,20.579351775457,0.9838034045040428,98.38034045040428,1.5236274849815656
1981,21.60831936422985,0.9823040334774819,98.23040334774818,1.523295054282181
1981,22.688735332441343,0.9790575140089539,97.9057514008954,1.522573134630307
1981,23.823172099063413,0.9766729211051296,97.66729211051296,1.5220410191477811
1981,25.014330704016587,0.9731320335960763,97.31320335960763,1.5212479526239635
1981,26.265047239217413,0.9717491391323131,97.17491391323131,1.5209372650338642
1981,27.578299601178283,0.9662493276125693,96.62493276125693,1.5196962977790813
1981,28.9572145812372,0.962600434563467,96.2600434563467,1.5188682081707334
1981,30.40507531029906,0.9583670409446885,95.83670409446884,1.5179026623130243
1981,31.925329075814016,0.9561561040072173,95.61561040072174,1.5173963259500474
1981,33.52159552960472,0.947333533814205,94.7333533814205,1.5153615216956386
1981,35.19767530608495,0.942723179683099,94.2723179683099,1.514288990244641
1981,36.957559071389205,0.9382144778249802,93.82144778249803,1.513233899820146
1981,38.80543702495867,0.9320306312182601,93.20306312182602,1.5117767003162699
1981,40.7457088762066,0.9254422932752786,92.54422932752786,1.5102111435268848
1981,42.78299432001693,0.9188285422640502,91.88285422640502,1.508625801982273
1981,44.922144036017784,0.9105608240610931,91.05608240610931,1.5066242855587306
1981,47.16825123781867,0.901886496766187,90.18864967661871,1.5045003260135248
1981,49.52666379970962,0.8955671137954841,89.55671137954842,1.5029372072984215
1981,52.0029969896951,0.8831210636216164,88.31210636216163,1.4998188315245042
1981,54.60314683917985,0.8746288633158125,87.46288633158125,1.4976600824958315
1981,57.33330418113885,0.8604716665466605,86.04716665466606,1.494003625268345
1981,60.19996939019578,0.8502492598443873,85.02492598443872,1.4913173233979458
1981,63.20996785970558,0.8415135176345516,84.15135176345517,1.4889901510025296
1981,66.37046625269086,0.8202618393131694,82.02618393131694,1.4832029247663552
1981,69.68898956532541,0.810873828351666,81.0873828351666,1.4805875179360641
1981,73.17343904359169,0.7960961291661549,79.60961291661549,1.4763943666998816
1981,76.83211099577127,0.7841138674877911,78.41138674877911,1.4729235966752923
1981,80.67371654555984,0.769355228103465,76.9355228103465,1.4685579174134682
1981,84.70740237283783,0.7499608215197862,74.99608215197861,1.4626616783975899
1981,88.94277249147973,0.7358713929326257,73.58713929326257,1.4582592088478594
1981,93.38991111605372,0.7217607867885929,72.17607867885928,1.4537447334110305
1981,98.05940667185641,0.7086645856187447,70.86645856187447,1.449456288468265
1981,102.96237700544923,0.6846831202165193,68.46831202165194,1.4413437146801336
1981,108.1104958557217,0.6695157539845573,66.95157539845573,1.4360292224534894
1981,113.51602064850778,0.6496088505245681,64.9608850524568,1.4288233747344654
1981,119.19182168093317,0.6335096717902235,63.350967179022355,1.4227926636722403
1981,125.15141276497985,0.6151593187603506,61.515931876035054,1.4156823225938426
1981,131.40898340322883,0.6036959072253588,60.36959072253588,1.4111053845777368
1981,137.97943257339028,0.5749029009017403,57.490290090174035,1.3991158300577422
1981,144.8784042020598,0.5549049339472001,55.490493394720005,1.3903390991013032
1981,152.1223244121628,0.5382424322000516,53.824243220005165,1.3827189728155247
1981,159.72844063277097,0.5222787898296901,52.22787898296901,1.3751364506299826
1981,167.71486266440954,0.49250949813425726,49.25094981342573,1.3601887179990664
1981,176.10060579763,0.4792883493788623,47.92883493788623,1.3531814566475255
1981,184.9056360875115,0.4618401602717504,46.18401602717504,1.3435522339042054
1981,194.15091789188708,0.44475834289852983,44.47583428985298,1.3336701793895664
1981,203.85846378648145,0.42428811642573666,42.42881164257366,1.3211763791515396
1981,214.05138697580554,0.40745831197929683,40.74583119792968,1.310318288534779
1981,224.7539563245958,0.3889470095171941,38.89470095171941,1.2976975513659696
1981,235.9916541408256,0.37310407922100475,37.310407922100474,1.2862729891923432
1981,247.7912368478669,0.3587520489286274,35.87520489286274,1.2753757571339177
1981,260.18079869026025,0.33890444262788066,33.890444262788066,1.259350677384356
1981,273.1898386247733,0.3221889969885514,32.21889969885514,1.2448901238323142
1981,286.849330556012,0.3063079470899919,30.630794708999193,1.2302268896572297
1981,301.1917970838126,0.2916573132457147,29.16573132457147,1.215800906303295
1981,316.25138693800324,0.2798190589540828,27.981905895408282,1.2034400874370499
1981,332.0639562849034,0.25869444597393465,25.869444597393464,1.179596868635674
1981,348.6671540991486,0.24786424338942561,24.786424338942563,1.1663631751314665
1981,366.100511804106,0.2366295494686551,23.66295494686551,1.1518088392807386
1981,384.40553739431135,0.22579511137277158,22.57951113727716,1.136884766565876
1981,403.6258142640269,0.21310975480624653,21.310975480624652,1.1181607074417679
1981,423.8071049772283,0.20087548020110207,20.08754802011021,1.0986456619804283
1981,444.99746022608974,0.18952854522890822,18.95285452289082,1.0790741749618915
1981,467.2473332373943,0.17919177971952444,17.919177971952443,1.0598269459838536
1981,490.60969989926394,0.17130737529595635,17.130737529595635,1.0441118802328853
1981,515.1401848942272,0.15930605381640753,15.930605381640753,1.0182125071285146
1981,540.8971941389385,0.15035853603784852,15.035853603784851,0.997110093913289
1981,567.9420538458855,0.1412415978043109,14.12415978043109,0.9737618844010091
1981,596.3391565381799,0.1324338519011093,13.24338519011093,0.9491443707924506
1981,626.1561143650888,0.12642154350505508,12.642154350505507,0.9309967910825753
1981,657.4639200833433,0.12088784789431552,12.088784789431552,0.9131972102184076
1981,690.3371160875106,0.1109407494313826,11.09407494313826,0.8781364994167732
1981,724.8539718918861,0.10501526901850496,10.501526901850495,0.8550622107185833
1981,761.0966704864804,0.09852223008144888,9.852223008144888,0.8275456853082902
1981,799.1515040108045,0.09224943773586504,9.224943773586505,0.7983676791225651
1981,839.1090792113447,0.08494106285922431,8.494106285922431,0.7605125827102818
1981,881.0645331719119,0.0802290564551311,8.022905645513111,0.7334733671651776
1981,925.1177598305077,0.07490078314605314,7.490078314605314,0.6999138615295462
1981,971.373647822033,0.07058691481115972,7.058691481115972,0.6700114474044324
1981,1019.9423302131347,0.0650489836890457,6.50489836890457,0.6273040692451504
1981,1070.9394467237917,0.06132596919089026,6.132596919089027,0.5953239112488833
1981,1124.4864190599812,0.05694856818537986,5.694856818537986,0.553634193802992
1981,1180.7107400129803,0.05245045510569719,5.245045510569719,0.5051800688204424
1981,1239.7462770136292,0.04910651887555644,4.910651887555644,0.46461834228080523
1981,1301.7335908643108,0.045419506224083965,4.541950622408397,0.41433007940726996
1981,1366.8202704075266,0.041292000389667044,4.1292000389667045,0.3493064482625447
1981,1435.1612839279028,0.03811748461450493,3.8117484614504935,0.2912417275825962
1981,1506.919348124298,0.03511662480569592,3.511662480569592,0.22800337643750845
1981,1582.265315530513,0.03223224155968471,3.223224155968471,0.15733031878981818
1981,1661.3785813070385,0.028360984163422972,2.8360984163422973,0.041553864800608666
1981,1744.4475103723908,0.026429590976666566,2.642959097666657,-0.02850322498552011
1981,1831.6698858910104,0.02413606156739334,2.413606156739334,-0.1265592293549022
1981,1923.253380185561,0.02203313016997107,2.203313016997107,-0.23577025311794414
1981,2019.4160491948392,0.019644301754772362,1.9644301754772362,-0.39274305337110715
1981,2120.3868516545813,0.017810325329628673,1.7810325329628673,-0.5495781104595617
1981,2226.40619423731,0.015933993790740324,1.5933993790740324,-0.7638492799209732
1981,2337.726503949176,0.014100017365596636,1.4100017365596635,-1.0683034687545674
1981,2454.612829146635,0.012803950885010101,1.28039508850101,-1.3976842070646727
1981,2577.3434706039666,0.011308815369823675,1.1308815369823675,-2.0955916570670388
1981,2706.2106441341652,0.010044515224545636,1.0044515224545636,-5.416730760569663
1981,2841.5211763408734,0.009140233546097188,0.9140233546097187,
1981,2983.597235157917,0.008005116497740355,0.8005116497740355,
1981,3132.777096915813,0.007210958115028018,0.7210958115028019,
1981,3289.415951761604,0.006575631408858149,0.6575631408858149,
1981,3453.8867493496846,0.005438396604814082,0.5438396604814082,
1981,3626.581086817169,0.004762832540586788,0.4762832540586788,
1981,3807.910141158027,0.004089386232046726,0.4089386232046726,
1981,3998.3056482159286,0.0036001846682959266,0.36001846682959265,
1981,4198.220930626726,0.003136396172791922,0.3136396172791922,
1981,4408.131977158062,0.0027552001490900005,0.2755200149090001,
1981,4628.538576015965,0.0024904806881858883,0.24904806881858882,
1981,4859.965504816764,0.0021325799770435284,0.21325799770435283,
1981,5102.963780057602,0.0018191521353330595,0.18191521353330595,
1981,5358.111969060483,0.0016497316803544275,0.16497316803544276,
1981,5626.017567513507,0.0014633691798779326,0.14633691798779325,
1981,5907.318445889182,0.0012727711680269717,0.12727711680269718,
1981,6202.684368183642,0.0011097039801100386,0.11097039801100386,
1981,6512.818586592824,0.0010080517071228594,0.10080517071228594,
1981,6838.459515922466,0.0008111004282102,0.08111004282102,
1981,7180.382491718589,0.0006903883540379247,0.06903883540379248,
1981,7539.401616304519,0.0006226201720464721,0.062262017204647205,
1981,7916.3716971197455,0.0005484987229933206,0.05484987229933206,
1981,8312.190281975732,0.0004595529841295389,0.045955298412953885,
1981,8727.79979607452,0.00040660909194871643,0.04066090919487164,
1981,9164.189785878247,0.0003494296883934282,0.03494296883934282,
1981,9622.39927517216,0.0003028390632743044,0.030283906327430443,
1981,10103.519238930769,0.00022659985853392008,0.022659985853392007,
1981,10608.695200877306,0.00016518494360416605,0.016518494360416604,
1981,11139.129960921173,0.00014612514241906996,0.014612514241906996,
1981,11696.086458967231,0.00011859431848504229,0.011859431848504229,
1981,12280.890781915594,0.0001143588071105765,0.01143588071105765,
1981,12894.935321011373,0.0001080055400488778,0.01080055400488778,
1981,13539.682087061941,9.318125023824751e-05,0.009318125023824751,
1981,14216.66619141504,8.682798317654881e-05,0.008682798317654882,
1981,14927.499500985794,7.412144905315144e-05,0.007412144905315144,
1981,15673.874476035082,6.988593767868563e-05,0.006988593767868563,
1981,16457.568199836838,6.353267061698694e-05,0.006353267061698694,
1981,17280.446609828683,4.6590625119123755e-05,0.004659062511912376,
1981,18144.468940320116,2.7530823934027676e-05,0.002753082393402768,
1981,19051.692387336123,2.117755687232898e-05,0.002117755687232898,
1981,20004.27700670293,2.117755687232898e-05,0.002117755687232898,
1981,21004.490857038076,1.9059801185096082e-05,0.0019059801185096082,
1981,22054.71539988998,1.4824289810630286e-05,0.0014824289810630286,
1981,23157.45116988448,6.353267061698694e-06,0.0006353267061698694,
1981,24315.323728378706,6.353267061698694e-06,0.0006353267061698694,
1981,25531.089914797645,6.353267061698694e-06,0.0006353267061698694,
1981,26807.644410537523,2.1177556872328982e-06,0.00021177556872328983,
1982,0.016422459102401747,1.0,100.0,1.5271796258079011
1982,0.017243582057521835,0.9999613236964877,99.99613236964878,1.5271712271576199
1982,0.018105761160397926,0.9999613236964877,99.99613236964878,1.5271712271576199
1982,0.019011049218417824,0.9999613236964877,99.99613236964878,1.5271712271576199
1982,0.019961601679338716,0.9999613236964877,99.99613236964878,1.5271712271576199
1982,0.020959681763305656,0.9999613236964877,99.99613236964878,1.5271712271576199
1982,0.022007665851470938,0.9999613236964877,99.99613236964878,1.5271712271576199
1982,0.023108049144044487,0.9999613236964877,99.99613236964878,1.5271712271576199
1982,0.02426345160124671,0.9999613236964877,99.99613236964878,1.5271712271576199
1982,0.025476624181309047,0.9999613236964877,99.99613236964878,1.5271712271576199
1982,0.0267504553903745,0.9999613236964877,99.99613236964878,1.5271712271576199
1982,0.028087978159893227,0.9999613236964877,99.99613236964878,1.5271712271576199
1982,0.02949237706788789,0.9999613236964877,99.99613236964878,1.5271712271576199
1982,0.030966995921282287,0.9999613236964877,99.99613236964878,1.5271712271576199
1982,0.032515345717346406,0.9999613236964877,99.99613236964878,1.5271712271576199
1982,0.03414111300321373,0.999864632937707,99.9864632937707,1.5271502288020118
1982,0.03584816865337441,0.999864632937707,99.9864632937707,1.5271502288020118
1982,0.03764057708604313,0.999864632937707,99.9864632937707,1.5271502288020118
1982,0.03952260594034529,0.999864632937707,99.9864632937707,1.5271502288020118
1982,0.04149873623736256,0.999864632937707,99.9864632937707,1.5271502288020118
1982,0.04357367304923068,0.999864632937707,99.9864632937707,1.5271502288020118
1982,0.045752356701692226,0.999864632937707,99.9864632937707,1.5271502288020118
1982,0.04803997453677684,0.999864632937707,99.9864632937707,1.5271502288020118
1982,0.05044197326361568,0.9998404602480118,99.98404602480117,1.527144978826924
1982,0.05296407192679646,0.9998404602480118,99.98404602480117,1.527144978826924
1982,0.055612275523136294,0.9998404602480118,99.98404602480117,1.527144978826924
1982,0.05839288929929311,0.9998404602480118,99.98404602480117,1.527144978826924
1982,0.061312533764257764,0.9998404602480118,99.98404602480117,1.527144978826924
1982,0.06437816045247066,0.9998404602480118,99.98404602480117,1.527144978826924
1982,0.0675970684750942,0.9998307911721337,99.98307911721336,1.5271428787936319
1982,0.07097692189884891,0.9998307911721337,99.98307911721336,1.5271428787936319
1982,0.07452576799379135,0.9998307911721337,99.98307911721336,1.5271428787936319
1982,0.07825205639348093,0.9998307911721337,99.98307911721336,1.5271428787936319
1982,0.08216465921315497,0.9997147622615968,99.97147622615968,1.5271176764658791
1982,0.08627289217381273,0.9997147622615968,99.97147622615968,1.5271176764658791
1982,0.09058653678250338,0.9997147622615968,99.97147622615968,1.5271176764658791
1982,0.09511586362162854,0.9997147622615968,99.97147622615968,1.5271176764658791
1982,0.09987165680270997,0.9997002586477798,99.97002586477798,1.5271145259245826
1982,0.10486523964284547,0.9997002586477798,99.97002586477798,1.5271145259245826
1982,0.11010850162498775,0.9997002586477798,99.97002586477798,1.5271145259245826
1982,0.11561392670623714,0.9996519132683894,99.96519132683895,1.527104023718446
1982,0.12139462304154901,0.9996519132683894,99.96519132683895,1.527104023718446
1982,0.12746435419362645,0.9996519132683894,99.96519132683895,1.527104023718446
1982,0.1338375719033078,0.9996277405786942,99.96277405786942,1.5270987723835463
1982,0.1405294504984732,0.9996277405786942,99.96277405786942,1.5270987723835463
1982,0.14755592302339685,0.9996277405786942,99.96277405786942,1.5270987723835463
1982,0.1549337191745667,0.999608402426938,99.9608402426938,1.52709457120434
1982,0.16268040513329504,0.999608402426938,99.9608402426938,1.52709457120434
1982,0.1708144253899598,0.9994391935990717,99.94391935990717,1.5270578066659908
1982,0.1793551466594578,0.9994391935990717,99.94391935990717,1.5270578066659908
1982,0.1883229039924307,0.9994391935990717,99.94391935990717,1.5270578066659908
1982,0.19773904919205226,0.9994198554473156,99.94198554473157,1.5270536045220706
1982,0.20762600165165485,0.9994198554473156,99.94198554473157,1.5270536045220706
1982,0.21800730173423763,0.9994005172955595,99.94005172955595,1.5270494022791818
1982,0.2289076668209495,0.9994005172955595,99.94005172955595,1.5270494022791818
1982,0.24035305016199698,0.9993956827576205,99.93956827576204,1.5270483517029956
1982,0.25237070267009687,0.9992409775435712,99.92409775435712,1.5270147299985297
1982,0.2649892378036017,0.9992361430056322,99.92361430056323,1.5270136792181745
1982,0.27823869969378184,0.9992361430056322,99.92361430056323,1.5270136792181745
1982,0.2921506346784709,0.9992313084676931,99.92313084676931,1.5270126284316312
1982,0.3067581664123945,0.999207135777998,99.9207135777998,1.5270073744060908
1982,0.3220960747330142,0.9992023012400589,99.9202301240059,1.5270063235824176
1982,0.3382008784696649,0.9991056104812782,99.91056104812782,1.526985305809266
1982,0.3551109223931482,0.9991056104812782,99.91056104812782,1.526985305809266
1982,0.3728664685128056,0.9991056104812782,99.91056104812782,1.526985305809266
1982,0.39150979193844593,0.9991007759433392,99.91007759433393,1.526984254855619
1982,0.4110852815353682,0.998936401653412,99.8936401653412,1.5269485187481413
1982,0.43163954561213663,0.998926732577534,99.8926732577534,1.5269464164012763
1982,0.4532215228927435,0.998926732577534,99.8926732577534,1.5269464164012763
1982,0.4758825990373807,0.9989025598878387,99.89025598878388,1.5269411604257452
1982,0.4996767289892498,0.9987575237496676,99.87575237496677,1.5269096213210724
1982,0.5246605654387123,0.9987575237496676,99.87575237496677,1.5269096213210724
1982,0.5508935937106478,0.9987333510599724,99.87333510599724,1.5269043642616336
1982,0.5784382733961804,0.9986414948391308,99.86414948391308,1.5268843860232084
1982,0.6073601870659893,0.9986318257632527,99.86318257632527,1.5268822829206266
1982,0.6377281964192889,0.9986318257632527,99.86318257632527,1.5268822829206266
1982,0.6696146062402533,0.998535135004472,99.8535135004472,1.5268612505314791
1982,0.7030953365522661,0.998535135004472,99.8535135004472,1.5268612505314791
1982,0.7382501033798794,0.9985303004665329,99.85303004665329,1.5268601988469483
1982,0.7751626085488733,0.9984771205492035,99.84771205492035,1.526848629908031
1982,0.8139207389763171,0.9984722860112645,99.84722860112645,1.5268475781491204
1982,0.854616775925133,0.9981241992796539,99.8124199279654,1.5267718352129862
1982,0.8973476147213896,0.9981193647417148,99.81193647417147,1.5267707830013875
1982,0.9422149954574592,0.9980758539002634,99.80758539002635,1.5267613128178252
1982,0.9893257452303322,0.9979308177620924,99.79308177620923,1.5267297419094776
1982,1.0387920324918487,0.9979163141482753,99.79163141482753,1.5267265845114584
1982,1.0907316341164413,0.9978631342309459,99.78631342309458,1.5267150069074689
1982,1.1452682158222636,0.9978631342309459,99.78631342309458,1.5267150069074689
1982,1.2025316266133765,0.9978292924653727,99.78292924653726,1.526707638950239
1982,1.2626582079440456,0.99774227078247,99.77422707824701,1.5266886913776985
1982,1.3257911183412479,0.9976794217892625,99.76794217892625,1.5266750057686609
1982,1.3920806742583105,0.9976697527133844,99.76697527133844,1.5266729001972028
1982,1.4616847079712258,0.9976407454857502,99.76407454857502,1.5266665833337862
1982,1.5347689433697873,0.9975875655684208,99.75875655684207,1.5266550018368366
1982,1.6115073905382766,0.9975730619546037,99.75730619546037,1.5266518431163285
1982,1.6920827600651906,0.9971959679953588,99.71959679953588,1.5265696967560058
1982,1.7766868980684503,0.9971524571539075,99.71524571539075,1.5265602158965967
1982,1.8655212429718728,0.9971234499262733,99.71234499262734,1.5265538950438822
1982,1.9587973051204663,0.9971137808503953,99.71137808503953,1.5265517880432364
1982,2.05673717037649,0.9970219246295535,99.70219246295535,1.5265317702965668
1982,2.1595740288953147,0.9969977519398584,99.69977519398584,1.5265265020953673
1982,2.26755273034008,0.9969832483260412,99.69832483260413,1.5265233411000143
1982,2.3809303668570845,0.996954241098407,99.6954241098407,1.5265170189413757
1982,2.499976885199939,0.9967028451255772,99.67028451255771,1.5264622175183844
1982,2.6249757294599356,0.996683506973821,99.6683506973821,1.5264580013273843
1982,2.756224515932933,0.9966399961323696,99.66399961323697,1.5264485145335305
1982,2.8940357417295797,0.9965723126012231,99.65723126012232,1.5264337562964825
1982,3.0387375288160583,0.9965336362977109,99.65336362977109,1.5264253224703408
1982,3.190674405256862,0.9965094636080156,99.65094636080156,1.5264200511266595
1982,3.3502081255197047,0.9962242258696125,99.62242258696125,1.5263578375135596
1982,3.51771853179569,0.9962193913316735,99.62193913316734,1.5263567828586695
1982,3.693604458385475,0.9962048877178563,99.62048877178563,1.526353618856616
1982,3.878284681304749,0.9961468732625879,99.61468732625879,1.5263409622876263
1982,4.072198915369986,0.9961323696487708,99.61323696487709,1.5263377980051758
1982,4.2758088611384855,0.9958277937586115,99.58277937586115,1.526271335115241
1982,4.48959930419541,0.9958181246827335,99.58181246827334,1.5262692247769796
1982,4.714079269405181,0.9957891174550992,99.57891174550993,1.5262628936125269
1982,4.94978323287544,0.9955763977857817,99.55763977857816,1.526216458212091
1982,5.197272394519213,0.9955473905581474,99.55473905581475,1.5262101251762337
1982,5.457136014245173,0.9955280524063913,99.55280524063913,1.5262059030275308
1982,5.729992814957432,0.9955087142546352,99.55087142546351,1.5262016807789849
1982,6.016492455705304,0.9953491745026469,99.53491745026469,1.5261668434182663
1982,6.31731707849057,0.9952911600473785,99.52911600473784,1.5261541736016868
1982,6.633182932415099,0.9950059223089753,99.50059223089754,1.5260918672574677
1982,6.964842079035853,0.9949865841572192,99.49865841572192,1.5260876423114988
1982,7.313084182987646,0.994967246005463,99.4967246005463,1.5260834172655644
1982,7.678738392137029,0.9949382387778288,99.49382387778289,1.5260770795092167
1982,8.062675311743881,0.9948898933984385,99.48898933984384,1.5260665160820794
1982,8.465809077331075,0.9941453745558269,99.41453745558269,1.5259037603472334
1982,8.88909953119763,0.9941260364040707,99.41260364040707,1.5258995309485364
1982,9.33355450775751,0.9940970291764365,99.40970291764366,1.5258931866626868
1982,9.800232233145387,0.9940776910246804,99.40776910246804,1.5258889570135783
1982,10.290243844802658,0.9935894026928377,99.35894026928376,1.525782125164106
1982,10.804756037042791,0.9935458918513863,99.35458918513864,1.5257726023928797
1982,11.344993838894931,0.9934927119340569,99.34927119340568,1.5257609627607487
1982,11.912243530839678,0.9932509850371051,99.3250985037105,1.5257080457802534
1982,12.507855707381664,0.993120452512751,99.31204525127511,1.5256794640910427
1982,13.133248492750745,0.993105948898934,99.3105948898934,1.5256762880654744
1982,13.789910917388283,0.9926273296429694,99.26273296429694,1.5255714475301547
1982,14.479406463257698,0.9925499770359448,99.25499770359448,1.5255544978281017
1982,15.203376786420584,0.9924097754357127,99.24097754357128,1.5255237723935862
1982,15.963545625741613,0.9923517609804443,99.23517609804443,1.5255110568747854
1982,16.761722907028695,0.9902632405907805,99.02632405907805,1.525052694477565
1982,17.59980905238013,0.9902342333631463,99.02342333631464,1.5250463200477997
1982,18.479799504999136,0.9901278735284875,99.01278735284875,1.5250229451933022
1982,19.4037894802491,0.9901133699146704,99.01133699146703,1.5250197574762627
1982,20.37397895426155,0.9891851386303754,98.91851386303753,1.5248156252405833
1982,21.39267790197463,0.9889869225748749,98.89869225748748,1.5247720042802093
1982,22.462311797073365,0.9889337426575455,98.89337426575455,1.5247602992844755
1982,23.58542738692703,0.9887645338296792,98.87645338296792,1.5247230510165208
1982,24.764698756273386,0.9870482728613212,98.70482728613213,1.524344807964715
1982,26.002933694087055,0.9870289347095651,98.70289347095651,1.5243405415092828
1982,27.30308037879141,0.98660349537093,98.660349537093,1.524246653727999
1982,28.66823439773098,0.9865068046121492,98.65068046121492,1.5242253087198505
1982,30.101646117617534,0.9861393797287824,98.61393797287825,1.5241441744473976
1982,31.60672842349841,0.9860330198941236,98.60330198941236,1.5241206813396844
1982,33.18706484467333,0.9797722932630714,97.97722932630714,1.5227323282179779
1982,34.846418086907,0.9796175880490222,97.96175880490222,1.5226978847146284
1982,36.58873899125235,0.9793903647658875,97.93903647658875,1.5226472838045297
1982,38.41817594081497,0.9791583069448138,97.91583069448137,1.5225955915170777
1982,40.33908473785572,0.978399284488385,97.83992844883849,1.5224264103689975
1982,42.35603897474851,0.9765089801542217,97.65089801542217,1.5220043780315249
1982,44.47384092348594,0.976156058884672,97.6156058884672,1.5219254740145653
1982,46.69753296966023,0.9756581014769513,97.56581014769513,1.5218140845566352
1982,49.03240961814325,0.9755517416422925,97.55517416422926,1.521790283656597
1982,51.484030099050415,0.9676811138775412,96.76811138775412,1.5200201906333888
1982,54.058231604002934,0.9670236167178322,96.70236167178322,1.519871526877675
1982,56.76114318420308,0.966743213517368,96.67432135173681,1.519808088682833
1982,59.59920034341324,0.9650704633904614,96.50704633904614,1.5194291805307927
1982,62.579160360583906,0.9647852256520583,96.47852256520582,1.5193644891401012
1982,65.70811837861311,0.953607773937006,95.3607773937006,1.516810947792339
1982,68.99352429754377,0.9530324639222606,95.30324639222606,1.516678529092901
1982,72.44320051242094,0.9526118591215644,95.26118591215645,1.5165816570849304
1982,76.065360538042,0.9509246053808407,95.09246053808407,1.5161925306292174
1982,79.8686285649441,0.9497546471995939,94.97546471995939,1.5159222118588591
1982,83.86205999319131,0.9348304285817883,93.48304285817883,1.5124379189075359
1982,88.05516299285088,0.9343276366361285,93.43276366361285,1.5123193544298534
1982,92.45792114249343,0.933196354758394,93.3196354758394,1.5120522994212078
1982,97.08081719961811,0.9328192607991491,93.28192607991491,1.5119631932706608
1982,101.93485805959902,0.9162851410476444,91.62851410476443,1.5080124249637752
1982,107.03160096257898,0.9147961033624211,91.47961033624212,1.5076523566730555
1982,112.38318101070793,0.9140950953612609,91.4095095361261,1.5074825960793867
1982,118.00234006124333,0.9066402378592666,90.66402378592666,1.5056673826969338
1982,123.9024570643055,0.9036138171094298,90.36138171094298,1.504925255611698
1982,130.0975799175208,0.9022794846382557,90.22794846382557,1.5045970903802788
1982,136.60245891339684,0.8443037056733302,84.43037056733303,1.4897366531495635
1982,143.4325818590667,0.8390195557059634,83.90195557059634,1.4883203307025619
1982,150.60421095202,0.8312214460102976,83.12214460102976,1.4862100890241192
1982,158.13442149962103,0.8276825642389228,82.76825642389228,1.4852444111340495
1982,166.04114257460208,0.79443061229423,79.443061229423,1.4759157892770256
1982,174.3431997033322,0.7911576301095022,79.11576301095022,1.4749717137463212
1982,183.0603596884988,0.786617998984747,78.6617998984747,1.4736543051906692
1982,192.21337767292377,0.7840798665667529,78.40798665667529,1.4729136554359115
1982,201.82404655656995,0.7554594019676569,75.5459401967657,1.464352242782802
1982,211.91524888439847,0.7513452101815369,75.13452101815369,1.4630887495988616
1982,222.5110113286184,0.7425705238221857,74.25705238221857,1.4603652935119988
1982,233.63656189504934,0.7282699605985158,72.82699605985158,1.4558406454535013
1982,245.3183899898018,0.7175421209117938,71.75421209117938,1.4523738563827169
1982,257.5843094892919,0.6859580845560685,68.59580845560686,1.441783804361127
1982,270.4635249637565,0.6654596436945539,66.54596436945539,1.4345827095016062
1982,283.98670121194436,0.638173511566632,63.81735115666321,1.4245591163080018
1982,298.18603627254157,0.6197684256327202,61.976842563272015,1.4174927913079252
1982,313.0953380861687,0.6118107761850661,61.181077618506606,1.41435640116703
1982,328.7501049904771,0.5694263820735334,56.94263820735333,1.3967506070179865
1982,345.187610240001,0.5553965529744495,55.539655297444945,1.3905595710350553
1982,362.446990752001,0.5421160772559163,54.21160772559163,1.3845165442882432
1982,380.56934028960114,0.5288210979235659,52.88210979235659,1.378278593644173
1982,399.5978073040812,0.5032125504604897,50.321255046048975,1.3656904389840805
1982,419.57769766928527,0.47501269066208995,47.501269066209,1.350863130046621
1982,440.55658255274955,0.46416398752689214,46.41639875268921,1.3448609344494813
1982,462.584411680387,0.4444149000459281,44.44149000459281,1.3334665986343082
1982,485.7136322644064,0.43741932364814234,43.74193236481423,1.3292760767079406
1982,509.9993138776268,0.39418888539727814,39.41888853972782,1.3013476982279528
1982,535.4992795715082,0.3808987406028669,38.08987406028669,1.2919695260849835
1982,562.2742435500835,0.371505233387319,37.1505233387319,1.2850857306250014
1982,590.3879557275877,0.35254417559041795,35.2544175590418,1.2704880448430385
1982,619.9073535139671,0.3415601053929271,34.15601053929271,1.2615637207622965
1982,650.9027211896655,0.3318330150595857,33.18330150595857,1.2533475926277367
1982,683.4478572491489,0.29812178201068434,29.812178201068434,1.2222793054822183
1982,717.6202501116063,0.288003094104281,28.8003094104281,1.2120558871645515
1982,753.5012626171866,0.2733302714593053,27.333027145930526,1.196372723705987
1982,791.176325748046,0.2626652807657908,26.266528076579082,1.1842685743528678
1982,830.7351420354485,0.23727428750997123,23.727428750997124,1.1526684709980541
1982,872.2718991372209,0.22958737218690323,22.958737218690324,1.1422139589485634
1982,915.885494094082,0.22190529140177429,22.19052914017743,1.1312942290735213
1982,961.6797687987861,0.21504991660422054,21.504991660422053,1.1211187991486034
1982,1009.7637572387255,0.19128816263385626,19.128816263385627,1.082210479047152
1982,1060.2519451006617,0.1853803572723537,18.538035727235368,1.0715235482758132
1982,1113.2645423556949,0.17825908288815295,17.825908288815295,1.0580169770979229
1982,1168.9277694734797,0.16354274940172592,16.35427494017259,1.0276493805749254
1982,1227.3741579471537,0.1590562981943001,15.90562981943001,1.0176455598363716
1982,1288.7428658445115,0.15246198844545433,15.246198844545432,1.0022226055688532
1982,1353.180009136737,0.1350044719475936,13.50044719475936,0.9565581318417318
1982,1420.839009593574,0.1293190553312867,12.93190553312867,0.9398891089120409
1982,1491.8809600732527,0.12153544924943799,12.153544924943798,0.9153386350144549
1982,1566.4750080769154,0.11716019241460997,11.716019241460996,0.9005503276515527
1982,1644.7987584807613,0.10213928303802364,10.213928303802364,0.8431832536178683
1982,1727.0386964047993,0.09786071696197636,9.786071696197636,0.824596459258534
1982,1813.3906312250394,0.09303584809881796,9.303584809881796,0.802180847123616
1982,1904.0601627862916,0.0901786361768474,9.01786361768474,0.7880970484327384
1982,1999.2631709256063,0.08122023737581281,8.122023737581282,0.739352746525175
1982,2099.2263294718864,0.07864342865430636,7.864342865430636,0.7238407664882064
1982,2204.187645945481,0.07398776861901424,7.398776861901424,0.6938043134089341
1982,2314.397028242755,0.06968502985327177,6.968502985327177,0.6634095796548097
1982,2430.116879654893,0.06795426527109671,6.795426527109671,0.6503700553724444
1982,2551.622723637638,0.058386714689743525,5.838671468974352,0.5678692245856648
1982,2679.2038598195195,0.05485266745630786,5.485266745630786,0.5318426453765723
1982,2813.164052810496,0.05218400251395973,5.218400251395973,0.5021022190738462
1982,2953.8222554510207,0.05082549735309048,5.082549735309048,0.48600803039006785
1982,3101.513368223572,0.046450240518262464,4.645024051826247,0.4290491716921543
1982,3256.5890366347503,0.04446807996325751,4.4468079963257505,0.4002425171544513
1982,3419.4184884664883,0.03708090599240978,3.7080905992409776,0.27042177754405755
1982,3590.389412889813,0.03534530687229568,3.534530687229568,0.2331576653129047
1982,3769.9088835343036,0.03324228286881481,3.324228286881481,0.1833523195411393
1982,3958.404327711019,0.03096521549952863,3.096521549952863,0.12246485953012966
1982,4156.32454409657,0.026981556237762577,2.6981556237762576,-0.007459314355210836
1982,4364.140771301399,0.025642389228649472,2.564238922864947,-0.06010917892056766
1982,4582.347809866469,0.024366071212743843,2.4366071212743843,-0.11585253426720475
1982,4811.465200359792,0.022785177306678915,2.2785177306678914,-0.19416123387338682
1982,5052.038460377783,0.018264884333679808,1.8264884333679807,-0.5068415132888175
1982,5304.6403833966715,0.01689187555899345,1.689187555899345,-0.6457910399393919
1982,5569.872402566506,0.016065169571418212,1.6065169571418212,-0.7464035481983766
1982,5848.366022694831,0.013976649181754454,1.3976649181754455,-1.094213193354832
1982,6140.784323829573,0.013125770504484035,1.3125770504484036,-1.3019810848976905
1982,6447.8235400210515,0.012154028378737702,1.2154028378737702,-1.6343682280864882
1982,6770.214717022104,0.009635234112499698,0.9635234112499699,
1982,7108.72545287321,0.008832700814619643,0.8832700814619643,
1982,7464.161725516871,0.007856124150934275,0.7856124150934275,
1982,7837.369811792715,0.007256641446493751,0.7256641446493751,
1982,8229.238302382351,0.005482366022867364,0.5482366022867364,
1982,8640.700217501468,0.005027919456597935,0.5027919456597936,
1982,9072.735228376543,0.004433271290096449,0.44332712900964494,
1982,9526.37198979537,0.004104522710241969,0.4104522710241969,
1982,10002.69058928514,0.0033455002538132416,0.33455002538132417,
1982,10502.825118749397,0.0030264207498368343,0.30264207498368345,
1982,11027.966374686868,0.002605815949140661,0.26058159491406613,
1982,11579.364693421212,0.002141700306993159,0.2141700306993159,
1982,12158.332928092272,0.0018903043341632624,0.18903043341632625,
1982,12766.249574496887,0.001735599120114095,0.17355991201140952,
1982,13404.56205322173,0.0013730087746863593,0.13730087746863592,
1982,14074.790155882818,0.001218303560637192,0.12183035606371921,
1982,14778.52966367696,0.0011119437259783896,0.11119437259783896,
1982,15517.45614686081,0.000923396746355967,0.0923396746355967,
1982,16293.32895420385,0.0008122023737581281,0.08122023737581281,
1982,17107.995401914042,0.0005994827044405231,0.05994827044405231,
1982,17963.395172009747,0.0005608064009282313,0.05608064009282313,
1982,18861.564930610235,0.0004882883318426841,0.04882883318426841,
1982,19804.643177140748,0.00038192849718388165,0.03819284971838816,
1982,20794.87533599778,0.00034325219367158983,0.03432521936715898,
1982,21834.619102797675,0.0003190795039764075,0.03190795039764075,
1982,22926.350057937558,0.00028523773840315213,0.028523773840315212,
1982,24072.667560834438,0.00026106504870796973,0.026106504870796972,
1982,25276.300938876164,0.0001885469796224226,0.018854697962242258,
1982,26540.11598581997,0.00017887790374434962,0.017887790374434963,
1982,27867.12178511097,0.00017887790374434962,0.017887790374434963,
1982,29260.47787436652,0.00015953975198820374,0.015953975198820376,
1982,30723.501768084847,0.00014987067611013077,0.014987067611013077,
1982,32259.67685648909,0.00013536706229302133,0.013536706229302134,
1982,33872.66069931354,9.185622084169306e-05,0.009185622084169306,
1982,35566.29373427923,9.185622084169306e-05,0.009185622084169306,
1982,37344.608420993194,7.735260702458362e-05,0.007735260702458362,
1982,39211.838842042845,7.735260702458362e-05,0.007735260702458362,
1982,41172.43078414499,6.768353114651067e-05,0.006768353114651067,
1982,43231.05232335225,5.801445526843772e-05,0.005801445526843772,
1982,45392.60493951986,5.317991732940124e-05,0.005317991732940125,
1982,47662.235186495855,4.8345379390364765e-05,0.004834537939036477,
1982,50045.34694582065,2.4172689695182383e-05,0.0024172689695182385,
1982,52547.614293111685,2.4172689695182383e-05,0.0024172689695182385,
1982,55174.99500776728,2.4172689695182383e-05,0.0024172689695182385,
1982,57933.74475815564,2.4172689695182383e-05,0.0024172689695182385,
1982,60830.431996063424,2.4172689695182383e-05,0.0024172689695182385,
1982,63871.953595866595,1.9338151756145905e-05,0.0019338151756145905,
1982,67065.55127565993,9.669075878072953e-06,0.0009669075878072953,
1982,70418.82883944293,9.669075878072953e-06,0.0009669075878072953,
1982,73939.77028141507,9.669075878072953e-06,0.0009669075878072953,
1982,77636.75879548583,9.669075878072953e-06,0.0009669075878072953,
1982,81518.59673526013,9.669075878072953e-06,0.0009669075878072953,
1983,0.0230226639023554,0.9999939975630106,99.99939975630106,1.5271783223905087
1983,0.024173797097473172,0.9999819926890318,99.99819926890318,1.5271757155271555
1983,0.02538248695234683,0.9999819926890318,99.99819926890318,1.5271757155271555
1983,0.026651611299964174,0.9999819926890318,99.99819926890318,1.5271757155271555
1983,0.027984191864962385,0.9999819926890318,99.99819926890318,1.5271757155271555
1983,0.029383401458210508,0.9999819926890318,99.99819926890318,1.5271757155271555
1983,0.030852571531121035,0.9999819926890318,99.99819926890318,1.5271757155271555
1983,0.03239520010767709,0.9999819926890318,99.99819926890318,1.5271757155271555
1983,0.03401496011306094,0.9999819926890318,99.99819926890318,1.5271757155271555
1983,0.03571570811871399,0.9999819926890318,99.99819926890318,1.5271757155271555
1983,0.03750149352464969,0.9999819926890318,99.99819926890318,1.5271757155271555
1983,0.03937656820088217,0.9999759902520423,99.99759902520424,1.5271744120811945
1983,0.04134539661092629,0.9999759902520423,99.99759902520424,1.5271744120811945
1983,0.043412666441472604,0.9999759902520423,99.99759902520424,1.5271744120811945
1983,0.045583299763546234,0.9999759902520423,99.99759902520424,1.5271744120811945
1983,0.04786246475172355,0.9999759902520423,99.99759902520424,1.5271744120811945
1983,0.05025558798930972,0.9999759902520423,99.99759902520424,1.5271744120811945
1983,0.05276836738877522,0.9999659861903933,99.99659861903933,1.527172239650097
1983,0.05540678575821398,0.9999659861903933,99.99659861903933,1.527172239650097
1983,0.058177125046124684,0.9999659861903933,99.99659861903933,1.527172239650097
1983,0.061085981298430916,0.9999659861903933,99.99659861903933,1.527172239650097
1983,0.06414028036335247,0.9999659861903933,99.99659861903933,1.527172239650097
1983,0.0673472943815201,0.9999659861903933,99.99659861903933,1.527172239650097
1983,0.0707146591005961,0.9999659861903933,99.99659861903933,1.527172239650097
1983,0.0742503920556259,0.9999659861903933,99.99659861903933,1.527172239650097
1983,0.07796291165840721,0.9999599837534039,99.99599837534039,1.5271709361787413
1983,0.08186105724132757,0.9999599837534039,99.99599837534039,1.5271709361787413
1983,0.08595411010339395,0.9999599837534039,99.99599837534039,1.5271709361787413
1983,0.09025181560856366,0.9999599837534039,99.99599837534039,1.5271709361787413
1983,0.09476440638899185,0.9999599837534039,99.99599837534039,1.5271709361787413
1983,0.09950262670844144,0.9999599837534039,99.99599837534039,1.5271709361787413
1983,0.10447775804386351,0.9999599837534039,99.99599837534039,1.5271709361787413
1983,0.10970164594605669,0.9999599837534039,99.99599837534039,1.5271709361787413
1983,0.11518672824335953,0.9999559821287443,99.99559821287443,1.5271700671925466
1983,0.12094606465552751,0.9999559821287443,99.99559821287443,1.5271700671925466
1983,0.1269933678883039,0.9999519805040846,99.99519805040846,1.5271691982021192
1983,0.1333430362827191,0.9999519805040846,99.99519805040846,1.5271691982021192
1983,0.14001018809685506,0.9999519805040846,99.99519805040846,1.5271691982021192
1983,0.14701069750169782,0.9999519805040846,99.99519805040846,1.5271691982021192
1983,0.1543612323767827,0.9999459780670953,99.99459780670954,1.5271678947085416
1983,0.16207929399562185,0.9999459780670953,99.99459780670954,1.5271678947085416
1983,0.17018325869540296,0.9999459780670953,99.99459780670954,1.5271678947085416
1983,0.1786924216301731,0.999937974817776,99.9937974817776,1.5271661567022903
1983,0.1876270427116818,0.9999279707561269,99.9927970756127,1.5271639841706666
1983,0.1970083948472659,0.9999279707561269,99.9927970756127,1.5271639841706666
1983,0.20685881458962915,0.9999279707561269,99.9927970756127,1.5271639841706666
1983,0.21720175531911065,0.9999279707561269,99.9927970756127,1.5271639841706666
1983,0.2280618430850662,0.9999279707561269,99.9927970756127,1.5271639841706666
1983,0.2394649352393195,0.9998939569465203,99.98939569465203,1.5271565973652528
1983,0.2514381820012855,0.9998939569465203,99.98939569465203,1.5271565973652528
1983,0.26401009110134976,0.9998939569465203,99.98939569465203,1.5271565973652528
1983,0.2772105956564173,0.9998939569465203,99.98939569465203,1.5271565973652528
1983,0.29107112543923813,0.9998939569465203,99.98939569465203,1.5271565973652528
1983,0.30562468171120005,0.9998939569465203,99.98939569465203,1.5271565973652528
1983,0.3209059157967601,0.9998879545095308,99.98879545095308,1.5271552937796073
1983,0.3369512115865981,0.9998879545095308,99.98879545095308,1.5271552937796073
1983,0.35379877216592803,0.9998819520725415,99.98819520725415,1.5271539901844373
1983,0.3714887107742244,0.9998819520725415,99.98819520725415,1.5271539901844373
1983,0.3900631463129357,0.9998819520725415,99.98819520725415,1.5271539901844373
1983,0.4095663036285825,0.9998819520725415,99.98819520725415,1.5271539901844373
1983,0.43004461881001166,0.9998819520725415,99.98819520725415,1.5271539901844373
1983,0.45154684975051224,0.9998819520725415,99.98819520725415,1.5271539901844373
1983,0.47412419223803787,0.9998799512602117,99.98799512602116,1.527153555650597
1983,0.49783040184993976,0.9998799512602117,99.98799512602116,1.527153555650597
1983,0.5227219219424367,0.9998619439492434,99.98619439492434,1.52714964479841
1983,0.5488580180395587,0.9998619439492434,99.98619439492434,1.52714964479841
1983,0.5763009189415366,0.9998619439492434,99.98619439492434,1.52714964479841
1983,0.6051159648886134,0.9998519398875944,99.98519398875943,1.5271474720657074
1983,0.6353717631330441,0.9998519398875944,99.98519398875943,1.5271474720657074
1983,0.6671403512896964,0.9998519398875944,99.98519398875943,1.5271474720657074
1983,0.7004973688541812,0.9998479382629347,99.98479382629347,1.5271466029652174
1983,0.7355222372968904,0.9998479382629347,99.98479382629347,1.5271466029652174
1983,0.7722983491617348,0.9998419358259454,99.98419358259454,1.5271452993065442
1983,0.8109132666198218,0.9998359333889559,99.98359333889559,1.5271439956383452
1983,0.8514589299508127,0.9998359333889559,99.98359333889559,1.5271439956383452
1983,0.8940318764483535,0.9998359333889559,99.98359333889559,1.5271439956383452
1983,0.9387334702707711,0.9997959171423598,99.97959171423598,1.527135304273568
1983,0.9856701437843098,0.9997879138930406,99.97879138930405,1.5271335659498035
1983,1.0349536509735253,0.9997779098313916,99.97779098313916,1.5271313930212802
1983,1.0867013335222016,0.9997779098313916,99.97779098313916,1.5271313930212802
1983,1.1410364001983118,0.9997679057697425,99.97679057697425,1.527129220066292
1983,1.1980882202082275,0.9997518992711041,99.9751899271104,1.527125743283263
1983,1.2579926312186387,0.9997518992711041,99.9751899271104,1.527125743283263
1983,1.320892262779571,0.9997518992711041,99.9751899271104,1.527125743283263
1983,1.3869368759185494,0.9997518992711041,99.9751899271104,1.527125743283263
1983,1.456283719714477,0.9997518992711041,99.9751899271104,1.527125743283263
1983,1.5290979057002008,0.999741895209455,99.9741895209455,1.5271235702594637
1983,1.6055528009852111,0.9997198862738271,99.97198862738271,1.527118789513941
1983,1.6858304410344715,0.9997018789628589,99.97018789628589,1.5271148778995918
1983,1.7701219630861953,0.9997018789628589,99.97018789628589,1.5271148778995918
1983,1.858628061240505,0.9996718667779119,99.96718667779119,1.5271083583517624
1983,1.9515594643025305,0.9996618627162628,99.96618627162628,1.527106185116211
1983,2.049137437517657,0.9996158440326772,99.96158440326772,1.5270961878917113
1983,2.15159430939354,0.9995998375340388,99.95998375340388,1.527092710464923
1983,2.259174024863217,0.9995718261614215,99.95718261614215,1.5270866248049535
1983,2.3721327261063783,0.9994357709229947,99.94357709229948,1.5270570629321398
1983,2.490739362411697,0.9994357709229947,99.94357709229948,1.5270570629321398
1983,2.615276330532282,0.9994317692983351,99.94317692983351,1.527056193391141
1983,2.746040147058896,0.9993737457407708,99.93737457407707,1.5270435845704338
1983,2.883342154411841,0.9992256856283651,99.92256856283652,1.5270114063000424
1983,3.0275092621324333,0.9992016758804074,99.92016758804074,1.5270061876552783
1983,3.178884725239055,0.9990896303899384,99.90896303899383,1.5269818319614012
1983,3.337828961501008,0.999051614955672,99.9051614955672,1.5269735676670315
1983,3.5047204095760587,0.9989555759638413,99.89555759638414,1.5269526877445958
1983,3.6799564300548613,0.9989375686528731,99.89375686528732,1.5269487724871222
1983,3.863954251557605,0.9988095166637655,99.88095166637655,1.5269209281784328
1983,4.057151964135485,0.9986694598006791,99.86694598006791,1.5268904684901061
1983,4.260009562342259,0.9986454500527214,99.86454500527215,1.5268852463071647
1983,4.473010040459373,0.9986014321814657,99.86014321814658,1.5268756719081729
1983,4.696660542482341,0.998195267278515,99.81952672785151,1.5267873020710143
1983,4.9314935696064595,0.9981592526565786,99.81592526565785,1.526779464209422
1983,5.178068248086782,0.9981012290990142,99.81012290990142,1.5267668358194397
1983,5.436971660491122,0.9978411234961394,99.78411234961393,1.5267102148116778
1983,5.708820243515678,0.9976830593220848,99.76830593220848,1.526675797883979
1983,5.994261255691462,0.9973829374726139,99.73829374726138,1.5266104310176076
1983,6.293974318476035,0.9970808148108132,99.70808148108132,1.5265446041845863
1983,6.608673034399837,0.996566606042053,99.6566606042053,1.5264325119387128
1983,6.939106686119829,0.996226467945986,99.62264679459861,1.526358326620609
1983,7.286062020425822,0.9959223444718556,99.59223444718556,1.526291970104623
1983,7.650365121447113,0.9956962526785875,99.56962526785875,1.5262426232860975
1983,8.032883377519468,0.9948679163740478,99.48679163740478,1.526061713913037
1983,8.434527546395442,0.9944777579697357,99.44777579697357,1.5259764394390238
1983,8.856253923715215,0.9934393363705665,99.34393363705665,1.5257492795442638
1983,9.299066619900977,0.9922908700932579,99.2290870093258,1.5254977099305544
1983,9.764019950896024,0.9920247620533936,99.20247620533937,1.5254393688227357
1983,10.252220948440828,0.9904601268114854,99.04601268114854,1.5250959548377296
1983,10.764831995862869,0.9897858530563409,98.9785853056341,1.524947758131727
1983,11.303073595656013,0.9888954915695772,98.88954915695773,1.5247518796770951
1983,11.868227275438814,0.9858202430186656,98.58202430186655,1.5240736732246296
1983,12.461638639210756,0.9849198774702529,98.49198774702529,1.5238746214870003
1983,13.084720571171292,0.9834412771585264,98.34412771585264,1.5235472530302694
1983,13.738956599729859,0.9817806029247874,98.17806029247875,1.5231788571333975
1983,14.425904429716354,0.9775348791609394,97.75348791609395,1.5222335452379598
1983,15.14719965120217,0.9756261041983045,97.56261041983045,1.5218069246294583
1983,15.904559633762279,0.9711282780809009,97.11282780809009,1.5207976041805449
1983,16.699787615450393,0.968261114012289,96.8261114012289,1.5201512297250097
1983,17.534776996222917,0.9647917054324056,96.47917054324056,1.5193659590010402
1983,18.41151584603406,0.9601458192025962,96.01458192025962,1.5183089954400566
1983,19.332091638335765,0.953705204312951,95.3705204312951,1.5168333636271842
1983,20.298696220252555,0.9461761475158914,94.61761475158914,1.5150928721906436
1983,21.31363103126518,0.9411701150667171,94.11701150667172,1.5139262508432771
1983,22.379312582828444,0.9371104668495409,93.71104668495408,1.5129746048586918
1983,23.498278211969865,0.9234089040150301,92.340890401503,1.5097252088563424
1983,24.67319212256836,0.9189490933318928,91.89490933318928,1.5086548230864978
1983,25.90685172869678,0.9115640950225792,91.15640950225792,1.5068683466352424
1983,27.20219431513162,0.9030406344976061,90.3040634497606,1.504784359897643
1983,28.5623040308882,0.8931086020924496,89.31086020924496,1.5023254397449743
1983,29.99041923243261,0.8841269555439508,88.41269555439509,1.5000728502055165
1983,31.48994019405425,0.873064464172454,87.3064464172454,1.4972596088862482
1983,33.06443720375696,0.8619779630529996,86.19779630529996,1.4943961538409354
1983,34.71765906394481,0.8491227438339966,84.91227438339965,1.49101887249966
1983,36.45354201714205,0.8379882232186268,83.79882232186267,1.4880426250840915
1983,38.276219117999155,0.8251690186215603,82.51690186215603,1.4845554425948526
1983,40.190030073899116,0.806607482637951,80.6607482637951,1.4793866436998373
1983,42.19953157759407,0.7939123284053325,79.39123284053325,1.475766611629991
1983,44.30950815647378,0.7823696420746823,78.23696420746823,1.4724129326646014
1983,46.524983564297465,0.7584599347335018,75.84599347335018,1.4652683939692643
1983,48.851232742512344,0.7470192898316717,74.70192898316716,1.4617510107803848
1983,51.293794379637966,0.7332677066889157,73.32677066889157,1.457434270723615
1983,53.85848409861986,0.7149762803698302,71.49762803698302,1.4515351999906518
1983,56.551408303550865,0.6971650490098981,69.7165049009898,1.4456092052901535
1983,59.3789787187284,0.6806663505383186,68.06663505383186,1.4399505603955522
1983,62.34792765466483,0.661920739820367,66.1920739820367,1.4333116993823982
1983,65.46532403739806,0.6459102395572602,64.59102395572603,1.4274544072336115
1983,68.73859023926798,0.6327228854915096,63.27228854915096,1.4224930736019359
1983,72.17551975123139,0.6091473138094066,60.91473138094066,1.4132952928711693
1983,75.78429573879295,0.5907358387505327,59.073583875053274,1.4057988682817808
1983,79.5735105257326,0.569055036344756,56.90550363447559,1.3965892022112003
1983,83.55218605201924,0.5486247416451079,54.862474164510786,1.3875010288286926
1983,87.72979535462021,0.5319319643775373,53.193196437753734,1.3797556557182824
1983,92.11628512235121,0.5053351660774275,50.53351660774275,1.3667640836237869
1983,96.7220993784688,0.4902270321750631,49.02270321750631,1.3589960089920767
1983,101.55820434739222,0.47410648723381693,47.41064872338169,1.350368397933111
1983,106.63611456476184,0.45828806495437147,45.82880649543715,1.3415356843231312
1983,111.96792029299993,0.44027275073679917,44.02727507367992,1.3309955104303715
1983,117.56631630764993,0.4198164454768636,41.98164454768636,1.3183453610854954
1983,123.44463212303243,0.40263547000082034,40.263547000082035,1.3071013911228555
1983,129.61686372918408,0.3881535903576852,38.81535903576852,1.297139603203642
1983,136.09770691564327,0.37439400396561,37.439400396561,1.2872261286921134
1983,142.90259226142547,0.35425582786611365,35.425582786611365,1.2718466362036873
1983,150.04772187449672,0.3403061643027069,34.03061643027069,1.2605215364369002
1983,157.55010796822157,0.3251440084674378,32.51440084674378,1.2475158246168776
1983,165.42761336663267,0.31143044075894816,31.143044075894817,1.2350617700717281
1983,173.6989940349643,0.29557400304523634,29.557400304523636,1.2197479633712225
1983,182.38394373671252,0.2838432403555844,28.38432403555844,1.2077168931286135
1983,191.50314092354816,0.26752861661834704,26.752861661834704,1.1898662061744316
1983,201.07829796972558,0.25518560535577445,25.518560535577446,1.1753899955736302
1983,211.13221286821184,0.2432007395002371,24.32007395002371,1.1604290146425127
1983,221.68882351162245,0.23180011084500307,23.180011084500308,1.1452701226568616
1983,232.77326468720358,0.21555351472697915,21.555351472697915,1.1218808353743517
1983,244.4119279215638,0.20645982268801133,20.645982268801134,1.1077440460411312
1983,256.632524317642,0.19687193000358144,19.687193000358143,1.0919126705385558
1983,269.4641505335241,0.18765018597550606,18.765018597550608,1.0756828821341236
1983,282.9373580602003,0.17679377827397924,17.679377827397925,1.0551475224037359
1983,297.0842259632104,0.1671198506593677,16.711985065936773,1.0353622280031978
1983,311.9384372613709,0.1574259149214581,15.742591492145811,1.0139145506619527
1983,327.5353591244394,0.14956672408998054,14.956672408998054,0.9951601417494493
1983,343.91212708066143,0.14248785006712725,14.248785006712724,0.9770740763001775
1983,361.10773343469447,0.1327438940209725,13.27438940209725,0.9500490803613332
1983,379.1631201064293,0.12539090870893582,12.539090870893583,0.927765062925218
1983,398.1212761117508,0.11787385678585506,11.787385678585506,0.9030149774748331
1983,418.0273399173383,0.11028677643123108,11.028677643123109,0.8756766069067657
1983,438.92870691320525,0.10457845885429484,10.457845885429485,0.853288096956062
1983,460.8751422588654,0.09565483586336053,9.565483586336052,0.814550835862832
1983,483.9188993718088,0.09028065394550187,9.028065394550188,0.788611031490246
1983,508.1148443403992,0.08505453214004886,8.505453214004886,0.7611363876534788
1983,533.5205865574193,0.08022857280055702,8.022857280055701,0.7334704720748627
1983,560.1966158852903,0.074662312899037,7.466231289903701,0.6983289117248678
1983,588.2064466795548,0.06902402375364398,6.902402375364399,0.6584881979758751
1983,617.6167690135325,0.0645201951992509,6.45201951992509,0.6229356305351129
1983,648.4976074642092,0.06005838370378374,6.005838370378374,0.5837407455531449
1983,680.9224878374197,0.05656096375128302,5.656096375128302,0.5497004893702926
1983,714.9686122292907,0.051470897184256806,5.147089718425681,0.4937393522891064
1983,750.7170428407552,0.047445262776687334,4.744526277668734,0.4427554920474162
1983,788.252894982793,0.043799782711780984,4.379978271178098,0.39004263307494674
1983,827.6655397319327,0.040536457801867556,4.053645780186756,0.336198391148072
1983,869.0488167185293,0.03739518244407229,3.739518244407229,0.2768411146494656
1983,912.5012575544558,0.03501621658393308,3.501621658393308,0.22572118010110817
1983,958.1263204321788,0.03102059436131069,3.102059436131069,0.12404448085654067
1983,1006.0326364537876,0.02833150259005156,2.8331502590051563,0.040555646993818216
1983,1056.3342682764771,0.0257344481859635,2.57344481859635,-0.05631070507363736
1983,1109.150981690301,0.023185413277790782,2.3185413277790783,-0.17323704630262585
1983,1164.6085307748162,0.02056034750108544,2.056034750108544,-0.32742236159595245
1983,1222.838957313557,0.018733605843972653,1.8733605843972652,-0.4656388934381647
1983,1283.980905179235,0.017038917800627055,1.7038917800627056,-0.6293934978823074
1983,1348.1799504381968,0.015686368665678265,1.5686368665678265,-0.7980477922819551
1983,1415.5889479601067,0.013623531153648382,1.3623531153648383,-1.1737235074981527
1983,1486.368395358112,0.012337008825583187,1.2337008825583187,-1.560559659429495
1983,1560.6868151260176,0.010898424760452744,1.0898424760452745,-2.4530223779238147
1983,1638.7211558823185,0.009651918678983667,0.9651918678983666,
1983,1720.6572136764344,0.008789568564837324,0.8789568564837323,
1983,1806.6900743602564,0.007897206265743893,0.7897206265743892,
1983,1897.0245780782693,0.006986836655682207,0.6986836655682207,
1983,1991.875806982183,0.006226527970355965,0.6226527970355965,
1983,2091.469597331292,0.005432205475423022,0.5432205475423022,
1983,2196.0430771978567,0.004944007266950382,0.4944007266950382,
1983,2305.84523105775,0.00426173026248657,0.426173026248657,
1983,2421.1374926106373,0.003791539364982183,0.37915393649821827,
1983,2542.1943672411694,0.003435394770276732,0.34353947702767323,
1983,2669.304085603228,0.0030832518002308937,0.30832518002308934,
1983,2802.7692898833893,0.002629067401364954,0.2629067401364954,
1983,2942.907754377559,0.002344952050532516,0.2344952050532516,
1983,3090.053142096437,0.002100852946296196,0.2100852946296196,
1983,3244.555799201259,0.0018367457187618173,0.18367457187618172,
1983,3406.783589161322,0.0016646758583985098,0.166467585839851,
1983,3577.1227686193884,0.0013905645692151014,0.13905645692151014,
1983,3755.9789070503575,0.0011644727759470344,0.11644727759470344,
1983,3943.7778524028763,0.0009864004785943093,0.09864004785943092,
1983,4140.96674502302,0.0009243752963703264,0.09243752963703264,
1983,4348.015082274171,0.0008383403661886726,0.08383403661886726,
1983,4565.41583638788,0.0007483038113474071,0.0748303811347407,
1983,4793.686628207274,0.0005722323263244877,0.05722323263244877,
1983,5033.370959617638,0.0005042047071110871,0.05042047071110871,
1983,5285.039507598521,0.00043417627556788057,0.04341762755678805,
1983,5549.291482978446,0.00037415190567370354,0.03741519056737035,
1983,5826.756057127369,0.00031212672344972057,0.031212672344972058,
1983,6118.093859983738,0.00027611210151321435,0.027611210151321435,
1983,6423.998552982925,0.00025810479054496125,0.025810479054496124,
1983,6745.198480632071,0.00022008935627864913,0.022008935627864913,
1983,7082.4584046636755,0.00018807635900175472,0.018807635900175472,
1983,7436.581324896859,0.00015806417405466618,0.01580641740546662,
1983,7808.410391141702,0.00015806417405466618,0.01580641740546662,
1983,8198.830910698789,0.00014005686308641308,0.014005686308641309,
1983,8608.772456233728,0.00012605117677777177,0.012605117677777177,
1983,9039.211079045413,0.00011604711512874227,0.011604711512874228,
1983,9491.171632997684,8.603493018165376e-05,0.008603493018165376,
1983,9965.73021464757,7.002843154320654e-05,0.007002843154320654,
1983,10464.01672537995,7.002843154320654e-05,0.007002843154320654,
1983,10987.217561648948,6.402599455378884e-05,0.006402599455378884,
1983,11536.578439731395,6.0024369894177035e-05,0.006002436989417704,
1983,12113.407361717964,5.002030824514753e-05,0.0050020308245147535,
1983,12719.077729803863,4.601868358553573e-05,0.004601868358553573,
1983,13355.031616294058,4.401787125572983e-05,0.004401787125572983,
1983,14022.783197108762,2.6010560287476716e-05,0.002601056028747672,
1983,14723.9223569642,2.6010560287476716e-05,0.002601056028747672,
1983,15460.11847481241,2.6010560287476716e-05,0.002601056028747672,
1983,16233.124398553033,1.600649863844721e-05,0.001600649863844721,
1983,17044.780618480683,1.600649863844721e-05,0.001600649863844721,
1983,17897.01964940472,1.600649863844721e-05,0.001600649863844721,
1983,18791.870631874954,1.600649863844721e-05,0.001600649863844721,
1983,19731.464163468703,1.600649863844721e-05,0.001600649863844721,
1983,20718.03737164214,1.0004061649029505e-05,0.0010004061649029506,
1983,21753.93924022425,1.0004061649029505e-05,0.0010004061649029506,
1983,22841.636202235462,1.0004061649029505e-05,0.0010004061649029506,
1983,23983.718012347235,1.0004061649029505e-05,0.0010004061649029506,
1983,25182.9039129646,4.001624659611802e-06,0.00040016246596118025,
1983,26442.04910861283,4.001624659611802e-06,0.00040016246596118025,
1983,27764.151564043474,2.000812329805901e-06,0.00020008123298059013,
1983,29152.359142245645,2.000812329805901e-06,0.00020008123298059013,
1983,30609.97709935793,2.000812329805901e-06,0.00020008123298059013,
1983,32140.47595432583,2.000812329805901e-06,0.00020008123298059013,
1984,0.003512897502867209,0.9999345942764046,99.99345942764046,1.527165422570126
1984,0.0036885423780105694,0.9999306302931564,99.99306302931565,1.5271645617314944
1984,0.0038729694969110978,0.9999306302931564,99.99306302931565,1.5271645617314944
1984,0.004066617971756653,0.9999306302931564,99.99306302931565,1.5271645617314944
1984,0.0042699488703444866,0.9999306302931564,99.99306302931565,1.5271645617314944
1984,0.004483446313861711,0.9999306302931564,99.99306302931565,1.5271645617314944
1984,0.0047076186295547965,0.9999306302931564,99.99306302931565,1.5271645617314944
1984,0.004942999561032536,0.9999306302931564,99.99306302931565,1.5271645617314944
1984,0.005190149539084163,0.9999306302931564,99.99306302931565,1.5271645617314944
1984,0.005449657016038372,0.9999306302931564,99.99306302931565,1.5271645617314944
1984,0.00572213986684029,0.9999306302931564,99.99306302931565,1.5271645617314944
1984,0.006008246860182305,0.9999306302931564,99.99306302931565,1.5271645617314944
1984,0.006308659203191421,0.9999306302931564,99.99306302931565,1.5271645617314944
1984,0.006624092163350992,0.9999306302931564,99.99306302931565,1.5271645617314944
1984,0.006955296771518542,0.9999306302931564,99.99306302931565,1.5271645617314944
1984,0.00730306161009447,0.9999306302931564,99.99306302931565,1.5271645617314944
1984,0.007668214690599193,0.9999306302931564,99.99306302931565,1.5271645617314944
1984,0.008051625425129154,0.9999306302931564,99.99306302931565,1.5271645617314944
1984,0.008454206696385611,0.9999306302931564,99.99306302931565,1.5271645617314944
1984,0.008876917031204893,0.9999306302931564,99.99306302931565,1.5271645617314944
1984,0.009320762882765137,0.9999306302931564,99.99306302931565,1.5271645617314944
1984,0.009786801026903394,0.9999306302931564,99.99306302931565,1.5271645617314944
1984,0.010276141078248565,0.9999306302931564,99.99306302931565,1.5271645617314944
1984,0.010789948132160993,0.9999306302931564,99.99306302931565,1.5271645617314944
1984,0.011329445538769042,0.9999306302931564,99.99306302931565,1.5271645617314944
1984,0.011895917815707497,0.9999306302931564,99.99306302931565,1.5271645617314944
1984,0.012490713706492872,0.9999306302931564,99.99306302931565,1.5271645617314944
1984,0.013115249391817515,0.9999306302931564,99.99306302931565,1.5271645617314944
1984,0.013771011861408392,0.9999306302931564,99.99306302931565,1.5271645617314944
1984,0.014459562454478814,0.9999306302931564,99.99306302931565,1.5271645617314944
1984,0.015182540577202754,0.9999306302931564,99.99306302931565,1.5271645617314944
1984,0.01594166760606289,0.9999306302931564,99.99306302931565,1.5271645617314944
1984,0.016738750986366038,0.9999306302931564,99.99306302931565,1.5271645617314944
1984,0.01757568853568434,0.9999306302931564,99.99306302931565,1.5271645617314944
1984,0.018454472962468556,0.9999306302931564,99.99306302931565,1.5271645617314944
1984,0.019377196610591986,0.9999306302931564,99.99306302931565,1.5271645617314944
1984,0.020346056441121585,0.9999306302931564,99.99306302931565,1.5271645617314944
1984,0.021363359263177666,0.9999306302931564,99.99306302931565,1.5271645617314944
1984,0.02243152722633655,0.9999306302931564,99.99306302931565,1.5271645617314944
1984,0.02355310358765338,0.9999306302931564,99.99306302931565,1.5271645617314944
1984,0.024730758767036048,0.9999306302931564,99.99306302931565,1.5271645617314944
1984,0.025967296705387853,0.9999306302931564,99.99306302931565,1.5271645617314944
1984,0.027265661540657245,0.9999306302931564,99.99306302931565,1.5271645617314944
1984,0.028628944617690114,0.9999306302931564,99.99306302931565,1.5271645617314944
1984,0.03006039184857462,0.9999306302931564,99.99306302931565,1.5271645617314944
1984,0.03156341144100335,0.9999306302931564,99.99306302931565,1.5271645617314944
1984,0.03314158201305352,0.9999306302931564,99.99306302931565,1.5271645617314944
1984,0.0347986611137062,0.9999306302931564,99.99306302931565,1.5271645617314944
1984,0.03653859416939151,0.9999306302931564,99.99306302931565,1.5271645617314944
1984,0.03836552387786108,0.9999306302931564,99.99306302931565,1.5271645617314944
1984,0.04028380007175414,0.9999306302931564,99.99306302931565,1.5271645617314944
1984,0.04229799007534185,0.9999286483015323,99.99286483015322,1.527164131310621
1984,0.04441288957910894,0.9999286483015323,99.99286483015322,1.527164131310621
1984,0.04663353405806439,0.9999286483015323,99.99286483015322,1.527164131310621
1984,0.04896521076096761,0.9999286483015323,99.99286483015322,1.527164131310621
1984,0.051413471299015995,0.9999286483015323,99.99286483015322,1.527164131310621
1984,0.0539841448639668,0.9999167563517877,99.99167563517877,1.527161548763573
1984,0.05668335210716514,0.9999127923685395,99.99127923685394,1.5271606879062496
1984,0.059517519712523406,0.9999127923685395,99.99127923685394,1.5271606879062496
1984,0.06249339569814957,0.9999127923685395,99.99127923685394,1.5271606879062496
1984,0.06561806548305706,0.9999127923685395,99.99127923685394,1.5271606879062496
1984,0.06889896875720991,0.9999127923685395,99.99127923685394,1.5271606879062496
1984,0.07234391719507041,0.9999028824104189,99.9902882410419,1.5271585357447681
1984,0.07596111305482393,0.9999028824104189,99.9902882410419,1.5271585357447681
1984,0.07975916870756512,0.9999028824104189,99.9902882410419,1.5271585357447681
1984,0.0837471271429434,0.9999028824104189,99.9902882410419,1.5271585357447681
1984,0.08793448350009057,0.9998949544439225,99.98949544439225,1.5271568139968903
1984,0.09233120767509509,0.9998949544439225,99.98949544439225,1.5271568139968903
1984,0.09694776805884986,0.9998949544439225,99.98949544439225,1.5271568139968903
1984,0.10179515646179235,0.9998949544439225,99.98949544439225,1.5271568139968903
1984,0.10688491428488198,0.9998909904606743,99.98909904606744,1.5271559531167203
1984,0.11222915999912608,0.9998909904606743,99.98909904606744,1.5271559531167203
1984,0.11784061799908238,0.9998890084690502,99.98890084690501,1.527155522675078
1984,0.12373264889903653,0.9998890084690502,99.98890084690501,1.527155522675078
1984,0.12991928134398834,0.9998890084690502,99.98890084690501,1.527155522675078
1984,0.13641524541118777,0.9998890084690502,99.98890084690501,1.527155522675078
1984,0.14323600768174716,0.9998790985109297,99.98790985109297,1.5271533704512867
1984,0.15039780806583453,0.9998751345276815,99.98751345276816,1.5271525095545004
1984,0.15791769846912626,0.999865224569561,99.9865224569561,1.5271503572943608
1984,0.16581358339258256,0.9998533326198163,99.98533326198164,1.5271477745479203
1984,0.17410426256221173,0.9998533326198163,99.98533326198164,1.5271477745479203
1984,0.18280947569032233,0.9998414406700717,99.98414406700718,1.5271451917640906
1984,0.19194994947483843,0.9998414406700717,99.98414406700718,1.5271451917640906
1984,0.20154744694858037,0.9998414406700717,99.98414406700718,1.5271451917640906
1984,0.2116248192960094,0.9998335127035753,99.98335127035753,1.5271434698874318
1984,0.22220606026080986,0.9998335127035753,99.98335127035753,1.5271434698874318
1984,0.23331636327385039,0.9998196387622066,99.98196387622066,1.5271404565632911
1984,0.2449821814375429,0.9998136927873342,99.98136927873342,1.5271391651230792
1984,0.25723129050942006,0.999809728804086,99.9809728804086,1.5271383041577449
1984,0.2700928550348911,0.9997978368543414,99.97978368543414,1.5271357212368124
1984,0.2835974977866356,0.999787926896221,99.9787926896221,1.5271335687741374
1984,0.29777737267596743,0.999787926896221,99.9787926896221,1.5271335687741374
1984,0.31266624130976584,0.999787926896221,99.9787926896221,1.5271335687741374
1984,0.3282995533752541,0.999787926896221,99.9787926896221,1.5271335687741374
1984,0.34471453104401684,0.999787926896221,99.9787926896221,1.5271335687741374
1984,0.36195025759621774,0.9997601790134835,99.97601790134834,1.527127541740492
1984,0.3800477704760286,0.9997601790134835,99.97601790134834,1.527127541740492
1984,0.39905015899983004,0.9997562150302353,99.97562150302353,1.5271266807190649
1984,0.4190026669498215,0.9997562150302353,99.97562150302353,1.5271266807190649
1984,0.43995280029731265,0.9997324311307461,99.9732431130746,1.5271215145032402
1984,0.46195044031217836,0.9997324311307461,99.9732431130746,1.5271215145032402
1984,0.48504796232778724,0.9997264851558737,99.97264851558737,1.5271202229259093
1984,0.5093003604441767,0.9997264851558737,99.97264851558737,1.5271202229259093
1984,0.5347653784663855,0.9996967552815121,99.96967552815121,1.527113764899004
1984,0.5615036473897047,0.9996967552815121,99.96967552815121,1.527113764899004
1984,0.5895788297591901,0.9996967552815121,99.96967552815121,1.527113764899004
1984,0.6190577712471496,0.9996650434155265,99.96650434155265,1.5271068760793094
1984,0.650010659809507,0.999655133457406,99.9655133457406,1.5271047232686066
1984,0.6825111927999825,0.999655133457406,99.9655133457406,1.5271047232686066
1984,0.7166367524399816,0.9996115296416758,99.96115296416758,1.5270952505929063
1984,0.7524685900619807,0.9996115296416758,99.96115296416758,1.5270952505929063
1984,0.7900920195650798,0.9996115296416758,99.96115296416758,1.5270952505929063
1984,0.8295966205433338,0.9996115296416758,99.96115296416758,1.5270952505929063
1984,0.8710764515705006,0.9996115296416758,99.96115296416758,1.5270952505929063
1984,0.9146302741490256,0.9995956737086829,99.95956737086829,1.5270918058588643
1984,0.9603617878564769,0.9995837817589383,99.95837817589383,1.5270892222646868
1984,1.008379877249301,0.9995639618426972,99.95639618426972,1.5270849161912525
1984,1.058798871111766,0.9995481059097044,99.95481059097044,1.527081471257678
1984,1.1117388146673544,0.9995481059097044,99.95481059097044,1.527081471257678
1984,1.167325755400722,0.9995282859934634,99.95282859934635,1.527077164997172
1984,1.225692043170758,0.9995045020939741,99.95045020939742,1.5270719973473694
1984,1.2869766453292961,0.9994608982782439,99.9460898278244,1.5270625229339865
1984,1.351325477595761,0.9994331503955064,99.94331503955064,1.5270564934998798
1984,1.4188917514755492,0.9993617986970387,99.93617986970386,1.527040988305099
1984,1.4898363390493266,0.9993617986970387,99.93617986970386,1.527040988305099
1984,1.564328156001793,0.9993340508143013,99.93340508143012,1.5270349581432303
1984,1.6425445638018827,0.9993340508143013,99.93340508143012,1.5270349581432303
1984,1.724671791991977,0.9992924289901951,99.92924289901951,1.527025912518293
1984,1.8109053815915759,0.9992686450907059,99.92686450907058,1.5270207433838585
1984,1.9014506506711548,0.9992468431828407,99.92468431828408,1.5270160048790717
1984,1.9965231832047123,0.9992250412749756,99.92250412749756,1.5270112662484434
1984,2.0963493423649484,0.9992250412749756,99.92250412749756,1.5270112662484434
1984,2.201166809483196,0.9992072033503586,99.92072033503587,1.5270073890934146
1984,2.3112251499573557,0.9991873834341176,99.91873834341176,1.527003081044572
1984,2.4267864074552237,0.9991457616100115,99.91457616100115,1.5269940338034276
1984,2.5481257278279847,0.9991160317356499,99.91160317356498,1.5269875712074592
1984,2.6755320142193844,0.9990446800371822,99.90446800371822,1.5269720600220895
1984,2.8093086149303534,0.9990446800371822,99.90446800371822,1.5269720600220895
1984,2.9497740456768713,0.9988643187993888,99.88643187993887,1.5269328451794464
1984,3.097262747960715,0.9988147690087862,99.88147690087862,1.526922070361853
1984,3.2521258853587507,0.9986839575615953,99.86839575615953,1.526893621717004
1984,3.4147321796266885,0.9986264798044964,99.86264798044964,1.526881120120511
1984,3.5854687886080234,0.9983747668682352,99.83747668682352,1.5268263614313289
1984,3.7647422280384246,0.9983212530943845,99.83212530943845,1.526814717654114
1984,3.9529793394403456,0.9982261174964274,99.82261174964275,1.5267940157297295
1984,4.150628306412364,0.9980814321078679,99.8081432107868,1.5267625269490652
1984,4.3581597217329815,0.9979327827360601,99.793278273606,1.5267301696747695
1984,4.576067707819631,0.9978871969287058,99.78871969287057,1.5267202456018296
1984,4.804871093210613,0.9976097181013313,99.76097181013313,1.5266598262961764
1984,5.045114647871143,0.9974769246625164,99.74769246625164,1.5266309041048405
1984,5.297370380264701,0.9971498960445393,99.71498960445393,1.5265596578241747
1984,5.562238899277936,0.9970151206141002,99.70151206141003,1.5265302874436961
1984,5.840350844241834,0.9964185411352452,99.64185411352452,1.5264002222493758
1984,6.132368386453925,0.9960379987434174,99.60379987434173,1.52631720754611
1984,6.438986805776622,0.9954969150300371,99.54969150300371,1.5261991045137862
1984,6.760936146065454,0.9953542116331017,99.53542116331016,1.5261679434382163
1984,7.098982953368726,0.9940242952533282,99.40242952533282,1.525877277746676
1984,7.453932101037163,0.9937567263840743,99.37567263840744,1.5258187408531847
1984,7.826628706089021,0.9931264530476094,99.31264530476093,1.5256807780816697
1984,8.217960141393473,0.992466449836783,99.2466449836783,1.5255361933275164
1984,8.628858148463147,0.9913030207534343,99.13030207534344,1.5252810394261147
1984,9.060301055886304,0.9902228353182979,99.02228353182979,1.5250438152292711
1984,9.513316108680621,0.9885956201949091,98.85956201949091,1.5246858599875581
1984,9.988981914114651,0.9878404813861257,98.78404813861256,1.5245195005292553
1984,10.488431009820385,0.9866909262441457,98.66909262441456,1.5242659523732198
1984,11.012852560311405,0.9846474928796951,98.46474928796951,1.523814359362407
1984,11.563495188326975,0.9827110870629461,98.27110870629461,1.5233853646149722
1984,12.141669947743324,0.980235579524441,98.0235579524441,1.5228354344634025
1984,12.748753445130491,0.97807124467092,97.807124467092,1.5223532429475826
1984,13.386191117387016,0.9760020454153561,97.6002045415356,1.5218910297150805
1984,14.055500673256368,0.9691859762200645,96.91859762200646,1.5203599855432834
1984,14.758275706919187,0.9678223659826813,96.78223659826813,1.5200521124542465
1984,15.496189492265145,0.9655846974390686,96.55846974390685,1.519545749002612
1984,16.270998966878405,0.9615216146096567,96.15216146096567,1.5186226447717055
1984,17.084548915222324,0.9553417647257023,95.53417647257024,1.5172094706970434
1984,17.938776360983443,0.9509437253118168,95.09437253118168,1.516196944919216
1984,18.835715179032615,0.944468558675871,94.4468558675871,1.514695778259623
1984,19.777500937984247,0.9396324991130588,93.96324991130588,1.5135663995476423
1984,20.76637598488346,0.9346160783124531,93.4616078312453,1.5123873820166334
1984,21.804694784127637,0.926795139363741,92.67951393637411,1.510533722007007
1984,22.894929523334017,0.9175332925043059,91.7533292504306,1.5083136937380863
1984,24.03967599950072,0.9096152359660128,90.96152359660128,1.5063939558101378
1984,25.24165979947576,0.9010193382922764,90.10193382922765,1.504286625448083
1984,26.503742789449543,0.8921836196320234,89.21836196320234,1.5020947370507531
1984,27.828929928922022,0.8836610556483788,88.36610556483788,1.499955240107554
1984,29.22037642536813,0.8673334086490151,86.7333408649015,1.4957849681519875
1984,30.681395246636534,0.8568486729575081,85.6848672957508,1.493056046962531
1984,32.21546500896836,0.8447426681174846,84.47426681174845,1.4898538203212393
1984,33.82623825941678,0.8299490826351767,82.99490826351767,1.4858634723533344
1984,35.51755017238762,0.8119783645794313,81.19783645794313,1.4808971549234613
1984,37.293427681007,0.8009545271661682,80.09545271661682,1.4777834047604126
1984,39.15809906505736,0.7848171513627183,78.48171513627183,1.4731291050944983
1984,41.11600401831023,0.7709769038516043,77.09769038516043,1.469042634070177
1984,43.17180421922574,0.7518625766287511,75.18625766287511,1.463248103713495
1984,45.33039443018703,0.7378181839803545,73.78181839803545,1.4588736725220661
1984,47.59691415169638,0.7179962857476965,71.79962857476964,1.4525219166730876
1984,49.9767598592812,0.7018529639693742,70.18529639693742,1.4471869084665656
1984,52.475597852245265,0.6866233403297638,68.66233403297637,1.442013034668532
1984,55.09937774485753,0.6701252420507271,67.01252420507271,1.4362456438720541
1984,57.854346632100416,0.6487851382340059,64.87851382340058,1.4285193317288758
1984,60.747063963705436,0.6311949625700882,63.11949625700882,1.4219099528044536
1984,63.78441716189071,0.6133471279950371,61.33471279950371,1.414965866913889
1984,66.97363801998524,0.594060367500887,59.406036750088695,1.4071738226361785
1984,70.3223199209845,0.5627885036557836,56.27885036557836,1.3938454807668719
1984,73.83843591703373,0.5468235611236307,54.682356112363074,1.3866795619291068
1984,77.53035771288542,0.5298596948129297,52.98596948129297,1.3787729339043637
1984,81.40687559852971,0.5141920510243924,51.419205102439236,1.3711837037115704
1984,85.4772193784562,0.49339897689592366,49.33989768959236,1.3606516381820075
1984,89.75108034737902,0.47543222282342634,47.54322228234263,1.3510917669242304
1984,94.23863436474795,0.4558580735437812,45.58580735437812,1.3401447693530482
1984,98.95056608298536,0.4385691606067273,43.85691606067273,1.3299706530917283
1984,103.89809438713463,0.423228545436167,42.3228545436167,1.320508992773705
1984,109.09299910649138,0.4029924109540713,40.299241095407126,1.3073411490251579
1984,114.54764906181595,0.38628422156287967,38.62842215628797,1.2958192644117856
1984,120.27503151490674,0.3689120649776134,36.891206497761345,1.2831461787674174
1984,126.28878309065207,0.35446136404627554,35.44613640462755,1.272009211308172
1984,132.6032222451847,0.338982009462028,33.8982009462028,1.2594156313924092
1984,139.23338335744393,0.32458482230454094,32.458482230454095,1.2470213175317029
1984,146.19505252531616,0.3018038105770965,30.18038105770965,1.2258885149665715
1984,153.50480515158196,0.2903637549227717,29.036375492277173,1.214482198070875
1984,161.18004540916104,0.2780377490124727,27.80377490124727,1.2015213417332966
1984,169.23904767961912,0.2628061433812381,26.280614338123808,1.1844326030081866
1984,177.7010000636001,0.24890049014652865,24.890049014652867,1.1676618962965875
1984,186.5860500667801,0.23724836138842478,23.724836138842477,1.1526339629384368
1984,195.91535257011913,0.22475785017332517,22.475785017332516,1.1354065051993065
1984,205.71112019862508,0.2140432034534222,21.40432034534222,1.1195883406139444
1984,215.99667620855635,0.19972529596089927,19.972529596089927,1.0967297876126763
1984,226.79651001898415,0.19022362811494758,19.02236281149476,1.080317717908847
1984,238.13633551993337,0.17940591783059126,17.940591783059126,1.0602407070986621
1984,250.04315229593007,0.16970406883060513,16.970406883060512,1.0407963842231798
1984,262.5453099107266,0.16132817222714416,16.132817222714415,1.0227586264789812
1984,275.6725754062629,0.1541097587321596,15.41097587321596,1.0061606766149787
1984,289.4562041765761,0.14205924965761094,14.205924965761094,0.9759394908459715
1984,303.9290143854049,0.13482894421288175,13.482894421288174,0.9560581425285525
1984,319.12546510467513,0.12722602434282113,12.722602434282113,0.9334939565411273
1984,335.0817383599089,0.1203762612899198,12.03762612899198,0.9114941486695336
1984,351.8358252779044,0.1115702725040284,11.157027250402841,0.8804851118062316
1984,369.4276165417996,0.10606628176389327,10.606628176389327,0.8592881622772107
1984,387.89899736888964,0.09952769139597616,9.952769139597615,0.8319742591025363
1984,407.2939472373341,0.09428532355022268,9.428532355022268,0.8081443164423701
1984,427.65864459920084,0.08673393546238874,8.673393546238874,0.7702286434704815
1984,449.0415768291609,0.08207823713736986,8.207823713736987,0.7443571816213128
1984,471.493655670619,0.07640577710918593,7.640577710918593,0.7097452753573419
1984,495.0683384541499,0.07178179065015271,7.178179065015271,0.6785642337766619
1984,519.8217553768575,0.06749672475884116,6.7496724758841165,0.6468382758669778
1984,545.8128431457004,0.06244264611737751,6.2442646117377505,0.6052245050002597
1984,573.1034853029853,0.057317215777446126,5.731721577744612,0.5573365842192861
1984,601.7586595681347,0.053672333180719976,5.367233318071998,0.5189798266853546
1984,631.8465925465414,0.050390155051204755,5.039015505120475,0.4807028916570151
1984,663.4389221738685,0.0464479737108631,4.64479737108631,0.42901739486994067
1984,696.610868282562,0.04367913141199065,4.3679131411990655,0.38817336593197427
1984,731.4414116966901,0.03847442140709514,3.847442140709514,0.29818315393994904
1984,768.0134822815246,0.03595927403610792,3.595927403610792,0.2467053224502531
1984,806.414156395601,0.03306953024816517,3.306953024816517,0.1790054220970533
1984,846.734864215381,0.0299934792475567,2.99934792475567,0.093849938377451
1984,889.0716074261501,0.027597251374015693,2.759725137401569,0.015017753782116184
1984,933.5251877974576,0.025385348721516304,2.5385348721516303,-0.07086559613760544
1984,980.2014471873306,0.022975246906606572,2.2975246906606572,-0.18412439460059513
1984,1029.211519546697,0.020701902513759977,2.0701902513759975,-0.31794815503824936
1984,1080.672095524032,0.018426576129289277,1.8426576129289278,-0.4923165052465968
1984,1134.7057003002337,0.01650800823715719,1.650800823715719,-0.6906293172879711
1984,1191.4409853152454,0.014987820661469885,1.4987820661469884,-0.9047258081693568
1984,1251.0130345810078,0.013251595998755309,1.325159599875531,-1.2675059468638972
1984,1313.5636863100583,0.011864201861882931,1.186420186188293,-1.7664395820797818
1984,1379.2418706255612,0.010932665798554335,1.0932665798554335,-2.4172097569568884
1984,1448.2039641568392,0.009319324616534171,0.9319324616534171,
1984,1520.6141623646813,0.008520581992020501,0.8520581992020502,
1984,1596.6448704829156,0.0076247217779257664,0.7624721777925767,
1984,1676.4771140070613,0.0067903033041782366,0.6790303304178237,
1984,1760.3009697074144,0.0058290373664880895,0.5829037366488089,
1984,1848.3160181927851,0.005206691996519622,0.5206691996519622,
1984,1940.7318191024244,0.004540742810820881,0.45407428108208814,
1984,2037.768410057546,0.004051190879667342,0.40511908796673424,
1984,2139.6568305604233,0.003474431317053254,0.34744313170532537,
1984,2246.6396720884445,0.003103798883345919,0.3103798883345919,
1984,2358.971655692867,0.0026955086087806193,0.26955086087806196,
1984,2476.9202384775103,0.002328840158321491,0.2328840158321491,
1984,2600.7662504013856,0.002013703490089051,0.20137034900890508,
1984,2730.8045629214553,0.0017897384365653671,0.1789738436565367,
1984,2867.344791067528,0.0014666738018365134,0.14666738018365133,
1984,3010.7120306209044,0.0013061324802841384,0.13061324802841384,
1984,3161.2476321519503,0.0011455911587317633,0.11455911587317633,
1984,3319.310013759548,0.0009652299209383541,0.09652299209383541,
1984,3485.275514447525,0.000804688599385979,0.0804688599385979,
1984,3659.539290169902,0.000660003210826431,0.0660003210826431,
1984,3842.516254678397,0.0005787415542381918,0.057874155423819185,
1984,4034.6420674123174,0.0004935159144017458,0.04935159144017458,
1984,4236.374170782933,0.0003805423918278521,0.038054239182785214,
1984,4448.1928793220795,0.0003309926012252672,0.03309926012252672,
1984,4670.602523288184,0.0002774788273744755,0.027747882737447552,
1984,4904.132649452594,0.0002219830618995804,0.02219830618995804,
1984,5149.339281925224,0.00016450530480058192,0.016450530480058193,
1984,5406.806246021485,0.00014270339693544455,0.014270339693544454,
1984,5677.146558322559,0.00011495551419799699,0.0114955514197997,
1984,5961.003886238687,0.00010108157282927322,0.010108157282927322,
1984,6259.0540805506225,8.918962308465285e-05,0.008918962308465285,
1984,6572.006784578153,5.94597487231019e-05,0.00594597487231019,
1984,6900.607123807062,4.9549790602584914e-05,0.004954979060258492,
1984,7245.637479997415,3.567584923386114e-05,0.0035675849233861136,
1984,7607.919353997287,3.567584923386114e-05,0.0035675849233861136,
1984,7988.315321697151,3.567584923386114e-05,0.0035675849233861136,
1984,8387.73108778201,3.567584923386114e-05,0.0035675849233861136,
1984,8807.117642171108,2.5765891113344154e-05,0.0025765891113344154,
1984,9247.473524279665,2.3783899489240757e-05,0.002378389948924076,
1984,9709.847200493648,2.3783899489240757e-05,0.002378389948924076,
1984,10195.33956051833,1.585593299282717e-05,0.001585593299282717,
1984,10705.106538544249,1.3873941368723776e-05,0.0013873941368723775,
1984,11240.361865471463,1.3873941368723776e-05,0.0013873941368723775,
1984,11802.379958745036,7.927966496413586e-06,0.0007927966496413585,
1984,12392.498956682288,5.945974872310189e-06,0.000594597487231019,
1984,13012.123904516402,5.945974872310189e-06,0.000594597487231019,
1984,13662.730099742224,3.963983248206793e-06,0.00039639832482067926,
1985,0.0016079469879319557,1.0,100.0,1.5271796258079011
1985,0.0016883443373285536,0.9999961099862488,99.99961099862487,1.527178781100148
1985,0.0017727615541949812,0.9999961099862488,99.99961099862487,1.527178781100148
1985,0.0018613996319047305,0.9999961099862488,99.99961099862487,1.527178781100148
1985,0.0019544696134999673,0.9999961099862488,99.99961099862487,1.527178781100148
1985,0.0020521930941749655,0.9999961099862488,99.99961099862487,1.527178781100148
1985,0.002154802748883714,0.9999961099862488,99.99961099862487,1.527178781100148
1985,0.0022625428863278997,0.9999961099862488,99.99961099862487,1.527178781100148
1985,0.0023756700306442947,0.9999961099862488,99.99961099862487,1.527178781100148
1985,0.0024944535321765097,0.9999961099862488,99.99961099862487,1.527178781100148
1985,0.002619176208785335,0.9999961099862488,99.99961099862487,1.527178781100148
1985,0.002750135019224602,0.9999961099862488,99.99961099862487,1.527178781100148
1985,0.0028876417701858325,0.9999961099862488,99.99961099862487,1.527178781100148
1985,0.003032023858695124,0.9999922199724977,99.99922199724976,1.5271779363883955
1985,0.0031836250516298807,0.9999922199724977,99.99922199724976,1.5271779363883955
1985,0.0033428063042113747,0.9999922199724977,99.99922199724976,1.5271779363883955
1985,0.0035099466194219433,0.9999922199724977,99.99922199724976,1.5271779363883955
1985,0.003685443950393041,0.9999922199724977,99.99922199724976,1.5271779363883955
1985,0.0038697161479126926,0.9999922199724977,99.99922199724976,1.5271779363883955
1985,0.004063201955308328,0.9999922199724977,99.99922199724976,1.5271779363883955
1985,0.004266362053073744,0.9999922199724977,99.99922199724976,1.5271779363883955
1985,0.004479680155727432,0.9999922199724977,99.99922199724976,1.5271779363883955
1985,0.004703664163513804,0.9999922199724977,99.99922199724976,1.5271779363883955
1985,0.004938847371689494,0.9999922199724977,99.99922199724976,1.5271779363883955
1985,0.0051857897402739685,0.9999922199724977,99.99922199724976,1.5271779363883955
1985,0.005445079227287667,0.9999922199724977,99.99922199724976,1.5271779363883955
1985,0.005717333188652051,0.9999922199724977,99.99922199724976,1.5271779363883955
1985,0.006003199848084654,0.9999922199724977,99.99922199724976,1.5271779363883955
1985,0.0063033598404888865,0.9999922199724977,99.99922199724976,1.5271779363883955
1985,0.0066185278325133325,0.9999922199724977,99.99922199724976,1.5271779363883955
1985,0.006949454224138999,0.9999922199724977,99.99922199724976,1.5271779363883955
1985,0.007296926935345949,0.9999922199724977,99.99922199724976,1.5271779363883955
1985,0.007661773282113246,0.9999922199724977,99.99922199724976,1.5271779363883955
1985,0.00804486194621891,0.9999922199724977,99.99922199724976,1.5271779363883955
1985,0.008447105043529855,0.9999922199724977,99.99922199724976,1.5271779363883955
1985,0.00886946029570635,0.9999922199724977,99.99922199724976,1.5271779363883955
1985,0.009312933310491666,0.9999922199724977,99.99922199724976,1.5271779363883955
1985,0.00977857997601625,0.9999922199724977,99.99922199724976,1.5271779363883955
1985,0.010267508974817062,0.9999922199724977,99.99922199724976,1.5271779363883955
1985,0.010780884423557915,0.9999922199724977,99.99922199724976,1.5271779363883955
1985,0.011319928644735812,0.9999922199724977,99.99922199724976,1.5271779363883955
1985,0.011885925076972602,0.9999922199724977,99.99922199724976,1.5271779363883955
1985,0.012480221330821233,0.9999922199724977,99.99922199724976,1.5271779363883955
1985,0.013104232397362298,0.9999922199724977,99.99922199724976,1.5271779363883955
1985,0.013759444017230412,0.9999922199724977,99.99922199724976,1.5271779363883955
1985,0.014447416218091933,0.9999922199724977,99.99922199724976,1.5271779363883955
1985,0.01516978702899653,0.9999922199724977,99.99922199724976,1.5271779363883955
1985,0.015928276380446357,0.9999922199724977,99.99922199724976,1.5271779363883955
1985,0.016724690199468675,0.9999922199724977,99.99922199724976,1.5271779363883955
1985,0.01756092470944211,0.9999922199724977,99.99922199724976,1.5271779363883955
1985,0.01843897094491422,0.9999922199724977,99.99922199724976,1.5271779363883955
1985,0.019360919492159928,0.9999922199724977,99.99922199724976,1.5271779363883955
1985,0.020328965466767924,0.9999922199724977,99.99922199724976,1.5271779363883955
1985,0.021345413740106324,0.9999922199724977,99.99922199724976,1.5271779363883955
1985,0.02241268442711164,0.9999922199724977,99.99922199724976,1.5271779363883955
1985,0.023533318648467222,0.9999863849518708,99.99863849518708,1.5271766693132676
1985,0.024709984580890586,0.9999863849518708,99.99863849518708,1.5271766693132676
1985,0.025945483809935114,0.9999863849518708,99.99863849518708,1.5271766693132676
1985,0.027242758000431876,0.9999863849518708,99.99863849518708,1.5271766693132676
1985,0.028604895900453467,0.9999863849518708,99.99863849518708,1.5271766693132676
1985,0.030035140695476144,0.9999863849518708,99.99863849518708,1.5271766693132676
1985,0.03153689773024995,0.9999824949381196,99.99824949381197,1.5271758245915161
1985,0.03311374261676245,0.9999824949381196,99.99824949381197,1.5271758245915161
1985,0.03476942974760057,0.9999824949381196,99.99824949381197,1.5271758245915161
1985,0.0365079012349806,0.9999824949381196,99.99824949381197,1.5271758245915161
1985,0.03833329629672964,0.9999824949381196,99.99824949381197,1.5271758245915161
1985,0.04024996111156612,0.9999766599174928,99.99766599174929,1.5271745575013898
1985,0.042262459167144426,0.9999766599174928,99.99766599174929,1.5271745575013898
1985,0.04437558212550165,0.9999766599174928,99.99766599174929,1.5271745575013898
1985,0.04659436123177674,0.9999766599174928,99.99766599174929,1.5271745575013898
1985,0.04892407929336558,0.9999572098487368,99.99572098487369,1.5271703338026401
1985,0.051370283258033854,0.9999572098487368,99.99572098487369,1.5271703338026401
1985,0.05393879742093554,0.9999572098487368,99.99572098487369,1.5271703338026401
1985,0.05663573729198233,0.9999572098487368,99.99572098487369,1.5271703338026401
1985,0.05946752415658144,0.9999572098487368,99.99572098487369,1.5271703338026401
1985,0.06244090036441052,0.9999552648418613,99.99552648418613,1.5271699114272654
1985,0.06556294538263105,0.9999552648418613,99.99552648418613,1.5271699114272654
1985,0.06884109265176261,0.9999377597799808,99.99377597799808,1.527166110003895
1985,0.07228314728435074,0.9999377597799808,99.99377597799808,1.527166110003895
1985,0.07589730464856828,0.9999377597799808,99.99377597799808,1.527166110003895
1985,0.0796921698809967,0.9999377597799808,99.99377597799808,1.527166110003895
1985,0.08367677837504654,0.9999338697662297,99.99338697662297,1.527165265232146
1985,0.08786061729379886,0.9999338697662297,99.99338697662297,1.527165265232146
1985,0.09225364815848881,0.9999338697662297,99.99338697662297,1.527165265232146
1985,0.09686633056641326,0.9999338697662297,99.99338697662297,1.527165265232146
1985,0.10170964709473393,0.9999260897387272,99.99260897387272,1.5271635756766477
1985,0.10679512944947063,0.9999260897387272,99.99260897387272,1.5271635756766477
1985,0.11213488592194418,0.9999260897387272,99.99260897387272,1.5271635756766477
1985,0.11774163021804136,0.9999260897387272,99.99260897387272,1.5271635756766477
1985,0.12362871172894345,0.9999124746905981,99.9912474690598,1.527160618916025
1985,0.12981014731539062,0.9999046946630956,99.99046946630956,1.527158929316525
1985,0.13630065468116018,0.999893024621842,99.9893024621842,1.5271563948872726
1985,0.14311568741521818,0.9998871896012153,99.98871896012153,1.527155127659145
1985,0.1502714717859791,0.9998755195599617,99.98755195599617,1.527152593175887
1985,0.15778504537527804,0.9998638495187081,99.9863849518708,1.5271500586566236
1985,0.16567429764404198,0.9998638495187081,99.9863849518708,1.5271500586566236
1985,0.17395801252624407,0.9998638495187081,99.9863849518708,1.5271500586566236
1985,0.18265591315255628,0.9998638495187081,99.9863849518708,1.5271500586566236
1985,0.1917887088101841,0.9998463444568276,99.98463444568276,1.5271462568102168
1985,0.2013781442506933,0.9998268943880717,99.98268943880717,1.5271420324414118
1985,0.211447051463228,0.9998268943880717,99.98268943880717,1.5271420324414118
1985,0.2220194040363894,0.9998268943880717,99.98268943880717,1.5271420324414118
1985,0.2331203742382089,0.9998171693536937,99.98171693536936,1.5271399202195002
1985,0.24477639295011935,0.9998074443193157,99.98074443193157,1.5271378079725815
1985,0.2570152125976253,0.9997996642918132,99.97996642918132,1.5271361181570413
1985,0.2698659732275066,0.9997996642918132,99.97996642918132,1.5271361181570413
1985,0.28335927188888194,0.9997996642918132,99.97996642918132,1.5271361181570413
1985,0.29752723548332605,0.9997996642918132,99.97996642918132,1.5271361181570413
1985,0.31240359725749234,0.9997918842643109,99.9791884264311,1.5271344283254962
1985,0.32802377712036696,0.9997763242093061,99.9776324209306,1.5271310486143899
1985,0.34442496597638533,0.9997704891886793,99.97704891886792,1.527129781206219
1985,0.36164621427520466,0.9997704891886793,99.97704891886792,1.527129781206219
1985,0.37972852498896487,0.9997704891886793,99.97704891886792,1.527129781206219
1985,0.39871495123841316,0.9997704891886793,99.97704891886792,1.527129781206219
1985,0.4186506988003338,0.9997452040992965,99.97452040992965,1.5271242890001044
1985,0.4395832337403505,0.9997452040992965,99.97452040992965,1.5271242890001044
1985,0.4615623954273681,0.9997452040992965,99.97452040992965,1.5271242890001044
1985,0.48464051519873647,0.9997238090236649,99.97238090236648,1.5271196416167196
1985,0.5088725409586734,0.9997063039617845,99.97063039617845,1.5271158391220885
1985,0.534316168006607,0.9996965789274065,99.96965789274064,1.5271137265900532
1985,0.5610319764069374,0.9996868538930285,99.96868538930285,1.527111614033004
1985,0.5890835752272843,0.9996868538930285,99.96868538930285,1.527111614033004
1985,0.6185377539886485,0.9996849088861529,99.96849088861529,1.5271111915185926
1985,0.649464641688081,0.9996849088861529,99.96849088861529,1.5271111915185926
1985,0.681937873772485,0.9996790738655261,99.96790738655261,1.5271099239693549
1985,0.7160347674611094,0.9996615688036458,99.96615688036458,1.5271061212676091
1985,0.7518365058341648,0.9996615688036458,99.96615688036458,1.5271061212676091
1985,0.7894283311258731,0.9996615688036458,99.96615688036458,1.5271061212676091
1985,0.8288997476821668,0.9996576787898945,99.96576787898945,1.5271052762117698
1985,0.8703447350662752,0.9996498987623921,99.9649898762392,1.527103586088084
1985,0.913861971819589,0.9996304486936362,99.96304486936361,1.5270993607088228
1985,0.9595550704105684,0.9996304486936362,99.96304486936361,1.5270993607088228
1985,1.007532823931097,0.9996071086111289,99.96071086111289,1.5270942901216171
1985,1.057909465127652,0.9995934935629998,99.95934935629998,1.5270913322125315
1985,1.1108049383840344,0.9995934935629998,99.95934935629998,1.5270913322125315
1985,1.1663451853032363,0.9995565384323634,99.95565384323633,1.527083303354959
1985,1.2246624445683982,0.999539033370483,99.9539033370483,1.5270795000857915
1985,1.2858955667968182,0.9995156932879757,99.95156932879758,1.527074428934121
1985,1.350190345136659,0.9994340029992006,99.94340029992006,1.527056678768141
1985,1.417699862393492,0.9994184429441958,99.94184429441958,1.527053297583927
1985,1.4885848555131667,0.9994184429441958,99.94184429441958,1.527053297583927
1985,1.563014098288825,0.9993095225591623,99.93095225591622,1.527029627500199
1985,1.6411648032032664,0.9992492273460186,99.92492273460186,1.5270165230677692
1985,1.72322304336343,0.9992122722153823,99.92122722153823,1.5270084908431296
1985,1.8093841955316012,0.9991792070984971,99.91792070984971,1.5270013038093193
1985,1.8998534053081817,0.9991461419816119,99.91461419816119,1.5269941164860135
1985,1.9948460755735906,0.9991247469059803,99.91247469059803,1.5269894657107765
1985,2.0945883793522704,0.9989185761771668,99.89185761771668,1.52694464293614
1985,2.199317798319884,0.9988971811015352,99.88971811015352,1.5269399908712369
1985,2.3092836882358783,0.998834940881516,99.88349408815161,1.5269264569018792
1985,2.4247478726476723,0.9987979857508796,99.87979857508796,1.526918420621874
1985,2.545985266280056,0.9987396355446116,99.87396355446117,1.5269057310218013
1985,2.673284529594059,0.9987396355446116,99.87396355446117,1.5269057310218013
1985,2.806948756073762,0.9986871203589704,99.86871203589705,1.5268943096101537
1985,2.9472961938774502,0.9985431898501761,99.85431898501761,1.5268630027341055
1985,3.094661003571323,0.9983992593413817,99.83992593413818,1.52683169036478
1985,3.249394053749889,0.998344799148865,99.8344799148865,1.5268198410083766
1985,3.4118637564373837,0.9982242087225779,99.8224208722578,1.5267936003475726
1985,3.582456944259253,0.9980744431931566,99.80744431931566,1.5267610057674266
1985,3.7615797914722156,0.9979927529043815,99.79927529043815,1.526743224396116
1985,3.949658781045827,0.9979441277324915,99.79441277324915,1.5267326394053595
1985,4.147141720098118,0.9975473463298693,99.75473463298692,1.526646242411188
1985,4.354498806103025,0.9973761857248166,99.73761857248165,1.5266089602041997
1985,4.572223746408175,0.9972614303191562,99.72614303191561,1.526583959817572
1985,4.800834933728585,0.9969813493290699,99.698134932907,1.526522927218289
1985,5.040876680415015,0.9964114623145193,99.64114623145193,1.5263986783684638
1985,5.292920514435765,0.9963317170326197,99.63317170326197,1.5263812851113914
1985,5.557566540157554,0.9958921454787343,99.58921454787342,1.5262853796583766
1985,5.835444867165432,0.9955498242686288,99.55498242686288,1.526210656527466
1985,6.127217110523704,0.9949429821234418,99.49429821234418,1.5260781158928174
1985,6.4335779660498895,0.9945053555764319,99.45053555764319,1.5259824726132005
1985,6.7552568643523845,0.9936553875717951,99.36553875717951,1.5257965656284929
1985,7.093019707570003,0.9930641054816128,99.30641054816128,1.5256671248076046
1985,7.4476706929485035,0.9923716830338996,99.23716830338995,1.525515423461758
1985,7.8200542275959295,0.9917706759093393,99.17706759093393,1.525383645591359
1985,8.211056938975725,0.9901038050169507,99.01038050169507,1.5250176551975434
1985,8.621609785924512,0.9896117182774241,98.9611718277424,1.5249094655717603
1985,9.052690275220739,0.9885108443858349,98.8510844385835,1.5246671913217549
1985,9.505324788981776,0.9875675160511692,98.75675160511692,1.5244593272959592
1985,9.980591028430865,0.9865775075514892,98.65775075514892,1.5242409170265905
1985,10.479620579852408,0.9840120434825738,98.40120434825738,1.5236736941375408
1985,11.003601608845031,0.9825999684908886,98.25999684908886,1.5233607159815814
1985,11.553781689287282,0.980748321945318,98.07483219453181,1.5229494781994277
1985,12.131470773751646,0.9781459027457662,97.81459027457662,1.522369897635223
1985,12.73804431243923,0.9767318827472055,97.67318827472054,1.5220541953556428
1985,13.374946528061193,0.974889961236013,97.4889961236013,1.5216421212605669
1985,14.043693854464252,0.9707898867422496,97.07898867422496,1.520721438233602
1985,14.745878547187464,0.9676584256725348,96.76584256725349,1.5200150627552451
1985,15.483172474546839,0.9641107331314416,96.41107331314416,1.519211422703382
1985,16.25733109827418,0.9584877182540841,95.8487718254084,1.5179302581559773
1985,17.070197653187893,0.9554301674456419,95.54301674456418,1.5172297646506119
1985,17.923707535847285,0.9505618152360169,95.0561815236017,1.5161087513930718
1985,18.819892912639652,0.9463372603022152,94.63372603022152,1.515130293281236
1985,19.760887558271634,0.9420290700727627,94.20290700727627,1.5141269616618012
1985,20.74893193618522,0.931761378776474,93.1761378776474,1.5117129841318684
1985,21.78637853299448,0.925484841588915,92.5484841588915,1.510221297697451
1985,22.875697459644204,0.9182708110873172,91.82708110873172,1.5084914748961482
1985,24.019482332626417,0.9119281436659878,91.19281436659878,1.5069568259352728
1985,25.220456449257735,0.9014834567440196,90.14834567440197,1.5044010329937787
1985,26.481479271720627,0.8948704333669819,89.48704333669819,1.5027640564140963
1985,27.80555323530666,0.8822823488681032,88.22823488681031,1.4996067595124314
1985,29.195830897071993,0.8723491987544176,87.23491987544176,1.4970762140455816
1985,30.655622441925594,0.8598447495511896,85.98447495511896,1.4938400077794673
1985,32.18840356402187,0.8461557911607217,84.61557911607217,1.4902305028311376
1985,33.79782374222297,0.8319728010238516,83.19728010238516,1.4864144674350768
1985,35.48771492933412,0.8210301923417299,82.10301923417299,1.4834153528831426
1985,37.26210067580083,0.8087824840460811,80.87824840460812,1.47999982627611
1985,39.12520570959087,0.79751700422261,79.751700422261,1.4768016763737932
1985,41.08146599507042,0.7770496968706785,77.70496968706784,1.470846703993351
1985,43.135539294823936,0.7656830766896761,76.5683076689676,1.4674556552031597
1985,45.29231625956513,0.7490454878757996,74.90454878757996,1.462378772794282
1985,47.5569320725434,0.7345940867900969,73.45940867900968,1.4578549643457426
1985,49.934778676170566,0.7182793691175698,71.82793691175698,1.4526141449889933
1985,52.431517609979096,0.7008365474571953,70.08365474571953,1.4468459441091144
1985,55.053093490478055,0.6855098932774727,68.55098932774727,1.4416292139476599
1985,57.80574816500196,0.6689209296354862,66.89209296354862,1.4358177726534151
1985,60.696035573252054,0.648467237331684,64.8467237331684,1.42840186233303
1985,63.73083735191466,0.6340119462322299,63.40119462322299,1.422983676811324
1985,66.91737921951041,0.6151453795389167,61.51453795389167,1.4156768216906253
1985,70.26324818048592,0.5925813547750891,59.25813547750891,1.406563320408239
1985,73.77641058951022,0.5722735379869568,57.22735379869568,1.3979837722973978
1985,77.46523111898574,0.5569157636972246,55.69157636972246,1.3912393403707113
1985,81.33849267493504,0.5333345003374587,53.33345003374587,1.3804180580947008
1985,85.40541730868179,0.5168758521561374,51.68758521561374,1.372504116642584
1985,89.67568817411588,0.5005105643048449,50.051056430484486,1.3643154888448383
1985,94.15947258282168,0.4826845762899772,48.268457628997716,1.355004472676161
1985,98.86744621196277,0.4667705300338237,46.67705300338237,1.3463190584548015
1985,103.81081852256091,0.4468828347308208,44.68828347308208,1.3349251039960108
1985,109.00135944868894,0.42839748938512495,42.83974893851249,1.323744896528282
1985,114.45142742112341,0.41314474546667523,41.314474546667526,1.3140496667145072
1985,120.17399879217957,0.40021239475081544,40.02123947508154,1.3054666350015551
1985,126.18269873178856,0.3770084627249157,37.700846272491574,1.289145190388578
1985,132.491833668378,0.36322030898379226,36.322030898379225,1.2788273141085194
1985,139.11642535179692,0.3451900952469867,34.51900952469867,1.2645532387213385
1985,146.07224661938676,0.33016491713298207,33.01649171329821,1.2519075128464763
1985,153.3758589503561,0.31459513709380965,31.459513709380964,1.2379977660108685
1985,161.04465189787393,0.29729041092160263,29.729041092160262,1.2214563866589616
1985,169.0968844927676,0.2841771745663121,28.41771745663121,1.2080682479636746
1985,177.551728717406,0.2714821146892754,27.148211468927542,1.1943197132862526
1985,186.42931515327632,0.25942307206055976,25.942307206055975,1.1804610932532646
1985,195.75078091094016,0.24795336651515062,24.79533665151506,1.1664751521902224
1985,205.53831995648716,0.22922100529625372,22.92210052962537,1.1417041957996183
1985,215.81523595431153,0.2197196467089511,21.97196467089511,1.128095783078699
1985,226.6059977520271,0.20940138523389681,20.94013852338968,1.1124059901997558
1985,237.9362976396285,0.20002450708663255,20.002450708663254,1.0972296003551492
1985,249.83311252160993,0.18799658456792645,18.799658456792645,1.0763117029127276
1985,262.3247681476904,0.17767248807224534,17.767248807224533,1.056872097683067
1985,275.441006555075,0.16783464329546405,16.783464329546405,1.0368766395820548
1985,289.2130568828287,0.15867755092514252,15.867755092514251,1.016783483824884
1985,303.6737097269701,0.14864520546080132,14.864520546080131,0.9928728871866767
1985,318.8573952133187,0.14120944417538517,14.120944417538517,0.973675896752902
1985,334.8002649739846,0.13308320544913127,13.308320544913126,0.9510358461905106
1985,351.54027822268387,0.1257116293906099,12.57116293906099,0.92877469605006
1985,369.1172921338181,0.11789270175070068,11.789270175070069,0.9030797744349232
1985,387.573156740509,0.11204795608952478,11.204795608952479,0.8822547709021604
1985,406.9518145775345,0.10174719967635086,10.174719967635086,0.8415267578530883
1985,427.29940530641124,0.09676798207481664,9.676798207481664,0.8196613587859175
1985,448.6643755717318,0.09169734915012924,9.169734915012924,0.7956624223625257
1985,471.0975943503184,0.08618325465780521,8.618325465780522,0.7672758830638682
1985,494.65247406783436,0.08081892569490233,8.081892569490233,0.7369851380097807
1985,519.3850977712261,0.07478745937366889,7.478745937366889,0.6991616187606141
1985,545.3543526597874,0.07009610278972336,7.009610278972336,0.6664346077740425
1985,572.6220702927768,0.06555645674207458,6.555645674207458,0.6314454922779972
1985,601.2531738074157,0.06212935462726861,6.212935462726861,0.6024746461980656
1985,631.3158324977865,0.05651411977741341,5.651411977741342,0.5492222021258666
1985,662.8816241226758,0.05274469645250196,5.274469645250196,0.5085499161802597
1985,696.0257053288096,0.04882550759816936,4.882550759816936,0.46100563089900043
1985,730.8269905952502,0.04495299890885114,4.495299890885114,0.4074846556129613
1985,767.3683401250128,0.04174957258473909,4.174957258473909,0.35704775896596813
1985,805.7367571312634,0.03770590329036813,3.7705903290368132,0.28309525041356365
1985,846.0235949878265,0.03504318887767268,3.504318887767268,0.22633539253795673
1985,888.3247747372179,0.03239214450623083,3.2392144506230833,0.16154967978880228
1985,932.741013474079,0.029601059639745825,2.9601059639745824,0.08178739989127157
1985,979.3780641477829,0.027004475460820753,2.700447546082075,-0.006604243001346993
1985,1028.3469673551722,0.02418810550495296,2.418810550495296,-0.12411765688207685
1985,1079.7643157229309,0.0221127831686885,2.21127831686885,-0.23121255303749666
1985,1133.7525315090775,0.02026891665062036,2.026891665062036,-0.3474272359734439
1985,1190.440158084531,0.01889574179644725,1.889574179644725,-0.45200419234883776
1985,1249.9621659887578,0.016468373215699317,1.6468373215699317,-0.695436451456617
1985,1312.4602742881957,0.014918202735846672,1.4918202735846673,-0.9162981457471953
1985,1378.0832880026055,0.013441942517266799,1.3441942517266798,-1.218089429362873
1985,1446.987452402736,0.012111557814356874,1.2111557814356875,-1.6524754063777713
1985,1519.336825022873,0.010716987884552172,1.0716987884552172,-2.670103728572325
1985,1595.3036662740165,0.009913700044929658,0.9913700044929659,
1985,1675.0688495877175,0.008524965135751754,0.8524965135751754,
1985,1758.8222920671035,0.007589416828588489,0.7589416828588489,
1985,1846.7634066704588,0.006920334463382328,0.6920334463382328,
1985,1939.1015770039817,0.006111211603133017,0.6111211603133017,
1985,2036.0566558541807,0.0052223434609841345,0.5222343460984135,
1985,2137.85948864689,0.00470302662519912,0.470302662519912,
1985,2244.7524630792345,0.004286795153820869,0.4286795153820869,
1985,2356.9900862331965,0.0038316635449306313,0.38316635449306313,
1985,2474.8395905448565,0.0033142917160212163,0.33142917160212165,
1985,2598.581570072099,0.0029836405471693342,0.29836405471693345,
1985,2728.510648575704,0.002625759282059062,0.2625759282059062,
1985,2864.9361810044898,0.002308723161336375,0.2308723161336375,
1985,3008.182990054714,0.0020967174118960512,0.20967174118960513,
1985,3158.59213955745,0.0018341414836901449,0.18341414836901448,
1985,3316.5217465353226,0.0015851806036134338,0.1585180603613434,
1985,3482.3478338620894,0.0013673398335463116,0.13673398335463116,
1985,3656.4652255551937,0.001254529434761552,0.12545294347615518,
1985,3839.2884868329534,0.0011436640428523915,0.11436640428523916,
1985,4031.252911174601,0.000993898513431245,0.0993898513431245,
1985,4232.8155567333315,0.0008577480321392936,0.08577480321392936,
1985,4444.456334569998,0.0007993978258713145,0.07993978258713144,
1985,4666.679151298498,0.0007157625302205443,0.07157625302205443,
1985,4900.013108863423,0.0006107321589381818,0.061073215893818186,
1985,5145.0137643065955,0.0005368218976654082,0.05368218976654082,
1985,5402.264452521925,0.00048819672577542564,0.048819672577542564,
1985,5672.377675148022,0.00042012148512944993,0.04201214851294499,
1985,5955.996558905423,0.00034815623073227564,0.03481562307322757,
1985,6253.796386850694,0.0003014760657178923,0.03014760657178923,
1985,6566.486206193229,0.0002625759282059062,0.02625759282059062,
1985,6894.810516502891,0.00024312585944991316,0.024312585944991316,
1985,7239.551042328035,0.00020811573568912565,0.020811573568912566,
1985,7601.528594444439,0.00019450068755993052,0.019450068755993054,
1985,7981.605024166661,0.00017699562567953677,0.017699562567953676,
1985,8380.685275374994,0.00016143557067474233,0.016143557067474234,
1985,8799.719539143744,0.00015754555692354372,0.01575455569235437,
1985,9239.705516100932,0.00012253543316275624,0.012253543316275624,
1985,9701.690791905978,0.00010503037128236248,0.010503037128236248,
1985,10186.775331501278,9.141532315316734e-05,0.009141532315316734,
1985,10696.114098076341,6.613023377037638e-05,0.006613023377037638,
1985,11230.91980298016,5.835020626797916e-05,0.005835020626797916,
1985,11792.465793129168,5.251518564118124e-05,0.005251518564118124,
1985,12382.089082785626,4.279015126318471e-05,0.004279015126318471,
1985,13001.193536924908,3.112011000958888e-05,0.003112011000958888,
1985,13651.253213771155,2.334008250719166e-05,0.002334008250719166,
1985,14333.815874459711,2.1395075631592356e-05,0.0021395075631592355,
1985,15050.506668182697,2.1395075631592356e-05,0.0021395075631592355,
1985,15803.032001591835,1.167004125359583e-05,0.001167004125359583,
1985,16593.183601671426,7.78002750239722e-06,0.000778002750239722,
1985,17422.842781755,5.835020626797915e-06,0.0005835020626797915,
1985,18293.98492084275,5.835020626797915e-06,0.0005835020626797915,
1985,19208.684166884887,5.835020626797915e-06,0.0005835020626797915,
1985,20169.118375229133,5.835020626797915e-06,0.0005835020626797915,
1985,21177.57429399059,5.835020626797915e-06,0.0005835020626797915,
1985,22236.45300869012,1.945006875599305e-06,0.0001945006875599305,
1985,23348.27565912463,1.945006875599305e-06,0.0001945006875599305,
1985,24515.68944208086,1.945006875599305e-06,0.0001945006875599305,
1985,25741.473914184906,1.945006875599305e-06,0.0001945006875599305,
1985,27028.547609894147,1.945006875599305e-06,0.0001945006875599305,
1985,28379.97499038886,1.945006875599305e-06,0.0001945006875599305,
1985,29798.973739908306,1.945006875599305e-06,0.0001945006875599305,
1986,0.03549713231006227,1.0,100.0,1.5271796258079011
1986,0.03727198892556538,0.9999788837975379,99.99788837975379,1.5271750404238713
1986,0.03913558837184365,0.9999788837975379,99.99788837975379,1.5271750404238713
1986,0.04109236779043584,0.9999788837975379,99.99788837975379,1.5271750404238713
1986,0.04314698617995763,0.9999788837975379,99.99788837975379,1.5271750404238713
1986,0.045304335488955516,0.9999788837975379,99.99788837975379,1.5271750404238713
1986,0.04756955226340329,0.9999788837975379,99.99788837975379,1.5271750404238713
1986,0.049948029876573465,0.9999788837975379,99.99788837975379,1.5271750404238713
1986,0.05244543137040213,0.9999788837975379,99.99788837975379,1.5271750404238713
1986,0.05506770293892224,0.9999788837975379,99.99788837975379,1.5271750404238713
1986,0.057821088085868354,0.9999788837975379,99.99788837975379,1.5271750404238713
1986,0.060712142490161776,0.9999788837975379,99.99788837975379,1.5271750404238713
1986,0.06374774961466988,0.9999788837975379,99.99788837975379,1.5271750404238713
1986,0.06693513709540337,0.9999788837975379,99.99788837975379,1.5271750404238713
1986,0.07028189395017355,0.9999788837975379,99.99788837975379,1.5271750404238713
1986,0.07379598864768222,0.9999788837975379,99.99788837975379,1.5271750404238713
1986,0.07748578808006633,0.9999788837975379,99.99788837975379,1.5271750404238713
1986,0.08136007748406965,0.9999788837975379,99.99788837975379,1.5271750404238713
1986,0.08542808135827314,0.9999612869621527,99.99612869621527,1.5271712191804847
1986,0.0896994854261868,0.9999612869621527,99.99612869621527,1.5271712191804847
1986,0.09418445969749614,0.9999612869621527,99.99612869621527,1.5271712191804847
1986,0.09889368268237096,0.9999612869621527,99.99612869621527,1.5271712191804847
1986,0.10383836681648952,0.9999612869621527,99.99612869621527,1.5271712191804847
1986,0.10903028515731399,0.9999542482279987,99.99542482279988,1.527169690660213
1986,0.11448179941517969,0.9999542482279987,99.99542482279988,1.527169690660213
1986,0.12020588938593868,0.9999542482279987,99.99542482279988,1.527169690660213
1986,0.12621618385523561,0.9999542482279987,99.99542482279988,1.527169690660213
1986,0.13252699304799742,0.9999542482279987,99.99542482279988,1.527169690660213
1986,0.13915334270039728,0.9999542482279987,99.99542482279988,1.527169690660213
1986,0.14611100983541717,0.9999542482279987,99.99542482279988,1.527169690660213
1986,0.15341656032718803,0.9999542482279987,99.99542482279988,1.527169690660213
1986,0.1610873883435474,0.9999542482279987,99.99542482279988,1.527169690660213
1986,0.16914175776072482,0.9999542482279987,99.99542482279988,1.527169690660213
1986,0.17759884564876105,0.9999542482279987,99.99542482279988,1.527169690660213
1986,0.18647878793119912,0.9999542482279987,99.99542482279988,1.527169690660213
1986,0.19580272732775908,0.9999542482279987,99.99542482279988,1.527169690660213
1986,0.20559286369414703,0.9999542482279987,99.99542482279988,1.527169690660213
1986,0.2158725068788544,0.9999472094938446,99.99472094938446,1.5271681621268456
1986,0.22666613222279713,0.9999472094938446,99.99472094938446,1.5271681621268456
1986,0.23799943883393698,0.9999472094938446,99.99472094938446,1.5271681621268456
1986,0.24989941077563385,0.9999472094938446,99.99472094938446,1.5271681621268456
1986,0.26239438131441556,0.9999472094938446,99.99472094938446,1.5271681621268456
1986,0.27551410038013635,0.9999472094938446,99.99472094938446,1.5271681621268456
1986,0.28928980539914323,0.9999472094938446,99.99472094938446,1.5271681621268456
1986,0.3037542956691004,0.9999472094938446,99.99472094938446,1.5271681621268456
1986,0.3189420104525554,0.9999472094938446,99.99472094938446,1.5271681621268456
1986,0.3348891109751832,0.9999472094938446,99.99472094938446,1.5271681621268456
1986,0.35163356652394234,0.9999472094938446,99.99472094938446,1.5271681621268456
1986,0.36921524485013946,0.9999472094938446,99.99472094938446,1.5271681621268456
1986,0.38767600709264644,0.9999472094938446,99.99472094938446,1.5271681621268456
1986,0.4070598074472788,0.9999472094938446,99.99472094938446,1.5271681621268456
1986,0.4274127978196428,0.9999260932913825,99.99260932913825,1.5271635764481664
1986,0.4487834377106249,0.9999260932913825,99.99260932913825,1.5271635764481664
1986,0.4712226095961562,0.9999260932913825,99.99260932913825,1.5271635764481664
1986,0.494783740075964,0.9999260932913825,99.99260932913825,1.5271635764481664
1986,0.5195229270797622,0.9999260932913825,99.99260932913825,1.5271635764481664
1986,0.5454990734337504,0.9999260932913825,99.99260932913825,1.5271635764481664
1986,0.5727740271054379,0.9999260932913825,99.99260932913825,1.5271635764481664
1986,0.6014127284607099,0.9999260932913825,99.99260932913825,1.5271635764481664
1986,0.6314833648837453,0.9999260932913825,99.99260932913825,1.5271635764481664
1986,0.6630575331279327,0.9999260932913825,99.99260932913825,1.5271635764481664
1986,0.6962104097843294,0.9999260932913825,99.99260932913825,1.5271635764481664
1986,0.7310209302735458,0.9999155351901514,99.99155351901514,1.5271612835646262
1986,0.7675719767872231,0.9999155351901514,99.99155351901514,1.5271612835646262
1986,0.8059505756265842,0.9999155351901514,99.99155351901514,1.5271612835646262
1986,0.8462481044079136,0.9999155351901514,99.99155351901514,1.5271612835646262
1986,0.8885605096283093,0.9999155351901514,99.99155351901514,1.5271612835646262
1986,0.9329885351097248,0.9999155351901514,99.99155351901514,1.5271612835646262
1986,0.9796379618652111,0.9999155351901514,99.99155351901514,1.5271612835646262
1986,1.0286198599584717,0.9999155351901514,99.99155351901514,1.5271612835646262
1986,1.0800508529563955,0.9999155351901514,99.99155351901514,1.5271612835646262
1986,1.1340533956042151,0.9999155351901514,99.99155351901514,1.5271612835646262
1986,1.1907560653844258,0.9999155351901514,99.99155351901514,1.5271612835646262
1986,1.2502938686536473,0.9999155351901514,99.99155351901514,1.5271612835646262
1986,1.3128085620863297,0.9999155351901514,99.99155351901514,1.5271612835646262
1986,1.3784489901906463,0.9998873802535352,99.98873802535351,1.5271551690644507
1986,1.4473714397001785,0.999859225316919,99.9859225316919,1.5271490543547113
1986,1.5197400116851878,0.999859225316919,99.9859225316919,1.5271490543547113
1986,1.5957270122694471,0.9998099541778407,99.98099541778407,1.5271383531083633
1986,1.6755133628829193,0.9998099541778407,99.98099541778407,1.5271383531083633
1986,1.7592890310270657,0.9998064348107636,99.98064348107636,1.5271375887090624
1986,1.8472534825784188,0.9997853186083014,99.97853186083015,1.5271330022444807
1986,1.93961615670734,0.9997853186083014,99.97853186083015,1.5271330022444807
1986,2.036596964542707,0.9997853186083014,99.97853186083015,1.5271330022444807
1986,2.1384268127698425,0.9997501249375312,99.97501249375313,1.5271253578748256
1986,2.245348153408335,0.9997360474692232,99.97360474692232,1.5271223000352525
1986,2.3576155610787515,0.9997360474692232,99.97360474692232,1.5271223000352525
1986,2.475496339132689,0.99970437316553,99.97043731655299,1.5271154197045904
1986,2.5992711560893236,0.9996832569630678,99.96832569630678,1.5271108326700729
1986,2.7292347138937902,0.9996410245581434,99.96410245581434,1.5271016582472297
1986,2.8656964495884796,0.99957415658368,99.95741565836799,1.5270871311128515
1986,3.008981272067904,0.9995635984824489,99.95635984824489,1.5270848372466637
1986,3.159430335671299,0.9995143273433705,99.95143273433705,1.527074132147832
1986,3.3174018524548643,0.9995072886092166,99.95072886092166,1.5270726027955654
1986,3.4832719450776075,0.9994720949384462,99.94720949384462,1.5270649558375935
1986,3.657435542331488,0.9994157850652139,99.9415785065214,1.5270527200231054
1986,3.840307319448063,0.9994157850652139,99.9415785065214,1.5270527200231054
1986,4.032322685420466,0.9992151811418235,99.92151811418235,1.5270091231135272
1986,4.233938819691489,0.9991940649393614,99.91940649393614,1.5270045333454259
1986,4.445635760676064,0.9989793835476628,99.89793835476628,1.5269578640002888
1986,4.667917548709868,0.9989406705098155,99.89406705098155,1.5269494469175735
1986,4.901313426145361,0.9987400665864251,99.87400665864251,1.526905824765108
1986,5.14637909745263,0.9986626405107305,99.86626405107305,1.5268889852922554
1986,5.403698052325262,0.9985042689922644,99.85042689922643,1.5268545359657808
1986,5.673882954941524,0.9984057267141078,99.84057267141078,1.5268330974725155
1986,5.9575771026886,0.9982403164614876,99.82403164614875,1.5267971056394192
1986,6.255455957823031,0.9980643481076363,99.80643481076363,1.526758808485109
1986,6.568228755714182,0.9976842564633176,99.76842564633176,1.5266760585747157
1986,6.896640193499892,0.997599791653469,99.7599791653469,1.5266576644943148
1986,7.241472203174887,0.9971035608956086,99.71035608956086,1.5265495609728286
1986,7.603545813333632,0.9969522281112965,99.69522281112965,1.52651658020021
1986,7.983723104000314,0.9967058724159047,99.67058724159047,1.5264628775328506
1986,8.38290925920033,0.9963046645691239,99.63046645691239,1.5263753843089884
1986,8.802054722160348,0.9958295500137255,99.58295500137255,1.5262717184265864
1986,9.242157458268364,0.9955937524195648,99.55937524195649,1.5262202470747892
1986,9.704265331181782,0.9950869635604733,99.50869635604734,1.5261095718390116
1986,10.189478597740873,0.9946998331820005,99.46998331820005,1.5260249820170289
1986,10.698952527627917,0.993633464957662,99.36334649576621,1.5257917681023296
1986,11.233900154009314,0.9932322571108811,99.32322571108811,1.52570394535325
1986,11.795595161709779,0.992778258757945,99.2778258757945,1.5256045148761845
1986,12.385374919795268,0.9919723236973063,99.19723236973063,1.5254278700727644
1986,13.004643665785032,0.9912438147123621,99.1243814712362,1.5252680450855471
1986,13.654875849074285,0.9903393373735667,99.03393373735668,1.5250694159051013
1986,14.337619641528,0.9888928775049095,98.88928775049095,1.5247513042698824
1986,15.0545006236044,0.9881467716845802,98.81467716845802,1.5245869959079479
1986,15.80722565478462,0.9871543101688592,98.71543101688593,1.5243682005032613
1986,16.597586937523854,0.9853031230863442,98.53031230863442,1.523959376046009
1986,17.427466284400044,0.9829592246130456,98.29592246130457,1.523440394930412
1986,18.29883959862005,0.9805871712031309,98.05871712031309,1.5229136430148322
1986,19.213781578551053,0.9782397533627553,97.82397533627552,1.5223908315892645
1986,20.174470657478604,0.9768460840002534,97.68460840002534,1.5220797132501362
1986,21.183194190352538,0.9758993742565337,97.58993742565337,1.5218680641735514
1986,22.242353899870167,0.9683573706104694,96.83573706104694,1.5201729676667919
1986,23.354471594863675,0.9664991447938003,96.64991447938003,1.5197528525133468
1986,24.522195174606857,0.9622019975927529,96.22019975927529,1.518777554148894
1986,25.748304933337202,0.958101934948019,95.8101934948019,1.517842024410057
1986,27.035720180004066,0.9539244462275904,95.39244462275904,1.5168837944679725
1986,28.387506189004267,0.9515031216785973,95.15031216785972,1.5163260469627473
1986,29.806881498454484,0.943390980566055,94.3390980566055,1.5144447401722827
1986,31.297225573377208,0.9373974984338816,93.73974984338817,1.5130420547459784
1986,32.86208685204607,0.9299294014964349,92.99294014964349,1.5112788655974518
1986,34.505191194648376,0.921035960892793,92.1035960892793,1.5091564737297039
1986,36.2304507543808,0.9132616790196451,91.32616790196451,1.5072805636030584
1986,38.04197329209984,0.9065326491683735,90.65326491683734,1.5056410521376022
1986,39.94407195670483,0.8981811910945936,89.81811910945936,1.5035854372896518
1986,41.94127555454008,0.8931801704781412,89.31801704781412,1.502343277657369
1986,44.03833933226708,0.8710327934624237,87.10327934624237,1.4967382047850524
1986,46.24025629888043,0.8639518269034497,86.39518269034497,1.4949092571629565
1986,48.552269113824465,0.8533268576979116,85.33268576979115,1.4921302163941037
1986,50.97988256951568,0.8452639877244477,84.52639877244476,1.4899928732579288
1986,53.52887669799147,0.8272166733534642,82.72166733534641,1.4851169032904574
1986,56.20532053289105,0.8190869354055367,81.90869354055367,1.4828776241783683
1986,59.015586559535606,0.8030315828001492,80.30315828001491,1.4783740902663594
1986,61.96636588751239,0.7901542186653152,79.01542186653153,1.4746813231433153
1986,65.06468418188801,0.7728741263171232,77.28741263171231,1.4696081217811976
1986,68.31791839098241,0.7598911811699783,75.98911811699783,1.4657038254210726
1986,71.73381431053153,0.7432938460347291,74.32938460347292,1.460591291721805
1986,75.32050502605811,0.7294521753207903,72.94521753207903,1.4562188319535223
1986,79.08653027736102,0.7155858690373124,71.55858690373124,1.4517347827898197
1986,83.04085679122907,0.7008502790858092,70.08502790858093,1.446850554554078
1986,87.19289963079054,0.6706893032357061,67.06893032357061,1.4364457178099603
1986,91.55254461233007,0.6534197689887451,65.3419768988745,1.4302238411102648
1986,96.13017184294658,0.6370723089159646,63.70723089159645,1.424143478035525
1986,100.9366804350939,0.6234664357961864,62.34664357961864,1.4189333271019005
1986,105.98351445684861,0.6090370307803844,60.90370307803844,1.4132512324251238
1986,111.28269017969104,0.5821772212485307,58.21772212485307,1.4022144149554203
1986,116.8468246886756,0.5659107066185217,56.59107066185217,1.3952172362531614
1986,122.68916592310939,0.5481977321198556,54.819773211985556,1.3873065871233772
1986,128.82362421926484,0.5257195345988978,52.57195345988978,1.3767950788012138
1986,135.2648054302281,0.5090201378184147,50.90201378184147,1.3686146129188275
1986,142.02804570173953,0.48980439357785893,48.98043935778589,1.35877439211448
1986,149.1294479868265,0.47234129414166154,47.234129414166155,1.3494012820701344
1986,156.58592038616783,0.4557298815381042,45.57298815381042,1.3400711332368496
1986,164.41521640547623,0.4350923129984304,43.50923129984304,1.3278633191359737
1986,172.63597722575005,0.415654848632022,41.5654848632022,1.3156760976384745
1986,181.26777608703753,0.3970585129970226,39.70585129970226,1.3033198879676517
1986,190.33116489138945,0.3833681750673959,38.33681750673959,1.293743321322892
1986,199.84772313595894,0.36705942803246266,36.705942803246266,1.2817498100266291
1986,209.8401092927569,0.35351338415299394,35.351338415299395,1.271258370160211
1986,220.33211475739475,0.328761675500278,32.8761675500278,1.25068882027839
1986,231.34872049526447,0.3154971809869713,31.549718098697134,1.238827651097274
1986,242.91615652002773,0.3016660683742636,30.166606837426357,1.2257545244975903
1986,255.06196434602913,0.28876054930281336,28.876054930281335,1.2128372099013502
1986,267.81506256333057,0.27041056936320573,27.041056936320572,1.1931210378043273
1986,281.20581569149715,0.2582933885170091,25.82933885170091,1.1791198146476622
1986,295.266106476072,0.24395196767813276,24.395196767813275,1.1613949752120316
1986,310.0294117998756,0.2320248326540955,23.202483265409548,1.1455783489795661
1986,325.53088238986936,0.2173068395379775,21.73068395379775,1.1245156375717054
1986,341.80742650936287,0.20598855501826552,20.598855501826552,1.106988945010277
1986,358.897797834831,0.19485327758655882,19.48532775865588,1.0884480607145661
1986,376.84268772657265,0.18476325217672854,18.476325217672855,1.0703809051563087
1986,395.6848221129012,0.1757008819533895,17.57008819533895,1.0529863855845067
1986,415.46906321854635,0.1672544009685298,16.72544009685298,1.035647965832197
1986,436.24251637947367,0.15324732000197083,15.324732000197084,1.0041067161834305
1986,458.05464219844737,0.14600094319037665,14.600094319037666,0.9862002989238655
1986,480.95737430836977,0.13799086372306804,13.799086372306805,0.964929412214763
1986,505.0052430237883,0.1302728917231525,13.027289172315252,0.9427559478461323
1986,530.2555051749777,0.12404713136389552,12.404713136389551,0.923495313253991
1986,556.7682804337265,0.11396062532114225,11.396062532114225,0.8892351702832658
1986,584.606694455413,0.10766095825326773,10.766095825326772,0.8655875457954668
1986,613.8370291781837,0.10139296548908644,10.139296548908645,0.8400222954848577
1986,644.5288806370928,0.09334065361685355,9.334065361685354,0.8036462636554518
1986,676.7553246689475,0.08863525983487129,8.86352598348713,0.7802165213617797
1986,710.5930909023949,0.08193790428729297,8.193790428729297,0.7435439594378933
1986,746.1227454475147,0.07631043633113022,7.631043633113022,0.7091310630596193
1986,783.4288827198905,0.07183380140915457,7.183380140915458,0.6789316388317872
1986,822.6003268558851,0.06647732471792273,6.647732471792272,0.6388366097343299
1986,863.7303431986794,0.06036770347220756,6.036770347220756,0.5866021626634244
1986,906.9168603586133,0.05682722019272054,5.682722019272054,0.5524072094142441
1986,952.262703376544,0.05339231792554427,5.339231792554426,0.5158619900857897
1986,999.8758385453713,0.050041880468216594,5.0041880468216595,0.4764050781807658
1986,1049.86963047264,0.04747978123614249,4.747978123614249,0.44322248780463686
1986,1102.363111996272,0.041979010494752625,4.197901049475263,0.3608753649789496
1986,1157.4812675960857,0.0385793018983466,3.85793018983466,0.3002014910215636
1986,1215.35533097589,0.03548577823764174,3.548577823764174,0.23629422901275113
1986,1276.1230975246845,0.033426948497582196,3.3426948497582196,0.18795343703586315
1986,1339.9292524009186,0.029531009143315665,2.9531009143315665,0.07960178802721571
1986,1406.9257150209646,0.027289172315250826,2.7289172315250827,0.0038973076548345005
1986,1477.2720007720131,0.024779863589332096,2.47798635893321,-0.09712091203643712
1986,1551.1356008106136,0.022530988027113202,2.25309880271132,-0.20787752934282783
1986,1628.6923808511444,0.019894982086421577,1.9894982086421578,-0.37413731250929805
1986,1710.1269998937018,0.017723532599897233,1.7723532599897234,-0.5580776407976448
1986,1795.633349888387,0.016178530453083317,1.6178530453083317,-0.7316801518744735
1986,1885.4150173828066,0.01479189982473552,1.479189982473552,-0.937783483164642
1986,1979.685768251947,0.013348959323155324,1.3348959323155325,-1.2418362093332314
1986,2078.6700566645445,0.012162932618197944,1.2162932618197944,-1.6306210812314
1986,2182.6035594977716,0.01038917161137741,1.038917161137741,-3.2654701890810136
1986,2291.7337374726603,0.009280570982114577,0.9280570982114578,
1986,2406.3204243462933,0.008369054909165136,0.8369054909165137,
1986,2526.636445563608,0.007696855797453386,0.7696855797453386,
1986,2652.9682678417885,0.006929633774661965,0.6929633774661965,
1986,2785.616681233878,0.006007559600481449,0.6007559600481449,
1986,2924.8975152955722,0.00546557707061962,0.5465577070619619,
1986,3071.1423910603507,0.00492359454075779,0.492359454075779,
1986,3224.6995106133686,0.004261953530277115,0.42619535302771155,
1986,3385.9344861440372,0.003934652392113803,0.39346523921138027,
1986,3555.2312104512393,0.003427863533022221,0.3427863533022221,
1986,3732.9927709738013,0.003033694420395436,0.3033694420395436,
1986,3919.6424095224916,0.0026782383456159242,0.2678238345615924,
1986,4115.624529998617,0.0024389213843782334,0.24389213843782334,
1986,4321.405756498548,0.002048271638828473,0.2048271638828473,
1986,4537.4760443234745,0.0019039775886704536,0.19039775886704535,
1986,4764.349846539649,0.001784319108051608,0.1784319108051608,
1986,5002.567338866631,0.0016611412603557377,0.16611412603557377,
1986,5252.695705809963,0.001488692273581519,0.1488692273581519,
1986,5515.330491100462,0.0012493753123438282,0.12493753123438281,
1986,5791.097015655485,0.0011050812621858086,0.11050812621858086,
1986,6080.65186643826,0.0010030196169520873,0.10030196169520872,
1986,6384.684459760172,0.0009537484778737392,0.09537484778737391,
1986,6703.918682748182,0.0007672220227914212,0.07672220227914212,
1986,7039.114616885591,0.0006897959470968741,0.06897959470968741,
1986,7391.070347729871,0.0006299667067874513,0.06299667067874513,
1986,7760.623865116364,0.0005947730360172026,0.05947730360172026,
1986,8148.655058372184,0.000559579365246954,0.055957936524695405,
1986,8556.087811290792,0.00042232404924298417,0.04223240492429842,
1986,8983.892201855333,0.0004047272138578598,0.04047272138578598,
1986,9433.0868119481,0.0003167430369322381,0.03167430369322381,
1986,9904.741152545505,0.0002815493661619894,0.02815493661619894,
1986,10399.97821017278,0.00027802999908496456,0.027802999908496457,
1986,10919.977120681422,0.00017948772092826827,0.017948772092826828,
1986,11465.975976715492,0.00014429405015801958,0.014429405015801958,
1986,12039.274775551266,0.00013725531600396984,0.013725531600396985,
1986,12641.238514328832,0.00013725531600396984,0.013725531600396985,
1986,13273.300440045274,0.00011261974646479576,0.011261974646479576,
1986,13936.965462047538,0.00010558101231074604,0.010558101231074604,
1986,14633.813735149914,9.150354400264657e-05,0.009150354400264656,
1986,15365.504421907412,7.74260756945471e-05,0.007742607569454709,
1986,16133.779643002783,6.686797446347249e-05,0.006686797446347249,
1986,16940.468625152924,6.686797446347249e-05,0.006686797446347249,
1986,17787.49205641057,5.982924030942275e-05,0.005982924030942275,
1986,18676.8666592311,5.279050615537302e-05,0.005279050615537302,
1986,19610.709992192653,5.279050615537302e-05,0.005279050615537302,
1986,20591.24549180229,5.279050615537302e-05,0.005279050615537302,
1986,21620.807766392405,5.279050615537302e-05,0.005279050615537302,
1986,22701.848154712025,5.279050615537302e-05,0.005279050615537302,
1986,23836.940562447628,3.871303784727355e-05,0.0038713037847273547,
1986,25028.78759057001,3.871303784727355e-05,0.0038713037847273547,
1986,26280.22697009851,3.871303784727355e-05,0.0038713037847273547,
1986,27594.23831860344,3.871303784727355e-05,0.0038713037847273547,
1986,28973.950234533608,3.871303784727355e-05,0.0038713037847273547,
1986,30422.647746260292,3.871303784727355e-05,0.0038713037847273547,
1986,31943.78013357331,3.871303784727355e-05,0.0038713037847273547,
1986,33540.969140251975,2.815493661619894e-05,0.002815493661619894,
1986,35218.017597264574,2.815493661619894e-05,0.002815493661619894,
1986,36978.91847712781,2.815493661619894e-05,0.002815493661619894,
1986,38827.864400984196,2.815493661619894e-05,0.002815493661619894,
1986,40769.257621033415,2.815493661619894e-05,0.002815493661619894,
1986,42807.72050208508,2.815493661619894e-05,0.002815493661619894,
1986,44948.10652718933,2.815493661619894e-05,0.002815493661619894,
1986,47195.51185354881,1.0558101231074604e-05,0.0010558101231074603,
1986,49555.28744622625,1.0558101231074604e-05,0.0010558101231074603,
1986,52033.05181853756,1.0558101231074604e-05,0.0010558101231074603,
1986,54634.704409464444,1.0558101231074604e-05,0.0010558101231074603,
1986,57366.43962993767,1.0558101231074604e-05,0.0010558101231074603,
1986,60234.76161143455,1.0558101231074604e-05,0.0010558101231074603,
1986,63246.499692006284,1.0558101231074604e-05,0.0010558101231074603,
1986,66408.8246766066,1.0558101231074604e-05,0.0010558101231074603,
1986,69729.26591043694,1.0558101231074604e-05,0.0010558101231074603,
1987,0.1700695661251953,1.0,100.0,1.5271796258079011
1987,0.17857304443145508,0.9999931650803957,99.99931650803957,1.5271781416177934
1987,0.18750169665302782,0.9999931650803957,99.99931650803957,1.5271781416177934
1987,0.19687678148567925,0.9999931650803957,99.99931650803957,1.5271781416177934
1987,0.2067206205599632,0.9999692428617808,99.99692428617809,1.52717294685518
1987,0.2170566515879614,0.9999692428617808,99.99692428617809,1.52717294685518
1987,0.22790948416735948,0.9999692428617808,99.99692428617809,1.52717294685518
1987,0.23930495837572746,0.9999692428617808,99.99692428617809,1.52717294685518
1987,0.25127020629451385,0.9999692428617808,99.99692428617809,1.52717294685518
1987,0.26383371660923954,0.9999692428617808,99.99692428617809,1.52717294685518
1987,0.2770254024397015,0.9999692428617808,99.99692428617809,1.52717294685518
1987,0.2908766725616866,0.9999213984245511,99.9921398424551,1.527162556876159
1987,0.30542050618977096,0.9999213984245511,99.9921398424551,1.527162556876159
1987,0.3206915314992595,0.9999213984245511,99.9921398424551,1.527162556876159
1987,0.33672610807422254,0.9999213984245511,99.9921398424551,1.527162556876159
1987,0.35356241347793366,0.9999145635049468,99.99145635049467,1.527161072544046
1987,0.3712405341518303,0.9998906412863319,99.98906412863319,1.5271558772843978
1987,0.3898025608594219,0.9998906412863319,99.98906412863319,1.5271558772843978
1987,0.40929268890239295,0.9998906412863319,99.98906412863319,1.5271558772843978
1987,0.42975732334751265,0.9998701365275191,99.98701365275191,1.5271514240842858
1987,0.4512451895148883,0.9998701365275191,99.98701365275191,1.5271514240842858
1987,0.4738074489906327,0.9998393793892999,99.98393793892998,1.5271447440756984
1987,0.4974978214401644,0.9998393793892999,99.98393793892998,1.5271447440756984
1987,0.5223727125121727,0.9998222920902893,99.98222920902893,1.5271410328517414
1987,0.5484913481377812,0.9998222920902893,99.98222920902893,1.5271410328517414
1987,0.5759159155446704,0.9997915349520701,99.979153495207,1.5271343524540724
1987,0.6047117113219039,0.9997915349520701,99.979153495207,1.5271343524540724
1987,0.6349472968879991,0.9997915349520701,99.979153495207,1.5271343524540724
1987,0.6666946617323991,0.9997778651128616,99.97778651128615,1.527131383308149
1987,0.7000293948190192,0.9997778651128616,99.97778651128615,1.527131383308149
1987,0.7350308645599701,0.9997129333766211,99.97129333766212,1.5271172791901892
1987,0.7717824077879686,0.9997129333766211,99.97129333766212,1.5271172791901892
1987,0.8103715281773671,0.9997129333766211,99.97129333766212,1.5271172791901892
1987,0.8508901045862355,0.9996992635374127,99.96992635374127,1.5271143097601199
1987,0.8934346098155473,0.9996992635374127,99.96992635374127,1.5271143097601199
1987,0.9381063403063248,0.9996992635374127,99.96992635374127,1.5271143097601199
1987,0.985011657321641,0.9996582540197871,99.96582540197872,1.5271054011733747
1987,1.034262240187723,0.9996206619619636,99.96206619619636,1.5270972345780813
1987,1.0859753521971092,0.9995933222835467,99.95933222835467,1.5270912950012563
1987,1.1402741198069648,0.9995181381678998,99.95181381678998,1.5270749601453812
1987,1.197287825797313,0.9995044683286913,99.95044683286913,1.5270719900109069
1987,1.2571522170871787,0.9994805461100764,99.94805461100765,1.5270667921566017
1987,1.3200098279415378,0.9994292842130444,99.94292842130444,1.5270556533874515
1987,1.3860103193386148,0.9994087794542317,99.94087794542317,1.5270511976850787
1987,1.4553108353055457,0.9993165080395742,99.93165080395741,1.5270311456473356
1987,1.5280763770708228,0.9993165080395742,99.93165080395741,1.5270311456473356
1987,1.6044801959243642,0.9992686636023443,99.92686636023443,1.5270207474071908
1987,1.6847042057205823,0.9991490525092699,99.91490525092699,1.5269947491554086
1987,1.7689394160066116,0.9991388001298634,99.91388001298634,1.5269925205575576
1987,1.8573863868069422,0.9990841207730294,99.90841207730294,1.526980634232235
1987,1.9502557061472894,0.99894058746134,99.894058746134,1.5269494288605454
1987,2.047768491454654,0.9988893255643081,99.8889325564308,1.5269382827622806
1987,2.150156916027387,0.998861985885891,99.88619858858911,1.526932337891849
1987,2.257664761828756,0.998861985885891,99.88619858858911,1.526932337891849
1987,2.370547999920194,0.9987355398732123,99.87355398732123,1.526904840289564
1987,2.489075399916204,0.9986535208379611,99.86535208379611,1.5268870017411025
1987,2.6135291699120144,0.9985920065615228,99.85920065615228,1.5268736216594232
1987,2.744205628407615,0.9985270748252824,99.85270748252823,1.5268594971514164
1987,2.881415909827996,0.9983903764331972,99.83903764331971,1.526829757690368
1987,3.0254867053193957,0.998332279616561,99.8332279616561,1.5268171169185263
1987,3.176761040585366,0.998198998684278,99.8198998684278,1.5267881141171111
1987,3.3355990926146344,0.9981374844078397,99.81374844078397,1.526774726618886
1987,3.5023790472453658,0.9980383780735779,99.80383780735778,1.5267531557591862
1987,3.6774979996076342,0.9979153495207013,99.79153495207012,1.526726374512629
1987,3.861372899588016,0.9977171368521778,99.77171368521778,1.5266832184940098
1987,4.054441544567418,0.997539428942467,99.7539428942467,1.5266445180174497
1987,4.257163621795788,0.9972797019975053,99.72797019975053,1.526587940683817
1987,4.470021802885578,0.9971532559848265,99.71532559848265,1.5265603899635838
1987,4.693522893029857,0.99698238299472,99.698238299472,1.5265231525032974
1987,4.928199037681351,0.9965859576576731,99.65859576576732,1.5264367316676002
1987,5.174608989565418,0.996346735471524,99.6346735471524,1.526384560915192
1987,5.4333394390436895,0.9962715513558772,99.62715513558771,1.5263681612436855
1987,5.705006410995873,0.9956461562120875,99.56461562120876,1.5262316873799933
1987,5.990256731545668,0.9953864292671257,99.53864292671257,1.5261749790377725
1987,6.289769568122951,0.9951061975633512,99.51061975633512,1.526113773515056
1987,6.604258046529099,0.9946175008116467,99.46175008116467,1.526006986835723
1987,6.934470948855554,0.9941834834167763,99.41834834167763,1.5259120947475253
1987,7.281194496298333,0.9932710216496079,99.32710216496079,1.5257124326362308
1987,7.64525422111325,0.9925191804931395,99.25191804931394,1.5255477491628784
1987,8.027516932168911,0.9919928916836116,99.19928916836116,1.5254323803353889
1987,8.428892778777358,0.9914939425525007,99.14939425525007,1.525322935857585
1987,8.850337417716226,0.9904481998530492,99.04481998530493,1.5250933345128805
1987,9.292854288602038,0.9896143396613297,98.96143396613297,1.5249100420797532
1987,9.75749700303214,0.9875980383780736,98.75980383780735,1.5244660567277732
1987,10.245371853183748,0.9869247987970542,98.69247987970542,1.5243175649043255
1987,10.757640445842936,0.9859713275122601,98.59713275122601,1.524107053110653
1987,11.295522468135083,0.9849665943304342,98.49665943304342,1.5238849550445213
1987,11.860298591541838,0.981706337679203,98.17063376792031,1.5231623647656936
1987,12.453313521118929,0.9805819934043026,98.05819934043026,1.5229124915057417
1987,13.075979197174878,0.9786511286160997,97.86511286160997,1.5224825624985363
1987,13.729778157033621,0.9764947114809562,97.64947114809563,1.5220011886012343
1987,14.416267064885304,0.9722980708439417,97.22980708439417,1.5210606550624626
1987,15.13708041812957,0.9694137347709447,96.94137347709447,1.5204113569475421
1987,15.893934439036048,0.9671137843241119,96.7113784324112,1.5198919215610487
1987,16.68863116098785,0.9642191958717086,96.42191958717086,1.5192360455773553
1987,17.523062719037245,0.9601182441091537,96.01182441091537,1.518302703360838
1987,18.39921585498911,0.9571484715411035,95.71484715411034,1.5176237687699934
1987,19.319176647738562,0.950542521743588,95.0542521743588,1.516104294849109
1987,20.285135480125494,0.9462638620713224,94.62638620713224,1.5151132463004817
1987,21.299392254131767,0.9406797327546434,94.06797327546434,1.5138115636508591
1987,22.364361866838358,0.9376347760709465,93.76347760709464,1.5130977938701415
1987,23.482579960180278,0.929070621806811,92.9070621806811,1.5110750034515217
1987,24.65670895818929,0.9231071544520958,92.31071544520958,1.5096529861238133
1987,25.88954440609876,0.9171197648787656,91.71197648787656,1.5082139352336354
1987,27.184021626403695,0.9113750149513866,91.13750149513866,1.5068223751043386
1987,28.54322270772388,0.894147600088854,89.4147600088854,1.5025842312976434
1987,29.970383843110078,0.8888676246945645,88.88676246945644,1.5012652748712454
1987,31.46890303526558,0.8810484766672932,88.10484766672933,1.4992943218721635
1987,33.042348187028864,0.8723100319532492,87.23100319532492,1.4970661663208276
1987,34.694465596380304,0.8595389846726927,85.95389846726927,1.493760153967464
1987,36.429188876199326,0.8506911812449806,85.06911812449806,1.4914342705506332
1987,38.25064832000929,0.836033696153649,83.6033696153649,1.4875151808264333
1987,40.16318073600976,0.8262563436597578,82.62563436597577,1.4848537963250261
1987,42.17133977281025,0.816362797532594,81.6362797532594,1.4821211728973822
1987,44.27990676145076,0.8031406455581567,80.31406455581566,1.47840505432823
1987,46.493902099523304,0.787584368538865,78.75843685388651,1.473935528766774
1987,48.81859720449947,0.7743314594262085,77.43314594262085,1.470041337452294
1987,51.259527064724445,0.758617979256019,75.8617979256019,1.465316525883078
1987,53.822503417960675,0.7471558190796781,74.71558190796782,1.4617933765012234
1987,56.5136285888587,0.7331066418331255,73.31066418331254,1.4573831212255781
1987,59.339310018301646,0.7098337405806264,70.98337405806264,1.4498430991673497
1987,62.30627551921673,0.6962254156485485,69.62254156485484,1.4452913974816683
1987,65.42158929517757,0.6821523161833809,68.2152316183381,1.4404671267367544
1987,68.69266875993645,0.6628846778189772,66.28846778189772,1.4336587336459183
1987,72.12730219793328,0.6444748218649078,64.44748218649077,1.4269204954535666
1987,75.73366730782995,0.6263212753959981,62.632127539599814,1.4200381721231299
1987,79.52035067322144,0.6106624745826427,61.066247458264264,1.4138996299477347
1987,83.49636820688251,0.5970917417083882,59.70917417083882,1.4084192114862293
1987,87.67118661722664,0.5790236317345318,57.902363173453175,1.4008770643863555
1987,92.05474594808798,0.5611195598311775,56.111955983117745,1.3931083205175347
1987,96.65748324549237,0.5402798899577944,54.02798899577944,1.3836664679869337
1987,101.49035740776701,0.5244707209131453,52.44707209131453,1.3761946579948867
1987,106.56487527815537,0.506036942740461,50.6036942740461,1.36711780646353
1987,111.89311904206313,0.4920014353331169,49.20014353331169,1.3599238302012397
1987,117.4877749941663,0.465608393281274,46.5608393281274,1.345670219438899
1987,123.36216374387462,0.4501273003776293,45.012730037762935,1.3368271194019947
1987,129.53027193106837,0.43522375818054443,43.52237581805444,1.3279433756309198
1987,136.0067855276218,0.4207884079763512,42.07884079763512,1.3189639517441951
1987,142.80712480400288,0.39864326845855474,39.86432684585547,1.304401279634973
1987,149.94748104420302,0.382817012114895,38.2817012114895,1.2933486855569887
1987,157.4448550964132,0.36618423525793276,36.618423525793276,1.2810870250567736
1987,165.31709785123385,0.3524802214513952,35.248022145139515,1.2704371188368013
1987,173.58295274379554,0.3323377133776464,33.23377133776464,1.2537814690432045
1987,182.26210038098534,0.3193137740717325,31.93137740717325,1.2423053763146088
1987,191.3752054000346,0.30250328930505954,30.250328930505955,1.2265677231196939
1987,200.94396567003636,0.2892948071698307,28.92948071698307,1.2133867049467166
1987,210.99116395353815,0.276701467798985,27.670146779898502,1.2000714333986195
1987,221.54072215121508,0.26258052389658765,26.258052389658765,1.1841698231374025
1987,232.61775825877586,0.24544538044871247,24.54453804487125,1.1633037189239348
1987,244.24864617171465,0.23483758522290382,23.483758522290383,1.1494033245202424
1987,256.46107848030044,0.22317037745843515,22.317037745843514,1.1331265628746838
1987,269.2841324043154,0.21315380277839482,21.315380277839484,1.1182282615891508
1987,282.7483390245312,0.2049484817934829,20.494848179348292,1.10531429537697
1987,296.88575597575783,0.18837380175315688,18.837380175315687,1.0769947043422
1987,311.7300437745457,0.1797378808331767,17.97378808331767,1.0608808187570529
1987,327.31654596327303,0.16986825692462793,16.986825692462794,1.0411378546707548
1987,343.6823732614366,0.15901098713326384,15.901098713326384,1.0175425734688406
1987,360.8664919245085,0.15084667566597748,15.084667566597748,0.9983052180137966
1987,378.90981652073395,0.1413632247150693,14.13632247150693,0.9740869044397715
1987,397.85530734677064,0.1328810894861849,13.28810894861849,0.9504484849636241
1987,417.74807271410924,0.12648360473659928,12.648360473659928,0.9311902211357629
1987,438.63547634981467,0.11741366642174872,11.741366642174873,0.9014281150100477
1987,460.5672501673055,0.11028484527450746,11.028484527450747,0.8756693123661695
1987,483.59561267567074,0.10377458435145157,10.377458435145156,0.8499953598552388
1987,507.77539330945433,0.09805033918288536,9.805033918288537,0.825444776901428
1987,533.1641629749271,0.09186815440083386,9.186815440083386,0.7965018942693656
1987,559.8223711236734,0.08760316456777677,8.760316456777677,0.774834087872469
1987,587.8134896798571,0.07854006117253046,7.8540061172530455,0.7232028181091338
1987,617.20416416385,0.0744664490883926,7.44664490883926,0.6970214574216013
1987,648.0643723720425,0.06960682124976506,6.960682124976506,0.6628309917167329
1987,680.4675909906447,0.06504451241392273,6.504451241392273,0.6272673596935415
1987,714.490970540177,0.059556071971703435,5.955607197170344,0.5790447666491293
1987,750.2155190671858,0.05567725509628693,5.567725509628693,0.5405707915397785
1987,787.7262950205452,0.05172325410522359,5.172325410522359,0.4967200320203159
1987,827.1126097715725,0.048401483177554126,4.840148317755412,0.4554896621197124
1987,868.468240260151,0.04367855373101174,4.3678553731011736,0.38816439500454486
1987,911.8916522731587,0.04059600498949131,4.059600498949131,0.3372466292007959
1987,957.4862348868166,0.037595475283221984,3.7595475283221984,0.28088296981038363
1987,1005.3605466311576,0.0344001503682313,3.4400150368231297,0.21145619347938255
1987,1055.6285739627156,0.03210361738120055,3.210361738120055,0.15390804050349205
1987,1108.4100026608512,0.029834424072586845,2.9834424072586843,0.08899739059745983
1987,1163.830502793894,0.026273430958768346,2.6273430958768347,-0.03461928588275802
1987,1222.0220279335888,0.024240042376501545,2.4240042376501547,-0.12169224821837639
1987,1283.123129330268,0.022138304598192163,2.2138304598192162,-0.22976007362565537
1987,1347.2792857967816,0.020398817558908464,2.0398817558908466,-0.33842556239179844
1987,1414.6432500866208,0.01892930984399296,1.892930984399296,-0.44921887538661315
1987,1485.3754125909518,0.016461903866855768,1.6461903866855767,-0.6962243866274582
1987,1559.6441832204994,0.014862532679459358,1.4862532679459357,-0.9256888365206188
1987,1637.6263923815245,0.013803120140799343,1.3803120140799343,-1.1322427953724266
1987,1719.5077120006008,0.012292602908258291,1.2292602908258292,-1.5778782060332759
1987,1805.483097600631,0.011383558600891956,1.1383558600891956,-2.043418293414613
1987,1895.7572524806624,0.010139603232916973,1.0139603232916972,-4.2784759197333955
1987,1990.545115104696,0.008878560565931344,0.8878560565931344,
1987,2090.0723708599307,0.007990021017377783,0.7990021017377783,
1987,2194.5759894029275,0.00718691796387745,0.718691796387745,
1987,2304.304788873074,0.006127505425217436,0.6127505425217437,
1987,2419.520028316728,0.005526032500042718,0.5526032500042718,
1987,2540.4960297325642,0.004948481793482904,0.4948481793482904,
1987,2667.520831219192,0.004288912051671992,0.4288912051671992,
1987,2800.8968727801525,0.0039198263930420515,0.3919826393042052,
1987,2940.94171641916,0.003349110606086496,0.3349110606086496,
1987,3087.988802240118,0.0030312868444884915,0.30312868444884916,
1987,3242.388242352124,0.002788647198537327,0.27886471985373273,
1987,3404.50765446973,0.002422978999709516,0.24229789997095158,
1987,3574.733037193217,0.002118825077320028,0.2118825077320028,
1987,3753.4696890528776,0.001978709225432736,0.19787092254327357,
1987,3941.143173505522,0.0017497394186900877,0.17497394186900878,
1987,4138.200332180799,0.0016027886471985373,0.16027886471985373,
1987,4345.110348789839,0.00137040138065376,0.13704013806537602,
1987,4562.36586622933,0.001237120448370726,0.1237120448370726,
1987,4790.484159540797,0.0011277617347025955,0.11277617347025956,
1987,5030.0083675178375,0.001011568101430207,0.10115681014302069,
1987,5281.5087858937295,0.000881704628949302,0.0881704628949302,
1987,5545.584225188416,0.000837277651521624,0.0837277651521624,
1987,5822.863436447837,0.0007005792594364609,0.0700579259436461,
1987,6114.006608270229,0.0006117253045811048,0.06117253045811048,
1987,6419.70693868374,0.0005570459477470396,0.055704594774703964,
1987,6740.692285617928,0.0004955316713087162,0.04955316713087162,
1987,7077.726899898826,0.0004545221536831673,0.04545221536831673,
1987,7431.613244893766,0.00035199835961929497,0.0351998359619295,
1987,7803.193907138455,0.0003485808998171659,0.03485808998171659,
1987,8193.353602495377,0.0002733967841703262,0.02733967841703262,
1987,8603.021282620148,0.00023238726654477727,0.023238726654477727,
1987,9033.172346751157,0.00017087299010645388,0.017087299010645388,
1987,9484.830964088715,0.00015720315089793756,0.015720315089793754,
1987,9959.07251229315,0.00012644601267877586,0.012644601267877587,
1987,10457.026137907807,0.0001059412538660014,0.01059412538660014,
1987,10979.877444803198,9.910633426174324e-05,0.009910633426174324,
1987,11528.871317043358,5.126189703193616e-05,0.005126189703193616,
1987,12105.314882895527,4.100951762554893e-05,0.004100951762554893,
1987,12710.580627040305,4.100951762554893e-05,0.004100951762554893,
1987,13346.109658392319,4.100951762554893e-05,0.004100951762554893,
1987,14013.415141311938,3.7592057823419855e-05,0.0037592057823419853,
1987,14714.085898377534,3.4174598021290774e-05,0.0034174598021290774,
1987,15449.790193296412,3.07571382191617e-05,0.00307571382191617,
1987,16222.279702961232,3.07571382191617e-05,0.00307571382191617,
1987,17033.393688109296,3.07571382191617e-05,0.00307571382191617,
1987,17885.06337251476,3.07571382191617e-05,0.00307571382191617,
1987,18779.3165411405,3.07571382191617e-05,0.00307571382191617,
1987,19718.282368197528,3.07571382191617e-05,0.00307571382191617,
1987,20704.196486607405,3.07571382191617e-05,0.00307571382191617,
1987,21739.406310937775,2.733967841703262e-05,0.002733967841703262,
1987,22826.376626484664,2.733967841703262e-05,0.002733967841703262,
1987,23967.695457808895,6.834919604258155e-06,0.0006834919604258155,
1987,25166.080230699343,6.834919604258155e-06,0.0006834919604258155,
1987,26424.38424223431,6.834919604258155e-06,0.0006834919604258155,
1987,27745.603454346026,6.834919604258155e-06,0.0006834919604258155,
1988,0.020792889057430836,1.0,100.0,1.5271796258079011
1988,0.021832533510302378,0.9999930947095117,99.99930947095118,1.5271781263368223
1988,0.0229241601858175,0.9999930947095117,99.99930947095118,1.5271781263368223
1988,0.024070368195108376,0.9999930947095117,99.99930947095118,1.5271781263368223
1988,0.025273886604863797,0.9999827367737792,99.99827367737792,1.5271758771065735
1988,0.026537580935106986,0.9999827367737792,99.99827367737792,1.5271758771065735
1988,0.02786445998186234,0.9999827367737792,99.99827367737792,1.5271758771065735
1988,0.029257682980955456,0.9999827367737792,99.99827367737792,1.5271758771065735
1988,0.030720567130003228,0.9999827367737792,99.99827367737792,1.5271758771065735
1988,0.03225659548650339,0.9999827367737792,99.99827367737792,1.5271758771065735
1988,0.03386942526082856,0.9999827367737792,99.99827367737792,1.5271758771065735
1988,0.03556289652386999,0.9999827367737792,99.99827367737792,1.5271758771065735
1988,0.03734104135006349,0.9999827367737792,99.99827367737792,1.5271758771065735
1988,0.03920809341756667,0.9999827367737792,99.99827367737792,1.5271758771065735
1988,0.041168498088445006,0.9999827367737792,99.99827367737792,1.5271758771065735
1988,0.04322692299286726,0.9999620209023143,99.99620209023144,1.5271713785610046
1988,0.045388269142510616,0.9999620209023143,99.99620209023144,1.5271713785610046
1988,0.04765768259963615,0.9999620209023143,99.99620209023144,1.5271713785610046
1988,0.05004056672961796,0.999955115611826,99.99551156118261,1.5271698790206076
1988,0.05254259506609887,0.999955115611826,99.99551156118261,1.5271698790206076
1988,0.055169724819403805,0.999955115611826,99.99551156118261,1.5271698790206076
1988,0.057928211060374005,0.999955115611826,99.99551156118261,1.5271698790206076
1988,0.06082462161339271,0.999955115611826,99.99551156118261,1.5271698790206076
1988,0.06386585269406235,0.999934399740361,99.99343997403611,1.527165380323793
1988,0.06705914532876546,0.999934399740361,99.99343997403611,1.527165380323793
1988,0.07041210259520374,0.999934399740361,99.99343997403611,1.527165380323793
1988,0.07393270772496392,0.9999205891593844,99.99205891593844,1.527162381129561
1988,0.07762934311121213,0.9999205891593844,99.99205891593844,1.527162381129561
1988,0.08151081026677273,0.9999205891593844,99.99205891593844,1.527162381129561
1988,0.08558635078011138,0.9999205891593844,99.99205891593844,1.527162381129561
1988,0.08986566831911696,0.9999205891593844,99.99205891593844,1.527162381129561
1988,0.0943589517350728,0.9999205891593844,99.99205891593844,1.527162381129561
1988,0.09907689932182645,0.9999205891593844,99.99205891593844,1.527162381129561
1988,0.10403074428791777,0.9999205891593844,99.99205891593844,1.527162381129561
1988,0.10923228150231366,0.9999205891593844,99.99205891593844,1.527162381129561
1988,0.11469389557742936,0.9999205891593844,99.99205891593844,1.527162381129561
1988,0.12042859035630082,0.9998998732879195,99.98998732879195,1.5271578822436755
1988,0.1264500198741159,0.9998929679974312,99.98929679974312,1.5271563825898364
1988,0.13277252086782168,0.9998929679974312,99.98929679974312,1.5271563825898364
1988,0.13941114691121276,0.9998860627069429,99.98860627069429,1.5271548829233916
1988,0.1463817042567734,0.9998860627069429,99.98860627069429,1.5271548829233916
1988,0.15370078946961208,0.9998860627069429,99.98860627069429,1.5271548829233916
1988,0.1613858289430927,0.9998860627069429,99.98860627069429,1.5271548829233916
1988,0.16945512039024735,0.9998791574164546,99.98791574164547,1.527153383244341
1988,0.17792787640975974,0.9998791574164546,99.98791574164547,1.527153383244341
1988,0.1868242702302477,0.9998791574164546,99.98791574164547,1.527153383244341
1988,0.1961654837417601,0.9998791574164546,99.98791574164547,1.527153383244341
1988,0.20597375792884812,0.9998791574164546,99.98791574164547,1.527153383244341
1988,0.21627244582529054,0.9998377256735248,99.98377256735247,1.5271443849053026
1988,0.22708606811655507,0.9998066518663273,99.98066518663273,1.5271376358531799
1988,0.23844037152238284,0.9998066518663273,99.98066518663273,1.5271376358531799
1988,0.250362390098502,0.9998066518663273,99.98066518663273,1.5271376358531799
1988,0.26288050960342707,0.9997928412853507,99.97928412853507,1.527134636192507
1988,0.2760245350835985,0.9997928412853507,99.97928412853507,1.527134636192507
1988,0.2898257618377784,0.9997928412853507,99.97928412853507,1.527134636192507
1988,0.3043170499296673,0.9997928412853507,99.97928412853507,1.527134636192507
1988,0.31953290242615073,0.9997790307043741,99.9779030704374,1.5271316364813996
1988,0.3355095475474582,0.9997790307043741,99.9779030704374,1.5271316364813996
1988,0.3522850249248312,0.9997686727686417,99.97686727686417,1.527129386664971
1988,0.36989927617107277,0.9997686727686417,99.97686727686417,1.527129386664971
1988,0.38839423997962647,0.9997686727686417,99.97686727686417,1.527129386664971
1988,0.40781395197860776,0.9997686727686417,99.97686727686417,1.527129386664971
1988,0.4282046495775382,0.9997134304447353,99.97134304447353,1.5271173871648518
1988,0.4496148820564151,0.9997134304447353,99.97134304447353,1.5271173871648518
1988,0.47209562615923584,0.9996927145732704,99.96927145732704,1.5271128871442345
1988,0.4957004074671977,0.9996927145732704,99.96927145732704,1.5271128871442345
1988,0.5204854278405576,0.9996789039922936,99.96789039922936,1.5271098870674333
1988,0.5465096992325854,0.9996789039922936,99.96789039922936,1.5271098870674333
1988,0.5738351841942148,0.9996789039922936,99.96789039922936,1.5271098870674333
1988,0.6025269434039255,0.9996719987018053,99.96719987018054,1.527108387010115
1988,0.6326532905741219,0.9996616407660729,99.96616407660728,1.5271061369004901
1988,0.664285955102828,0.9996616407660729,99.96616407660728,1.5271061369004901
1988,0.6975002528579693,0.999640924894608,99.9640924894608,1.527101636596107
1988,0.732375265500868,0.9996098510874106,99.96098510874106,1.5270948859266888
1988,0.7689940287759113,0.999571871989725,99.95718719897249,1.5270866347616316
1988,0.807443730214707,0.999571871989725,99.95718719897249,1.5270866347616316
1988,0.8478159167254423,0.9994855558586211,99.94855558586211,1.527067880694556
1988,0.8902067125617146,0.9994441241156913,99.94441241156913,1.5270588780421244
1988,0.9347170481898003,0.9994441241156913,99.94441241156913,1.5270588780421244
1988,0.9814529005992902,0.9994303135347147,99.94303135347147,1.5270558770570353
1988,1.0305255456292548,0.9994130503084938,99.94130503084938,1.5270521257546925
1988,1.0820518229107177,0.9993543553393432,99.93543553393432,1.5270393707367542
1988,1.1361544140562536,0.9992853024344601,99.928530243446,1.5270243636658454
1988,1.1929621347590664,0.9992300601105537,99.92300601105538,1.5270123571002734
1988,1.2526102414970197,0.9991506492699381,99.91506492699381,1.5269950962467098
1988,1.3152407535718706,0.9991333860437174,99.91333860437173,1.5269913436662805
1988,1.3810027912504643,0.9990885016555434,99.90885016555434,1.526981586587808
1988,1.4500529308129877,0.9989987328791954,99.89987328791953,1.5269620708301357
1988,1.522555577353637,0.9989365852648007,99.89365852648007,1.52694855867052
1988,1.598683356221319,0.99887789029565,99.887789029565,1.5269357962468677
1988,1.6786175240323848,0.9988157426812553,99.88157426812553,1.5269222820974355
1988,1.7625484002340044,0.9987846688740578,99.87846688740578,1.5269155246388983
1988,1.8506758202457045,0.998743237131128,99.8743237131128,1.526906514296106
1988,1.94320961125799,0.9986879948072216,99.86879948072216,1.526894499797956
1988,2.0403700918208894,0.9985775101594087,99.85775101594086,1.5268704683746723
1988,2.142388596411934,0.9983496355732945,99.83496355732944,1.5268208933412422
1988,2.249508026232531,0.9983289197018296,99.83289197018296,1.526816385837045
1988,2.3619834275441574,0.9980941398252271,99.80941398252271,1.5267652928311712
1988,2.4800825989213653,0.9978628125938688,99.78628125938688,1.52671493688276
1988,2.6040867288674336,0.9976383906529988,99.76383906529988,1.5266660705153379
1988,2.7342910653108055,0.9975279060051859,99.7527906005186,1.5266420083112087
1988,2.871005618576346,0.9971757361902822,99.71757361902822,1.5265652883794338
1988,3.014555899505164,0.9970894200591783,99.70894200591783,1.5265464794419104
1988,3.165283694480422,0.9969582195399005,99.69582195399005,1.5265178860605262
1988,3.3235478792044426,0.9969202404422148,99.69202404422148,1.526509608174175
1988,3.489725273164665,0.9966647446941475,99.66647446941475,1.5264539105954333
1988,3.664211536822899,0.9964713965604748,99.64713965604747,1.5264117495217668
1988,3.8474221136640434,0.996319480169732,99.6319480169732,1.526378615977159
1988,4.0397932193472466,0.9962124481671633,99.62124481671633,1.5263552681958021
1988,4.2417828803146085,0.9954217924062521,99.5421792406252,1.526182701225071
1988,4.453872024330339,0.9952560654345327,99.52560654345326,1.5261465088287436
1988,4.676565625546856,0.9950523593651276,99.50523593651276,1.526102012288984
1988,4.9103939068242,0.9946414945810733,99.46414945810733,1.5260122312814284
1988,5.15591360216541,0.9943134932828787,99.43134932828787,1.5259405249528428
1988,5.41370928227368,0.9938681020463829,99.3868102046383,1.525843109192402
1988,5.6843947463873645,0.9930912568664483,99.30912568664483,1.525673070722095
1988,5.968614483706733,0.9927080132443472,99.27080132443471,1.5255891254148506
1988,6.267045207892069,0.9918690204500178,99.18690204500177,1.5254052154390088
1988,6.580397468286674,0.9915755456042648,99.15755456042648,1.525340840070842
1988,6.909417341701007,0.9911888493369195,99.11888493369196,1.52525598062593
1988,7.254888208786058,0.9902048454423357,99.02048454423357,1.5250398617276466
1988,7.617632619225362,0.9896834960104685,98.96834960104684,1.5249252506218802
1988,7.99851425018663,0.9891483359976245,98.91483359976246,1.5248075269728518
1988,8.398439962695962,0.987363318406397,98.7363318406397,1.5244143001584018
1988,8.81836196083076,0.9869213798151454,98.69213798151453,1.5243168104882223
1988,9.2592800588723,0.9861583452161874,98.61583452161874,1.5241483632820354
1988,9.722244061815914,0.9852123204192892,98.52123204192893,1.5239392987154254
1988,10.20835626490671,0.984217958588973,98.4217958588973,1.523719288314455
1988,10.718774078152046,0.9829266692676594,98.29266692676593,1.5234331759841813
1988,11.254712782059649,0.9812003466455825,98.12003466455825,1.5230499569338385
1988,11.81744842116263,0.9799401311314664,97.99401311314664,1.5227696880784594
1988,12.408320842220764,0.9780377236019376,97.80377236019376,1.5223457645797567
1988,13.028736884331805,0.975196196565999,97.5196196565999,1.5217106978409471
1988,13.680173728548393,0.9726654076020343,97.26654076020344,1.5211431783973108
1988,14.364182414975813,0.9693819419748441,96.9381941974844,1.5204041869010418
1988,15.082391535724605,0.9671757016638297,96.71757016638297,1.5199059250772369
1988,15.836511112510838,0.9639371204248135,96.39371204248135,1.5191720026581665
1988,16.628336668136377,0.962490462067513,96.2490462067513,1.518843191345847
1988,17.459753501543197,0.9555368345457873,95.55368345457873,1.5172542483740754
1988,18.33274117662036,0.9520358522682153,95.20358522682153,1.5164489088421365
1988,19.249378235451378,0.9482275845639137,94.82275845639137,1.515568772514897
1988,20.211847147223946,0.9434145970935632,94.34145970935633,1.514450245747442
1988,21.222439504585147,0.9369270766797982,93.69270766797982,1.5129314965880163
1988,22.283561479814402,0.9320864680474946,93.20864680474946,1.5117899107904484
1988,23.397739553805124,0.9280503257570788,92.80503257570788,1.510832500416727
1988,24.567626531495385,0.922936958150487,92.29369581504871,1.5096122375017131
1988,25.79600785807015,0.914833599762458,91.48335997624581,1.5076614325645992
1988,27.08580825097366,0.9077073399785246,90.77073399785246,1.5059283318173902
1988,28.44009866352235,0.899165495644488,89.9165495644488,1.5038289243823788
1988,29.862103596698464,0.8924501006446088,89.24501006446089,1.5021612308701624
1988,31.355208776533388,0.8830623582257546,88.30623582257546,1.4998039956759297
1988,32.92296921536006,0.8763711317425846,87.63711317425846,1.498105058838346
1988,34.569117676128066,0.8635238387890882,86.35238387890882,1.4947981241560124
1988,36.29757355993447,0.8539151270746083,85.39151270746082,1.4922851885233246
1988,38.112452237931194,0.8437885185735051,84.37885185735051,1.4895990449563838
1988,40.018074849827755,0.831800934285803,83.1800934285803,1.4863677373992885
1988,42.018978592319144,0.8125800582115988,81.25800582115988,1.4810656115322367
1988,44.119927521935104,0.8033511374739757,80.33511374739757,1.478464800595815
1988,46.32592389803186,0.7926272213456339,79.26272213456339,1.4753962025432916
1988,48.64222009293345,0.7805809420887814,78.05809420887813,1.4718877919898965
1988,51.074331097580135,0.765779451927094,76.5779451927094,1.4674846670174462
1988,53.62804765245914,0.7502770747808434,75.02770747808434,1.4627593251453566
1988,56.3094500350821,0.7332175546294794,73.32175546294793,1.4574183453781757
1988,59.1249225368362,0.7207362420718634,72.07362420718634,1.4534127129570642
1988,62.08116866367802,0.707640358660788,70.7640358660788,1.4491167786358676
1988,65.18522709686192,0.6903426059875774,69.03426059875774,1.4432895602566167
1988,68.44448845170501,0.6728791263426475,67.28791263426474,1.437220484473532
1988,71.86671287429027,0.6571764957722359,65.7176495772236,1.4315945204764513
1988,75.4600485180048,0.6401135229756277,64.01135229756278,1.425289194744884
1988,79.23305094390504,0.622946970821695,62.294697082169506,1.4187316144840916
1988,83.1947034911003,0.5976977761511982,59.76977761511982,1.408667246723351
1988,87.35443866565532,0.5837042049766429,58.37042049766429,1.4028587271759159
1988,91.72216059893807,0.5696415808972044,56.96415808972044,1.3968440827505284
1988,96.30826862888499,0.5543808889180446,55.43808889180446,1.3901038165816144
1988,101.12368206032924,0.5352428763297,53.52428763297,1.381315870308256
1988,106.1798661633457,0.5166262131732227,51.66262131732226,1.3723816587766815
1988,111.488859471513,0.4980716976311401,49.80716976311401,1.363066405005111
1988,117.06330244508865,0.4816267483332355,48.16267483332355,1.3544383899594719
1988,122.91646756734309,0.46656976242348075,46.65697624234807,1.3462071123445418
1988,129.06229094571026,0.4469690953724196,44.69690953724196,1.334975898352483
1988,135.51540549299577,0.43047580904109684,43.04758090410969,1.3250320770096162
1988,142.29117576764557,0.4126498016455307,41.26498016455307,1.3137274861164787
1988,149.40573455602785,0.39684704436303875,39.684704436303875,1.303175172846536
1988,156.87602128382923,0.3822319970445357,38.22319970445357,1.2929290185706044
1988,164.71982234802073,0.36885644936868384,36.88564493686838,1.2831043906943527
1988,172.95581346542178,0.34672844599890207,34.672844599890205,1.2658080260234024
1988,181.60360413869287,0.3327728539220324,33.27728539220324,1.2541548690328463
1988,190.68378434562752,0.3175604989762907,31.75604989762907,1.2407144630683145
1988,200.2179735629089,0.30245862867836193,30.245862867836195,1.2265244174676202
1988,210.22887224105432,0.2864728811979298,28.64728811979298,1.2104692913360324
1988,220.7403158531071,0.2744887495554719,27.448874955547193,1.1976504146410818
1988,231.77733164576242,0.2616172880852665,26.161728808526654,1.1830446125893277
1988,243.36619822805056,0.2496814934762268,24.96814934762268,1.1686360466348777
1988,255.5345081394531,0.23442425414231113,23.442425414231113,1.1488450412220024
1988,268.3112335464258,0.22421823480059247,22.421823480059246,1.1346338988226048
1988,281.72679522374705,0.21289701104501213,21.289701104501212,1.1178341720590161
1988,295.81313498493444,0.20222143195008857,20.222143195008858,1.1008691406586792
1988,310.6037917341812,0.19347588154664697,19.347588154664695,1.0860563816552735
1988,326.13398132089026,0.18284173419465324,18.284173419465326,1.0667898999621495
1988,342.4406803869348,0.17142728901748075,17.142728901748075,1.0443581637542954
1988,359.56271440628154,0.16364847928240223,16.364847928240223,1.02788062614916
1988,377.5408501265956,0.1543194318326986,15.431943183269862,1.0066576571206571
1988,396.41789263292543,0.1473174672775547,14.731746727755471,0.9895429803985317
1988,416.23878726457167,0.13744635452451895,13.744635452451895,0.9634218440336018
1988,437.0507266278003,0.12994375640897274,12.994375640897275,0.9417700089479017
1988,458.90326295919033,0.12351147831911419,12.351147831911419,0.9217752645354106
1988,481.8484261071499,0.11696871558144273,11.696871558144274,0.899885465491784
1988,505.9408474125074,0.1092416955250265,10.924169552502649,0.8717023720762781
1988,531.2378897831328,0.10348268325777794,10.348268325777795,0.8487906859374066
1988,557.7997842722895,0.09679836206509618,9.679836206509618,0.8197996464204327
1988,585.689773485904,0.09139842490323961,9.13984249032396,0.794187797416578
1988,614.9742621601991,0.08709988157426812,8.709988157426812,0.7721757270124087
1988,645.7229752682092,0.08072975109880434,8.072975109880435,0.7364566757762883
1988,678.0091240316196,0.07573032078526963,7.573032078526963,0.7053689525236152
1988,711.9095802332006,0.07127986106555538,7.127986106555538,0.674997843750953
1988,747.5050592448607,0.06694679128414234,6.694679128414234,0.6425447269325801
1988,784.8803122071038,0.06197498213256086,6.197498213256086,0.6011117659985106
1988,824.124327817459,0.05863972682670828,5.863972682670828,0.5703167880793677
1988,865.3305442083321,0.05300500978824927,5.300500978824927,0.5115061963624297
1988,908.5970714187486,0.050063356040230225,5.006335604023023,0.47667149399293324
1988,954.026924989686,0.04705610203257225,4.705610203257225,0.437451677530473
1988,1001.7282712391705,0.043631077950371674,4.363107795037167,0.38742645241756973
1988,1051.814684801129,0.04036487554940217,4.0364875549402175,0.3331631223345237
1988,1104.4054190411855,0.037606211999323284,3.7606211999323285,0.2810985660306077
1988,1159.6256899932448,0.03474742173716393,3.474742173716393,0.21955333952987768
1988,1217.6069744929073,0.03193351586317857,3.193351586317857,0.1493428716151399
1988,1278.4873232175526,0.029057462374798452,2.9057462374798453,0.06456061872543085
1988,1342.4116893784303,0.026820148256586785,2.6820148256586784,-0.013522708394259187
1988,1409.5322738473517,0.0246139079455725,2.46139079455725,-0.10455355930401466
1988,1480.0088875397196,0.022431836151267294,2.2431836151267293,-0.21332180101612688
1988,1554.0093319167054,0.020591576236133315,2.0591576236133315,-0.3253188969679785
1988,1631.7097985125408,0.019224328719448406,1.9224328719448407,-0.425272733188738
1988,1713.295288438168,0.01661758156011228,1.6617581560112278,-0.6775176169966751
1988,1798.9600528600765,0.015191639074276756,1.5191639074276757,-0.8718908513492231
1988,1888.9080555030803,0.013900349752963233,1.3900349752963232,-1.1106983044772594
1988,1983.3534582782343,0.012826577082031398,1.2826577082031398,-1.3905664339950328
1988,2082.521131192146,0.011234907624476492,1.1234907624476491,-2.150374088930932
1988,2186.6471877517533,0.010140419082079735,1.0140419082079735,-4.272689196047864
1988,2295.9795471393413,0.009077004346880363,0.9077004346880363,
1988,2410.778524496309,0.00818622187388868,0.818622187388868,
1988,2531.3174507211243,0.006963985457458232,0.6963985457458232,
1988,2657.8833232571806,0.006397751637417007,0.6397751637417007,
1988,2790.7774894200397,0.005638169683703169,0.5638169683703169,
1988,2930.3163638910414,0.0051030096708593285,0.5103009670859329,
1988,3076.832182085594,0.004602376110457026,0.46023761104570265,
1988,3230.673791189874,0.004150079583472878,0.41500795834728776,
1988,3392.2074807493673,0.0036356354420939603,0.363563544209396,
1988,3561.8178547868365,0.00324548652950458,0.324548652950458,
1988,3739.908747526178,0.0029071272955775067,0.2907127295577507,
1988,3926.904184902487,0.0025860312878712025,0.2586031287871203,
1988,4123.249394147611,0.0023857778637102816,0.23857778637102817,
1988,4329.411863854993,0.002050871275027362,0.20508712750273622,
1988,4545.882457047742,0.001909312820017056,0.19093128200170562,
1988,4773.17657990013,0.001657269717193828,0.1657269717193828,
1988,5011.835408895136,0.0013948686786381386,0.13948686786381387,
1988,5262.427179339893,0.001318910483266755,0.1318910483266755,
1988,5525.548538306888,0.0011773520282564486,0.11773520282564486,
1988,5801.825965222233,0.0009874565398279892,0.09874565398279893,
1988,6091.917263483344,0.0008562560205501445,0.08562560205501445,
1988,6396.513126657513,0.0007872031156670684,0.07872031156670684,
1988,6716.338782990388,0.0006870764035866079,0.0687076403586608,
1988,7052.155722139908,0.0006249287891918393,0.06249287891918393,
1988,7404.763508246904,0.0005489705938204556,0.05489705938204555,
1988,7775.0016836592495,0.0004419385912516875,0.044193859125168745,
1988,8163.751767842212,0.0004108647840543032,0.04108647840543032,
1988,8571.939356234323,0.0003349065886829194,0.03349065886829194,
1988,9000.53632404604,0.0003176433624621504,0.03176433624621504,
1988,9450.563140248341,0.0002658536837998432,0.026585368379984323,
1988,9923.09129726076,0.00023823252184661278,0.02382325218466128,
1988,10419.245862123798,0.00020025342416092089,0.02002534241609209,
1988,10940.208155229988,0.00017608490745184423,0.017608490745184422,
1988,11487.218562991487,0.0001657269717193828,0.01657269717193828,
1988,12061.579491141063,0.0001657269717193828,0.01657269717193828,
1988,12664.658465698116,0.00014846374549861376,0.014846374549861376,
1988,13297.891388983024,0.00013465316452199852,0.013465316452199852,
1988,13962.785958432176,9.322142159215282e-05,0.009322142159215282,
1988,14660.925256353785,7.94108406155376e-05,0.00794108406155376,
1988,15393.971519171473,5.8694969150614745e-05,0.005869496915061475,
1988,16163.670095130048,5.1789678662307126e-05,0.005178967866230713,
1988,16971.853599886552,4.14317429298457e-05,0.00414317429298457,
1988,17820.446279880878,3.4526452441538086e-05,0.0034526452441538086,
1988,18711.468593874924,3.4526452441538086e-05,0.0034526452441538086,
1988,19647.042023568672,3.4526452441538086e-05,0.0034526452441538086,
1988,20629.394124747105,3.107380719738428e-05,0.0031073807197384276,
1988,21660.86383098446,1.7263226220769043e-05,0.0017263226220769043,
1988,22743.907022533687,1.7263226220769043e-05,0.0017263226220769043,
1988,23881.102373660375,1.7263226220769043e-05,0.0017263226220769043,
1988,25075.15749234339,1.0357935732461425e-05,0.0010357935732461425,
1988,26328.91536696056,1.0357935732461425e-05,0.0010357935732461425,
1988,27645.36113530859,1.0357935732461425e-05,0.0010357935732461425,
1988,29027.629192074022,1.0357935732461425e-05,0.0010357935732461425,
1988,30479.010651677723,1.0357935732461425e-05,0.0010357935732461425,
1988,32002.961184261614,1.0357935732461425e-05,0.0010357935732461425,
1988,33603.1092434747,1.0357935732461425e-05,0.0010357935732461425,
1988,35283.26470564843,1.0357935732461425e-05,0.0010357935732461425,
1988,37047.42794093085,1.0357935732461425e-05,0.0010357935732461425,
1989,1.249695507469442,0.9995597351366582,99.95597351366582,1.5270839978839883
1989,1.312180282842914,0.9995509298393914,99.95509298393914,1.5270820848026132
1989,1.3777892969850598,0.9995509298393914,99.95509298393914,1.5270820848026132
1989,1.4466787618343129,0.9995509298393914,99.95509298393914,1.5270820848026132
1989,1.5190126999260287,0.9995509298393914,99.95509298393914,1.5270820848026132
1989,1.5949633349223302,0.9995509298393914,99.95509298393914,1.5270820848026132
1989,1.6747115016684468,0.9995509298393914,99.95509298393914,1.5270820848026132
1989,1.7584470767518692,0.9995509298393914,99.95509298393914,1.5270820848026132
1989,1.8463694305894627,0.9995509298393914,99.95509298393914,1.5270820848026132
1989,1.938687902118936,0.9995509298393914,99.95509298393914,1.5270820848026132
1989,2.035622297224883,0.9995509298393914,99.95509298393914,1.5270820848026132
1989,2.137403412086127,0.9995421245421245,99.95421245421245,1.5270801717007252
1989,2.2442735826904334,0.9995333192448577,99.95333192448577,1.5270782585783238
1989,2.3564872618249555,0.9995333192448577,99.95333192448577,1.5270782585783238
1989,2.4743116249162034,0.9995245139475909,99.9524513947591,1.5270763454354088
1989,2.5980272061620138,0.9995245139475909,99.9524513947591,1.5270763454354088
1989,2.727928566470114,0.9995245139475909,99.9524513947591,1.5270763454354088
1989,2.8643249947936202,0.9995245139475909,99.9524513947591,1.5270763454354088
1989,3.007541244533301,0.9995245139475909,99.9524513947591,1.5270763454354088
1989,3.1579183067599668,0.999515708650324,99.95157086503241,1.5270744322719798
1989,3.3158142220979645,0.9994980980557904,99.94980980557904,1.5270706058835781
1989,3.4816049332028634,0.9994980980557904,99.94980980557904,1.5270706058835781
1989,3.655685179863007,0.9994892927585235,99.94892927585235,1.5270686926586043
1989,3.838469438856157,0.9994892927585235,99.94892927585235,1.5270686926586043
1989,4.030392910798965,0.9994892927585235,99.94892927585235,1.5270686926586043
1989,4.231912556338914,0.9994804874612567,99.94804874612568,1.527066779413115
1989,4.443508184155859,0.9994804874612567,99.94804874612568,1.527066779413115
1989,4.665683593363653,0.9994540715694562,99.94540715694562,1.527061039553549
1989,4.898967773031836,0.9994540715694562,99.94540715694562,1.527061039553549
1989,5.143916161683428,0.9994188503803888,99.94188503803888,1.5270533861202165
1989,5.4011119697676,0.9994188503803888,99.94188503803888,1.5270533861202165
1989,5.671167568255979,0.9993924344885884,99.93924344885883,1.52704764582977
1989,5.954725946668779,0.9993660185967879,99.93660185967879,1.5270419053546416
1989,6.252462244002217,0.999357213299521,99.9357213299521,1.52703999182189
1989,6.565085356202329,0.9993396027049873,99.93396027049873,1.5270361646948207
1989,6.893339624012445,0.9993219921104537,99.93219921104537,1.5270323374856611
1989,7.238006605213068,0.9993043815159199,99.930438151592,1.5270285101944077
1989,7.599906935473721,0.9992603550295858,99.92603550295857,1.527018941607093
1989,7.979902282247409,0.9992603550295858,99.92603550295857,1.527018941607093
1989,8.378897396359779,0.999198717948718,99.9198717948718,1.5270055447227369
1989,8.797842266177769,0.999198717948718,99.9198717948718,1.5270055447227369
1989,9.237734379486657,0.9991194702733164,99.91194702733164,1.5269883186790183
1989,9.69962109846099,0.9991018596787827,99.91018596787828,1.5269844904434524
1989,10.184602153384041,0.9990138067061144,99.90138067061145,1.5269653480335401
1989,10.693832261053243,0.9990050014088475,99.90050014088474,1.526963433679598
1989,11.228523874105905,0.9989169484361792,99.89169484361791,1.5269442890105147
1989,11.789950067811201,0.9987936742744435,99.87936742744435,1.5269174830226149
1989,12.379447571201762,0.9986527895181742,99.86527895181742,1.5268868426763036
1989,12.99841994976185,0.9986175683291068,99.86175683291067,1.5268791817676124
1989,13.648340947249944,0.9983181882220343,99.83181882220343,1.5268140507618508
1989,14.330757994612442,0.998230135249366,99.8230135249366,1.5267948900590025
1989,15.047295894343065,0.9979923922231615,99.79923922231615,1.5267431458833858
1989,15.799660689060218,0.9979835869258946,99.79835869258946,1.5267412291442946
1989,16.58964372351323,0.9975609326570865,99.75609326570864,1.5266492014517161
1989,17.41912590968889,0.9974464637926176,99.74464637926175,1.5266242691168883
1989,18.290082205173338,0.9970150042265427,99.70150042265426,1.5265302620783285
1989,19.204586315432007,0.9968124823894055,99.68124823894054,1.5264861192462453
1989,20.164815631203602,0.9960640321217245,99.60640321217244,1.5263228879154227
1989,21.17305641276379,0.996028810932657,99.60288109326571,1.5263152027628282
1989,22.231709233401975,0.9957822626091857,99.57822626091857,1.5262613974299666
1989,23.34329469507208,0.9953331924485771,99.53331924485771,1.5261633531762602
1989,24.510459429825683,0.9948136799098337,99.48136799098337,1.5260498622260124
1989,25.735982401316967,0.9945671315863623,99.45671315863623,1.5259959768653946
1989,27.022781521382814,0.9934400535362073,99.34400535362073,1.525749436527558
1989,28.373920597451956,0.9932903634826712,99.32903634826712,1.525716667273612
1989,29.79261662732456,0.9930173992673993,99.30173992673993,1.525656896094372
1989,31.282247458690787,0.9923746125669203,99.23746125669203,1.5255160655582887
1989,32.84635983162533,0.991370808678501,99.1370808678501,1.5252959161291295
1989,34.488677823206594,0.9906487743026204,99.06487743026204,1.5251373951410236
1989,36.213111714366924,0.9901820935474782,99.01820935474782,1.525034861587197
1989,38.023767300085275,0.9898386869540716,98.98386869540717,1.5249593747815788
1989,39.92495566508954,0.9881392645815723,98.81392645815723,1.524585341916696
1989,41.921203448344016,0.987082628909552,98.7082628909552,1.5243523874736324
1989,44.01726362076123,0.9866335587489433,98.66335587489434,1.5242532898621892
1989,46.21812680179928,0.9851630741053818,98.51630741053819,1.5239284089459633
1989,48.52903314188926,0.9835340941110172,98.35340941110172,1.5235678207311487
1989,50.95548479898371,0.9822925471963934,98.22925471963934,1.5232925052344428
1989,53.50325903893291,0.980117638771485,98.0117638771485,1.5228091919012343
1989,56.178421990879556,0.9795893209354748,97.95893209354747,1.522691590620503
1989,58.98734309042353,0.9781276415891801,97.81276415891801,1.5223658240882092
1989,61.93671024494471,0.9761640602986756,97.61640602986756,1.5219272633076524
1989,65.03354575719194,0.9740243730628346,97.40243730628346,1.5214481443972152
1989,68.28522304505155,0.9712947309101155,97.12947309101155,1.520835057923325
1989,71.69948419730413,0.9698066356720203,96.98066356720203,1.5204999419829728
1989,75.28445840716934,0.9687588052972669,96.87588052972669,1.520263596589719
1989,79.04868132752782,0.9684682304874612,96.84682304874612,1.5201980002520696
1989,83.0011153939042,0.9605610735418427,96.05610735418428,1.5184037214618593
1989,87.15117116359943,0.9596717385178923,95.96717385178923,1.5182007891306983
1989,91.50872972177939,0.9567219639335024,95.67219639335023,1.5175260518338185
1989,96.08416620786836,0.9536753310791772,95.36753310791772,1.5168264909804758
1989,100.88837451826178,0.9497569737954353,94.97569737954353,1.5159227498216277
1989,105.93279324417489,0.9489997182304875,94.89997182304874,1.5157475698995624
1989,111.22943290638364,0.9450285291631445,94.50285291631445,1.5148260939183733
1989,116.79090455170282,0.9416032685263455,94.16032685263454,1.5140274931284636
1989,122.63044977928796,0.9368924344885884,93.68924344885883,1.5129233523292966
1989,128.76197226825238,0.9339338546069316,93.39338546069315,1.512226441435257
1989,135.200070881665,0.9281839954916878,92.81839954916879,1.510864289438433
1989,141.96007442574825,0.9244505494505495,92.44505494505495,1.5099743019017253
1989,149.05807814703567,0.9224253310791772,92.24253310791772,1.5094896878086659
1989,156.51098205438745,0.9201623696816005,92.01623696816004,1.508946645002619
1989,164.33653115710683,0.9073682727528881,90.73682727528882,1.505845456973553
1989,172.55335771496217,0.9039606227106227,90.39606227106228,1.5050104519006995
1989,181.1810256007103,0.8990912933220625,89.90912933220625,1.5038105803349164
1989,190.24007688074585,0.8963704564666103,89.63704564666102,1.5031366634052408
1989,199.7520807247831,0.8789007466892083,87.89007466892083,1.4987492009289936
1989,209.7396847610223,0.8767786700479008,87.67786700479007,1.498208988157736
1989,220.2266689990734,0.8689243448858833,86.89243448858834,1.4961955203502368
1989,231.23800244902708,0.8632185122569738,86.32185122569737,1.4947188006954932
1989,242.79990257147847,0.8523615807269653,85.23615807269653,1.4918756426317725
1989,254.93989770005237,0.8423235418427726,84.23235418427726,1.4892071814317047
1989,267.68689258505503,0.8312816990701606,83.12816990701606,1.4862264869993365
1989,281.0712372143078,0.826007326007326,82.6007326007326,1.4847855103055205
1989,295.1247990750232,0.8134773879966187,81.34773879966187,1.4813165533986798
1989,309.88103902877435,0.8049714708368555,80.49714708368555,1.4789240752843742
1989,325.3750909802131,0.7887697238658777,78.87697238658777,1.4742799009042984
1989,341.64384552922377,0.7688873626373627,76.88873626373626,1.468417839396532
1989,358.72603780568494,0.7619575936883629,76.19575936883629,1.466330717192425
1989,376.6623396959692,0.7571058748943365,75.71058748943365,1.4648555130204177
1989,395.49545668076775,0.7512591575091575,75.12591575091575,1.463062231395361
1989,415.2702295148061,0.7115384615384616,71.15384615384616,1.4504056925993785
1989,436.03374099054645,0.7055596646942801,70.55596646942801,1.4484251999078424
1989,457.8354280400738,0.696992110453649,69.69921104536489,1.445550752844679
1989,480.7271994420775,0.6804733727810651,68.04733727810651,1.4398833731941207
1989,504.7635594141814,0.6544713299520992,65.44713299520993,1.430608495868636
1989,530.0017373848905,0.647884967596506,64.7884967596506,1.4281865192408327
1989,556.501824254135,0.6342367568329107,63.42367568329107,1.423069110635936
1989,584.3269154668418,0.6213105804451958,62.131058044519584,1.4180948221352996
1989,613.5432612401838,0.6040257819103972,60.40257819103972,1.4112385979799502
1989,644.2204243021931,0.5888982812059735,58.88982812059736,1.40503475245798
1989,676.4314455173028,0.5627465483234714,56.27465483234714,1.3938269828530228
1989,710.2530177931679,0.5525940405748098,55.25940405748098,1.3892994750134569
1989,745.7656686828263,0.542450338123415,54.245033812341504,1.384670905428702
1989,783.0539521169678,0.5349306142575373,53.49306142575373,1.3811692382142422
1989,822.2066497228162,0.5007924767540152,50.07924767540152,1.3644593795670383
1989,863.316982208957,0.4937658495350803,49.37658495350803,1.3608422679736738
1989,906.4828313194049,0.485797055508594,48.5797055508594,1.3566610656813445
1989,951.8069728853753,0.4758822907861369,47.58822907861369,1.35133676298688
1989,999.3973215296439,0.43756163708086787,43.75616370808679,1.3293621684173376
1989,1049.3671876061262,0.4305526204564666,43.05526204564666,1.3250794983533982
1989,1101.8355469864325,0.41510812905043676,41.51081290504368,1.315322911723956
1989,1156.9273243357543,0.40411911806142575,40.41191180614258,1.3080961938713882
1989,1214.7736905525421,0.38349711186249646,38.34971118624965,1.2938355364526215
1989,1275.5123750801692,0.3710904480135249,37.10904480135249,1.2847766565866199
1989,1339.2879938341778,0.35567237249929556,35.567237249929555,1.2729646512148833
1989,1406.2523935258866,0.3445424767540152,34.454247675401525,1.2640228487505831
1989,1476.5650132021813,0.33721646942800787,33.72164694280079,1.257932433375189
1989,1550.39326386229,0.32897471118624966,32.89747111862496,1.2508742686303438
1989,1627.9129270554047,0.3009034234995773,30.090342349957734,1.2250112171686036
1989,1709.308573408175,0.2951711749788673,29.51711749788673,1.2193451468662204
1989,1794.7740020785839,0.2861545505776275,28.615455057762752,1.2101378488766212
1989,1884.5127021825133,0.2791015074668921,27.91015074668921,1.2026690894703824
1989,1978.738337291639,0.27100943927867005,27.100943927867004,1.193791720096652
1989,2077.675254156221,0.24737602141448295,24.737602141448296,1.165748819532875
1989,2181.5590168640324,0.23798957452803607,23.798957452803606,1.1536185768393068
1989,2290.636967707234,0.23083967314736545,23.083967314736544,1.1439483421710726
1989,2405.1688160925955,0.21142399267399267,21.142399267399266,1.115561328157405
1989,2525.4272568972256,0.20835094392786702,20.8350943927867,1.1107512443032865
1989,2651.698619742087,0.20045259227951537,20.045259227951536,1.0979429574862132
1989,2784.2835507291916,0.19243977176669486,19.243977176669485,1.0842422449965934
1989,2923.497728265651,0.18402190757959988,18.40219075795999,1.0690014224292335
1989,3069.6726146789338,0.1742920540997464,17.429205409974642,1.0501736075707417
1989,3223.1562454128803,0.15854818258664413,15.854818258664412,1.0164883831298654
1989,3384.314057683525,0.15476190476190477,15.476190476190476,1.007703415244871
1989,3553.529760567701,0.15071146801916033,15.071146801916033,0.9979747164369199
1989,3731.2062485960864,0.14455656522964216,14.455656522964217,0.9824850537304363
1989,3917.766561025891,0.14209108199492815,14.209108199492814,0.9760239189213955
1989,4113.6548890771855,0.12202380952380952,12.202380952380953,0.9169429562212837
1989,4319.337633531045,0.11887151310228233,11.887151310228234,0.9064254677699378
1989,4535.304515207597,0.11527014652014653,11.527014652014653,0.8939197084050808
1989,4762.069740967978,0.11315687517610594,11.315687517610593,0.8863221416867901
1989,5000.173228016377,0.10128733446041138,10.128733446041139,0.8395722144759311
1989,5250.1818894171965,0.09849605522682446,9.849605522682445,0.8274295312363628
1989,5512.690983888056,0.09163672865595943,9.163672865595943,0.7953639395700507
1989,5788.325533082459,0.08767434488588335,8.767434488588336,0.7752082642169235
1989,6077.741809736582,0.0793093124823894,7.93093124823894,0.7279207420485782
1989,6381.628900223411,0.07427268244575937,7.427268244575937,0.6957229232457809
1989,6700.710345234582,0.07065370526908989,7.065370526908989,0.670495282638355
1989,7035.745862496312,0.06805614257537335,6.805614257537335,0.651151527597374
1989,7387.533155621128,0.06539694280078895,6.539694280078895,0.6301490288233328
1989,7756.909813402184,0.06379437869822485,6.379437869822485,0.6168491116693351
1989,8144.755304072293,0.051264440687517614,5.126444068751761,0.49128326256428384
1989,8551.99306927591,0.04982037193575655,4.982037193575655,0.4736462882026504
1989,8979.592722739704,0.04798887010425472,4.798887010425472,0.4500458015085536
1989,9428.57235887669,0.046060510002817696,4.60605100028177,0.4235478742268753
1989,9900.000976820525,0.04389440687517611,4.389440687517611,0.3915026267105024
1989,10395.001025661553,0.0389634404057481,3.8963440405748098,0.307513146390335
1989,10914.75107694463,0.03676211608903917,3.676211608903917,0.2638114996609634
1989,11460.488630791862,0.03486897717666949,3.486897717666949,0.2223531868908354
1989,12033.513062331454,0.029964426599041985,2.9964426599041984,0.09296726007628982
1989,12635.188715448028,0.029532967032967032,2.953296703296703,0.07966301060544027
1989,13266.948151220431,0.025940405748098055,2.5940405748098057,-0.04791298506087466
1989,13930.295558781452,0.024355452240067625,2.4355452240067623,-0.11634210118887321
1989,14626.810336720526,0.02330762186531417,2.330762186531417,-0.16700505622902462
1989,15358.150853556554,0.022682445759368838,2.2682445759368837,-0.19966360325787058
1989,16126.058396234383,0.018191744153282615,1.8191744153282614,-0.5135246291038112
1989,16932.361316046103,0.01755776275007044,1.755776275007044,-0.5746336010359007
1989,17778.979381848407,0.01692378134685827,1.692378134685827,-0.6421979772279307
1989,18667.928350940827,0.015699845026768102,1.5699845026768102,-0.7961421665017321
1989,19601.32476848787,0.015021837137221753,1.5021837137221752,-0.8991390205610912
1989,20581.39100691227,0.012045646661031277,1.2045646661031277,-1.6813731688983624
1989,21610.46055725788,0.011121090448013526,1.1121090448013526,-2.24188279991307
1989,22690.983585120775,0.010583967314736546,1.0583967314736547,-2.8690071927598617
1989,23825.532764376814,0.010399056072132996,1.0399056072132995,-3.240867203884416
1989,25016.809402595653,0.008514722457030149,0.8514722457030148,
1989,26267.64987272544,0.008171315863623557,0.8171315863623556,
1989,27581.03236636171,0.007458086785009862,0.7458086785009862,
1989,28960.0839846798,0.006894547759932376,0.6894547759932376,
1989,30408.08818391379,0.006322203437588053,0.6322203437588053,
1989,31928.492593109484,0.0052039306846999155,0.5203930684699916,
1989,33524.917222764954,0.00507185122569738,0.5071851225697379,
1989,35201.16308390321,0.004930966469428008,0.4930966469428008,
1989,36961.22123809837,0.0046403916596224285,0.46403916596224287,
1989,38809.28230000329,0.004561143984220907,0.4561143984220907,
1989,40749.74641500346,0.003134685826993519,0.3134685826993519,
1989,42787.23373575362,0.0030202169625246546,0.30202169625246544,
1989,44926.59542254131,0.002984995773457312,0.2984995773457312,
1989,47172.92519366838,0.00290574809805579,0.29057480980557904,
1989,49531.5714533518,0.002333403775711468,0.2333403775711468,
1989,52008.15002601939,0.0021572978303747536,0.21572978303747536,
1989,54608.557527320365,0.0019899971823048746,0.19899971823048745,
1989,57338.98540368638,0.0018138912369681601,0.181389123696816,
1989,60205.9346738707,0.001523316427162581,0.1523316427162581,
1989,63216.23140756425,0.0014792899408284023,0.14792899408284024,
1989,66377.04297794246,0.0013031839954916879,0.1303183995491688,
1989,69695.89512683959,0.0012591575091575092,0.1259157509157509,
1989,73180.68988318158,0.001162299239222316,0.11622992392223161,
1989,76839.72437734065,0.0011094674556213018,0.11094674556213018,
1989,80681.71059620769,0.0007836714567483798,0.07836714567483798,
1989,84715.79612601807,0.0007748661594815441,0.07748661594815441,
1989,88951.58593231898,0.000748450267681037,0.0748450267681037,
1989,93399.16522893493,0.0007220343758805297,0.07220343758805298,
1989,98069.12349038168,0.0006603972950126796,0.06603972950126796,
1989,102972.57966490078,0.000616370808678501,0.0616370808678501,
1989,108121.20864814582,0.0005635390250774866,0.05635390250774866,
1989,113527.26908055312,0.0005283178360101438,0.05283178360101438,
1989,119203.63253458077,0.000519512538743308,0.0519512538743308,
1989,125163.81416130983,0.0003698224852071006,0.03698224852071006,
1989,131422.00486937532,0.0003522118906734291,0.03522118906734291,
1989,137993.1051128441,0.00032579599887292196,0.0325795998872922,
1989,144892.7603684863,0.0002817695125387433,0.02817695125387433,
1989,152137.39838691062,0.00027296421527190756,0.027296421527190754,
1989,159744.26830625616,0.00017610594533671456,0.017610594533671454,
1989,167731.48172156897,0.00017610594533671456,0.017610594533671454,
1989,176118.0558076474,0.00016730064806987885,0.016730064806987886,
1989,184923.9585980298,0.00016730064806987885,0.016730064806987886,
1989,194170.1565279313,0.00016730064806987885,0.016730064806987886,
1989,203878.66435432786,0.0001232741617357002,0.01232741617357002,
1989,214072.5975720443,0.00011446886446886447,0.011446886446886446,
1989,224776.2274506465,0.00011446886446886447,0.011446886446886446,
1989,236015.03882317882,0.00011446886446886447,0.011446886446886446,
1989,247815.79076433778,7.924767540152156e-05,0.007924767540152155,
1989,260206.58030255468,7.924767540152156e-05,0.007924767540152155,
1989,273216.90931768244,6.16370808678501e-05,0.00616370808678501,
1989,286877.7547835666,4.402648633417864e-05,0.004402648633417864,
1989,301221.6425227449,4.402648633417864e-05,0.004402648633417864,
1989,316282.72464888217,4.402648633417864e-05,0.004402648633417864,
1989,332096.8608813263,4.402648633417864e-05,0.004402648633417864,
1989,348701.70392539265,4.402648633417864e-05,0.004402648633417864,
1989,366136.78912166227,4.402648633417864e-05,0.004402648633417864,
1989,384443.6285777454,4.402648633417864e-05,0.004402648633417864,
1989,403665.8100066327,1.7610594533671456e-05,0.0017610594533671456,
1989,423849.1005069644,1.7610594533671456e-05,0.0017610594533671456,
1989,445041.5555323126,1.7610594533671456e-05,0.0017610594533671456,
1989,467293.6333089282,1.7610594533671456e-05,0.0017610594533671456,
1989,490658.31497437466,8.805297266835728e-06,0.0008805297266835728,
1990,0.6988011217925096,0.9983072073239193,99.83072073239192,1.5268116613838065
1990,0.7337411778821351,0.9982985706265924,99.82985706265924,1.5268097820674194
1990,0.770428236776242,0.9982985706265924,99.82985706265924,1.5268097820674194
1990,0.808949648615054,0.9982985706265924,99.82985706265924,1.5268097820674194
1990,0.8493971310458068,0.9982985706265924,99.82985706265924,1.5268097820674194
1990,0.8918669875980972,0.9982985706265924,99.82985706265924,1.5268097820674194
1990,0.9364603369780021,0.9982985706265924,99.82985706265924,1.5268097820674194
1990,0.9832833538269022,0.9982985706265924,99.82985706265924,1.5268097820674194
1990,1.0324475215182474,0.9982985706265924,99.82985706265924,1.5268097820674194
1990,1.0840698975941598,0.9982985706265924,99.82985706265924,1.5268097820674194
1990,1.1382733924738677,0.9982985706265924,99.82985706265924,1.5268097820674194
1990,1.1951870620975613,0.9982985706265924,99.82985706265924,1.5268097820674194
1990,1.2549464152024394,0.9982985706265924,99.82985706265924,1.5268097820674194
1990,1.3176937359625613,0.9982985706265924,99.82985706265924,1.5268097820674194
1990,1.3835784227606895,0.9982985706265924,99.82985706265924,1.5268097820674194
1990,1.4527573438987242,0.9982985706265924,99.82985706265924,1.5268097820674194
1990,1.5253952110936602,0.9982985706265924,99.82985706265924,1.5268097820674194
1990,1.6016649716483435,0.9982985706265924,99.82985706265924,1.5268097820674194
1990,1.6817482202307605,0.9982985706265924,99.82985706265924,1.5268097820674194
1990,1.765835631242299,0.9982985706265924,99.82985706265924,1.5268097820674194
1990,1.8541274128044136,0.9982985706265924,99.82985706265924,1.5268097820674194
1990,1.9468337834446345,0.9982985706265924,99.82985706265924,1.5268097820674194
1990,2.0441754726168666,0.9982985706265924,99.82985706265924,1.5268097820674194
1990,2.1463842462477096,0.9982985706265924,99.82985706265924,1.5268097820674194
1990,2.2537034585600955,0.9982985706265924,99.82985706265924,1.5268097820674194
1990,2.3663886314881,0.9982985706265924,99.82985706265924,1.5268097820674194
1990,2.4847080630625054,0.9982985706265924,99.82985706265924,1.5268097820674194
1990,2.6089434662156306,0.9982985706265924,99.82985706265924,1.5268097820674194
1990,2.7393906395264125,0.9982985706265924,99.82985706265924,1.5268097820674194
1990,2.8763601715027334,0.9982899339292655,99.82899339292655,1.5268079027312413
1990,3.0201781800778704,0.9982726605346116,99.82726605346116,1.5268041439995117
1990,3.1711870890817635,0.9982726605346116,99.82726605346116,1.5268041439995117
1990,3.329746443535852,0.9982553871399577,99.82553871399577,1.5268003851886145
1990,3.4962337657126445,0.9982553871399577,99.82553871399577,1.5268003851886145
1990,3.671045453998277,0.9982467504426308,99.82467504426307,1.5267985057534772
1990,3.8545977266981915,0.9982467504426308,99.82467504426307,1.5267985057534772
1990,4.047327613033101,0.9982381137453038,99.82381137453038,1.5267966262985468
1990,4.2496939936847555,0.99822084035065,99.82208403506499,1.5267928673293056
1990,4.462178693368994,0.998212203653323,99.8212203653323,1.526790987814994
1990,4.685287628037444,0.9981949302586691,99.81949302586692,1.5267872287269864
1990,4.919552009439316,0.9981949302586691,99.81949302586692,1.5267872287269864
1990,5.165529609911282,0.9981949302586691,99.81949302586692,1.5267872287269864
1990,5.423806090406846,0.9981776568640152,99.81776568640151,1.5267834695597975
1990,5.694996394927189,0.9981776568640152,99.81776568640151,1.5267834695597975
1990,5.97974621467355,0.9981776568640152,99.81776568640151,1.5267834695597975
1990,6.278733525407226,0.9981603834693613,99.81603834693612,1.5267797103134242
1990,6.592670201677588,0.9981171999827266,99.81171999827266,1.5267703118510387
1990,6.922303711761468,0.9981171999827266,99.81171999827266,1.5267703118510387
1990,7.268418897349542,0.9980912898907458,99.80912898907458,1.5267646725360247
1990,7.631839842217019,0.9980826531934188,99.80826531934188,1.5267627927247538
1990,8.013431834327871,0.9980826531934188,99.80826531934188,1.5267627927247538
1990,8.414103426044266,0.9980135596148033,99.80135596148033,1.526747753521742
1990,8.834808597346477,0.9979962862201495,99.79962862201495,1.526743993522962
1990,9.276549027213802,0.9979617394308417,99.79617394308417,1.5267364732877489
1990,9.740376478574493,0.9979358293388608,99.79358293388609,1.5267308329033795
1990,10.227395302503217,0.9979271926415338,99.79271926415339,1.5267289527356431
1990,10.73876506762838,0.99790991924688,99.790991924688,1.5267251923407477
1990,11.275703321009798,0.9978062788789567,99.78062788789566,1.5267026283073877
1990,11.83948848706029,0.9977976421816297,99.77976421816297,1.5267007478425005
1990,12.431462911413304,0.9977371853003412,99.77371853003412,1.5266875840335032
1990,13.05303605698397,0.9976594550243987,99.76594550243986,1.526670657709462
1990,13.70568785983317,0.997607634840437,99.76076348404371,1.5266593726015827
1990,14.390972252824827,0.9975903614457832,99.75903614457832,1.5266556107403872
1990,15.11052086546607,0.9975126311698407,99.75126311698406,1.5266386813837538
1990,15.866046908739373,0.9975039944725137,99.75039944725137,1.5266368002450035
1990,16.659349254176345,0.9972880770393402,99.72880770393402,1.5265897653316967
1990,17.492316716885163,0.9972708036446862,99.72708036446862,1.526586002003141
1990,18.36693255272942,0.9971239797901282,99.71239797901282,1.5265540105064712
1990,19.28527918036589,0.9970376128168589,99.70376128168589,1.5265351893002899
1990,20.249543139384187,0.9968476054756661,99.68476054756661,1.5264937756599255
1990,21.2620202963534,0.9966748715291273,99.66748715291273,1.5264561185566512
1990,22.32512131117107,0.9964935008852615,99.64935008852615,1.5264165700469137
1990,23.44137737672962,0.9962862201494148,99.62862201494148,1.5263713610191576
1990,24.613446245566106,0.9960789394135683,99.60789394135683,1.5263261405399446
1990,25.84411855784441,0.9960357559269335,99.60357559269335,1.5263167181649042
1990,27.136324485736637,0.9955521008766248,99.55521008766249,1.5262111535771317
1990,28.493140710023464,0.9953189100487974,99.53189100487974,1.5261602340556488
1990,29.91779774552464,0.9951029926156237,99.51029926156238,1.5261130733997372
1990,31.413687632800876,0.9950079889450274,99.50079889450274,1.5260923187644904
1990,32.984372014440915,0.9939456751738135,99.39456751738135,1.5258600797719055
1990,34.633590615162966,0.993867944897871,99.3867944897871,1.5258430748115748
1990,36.365270145921116,0.9934879302154856,99.34879302154856,1.5257599161359228
1990,38.183533653217175,0.9933065595716198,99.33065595716198,1.5257202131148857
1990,40.09271033587804,0.9929438182838882,99.29438182838882,1.525640780588256
1990,42.097345852671936,0.9920456017618863,99.20456017618862,1.52544393837525
1990,44.202213145305535,0.9912855723971153,99.12855723971154,1.5252772100184089
1990,46.41232380257082,0.9905169063350175,99.05169063350175,1.5251084286393501
1990,48.732939992699364,0.9897396035755927,98.97396035755926,1.5249375885854357
1990,51.169586992334324,0.9895064127477653,98.95064127477653,1.5248863047097834
1990,53.72806634195105,0.9890573044867642,98.90573044867642,1.5247874942876691
1990,56.4144696590486,0.9873731485080105,98.73731485080106,1.5244164680305567
1990,59.23519314200104,0.9865181154726432,98.65181154726432,1.524227805785084
1990,62.19695279910109,0.9859135466597573,98.59135466597573,1.5240942880208566
1990,65.30680043905615,0.9834089044349441,98.34089044349442,1.5235400788654914
1990,68.57214046100896,0.9831670769097897,98.31670769097897,1.5234864780263744
1990,72.00074748405942,0.9811547264326121,98.11547264326121,1.5230398187602927
1990,75.60078485826239,0.980420607159822,98.0420607159822,1.5228765965315394
1990,79.3808241011755,0.9796346677030704,97.96346677030704,1.522701687646938
1990,83.34986530623428,0.9758690676685235,97.58690676685235,1.5218612846165125
1990,87.517358571546,0.9748758474759253,97.48758474759252,1.5216389600735765
1990,91.8932265001233,0.9738394437966922,97.38394437966922,1.5214066748279684
1990,96.48788782512948,0.9718270933195147,97.18270933195147,1.5209547929140699
1990,101.31228221638595,0.9685278749406228,96.85278749406227,1.5202114667535247
1990,106.37789632720526,0.9674914712613897,96.74914712613896,1.5199773240214747
1990,111.69679114356552,0.9629658418620719,96.29658418620718,1.5189513069455856
1990,117.2816307007438,0.9611780455153949,96.11780455153949,1.518544370289572
1990,123.145712235781,0.9577665500712528,95.77665500712527,1.5177652822479688
1990,129.30299784757005,0.9570583408904435,95.70583408904434,1.5176031234081275
1990,135.76814773994857,0.9507708252364296,95.07708252364296,1.5161570228951282
1990,142.556555126946,0.9472038692404025,94.72038692404024,1.5153314442096117
1990,149.6843828832933,0.9446042233449928,94.46042233449928,1.5147273586278651
1990,157.16860202745798,0.9430150710368355,94.30150710368355,1.5143570840618272
1990,165.02703212883088,0.9319169149717148,93.19169149717148,1.5117497931235084
1990,173.27838373527243,0.9301636654143456,93.01636654143456,1.5113344366454555
1990,181.94230292203605,0.926812626851492,92.6812626851492,1.510537888035287
1990,191.03941806813785,0.9229002029623872,92.29002029623872,1.5096034363216393
1990,200.59138897154477,0.9148248909616963,91.48248909616963,1.5076593246659176
1990,210.620958420122,0.9101697111024745,91.01697111024745,1.5065290523103885
1990,221.15200634112813,0.8999697715593558,89.99697715593558,1.504027636118218
1990,232.20960665818453,0.8947704797685365,89.47704797685365,1.5027392007260092
1990,243.82008699109377,0.885140562248996,88.51405622489959,1.5003284597969901
1990,256.0110913406485,0.8798549034849074,87.98549034849074,1.4989915788968253
1990,268.81164590768094,0.8716500410243123,87.16500410243123,1.4968967712950705
1990,282.252228203065,0.8578226886038779,85.78226886038779,1.493311278099496
1990,296.36483961321824,0.8516560867124412,85.16560867124412,1.4916893582898434
1990,311.18308159387914,0.8483050481495876,84.83050481495876,1.4908019341838137
1990,326.74223567357313,0.8246836809604008,82.46836809604008,1.4844221139256657
1990,343.0793474572518,0.8139223560910308,81.39223560910308,1.481440864534839
1990,360.2333148301144,0.8082739560392106,80.82739560392106,1.4798566420943722
1990,378.24498057162015,0.8008204862460595,80.08204862460595,1.477745220797836
1990,397.1572296002011,0.779384203480589,77.9384203480589,1.4715356172411194
1990,417.0150910802112,0.7676555685106016,76.76555685106015,1.4680485405563444
1990,437.86584563422184,0.7543636913244375,75.43636913244374,1.4640165726676684
1990,459.7591379159329,0.7485598307207324,74.85598307207324,1.46222849596303
1990,482.7470948117296,0.7428077903009889,74.28077903009888,1.460439456054887
1990,506.8844495523161,0.7117847735026126,71.17847735026126,1.45048684309149
1990,532.228672029932,0.7001425055058945,70.01425055058945,1.4466127714993393
1990,558.8401056314285,0.6840696117804551,68.4069611780455,1.4411315837454084
1990,586.782110913,0.6745001511422032,67.45001511422032,1.437792001226781
1990,616.12121645865,0.6671848685062832,66.71848685062832,1.4351992993444382
1990,646.9272772815825,0.6647752299520663,66.47752299520663,1.434337553626591
1990,679.2736411456617,0.6204171524808914,62.04171524808913,1.417746269668669
1990,713.2373232029448,0.6102431230297535,61.024312302975346,1.4137325541067938
1990,748.8991893630921,0.6016668825840998,60.166688258409984,1.4102840066795819
1990,786.3441488312467,0.5868722200630478,58.687222006304786,1.4041888013646355
1990,825.6613562728091,0.5659023189532323,56.59023189532323,1.3952135637510832
1990,866.9444240864495,0.5528609059895496,55.286090598954964,1.3894198094764316
1990,910.2916452907721,0.5465993004275165,54.65993004275165,1.3865770463199791
1990,955.8062275553108,0.5402167811029063,54.02167811029063,1.3836371870810045
1990,1003.5965389330763,0.5034417238847865,50.34417238847865,1.3658066311540533
1990,1053.7763658797303,0.491255343956471,49.1255343956471,1.3595342181917847
1990,1106.4651841737168,0.4749406227058773,47.494062270587726,1.3508238288230479
1990,1161.7884433824026,0.4666925767586475,46.66925767586475,1.3462755996574067
1990,1219.877865551523,0.44866778943731916,44.866778943731916,1.3359736544050476
1990,1280.8717588290992,0.44479854903484906,44.479854903484906,1.3336939991745016
1990,1344.9153467705542,0.4164874551971326,41.64874551971326,1.3162128388528016
1990,1412.1611141090818,0.4054238459213197,40.54238459213197,1.308967202175545
1990,1482.7691698145359,0.39423068618560264,39.423068618560265,1.3013765573211487
1990,1556.907628305263,0.38593945675173813,38.59394567517381,1.295574867476256
1990,1634.7530097205258,0.35113356652416117,35.113356652416115,1.2693620355527888
1990,1716.4906602065525,0.3463229261130544,34.63229261130544,1.2654779492190977
1990,1802.31519321688,0.33785896273265104,33.7858962732651,1.258473331973006
1990,1892.4309528777244,0.32961091678542126,32.961091678542125,1.2514271698013497
1990,1987.0525005216105,0.30737142116854516,30.737142116854514,1.2312392036200253
1990,2086.405125547691,0.29623008161678976,29.623008161678975,1.2204025032616839
1990,2190.725381825076,0.28022628146996587,28.02262814699659,1.2038764992606636
1990,2300.2616509163295,0.2719782355227361,27.197823552273608,1.1948726089580717
1990,2415.2747334621463,0.2664507492334931,26.64507492334931,1.1886371096768191
1990,2536.0384701352536,0.24733773804897008,24.73377380489701,1.1657005783095158
1990,2662.8403936420164,0.23518590490996244,23.518590490996242,1.1498727936761697
1990,2795.9824133241173,0.22432957636999612,22.43295763699961,1.1347935156591877
1990,2935.7815339903236,0.21352506801399146,21.352506801399144,1.1187969172956007
1990,3082.5706106898397,0.20786803126484432,20.786803126484433,1.1099867931144498
1990,3236.699141224332,0.20513019821220366,20.513019821220364,1.1056076962422572
1990,3398.5340982855487,0.17757049704193117,17.75704970419312,1.0566725181081955
1990,3568.460803199826,0.1715593557023794,17.15593557023794,1.0446291381481703
1990,3746.8838433598175,0.16696463272444617,16.696463272444618,1.0350322118630169
1990,3934.2280355278085,0.15685969685192383,15.685969685192383,1.012606464916976
1990,4130.9394373042,0.14558017014293734,14.558017014293734,0.98512321054902
1990,4337.48640916941,0.1374012177743231,13.740121777432309,0.9632965048655941
1990,4554.36072962788,0.13148508010536772,13.148508010536771,0.9463574800066268
1990,4782.0787661092745,0.12881634063134256,12.881634063134257,0.9383662960068383
1990,5021.1827044147385,0.11631903959925724,11.631903959925724,0.8976181448424322
1990,5272.241839635475,0.11036835514099408,11.036835514099408,0.8759845882569129
1990,5535.853931617249,0.10330353672755538,10.330353672755537,0.848048943961373
1990,5812.646628198113,0.09772423025435073,9.772423025435073,0.8239843905080718
1990,6103.278959608018,0.09395863021980394,9.395863021980395,0.8065961659328866
1990,6408.442907588419,0.09182536598004923,9.182536598004923,0.7962918109043927
1990,6728.86505296784,0.07838666493932721,7.83866649393272,0.722253807690469
1990,7065.308305616232,0.07546746124282075,7.546746124282075,0.7036500782483568
1990,7418.573720897045,0.07215960616660189,7.215960616660189,0.681224044112459
1990,7789.502406941897,0.0675735198859956,6.757351988599559,0.6474336040540417
1990,8178.977527288992,0.05920456017618862,5.9204560176188625,0.5757216611989929
1990,8587.926403653442,0.05734767025089606,5.734767025089606,0.5576407682425363
1990,9017.322723836116,0.05358207021634927,5.358207021634927,0.5179776320129806
1990,9468.188860027922,0.051863367448287775,5.186336744828777,0.49836488124540484
1990,9941.598303029317,0.045213110506542295,4.521311050654229,0.4113159632518607
1990,10438.678218180783,0.04384851232888543,4.384851232888543,0.39079516128311576
1990,10960.612129089823,0.04022109945156972,4.022109945156973,0.33060263481863145
1990,11508.642735544316,0.037699183832102606,3.7699183832102605,0.28296095967353885
1990,12084.074872321533,0.036282765470484084,3.6282765470484084,0.25367877387149723
1990,12688.278615937608,0.03347583883922788,3.347583883922788,0.1891638092272698
1990,13322.69254673449,0.02912294338644902,2.912294338644902,0.06666862871338973
1990,13988.827174071213,0.027844712182061578,2.784471218206158,0.02377315349303347
1990,14688.268532774775,0.025961912164788183,2.596191216478818,-0.04704396270562652
1990,15422.681959413514,0.02519324610269033,2.519324610269033,-0.07905310587023441
1990,16193.816057384192,0.024580040592477436,2.4580040592477435,-0.10608337398382664
1990,17003.5068602534,0.01883663687006089,1.8836636870060888,-0.4569394976224637
1990,17853.682203266075,0.017834779980135596,1.7834779980135596,-0.5472037061843997
1990,18746.36631342938,0.017290668048538238,1.7290668048538238,-0.6022433420503234
1990,19683.684629100848,0.015157403808783521,1.515740380878352,-0.8773007668892772
1990,20667.86886055589,0.014302370773416246,1.4302370773416246,-1.027668708184267
1990,21701.262303583684,0.012687308373278059,1.268730837327806,-1.4354129267455784
1990,22786.32541876287,0.01178045515394913,1.178045515394913,-1.8087628772792508
1990,23925.641689701013,0.011339983590275078,1.1339983590275078,-2.0734613925582237
1990,25121.923774186067,0.009474456967655568,0.9474456967655568,
1990,26378.01996289537,0.00852442026169193,0.852442026169193,
1990,27696.920961040138,0.007876667962171265,0.7876667962171265,
1990,29081.76700909215,0.007660750528997711,0.7660750528997711,
1990,30535.855359546757,0.007159822084035065,0.7159822084035065,
1990,32062.648127524095,0.00694390465086151,0.694390465086151,
1990,33665.7805339003,0.005130198212203653,0.5130198212203653,
1990,35349.06956059532,0.004914280779030099,0.4914280779030099,
1990,37116.52303862509,0.004611996372587123,0.46119963725871227,
1990,38972.34919055635,0.0039556073757395175,0.39556073757395177,
1990,40920.96665008416,0.0034028587468152177,0.34028587468152177,
1990,42967.01498258838,0.0032301248002763743,0.32301248002763744,
1990,45115.36573171779,0.003057390853737531,0.3057390853737531,
1990,47371.13401830368,0.002876020209871745,0.28760202098717447,
1990,49739.690719218874,0.0021591743317355442,0.2159174331735544,
1990,52226.67525517981,0.002046897266485296,0.20468972664852958,
1990,54838.009017938806,0.0018655266226195104,0.18655266226195102,
1990,57579.90946883576,0.0016150624001381871,0.16150624001381872,
1990,60458.90494227754,0.001511422032214881,0.1511422032214881,
1990,63481.85018939142,0.0014423284535993435,0.14423284535993436,
1990,66655.94269886099,0.0010364036792330613,0.10364036792330612,
1990,69988.73983380405,0.0009673101006175238,0.09673101006175239,
1990,73488.17682549426,0.0009154899166558708,0.09154899166558708,
1990,77162.58566676898,0.0008636697326942178,0.08636697326942178,
1990,81020.71495010743,0.0006477522995206633,0.06477522995206633,
1990,85071.7506976128,0.0006304789048667789,0.06304789048667789,
1990,89325.33823249344,0.0005959321155590102,0.05959321155590103,
1990,93791.60514411812,0.0005613853262512415,0.05613853262512415,
1990,98481.18540132402,0.000440471563674051,0.0440471563674051,
1990,103405.24467139025,0.0004231981690201667,0.042319816902016666,
1990,108575.50690495975,0.00039728807703934017,0.03972880770393401,
1990,114004.28225020773,0.00036274128773157145,0.036274128773157145,
1990,119704.49636271814,0.00036274128773157145,0.036274128773157145,
1990,125689.72118085405,0.00034546789307768707,0.03454678930776871,
1990,131974.20723989676,0.0002763743144621497,0.02763743144621497,
1990,138572.9176018916,0.0002677376171352075,0.02677376171352075,
1990,145501.56348198617,0.0002504642224813231,0.025046422248132312,
1990,152776.6416560855,0.0002245541305004966,0.02245541305004966,
1990,160415.4737388898,0.00021591743317355444,0.021591743317355444,
1990,168436.24742583427,0.00012955045990413266,0.012955045990413265,
1990,176858.059797126,0.00012955045990413266,0.012955045990413265,
1990,185700.9627869823,0.00012955045990413266,0.012955045990413265,
1990,194986.01092633142,9.500367059636395e-05,0.009500367059636394,
1990,204735.311472648,9.500367059636395e-05,0.009500367059636394,
1990,214972.07704628044,8.636697326942177e-05,0.008636697326942177,
1990,225720.68089859444,8.636697326942177e-05,0.008636697326942177,
1990,237006.7149435242,8.636697326942177e-05,0.008636697326942177,
1990,248857.05069070042,6.909357861553742e-05,0.006909357861553743,
1990,261299.90322523544,6.045688128859524e-05,0.006045688128859524,
1990,274364.8983864972,6.045688128859524e-05,0.006045688128859524,
1990,288083.1433058221,6.045688128859524e-05,0.006045688128859524,
1990,302487.30047111324,6.045688128859524e-05,0.006045688128859524,
1990,317611.6654946689,6.045688128859524e-05,0.006045688128859524,
1990,333492.24876940233,3.454678930776871e-05,0.0034546789307768715,
1990,350166.86120787245,1.7273394653884356e-05,0.0017273394653884357,
1990,367675.2042682661,1.7273394653884356e-05,0.0017273394653884357,
1990,386058.96448167943,1.7273394653884356e-05,0.0017273394653884357,
1990,405361.9127057634,1.7273394653884356e-05,0.0017273394653884357,
1990,425630.00834105164,1.7273394653884356e-05,0.0017273394653884357,
1990,446911.50875810423,1.7273394653884356e-05,0.0017273394653884357,
1990,469257.08419600944,1.7273394653884356e-05,0.0017273394653884357,
1990,492719.93840581,8.636697326942178e-06,0.0008636697326942179,
1990,517355.93532610044,8.636697326942178e-06,0.0008636697326942179,
1990,543223.7320924056,8.636697326942178e-06,0.0008636697326942179,
1990,570384.9186970257,8.636697326942178e-06,0.0008636697326942179,
1990,598904.1646318771,8.636697326942178e-06,0.0008636697326942179,
1990,628849.372863471,8.636697326942178e-06,0.0008636697326942179,
1990,660291.8415066446,8.636697326942178e-06,0.0008636697326942179,
1990,693306.4335819768,8.636697326942178e-06,0.0008636697326942179,
1990,727971.7552610757,8.636697326942178e-06,0.0008636697326942179,
1990,764370.3430241295,8.636697326942178e-06,0.0008636697326942179,
1990,802588.8601753361,8.636697326942178e-06,0.0008636697326942179,
1992,0.00019907914672198825,0.9853741496598639,98.53741496598639,1.5239750791242337
1992,0.00020903310405808766,0.9853610675039246,98.53610675039246,1.523972186928372
1992,0.00021948475926099204,0.9853610675039246,98.53610675039246,1.523972186928372
1992,0.00023045899722404166,0.9853610675039246,98.53610675039246,1.523972186928372
1992,0.00024198194708524378,0.9853610675039246,98.53610675039246,1.523972186928372
1992,0.00025408104443950597,0.9853610675039246,98.53610675039246,1.523972186928372
1992,0.0002667850966614813,0.9853610675039246,98.53610675039246,1.523972186928372
1992,0.00028012435149455533,0.9853610675039246,98.53610675039246,1.523972186928372
1992,0.00029413056906928316,0.9853610675039246,98.53610675039246,1.523972186928372
1992,0.0003088370975227473,0.9853610675039246,98.53610675039246,1.523972186928372
1992,0.00032427895239888464,0.9853610675039246,98.53610675039246,1.523972186928372
1992,0.0003404929000188289,0.9853610675039246,98.53610675039246,1.523972186928372
1992,0.0003575175450197704,0.9853610675039246,98.53610675039246,1.523972186928372
1992,0.0003753934222707589,0.9853610675039246,98.53610675039246,1.523972186928372
1992,0.00039416309338429693,0.9853610675039246,98.53610675039246,1.523972186928372
1992,0.00041387124805351177,0.9853610675039246,98.53610675039246,1.523972186928372
1992,0.0004345648104561873,0.9853610675039246,98.53610675039246,1.523972186928372
1992,0.0004562930509789967,0.9853610675039246,98.53610675039246,1.523972186928372
1992,0.00047910770352794656,0.9853610675039246,98.53610675039246,1.523972186928372
1992,0.000503063088704344,0.9853610675039246,98.53610675039246,1.523972186928372
1992,0.0005282162431395612,0.9853610675039246,98.53610675039246,1.523972186928372
1992,0.0005546270552965393,0.9853610675039246,98.53610675039246,1.523972186928372
1992,0.0005823584080613662,0.9853610675039246,98.53610675039246,1.523972186928372
1992,0.0006114763284644346,0.9853610675039246,98.53610675039246,1.523972186928372
1992,0.0006420501448876563,0.9853610675039246,98.53610675039246,1.523972186928372
1992,0.0006741526521320393,0.9853610675039246,98.53610675039246,1.523972186928372
1992,0.0007078602847386411,0.9853610675039246,98.53610675039246,1.523972186928372
1992,0.0007432532989755733,0.9853610675039246,98.53610675039246,1.523972186928372
1992,0.0007804159639243519,0.9853610675039246,98.53610675039246,1.523972186928372
1992,0.0008194367621205697,0.9853479853479854,98.53479853479854,1.523969294685747
1992,0.0008604086002265981,0.9853479853479854,98.53479853479854,1.523969294685747
1992,0.000903429030237928,0.9853479853479854,98.53479853479854,1.523969294685747
1992,0.0009486004817498245,0.9853479853479854,98.53479853479854,1.523969294685747
1992,0.0009960305058373158,0.9853479853479854,98.53479853479854,1.523969294685747
1992,0.0010458320311291815,0.9853479853479854,98.53479853479854,1.523969294685747
1992,0.0010981236326856408,0.9853479853479854,98.53479853479854,1.523969294685747
1992,0.0011530298143199228,0.9853479853479854,98.53479853479854,1.523969294685747
1992,0.001210681305035919,0.9853479853479854,98.53479853479854,1.523969294685747
1992,0.001271215370287715,0.9853479853479854,98.53479853479854,1.523969294685747
1992,0.0013347761388021006,0.9853479853479854,98.53479853479854,1.523969294685747
1992,0.0014015149457422059,0.9853479853479854,98.53479853479854,1.523969294685747
1992,0.0014715906930293163,0.9853479853479854,98.53479853479854,1.523969294685747
1992,0.001545170227680782,0.9853479853479854,98.53479853479854,1.523969294685747
1992,0.0016224287390648215,0.9853479853479854,98.53479853479854,1.523969294685747
1992,0.0017035501760180626,0.9853479853479854,98.53479853479854,1.523969294685747
1992,0.0017887276848189656,0.9853479853479854,98.53479853479854,1.523969294685747
1992,0.0018781640690599141,0.9853479853479854,98.53479853479854,1.523969294685747
1992,0.00197207227251291,0.9853479853479854,98.53479853479854,1.523969294685747
1992,0.0020706758861385554,0.9853479853479854,98.53479853479854,1.523969294685747
1992,0.0021742096804454832,0.9853479853479854,98.53479853479854,1.523969294685747
1992,0.0022829201644677575,0.9853479853479854,98.53479853479854,1.523969294685747
1992,0.0023970661726911455,0.9853479853479854,98.53479853479854,1.523969294685747
1992,0.0025169194813257027,0.9853479853479854,98.53479853479854,1.523969294685747
1992,0.002642765455391988,0.9853479853479854,98.53479853479854,1.523969294685747
1992,0.0027749037281615875,0.9853479853479854,98.53479853479854,1.523969294685747
1992,0.002913648914569667,0.9853479853479854,98.53479853479854,1.523969294685747
1992,0.0030593313602981505,0.9853479853479854,98.53479853479854,1.523969294685747
1992,0.003212297928313058,0.9853479853479854,98.53479853479854,1.523969294685747
1992,0.0033729128247287116,0.9853479853479854,98.53479853479854,1.523969294685747
1992,0.003541558465965147,0.9853479853479854,98.53479853479854,1.523969294685747
1992,0.003718636389263405,0.9853479853479854,98.53479853479854,1.523969294685747
1992,0.003904568208726575,0.9853479853479854,98.53479853479854,1.523969294685747
1992,0.004099796619162903,0.9853479853479854,98.53479853479854,1.523969294685747
1992,0.0043047864501210495,0.9853479853479854,98.53479853479854,1.523969294685747
1992,0.004520025772627102,0.9853479853479854,98.53479853479854,1.523969294685747
1992,0.004746027061258457,0.9853479853479854,98.53479853479854,1.523969294685747
1992,0.0049833284143213806,0.9853479853479854,98.53479853479854,1.523969294685747
1992,0.00523249483503745,0.9853479853479854,98.53479853479854,1.523969294685747
1992,0.0054941195767893225,0.9853479853479854,98.53479853479854,1.523969294685747
1992,0.005768825555628789,0.9853479853479854,98.53479853479854,1.523969294685747
1992,0.006057266833410228,0.9853479853479854,98.53479853479854,1.523969294685747
1992,0.00636013017508074,0.9853479853479854,98.53479853479854,1.523969294685747
1992,0.0066781366838347764,0.9853479853479854,98.53479853479854,1.523969294685747
1992,0.007012043518026517,0.9853479853479854,98.53479853479854,1.523969294685747
1992,0.0073626456939278415,0.9853479853479854,98.53479853479854,1.523969294685747
1992,0.007730777978624236,0.9853479853479854,98.53479853479854,1.523969294685747
1992,0.008117316877555446,0.9853479853479854,98.53479853479854,1.523969294685747
1992,0.008523182721433221,0.9853479853479854,98.53479853479854,1.523969294685747
1992,0.008949341857504881,0.9853479853479854,98.53479853479854,1.523969294685747
1992,0.009396808950380125,0.9853479853479854,98.53479853479854,1.523969294685747
1992,0.009866649397899132,0.9853479853479854,98.53479853479854,1.523969294685747
1992,0.010359981867794089,0.9853479853479854,98.53479853479854,1.523969294685747
1992,0.010877980961183795,0.9853479853479854,98.53479853479854,1.523969294685747
1992,0.011421880009242985,0.9853479853479854,98.53479853479854,1.523969294685747
1992,0.011992974009705134,0.9853479853479854,98.53479853479854,1.523969294685747
1992,0.012592622710190392,0.9853479853479854,98.53479853479854,1.523969294685747
1992,0.013222253845699911,0.9853479853479854,98.53479853479854,1.523969294685747
1992,0.01388336653798491,0.9853479853479854,98.53479853479854,1.523969294685747
1992,0.014577534864884154,0.9853349031920461,98.5334903192046,1.5239664023963566
1992,0.015306411608128363,0.9853349031920461,98.5334903192046,1.5239664023963566
1992,0.01607173218853478,0.9853349031920461,98.5334903192046,1.5239664023963566
1992,0.01687531879796152,0.9853349031920461,98.5334903192046,1.5239664023963566
1992,0.017719084737859596,0.9853349031920461,98.5334903192046,1.5239664023963566
1992,0.018605038974752578,0.9853349031920461,98.5334903192046,1.5239664023963566
1992,0.019535290923490205,0.9853349031920461,98.5334903192046,1.5239664023963566
1992,0.02051205546966472,0.9853349031920461,98.5334903192046,1.5239664023963566
1992,0.021537658243147958,0.9853349031920461,98.5334903192046,1.5239664023963566
1992,0.022614541155305354,0.9853349031920461,98.5334903192046,1.5239664023963566
1992,0.023745268213070624,0.9853349031920461,98.5334903192046,1.5239664023963566
1992,0.024932531623724153,0.9852956567242281,98.52956567242282,1.5239577252475829
1992,0.026179158204910364,0.9852956567242281,98.52956567242282,1.5239577252475829
1992,0.027488116115155885,0.9852956567242281,98.52956567242282,1.5239577252475829
1992,0.02886252192091368,0.9852956567242281,98.52956567242282,1.5239577252475829
1992,0.030305648016959365,0.9852956567242281,98.52956567242282,1.5239577252475829
1992,0.031820930417807335,0.9852956567242281,98.52956567242282,1.5239577252475829
1992,0.0334119769386977,0.9852956567242281,98.52956567242282,1.5239577252475829
1992,0.03508257578563259,0.9852956567242281,98.52956567242282,1.5239577252475829
1992,0.03683670457491422,0.9852956567242281,98.52956567242282,1.5239577252475829
1992,0.038678539803659935,0.9852956567242281,98.52956567242282,1.5239577252475829
1992,0.04061246679384293,0.9852956567242281,98.52956567242282,1.5239577252475829
1992,0.04264309013353508,0.9852956567242281,98.52956567242282,1.5239577252475829
1992,0.044775244640211834,0.9852956567242281,98.52956567242282,1.5239577252475829
1992,0.04701400687222243,0.9852956567242281,98.52956567242282,1.5239577252475829
1992,0.04936470721583355,0.9852956567242281,98.52956567242282,1.5239577252475829
1992,0.051832942576625234,0.9852956567242281,98.52956567242282,1.5239577252475829
1992,0.054424589705456494,0.9852956567242281,98.52956567242282,1.5239577252475829
1992,0.05714581919072932,0.9852956567242281,98.52956567242282,1.5239577252475829
1992,0.06000311015026579,0.9852956567242281,98.52956567242282,1.5239577252475829
1992,0.06300326565777908,0.9852956567242281,98.52956567242282,1.5239577252475829
1992,0.06615342894066804,0.9852956567242281,98.52956567242282,1.5239577252475829
1992,0.06946110038770144,0.9852825745682888,98.52825745682888,1.523954832771119
1992,0.07293415540708652,0.9852825745682888,98.52825745682888,1.523954832771119
1992,0.07658086317744085,0.9852825745682888,98.52825745682888,1.523954832771119
1992,0.0804099063363129,0.9852825745682888,98.52825745682888,1.523954832771119
1992,0.08443040165312854,0.9852825745682888,98.52825745682888,1.523954832771119
1992,0.08865192173578497,0.9852825745682888,98.52825745682888,1.523954832771119
1992,0.09308451782257422,0.9852825745682888,98.52825745682888,1.523954832771119
1992,0.09773874371370293,0.9852825745682888,98.52825745682888,1.523954832771119
1992,0.10262568089938809,0.9852694924123495,98.52694924123495,1.5239519402478834
1992,0.1077569649443575,0.9852694924123495,98.52694924123495,1.5239519402478834
1992,0.11314481319157538,0.9852694924123495,98.52694924123495,1.5239519402478834
1992,0.11880205385115415,0.9852694924123495,98.52694924123495,1.5239519402478834
1992,0.12474215654371187,0.9852694924123495,98.52694924123495,1.5239519402478834
1992,0.13097926437089746,0.9852694924123495,98.52694924123495,1.5239519402478834
1992,0.13752822758944233,0.9852564102564103,98.52564102564104,1.5239490476778745
1992,0.14440463896891448,0.9852564102564103,98.52564102564104,1.5239490476778745
1992,0.1516248709173602,0.985243328100471,98.5243328100471,1.5239461550610907
1992,0.15920611446322822,0.985243328100471,98.5243328100471,1.5239461550610907
1992,0.16716642018638964,0.9852302459445317,98.52302459445316,1.5239432623975309
1992,0.17552474119570913,0.9852302459445317,98.52302459445316,1.5239432623975309
1992,0.18430097825549457,0.9852302459445317,98.52302459445316,1.5239432623975309
1992,0.19351602716826932,0.9852302459445317,98.52302459445316,1.5239432623975309
1992,0.2031918285266828,0.9852302459445317,98.52302459445316,1.5239432623975309
1992,0.21335141995301696,0.9852302459445317,98.52302459445316,1.5239432623975309
1992,0.2240189909506678,0.9852302459445317,98.52302459445316,1.5239432623975309
1992,0.23521994049820125,0.9852171637885924,98.52171637885924,1.5239403696871934
1992,0.24698093752311126,0.9852171637885924,98.52171637885924,1.5239403696871934
1992,0.25932998439926686,0.9852171637885924,98.52171637885924,1.5239403696871934
1992,0.27229648361923026,0.985204081632653,98.5204081632653,1.523937476930077
1992,0.28591130780019175,0.985204081632653,98.5204081632653,1.523937476930077
1992,0.30020687319020134,0.9851909994767137,98.51909994767138,1.5239345841261804
1992,0.31521721684971143,0.9851909994767137,98.51909994767138,1.5239345841261804
1992,0.330978077692197,0.9851909994767137,98.51909994767138,1.5239345841261804
1992,0.3475269815768069,0.9851779173207744,98.51779173207744,1.523931691275502
1992,0.36490333065564723,0.9851779173207744,98.51779173207744,1.523931691275502
1992,0.38314849718842964,0.9851779173207744,98.51779173207744,1.523931691275502
1992,0.4023059220478511,0.9851779173207744,98.51779173207744,1.523931691275502
1992,0.4224212181502437,0.9851779173207744,98.51779173207744,1.523931691275502
1992,0.4435422790577559,0.9851779173207744,98.51779173207744,1.523931691275502
1992,0.46571939301064363,0.9851779173207744,98.51779173207744,1.523931691275502
1992,0.48900536266117595,0.9851779173207744,98.51779173207744,1.523931691275502
1992,0.5134556307942347,0.9851517530088959,98.5151753008896,1.5239259054337946
1992,0.5391284123339465,0.9851386708529566,98.51386708529566,1.5239230124427627
1992,0.5660848329506438,0.9851255886970173,98.51255886970172,1.5239201194049432
1992,0.594389074598176,0.9850994243851386,98.50994243851386,1.5239143331889369
1992,0.6241085283280849,0.9850994243851386,98.50994243851386,1.5239143331889369
1992,0.6553139547444891,0.9850994243851386,98.50994243851386,1.5239143331889369
1992,0.6880796524817135,0.9850340136054422,98.50340136054422,1.523899866830045
1992,0.7224836351057993,0.9850340136054422,98.50340136054422,1.523899866830045
1992,0.7586078168610894,0.9849947671376242,98.49947671376242,1.523891186453138
1992,0.7965382077041439,0.9849424385138671,98.49424385138671,1.5238796119620173
1992,0.8363651180893511,0.9849424385138671,98.49424385138671,1.5238796119620173
1992,0.8781833739938186,0.9849424385138671,98.49424385138671,1.5238796119620173
1992,0.9220925426935096,0.9849424385138671,98.49424385138671,1.5238796119620173
1992,0.9681971698281852,0.9849424385138671,98.49424385138671,1.5238796119620173
1992,1.0166070283195943,0.984850863422292,98.4850863422292,1.523859354800379
1992,1.0674373797355743,0.9848246991104134,98.48246991104133,1.5238535666185682
1992,1.1208092487223529,0.9848246991104134,98.48246991104133,1.5238535666185682
1992,1.1768497111584706,0.9848116169544741,98.48116169544741,1.5238506724574319
1992,1.2356921967163943,0.9847331240188383,98.47331240188383,1.5238333065072946
1992,1.297476806552214,0.9847331240188383,98.47331240188383,1.5238333065072946
1992,1.3623506468798248,0.9846938775510204,98.46938775510205,1.5238246229000287
1992,1.430468179223816,0.9846677132391418,98.46677132391419,1.5238188335943454
1992,1.501991588185007,0.984589220303506,98.4589220303506,1.5238014645531412
1992,1.5770911675942574,0.984589220303506,98.4589220303506,1.5238014645531412
1992,1.6559457259739705,0.9845499738356881,98.45499738356881,1.5237927794001336
1992,1.738743012272669,0.9845238095238096,98.45238095238096,1.5237869890638782
1992,1.8256801628863024,0.9845238095238096,98.45238095238096,1.5237869890638782
1992,1.9169641710306176,0.9845107273678703,98.45107273678703,1.523784093825471
1992,2.0128123795821486,0.9844060701203559,98.44060701203558,1.5237609302313277
1992,2.113452998561256,0.9843799058084772,98.43799058084772,1.5237551388641604
1992,2.2191256484893187,0.9843668236525379,98.43668236525379,1.5237522431102744
1992,2.330081930913785,0.9843537414965986,98.43537414965986,1.5237493473095178
1992,2.446586027459474,0.9843014128728415,98.43014128728414,1.523737763637763
1992,2.5689153288324484,0.9842229199372057,98.42229199372056,1.5237203867237863
1992,2.6973610952740708,0.9841182626896913,98.41182626896912,1.5236972148795023
1992,2.8322291500377745,0.9840790162218733,98.40790162218734,1.5236885246641356
1992,2.973840607539663,0.9840005232862375,98.40005232862376,1.5236711429670342
1992,3.1225326379166463,0.9838304552590267,98.38304552590267,1.523633476829578
1992,3.2786592698124792,0.9837912087912087,98.37912087912088,1.5236247835178551
1992,3.4425922333031034,0.9836603872318158,98.36603872318157,1.5235958027613128
1992,3.6147218449682583,0.9835426478283621,98.35426478283621,1.5235697160665667
1992,3.7954579372166717,0.9835034013605443,98.35034013605443,1.5235610196564424
1992,3.985230834077505,0.983058608058608,98.3058608058608,1.5234624307927505
1992,4.184492375781381,0.9830193615907902,98.30193615907902,1.5234537291670613
1992,4.3937169945704495,0.9828885400313971,98.28885400313972,1.523424720691889
1992,4.613402844298973,0.9827184720041863,98.27184720041863,1.523387002643055
1992,4.844072986513922,0.9825353218210361,98.25353218210361,1.5233463743137265
1992,5.086276635839618,0.9822867608581894,98.22867608581895,1.523291221110352
1992,5.340590467631599,0.9821036106750393,98.21036106750392,1.523250571029586
1992,5.607619991013179,0.9819858712715855,98.19858712715856,1.523224433958722
1992,5.888000990563838,0.9818158032443747,98.18158032443746,1.52318667367248
1992,6.182401040092031,0.9814887493458923,98.14887493458923,1.5231140353406019
1992,6.491521092096632,0.981174777603349,98.1174777603349,1.5230442747998805
1992,6.8160971467014635,0.9806776556776556,98.06776556776556,1.522933764983285
1992,7.156902004036537,0.9804814233385662,98.04814233385663,1.522890123902142
1992,7.5147471042383645,0.9801412872841444,98.01412872841443,1.5228144541529145
1992,7.890484459450283,0.9799712192569335,97.99712192569335,1.5227766072823523
1992,8.285008682422799,0.9787807430664573,97.87807430664573,1.5225114549713838
1992,8.699259116543937,0.9785321821036107,97.85321821036106,1.522456043923228
1992,9.134222072371134,0.9780743066457352,97.80743066457353,1.5223539260419157
1992,9.590933175989692,0.9776033490319205,97.76033490319205,1.522248829732815
1992,10.070479834789179,0.9762297226582941,97.62297226582942,1.5219419461881603
1992,10.574003826528637,0.9759026687598116,97.59026687598116,1.5218688011355752
1992,11.10270401785507,0.9753663003663003,97.53663003663003,1.5217487785753148
1992,11.657839218747824,0.9746336996336996,97.46336996336996,1.5215847153362914
1992,12.240731179685215,0.973377812663527,97.33778126635269,1.5213031142062792
1992,12.852767738669476,0.9726321297749869,97.2632129774987,1.5211357039952864
1992,13.49540612560295,0.970931449502878,97.09314495028781,1.5207533054601525
1992,14.1701764318831,0.9701596023024595,97.01596023024595,1.520579485991005
1992,14.878685253477254,0.9692569335426479,96.92569335426478,1.520375991689249
1992,15.622619516151117,0.967948717948718,96.7948717948718,1.520080662154827
1992,16.403750491958675,0.9653976975405547,96.53976975405547,1.5195033679320757
1992,17.22393801655661,0.963880167451596,96.3880167451596,1.5191590691805095
1992,18.08513491738444,0.9624934589220303,96.24934589220302,1.5188438731241642
1992,18.989391663253663,0.9612375719518577,96.12375719518576,1.5185579344903075
1992,19.938861246416348,0.9560570381998953,95.60570381998953,1.5173736050483329
1992,20.935804308737165,0.954945054945055,95.4945054945055,1.517118372787521
1992,21.982594524174026,0.9533359497645212,95.33359497645212,1.516748394358502
1992,23.081724250382727,0.9510204081632653,95.10204081632652,1.516214647888503
1992,24.235810462901863,0.9472789115646258,94.72789115646259,1.5153488519237275
1992,25.447600986046957,0.9448848770277342,94.48848770277341,1.5147926723504161
1992,26.719981035349306,0.9400706436420723,94.00706436420722,1.5136690125303118
1992,28.055980087116772,0.9375457875457875,93.75457875457876,1.513076891505071
1992,29.458779091472614,0.9351517530088959,93.51517530088958,1.5125136503774104
1992,30.931718046046246,0.9287284144427002,92.87284144427002,1.5109937041645887
1992,32.478303948348554,0.9243851386708529,92.43851386708529,1.5099586700332126
1992,34.10221914576599,0.9208791208791208,92.08791208791209,1.509118820077074
1992,35.80733010305429,0.9153846153846154,91.53846153846153,1.507794751874337
1992,37.597696608207,0.9107796964939822,91.07796964939821,1.5066775576482805
1992,39.47758143861736,0.9077708006279435,90.77708006279434,1.5059438386733164
1992,41.45146051054822,0.8969518576661434,89.69518576661434,1.5032808790271306
1992,43.524033536075635,0.8889586603872318,88.89586603872318,1.5012880970022282
1992,45.70023521287943,0.8835164835164835,88.35164835164835,1.4999187294173342
1992,47.985246973523395,0.8745944531658817,87.45944531658817,1.4976512832043523
1992,50.38450932219957,0.8676478283621141,86.76478283621141,1.4958661794014543
1992,52.90373478830955,0.8544871794871794,85.44871794871794,1.4924357631393084
1992,55.54892152772503,0.8461276818419675,84.61276818419675,1.4902230175184987
1992,58.326367604111276,0.8382783882783883,83.82783882783883,1.4881207998059203
1992,61.24268598431686,0.8247776033490319,82.4777603349032,1.4844479231564736
1992,64.30482028353269,0.8154238618524333,81.54238618524333,1.4818597267585356
1992,67.52006129770933,0.8057953950811093,80.57953950811093,1.479157176986617
1992,70.89606436259481,0.7860675039246467,78.60675039246468,1.4734939154996167
1992,74.44086758072454,0.7758503401360545,77.58503401360545,1.4704917832190159
1992,78.16291095976078,0.7660779696493982,76.60779696493982,1.467574501231979
1992,82.07105650774882,0.746716378859236,74.6716378859236,1.4616569818977563
1992,86.17460933313626,0.735112506541078,73.5112506541078,1.458019139295951
1992,90.48333979979309,0.7229068550497122,72.29068550497122,1.4541154472587277
1992,95.00750678978274,0.7108451072736787,71.08451072736787,1.4501770722158065
1992,99.75788212927188,0.691810570381999,69.1810570381999,1.4437910567604908
1992,104.74577623573546,0.6654631083202511,66.54631083202511,1.4345839497304993
1992,109.98306504752225,0.6482339089481947,64.82339089481947,1.4283155983785714
1992,115.48221829989838,0.6326661433804291,63.26661433804291,1.4224714496422017
1992,121.2563292148933,0.6122448979591837,61.224489795918366,1.4145288085234904
1992,127.31914567563797,0.5992804814233386,59.92804814233386,1.4093135364855178
1992,133.68510295941988,0.5806776556776557,58.06776556776557,1.4015796191731893
1992,140.3693581073909,0.5611983254840398,56.11983254840398,1.393143172233445
1992,147.3878260127604,0.5467687074829932,54.67687074829932,1.3866544917068704
1992,154.75721731339846,0.5288330716902145,52.88330716902146,1.3782842997138842
1992,162.49507817906837,0.5045918367346939,50.45918367346939,1.3663887436939008
1992,170.6198320880218,0.49038461538461536,49.03846153846153,1.3590785786520416
1992,179.1508236924229,0.4756410256410256,47.56410256410256,1.3512054657560815
1992,188.10836487704407,0.4587257980115123,45.87257980115123,1.3417852516537612
1992,197.51378312089625,0.4466248037676609,44.66248037676609,1.3347730891638272
1992,207.3894722769411,0.4184065934065934,41.84065934065934,1.3174448485313293
1992,217.75894589078817,0.38227367870225015,38.22736787022502,1.2929589464419307
1992,228.6468931853276,0.36144688644688644,36.14468864468864,1.2774639468631621
1992,240.07923784459396,0.34179748822605965,34.179748822605966,1.2617604633647668
1992,252.08319973682364,0.32773417059131343,32.77341705913134,1.2497921976304434
1992,264.6873597236648,0.31346153846153846,31.346153846153847,1.2369504861789087
1992,277.92172770984814,0.2981030873888017,29.81030873888017,1.2222608335873726
1992,291.81781409534057,0.2836996336996337,28.36996336996337,1.207565629692134
1992,306.4087048001076,0.266679748822606,26.667974882260598,1.1888987808237899
1992,321.72914004011295,0.25185766614338045,25.185766614338046,1.1713294663711464
1992,337.8155970421186,0.23962585034013606,23.962585034013607,1.1557779648687185
1992,354.7063768942246,0.22697540554683412,22.697540554683414,1.138556000974275
1992,372.44169573893583,0.21508372579801152,21.50837257980115,1.1211700327123926
1992,391.06378052588263,0.20605703819989535,20.605703819989536,1.107098816649967
1992,410.6169695521768,0.1879774986917844,18.79774986917844,1.0762770965887394
1992,431.14781802978564,0.1773547880690738,17.73547880690738,1.0562499020032576
1992,452.70520893127497,0.16805337519623234,16.805337519623233,1.0373383159164313
1992,475.3404693778387,0.1597723704866562,15.977237048665621,1.0192678183496982
1992,499.1074928467306,0.14748822605965464,14.748822605965465,0.9899735374167966
1992,524.0628674890672,0.13978283621140764,13.978283621140763,0.9698333776201848
1992,550.2660108635206,0.13129251700680272,13.129251700680273,0.9457884429759631
1992,577.7793114066966,0.1239403453689168,12.394034536891679,0.9231532393603191
1992,606.6682769770315,0.11334379905808477,11.334379905808477,0.8870022105450938
1992,637.0016908258832,0.10798011512297227,10.798011512297228,0.8668323836569666
1992,668.8517753671773,0.10027472527472528,10.027472527472527,0.8352232168054331
1992,702.2943641355362,0.09372056514913658,9.372056514913659,0.8054630990910888
1992,737.409082342313,0.08767660910518053,8.767660910518053,0.7752201593442644
1992,774.2795364594288,0.08318942961800105,8.318942961800104,0.7507249059576786
1992,812.9935132824002,0.07515698587127159,7.515698587127159,0.7016082733041263
1992,853.6431889465202,0.07070905285191,7.0709052851909995,0.670895701302548
1992,896.3253483938462,0.06537153322867609,6.537153322867609,0.6299420628331036
1992,941.1416158135387,0.06117216117216117,6.117216117216117,0.5939383213963007
1992,988.1986966042157,0.05779696493982208,5.779696493982208,0.5620990857768293
1992,1037.6086314344263,0.051909994767137625,5.190999476713762,0.4989106754745948
1992,1089.489063006148,0.048508634222919934,4.850863422291994,0.4568909794427674
1992,1143.9635161564552,0.04512035583464155,4.512035583464155,0.40995395187106065
1992,1201.161691964278,0.040266875981161694,4.02668759811617,0.33141956623424196
1992,1261.2197765624921,0.03771585557299843,3.771585557299843,0.2832940732033407
1992,1324.2807653906166,0.03523024594453166,3.523024594453166,0.23057179780688702
1992,1390.4948036601475,0.03266614338042909,3.2666143380429093,0.1686908104234361
1992,1460.019543843155,0.02902930402930403,2.902930402930403,0.06365129382386353
1992,1533.0205210353129,0.026556776556776556,2.6556776556776556,-0.02357588020669805
1992,1609.6715470870784,0.02345630559916274,2.345630559916274,-0.15951842230278013
1992,1690.1551244414327,0.02186028257456829,2.186028257456829,-0.24579016571830295
1992,1774.662880663504,0.020277341705913134,2.0277341705913132,-0.34683919171850564
1992,1863.3960246966794,0.018288854003139718,1.8288854003139718,-0.5046667777410567
1992,1956.5658259315137,0.01715070643642072,1.715070643642072,-0.6171972589559229
1992,2054.3941172280893,0.014848246991104133,1.4848246991104133,-0.9281186124089262
1992,2157.113823089494,0.01336996336996337,1.336996336996337,-1.2364079888934536
1992,2264.9695142439687,0.012127158555729984,1.2127158555729984,-1.6457785403786869
1992,2378.217989956167,0.011237571951857666,1.1237571951857666,-2.1483397637764337
1992,2497.1288894539757,0.00956305599162742,0.956305599162742,
1992,2621.9853339266747,0.008778126635269492,0.8778126635269492,
1992,2753.0846006230086,0.007967032967032966,0.7967032967032966,
1992,2890.738830654159,0.00706436420722135,0.7064364207221351,
1992,3035.275772186867,0.0062140240711669285,0.6214024071166928,
1992,3187.0395607962105,0.005311355311355312,0.5311355311355311,
1992,3346.391538836021,0.005010465724751439,0.501046572475144,
1992,3513.711115777822,0.00456567242281528,0.456567242281528,
1992,3689.396671566714,0.004120879120879121,0.4120879120879121,
1992,3873.8665051450494,0.003793825222396651,0.37938252223966507,
1992,4067.5598304023024,0.0031135531135531138,0.31135531135531136,
1992,4270.937821922417,0.0027472527472527475,0.27472527472527475,
1992,4484.484713018539,0.00249869178440607,0.249869178440607,
1992,4708.708948669466,0.0022239665096807954,0.22239665096807953,
1992,4944.144396102939,0.0019492412349555207,0.19492412349555208,
1992,5191.351615908086,0.0017137624280481423,0.17137624280481423,
1992,5450.919196703491,0.0015960230245944532,0.15960230245944532,
1992,5723.465156538666,0.0014652014652014652,0.14652014652014653,
1992,6009.638414365599,0.0011773940345368916,0.11773940345368916,
1992,6310.12033508388,0.001098901098901099,0.10989010989010989,
1992,6625.626351838074,0.0009942438513867084,0.09942438513867084,
1992,6956.907669429977,0.000902668759811617,0.0902668759811617,
1992,7304.753052901476,0.0007456828885400314,0.07456828885400314,
1992,7669.990705546551,0.0007195185766614338,0.07195185766614338,
1992,8053.490240823879,0.0006017791732077447,0.06017791732077447,
1992,8456.164752865074,0.0005363683935112507,0.053636839351125065,
1992,8878.972990508328,0.00047095761381475666,0.04709576138147566,
1992,9322.921640033745,0.0004186289900575615,0.04186289900575615,
1992,9789.067722035432,0.0003924646781789639,0.03924646781789639,
1992,10278.521108137204,0.0003663003663003663,0.03663003663003663,
1992,10792.447163544064,0.00030088958660387234,0.030088958660387233,
1992,11332.069521721267,0.0002878074306645735,0.02878074306645735,
1992,11898.67299780733,0.0002747252747252747,0.027472527472527472,
1992,12493.6066476977,0.00020931449502878074,0.020931449502878074,
1992,13118.286980082585,0.00019623233908948196,0.019623233908948195,
1992,13774.201329086714,0.00019623233908948196,0.019623233908948195,
1992,14462.911395541048,0.00017006802721088434,0.017006802721088433,
1992,15186.056965318105,0.00017006802721088434,0.017006802721088433,
1992,15945.35981358401,0.00013082155939298797,0.013082155939298797,
1992,16742.62780426321,0.00011773940345368916,0.011773940345368916,
1992,17579.759194476374,0.00010465724751439037,0.010465724751439037,
1992,18458.74715420019,0.00010465724751439037,0.010465724751439037,
1992,19381.684511910204,0.00010465724751439037,0.010465724751439037,
1992,20350.76873750571,9.157509157509158e-05,0.009157509157509158,
1992,21368.307174381,9.157509157509158e-05,0.009157509157509158,
1992,22436.722533100048,9.157509157509158e-05,0.009157509157509158,
1992,23558.558659755054,6.541077969649399e-05,0.006541077969649398,
1992,24736.486592742807,6.541077969649399e-05,0.006541077969649398,
1992,25973.31092237995,6.541077969649399e-05,0.006541077969649398,
1992,27271.976468498946,6.541077969649399e-05,0.006541077969649398,
1992,28635.575291923895,6.541077969649399e-05,0.006541077969649398,
1992,30067.35405652009,5.2328623757195185e-05,0.0052328623757195184,
1992,31570.7217593461,3.924646781789639e-05,0.003924646781789639,
1992,33149.257847313405,2.6164311878597592e-05,0.0026164311878597592,
1992,34806.720739679076,2.6164311878597592e-05,0.0026164311878597592,
1992,36547.056776663034,1.3082155939298796e-05,0.0013082155939298796,
1992,38374.40961549619,1.3082155939298796e-05,0.0013082155939298796,
1992,40293.130096270994,1.3082155939298796e-05,0.0013082155939298796,
1992,42307.78660108455,1.3082155939298796e-05,0.0013082155939298796,
1992,44423.17593113877,1.3082155939298796e-05,0.0013082155939298796,
1992,46644.33472769572,1.3082155939298796e-05,0.0013082155939298796,
1992,48976.551464080505,1.3082155939298796e-05,0.0013082155939298796,
1993,0.002873064826168041,0.9868324704854643,98.68324704854643,1.5242971910655956
1993,0.003016718067476443,0.9868196241152063,98.68196241152063,1.5242943561078668
1993,0.0031675539708502652,0.9868196241152063,98.68196241152063,1.5242943561078668
1993,0.003325931669392779,0.9868196241152063,98.68196241152063,1.5242943561078668
1993,0.003492228252862418,0.9868196241152063,98.68196241152063,1.5242943561078668
1993,0.003666839665505539,0.9868196241152063,98.68196241152063,1.5242943561078668
1993,0.0038501816487808162,0.9868196241152063,98.68196241152063,1.5242943561078668
1993,0.004042690731219857,0.9868196241152063,98.68196241152063,1.5242943561078668
1993,0.00424482526778085,0.9868196241152063,98.68196241152063,1.5242943561078668
1993,0.004457066531169893,0.9868196241152063,98.68196241152063,1.5242943561078668
1993,0.004679919857728388,0.9868196241152063,98.68196241152063,1.5242943561078668
1993,0.004913915850614807,0.9868196241152063,98.68196241152063,1.5242943561078668
1993,0.005159611643145548,0.9868196241152063,98.68196241152063,1.5242943561078668
1993,0.005417592225302826,0.9868196241152063,98.68196241152063,1.5242943561078668
1993,0.005688471836567967,0.9868196241152063,98.68196241152063,1.5242943561078668
1993,0.005972895428396366,0.9868196241152063,98.68196241152063,1.5242943561078668
1993,0.0062715401998161835,0.9868196241152063,98.68196241152063,1.5242943561078668
1993,0.0065851172098069935,0.9868196241152063,98.68196241152063,1.5242943561078668
1993,0.006914373070297343,0.9868196241152063,98.68196241152063,1.5242943561078668
1993,0.007260091723812211,0.9868196241152063,98.68196241152063,1.5242943561078668
1993,0.007623096310002821,0.9868196241152063,98.68196241152063,1.5242943561078668
1993,0.008004251125502963,0.9868196241152063,98.68196241152063,1.5242943561078668
1993,0.008404463681778112,0.9868196241152063,98.68196241152063,1.5242943561078668
1993,0.008824686865867017,0.9868196241152063,98.68196241152063,1.5242943561078668
1993,0.009265921209160368,0.9868196241152063,98.68196241152063,1.5242943561078668
1993,0.009729217269618388,0.9868196241152063,98.68196241152063,1.5242943561078668
1993,0.010215678133099308,0.9868196241152063,98.68196241152063,1.5242943561078668
1993,0.010726462039754274,0.9868196241152063,98.68196241152063,1.5242943561078668
1993,0.011262785141741987,0.9868196241152063,98.68196241152063,1.5242943561078668
1993,0.01182592439882909,0.9868196241152063,98.68196241152063,1.5242943561078668
1993,0.012417220618770543,0.9868196241152063,98.68196241152063,1.5242943561078668
1993,0.01303808164970907,0.9868196241152063,98.68196241152063,1.5242943561078668
1993,0.013689985732194524,0.9868196241152063,98.68196241152063,1.5242943561078668
1993,0.014374485018804251,0.9868196241152063,98.68196241152063,1.5242943561078668
1993,0.015093209269744464,0.9868196241152063,98.68196241152063,1.5242943561078668
1993,0.015847869733231688,0.9868196241152063,98.68196241152063,1.5242943561078668
1993,0.016640263219893273,0.9868196241152063,98.68196241152063,1.5242943561078668
1993,0.017472276380887938,0.9868196241152063,98.68196241152063,1.5242943561078668
1993,0.018345890199932335,0.9868196241152063,98.68196241152063,1.5242943561078668
1993,0.01926318470992895,0.9868196241152063,98.68196241152063,1.5242943561078668
1993,0.020226343945425402,0.9868196241152063,98.68196241152063,1.5242943561078668
1993,0.021237661142696672,0.9868196241152063,98.68196241152063,1.5242943561078668
1993,0.022299544199831507,0.9868196241152063,98.68196241152063,1.5242943561078668
1993,0.023414521409823086,0.9868196241152063,98.68196241152063,1.5242943561078668
1993,0.02458524748031424,0.9868196241152063,98.68196241152063,1.5242943561078668
1993,0.02581450985432995,0.9868196241152063,98.68196241152063,1.5242943561078668
1993,0.02710523534704645,0.9868196241152063,98.68196241152063,1.5242943561078668
1993,0.028460497114398773,0.9868067777449482,98.68067777449482,1.524291521105195
1993,0.029883521970118714,0.9868067777449482,98.68067777449482,1.524291521105195
1993,0.03137769806862465,0.9868067777449482,98.68067777449482,1.524291521105195
1993,0.03294658297205589,0.9868067777449482,98.68067777449482,1.524291521105195
1993,0.03459391212065868,0.9868067777449482,98.68067777449482,1.524291521105195
1993,0.03632360772669162,0.9868067777449482,98.68067777449482,1.524291521105195
1993,0.0381397881130262,0.9868067777449482,98.68067777449482,1.524291521105195
1993,0.04004677751867751,0.9868067777449482,98.68067777449482,1.524291521105195
1993,0.04204911639461138,0.9867939313746901,98.679393137469,1.5242886860575793
1993,0.04415157221434196,0.9867939313746901,98.679393137469,1.5242886860575793
1993,0.04635915082505906,0.9867939313746901,98.679393137469,1.5242886860575793
1993,0.04867710836631202,0.9867939313746901,98.679393137469,1.5242886860575793
1993,0.051110963784627615,0.9867939313746901,98.679393137469,1.5242886860575793
1993,0.053666511973859,0.9867939313746901,98.679393137469,1.5242886860575793
1993,0.05634983757255195,0.9867939313746901,98.679393137469,1.5242886860575793
1993,0.05916732945117955,0.9867939313746901,98.679393137469,1.5242886860575793
1993,0.06212569592373853,0.9867939313746901,98.679393137469,1.5242886860575793
1993,0.06523198071992546,0.9867939313746901,98.679393137469,1.5242886860575793
1993,0.06849357975592174,0.9867939313746901,98.679393137469,1.5242886860575793
1993,0.07191825874371782,0.9867939313746901,98.679393137469,1.5242886860575793
1993,0.07551417168090371,0.9867939313746901,98.679393137469,1.5242886860575793
1993,0.07928988026494892,0.9867939313746901,98.679393137469,1.5242886860575793
1993,0.08325437427819636,0.9867939313746901,98.679393137469,1.5242886860575793
1993,0.08741709299210619,0.9867939313746901,98.679393137469,1.5242886860575793
1993,0.0917879476417115,0.9867939313746901,98.679393137469,1.5242886860575793
1993,0.09637734502379706,0.9867939313746901,98.679393137469,1.5242886860575793
1993,0.10119621227498694,0.986781085004432,98.6781085004432,1.5242858509650181
1993,0.10625602288873627,0.986781085004432,98.6781085004432,1.5242858509650181
1993,0.11156882403317311,0.986781085004432,98.6781085004432,1.5242858509650181
1993,0.11714726523483175,0.986781085004432,98.6781085004432,1.5242858509650181
1993,0.12300462849657336,0.986781085004432,98.6781085004432,1.5242858509650181
1993,0.12915485992140202,0.986781085004432,98.6781085004432,1.5242858509650181
1993,0.13561260291747212,0.986781085004432,98.6781085004432,1.5242858509650181
1993,0.14239323306334575,0.986781085004432,98.6781085004432,1.5242858509650181
1993,0.14951289471651305,0.986781085004432,98.6781085004432,1.5242858509650181
1993,0.1569885394523387,0.986781085004432,98.6781085004432,1.5242858509650181
1993,0.16483796642495566,0.986781085004432,98.6781085004432,1.5242858509650181
1993,0.17307986474620343,0.986768238634174,98.6768238634174,1.5242830158275102
1993,0.1817338579835136,0.986768238634174,98.6768238634174,1.5242830158275102
1993,0.1908205508826893,0.986768238634174,98.6768238634174,1.5242830158275102
1993,0.20036157842682378,0.986768238634174,98.6768238634174,1.5242830158275102
1993,0.21037965734816497,0.9867425458936577,98.67425458936577,1.5242773454176493
1993,0.22089864021557323,0.9867425458936577,98.67425458936577,1.5242773454176493
1993,0.2319435722263519,0.9867296995233996,98.67296995233997,1.5242745101452935
1993,0.24354075083766952,0.9867296995233996,98.67296995233997,1.5242745101452935
1993,0.255717788379553,0.9867040067828835,98.67040067828835,1.5242688394657244
1993,0.2685036777985307,0.9866911604126254,98.66911604126254,1.5242660040585088
1993,0.28192886168845716,0.9866911604126254,98.66911604126254,1.5242660040585088
1993,0.2960253047728801,0.9866911604126254,98.66911604126254,1.5242660040585088
1993,0.3108265700115241,0.9866654676721093,98.66654676721093,1.5242603331092077
1993,0.3263678985121003,0.9866526213018512,98.66526213018511,1.5242574975671201
1993,0.3426862934377053,0.986639774931593,98.66397749315931,1.5242546619800725
1993,0.3598206081095906,0.986626928561335,98.6626928561335,1.5242518263480638
1993,0.37781163851507016,0.986626928561335,98.6626928561335,1.5242518263480638
1993,0.3967022204408237,0.9866140821910769,98.6614082191077,1.5242489906710925
1993,0.4165373314628649,0.9866140821910769,98.6614082191077,1.5242489906710925
1993,0.4373641980360082,0.9866140821910769,98.6614082191077,1.5242489906710925
1993,0.45923240793780856,0.9865883894505607,98.65883894505608,1.5242433191822569
1993,0.48219402833469904,0.9865883894505607,98.65883894505608,1.5242433191822569
1993,0.506303729751434,0.9865113112290123,98.65113112290122,1.524226303636511
1993,0.5316189162390057,0.9865113112290123,98.65113112290122,1.524226303636511
1993,0.5581998620509561,0.9864984648587541,98.64984648587541,1.5242234675548172
1993,0.5861098551535038,0.986485618488496,98.6485618488496,1.5242206314281475
1993,0.6154153479111791,0.9864470793777218,98.64470793777218,1.5242121227782708
1993,0.6461861153067381,0.9864470793777218,98.64470793777218,1.5242121227782708
1993,0.6784954210720751,0.9864213866372057,98.64213866372057,1.5242064501201167
1993,0.7124201921256788,0.9864085402669476,98.64085402669475,1.5242036137235646
1993,0.7480412017319628,0.9864085402669476,98.64085402669475,1.5242036137235646
1993,0.7854432618185608,0.9863828475264315,98.63828475264314,1.5241979407955042
1993,0.824715424909489,0.9863700011561733,98.63700011561734,1.524195104263993
1993,0.8659511961549634,0.9863443084156571,98.63443084156572,1.5241894310660027
1993,0.9092487559627117,0.9863314620453991,98.63314620453991,1.5241865943995205
1993,0.9547111937608472,0.9863314620453991,98.63314620453991,1.5241865943995205
1993,1.0024467534488897,0.9863314620453991,98.63314620453991,1.5241865943995205
1993,1.0525690911213343,0.9862672301941087,98.62672301941086,1.5241724103921894
1993,1.105197545677401,0.9862543838238506,98.62543838238506,1.52416957345573
1993,1.1604574229612712,0.9862286910833344,98.62286910833345,1.5241638994478066
1993,1.2184802941093347,0.9861773056023021,98.61773056023021,1.5241525508919072
1993,1.2794043088148015,0.9861773056023021,98.61773056023021,1.5241525508919072
1993,1.3433745242555415,0.9861516128617859,98.61516128617859,1.5241468763439097
1993,1.4105432504683186,0.9861387664915279,98.61387664915279,1.5241440390023944
1993,1.4810704129917347,0.9861259201212698,98.61259201212698,1.524141201615866
1993,1.5551239336413216,0.9861002273807535,98.61002273807536,1.5241355267077663
1993,1.6328801303233875,0.9860488418997212,98.60488418997213,1.5241241763513542
1993,1.7145241368395572,0.9859974564186889,98.59974564186888,1.5241128252745892
1993,1.8002503436815354,0.9859332245673985,98.59332245673986,1.5240986354155077
1993,1.890262860865612,0.9859332245673985,98.59332245673986,1.5240986354155077
1993,1.9847760039088926,0.9859075318268823,98.59075318268823,1.5240929591566463
1993,2.0840148041043376,0.9858176072350757,98.58176072350757,1.524073090831908
1993,2.1882155443095543,0.9857919144945596,98.57919144945596,1.5240674137623038
1993,2.297626321525032,0.9857662217540434,98.57662217540434,1.5240617365125055
1993,2.412507637601284,0.985714836273011,98.5714836273011,1.5240503814722834
1993,2.533133019481348,0.9855863725704302,98.55863725704303,1.5240219907175878
1993,2.6597896704554156,0.9855735262001721,98.55735262001721,1.5240191513942565
1993,2.7927791539781865,0.9855221407191398,98.55221407191398,1.524007793650207
1993,2.932418111677096,0.9854836016083656,98.54836016083655,1.5239992748688722
1993,3.0790390172609508,0.985393677016559,98.5393677016559,1.52397939613455
1993,3.2329909681239983,0.9853679842760428,98.53679842760428,1.5239737160903852
1993,3.394640516530199,0.9852266742032039,98.52266742032039,1.5239424726230948
1993,3.5643725423567085,0.9851752887221715,98.51752887221716,1.5239311100091475
1993,3.742591169474544,0.9850982105006231,98.50982105006231,1.523914064734834
1993,3.929720727948272,0.9850339786493326,98.50339786493326,1.5238998590987798
1993,4.126206764345685,0.9847256657631386,98.47256657631385,1.5238316563386582
1993,4.33251710256297,0.9846614339118482,98.46614339118483,1.5238174441569032
1993,4.549142957691119,0.9845586629497836,98.45586629497835,1.5237947023174274
1993,4.776600105575675,0.9844944310984931,98.44944310984931,1.5237804871995781
1993,5.015430110854459,0.9844045065066865,98.44045065066865,1.5237605841368804
1993,5.266201616397182,0.9840833472502345,98.40833472502345,1.5236894836901191
1993,5.529511697217042,0.984019115398944,98.4019115398944,1.5236752602095383
1993,5.8059872820778935,0.9838264198450728,98.38264198450727,1.5236325829823405
1993,6.096286646181788,0.9833382577752656,98.33382577752656,1.5235244217611188
1993,6.401100978490878,0.9831712549619105,98.31712549619105,1.523487404223933
1993,6.721156027415422,0.9828244029649422,98.28244029649423,1.5234104971705265
1993,7.057213828786194,0.9826445537813291,98.26445537813291,1.5233706064235888
1993,7.410074520225503,0.9823876263761674,98.23876263761674,1.5233136042138888
1993,7.78057824623678,0.9819893888981668,98.19893888981667,1.5232252148949699
1993,8.169607158548619,0.9812828385339722,98.12828385339722,1.5230682876369976
1993,8.57808751647605,0.9809873720180363,98.09873720180363,1.5230026226949627
1993,9.006991892299853,0.9805377490590034,98.05377490590034,1.522902651546437
1993,9.457341486914846,0.9799468160271315,97.99468160271316,1.5227711759410099
1993,9.930208561260589,0.9796513495111956,97.96513495111955,1.522705401917456
1993,10.426718989323618,0.9781226314504836,97.81226314504836,1.5223647064519201
1993,10.9480549387898,0.9775316984186119,97.7531698418612,1.52223283517075
1993,11.49545768572929,0.9768379944246753,97.68379944246753,1.522077905780679
1993,12.070230570015756,0.9755276646583508,97.55276646583508,1.5217848953390598
1993,12.673742098516543,0.9750395025885437,97.50395025885436,1.5216756119702162
1993,13.307429203442371,0.9743072594838328,97.43072594838328,1.5215115618674244
1993,13.97280066361449,0.9727143095718305,97.27143095718304,1.52115416151132
1993,14.671440696795214,0.9719563737266036,97.19563737266036,1.5209838576404144
1993,15.405012731634978,0.9704918875171821,97.0491887517182,1.5206543370473051
1993,16.175263368216726,0.9687190884215665,96.87190884215666,1.5202546320463415
1993,16.984026536627564,0.9676143005793713,96.76143005793712,1.5200050893959165
1993,17.833227863458944,0.9663810490345953,96.63810490345953,1.5197261196862146
1993,18.72488925663189,0.965122104749303,96.5122104749303,1.5194408902037722
1993,19.661133719463486,0.9638631604640109,96.38631604640109,1.5191552068750365
1993,20.644190405436664,0.9598294002029727,95.98294002029726,1.5182367817742661
1993,21.676399925708495,0.9585190704366481,95.85190704366481,1.517937426912535
1993,22.760219921993922,0.9569389668949039,95.69389668949039,1.5175757759050332
1993,23.89823091809362,0.9552303996505788,95.52303996505788,1.517183902187327
1993,25.0931424639983,0.952494122785607,95.2494122785607,1.516554531181149
1993,26.347799587198214,0.9494238402939249,94.94238402939249,1.5158457052863128
1993,27.665189566558126,0.9452744627005639,94.52744627005639,1.5148832975100126
1993,29.048449044886034,0.9425767249463664,94.25767249463664,1.5142548148890504
1993,30.50087149713034,0.9379391852831982,93.79391852831982,1.513169277739237
1993,32.02591507198686,0.9358580733013887,93.58580733013888,1.5126800081798557
1993,33.627210825586204,0.9282530221086032,92.82530221086031,1.5108807029980427
1993,35.308571366865515,0.9246688848065979,92.46688848065979,1.5100264699114325
1993,37.07399993520879,0.9213288285394962,92.13288285394961,1.5092267635090009
1993,38.92769993196923,0.9133897717200005,91.33897717200004,1.5073116298159495
1993,40.8740849285677,0.9038834577290187,90.38834577290187,1.504991499001079
1993,42.91778917499608,0.9005048623511427,90.05048623511426,1.5041597203253718
1993,45.06367863374589,0.8962912529064913,89.62912529064913,1.5031170082414853
1993,47.31686256543319,0.8910113947304189,89.1011394730419,1.5018019483712541
1993,49.68270569370485,0.876417918117236,87.6417918117236,1.4981169931778042
1993,52.16684097839009,0.866898757755996,86.6898757755996,1.4956726431133
1993,54.7751830273096,0.8592551674524364,85.92551674524364,1.4936860008892026
1993,57.51394217867507,0.8519584291458449,85.19584291458449,1.4917692143675005
1993,60.38963928760884,0.8381871202291793,83.81871202291794,1.4880962144314192
1993,63.409121251989276,0.8323163290212351,83.23163290212351,1.4865078361726585
1993,66.57957731458875,0.8146654162866283,81.46654162866282,1.481648268102662
1993,69.90855618031819,0.8042470100073225,80.42470100073224,1.4787188712400336
1993,73.40398398933411,0.7930064360314993,79.30064360314994,1.4755055810815803
1993,77.0741831888008,0.7815988592423211,78.15988592423211,1.4721868213220521
1993,80.92789234824085,0.7612887478642909,76.1288747864291,1.4661280373438041
1993,84.9742869656529,0.7527330652724072,75.27330652724072,1.4635159185426583
1993,89.22300131393554,0.7423403517336177,74.23403517336176,1.4602933205610156
1993,93.68415137963233,0.7309970067957299,73.09970067957299,1.4567118807980748
1993,98.36835894861395,0.6993820895905862,69.93820895905863,1.4463569716394977
1993,103.28677689604464,0.6767981706768752,67.67981706768752,1.4385992965695307
1993,108.45111574084687,0.666302686176021,66.6302686176021,1.434884257153109
1993,113.87367152788923,0.6524029135567745,65.24029135567744,1.4298511511512104
1993,119.5673551042837,0.6392096913017227,63.92096913017227,1.4249494005970103
1993,125.54572285949789,0.620197063319759,62.0197063319759,1.4176603107020218
1993,131.8230090024728,0.596983672263402,59.698367226340196,1.4083749483602777
1993,138.41415945259644,0.5796539187852472,57.96539187852472,1.401145076517594
1993,145.33486742522626,0.5615276903510913,56.15276903510913,1.3932888413442766
1993,152.6016107964876,0.5422452885937078,54.22452885937078,1.3845762279869436
1993,160.23169133631197,0.5291034518196883,52.91034518196883,1.3784131056653703
1993,168.2432759031276,0.5097054327299821,50.97054327299821,1.3689569029549746
1993,176.65543969828397,0.49531749804092856,49.531749804092854,1.3616465527748722
1993,185.48821168319816,0.4799660855825187,47.99660855825187,1.3535465453698727
1993,194.76262226735807,0.43492671145767764,43.492671145767765,1.3277624161953476
1993,204.500753380726,0.4073327081433141,40.73327081433141,1.3102351235092966
1993,214.7257910497623,0.39417802499903654,39.41780249990365,1.3013401996162945
1993,225.46208060225044,0.3809976491142428,38.09976491142428,1.292040853588422
1993,236.73518463236297,0.36529938465886463,36.52993846588647,1.280414865349667
1993,248.57194386398112,0.3478668602186452,34.78668602186452,1.2667320106706346
1993,261.0005410571802,0.33196305383913777,33.196305383913774,1.253459464774914
1993,274.0505681100392,0.3161491720514369,31.61491720514369,1.2394255832975585
1993,287.7530965155412,0.3029174106856108,30.29174106856108,1.2269688869250717
1993,302.14075134131826,0.2817851316110633,28.178513161106327,1.2055394992807549
1993,317.24778890838417,0.27211181480672636,27.211181480672636,1.195021250250698
1993,333.1101783538034,0.2594067546214817,25.94067546214817,1.180441773858492
1993,349.7656872714936,0.24690723636036638,24.690723636036637,1.1651574238955542
1993,367.2539716350683,0.23362408951350797,23.362408951350798,1.1477605714230885
1993,385.6166702168217,0.22330845419626685,22.330845419626684,1.1333257199746838
1993,404.8975037276628,0.20348650488804387,20.348650488804388,1.1029411040273043
1993,425.142378914046,0.19543183073622547,19.543183073622547,1.0894459167972097
1993,446.3994978597483,0.18685045540382564,18.685045540382564,1.0742251586495803
1993,468.7194727527357,0.17756252970723121,17.75625297072312,1.0566569208472565
1993,492.15544639037256,0.16796629112444278,16.79662911244428,1.0371546055677587
1993,516.7632187098911,0.156931259072749,15.693125907274899,1.012772144126352
1993,542.6013796453857,0.1488765849209306,14.88765849209306,0.9934490056361209
1993,569.731448627655,0.14114307002556428,14.114307002556428,0.9734983086741685
1993,598.2180210590378,0.13442441838058655,13.442441838058656,0.9549024145951853
1993,628.1289221119897,0.12432717135773287,12.432717135773288,0.9243904312173843
1993,659.5353682175893,0.11763421245327133,11.763421245327132,0.9021897070391054
1993,692.5121366284687,0.1110054854001002,11.10054854001002,0.878378884230911
1993,727.1377434598922,0.1042739873848644,10.42739873848644,0.8520452178478151
1993,763.4946306328869,0.09833896432562979,9.833896432562979,0.826731488132319
1993,801.6693621645313,0.09271225415258919,9.271225415258918,0.8006174721307616
1993,841.7528302727578,0.08535128399470729,8.535128399470729,0.7627620452394028
1993,883.8404717863959,0.08064951248024871,8.06495124802487,0.7359804311528569
1993,928.0324953757156,0.07551096437701528,7.551096437701528,0.7039351685267708
1993,974.4341201445014,0.07146435774571895,7.146435774571895,0.6763131496865464
1993,1023.1558261517266,0.06474570610074123,6.474570610074124,0.6248053240846893
1993,1074.313617459313,0.060609174877638325,6.060917487763833,0.5888201247220649
1993,1128.0292983322786,0.05647264365453541,5.647264365453541,0.5487981995495756
1993,1184.4307632488926,0.05345374664388577,5.345374664388577,0.5165482014942301
1993,1243.6523014113372,0.04895751705355652,4.895751705355652,0.462706967078578
1993,1305.8349164819042,0.04581015634032604,4.581015634032604,0.4199731737846798
1993,1371.1266623059996,0.042405868221933894,4.240586822193389,0.36790283736078344
1993,1439.6829954212997,0.03946404943283275,3.946404943283275,0.31685610908514994
1993,1511.6671451923644,0.03596983672263402,3.596983672263402,0.2469347825145651
1993,1587.2505024519828,0.03370887555721131,3.370887555721131,0.1948889875589083
1993,1666.6130275745822,0.03054866847372275,3.054866847372275,0.11041015063700248
1993,1749.9436789533113,0.028313400048816207,2.831340004881621,0.03994170274279657
1993,1837.440862900977,0.02600105340236116,2.6001053402361163,-0.045466137207183926
1993,1929.312906046026,0.024164022455455212,2.4164022455455214,-0.1252460866744896
1993,2025.7785513483275,0.021260742777128323,2.1260742777128323,-0.2819953166275657
1993,2127.067478915744,0.01970633197590021,1.9706331975900209,-0.3880846601537117
1993,2233.420852861531,0.01820330665570443,1.820330665570443,-0.5124633491639936
1993,2345.0918955046077,0.016957208740670325,1.6957208740670324,-0.6384545751574622
1993,2462.3464902798382,0.015428490679958377,1.5428490679958378,-0.8355619103503441
1993,2585.4638147938304,0.014208085505440438,1.4208085505440438,-1.0463250710183514
1993,2714.737005533522,0.01310329766324525,1.310329766324525,-1.3083011286058877
1993,2850.4738558101976,0.011985663450791979,1.198566345079198,-1.7085616389011358
1993,2992.997548600708,0.011150649384016546,1.1150649384016547,-2.217209149858934
1993,3142.6474260307436,0.009596238582788434,0.9596238582788433,
1993,3299.7797973322813,0.008709839034980666,0.8709839034980666,
1993,3464.768787198895,0.007951903189753735,0.7951903189753735,
1993,3638.0072265588396,0.006847115347558547,0.6847115347558547,
1993,3819.907587886782,0.006346106907493288,0.6346106907493287,
1993,4010.902967281121,0.005768020245879526,0.5768020245879526,
1993,4211.4481156451775,0.004843081587297509,0.4843081587297509,
1993,4422.0205214274365,0.0043677658877484165,0.43677658877484166,
1993,4643.1215474988085,0.0038282183369089066,0.3828218336908907,
1993,4875.277624873749,0.0035327518209729842,0.3532751820972984,
1993,5119.041506117437,0.002993204270133474,0.2993204270133474,
1993,5374.993581423309,0.0027362768649718022,0.2736276864971802,
1993,5643.743260494475,0.002505042200326298,0.2505042200326298,
1993,5925.9304235191985,0.002273807535680793,0.22738075356807932,
1993,6222.22694469516,0.0019141091684544533,0.19141091684544534,
1993,6533.338291929917,0.0016957208740670325,0.16957208740670324,
1993,6860.0052065264135,0.0014901789499376951,0.14901789499376952,
1993,7203.005466852734,0.001336022506840692,0.13360225068406922,
1993,7563.155740195372,0.0011690196934856056,0.11690196934856056,
1993,7941.31352720514,0.0010790951016790206,0.10790951016790207,
1993,8338.379203565397,0.0009506313990981848,0.09506313990981848,
1993,8755.298163743668,0.0008863995478077669,0.08863995478077669,
1993,9193.063071930852,0.0008221676965173491,0.08221676965173491,
1993,9652.716225527394,0.0007707822154850147,0.07707822154850147,
1993,10135.352036803766,0.0006551648831622625,0.06551648831622625,
1993,10642.119638643953,0.0005780866616137611,0.05780866616137611,
1993,11174.225620576151,0.0005395475508395103,0.053954755083951034,
1993,11732.93690160496,0.0005010084400652596,0.05010084400652596,
1993,12319.583746685208,0.00043677658877484165,0.04367765887748416,
1993,12935.562934019468,0.0003468519969682566,0.03468519969682566,
1993,13582.341080720444,0.00030831288619400586,0.030831288619400585,
1993,14261.458134756467,0.00029546651593592233,0.02954665159359223,
1993,14974.531041494289,0.0002569274051616716,0.025692740516167156,
1993,15723.257593569006,0.0002312346646455044,0.023123466464550442,
1993,16509.420473247457,0.00020554192412933727,0.020554192412933728,
1993,17334.89149690983,0.00015415644309700293,0.015415644309700292,
1993,18201.63607175532,0.00014131007283891937,0.014131007283891937,
1993,19111.71787534309,0.00014131007283891937,0.014131007283891937,
1993,20067.303769110244,0.0001156173323227522,0.011561733232275221,
1993,21070.668957565755,8.992459180658505e-05,0.008992459180658505,
1993,22124.202405444044,8.992459180658505e-05,0.008992459180658505,
1993,23230.41252571625,5.1385481032334316e-05,0.005138548103233432,
1993,24391.933152002064,5.1385481032334316e-05,0.005138548103233432,
1993,25611.529809602165,5.1385481032334316e-05,0.005138548103233432,
1993,26892.106300082276,5.1385481032334316e-05,0.005138548103233432,
1993,28236.71161508639,5.1385481032334316e-05,0.005138548103233432,
1993,29648.547195840714,5.1385481032334316e-05,0.005138548103233432,
1993,31130.97455563275,5.1385481032334316e-05,0.005138548103233432,
1993,32687.52328341439,5.1385481032334316e-05,0.005138548103233432,
1993,34321.89944758511,5.1385481032334316e-05,0.005138548103233432,
1993,36037.994419964365,3.853911077425073e-05,0.003853911077425073,
1993,37839.89414096259,2.5692740516167158e-05,0.002569274051616716,
1993,39731.88884801072,2.5692740516167158e-05,0.002569274051616716,
1993,41718.483290411255,2.5692740516167158e-05,0.002569274051616716,
1993,43804.40745493182,2.5692740516167158e-05,0.002569274051616716,
1993,45994.627827678414,2.5692740516167158e-05,0.002569274051616716,
1993,48294.35921906233,1.2846370258083579e-05,0.001284637025808358,
1993,50709.07718001545,1.2846370258083579e-05,0.001284637025808358,
1993,53244.531039016234,1.2846370258083579e-05,0.001284637025808358,
1993,55906.75759096704,1.2846370258083579e-05,0.001284637025808358,
1993,58702.0954705154,1.2846370258083579e-05,0.001284637025808358,
1993,61637.20024404117,1.2846370258083579e-05,0.001284637025808358,
1993,64719.06025624323,1.2846370258083579e-05,0.001284637025808358,
1993,67955.01326905539,1.2846370258083579e-05,0.001284637025808358,
1993,71352.76393250817,1.2846370258083579e-05,0.001284637025808358,
1993,74920.40212913358,1.2846370258083579e-05,0.001284637025808358,
1993,78666.42223559026,1.2846370258083579e-05,0.001284637025808358,
1995,0.7409264484985298,0.9855131507998323,98.55131507998323,1.5240058065322628
1995,0.7779727709234564,0.9855011682942904,98.55011682942903,1.5240031579033362
1995,0.8168714094696292,0.9855011682942904,98.55011682942903,1.5240031579033362
1995,0.8577149799431107,0.9855011682942904,98.55011682942903,1.5240031579033362
1995,0.9006007289402663,0.9855011682942904,98.55011682942903,1.5240031579033362
1995,0.9456307653872797,0.9855011682942904,98.55011682942903,1.5240031579033362
1995,0.9929123036566437,0.9855011682942904,98.55011682942903,1.5240031579033362
1995,1.042557918839476,0.9855011682942904,98.55011682942903,1.5240031579033362
1995,1.0946858147814498,0.9855011682942904,98.55011682942903,1.5240031579033362
1995,1.1494201055205222,0.9854772032832065,98.54772032832065,1.5239978605278233
1995,1.2068911107965483,0.9854772032832065,98.54772032832065,1.5239978605278233
1995,1.267235666336376,0.9854772032832065,98.54772032832065,1.5239978605278233
1995,1.3305974496531947,0.9854772032832065,98.54772032832065,1.5239978605278233
1995,1.3971273221358547,0.9854532382721227,98.54532382721227,1.5239925629954225
1995,1.4669836882426475,0.9854532382721227,98.54532382721227,1.5239925629954225
1995,1.54033287265478,0.9854412557665808,98.54412557665808,1.5239899141703868
1995,1.6173495162875187,0.9854412557665808,98.54412557665808,1.5239899141703868
1995,1.6982169921018948,0.9854292732610389,98.5429273261039,1.5239872653061257
1995,1.7831278417069896,0.9854292732610389,98.5429273261039,1.5239872653061257
1995,1.8722842337923393,0.9853933257444132,98.53933257444132,1.5239793184779817
1995,1.9658984454819561,0.9853933257444132,98.53933257444132,1.5239793184779817
1995,2.064193367756054,0.9853933257444132,98.53933257444132,1.5239793184779817
1995,2.167403036143857,0.9853933257444132,98.53933257444132,1.5239793184779817
1995,2.27577318795105,0.9852255706668265,98.52255706668265,1.5239422286112085
1995,2.3895618473486024,0.9852255706668265,98.52255706668265,1.5239422286112085
1995,2.509039939716033,0.9852135881612846,98.52135881612845,1.5239395790407118
1995,2.6344919367018345,0.9852016056557427,98.52016056557427,1.5239369294309695
1995,2.766216533536926,0.9851896231502008,98.51896231502008,1.5239342797819808
1995,2.904527360213773,0.9851656581391169,98.5165658139117,1.523928980366259
1995,3.049753728224462,0.9851656581391169,98.5165658139117,1.523928980366259
1995,3.2022414146356852,0.985153675633575,98.5153675633575,1.5239263305995236
1995,3.362353485367469,0.985153675633575,98.5153675633575,1.5239263305995236
1995,3.5304711596358427,0.985153675633575,98.5153675633575,1.5239263305995236
1995,3.706994717617635,0.9851177281169493,98.51177281169493,1.5239183810638082
1995,3.892344453498517,0.9850817806003235,98.50817806003235,1.523910431174805
1995,4.086961676173443,0.9850817806003235,98.50817806003235,1.523910431174805
1995,4.2913097599821155,0.9850578155892397,98.50578155892397,1.523905131052518
1995,4.505875247981221,0.9850338505781558,98.50338505781558,1.5238998307731924
1995,4.731169010380283,0.9850338505781558,98.50338505781558,1.5238998307731924
1995,4.9677274608992965,0.985009885567072,98.5009885567072,1.5238945303368199
1995,5.216113833944262,0.9849979030615301,98.49979030615302,1.5238918800597387
1995,5.476919525641475,0.9849619555449044,98.49619555449044,1.5238839289929005
1995,5.750765501923549,0.9848301479839434,98.48301479839434,1.5238547720572884
1995,6.038303777019728,0.9848181654784015,98.48181654784015,1.5238521211911196
1995,6.340218965870714,0.9847702354562339,98.47702354562338,1.523841517333622
1995,6.657229914164249,0.9846743754118986,98.46743754118987,1.523820307732857
1995,6.990091409872463,0.9845425678509376,98.45425678509376,1.5237911404254618
1995,7.339595980366086,0.9845305853453957,98.45305853453958,1.523788488616248
1995,7.706575779384391,0.9843867952788928,98.43867952788928,1.523756663839428
1995,8.09190456835361,0.984362830267809,98.4362830267809,1.5237513591595284
1995,8.49649979677129,0.9842190402013061,98.42190402013061,1.5237195277767697
1995,8.921324786609857,0.9840033551015517,98.40033551015517,1.523671770081568
1995,9.367391025940348,0.9839194775627583,98.39194775627583,1.5236531942013671
1995,9.835760577237368,0.9838236175184231,98.38236175184231,1.5236319622622445
1995,10.327548606099235,0.9837157749685459,98.37157749685458,1.5236080733188377
1995,10.843926036404198,0.9836678449463783,98.36678449463783,1.5235974549868099
1995,11.386122338224409,0.9831046671859086,98.31046671859086,1.523472642364103
1995,11.955428455135628,0.983056737163741,98.3056737163741,1.5234620159923669
1995,12.553199877892412,0.9829369121083219,98.2936912108322,1.523435447302064
1995,13.180859871787032,0.982781139536277,98.2781139536277,1.523400902106583
1995,13.839902865376386,0.9823617518423102,98.23617518423103,1.5233078626536665
1995,14.531898008645205,0.9821820142591816,98.21820142591817,1.5232679737914512
1995,15.258492909077466,0.981594871487628,98.1594871487628,1.523137608189001
1995,16.02141755453134,0.9812353963213708,98.12353963213708,1.5230577456283847
1995,16.822488432257906,0.9805284284943981,98.05284284943981,1.5229005785803398
1995,17.663612853870806,0.980420585944521,98.0420585944521,1.522876591812432
1995,18.546793496564344,0.9794619855011683,97.94619855011682,1.5226632347449256
1995,19.474133171392563,0.9790066502905758,97.90066502905758,1.522561801013291
1995,20.44783982996219,0.9785752800910671,97.85752800910672,1.5224656528739888
1995,21.470231821460303,0.9783595949913126,97.83595949913126,1.5224175594409335
1995,22.54374341253332,0.9762386915103948,97.62386915103947,1.5219439516362123
1995,23.670930583159986,0.9759750763884728,97.59750763884728,1.521884997553277
1995,24.854477112317984,0.9753280210892098,97.53280210892098,1.521740209789906
1995,26.097200967933887,0.9743574381403152,97.43574381403151,1.5215228085746484
1995,27.402061016330578,0.9732550476304596,97.32550476304596,1.5212755634791195
1995,28.772164067147113,0.9712899167215865,97.12899167215865,1.520833974787055
1995,30.210772270504467,0.9698280510454736,96.98280510454737,1.520504769123289
1995,31.721310884029695,0.9689653106464562,96.89653106464561,1.5203101999409712
1995,33.30737642823118,0.967551374992511,96.75513749925109,1.51999086570246
1995,34.972745249642735,0.9652028039062968,96.52028039062968,1.5194591872005572
1995,36.721382512124876,0.9636211131747648,96.36211131747649,1.5191002286654378
1995,38.55745163773113,0.9595111137738901,95.95111137738901,1.5181641126353498
1995,40.48532421961768,0.957569947876101,95.7569947876101,1.5177202808546686
1995,42.50959043059857,0.9560481696722785,95.60481696722785,1.517371570897316
1995,44.6350699521285,0.9463183751722485,94.63183751722485,1.5151259073017296
1995,46.86682344973492,0.94532382721227,94.53238272122701,1.51489477739748
1995,49.210164622221676,0.942711641004134,94.2711641004134,1.5142862979177143
1995,51.67067285333276,0.9404229824456294,94.04229824456294,1.5137514875829432
1995,54.2542064959994,0.9362770355281289,93.62770355281289,1.5127786128970526
1995,56.966916820799376,0.9240908273920077,92.40908273920077,1.5098883188096612
1995,59.81526266183934,0.9198010904080043,91.98010904080043,1.50885979786545
1995,62.806025794931315,0.9162662512731412,91.62662512731413,1.5080078616522024
1995,65.94632708467788,0.9125996045773171,91.25996045773171,1.5071199063590088
1995,69.24364343891177,0.9029536876160805,90.29536876160805,1.5047629776810452
1995,72.70582561085736,0.897765262716434,89.77652627164339,1.5034824511743734
1995,76.34111689140025,0.8831226409442214,88.31226409442215,1.4998192301240203
1995,80.15817273597025,0.8766640704571326,87.66640704571326,1.498179769253624
1995,84.16608137276877,0.8669941884848121,86.69941884848122,1.495697310788687
1995,88.37438544140721,0.8633994368222395,86.33994368222395,1.4947658088226452
1995,92.79310471347758,0.8468276316577796,84.68276316577797,1.490409318584747
1995,97.43275994915146,0.8395901983104668,83.95901983104667,1.488473807182149
1995,102.30439794660904,0.8312383919477563,83.12383919477563,1.4862147010378384
1995,107.4196178439395,0.8236654484452699,82.36654484452698,1.4841420789457807
1995,112.79059873613649,0.7858965909771733,78.58965909771733,1.4734440910073576
1995,118.4301286729433,0.7799053382062189,77.99053382062189,1.4716890577891188
1995,124.35163510659048,0.7706668264334072,77.06668264334073,1.4689500493934504
1995,130.56921686192,0.7604337667006171,76.04337667006172,1.4658686336636708
1995,137.097677705016,0.7441974716913307,74.41974716913306,1.4608732443829482
1995,143.9525615902668,0.7321071235995447,73.21071235995447,1.4570653933358235
1995,151.15018966978016,0.711041878856869,71.1041878856869,1.4502419818712384
1995,158.70769915326917,0.6986040381043677,69.86040381043676,1.446094883375559
1995,166.64308411093265,0.6886585585045834,68.86585585045833,1.4427126178060532
1995,174.97523831647928,0.6656761128752022,66.56761128752022,1.4346601834242079
1995,183.72400023230327,0.6486010424779821,64.8601042477982,1.428451314142879
1995,192.91020024391844,0.6314540770475107,63.145407704751065,1.422008965271363
1995,202.55571025611434,0.6154454496435204,61.54454496435204,1.4157952056118228
1995,212.6834957689201,0.6024803786471751,60.24803786471751,1.4106137346212566
1995,223.31767055736609,0.5458989874782817,54.58989874782817,1.3862565756602447
1995,234.48355408523443,0.5358576478341621,53.58576478341621,1.3816042422884853
1995,246.20773178949614,0.5213588161284525,52.135881612845246,1.3746906523086708
1995,258.51811837897094,0.5072554071056258,50.725540710562576,1.3677305002874818
1995,271.44402429791955,0.4869091126954646,48.69091126954646,1.3572497160108525
1995,285.01622551281554,0.4669103109460188,46.69103109460188,1.3463969631382302
1995,299.2670367884563,0.447965969684261,44.7965969684261,1.3355620083250754
1995,314.2303886278791,0.42983643879935296,42.98364387993529,1.3246369305714416
1995,329.9419080592731,0.41736265053022586,41.736265053022585,1.3167755700413544
1995,346.43900346223677,0.39155233359295427,39.15523335929543,1.299519525625778
1995,363.7609536353486,0.37668204421544543,37.668204421544544,1.288906521979844
1995,381.94900131711603,0.3607692768557905,36.07692768557905,1.276940755548877
1995,401.0464513829719,0.3444970343298784,34.44970343298784,1.2639855840784266
1995,421.09877395212044,0.3334851117368642,33.34851117368642,1.254764714777197
1995,442.1537126497265,0.32383919477562756,32.383919477562756,1.2463602252326915
1995,464.2613982822129,0.2957881493020191,29.578814930201908,1.2199618140969812
1995,487.4744681963236,0.2851357018752621,28.51357018752621,1.209073808320273
1995,511.8481916061397,0.2710802228746031,27.108022287460308,1.193870863942862
1995,537.4406011864468,0.25904978731052664,25.904978731052665,1.1800187365574222
1995,564.3126312457691,0.24245401713498294,24.245401713498293,1.1594649564303372
1995,592.5282628080575,0.2347852135881613,23.478521358816128,1.14933265815091
1995,622.1546759484605,0.22255107542987237,22.255107542987236,1.132231294966322
1995,653.2624097458836,0.21301300101851298,21.301300101851297,1.1180122559855024
1995,685.9255302331777,0.19683661853693607,19.683661853693607,1.0918524738872784
1995,720.2218067448366,0.18932358756215925,18.932358756215926,1.0787063269739299
1995,756.2328970820786,0.17771253969204961,17.771253969204963,1.0569504298652634
1995,794.0445419361826,0.16868971301899227,16.868971301899226,1.0386768165135307
1995,833.7467690329917,0.1586723383859565,15.867233838595652,1.0167715998944291
1995,875.4341074846413,0.15334012341980707,15.334012341980706,1.0043284916242394
1995,919.2058128588733,0.14116589778922772,14.116589778922773,0.9735593987242122
1995,965.166103501817,0.13385656940866336,13.385656940866337,0.9532719223006463
1995,1013.4244086769081,0.12701455874423342,12.701455874423342,0.932839688455451
1995,1064.0956291107534,0.12055598825714457,12.055598825714457,0.9120936102158086
1995,1117.3004105662912,0.10902881792582829,10.902881792582829,0.8708862282340522
1995,1173.1654310946058,0.10473908094182494,10.473908094182494,0.8539416930963748
1995,1231.8237026493362,0.0985680905877419,9.85680905877419,0.8277490899494713
1995,1293.4148877818031,0.09387094841531364,9.387094841531365,0.8061793294049603
1995,1358.0856321708934,0.08671739260679408,8.671739260679407,0.7701403403662364
1995,1425.989913779438,0.08194835540111438,8.194835540111438,0.7436045939412782
1995,1497.2894094684098,0.07613684021328859,7.61368402132886,0.7080097618799296
1995,1572.1538799418304,0.07079264274159727,7.079264274159727,0.6714995452584548
1995,1650.761573938922,0.06725780360673417,6.725780360673417,0.6449795003040258
1995,1733.2996526358681,0.06233299382900965,6.233299382900965,0.6042644838801097
1995,1819.9646352676618,0.05769576418429093,5.769576418429093,0.5610996389453831
1995,1910.9628670310447,0.05371757234437721,5.371757234437721,0.5194811087854372
1995,2006.5110103825973,0.048840692588820324,4.8840692588820325,0.4612017163877215
1995,2106.836560901727,0.046300401413935655,4.6300401413935655,0.4269431532697603
1995,2212.178388946814,0.04385597028338625,4.385597028338625,0.3909102102625195
1995,2322.7873083941545,0.03824815768977293,3.824815768977293,0.2937960696802043
1995,2438.926673813862,0.035815709064765444,3.5815709064765446,0.24357461236688732
1995,2560.8730075045555,0.03248457252411479,3.248457252411479,0.16397103794090354
1995,2688.916657879783,0.029704631238391947,2.9704631238391945,0.08500074207715688
1995,2823.3624907737726,0.027104427535797736,2.7104427535797737,-0.002892179069123371
1995,2964.530615312461,0.02504343658258942,2.504343658258942,-0.08552881739594304
1995,3112.757146078085,0.022982445629381103,2.2982445629381103,-0.18374785585228687
1995,3268.3950033819888,0.02171230004193877,2.171230004193877,-0.2545131870582164
1995,3431.8147535510884,0.019124078844886466,1.9124078844886465,-0.4333043683055604
1995,3603.4054912286433,0.01759031813552214,1.7590318135522138,-0.5713481279059269
1995,3783.575765790075,0.01597267988736445,1.597267988736445,-0.7586575599229686
1995,3972.754554079579,0.014774429333173567,1.4774429333173567,-0.9408066928598007
1995,4171.392281783558,0.0137319513510275,1.37319513510275,-1.1484112059295897
1995,4379.961895872737,0.012833263435384339,1.283326343538434,-1.388475085077607
1995,4598.959990666373,0.010963992570846563,1.0963992570846564,-2.3856253705074835
1995,4828.907990199693,0.009945479599784314,0.9945479599784315,
1995,5070.353389709678,0.009034809178599244,0.9034809178599245,
1995,5323.871059195162,0.008016296207536995,0.8016296207536996,
1995,5590.06461215492,0.006937870708765202,0.6937870708765203,
1995,5869.567842762666,0.006470552992630759,0.6470552992630759,
1995,6163.0462349008,0.005811515187825775,0.5811515187825774,
1995,6471.19854664584,0.0054640225271104185,0.5464022527110418,
1995,6794.758473978132,0.004493439578215805,0.44934395782158054,
1995,7134.496397677039,0.004062069378707088,0.40620693787070883,
1995,7491.221217560891,0.0036187166736564615,0.36187166736564613,
1995,7865.782278438936,0.0032232939907734705,0.32232939907734703,
1995,8259.071392360882,0.0029237313522257505,0.292373135222575,
1995,8672.024961978928,0.002755976274639027,0.2755976274639027,
1995,9105.626210077875,0.002288658558504583,0.22886585585045832,
1995,9560.90752058177,0.002049008447666407,0.20490084476664072,
1995,10038.952896610857,0.001929183392247319,0.1929183392247319,
1995,10540.9005414414,0.0017494458091186866,0.17494458091186865,
1995,11067.94556851347,0.0015697082259900545,0.15697082259900547,
1995,11621.342846939146,0.0012461805763585166,0.12461805763585167,
1995,12202.409989286105,0.0011023905098556108,0.11023905098556108,
1995,12812.53048875041,0.000958600443352705,0.0958600443352705,
1995,13453.15701318793,0.0007309328380564376,0.07309328380564376,
1995,14125.814863847329,0.0006590378048049847,0.06590378048049847,
1995,14832.105607039693,0.0005631777604697142,0.05631777604697142,
1995,15573.710887391679,0.0004793002216763525,0.04793002216763525,
1995,16352.396431761263,0.00043137019950871726,0.04313701995087173,
1995,17170.016253349328,0.00039542268288299086,0.039542268288299084,
1995,18028.517066016797,0.0003594751662572644,0.03594751662572644,
1995,18929.942919317637,0.00033551015517344676,0.03355101551734468,
1995,19876.440065283517,0.0002995626385477203,0.02995626385477203,
1995,20870.262068547694,0.00022766760529626745,0.022766760529626746,
1995,21913.77517197508,0.00021568509975435863,0.021568509975435864,
1995,23009.463930573835,0.00014379006650290575,0.014379006650290575,
1995,24159.93712710253,0.00013180756096099695,0.013180756096099696,
1995,25367.933983457657,0.00011982505541908813,0.011982505541908812,
1995,26636.330682630538,0.00010784254987717931,0.010784254987717932,
1995,27968.147216762067,8.387753879336169e-05,0.00838775387933617,
1995,29366.55457760017,4.793002216763525e-05,0.004793002216763525,
1995,30834.882306480184,4.793002216763525e-05,0.004793002216763525,
1995,32376.62642180419,3.594751662572644e-05,0.0035947516625726436,
1995,33995.4577428944,3.594751662572644e-05,0.0035947516625726436,
1995,35695.23063003913,2.3965011083817625e-05,0.0023965011083817624,
1995,37479.992161541086,2.3965011083817625e-05,0.0023965011083817624,
1995,39353.991769618144,2.3965011083817625e-05,0.0023965011083817624,
1995,41321.69135809905,2.3965011083817625e-05,0.0023965011083817624,
1995,43387.775926004004,2.3965011083817625e-05,0.0023965011083817624,
1995,45557.16472230421,2.3965011083817625e-05,0.0023965011083817624,
1995,47835.02295841942,2.3965011083817625e-05,0.0023965011083817624,
1995,50226.77410634039,1.1982505541908813e-05,0.0011982505541908812,
1996,0.5042891039833434,0.9796852854598975,97.96852854598976,1.522712957652797
1996,0.5295035591825106,0.9796610580126225,97.96610580126224,1.522707563518208
1996,0.555978737141636,0.9796610580126225,97.96610580126224,1.522707563518208
1996,0.5837776739987179,0.9796610580126225,97.96610580126224,1.522707563518208
1996,0.6129665576986538,0.9796610580126225,97.96610580126224,1.522707563518208
1996,0.6436148855835866,0.9796610580126225,97.96610580126224,1.522707563518208
1996,0.675795629862766,0.9796610580126225,97.96610580126224,1.522707563518208
1996,0.7095854113559042,0.9796610580126225,97.96610580126224,1.522707563518208
1996,0.7450646819236996,0.9796610580126225,97.96610580126224,1.522707563518208
1996,0.7823179160198845,0.9796610580126225,97.96610580126224,1.522707563518208
1996,0.8214338118208787,0.9796610580126225,97.96610580126224,1.522707563518208
1996,0.8625055024119227,0.9796610580126225,97.96610580126224,1.522707563518208
1996,0.905630777532519,0.9796610580126225,97.96610580126224,1.522707563518208
1996,0.950912316409145,0.9796610580126225,97.96610580126224,1.522707563518208
1996,0.9984579322296022,0.9796610580126225,97.96610580126224,1.522707563518208
1996,1.0483808288410825,0.9796610580126225,97.96610580126224,1.522707563518208
1996,1.1007998702831365,0.9796610580126225,97.96610580126224,1.522707563518208
1996,1.1558398637972933,0.9796610580126225,97.96610580126224,1.522707563518208
1996,1.213631856987158,0.9796610580126225,97.96610580126224,1.522707563518208
1996,1.274313449836516,0.9796610580126225,97.96610580126224,1.522707563518208
1996,1.3380291223283418,0.9796610580126225,97.96610580126224,1.522707563518208
1996,1.4049305784447592,0.979648944288985,97.9648944288985,1.522704866389977
1996,1.4751771073669973,0.979648944288985,97.9648944288985,1.522704866389977
1996,1.548935962735347,0.9796368305653474,97.96368305653475,1.52270216922112
1996,1.6263827608721144,0.9796368305653474,97.96368305653475,1.52270216922112
1996,1.7077018989157202,0.9796368305653474,97.96368305653475,1.52270216922112
1996,1.7930869938615064,0.9796368305653474,97.96368305653475,1.52270216922112
1996,1.8827413435545817,0.9796368305653474,97.96368305653475,1.52270216922112
1996,1.976878410732311,0.9796368305653474,97.96368305653475,1.52270216922112
1996,2.075722331268927,0.9796247168417099,97.96247168417099,1.5226994720116362
1996,2.179508447832373,0.9796247168417099,97.96247168417099,1.5226994720116362
1996,2.288483870223992,0.9796247168417099,97.96247168417099,1.5226994720116362
1996,2.4029080637351914,0.9796126031180724,97.96126031180724,1.5226967747615243
1996,2.523053466921951,0.9796126031180724,97.96126031180724,1.5226967747615243
1996,2.6492061402680487,0.9796126031180724,97.96126031180724,1.5226967747615243
1996,2.7816664472814514,0.9795883756707975,97.95883756707975,1.5226913801394115
1996,2.920749769645524,0.97957626194716,97.957626194716,1.5226886827674082
1996,3.0667872581278,0.97957626194716,97.957626194716,1.5226886827674082
1996,3.2201266210341903,0.97957626194716,97.957626194716,1.5226886827674082
1996,3.3811329520859,0.9795641482235224,97.95641482235224,1.5226859853547725
1996,3.5501895996901953,0.9795641482235224,97.95641482235224,1.5226859853547725
1996,3.727699079674705,0.9795520344998849,97.95520344998849,1.5226832879015029
1996,3.9140840336584404,0.9795520344998849,97.95520344998849,1.5226832879015029
1996,4.109788235341363,0.9795156933289724,97.95156933289724,1.5226751952978799
1996,4.315277647108432,0.9795156933289724,97.95156933289724,1.5226751952978799
1996,4.531041529463852,0.9795035796053349,97.95035796053348,1.522672497682064
1996,4.757593605937046,0.9794793521580598,97.94793521580598,1.522667102328512
1996,4.995473286233898,0.9794793521580598,97.94793521580598,1.522667102328512
1996,5.245246950545593,0.9793461011980472,97.93461011980472,1.52263742497785
1996,5.507509298072873,0.9793218737507723,97.93218737507723,1.522632028567451
1996,5.782884762976518,0.9792855325798597,97.92855325798597,1.5226239336469258
1996,6.072029001125344,0.9792128502380346,97.92128502380346,1.5226077427080278
1996,6.37563045118161,0.9792128502380346,97.92128502380346,1.5226077427080278
1996,6.694411973740692,0.9792007365143972,97.92007365143972,1.5226050440758847
1996,7.029132572427726,0.9790190306598345,97.90190306598345,1.5225645597129596
1996,7.380589201049113,0.9789584620416469,97.8958462041647,1.5225510628912633
1996,7.749618661101569,0.9787888699107219,97.87888699107219,1.522513266378215
1996,8.137099594156647,0.9786313915034343,97.86313915034343,1.5224781624721784
1996,8.54395457386448,0.9785223679906967,97.85223679906967,1.5224538557367437
1996,8.971152302557705,0.9783891170306841,97.8389117030684,1.5224241430239969
1996,9.41970991768559,0.9782922072415839,97.82922072415839,1.522402530681903
1996,9.89069541356987,0.978243752347034,97.8243752347034,1.5223917235328168
1996,10.385230184248364,0.9776380661651585,97.76380661651585,1.522256579122754
1996,10.904491693460782,0.9776380661651585,97.76380661651585,1.522256579122754
1996,11.449716278133822,0.977553270099696,97.75532700996959,1.5222376507660715
1996,12.022202092040516,0.9774442465869584,97.74442465869583,1.5222133113681893
1996,12.62331219664254,0.9771050623251081,97.71050623251081,1.5221375676417623
1996,13.254477806474668,0.9770323799832831,97.7032379983283,1.5221213326758682
1996,13.917201696798402,0.9765841722086952,97.65841722086952,1.5220211845298843
1996,14.613061781638324,0.9763055565650325,97.63055565650325,1.5219589020498543
1996,15.343714870720241,0.9757362115540696,97.57362115540697,1.521831561793532
1996,16.110900614256252,0.975675642935882,97.5675642935882,1.521818009630555
1996,16.916445644969066,0.9748276822812564,97.48276822812564,1.5216281716577715
1996,17.762267927217522,0.9743794745066686,97.43794745066687,1.5215277474348772
1996,18.650381323578397,0.9740402902448183,97.40402902448183,1.5214517133064265
1996,19.58290038975732,0.9738706981138933,97.38706981138932,1.5214136841439718
1996,20.562045409245183,0.9720657532919044,97.20657532919044,1.5210084445956171
1996,21.590147679707446,0.9719082748846167,97.19082748846168,1.5209730446443184
1996,22.66965506369282,0.9713752710445663,97.13752710445664,1.520853177544096
1996,23.80313781687746,0.9707816985863285,97.07816985863285,1.5207195948226504
1996,24.993294707721333,0.9700669888917154,97.00669888917155,1.520558618190631
1996,26.242959443107402,0.9685648871606644,96.85648871606644,1.5202198228500274
1996,27.55510741526277,0.9672808324550883,96.72808324550883,1.5199296994481764
1996,28.932862786025915,0.9655606836985621,96.5560683698562,1.5195403071636322
1996,30.37950592532721,0.9638768761129484,96.38768761129484,1.5191583217203866
1996,31.89848122159357,0.9634044408910855,96.34044408910854,1.5190509998112618
1996,33.49340528267325,0.9610543785054088,96.10543785054088,1.5185161871976238
1996,35.16807554680692,0.9585710651597195,95.85710651597195,1.5179493150085173
1996,36.92647932414726,0.957226441835956,95.72264418359559,1.517641626763954
1996,38.77280329035463,0.9537376894283534,95.37376894283534,1.516840836866371
1996,40.71144345487236,0.9484561059223995,94.84561059223995,1.5156217080412153
1996,42.74701562761598,0.9476687138859614,94.76687138859614,1.5154392480745151
1996,44.88436640899678,0.9455972671439474,94.55972671439474,1.5149583535557136
1996,47.12858472944662,0.9398311346924931,93.98311346924932,1.513612927021452
1996,49.48501396591895,0.9372751390049787,93.72751390049787,1.5130133044430607
1996,51.959264664214906,0.9318360770917372,93.18360770917373,1.511730663072921
1996,54.557227897425655,0.928044481593197,92.80444815931969,1.5108311104439016
1996,57.28508929229694,0.9181717968286272,91.81717968286272,1.5084676173356926
1996,60.14934375691178,0.9155067776283752,91.55067776283752,1.5078242959942973
1996,63.156810944757375,0.908456590471345,90.8456590471345,1.5061113296342319
1996,66.31465149199525,0.9038049205945415,90.38049205945416,1.5049722070493177
1996,69.63038406659501,0.8976390352630496,89.76390352630496,1.5034511850383088
1996,73.11190326992478,0.8928783418735085,89.28783418735084,1.5022680371603059
1996,76.76749843342103,0.8768639992247217,87.68639992247216,1.4982307410910258
1996,80.60587335509206,0.8729270390425313,87.29270390425313,1.4972243872044657
1996,84.63616702284668,0.861709730954198,86.1709730954198,1.4943263162375229
1996,88.86797537398901,0.8538479243134547,85.38479243134547,1.4922674914227056
1996,93.31137414268846,0.8448232002035105,84.48232002035105,1.489875307720731
1996,97.97694284982289,0.8376882169810178,83.76882169810177,1.4879617641081067
1996,102.87578999231404,0.8227156545650568,82.27156545650568,1.4838804829292085
1996,108.01957949192975,0.8147932793061259,81.47932793061258,1.481683933920308
1996,113.42055846652624,0.7900207144674202,79.00207144674202,1.4746426524297063
1996,119.09158638985257,0.7801480297028504,78.01480297028503,1.4717604717562531
1996,125.04616570934519,0.7690155176799797,76.90155176799797,1.4684562191947286
1996,131.29847399481247,0.7575317076716211,75.75317076716212,1.4649854561978595
1996,137.86339769455307,0.743746290172136,74.3746290172136,1.4607325177931958
1996,144.75656757928076,0.7314024057855144,73.14024057855144,1.456841055266567
1996,151.99439595824478,0.709755181645286,70.9755181645286,1.4498171328856417
1996,159.59411575615704,0.6991799009097407,69.91799009097407,1.4462888986150346
1996,167.5738215439649,0.6847282286101924,68.47282286101924,1.4413593023941194
1996,175.95251262116315,0.6676721057285799,66.76721057285799,1.4353730789736538
1996,184.75013825222132,0.6512095553052053,65.12095553052053,1.429412851465915
1996,193.9876451648324,0.6383690082494458,63.83690082494458,1.4246328116333393
1996,203.687027423074,0.6150258627999661,61.502586279996606,1.4156296498553982
1996,213.8713787942277,0.6026092960715195,60.26092960715195,1.4106659368632237
1996,224.5649477339391,0.5899989097648726,58.99989097648726,1.4054927853456476
1996,235.79319512063608,0.5406839408365738,54.06839408365738,1.3838538360252897
1996,247.58285487666788,0.5245484609514118,52.454846095141185,1.3762320870999618
1996,259.9619976205013,0.5074923380697993,50.74923380697993,1.3678494244487145
1996,272.9600975015264,0.4896730505990236,48.96730505990236,1.3587054714960243
1996,286.6081023766027,0.4728713159137987,47.287131591379875,1.3496921484669846
1996,300.9385074954328,0.46149652941817787,46.149652941817784,1.343358008100528
1996,315.98543287020453,0.4389528897287737,43.895288972877374,1.330201938165243
1996,331.78470451371476,0.4238349626291626,42.38349626291626,1.320891212268165
1996,348.3739397394005,0.4042591852309481,40.425918523094815,1.3081898707482749
1996,365.7926367263706,0.3880510230039612,38.80510230039612,1.2970673698061217
1996,384.08226856268914,0.374265605504476,37.426560550447604,1.2871314416017179
1996,403.28638199082354,0.3642233286089811,36.42233286089811,1.2795946509853182
1996,423.45070109036476,0.3415343242359269,34.15343242359269,1.2615423428084416
1996,444.623236144883,0.3271311068309288,32.71311068309288,1.2492642654139097
1996,466.85439795212716,0.3110319681166794,31.10319681166794,1.2346893648273887
1996,490.19711784973356,0.2977674407336071,29.77674407336071,1.2219289304222298
1996,514.7069737422203,0.281389686375695,28.1389686375695,1.205118767428621
1996,540.4423224293313,0.2681857276108103,26.81857276108103,1.190612347871206
1996,567.4644385507978,0.25568436481690104,25.568436481690103,1.1759925755021274
1996,595.8376604783379,0.24619931920873156,24.619931920873157,1.1642615538124805
1996,625.6295435022547,0.22960351782534433,22.96035178253443,1.142236399310788
1996,656.9110206773674,0.2192705115625492,21.92705115625492,1.1274333065772608
1996,689.7565717112359,0.20693874089956513,20.693874089956513,1.1085090599318286
1996,724.2444002967977,0.1961938680330947,19.619386803309467,1.0907542281549722
1996,760.4566203116377,0.185085583457499,18.5085583457499,1.0709783778163378
1996,798.4794513272195,0.17848360407505665,17.848360407505666,1.058453841342536
1996,838.4034238935806,0.16534021392835943,16.534021392835943,1.0315533176677891
1996,880.3235950882597,0.157260360262141,15.7260360262141,1.0135327479120368
1996,924.3397748426727,0.14881709488679726,14.881709488679725,0.9933009969091702
1996,970.5567635848064,0.1414156097442793,14.14156097442793,0.9742267727573904
1996,1019.0846017640466,0.12960472919770807,12.960472919770808,0.9407508026898236
1996,1070.0388318522491,0.1239476202589914,12.39476202589914,0.9231765565157025
1996,1123.5407734448615,0.11678840958922364,11.678840958922363,0.8992579906182313
1996,1179.7178121171046,0.11054984191590653,11.054984191590652,0.8766685940421123
1996,1238.70370272296,0.10244576080241305,10.244576080241306,0.8444717575571897
1996,1300.6388878591079,0.09648580877275865,9.648580877275865,0.8183739296617537
1996,1365.6708322520635,0.08924180203752832,8.924180203752833,0.7833372154587214
1996,1433.9543738646666,0.08397233225521193,8.397233225521193,0.7551366464015046
1996,1505.6520925579002,0.07989000738937142,7.9890007389371425,0.7314375033392146
1996,1580.9346971857954,0.07314266332327894,7.314266332327894,0.6880475661565443
1996,1659.981432045085,0.06795798960642511,6.795798960642512,0.6503986550948683
1996,1742.9805036473392,0.06362127654419691,6.362127654419691,0.6153817594603465
1996,1830.1295288297065,0.059030175285581035,5.903017528558103,0.5740616089203135
1996,1921.6360052711918,0.05537183074705334,5.537183074705334,0.5373619412530642
1996,2017.7178055347515,0.04952090223013652,4.952090223013652,0.469884718880146
1996,2118.603695811489,0.04660149483349687,4.660149483349687,0.43116373520846635
1996,2224.5338806020636,0.043657859989582194,4.365785998958219,0.38784290622414186
1996,2335.760574632167,0.04076268004021756,4.076268004021756,0.3401667356342803
1996,2452.5486033637753,0.037407178592627585,3.7407178592627583,0.277084264025754
1996,2575.176033531964,0.03437874768325035,3.4378747683250355,0.2109523238213434
1996,2703.9348352085626,0.0317258422066359,3.17258422066359,0.14370759789852425
1996,2839.131576968991,0.029085050453658952,2.9085050453658954,0.06544987360228648
1996,2981.0881558174406,0.027219537013482575,2.7219537013482573,0.0013489847389481907
1996,3130.1425636083127,0.023682329711329966,2.3682329711329966,-0.14833285841141977
1996,3286.6496917887284,0.021998522125716225,2.1998522125716224,-0.2377621568454871
1996,3450.982176378165,0.019975530278252232,1.9975530278252231,-0.36828068013895937
1996,3623.531285197074,0.018533997165388668,1.8533997165388667,-0.4828511872487005
1996,3804.7078494569273,0.017177260117987668,1.7177260117987667,-0.6143335418486942
1996,3994.943241929774,0.016171821056074426,1.6171821056074425,-0.7325427061435409
1996,4194.690404026263,0.013591597921285024,1.3591597921285024,-1.181341798556547
1996,4404.424924227576,0.012343884386621604,1.2343884386621604,-1.557910279194762
1996,4624.646170438955,0.011289990430158327,1.1289990430158328,-2.1092293249015137
1996,4855.878478960903,0.010127072960957469,1.0127072960957468,-4.371899216332548
1996,5098.672402908948,0.008879359426294049,0.8879359426294049,
1996,5353.606023054396,0.00806773994258095,0.806773994258095,
1996,5621.286324207116,0.007316689077055396,0.7316689077055396,
1996,5902.350640417472,0.00669888917154244,0.669888917154244,
1996,6197.468172438346,0.005584426596891619,0.5584426596891618,
1996,6507.341581060264,0.004978740415016172,0.49787404150161724,
1996,6832.708660113277,0.004457850298603287,0.44578502986032875,
1996,7174.344093118942,0.0038037092221778054,0.3803709222177805,
1996,7533.061297774889,0.0034524112366900463,0.3452411236690046,
1996,7909.714362663633,0.003125340698477305,0.3125340698477305,
1996,8305.200080796816,0.002555995687514385,0.2555995687514385,
1996,8720.460084836657,0.0023258349384017154,0.23258349384017155,
1996,9156.48308907849,0.0020593330183765186,0.20593330183765185,
1996,9614.307243532416,0.001841285992901358,0.18412859929013578,
1996,10095.022605709035,0.0015868977965136704,0.15868977965136705,
1996,10599.773735994488,0.001453646836501072,0.1453646836501072,
1996,11129.762422794212,0.0013082821528509648,0.13082821528509647,
1996,11686.250543933924,0.0012113723637508934,0.12113723637508934,
1996,12270.563071130622,0.0010054390619132416,0.10054390619132415,
1996,12884.091224687154,0.00090852927281317,0.090852927281317,
1996,13528.295785921511,0.0008116194837130985,0.08116194837130986,
1996,14204.710575217587,0.0007025959709755182,0.07025959709755182,
1996,14914.946103978467,0.0006662548000629914,0.06662548000629914,
1996,15660.693409177391,0.0006056861818754467,0.06056861818754467,
1996,16443.72807963626,0.0005330038400503931,0.05330038400503931,
1996,17265.914483618075,0.0004603214982253395,0.046032149822533945,
1996,18129.210207798977,0.00043609405095032164,0.04360940509503217,
1996,19035.67071818893,0.00033918426185025017,0.03391842618502502,
1996,19987.454254098375,0.00033918426185025017,0.03391842618502502,
1996,20986.826966803295,0.0002422744727501787,0.02422744727501787,
1996,22036.16831514346,0.0002422744727501787,0.02422744727501787,
1996,23137.976730900635,0.00019381957820014295,0.019381957820014294,
1996,24294.875567445666,0.00012113723637508934,0.012113723637508934,
1996,25509.619345817955,0.00010902351273758041,0.010902351273758042,
1996,26785.100313108855,8.479606546256254e-05,0.008479606546256254,
1996,28124.355328764297,7.268234182505361e-05,0.007268234182505361,
1996,29530.57309520251,7.268234182505361e-05,0.007268234182505361,
1996,31007.10174996264,4.845489455003574e-05,0.004845489455003574,
1996,32557.45683746077,2.422744727501787e-05,0.002422744727501787,
1996,34185.32967933381,2.422744727501787e-05,0.002422744727501787,
1996,35894.596163300506,2.422744727501787e-05,0.002422744727501787,
1996,37689.32597146553,2.422744727501787e-05,0.002422744727501787,
1996,39573.79227003881,2.422744727501787e-05,0.002422744727501787,
1996,41552.48188354075,1.2113723637508934e-05,0.0012113723637508934,
1996,43630.10597771779,1.2113723637508934e-05,0.0012113723637508934,
1996,45811.61127660368,1.2113723637508934e-05,0.0012113723637508934,
1996,48102.191840433865,1.2113723637508934e-05,0.0012113723637508934,
1996,50507.30143245557,1.2113723637508934e-05,0.0012113723637508934,
1996,53032.66650407834,1.2113723637508934e-05,0.0012113723637508934,
1996,55684.29982928227,1.2113723637508934e-05,0.0012113723637508934,
1996,58468.51482074638,1.2113723637508934e-05,0.0012113723637508934,
1997,0.4598220161258061,0.9827931081511115,98.27931081511116,1.5234035565853223
1997,0.4828131169320964,0.9827817429649498,98.27817429649498,1.5234010359399368
1997,0.5069537727787012,0.9827817429649498,98.27817429649498,1.5234010359399368
1997,0.5323014614176363,0.9827817429649498,98.27817429649498,1.5234010359399368
1997,0.5589165344885182,0.9827817429649498,98.27817429649498,1.5234010359399368
1997,0.5868623612129441,0.9827817429649498,98.27817429649498,1.5234010359399368
1997,0.6162054792735914,0.9827703777787881,98.2770377778788,1.523398515259048
1997,0.647015753237271,0.9827703777787881,98.2770377778788,1.523398515259048
1997,0.6793665408991345,0.9827703777787881,98.2770377778788,1.523398515259048
1997,0.7133348679440913,0.9827703777787881,98.2770377778788,1.523398515259048
1997,0.7490016113412958,0.9827703777787881,98.2770377778788,1.523398515259048
1997,0.7864516919083606,0.9827703777787881,98.2770377778788,1.523398515259048
1997,0.8257742765037788,0.9827703777787881,98.2770377778788,1.523398515259048
1997,0.8670629903289677,0.9827703777787881,98.2770377778788,1.523398515259048
1997,0.9104161398454163,0.9827703777787881,98.2770377778788,1.523398515259048
1997,0.9559369468376872,0.9827590125926262,98.27590125926262,1.5233959945426545
1997,1.0037337941795714,0.9827590125926262,98.27590125926262,1.5233959945426545
1997,1.05392048388855,0.9827476474064645,98.27476474064645,1.5233934737907557
1997,1.1066165080829775,0.9827476474064645,98.27476474064645,1.5233934737907557
1997,1.1619473334871266,0.9827476474064645,98.27476474064645,1.5233934737907557
1997,1.2200447001614827,0.9827476474064645,98.27476474064645,1.5233934737907557
1997,1.281046935169557,0.9827362822203027,98.27362822203027,1.523390953003351
1997,1.345099281928035,0.9827362822203027,98.27362822203027,1.523390953003351
1997,1.4123542460244367,0.982724917034141,98.2724917034141,1.5233884321804387
1997,1.4829719583256586,0.9827021866618175,98.27021866618175,1.5233833904280893
1997,1.5571205562419417,0.9827021866618175,98.27021866618175,1.5233833904280893
1997,1.634976584054039,0.9826908214756558,98.26908214756558,1.5233808694986501
1997,1.7167254132567409,0.9826908214756558,98.26908214756558,1.5233808694986501
1997,1.802561683919578,0.9826908214756558,98.26908214756558,1.5233808694986501
1997,1.8926897681155572,0.982679456289494,98.2679456289494,1.5233783485337002
1997,1.987324256521335,0.982679456289494,98.2679456289494,1.5233783485337002
1997,2.0866904693474018,0.982679456289494,98.2679456289494,1.5233783485337002
1997,2.191024992814772,0.982679456289494,98.2679456289494,1.5233783485337002
1997,2.3005762424555103,0.9826567259171706,98.26567259171706,1.5233733064972639
1997,2.415605054578286,0.9826567259171706,98.26567259171706,1.5233733064972639
1997,2.5363853073072007,0.9826453607310087,98.26453607310087,1.5233707854257756
1997,2.663204572672561,0.9826226303586852,98.26226303586853,1.5233657431762548
1997,2.796364801306189,0.9825998999863618,98.25998999863617,1.523360700784668
1997,2.9361830413714984,0.9825998999863618,98.25998999863617,1.523360700784668
1997,3.0829921934400732,0.9825658044278766,98.25658044278765,1.5233531369308984
1997,3.2371418031120776,0.9825658044278766,98.25658044278765,1.5233531369308984
1997,3.3989988932676813,0.9825544392417148,98.25544392417149,1.5233506155752676
1997,3.5689488379310657,0.9825544392417148,98.25544392417149,1.5233506155752676
1997,3.7473962798276195,0.9825089784970678,98.25089784970677,1.5233405297975153
1997,3.9347660938190003,0.9825089784970678,98.25089784970677,1.5233405297975153
1997,4.13150439850995,0.9824862481247443,98.24862481247443,1.5233354866954885
1997,4.338079618435448,0.9824407873800973,98.24407873800973,1.5233254000650969
1997,4.554983599357221,0.9824407873800973,98.24407873800973,1.5233254000650969
1997,4.782732779325082,0.9823385007046416,98.23385007046416,1.5233027030680462
1997,5.021869418291336,0.9822930399599945,98.22930399599944,1.5232926145898116
1997,5.272962889205903,0.982179388098377,98.2179388098377,1.5232673909060614
1997,5.536611033666199,0.9821111969814066,98.21111969814066,1.5232522549893448
1997,5.8134415853495085,0.9820771014229213,98.20771014229213,1.5232446865509637
1997,6.1041136646169845,0.9820657362367595,98.20657362367595,1.5232421636670492
1997,6.409319347847834,0.9819066236304951,98.19066236304951,1.5232068395578242
1997,6.729785315240226,0.9818725280720099,98.18725280720099,1.5231992691987741
1997,7.066274581002237,0.9817361458380688,98.17361458380688,1.5231689845603293
1997,7.419588310052349,0.9816224939764513,98.16224939764513,1.5231437434469193
1997,7.790567725554968,0.9815883984179661,98.1588398417966,1.5231361704187747
1997,8.180096111832716,0.9814747465563486,98.14747465563485,1.5231109246774226
1997,8.589100917424354,0.9814520161840251,98.14520161840251,1.523105875101859
1997,9.01855596329557,0.9814179206255399,98.14179206255399,1.5230983004714203
1997,9.46948376146035,0.9808382961312906,98.08382961312905,1.5229694826917144
1997,9.942957949533367,0.9808382961312906,98.08382961312905,1.5229694826917144
1997,10.440105847010035,0.9807132790835114,98.07132790835114,1.5229416863080691
1997,10.96211113936054,0.9805996272218939,98.05996272218938,1.5229164131227917
1997,11.510216696328566,0.9800540982861299,98.00540982861298,1.5227950521476152
1997,12.085727531144995,0.9800313679138064,98.00313679138064,1.5227899936546896
1997,12.690013907702244,0.9795199345365277,97.95199345365278,1.5226761397665318
1997,13.324514603087358,0.9792585352548074,97.92585352548075,1.522617919811806
1997,13.990740333241726,0.9787130063190435,97.87130063190435,1.522496356293991
1997,14.690277349903814,0.978553893712779,97.8553893712779,1.522460884719119
1997,15.424791217399003,0.9779401736600446,97.79401736600445,1.5223239999427085
1997,16.196030778268955,0.9775764877028685,97.75764877028685,1.5222428336472997
1997,17.005832317182403,0.9773719143519571,97.73719143519571,1.5221971614388992
1997,17.856123933041527,0.977144610628722,97.7144610628722,1.5221464008799828
1997,18.7489301296936,0.9751784334227395,97.51784334227395,1.5217067207815294
1997,19.686376636178284,0.9749511296995045,97.49511296995045,1.5216558210722442
1997,20.670695467987198,0.9745760785561668,97.45760785561669,1.5215718049348161
1997,21.704230241386558,0.9738600718279765,97.38600718279766,1.5214113010480839
1997,22.78944175345589,0.9728372050734191,97.28372050734191,1.5211817601967637
1997,23.928913841128683,0.9715870345956267,97.15870345956267,1.520900810589297
1997,25.12535953318512,0.9704277856071283,97.04277856071283,1.5206398997881687
1997,26.381627509844375,0.9693594581079238,96.93594581079238,1.5203991160708217
1997,27.700708885336596,0.967177342364868,96.71773423648679,1.5199062961310257
1997,29.085744329603425,0.966631813429104,96.66318134291039,1.5197828793916803
1997,30.5400315460836,0.9654157385097968,96.54157385097967,1.519507457116836
1997,32.06703312338778,0.9624494249215803,96.24494249215803,1.518833855218152
1997,33.67038477955717,0.9609378551620675,96.09378551620675,1.518489628065997
1997,35.35390401853503,0.9598127017320544,95.98127017320543,1.5182329700155242
1997,37.121599219461785,0.9525958085193436,95.25958085193436,1.5165779593415802
1997,38.977679180434876,0.9520048188389326,95.20048188389326,1.5164417540057937
1997,40.92656313945662,0.9498681638405237,94.98681638405237,1.515948457657995
1997,42.97289129642945,0.9476405873528209,94.76405873528209,1.5154327269781305
1997,45.121535861250926,0.9420489157612402,94.20489157612401,1.5141315963369542
1997,47.37761265431348,0.9366959130790562,93.66959130790562,1.5128771438728545
1997,49.74649328702915,0.9335591216984134,93.35591216984133,1.5121379786785878
1997,52.23381795138061,0.9309905896258581,93.09905896258581,1.5115304594461212
1997,54.84550884894964,0.929319907260081,92.9319907260081,1.511134203976815
1997,57.58778429139713,0.9154543801427467,91.54543801427467,1.5078116246033035
1997,60.46717350596699,0.9115220257307814,91.15220257307814,1.5068581192262183
1997,63.49053218126534,0.9050325044324226,90.50325044324225,1.5052735181513144
1997,66.66505879032862,0.8995658498886212,89.95658498886212,1.5039278666929
1997,69.99831172984504,0.8937468745738055,89.37468745738056,1.5024844629589724
1997,73.49822731633729,0.8914738373414557,89.14738373414556,1.5019175096972548
1997,77.17313868215416,0.8707323725962631,87.07323725962631,1.4966609790378207
1997,81.03179561626187,0.8640610083193163,86.40610083193164,1.4949375968310095
1997,85.08338539707498,0.8564917943355912,85.64917943355911,1.4929624415015885
1997,89.33755466692872,0.8469109424012365,84.69109424012366,1.490431480294995
1997,93.80443240027516,0.8322725826249034,83.22725826249034,1.4864959488045228
1997,98.49465402028893,0.8252375323907806,82.52375323907806,1.484574256484631
1997,103.41938672130338,0.817418284311497,81.7418284311497,1.4824146324279437
1997,108.59035605736855,0.8109514933854617,81.09514933854616,1.480609306857568
1997,114.01987386023698,0.778242487611947,77.82424876119471,1.4711990142102926
1997,119.72086755324884,0.7664454243760512,76.64454243760512,1.4676850218290018
1997,125.70691093091128,0.75480747374642,75.480747374642,1.464152597358912
1997,131.99225647745686,0.7447151884347866,74.47151884347866,1.461034594310675
1997,138.5918693013297,0.7270309587671046,72.70309587671045,1.455443479577869
1997,145.5214627663962,0.7198708914852026,71.98708914852025,1.4531318280199204
1997,152.797535904716,0.6981747511024231,69.81747511024231,1.4459501227261407
1997,160.43741269995184,0.6849115788516615,68.49115788516616,1.4414226480690366
1997,168.45928333494942,0.6667159158067009,66.67159158067008,1.435031892680787
1997,176.8822475016969,0.6539755421193799,65.39755421193799,1.4304272351190295
1997,185.72635987678174,0.6298927126426331,62.989271264263316,1.4214115737503001
1997,195.01267787062085,0.6184934309223985,61.84934309223985,1.4169936481496295
1997,204.7633117641519,0.6046960949220348,60.46960949220348,1.4115090121531857
1997,215.0014773523595,0.5906146292676274,59.061462926762744,1.4057485566883954
1997,225.75155121997747,0.5402213938264309,54.02213938264309,1.3836393274124876
1997,237.03912878097637,0.5227871982543074,52.27871982543074,1.3753823919364214
1997,248.89108522002522,0.5050916034004637,50.509160340046364,1.3666411743963869
1997,261.3356394810265,0.4903964176933218,49.039641769332185,1.3590847614241257
1997,274.4024214550778,0.4791335182070282,47.91335182070282,1.3530979597041228
1997,288.12254252783174,0.4567895622130291,45.678956221302904,1.3406790520239698
1997,302.52866965422334,0.4397076874119198,43.97076874119198,1.3306561323058737
1997,317.6551031369345,0.42363731417920625,42.363731417920626,1.3207667123155762
1997,333.53785829378126,0.40320270946038095,40.32027094603809,1.307482280647747
1997,350.2147512084703,0.3894735645769878,38.94735645769878,1.2980670360370687
1997,367.7254887688938,0.38041551120607353,38.04155112060735,1.2916207072338983
1997,386.1117632073385,0.35644633359094424,35.64463335909443,1.2735730989067946
1997,405.41735136770546,0.33975087511933444,33.975087511933445,1.2600584447625416
1997,425.6882189360908,0.3281697504205119,32.81697504205119,1.2501727348165628
1997,446.9726298828953,0.30881483838705276,30.881483838705275,1.2326059673559495
1997,469.3212613770401,0.29130108651179704,29.130108651179704,1.2154385114173287
1997,492.7873244458921,0.2787084602445788,27.87084602445788,1.2022456728320414
1997,517.4266906681868,0.2655475746692731,26.55475746692731,1.187602210562001
1997,543.2980252015961,0.2558303405009774,25.58303405009774,1.1761686461988987
1997,570.4629264616759,0.23785061599308996,23.785061599308996,1.1534342944019864
1997,598.9860727847598,0.22749693139973634,22.749693139973633,1.1392908031206108
1997,628.9353764239978,0.2163817793335455,21.638177933354548,1.123129032597797
1997,660.3821452451976,0.20631222439423558,20.631222439423556,1.1075077996163991
1997,693.4012525074577,0.19288993953720962,19.28899395372096,1.0850320504997484
1997,728.0713151328306,0.18511615220257308,18.51161522025731,1.0710349674481356
1997,764.4748808894722,0.1720575533027231,17.20575533027231,1.045648807338162
1997,802.6986249339458,0.16303359549029414,16.303359549029413,1.0265329424425207
1997,842.8335561806431,0.15396417693321818,15.396417693321817,1.0058150659231753
1997,884.9752339896753,0.14622448515706687,14.622448515706687,0.9867707861315475
1997,929.223995689159,0.13400691003318635,13.400691003318634,0.9537045339460768
1997,975.6851954736171,0.12782424876119472,12.782424876119473,0.9353366693710409
1997,1024.469455247298,0.12106196299495385,12.106196299495386,0.9137745338598965
1997,1075.6929280096629,0.11493612765377097,11.493612765377097,0.8927319786617206
1997,1129.4775744101462,0.10612810837841524,10.612810837841524,0.8595348990553674
1997,1185.9514531306534,0.09995681229258535,9.995681229258535,0.8338448253047803
1997,1245.2490257871862,0.09302404873391826,9.302404873391826,0.8021239794469213
1997,1307.5114770765456,0.08740964677001409,8.74096467700141,0.7738145662444001
1997,1372.8870509303729,0.08352275310269582,8.352275310269581,0.75261065508988
1997,1441.5314034768917,0.07719234441060145,7.719234441060145,0.7147693247923644
1997,1513.607973650736,0.07182797654225576,7.182797654225576,0.6788905117939047
1997,1589.288372333273,0.0669750420511888,6.6975042051188804,0.642766601258277
1997,1668.7527909499368,0.061906169023048595,6.19061690230486,0.600502553576444
1997,1752.1904304974337,0.0584284220575533,5.84284220575533,0.5682738315384777
1997,1839.7999520223054,0.05238214301950266,5.238214301950266,0.5043933760536659
1997,1931.789949623421,0.04939309905896259,4.939309905896259,0.46826814058037913
1997,2028.379447104592,0.046335863981452015,4.6335863981452015,0.4274426028357672
1997,2129.7984194598216,0.04379006228122017,4.379006228122017,0.38989235313561754
1997,2236.288340432813,0.03994862935854889,3.994862935854889,0.3257068325463214
1997,2348.1027574544532,0.03667545574396509,3.6675455743965086,0.261997010510657
1997,2465.5078953271764,0.033879619948174754,3.3879619948174753,0.1990381847563794
1997,2588.7832900935355,0.031174705641678412,3.1174705641678413,0.1284125253999605
1997,2718.222454598212,0.029072146201754783,2.9072146201754783,0.06503413042918059
1997,2854.133577328123,0.02559439923625949,2.5594399236259493,-0.06210047721324913
1997,2996.840256194529,0.023503204982497614,2.3503204982497614,-0.15717827376202553
1997,3146.682269004256,0.021582488521161975,2.1582488521161975,-0.2622779390364461
1997,3304.016382454469,0.020036823203164068,2.0036823203164067,-0.36386264531362217
1997,3469.2172015771926,0.018366140837386916,1.8366140837386917,-0.49770589083815125
1997,3642.6780616560523,0.01730917852434423,1.7309178524344229,-0.6002912493110704
1997,3824.8119647388553,0.01455880347320089,1.455880347320089,-0.9792018649683696
1997,4016.052562975798,0.013467745601672956,1.3467745601672956,-1.2116269593363282
1997,4216.855191124588,0.012422148474792017,1.2422148474792016,-1.5283375167451028
1997,4427.6979506808175,0.011217438741646588,1.1217438741646588,-2.163827960523849
1997,4649.082848214858,0.009728599354457426,0.9728599354457426,
1997,4881.536990625602,0.008898940764649725,0.8898940764649724,
1997,5125.613840156881,0.008023821430195026,0.8023821430195026,
1997,5381.894532164726,0.007421466563622312,0.7421466563622312,
1997,5650.989258772963,0.006239487202800382,0.6239487202800381,
1997,5933.538721711611,0.005728053825521662,0.5728053825521662,
1997,6230.215657797192,0.005227985634404691,0.5227985634404692,
1997,6541.726440687053,0.0046029003955084784,0.46029003955084785,
1997,6868.812762721405,0.004216484066009002,0.42164840660090014,
1997,7212.253400857475,0.0038187025503477745,0.38187025503477745,
1997,7572.866070900351,0.003307269173069055,0.3307269173069055,
1997,7951.509374445368,0.003068600263672319,0.3068600263672319,
1997,8349.084843167637,0.002682183934172842,0.2682183934172842,
1997,8766.53908532602,0.002488975769423103,0.2488975769423103,
1997,9204.866039592318,0.002136654998408874,0.21366549984088737,
1997,9665.109341571935,0.0019093512751738873,0.19093512751738873,
1997,10148.364808650533,0.0016138564349684047,0.16138564349684048,
1997,10655.78304908306,0.0013979178978951675,0.13979178978951676,
1997,11188.572201537214,0.001238805291630677,0.1238805291630677,
1997,11748.000811614076,0.0011819793608219302,0.11819793608219302,
1997,12335.400852194778,0.0010455971268809384,0.10455971268809383,
1997,12952.170894804518,0.0008523889621311997,0.08523889621311997,
1997,13599.779439544745,0.0007955630313224531,0.0795563031322453,
1997,14279.768411521984,0.0007273719143519571,0.0727371914351957,
1997,14993.756832098083,0.0006023548665727145,0.06023548665727144,
1997,15743.444673702987,0.0005114333772787198,0.05114333772787198,
1997,16530.616907388136,0.0004318770741464745,0.04318770741464745,
1997,17357.147752757544,0.0003864163294994772,0.03864163294994772,
1997,18225.00514039542,0.00035232077101422923,0.035232077101422926,
1997,19136.255397415196,0.0002386689093967359,0.02386689093967359,
1997,20093.068167285954,0.0001932081647497386,0.01932081647497386,
1997,21097.721575650252,0.00013638223394099195,0.013638223394099196,
1997,22152.607654432766,0.0001250170477792426,0.01250170477792426,
1997,23260.23803715441,0.0001250170477792426,0.01250170477792426,
1997,24423.24993901213,0.0001136518616174933,0.01136518616174933,
1997,25644.41243596274,0.00010228667545574397,0.010228667545574397,
1997,26926.633057760875,6.819111697049598e-05,0.006819111697049598,
1997,28272.96471064892,5.682593080874665e-05,0.005682593080874665,
1997,29686.612946181365,5.682593080874665e-05,0.005682593080874665,
1997,31170.943593490436,5.682593080874665e-05,0.005682593080874665,
1997,32729.490773164962,5.682593080874665e-05,0.005682593080874665,
1997,34365.96531182321,5.682593080874665e-05,0.005682593080874665,
1997,36084.26357741437,5.682593080874665e-05,0.005682593080874665,
1997,37888.47675628509,3.409555848524799e-05,0.003409555848524799,
1997,39782.900594099345,3.409555848524799e-05,0.003409555848524799,
1997,41772.04562380432,3.409555848524799e-05,0.003409555848524799,
1997,43860.647904994534,3.409555848524799e-05,0.003409555848524799,
1997,46053.68030024427,2.273037232349866e-05,0.002273037232349866,
1997,48356.36431525648,2.273037232349866e-05,0.002273037232349866,
1997,50774.18253101931,2.273037232349866e-05,0.002273037232349866,
1997,53312.891657570275,2.273037232349866e-05,0.002273037232349866,
1997,55978.53624044879,2.273037232349866e-05,0.002273037232349866,
1997,58777.46305247123,2.273037232349866e-05,0.002273037232349866,
1997,61716.33620509479,2.273037232349866e-05,0.002273037232349866,
1997,64802.15301534953,2.273037232349866e-05,0.002273037232349866,
1997,68042.26066611701,2.273037232349866e-05,0.002273037232349866,
1997,71444.37369942287,1.136518616174933e-05,0.001136518616174933,
1997,75016.59238439401,1.136518616174933e-05,0.001136518616174933,
1997,78767.42200361373,1.136518616174933e-05,0.001136518616174933,
1997,82705.7931037944,1.136518616174933e-05,0.001136518616174933,
1997,86841.08275898414,1.136518616174933e-05,0.001136518616174933,
1997,91183.13689693334,1.136518616174933e-05,0.001136518616174933,
1997,95742.29374178001,1.136518616174933e-05,0.001136518616174933,
1998,0.4198386471319267,0.9838305367990786,98.38305367990786,1.523633494890715
1998,0.44083057948852306,0.9838192452744969,98.3819245274497,1.5236309937985137
1998,0.4628721084629492,0.9838192452744969,98.3819245274497,1.5236309937985137
1998,0.4860157138860967,0.9838192452744969,98.3819245274497,1.5236309937985137
1998,0.5103164995804016,0.9838192452744969,98.3819245274497,1.5236309937985137
1998,0.5358323245594218,0.9838192452744969,98.3819245274497,1.5236309937985137
1998,0.5626239407873928,0.9838192452744969,98.3819245274497,1.5236309937985137
1998,0.5907551378267625,0.9838192452744969,98.3819245274497,1.5236309937985137
1998,0.6202928947181006,0.9838192452744969,98.3819245274497,1.5236309937985137
1998,0.6513075394540057,0.9838192452744969,98.3819245274497,1.5236309937985137
1998,0.6838729164267059,0.9837966622253337,98.37966622253337,1.5236259915092263
1998,0.7180665622480412,0.9837966622253337,98.37966622253337,1.5236259915092263
1998,0.7539698903604434,0.9837966622253337,98.37966622253337,1.5236259915092263
1998,0.7916683848784656,0.9837966622253337,98.37966622253337,1.5236259915092263
1998,0.831251804122389,0.9837966622253337,98.37966622253337,1.5236259915092263
1998,0.8728143943285085,0.9837740791761703,98.37740791761703,1.523620989080086
1998,0.9164551140449337,0.9837740791761703,98.37740791761703,1.523620989080086
1998,0.9622778697471805,0.9837740791761703,98.37740791761703,1.523620989080086
1998,1.0103917632345396,0.9837627876515888,98.37627876515887,1.5236184878130687
1998,1.0609113513962667,0.9837627876515888,98.37627876515887,1.5236184878130687
1998,1.11395691896608,0.9837627876515888,98.37627876515887,1.5236184878130687
1998,1.169654764914384,0.9837627876515888,98.37627876515887,1.5236184878130687
1998,1.2281375031601034,0.9837514961270071,98.37514961270071,1.5236159865110859
1998,1.2895443783181086,0.9837514961270071,98.37514961270071,1.5236159865110859
1998,1.354021597234014,0.9837514961270071,98.37514961270071,1.5236159865110859
1998,1.4217226770957148,0.9837402046024254,98.37402046024253,1.5236134851741359
1998,1.4928088109505007,0.9837402046024254,98.37402046024253,1.5236134851741359
1998,1.5674492514980256,0.9837402046024254,98.37402046024253,1.5236134851741359
1998,1.645821714072927,0.9837402046024254,98.37402046024253,1.5236134851741359
1998,1.7281127997765737,0.9836950385040988,98.36950385040988,1.5236034794766502
1998,1.8145184397654024,0.9836950385040988,98.36950385040988,1.5236034794766502
1998,1.9052443617536725,0.9836837469795172,98.36837469795172,1.5236009779648527
1998,2.0005065798413564,0.9836837469795172,98.36837469795172,1.5236009779648527
1998,2.1005319088334238,0.9836837469795172,98.36837469795172,1.5236009779648527
1998,2.2055585042750954,0.9836837469795172,98.36837469795172,1.5236009779648527
1998,2.3158364294888503,0.9836724554549355,98.36724554549356,1.523598476418083
1998,2.4316282509632927,0.9836611639303539,98.36611639303538,1.5235959748363401
1998,2.5532096635114576,0.9836611639303539,98.36611639303538,1.5235959748363401
1998,2.6808701466870306,0.9836611639303539,98.36611639303538,1.5235959748363401
1998,2.814913654021382,0.9836498724057722,98.36498724057722,1.523593473219623
1998,2.9556593367224515,0.9836385808811906,98.36385808811906,1.5235909715679312
1998,3.103442303558574,0.9836385808811906,98.36385808811906,1.5235909715679312
1998,3.258614418736503,0.9836385808811906,98.36385808811906,1.5235909715679312
1998,3.4215451396733285,0.9835369571599557,98.35369571599557,1.523568455128681
1998,3.5926223966569952,0.9835256656353741,98.35256656353741,1.5235659531271897
1998,3.7722535164898447,0.9835143741107925,98.35143741107925,1.5235634510907134
1998,3.960866192314337,0.9835030825862108,98.35030825862108,1.5235609490192512
1998,4.158909501930054,0.9835030825862108,98.35030825862108,1.5235609490192512
1998,4.3668549770265574,0.9834127503895576,98.34127503895576,1.5235409311879553
1998,4.585197725877885,0.9834127503895576,98.34127503895576,1.5235409311879553
1998,4.81445761217178,0.983401458864976,98.3401458864976,1.5235384288015799
1998,5.055180492780369,0.9833675842912311,98.33675842912311,1.5235309214324804
1998,5.3079395174193875,0.9833675842912311,98.33675842912311,1.5235309214324804
1998,5.573336493290357,0.983333709717486,98.33337097174861,1.5235234137484022
1998,5.852003317954875,0.9832659605699962,98.32659605699962,1.5235083974352122
1998,6.144603483852619,0.9832320859962512,98.32320859962512,1.5235008888060513
1998,6.451833658045251,0.9831869198979246,98.31869198979246,1.52349087681038
1998,6.774425340947513,0.9831304622750163,98.31304622750163,1.5234783610280112
1998,7.1131466079948895,0.9830965877012714,98.30965877012714,1.5234708511383968
1998,7.468803938394634,0.9830401300783632,98.30401300783632,1.523458333955306
1998,7.842244135314367,0.9830401300783632,98.30401300783632,1.523458333955306
1998,8.234356342080085,0.9830288385537815,98.30288385537816,1.5234558304136196
1998,8.646074159184089,0.9827352589146586,98.27352589146587,1.5233907260333968
1998,9.078377867143294,0.9827239673900771,98.2723967390077,1.5233882215457206
1998,9.532296760500458,0.9827126758654954,98.27126758654954,1.5233857170229952
1998,10.008911598525483,0.9826110521442605,98.26110521442605,1.5233631747410943
1998,10.509357178451758,0.982306180980556,98.2306180980556,1.523295530854323
1998,11.034825037374345,0.9822610148822294,98.22610148822294,1.5232855073630491
1998,11.586566289243063,0.9820013098168515,98.20013098168515,1.5232278613920205
1998,12.165894603705217,0.98185451999729,98.185451999729,1.523195270672184
1998,12.77418933389048,0.9814818996860957,98.14818996860957,1.5231125137230785
1998,13.412898800585003,0.9814141505386057,98.14141505386057,1.5230974628935205
1998,14.083543740614251,0.9809286149815948,98.09286149815948,1.5229895615673164
1998,14.787720927644967,0.9807592421128701,98.07592421128702,1.5229519062639796
1998,15.527106974027214,0.9805898692441454,98.05898692441454,1.5229142430388307
1998,16.303462322728578,0.9804204963754206,98.04204963754206,1.5228765718887813
1998,17.118635438865006,0.9789864727535512,97.89864727535512,1.5225573047910015
1998,17.97456721080826,0.978896140556898,97.8896140556898,1.5225371744073002
1998,18.873295571348674,0.9786590185406834,97.86590185406834,1.522484321381905
1998,19.816960349916105,0.9779815270657845,97.79815270657845,1.5223332267382408
1998,20.807808367411912,0.9773492016892121,97.7349201689212,1.5221920899845902
1998,21.84819878578251,0.9761861746573022,97.61861746573021,1.5219322084742684
1998,22.940608725071634,0.9751699374449538,97.51699374449538,1.5217048185527273
1998,24.087639161325217,0.97445857139631,97.445857139631,1.5215454737595009
1998,25.29202111939148,0.9724148054470314,97.24148054470314,1.5210868839682261
1998,26.556622175361056,0.9720873512341637,97.20873512341637,1.5210132991042724
1998,27.88445328412911,0.9701903751044466,97.01903751044466,1.5205864192301841
1998,29.278675948335568,0.968214358302658,96.8214358302658,1.5201406697801514
1998,30.742609745752343,0.9667690431562069,96.67690431562069,1.5198139332972411
1998,32.279740233039966,0.9647478602560918,96.47478602560918,1.5193560130106334
1998,33.893727244691966,0.9601860843251055,96.01860843251056,1.5183181827318462
1998,35.588413606926565,0.9593618030306452,95.93618030306452,1.5181300128261823
1998,37.36783428727289,0.9559969287053138,95.59969287053138,1.517359817440042
1998,39.23622600163654,0.9534450441498611,95.3445044149861,1.516773502274746
1998,41.198037301718365,0.9513899866760009,95.13899866760009,1.5162999442149518
1998,43.25793916680429,0.94672658702378,94.672658702378,1.5152206887368003
1998,45.420836125144504,0.9402791264876583,94.02791264876583,1.5137178185043436
1998,47.691877931401734,0.9372304148506131,93.72304148506132,1.5130027946453966
1998,50.076471827971815,0.9352995641471511,93.52995641471512,1.512548476638711
1998,52.58029541937041,0.928965018856846,92.8965018856846,1.5110499189244657
1998,55.20931019033894,0.9182380705042795,91.82380705042796,1.5084835863756
1998,57.96977569985589,0.9133149657866805,91.33149657866805,1.5072934878435145
1998,60.86826448484869,0.9083692780199183,90.83692780199183,1.5060900138329887
1998,63.91167770909112,0.9018089022379802,90.18089022379802,1.5044812140258863
1998,67.10726159454568,0.8990876448138028,89.90876448138027,1.503809678315301
1998,70.46262467427297,0.8892188523294415,88.92188523294415,1.5013533098897944
1998,73.98575590798661,0.8737155890788374,87.37155890788374,1.4974263982282325
1998,77.68504370338594,0.8671213387231544,86.71213387231545,1.4957301724052297
1998,81.56929588855526,0.8606512951378695,86.06512951378696,1.4940504791803761
1998,85.64776068298302,0.8469772588694926,84.69772588694926,1.4904491194040175
1998,89.93014871713217,0.8371762155326212,83.71762155326212,1.4878236818313755
1998,94.42665615298878,0.8300286804724374,83.00286804724374,1.4858851754634423
1998,99.14798896063823,0.8224746505273142,82.24746505273141,1.4838140457022615
1998,104.10538840867015,0.8113073327160634,81.13073327160633,1.4807091048218994
1998,109.31065782910366,0.7808653824439376,78.08653824439375,1.4719713991076082
1998,114.77619072055884,0.7694044849935638,76.94044849935638,1.4685726587335466
1998,120.51500025658679,0.7589824078047018,75.89824078047019,1.465427464307911
1998,126.54075026941614,0.7438969309636188,74.38969309636188,1.4607795153759136
1998,132.86778778288695,0.7332038571847971,73.32038571847971,1.457413995641596
1998,139.5111771720313,0.7185135837040717,71.85135837040717,1.4526904179978428
1998,146.48673603063287,0.6987985817845126,69.87985817845126,1.4461604496197205
1998,153.81107283216454,0.684661593008288,68.46615930082879,1.4413362752629817
1998,161.50162647377277,0.6718344210835347,67.18344210835347,1.436851254173685
1998,169.5767077974614,0.6452993383166595,64.52993383166596,1.4272273590530797
1998,178.05554318733448,0.6332174070142951,63.321740701429505,1.4226814299227306
1998,186.9583203467012,0.6189787945168357,61.897879451683565,1.417183811990028
1998,196.30623636403627,0.6025835008242812,60.25835008242812,1.4106554927637662
1998,206.1215481822381,0.5879158103927192,58.791581039271925,1.404624990128857
1998,216.42762559135002,0.5716673065197263,57.16673065197263,1.3977218423336737
1998,227.24900687091753,0.5199972900341004,51.999729003410046,1.3740290758677156
1998,238.6114572144634,0.5048101894717825,50.48101894717825,1.3664990716115681
1998,250.54203007518657,0.49217497346491723,49.217497346491726,1.3600143461059808
1998,263.0691315789459,0.47026941577651815,47.02694157765181,1.3482603158569748
1998,276.22258815789326,0.4537612068381473,45.37612068381473,1.33893699252677
1998,290.0337175657879,0.4369707097852352,43.69707097852352,1.3290044582747393
1998,304.5354034440773,0.41859939929089224,41.85993992908922,1.317568226012833
1998,319.76217361628125,0.4022041055983379,40.220410559833795,1.3068112821975901
1998,335.7502822970953,0.39065287595131093,39.065287595131096,1.2988922589123215
1998,352.53779641195007,0.3671552132968994,36.715521329689935,1.2818222257820184
1998,370.1646862325476,0.35089541789932477,35.089541789932476,1.269171363288906
1998,388.672920544175,0.3375827104175606,33.75827104175606,1.2582409242605246
1998,408.1065665713837,0.32317472505137645,32.317472505137644,1.2457694359130405
1998,428.51189489995295,0.30536799078611593,30.536799078611594,1.2293283630249119
1998,449.93748964495063,0.28753867347169215,28.753867347169216,1.2115755127439922
1998,472.43436412719814,0.2755244913168176,27.55244913168176,1.1987868090731162
1998,496.05608233355815,0.2648540005871593,26.48540005871593,1.1868043583619745
1998,520.858886450236,0.24710372394480704,24.710372394480704,1.1654054818977955
1998,546.9018307727478,0.23543957905196358,23.543957905196358,1.1502141227385574
1998,574.2469223113853,0.2245432578306723,22.45432578306723,1.1350995516691116
1998,602.9592684269545,0.2137146857568709,21.37146857568709,1.1190868432229941
1998,633.1072318483024,0.2015085476841083,20.15085476841083,1.0996939393934924
1998,664.7625934407174,0.19299473814954496,19.299473814954496,1.0852155626069353
1998,698.0007231127533,0.17974977981527065,17.974977981527065,1.060903733561611
1998,732.9007592683911,0.17126984485445224,17.126984485445224,1.0440347508404868
1998,769.5457972318106,0.1626657031232357,16.26657031232357,1.0257233017245542
1998,808.0230870934013,0.15432126645739708,15.432126645739707,1.0066620015949284
1998,848.4242414480713,0.14171992502427677,14.171992502427678,0.9750378871147852
1998,890.8454535204748,0.13508050857026715,13.508050857026715,0.9567744422921628
1998,935.3877261964988,0.12835075991960435,12.835075991960435,0.9369485757166738
1998,982.1571125063236,0.12171134346559473,12.171134346559473,0.9159175066675065
1998,1031.26496813164,0.11298299496398004,11.298299496398004,0.8856881027028045
1998,1082.8282165382218,0.10685169711614462,10.685169711614462,0.8624074640030415
1998,1136.9696273651332,0.09957995528556265,9.957995528556266,0.8322026992112139
1998,1193.8181087333896,0.09383256927350331,9.383256927350331,0.8059966989200253
1998,1253.5090141700593,0.08941758316207854,8.941758316207855,0.7842358484500728
1998,1316.1844648785625,0.08268783451141573,8.268783451141573,0.7478661130656976
1998,1381.9936881224905,0.07741469253178564,7.741469253178564,0.7161757242719813
1998,1451.093372528615,0.07243513019127842,7.2435130191278425,0.6831505363716598
1998,1523.6480411550458,0.0675459000474244,6.7545900047424405,0.6472196093668163
1998,1599.8304432127982,0.06344707662428581,6.344707662428581,0.6138988799022865
1998,1679.8219653734384,0.05637858223617353,5.637858223617353,0.5478348043224102
1998,1763.8130636421104,0.05288950114044398,5.288950114044398,0.510197282412312
1998,1852.0037168242159,0.049411711569296086,4.941171156929609,0.4685039924794171
1998,1944.6039026654266,0.04649849822723064,4.6498498227230645,0.42972505663433136
1998,2041.8340977986982,0.04284004426277636,4.284004426277636,0.37492904942055905
1998,2143.9258026886328,0.039599376707843095,3.9599376707843095,0.31934663086785214
1998,2251.122092823065,0.03651679049705291,3.651679049705291,0.25865514451622856
1998,2363.678197464218,0.03360357715498747,3.360357715498747,0.19231102157972293
1998,2481.8621073374293,0.03196630609064836,3.1966306090648358,0.15022640742982404
1998,2605.955212704301,0.028691763961970145,2.8691763961970143,0.052616186670068114
1998,2736.252973339516,0.026715747160181567,2.671574716018157,-0.017483876241910296
1998,2873.065622006492,0.024705855784648043,2.4705855784648043,-0.10042250677949952
1998,3016.718903106817,0.02304600167114564,2.3046001671145637,-0.1804347002943103
1998,3167.5548482621575,0.021182900115173552,2.118290011517355,-0.2868701823003648
1998,3325.9325906752656,0.019760168017885774,1.9760168017885775,-0.38407095058752655
1998,3492.2292202090293,0.017129242790361553,1.7129242790361554,-0.6195212973854108
1998,3666.8406812194808,0.015830717463471918,1.5830717463471917,-0.7779056001376182
1998,3850.182715280455,0.014588649759490526,1.4588649759490526,-0.9737643492691717
1998,4042.6918510444775,0.013120751563876154,1.3120751563876154,-1.3033881655870705
1998,4244.826443596701,0.01169801946658838,1.1698019466588379,-1.8525644367854692
1998,4457.067765776537,0.010828572073801404,1.0828572073801404,-2.530702114221162
1998,4679.921154065364,0.009913958582687834,0.9913958582687834,
1998,4913.917211768633,0.00905580271448251,0.9055802714482509,
1998,5159.613072357064,0.007621779092613084,0.7621779092613085,
1998,5417.593725974918,0.006899121519387548,0.6899121519387548,
1998,5688.4734122736645,0.006244213093651905,0.6244213093651905,
1998,5972.897082887348,0.0053860572254465795,0.538605722544658,
1998,6271.541937031715,0.005058603012578758,0.5058603012578758,
1998,6585.119033883301,0.004494026783496308,0.44940267834963077,
1998,6914.374985577467,0.0038391183577606647,0.38391183577606647,
1998,7260.093734856341,0.0033987488990763533,0.3398748899076353,
1998,7623.0984215991575,0.0030148370633002867,0.3014837063300287,
1998,8004.253342679116,0.0027438404733407104,0.274384047334071,
1998,8404.466009813072,0.002303471014656399,0.23034710146563991,
1998,8824.689310303726,0.0021228066213500145,0.21228066213500146,
1998,9265.923775818912,0.0018631015559720874,0.18631015559720873,
1998,9729.21996460986,0.0017163117364106502,0.17163117364106503,
1998,10215.680962840352,0.0013775659989611797,0.13775659989611796,
1998,10726.46501098237,0.0012533592285630406,0.12533592285630404,
1998,11262.788261531488,0.0010275287369300604,0.10275287369300604,
1998,11825.927674608063,0.000835572819042027,0.08355728190420271,
1998,12417.224058338468,0.000812989769878729,0.0812989769878729,
1998,13038.085261255392,0.0006436169011539938,0.06436169011539938,
1998,13689.989524318162,0.0005758677536640998,0.05758677536640998,
1998,14374.48900053407,0.0004968270815925566,0.04968270815925566,
1998,15093.213450560774,0.00044036945868431153,0.044036945868431154,
1998,15847.874123088814,0.0003387457374494704,0.03387457374494704,
1998,16640.267829243254,0.00032745421286782143,0.03274542128678214,
1998,17472.28122070542,0.0002371220162146293,0.02371220162146293,
1998,18345.89528174069,0.00021453896705133128,0.02145389670513313,
1998,19263.190045827723,0.00018066439330638424,0.018066439330638423,
1998,20226.349548119113,0.0001580813441430862,0.01580813441430862,
1998,21237.667025525072,0.0001580813441430862,0.01580813441430862,
1998,22299.550376801326,0.0001467898195614372,0.01467898195614372,
1998,23414.527895641393,0.00013549829497978816,0.013549829497978817,
1998,24585.25429042346,0.00012420677039813916,0.012420677039813916,
1998,25814.51700494464,0.00011291524581649014,0.011291524581649014,
1998,27105.242855191867,9.033219665319212e-05,0.009033219665319211,
1998,28460.504997951462,7.90406720715431e-05,0.00790406720715431,
1998,29883.530247849038,7.90406720715431e-05,0.00790406720715431,
1998,31377.70676024149,6.774914748989408e-05,0.006774914748989409,
1998,32946.59209825357,6.774914748989408e-05,0.006774914748989409,
1998,34593.92170316625,5.645762290824507e-05,0.005645762290824507,
1998,36323.61778832456,5.645762290824507e-05,0.005645762290824507,
1998,38139.79867774079,4.516609832659606e-05,0.004516609832659606,
1998,40046.78861162783,4.516609832659606e-05,0.004516609832659606,
1998,42049.12804220923,3.387457374494704e-05,0.0033874573744947043,
1998,44151.584444319684,3.387457374494704e-05,0.0033874573744947043,
1998,46359.16366653568,3.387457374494704e-05,0.0033874573744947043,
1998,48677.12184986246,3.387457374494704e-05,0.0033874573744947043,
1998,51110.97794235559,2.258304916329803e-05,0.002258304916329803,
1998,53666.526839473365,2.258304916329803e-05,0.002258304916329803,
1998,56349.85318144704,2.258304916329803e-05,0.002258304916329803,
1998,59167.34584051939,2.258304916329803e-05,0.002258304916329803,
1998,62125.71313254537,2.258304916329803e-05,0.002258304916329803,
1998,65231.99878917264,1.1291524581649015e-05,0.0011291524581649014,
1999,0.339344641828083,0.9851205075378527,98.51205075378527,1.5239189957254262
1999,0.35631187391948715,0.9851096068107743,98.51096068107744,1.5239165850462193
1999,0.3741274676154615,0.9851096068107743,98.51096068107744,1.5239165850462193
1999,0.39283384099623464,0.9851096068107743,98.51096068107744,1.5239165850462193
1999,0.4124755330460464,0.9850987060836958,98.50987060836958,1.5239141743345253
1999,0.43309930969834876,0.9850987060836958,98.50987060836958,1.5239141743345253
1999,0.45475427518326617,0.9850987060836958,98.50987060836958,1.5239141743345253
1999,0.4774919889424295,0.9850987060836958,98.50987060836958,1.5239141743345253
1999,0.501366588389551,0.9850987060836958,98.50987060836958,1.5239141743345253
1999,0.5264349178090285,0.9850660039024602,98.50660039024602,1.5239069420045135
1999,0.55275666369948,0.9850660039024602,98.50660039024602,1.5239069420045135
1999,0.580394496884454,0.9850660039024602,98.50660039024602,1.5239069420045135
1999,0.6094142217286768,0.9850660039024602,98.50660039024602,1.5239069420045135
1999,0.6398849328151106,0.9850660039024602,98.50660039024602,1.5239069420045135
1999,0.6718791794558663,0.9850660039024602,98.50660039024602,1.5239069420045135
1999,0.7054731384286596,0.9850660039024602,98.50660039024602,1.5239069420045135
1999,0.7407467953500925,0.9850660039024602,98.50660039024602,1.5239069420045135
1999,0.7777841351175971,0.9850551031753818,98.50551031753818,1.5239045311628634
1999,0.8166733418734771,0.9850551031753818,98.50551031753818,1.5239045311628634
1999,0.857507008967151,0.9850551031753818,98.50551031753818,1.5239045311628634
1999,0.9003823594155085,0.9850551031753818,98.50551031753818,1.5239045311628634
1999,0.945401477386284,0.9850551031753818,98.50551031753818,1.5239045311628634
1999,0.9926715512555983,0.9850551031753818,98.50551031753818,1.5239045311628634
1999,1.0423051288183782,0.9850333017212248,98.50333017212249,1.5238997093820894
1999,1.094420385259297,0.9850333017212248,98.50333017212249,1.5238997093820894
1999,1.149141404522262,0.9850333017212248,98.50333017212249,1.5238997093820894
1999,1.2065984747483753,0.9850333017212248,98.50333017212249,1.5238997093820894
1999,1.266928398485794,0.9850333017212248,98.50333017212249,1.5238997093820894
1999,1.3302748184100839,0.9850224009941463,98.50224009941464,1.523897298442964
1999,1.3967885593305882,0.9850224009941463,98.50224009941464,1.523897298442964
1999,1.4666279872971177,0.9850005995399893,98.50005995399893,1.5238924764672312
1999,1.5399593866619734,0.9849787980858323,98.49787980858324,1.5238876543615185
1999,1.6169573559950723,0.9849787980858323,98.49787980858324,1.5238876543615185
1999,1.6978052237948258,0.9849351951775184,98.49351951775184,1.5238780097601252
1999,1.7826954849845673,0.9849242944504398,98.49242944504398,1.5238755985285288
1999,1.8718302592337959,0.9849242944504398,98.49242944504398,1.5238755985285288
1999,1.9654217721954856,0.9849242944504398,98.49242944504398,1.5238755985285288
1999,2.06369286080526,0.9848588900879689,98.48588900879689,1.5238611304564067
1999,2.166877503845523,0.9848588900879689,98.48588900879689,1.5238611304564067
1999,2.275221379037799,0.9848479893608904,98.48479893608904,1.5238587189972879
1999,2.3889824479896893,0.9848479893608904,98.48479893608904,1.5238587189972879
1999,2.508431570389174,0.9848479893608904,98.48479893608904,1.5238587189972879
1999,2.6338531489086328,0.9847825849984194,98.47825849984194,1.5238442495599107
1999,2.7655458063540648,0.9847716842713409,98.47716842713409,1.5238418378732295
1999,2.903823096671768,0.9847498828171839,98.4749882817184,1.5238370144023299
1999,3.049014251505356,0.9847171806359484,98.47171806359484,1.523829778952125
1999,3.2014649640806243,0.9846408755463989,98.46408755463989,1.5238128950968746
1999,3.3615382122846555,0.9846408755463989,98.46408755463989,1.5238128950968746
1999,3.5296151228988886,0.9845645704568494,98.45645704568494,1.5237960096480507
1999,3.706095879043833,0.9845209675485355,98.45209675485354,1.5237863601045623
1999,3.891400672996025,0.9844555631860645,98.44555631860645,1.5237718848133877
1999,4.085970706645827,0.984401059550672,98.4401059550672,1.523759821176017
1999,4.290269241978118,0.9843901588235935,98.43901588235934,1.5237574083509269
1999,4.504782704077024,0.9843029530069656,98.43029530069656,1.523738104578675
1999,4.730021839280876,0.9842266479174161,98.42266479174161,1.5237212120692454
1999,4.966522931244919,0.9842157471903376,98.42157471903376,1.523718798723408
1999,5.214849077807166,0.9837906188342762,98.37906188342762,1.5236246528358788
1999,5.475591531697524,0.9837361151988838,98.37361151988839,1.5236125792669222
1999,5.749371108282401,0.9836707108364128,98.36707108364128,1.523598089908713
1999,6.0368396636965205,0.9835508028385493,98.35508028385493,1.5235715230376317
1999,6.338681646881348,0.9833000861157439,98.3300086115744,1.5235159613761997
1999,6.655615729225415,0.9831801781178805,98.31801781178805,1.5234893823079707
1999,6.988396515686686,0.982885858486761,98.2885858486761,1.5234241260348955
1999,7.3378163414710205,0.9827768512159761,98.27768512159761,1.5233999510048981
1999,7.704707158544571,0.9823735243140718,98.23735243140717,1.5233104749885151
1999,8.089942516471801,0.9822972192245223,98.22972192245223,1.5232935420602836
1999,8.494439642295392,0.9816431755998125,98.16431755998126,1.5231483369247816
1999,8.919161624410162,0.9812943523333006,98.12943523333007,1.5230708459942868
1999,9.36511970563067,0.9810436356104952,98.10436356104952,1.5230151286607776
1999,9.833375690912204,0.9808365217960038,98.08365217960038,1.5229690882148739
1999,10.325044475457815,0.9793867250945638,97.93867250945638,1.5226464731608338
1999,10.841296699230705,0.9792450156425434,97.92450156425434,1.5226149081516578
1999,11.38336153419224,0.9790488025551304,97.90488025551304,1.5225711935671025
1999,11.952529610901854,0.9785691705636766,97.85691705636766,1.5224642907501458
1999,12.550156091446945,0.9777843182140249,97.77843182140249,1.5222892211146393
1999,13.177663896019295,0.9768250542311172,97.68250542311172,1.522075014490386
1999,13.83654709082026,0.9758221873398956,97.58221873398955,1.521850797023001
1999,14.528374445361274,0.9751136400797933,97.51136400797932,1.5216922131991268
1999,15.25479316762934,0.9746122066341825,97.46122066341825,1.521579899789647
1999,16.017532826010804,0.9727699837579167,97.27699837579166,1.5211666648089712
1999,16.818409467311348,0.97165810959591,97.165810959591,1.5209167950126787
1999,17.659329940676916,0.9695542692697603,96.95542692697603,1.520443047452473
1999,18.54229643771076,0.9683006856557332,96.83006856557333,1.5201601666372013
1999,19.4694112595963,0.9673850245811395,96.73850245811396,1.5199532584416358
1999,20.442881822576116,0.96194556176897,96.194556176897,1.5187191846072123
1999,21.465025913704924,0.9614441283233591,96.14441283233592,1.518604994244036
1999,22.53827720939017,0.9597218134449568,95.97218134449568,1.518212221535193
1999,23.66519106985968,0.956495198229722,95.6495198229722,1.517474076032005
1999,24.84845062335266,0.9539662295475109,95.39662295475108,1.5168934040191944
1999,26.0908731545203,0.9495078321724059,94.95078321724058,1.5158651333853261
1999,27.395416812246314,0.946477430044584,94.64774300445839,1.5151628436849724
1999,28.765187652858632,0.9409725628699435,94.09725628699435,1.5138800574854996
1999,30.203447035501565,0.9388905239979507,93.88905239979508,1.5133924965522174
1999,31.713619387276644,0.9328188190152283,93.28188190152284,1.511963088852689
1999,33.29930035664047,0.9291016710814611,92.91016710814611,1.5110823781172107
1999,34.964265374472504,0.9173833894720778,91.73833894720778,1.5082775378026352
1999,36.71247864319613,0.9125216651950685,91.25216651950684,1.5071009844269512
1999,38.54810257535594,0.9065916696643667,90.65916696643667,1.5056554969042533
1999,40.475507704123736,0.9031252384534049,90.3125238453405,1.5048051635205066
1999,42.49928308932992,0.8933254848098369,89.33254848098369,1.502379490848029
1999,44.624247243796425,0.8883002496266501,88.83002496266501,1.5011229727153939
1999,46.85545960598625,0.8728430186293425,87.28430186293426,1.4972028496615548
1999,49.19823258628556,0.8661935751114599,86.61935751114599,1.4954902589345924
1999,51.65814421559985,0.8508780535661729,85.08780535661728,1.4914837008163782
1999,54.24105142637983,0.8447409442209796,84.47409442209796,1.4898533603274073
1999,56.95310399769883,0.835082900029432,83.5082900029432,1.487258054295032
1999,59.80075919758377,0.8268746525393244,82.68746525393243,1.485023240883025
1999,62.79079715746296,0.8144696251239958,81.44696251239958,1.4815936412482738
1999,65.93033701533612,0.8054765252842364,80.54765252842364,1.479066998211963
1999,69.22685386610291,0.7749435887373688,77.49435887373689,1.470223003755065
1999,72.68819655940807,0.7656670699935686,76.56670699935685,1.4674508362761984
1999,76.32260638737849,0.7566085657913383,75.66085657913383,1.4647036448442796
1999,80.13873670674741,0.7402901773548296,74.02901773548297,1.4596510318801796
1999,84.14567354208478,0.7259012176112146,72.59012176112147,1.4550806092863053
1999,88.35295721918902,0.7123407131255655,71.23407131255655,1.450669876854801
1999,92.77060508014847,0.6930464261966273,69.30464261966273,1.4442122399564852
1999,97.4091353341559,0.6798674471587255,67.98674471587255,1.4396722606449215
1999,102.2795921008637,0.6537493050786487,65.37493050786487,1.430344465938797
1999,107.39357170590691,0.6421182292858933,64.21182292858933,1.4260407417365744
1999,112.76325029120224,0.6279581848109269,62.79581848109269,1.4206688518612445
1999,118.40141280576236,0.6147683050459466,61.47683050459466,1.4155279561342697
1999,124.3214834460505,0.5954849188440869,59.54849188440869,1.4077600582489318
1999,130.53755761835302,0.5772480024417629,57.724800244176286,1.4001200677374614
1999,137.06443549927067,0.5588584758603399,55.88584758603399,1.3921052388039201
1999,143.91765727423422,0.5118872428791,51.188724287910006,1.3700428373406983
1999,151.11354013794593,0.4982722347580584,49.82722347580584,1.363169401139691
1999,158.66921714484323,0.47622006387826066,47.62200638782607,1.351520439421007
1999,166.60267800208538,0.45910592236502173,45.910592236502175,1.3420017306237058
1999,174.93281190218968,0.4411851270479741,44.11851270479741,1.3315423246980325
1999,183.67945249729917,0.4225012808354317,42.25012808354317,1.320049688095722
1999,192.86342512216413,0.40849384653956416,40.84938465395641,1.3110027003559626
1999,202.50659637827235,0.39581630094727316,39.581630094727316,1.3024683937223238
1999,212.631926197186,0.3689242072446232,36.89242072446232,1.2831553010702896
1999,223.26352250704528,0.3545025453197728,35.45025453197728,1.2720417703780518
1999,234.42669863239755,0.33987376958043103,33.9873769580431,1.260161018100301
1999,246.14803356401745,0.32558291638052256,32.55829163805225,1.2479031993917291
1999,258.45543524221836,0.30826166105279224,30.826166105279224,1.2320831439323199
1999,271.3782070043292,0.2964561736267809,29.645617362678088,1.2206276301747019
1999,284.94711735454575,0.27864438558051824,27.864438558051823,1.2021765737217527
1999,299.194473222273,0.2669697068794489,26.696970687944887,1.1892296871811008
1999,314.1541968833867,0.24998637409115188,24.998637409115187,1.1690152427758682
1999,329.86190672755606,0.23975059136444402,23.9750591364444,1.1559417894463675
1999,346.35500206393385,0.2251109148980237,22.51109148980237,1.1359106883249743
1999,363.67275216713057,0.21515855107535672,21.51585510753567,1.121283383013902
1999,381.8563897754871,0.20268811929755715,20.268811929755714,1.1016354963335093
1999,400.9492092642615,0.19449077253452804,19.449077253452803,1.0878208118931318
1999,420.99666972747457,0.18062504769068097,18.062504769068095,1.0625837282032629
1999,442.0465032138483,0.17187176384664857,17.187176384664856,1.045269016166969
1999,464.1488283745408,0.16284596182565378,16.284596182565377,1.0261203172958688
1999,487.3562697932678,0.15560787904553233,15.560787904553234,1.009691509569093
1999,511.72408328293125,0.14281042545537787,14.281042545537787,0.9779249000728552
1999,537.3102874470778,0.13689133065175446,13.689133065175445,0.961876648361662
1999,564.1758018194317,0.12939163042174914,12.939163042174915,0.9401082717828838
1999,592.3845919104034,0.12302560580790739,12.30256058079074,0.9202060243086942
1999,622.0038215059236,0.11432682559926748,11.432682559926748,0.8905527925401742
1999,653.1040125812198,0.1080044038937397,10.800440389373971,0.8669269054309185
1999,685.7592132102808,0.10108244219889467,10.108244219889468,0.8386972741273432
1999,720.0471738707948,0.09447660158932601,9.447660158932601,0.8090471593182671
1999,756.0495325643346,0.08980018967265116,8.980018967265115,0.7861829551734121
1999,793.8520091925513,0.08368488178161483,8.368488178161483,0.7535238866178586
1999,833.544609652179,0.07798380151956136,7.7983801519561355,0.7197482339924222
1999,875.221840134788,0.07312207724255208,7.312207724255209,0.6879060912277196
1999,918.9829321415275,0.067693515157461,6.7693515157460995,0.6483617662302038
1999,964.9320787486038,0.06460860939424659,6.460860939424659,0.6236698602848216
1999,1013.1786826860341,0.06131658981654076,6.131658981654076,0.5952395709594505
1999,1063.8376168203358,0.05453633757371617,5.453633757371617,0.5284388743437141
1999,1117.0294976613527,0.05159314126252221,5.15931412625222,0.49518615192623416
1999,1172.8809725444203,0.04775608533089157,4.775608533089157,0.44694058972951367
1999,1231.5250211716414,0.04388632721802544,4.388632721802544,0.39137816856772734
1999,1293.1012722302235,0.04025638510088623,4.025638510088623,0.33123248617081763
1999,1357.7563358417349,0.037389493879241745,3.7389493879241744,0.2767257654541507
1999,1425.6441526338217,0.034511701930518765,3.4511701930518766,0.21407322795976488
1999,1496.9263602655126,0.032822089233351864,3.2822089233351863,0.1727060152632908
1999,1571.7726782787884,0.0293338565682331,2.9333856568233103,0.07339661296452576
1999,1650.3613121927278,0.027186413333769362,2.718641333376936,0.0001322369797461339
1999,1732.8793778023642,0.024755551195264725,2.4755551195264727,-0.09820323290174325
1999,1819.5233466924826,0.023000534135626846,2.3000534135626847,-0.18280285745625277
1999,1910.499514027107,0.021060204715654535,2.1060204715654534,-0.29463937276161273
1999,2006.0244897284624,0.0194686985621941,1.94686985621941,-0.4061310083906976
1999,2106.3257142148855,0.01650370079684315,1.650370079684315,-0.6911500691534511
1999,2211.64199992563,0.015250117182816094,1.5250117182816094,-0.8627450025201907
1999,2322.2240999219116,0.013887526298004077,1.3887526298004076,-1.1135047663199262
1999,2438.3353049180073,0.01280835431723296,1.280835431723296,-1.3962940070996865
1999,2560.252070163908,0.011042436530516585,1.1042436530516584,-2.3110142816761723
1999,2688.264673672103,0.010268484907943359,1.0268484907943358,-3.6308221132811154
1999,2822.6779073557086,0.009298320197957203,0.9298320197957203,
1999,2963.811802723494,0.008698780208639916,0.8698780208639916,
1999,3112.002392859669,0.007510600957083838,0.7510600957083837,
1999,3267.602512502652,0.006812954424060085,0.6812954424060085,
1999,3430.982638127785,0.006235215888899789,0.623521588889979,
1999,3602.5317700341748,0.0054176613580125795,0.541766135801258,
1999,3782.658358535883,0.004927128639480254,0.4927128639480254,
1999,3971.7912764626776,0.004403893739712439,0.4403893739712439,
1999,4170.380840285812,0.0038152544774736476,0.38152544774736474,
1999,4378.899882300103,0.0034119275755692905,0.34119275755692907,
1999,4597.844876415108,0.00307400503613591,0.307400503613591,
1999,4827.737120235864,0.002834189040408995,0.28341890404089953,
1999,5069.123976247657,0.0026379759529960647,0.26379759529960645,
1999,5322.580175060039,0.0020166345095217852,0.20166345095217852,
1999,5588.709183813043,0.0018531236033443432,0.18531236033443432,
1999,5868.144643003695,0.0015806054263819396,0.15806054263819397,
1999,6161.551875153879,0.001351690157733521,0.13516901577335208,
1999,6469.629468911574,0.0011881792515560788,0.11881792515560788,
1999,6793.110942357152,0.0010246683453786368,0.10246683453786368,
1999,7132.7664894750105,0.0007194479871807449,0.07194479871807449,
1999,7489.404813948761,0.0006758450788667605,0.06758450788667604,
1999,7863.875054646201,0.0006322421705527759,0.06322421705527759,
1999,8257.068807378511,0.0005014334456108222,0.05014334456108222,
1999,8669.922247747436,0.00044692981021834157,0.04469298102183416,
1999,9103.418360134809,0.0003924261748258609,0.03924261748258609,
1999,9558.58927814155,0.0003270218123548841,0.03270218123548841,
1999,10036.518742048627,0.0003052203581978918,0.03052203581978918,
1999,10538.34467915106,0.0002180145415699227,0.02180145415699227,
1999,11065.261913108612,0.00017441163325593816,0.017441163325593815,
1999,11618.525008764043,0.00014170945202044975,0.014170945202044975,
1999,12199.451259202246,0.00014170945202044975,0.014170945202044975,
1999,12809.423822162358,0.00010900727078496136,0.010900727078496136,
1999,13449.895013270476,9.810654370646523e-05,0.009810654370646522,
1999,14122.389763934003,8.720581662796908e-05,0.008720581662796907,
1999,14828.509252130701,7.630508954947295e-05,0.007630508954947295,
1999,15569.934714737237,5.450363539248068e-05,0.005450363539248068,
1999,16348.4314504741,4.360290831398454e-05,0.004360290831398454,
1999,17165.85302299781,3.270218123548841e-05,0.003270218123548841,
1999,18024.145674147698,2.180145415699227e-05,0.002180145415699227,
1999,18925.352957855084,2.180145415699227e-05,0.002180145415699227,
1999,19871.62060574784,2.180145415699227e-05,0.002180145415699227,
1999,20865.20163603523,2.180145415699227e-05,0.002180145415699227,
1999,21908.461717836995,2.180145415699227e-05,0.002180145415699227,
1999,23003.884803728844,2.180145415699227e-05,0.002180145415699227,
1999,24154.079043915288,2.180145415699227e-05,0.002180145415699227,
1999,25361.78299611105,2.180145415699227e-05,0.002180145415699227,
1999,26629.872145916604,1.0900727078496135e-05,0.0010900727078496134,
1999,27961.365753212438,1.0900727078496135e-05,0.0010900727078496134,
2001,0.227143557687889,0.98141447206255,98.141447206255,1.523097534324745
2001,0.23850073557228346,0.9814046123660314,98.14046123660314,1.5230953438366743
2001,0.25042577235089764,0.9814046123660314,98.14046123660314,1.5230953438366743
2001,0.2629470609684425,0.9814046123660314,98.14046123660314,1.5230953438366743
2001,0.2760944140168647,0.9814046123660314,98.14046123660314,1.5230953438366743
2001,0.28989913471770795,0.9814046123660314,98.14046123660314,1.5230953438366743
2001,0.30439409145359336,0.9814046123660314,98.14046123660314,1.5230953438366743
2001,0.319613796026273,0.9814046123660314,98.14046123660314,1.5230953438366743
2001,0.33559448582758666,0.9814046123660314,98.14046123660314,1.5230953438366743
2001,0.352374210118966,0.9813947526695128,98.13947526695128,1.5230931533217984
2001,0.3699929206249143,0.9813947526695128,98.13947526695128,1.5230931533217984
2001,0.38849256665616005,0.9813947526695128,98.13947526695128,1.5230931533217984
2001,0.40791719498896806,0.9813947526695128,98.13947526695128,1.5230931533217984
2001,0.4283130547384165,0.9813947526695128,98.13947526695128,1.5230931533217984
2001,0.4497287074753374,0.9813947526695128,98.13947526695128,1.5230931533217984
2001,0.47221514284910426,0.9813947526695128,98.13947526695128,1.5230931533217984
2001,0.4958258999915594,0.9813947526695128,98.13947526695128,1.5230931533217984
2001,0.5206171949911375,0.9813947526695128,98.13947526695128,1.5230931533217984
2001,0.5466480547406943,0.9813947526695128,98.13947526695128,1.5230931533217984
2001,0.5739804574777291,0.9813947526695128,98.13947526695128,1.5230931533217984
2001,0.6026794803516156,0.9813947526695128,98.13947526695128,1.5230931533217984
2001,0.6328134543691963,0.9813848929729942,98.13848929729943,1.5230909627801168
2001,0.6644541270876563,0.9813848929729942,98.13848929729943,1.5230909627801168
2001,0.6976768334420391,0.9813454541869201,98.13454541869201,1.5230822003453195
2001,0.732560675114141,0.9813454541869201,98.13454541869201,1.5230822003453195
2001,0.7691887088698481,0.9813454541869201,98.13454541869201,1.5230822003453195
2001,0.8076481443133405,0.9813355944904015,98.13355944904015,1.5230800096695998
2001,0.8480305515290076,0.9813257347938831,98.13257347938831,1.5230778189670704
2001,0.8904320791054581,0.9813257347938831,98.13257347938831,1.5230778189670704
2001,0.9349536830607311,0.9813257347938831,98.13257347938831,1.5230778189670704
2001,0.9817013672137677,0.9813158750973645,98.13158750973645,1.5230756282377311
2001,1.030786435574456,0.9813060154008459,98.1306015400846,1.5230734374815809
2001,1.0823257573531788,0.9813060154008459,98.1306015400846,1.5230734374815809
2001,1.136442045220838,0.9812862960078089,98.1286296007809,1.5230690558888462
2001,1.1932641474818797,0.9812764363112904,98.12764363112903,1.5230668650522607
2001,1.2529273548559738,0.9812764363112904,98.12764363112903,1.5230668650522607
2001,1.3155737225987725,0.9812764363112904,98.12764363112903,1.5230668650522607
2001,1.3813524087287112,0.9812074184356605,98.12074184356605,1.5230515284453592
2001,1.450420029165147,0.9812074184356605,98.12074184356605,1.5230515284453592
2001,1.5229410306234044,0.9811876990426235,98.11876990426235,1.5230471463163262
2001,1.5990880821545745,0.9811778393461049,98.11778393461049,1.523044955211582
2001,1.6790424862623035,0.9811778393461049,98.11778393461049,1.523044955211582
2001,1.7629946105754186,0.981069382684401,98.1069382684401,1.5230208512891956
2001,1.85114434110419,0.9810496632913639,98.10496632913639,1.5230164684091398
2001,1.9437015581593995,0.9810398035948453,98.10398035948454,1.5230142769288717
2001,2.0408866360673694,0.9810200842018083,98.10200842018084,1.5230098938878516
2001,2.142930967870738,0.9809412066296599,98.09412066296599,1.5229923606505655
2001,2.250077516264275,0.9809412066296599,98.09412066296599,1.5229923606505655
2001,2.3625813920774887,0.9809116275401043,98.09116275401043,1.5229857852438422
2001,2.480710461681363,0.9809116275401043,98.09116275401043,1.5229857852438422
2001,2.6047459847654317,0.980724293306252,98.0724293306252,1.5229441353919393
2001,2.7349832840037034,0.9805665381619554,98.05665381619554,1.522909054315399
2001,2.8717324482038884,0.9805369590723998,98.05369590723998,1.5229024758482002
2001,3.015319070614083,0.9804482218037329,98.04482218037329,1.5228827389961639
2001,3.1660850241447873,0.9804087830176588,98.04087830176587,1.5228739663634814
2001,3.3243892753520266,0.9803792039281031,98.0379203928103,1.5228673866068714
2001,3.4906087391196285,0.979886219102176,97.9886219102176,1.5227576883832408
2001,3.6651391760756096,0.9798763594056575,97.98763594056575,1.5227554937330967
2001,3.848396134879391,0.9797974818335091,97.9797481833509,1.522737935563506
2001,4.04081594162336,0.979758043047435,97.97580430474349,1.5227291558330212
2001,4.242856738704528,0.9794918312414344,97.94918312414343,1.522669881389711
2001,4.454999575639755,0.979393234276249,97.9393234276249,1.5226479229119823
2001,4.677749554421743,0.9791270224702484,97.91270224702484,1.522588621569038
2001,4.91163703214283,0.978900249450322,97.8900249450322,1.5225380901166674
2001,5.157218883749971,0.9783481064452836,97.83481064452836,1.5224149973642682
2001,5.415079827937471,0.9783283870522466,97.83283870522466,1.5224105996294939
2001,5.685833819334345,0.9778649813158751,97.7864981315875,1.5223072217659905
2001,5.970125510301062,0.9776283485994302,97.76283485994301,1.5222544100486943
2001,6.268631785816115,0.9774015755795037,97.74015755795037,1.5222037842048903
2001,6.582063375106921,0.9772536801317255,97.72536801317256,1.522170759640415
2001,6.911166543862269,0.9756859883852775,97.56859883852775,1.5218203244862787
2001,7.256724871055382,0.9756071108131291,97.56071108131292,1.5218026744059987
2001,7.6195611146081506,0.9753606184001656,97.53606184001656,1.5217475066976571
2001,8.000539170338559,0.97485777387772,97.485777387772,1.5216349118842694
2001,8.400566128855486,0.9743056308726817,97.43056308726817,1.5215111968296293
2001,8.820594435298263,0.9733393806138647,97.33393806138648,1.5212944898040521
2001,9.261624157063174,0.9725506048923814,97.25506048923815,1.5211173916948082
2001,9.724705364916336,0.9720477603699358,97.20477603699358,1.521004400276867
2001,10.210940633162153,0.9716533725091941,97.16533725091942,1.52091572970913
2001,10.721487664820259,0.970046241976672,97.0046241976672,1.5205539431300312
2001,11.257562048061274,0.9690898514143734,96.90898514143734,1.5203382999829693
2001,11.820440150464337,0.96742356270274,96.742356270274,1.5199619715542518
2001,12.411462157987554,0.9662896976031078,96.62896976031078,1.5197054381257895
2001,13.032035265886934,0.9655600800607357,96.55600800607357,1.5195401703689964
2001,13.68363702918128,0.9614978850950968,96.14978850950968,1.5186172396322875
2001,14.367818880640344,0.9610147599656883,96.10147599656884,1.5185071573958988
2001,15.086209824672363,0.960117527582501,96.0117527582501,1.5183025398609955
2001,15.840520315905984,0.9583625016022007,95.83625016022008,1.5179016241977403
2001,16.63254633170128,0.9563314041193812,95.63314041193813,1.5174365242793426
2001,17.464173648286348,0.9525847194423356,95.25847194423356,1.5165754045917637
2001,18.337382330700663,0.9495873717006991,94.95873717006991,1.5158835296823316
2001,19.2542514472357,0.9479112232925471,94.7911223292547,1.5154954637422002
2001,20.216964019597484,0.9462054957948395,94.62054957948395,1.5150996893893525
2001,21.22781222057736,0.9394121648935646,93.94121648935646,1.5135147754444072
2001,22.289202831606225,0.9370754168186703,93.70754168186704,1.512966366683852
2001,23.40366297318654,0.9324019206688818,93.24019206688818,1.5118645258068566
2001,24.573846121845868,0.9253818167476805,92.53818167476805,1.5101967098006808
2001,25.802538427938163,0.9212506039064118,92.12506039064118,1.5092079918553565
2001,27.09266534933507,0.9188251185628507,91.88251185628506,1.5086249777027625
2001,28.447298616801827,0.9097837768553484,90.97837768553484,1.506435031022875
2001,29.86966354764192,0.9059089161235617,90.59089161235617,1.5054883284805285
2001,31.363146725024016,0.8930124330773099,89.301243307731,1.5023014675480653
2001,32.93130406127522,0.8883389369275214,88.83389369275214,1.5011326793271325
2001,34.577869264338986,0.875324137523047,87.5324137523047,1.4978377858618832
2001,36.30676272755593,0.8705027459254804,87.05027459254804,1.4966019295510058
2001,38.12210086393373,0.8639953462232433,86.39953462232432,1.4949205537782486
2001,40.02820590713042,0.8573104719836724,85.73104719836724,1.493177101086651
2001,42.02961620248694,0.8373150074440708,83.73150074440709,1.4878611230118255
2001,44.13109701261129,0.8295554262839789,82.9555426283979,1.4857561006511517
2001,46.33765186324185,0.8169054356506906,81.69054356506906,1.4822721019942122
2001,48.65453445640395,0.8086528696646718,80.86528696646718,1.4799633417742353
2001,51.08726117922415,0.7999073188527257,79.99073188527257,1.477484879607808
2001,53.641624238185365,0.7856008992043225,78.56008992043225,1.4733578595676944
2001,56.323705450094636,0.7731776815909607,77.31776815909606,1.4696984412615393
2001,59.13989072259937,0.7619967857389349,76.1996785738935,1.4663425867382023
2001,62.09688525872934,0.7330980152430908,73.30980152430908,1.4573803812814445
2001,65.20172952166581,0.7217396448537314,72.17396448537315,1.4537378878983587
2001,68.4618159977491,0.6979777762440472,69.79777762440472,1.4458836636651888
2001,71.88490679763656,0.6894096999694349,68.9409699969435,1.4429701686571128
2001,75.47915213751838,0.6756652830225885,67.56652830225886,1.4382017372003897
2001,79.25310974439431,0.6633801011604863,66.33801011604862,1.4338368515139832
2001,83.21576523161403,0.6412450824763614,64.12450824763613,1.4257137648234455
2001,87.37655349319473,0.6248484071660274,62.48484071660274,1.4194689434912582
2001,91.74538116785448,0.6091123315224357,60.91123315224357,1.4132813177679884
2001,96.3326502262472,0.5910395078039498,59.103950780394975,1.4059248587138309
2001,101.14928273755957,0.5783500783845873,57.83500783845873,1.4005902522448834
2001,106.20674687443754,0.5578320499295032,55.78320499295032,1.3916482132157237
2001,111.51708421815943,0.5417213058182069,54.17213058182069,1.3843340861092135
2001,117.0929384290674,0.5265472328761721,52.65472328761721,1.3771920468685486
2001,122.9475853505208,0.47784033207457877,47.784033207457874,1.352399244866366
2001,129.09496461804682,0.46380998392869466,46.380998392869465,1.3446621056044425
2001,135.54971284894918,0.4485373140214744,44.85373140214744,1.335897186785327
2001,142.32719849139664,0.4227837867150449,42.27837867150449,1.3202282238658671
2001,149.4435584159665,0.40877315796219793,40.87731579621979,1.3111869274494374
2001,156.9157363367648,0.38954674975104264,38.95467497510426,1.2981183398723737
2001,164.76152315360306,0.37337684746063515,37.337684746063516,1.2864748909016777
2001,172.99959931128322,0.3548110389162222,35.48110389162222,1.2722855201663337
2001,181.6495792768474,0.3433442118651588,34.334421186515875,1.2630381077251769
2001,190.73205824068975,0.3265531486940832,32.65531486940832,1.2487571345914927
2001,200.26866115272426,0.31203967541879063,31.203967541879063,1.2356299621780285
2001,210.28209421036047,0.29365134141171134,29.365134141171133,1.2178189200206275
2001,220.7961989208785,0.2827662364552419,28.27662364552419,1.206580035656832
2001,231.83600886692247,0.2660540508563146,26.60540508563146,1.1881831189162966
2001,243.42780931026857,0.2543801701783619,25.438017017836188,1.1744136415830517
2001,255.599199775782,0.23640594342506138,23.640594342506137,1.1515099842931147
2001,268.37915976457117,0.22703923173244728,22.70392317324473,1.1386460483151608
2001,281.79811775279967,0.21142147244707807,21.142147244707807,1.1155574214878061
2001,295.8880236404397,0.20081243899312778,20.081243899312778,1.0985410328234098
2001,310.6824248224617,0.19009494887747355,19.009494887747355,1.0800879629902107
2001,326.2165460635848,0.18210859469745522,18.21085946974552,1.065406388179762
2001,342.5273733667641,0.16611616694438144,16.611616694438144,1.0332208711127262
2001,359.6537420351023,0.1595890478491072,15.958904784910722,1.0188534455117881
2001,377.63642913685743,0.15025191524604872,15.025191524604873,0.9968483447711798
2001,396.5182505937003,0.14311349496662493,14.311349496662492,0.9787218691263682
2001,416.3441631233854,0.13307632391075003,13.307632391075003,0.9510158683643226
2001,437.16137127955466,0.12640130936769767,12.640130936769767,0.9309336974845861
2001,459.0194398435323,0.11873046547627264,11.873046547627265,0.9059457405479121
2001,481.970411835709,0.11103990219181054,11.103990219181053,0.8785076663475911
2001,506.0689324274945,0.10611005393253996,10.611005393253995,0.8594628687823013
2001,531.3723790488692,0.09899135304615324,9.899135304615324,0.8296199850196135
2001,557.9409980013128,0.0923952160752492,9.23952160752492,0.7990780831223739
2001,585.8380479013783,0.08713999783086676,8.713999783086676,0.7723884453805869
2001,615.1299502964473,0.08104670538240832,8.104670538240832,0.738331090557825
2001,645.8864478112697,0.07759581160091893,7.7595811600918925,0.7173169045281317
2001,678.1807702018333,0.07360263451090976,7.360263451090976,0.6911931362008505
2001,712.089808711925,0.0656852982065212,6.56852982065212,0.6324891397387447
2001,747.6942991475212,0.06201749110162389,6.201749110162389,0.6014875810153101
2001,785.0790141048973,0.057176380111020185,5.717638011102019,0.5559265826001979
2001,824.3329648101421,0.052877552428936235,5.287755242893623,0.5100616216476712
2001,865.5496130506493,0.04909142896581643,4.909142896581644,0.46442520105367197
2001,908.8270937031818,0.04548278004003037,4.548278004003037,0.4152495510573988
2001,954.2684483883411,0.04227837867150449,4.227837867150449,0.3658165358743739
2001,1001.981870807758,0.04023742149216647,4.0237421492166465,0.3308941023735049
2001,1052.080964348146,0.035849856541415655,3.5849856541415654,0.2443212895035892
2001,1104.6850125655533,0.033384932411780366,3.3384932411780364,0.18691066056868627
2001,1159.919263193831,0.030565059207477593,3.0565059207477594,0.11089036464757321
2001,1217.9152263535227,0.028819892923695807,2.881989292369581,0.05683465575796358
2001,1278.810987671199,0.026256371828875108,2.6256371828875107,-0.03529189403730501
2001,1342.751537054759,0.024866154619760803,2.4866154619760805,-0.09329741976490086
2001,1409.889113907497,0.021839227788568668,2.183922778856867,-0.24702303573157328
2001,1480.3835696028718,0.020478589669009988,2.047858966900999,-0.3329656146294484
2001,1554.4027480830155,0.01911795154945131,1.9117951549451309,-0.4337987323987963
2001,1632.1228854871663,0.017826331305522417,1.7826331305522418,-0.5480230178991751
2001,1713.7290297615245,0.015381126568924208,1.5381126568924208,-0.8426776097057613
2001,1799.415481249601,0.014582491150922375,1.4582491150922374,-0.974883020749483
2001,1889.3862553120812,0.013152835155733907,1.3152835155733906,-1.2944365207414585
2001,1983.8555680776853,0.01224574307602812,1.224574307602812,-1.59655485847053
2001,2083.0483464815698,0.01046113800617217,1.046113800617217,-3.0992687709441644
2001,2187.200763805648,0.009731520463800124,0.9731520463800124,
2001,2296.5608019959304,0.008863867170168502,0.8863867170168502,
2001,2411.3888420957273,0.007976494483499798,0.7976494483499799,
2001,2531.9582842005134,0.007522948443646905,0.7522948443646904,
2001,2658.5561984105398,0.006832769687349023,0.6832769687349023,
2001,2791.4840083310664,0.005905958214606154,0.5905958214606154,
2001,2931.05820874762,0.005225639154826814,0.5225639154826814,
2001,3077.6111191850014,0.00467349614978851,0.46734961497885097,
2001,3231.4916751442515,0.004328406771639569,0.4328406771639569,
2001,3393.066258901464,0.003943878607416464,0.3943878607416464,
2001,3562.7195718465373,0.0030072074381550535,0.30072074381550534,
2001,3740.855550438865,0.002731135935635901,0.2731135935635901,
2001,3927.8983279608083,0.0023268883783757136,0.23268883783757136,
2001,4124.293244358849,0.001971939303708232,0.1971939303708232,
2001,4330.507906576791,0.0018240438559301146,0.18240438559301145,
2001,4547.033301905631,0.0015775514429665855,0.15775514429665854,
2001,4774.384967000912,0.0013113396369659742,0.1311339636965974,
2001,5013.104215350958,0.0011930232787434802,0.11930232787434802,
2001,5263.759426118507,0.0010451278309653628,0.10451278309653628,
2001,5526.947397424432,0.0008282145075574574,0.08282145075574573,
2001,5803.294767295654,0.0007493369354091281,0.07493369354091281,
2001,6093.459505660437,0.0006704593632607988,0.06704593632607989,
2001,6398.132480943459,0.0006014414876310107,0.06014414876310108,
2001,6718.039104990632,0.0005422833085197637,0.05422833085197637,
2001,7053.941060240164,0.00039438786074164636,0.039438786074164636,
2001,7406.638113252173,0.00035494907466748174,0.035494907466748174,
2001,7776.970018914782,0.0002957908955562348,0.029579089555623477,
2001,8165.818519860521,0.00025635210948207017,0.02563521094820702,
2001,8574.109445853546,0.00022677301992644666,0.022677301992644665,
2001,9002.814918146225,0.00019719393037082318,0.019719393037082318,
2001,9452.955664053537,0.00017747453733374087,0.017747453733374087,
2001,9925.603447256213,0.00015775514429665856,0.015775514429665856,
2001,10421.883619619024,0.0001478954477781174,0.014789544777811739,
2001,10942.977800599976,0.00012817605474103508,0.01281760547410351,
2001,11490.126690629977,0.00010845666170395275,0.010845666170395275,
2001,12064.633025161476,9.859696518541159e-05,0.009859696518541159,
2001,12667.864676419551,7.887757214832928e-05,0.007887757214832928,
2001,13301.257910240529,6.901787562978811e-05,0.0069017875629788115,
2001,13966.320805752555,4.9298482592705796e-05,0.0049298482592705795,
2001,14664.636846040183,3.943878607416464e-05,0.003943878607416464,
2001,15397.868688342192,3.943878607416464e-05,0.003943878607416464,
2001,16167.762122759304,3.943878607416464e-05,0.003943878607416464,
2001,16976.15022889727,2.957908955562348e-05,0.002957908955562348,
2001,17824.95774034213,2.957908955562348e-05,0.002957908955562348,
2001,18716.205627359242,9.85969651854116e-06,0.000985969651854116,
2001,19652.015908727204,9.85969651854116e-06,0.000985969651854116,
2001,20634.616704163567,9.85969651854116e-06,0.000985969651854116,
2001,21666.347539371745,9.85969651854116e-06,0.000985969651854116,
2001,22749.664916340334,9.85969651854116e-06,0.000985969651854116,
2001,23887.14816215735,9.85969651854116e-06,0.000985969651854116,
2001,25081.50557026522,9.85969651854116e-06,0.000985969651854116,
2001,26335.58084877848,9.85969651854116e-06,0.000985969651854116,
2002,0.10732438595014578,0.9863829705333257,98.63829705333256,1.524197967955716
2002,0.11269060524765306,0.9863733471909464,98.63733471909464,1.5241958430865974
2002,0.11832513551003572,0.9863733471909464,98.63733471909464,1.5241958430865974
2002,0.12424139228553752,0.9863733471909464,98.63733471909464,1.5241958430865974
2002,0.1304534618998144,0.9863733471909464,98.63733471909464,1.5241958430865974
2002,0.13697613499480513,0.9863733471909464,98.63733471909464,1.5241958430865974
2002,0.1438249417445454,0.9863733471909464,98.63733471909464,1.5241958430865974
2002,0.15101618883177267,0.9863733471909464,98.63733471909464,1.5241958430865974
2002,0.15856699827336132,0.9863733471909464,98.63733471909464,1.5241958430865974
2002,0.16649534818702938,0.9863733471909464,98.63733471909464,1.5241958430865974
2002,0.17482011559638083,0.9863733471909464,98.63733471909464,1.5241958430865974
2002,0.1835611213761999,0.9863637238485671,98.63637238485671,1.5241937181922331
2002,0.1927391774450099,0.9863637238485671,98.63637238485671,1.5241937181922331
2002,0.20237613631726042,0.9863637238485671,98.63637238485671,1.5241937181922331
2002,0.21249494313312345,0.9863637238485671,98.63637238485671,1.5241937181922331
2002,0.22311969028977965,0.9863637238485671,98.63637238485671,1.5241937181922331
2002,0.23427567480426859,0.9863637238485671,98.63637238485671,1.5241937181922331
2002,0.24598945854448206,0.9863637238485671,98.63637238485671,1.5241937181922331
2002,0.2582889314717062,0.9863637238485671,98.63637238485671,1.5241937181922331
2002,0.2712033780452915,0.9863541005061878,98.63541005061877,1.524191593272622
2002,0.28476354694755607,0.9863541005061878,98.63541005061877,1.524191593272622
2002,0.2990017242949339,0.9863541005061878,98.63541005061877,1.524191593272622
2002,0.31395181050968063,0.9863541005061878,98.63541005061877,1.524191593272622
2002,0.32964940103516466,0.9863541005061878,98.63541005061877,1.524191593272622
2002,0.3461318710869229,0.9863541005061878,98.63541005061877,1.524191593272622
2002,0.36343846464126905,0.9863541005061878,98.63541005061877,1.524191593272622
2002,0.3816103878733325,0.9863541005061878,98.63541005061877,1.524191593272622
2002,0.40069090726699913,0.9863541005061878,98.63541005061877,1.524191593272622
2002,0.4207254526303491,0.9863541005061878,98.63541005061877,1.524191593272622
2002,0.44176172526186663,0.9863541005061878,98.63541005061877,1.524191593272622
2002,0.46384981152496,0.9863541005061878,98.63541005061877,1.524191593272622
2002,0.48704230210120797,0.9863541005061878,98.63541005061877,1.524191593272622
2002,0.5113944172062684,0.9863541005061878,98.63541005061877,1.524191593272622
2002,0.5369641380665818,0.9863541005061878,98.63541005061877,1.524191593272622
2002,0.563812344969911,0.9863541005061878,98.63541005061877,1.524191593272622
2002,0.5920029622184065,0.9863541005061878,98.63541005061877,1.524191593272622
2002,0.6216031103293269,0.9863541005061878,98.63541005061877,1.524191593272622
2002,0.6526832658457933,0.9863541005061878,98.63541005061877,1.524191593272622
2002,0.6853174291380829,0.9863541005061878,98.63541005061877,1.524191593272622
2002,0.7195833005949871,0.9863541005061878,98.63541005061877,1.524191593272622
2002,0.7555624656247365,0.9863541005061878,98.63541005061877,1.524191593272622
2002,0.7933405889059734,0.9863541005061878,98.63541005061877,1.524191593272622
2002,0.833007618351272,0.9863444771638086,98.63444771638086,1.5241894683277637
2002,0.8746579992688358,0.9863444771638086,98.63444771638086,1.5241894683277637
2002,0.9183908992322776,0.9863348538214293,98.63348538214292,1.5241873433576576
2002,0.9643104441938914,0.98632523047905,98.632523047905,1.5241852183623033
2002,1.0125259664035862,0.98632523047905,98.632523047905,1.5241852183623033
2002,1.0631522647237654,0.98632523047905,98.632523047905,1.5241852183623033
2002,1.1163098779599538,0.9863059837942915,98.63059837942914,1.5241809682958474
2002,1.1721253718579514,0.9862867371095329,98.62867371095328,1.5241767181283916
2002,1.2307316404508493,0.9862867371095329,98.62867371095328,1.5241767181283916
2002,1.2922682224733917,0.9862771137671537,98.62771137671537,1.5241745930067874
2002,1.3568816335970613,0.9861712570009816,98.61712570009816,1.5241512150024101
2002,1.4247257152769144,0.9861712570009816,98.61712570009816,1.5241512150024101
2002,1.4959620010407602,0.9861616336586023,98.61616336586023,1.5241490895777496
2002,1.570760101092798,0.986152010316223,98.6152010316223,1.5241469641278305
2002,1.6492981061474383,0.9860172835229132,98.60172835229132,1.5241172051765313
2002,1.7317630114548102,0.9860172835229132,98.60172835229132,1.5241172051765313
2002,1.818351162027551,0.9859787901533961,98.5978790153396,1.524108701709484
2002,1.9092687201289285,0.9859787901533961,98.5978790153396,1.524108701709484
2002,2.004732156135375,0.9859595434686376,98.59595434686376,1.5241044498243494
2002,2.1049687639421437,0.9858344400177069,98.58344400177069,1.5240768101069504
2002,2.210217202139251,0.9858055699905691,98.58055699905691,1.5240704311040185
2002,2.3207280622462134,0.9857574532786727,98.57574532786727,1.5240597989268796
2002,2.4367644653585243,0.9857382065939142,98.57382065939142,1.5240555458790561
2002,2.558602688626451,0.9857189599091557,98.57189599091556,1.5240512927301013
2002,2.6865328230577736,0.9852859095020883,98.52859095020882,1.5239555701324283
2002,2.8208594642106624,0.9852666628173297,98.52666628173297,1.5239513146056065
2002,2.9619024374211955,0.9852474161325712,98.52474161325712,1.523947058977544
2002,3.1099975592922555,0.9851608060511576,98.51608060511576,1.5239279073982923
2002,3.2654974372568684,0.984891352464538,98.4891352464538,1.5238683115916327
2002,3.428772309119712,0.9848143657255037,98.48143657255038,1.523851280571045
2002,3.6002109245756975,0.9845930288507805,98.45930288507805,1.5238023073534455
2002,3.780221470804483,0.9844967954269876,98.44967954269876,1.5237810104679195
2002,3.9692325443447065,0.9844005620031949,98.44005620031949,1.5237597110469125
2002,4.167694171561942,0.9838712781723348,98.38712781723348,1.5236425188846396
2002,4.37607888014004,0.9836018245857151,98.36018245857151,1.523582827921485
2002,4.594882824147042,0.9834189810805088,98.34189810805088,1.5235423119959104
2002,4.824626965354395,0.9832746309448197,98.32746309448197,1.5235103192575883
2002,5.065858313622114,0.9830532940700965,98.30532940700965,1.5234612526136806
2002,5.319151229303221,0.9830244240429586,98.30244240429586,1.5234548516246773
2002,5.585108790768381,0.9820909598321689,98.20909598321688,1.5232477628411714
2002,5.8643642303068,0.982023596435514,98.20235964355139,1.5232328090156801
2002,6.157582441822141,0.9816964027946187,98.16964027946187,1.5231601583725562
2002,6.465461563913249,0.9811190022518621,98.1119002251862,1.5230318793797375
2002,6.788734642108911,0.980522355024347,98.0522355024347,1.522899227780423
2002,7.128171374214357,0.9802625247801067,98.02625247801066,1.5228414294131896
2002,7.484579942925076,0.9797717343187636,97.97717343187637,1.5227322037867788
2002,7.858808940071329,0.9791943337760071,97.91943337760071,1.5226036176908069
2002,8.251749387074897,0.9780106626633562,97.80106626633562,1.5223397272040409
2002,8.66433685642864,0.9774236387782205,97.74236387782204,1.52220871032239
2002,9.097553699250074,0.9762688376927074,97.62688376927075,1.5219506922008248
2002,9.552431384212579,0.9754316069057105,97.54316069057106,1.5217633964459554
2002,10.030052953423207,0.9747098562272648,97.47098562272647,1.5216017773217971
2002,10.531555601094366,0.9740073522335778,97.40073522335778,1.5214443279524572
2002,11.058133381149087,0.9710048694112439,97.10048694112439,1.5207698308035342
2002,11.611040050206542,0.9702157553361433,97.02157553361434,1.5205921372993896
2002,12.191592052716869,0.9688492407182863,96.88492407182862,1.5202840072055444
2002,12.801171655352713,0.9676270762361183,96.76270762361183,1.5200079770664394
2002,13.44123023812035,0.9635756490944435,96.35756490944435,1.5190899001537639
2002,14.113291750026368,0.9624978347479647,96.24978347479647,1.518844868611031
2002,14.818956337527686,0.9606309063263853,96.06309063263852,1.518419646510771
2002,15.559904154404071,0.958629251111496,95.8629251111496,1.5179626177376004
2002,16.337899362124276,0.9553476913601632,95.53476913601632,1.517210831301954
2002,17.154794330230487,0.9540196701118232,95.40196701118232,1.5169056938178163
2002,18.012534046742015,0.9483900148199472,94.83900148199473,1.5156064000546976
2002,18.91316074907912,0.9460804126489212,94.60804126489212,1.515070632513925
2002,19.85881878653307,0.9433473834132071,94.33473834132072,1.5144345761956728
2002,20.85175972585973,0.9395365398310142,93.95365398310142,1.513543918192618
2002,21.894347712152715,0.9308081682930115,93.08081682930116,1.5114872346519712
2002,22.989065097760353,0.9276709586773678,92.76709586773678,1.5107422497801761
2002,24.138518352648372,0.9239563485189676,92.39563485189676,1.5098561643051953
2002,25.34544427028079,0.9186731335527455,91.86731335527455,1.5085883824912056
2002,26.61271648379483,0.9152472236657235,91.52472236657235,1.5077615188536575
2002,27.943352307984572,0.896587562792309,89.6587562792309,1.5031905296498331
2002,29.340519923383802,0.8916700348364994,89.16700348364995,1.50196651600036
2002,30.807545919552997,0.8854341089747291,88.54341089747291,1.5004024190577683
2002,32.34792321553064,0.8745789787709067,87.45789787709067,1.4976473259863836
2002,33.96531937630718,0.8680735993225167,86.80735993225167,1.4959760940868962
2002,35.66358534512254,0.8617799334064707,86.17799334064708,1.494344596900944
2002,37.446764612378665,0.8434378428315723,84.34378428315723,1.489505319388435
2002,39.3191028429976,0.8340358373270205,83.40358373270205,1.4869744785250305
2002,41.28505798514749,0.8196681871547626,81.96681871547626,1.4830386293005076
2002,43.349310884404865,0.8064457147256385,80.64457147256385,1.4793409565408846
2002,45.51677642862511,0.7966395288411571,79.6639528841157,1.4765502436531095
2002,47.792615250056365,0.7860634755663337,78.60634755663337,1.4734927413070105
2002,50.18224601255918,0.7753911888677175,77.53911888677175,1.4703557298031795
2002,52.691358313187145,0.7675962815405046,76.75962815405046,1.4680307476003025
2002,55.325926228846505,0.7268991666185499,72.689916661855,1.4554011840828502
2002,58.09222254028884,0.716621436957484,71.6621436957484,1.4520733530816663
2002,60.99683366730327,0.704207325288219,70.4207325288219,1.447974358997291
2002,64.04667535066844,0.6935735319591201,69.35735319591201,1.4443915968114196
2002,67.24900911820187,0.6715072078834421,67.15072078834422,1.4367354610102152
2002,70.61145957411196,0.66104663471717,66.10466347171699,1.4329964649351523
2002,74.14203255281757,0.638316300017322,63.8316300017322,1.42461294525371
2002,77.84913418045845,0.6240641299536155,62.40641299536155,1.4191651586779426
2002,81.74159088948139,0.5995246068864638,59.95246068864638,1.409413034818855
2002,85.82867043395544,0.5909502088265296,59.09502088265296,1.4058878174821448
2002,90.12010395565322,0.568056277306234,56.8056277306234,1.3961544405202038
2002,94.62610915343589,0.551340531593433,55.134053159343296,1.3887332720399748
2002,99.35741461110769,0.5371653482687607,53.71653482687607,1.3822162733207033
2002,104.32528534166308,0.525877167657871,52.58771676578709,1.3768707406852778
2002,109.54154960874624,0.46534634409223014,46.53463440922302,1.3455236312628915
2002,115.01862708918355,0.452402948592105,45.2402948592105,1.338150882138843
2002,120.76955844364272,0.43382989780010395,43.3829897800104,1.3270928855771407
2002,126.80803636582489,0.4190003271936409,41.90003271936409,1.3178245513354014
2002,133.14843818411612,0.40574898473737897,40.574898473737896,1.3091837038185
2002,139.80586009332194,0.3818734722943973,38.18734722943973,1.2926714221298983
2002,146.79615309798805,0.3668706815251073,36.68706815251073,1.2816070428550344
2002,154.13596075288743,0.35175241064726603,35.175241064726606,1.2698567358200532
2002,161.84275879053183,0.32530746578901787,32.530746578901784,1.2476601686705855
2002,169.93489673005843,0.31532805974170947,31.532805974170948,1.238672291948088
2002,178.43164156656135,0.30298131146909946,30.298131146909945,1.2270307251334884
2002,187.35322364488945,0.29075004330504073,29.075004330504072,1.2148767933759783
2002,196.72088482713391,0.2743133745212387,27.43133745212387,1.197457444136841
2002,206.55692906849063,0.2608406951902535,26.08406951902535,1.182133482380552
2002,216.88477552191515,0.23811036049040551,23.811036049040553,1.1537786444291862
2002,227.72901429801092,0.22996901283753873,22.996901283753875,1.1427438341967666
2002,239.1154650129115,0.21895028581326867,21.895028581326866,1.1269598740689937
2002,251.07123826355703,0.20619935716072907,20.619935716072906,1.1073269921020747
2002,263.62480017673494,0.1978559193178975,19.78559193178975,1.0935843338614961
2002,276.80604018557165,0.18166945743595667,18.166945743595665,1.064574098318439
2002,290.6463421948503,0.17311430606078104,17.311430606078105,1.0477985326147865
2002,305.1786593045928,0.16418384433281366,16.418384433281368,1.0290484359902412
2002,320.43759226982246,0.15766884154204439,15.766884154204439,1.0144737994798558
2002,336.4594718833136,0.14419616221105913,14.419616221105914,0.9815500620995206
2002,353.28244547747926,0.13720961564370537,13.720961564370537,0.9627638154783011
2002,370.94656775135326,0.12927035818080335,12.927035818080334,0.9397419569325957
2002,389.49389613892095,0.12126373732124641,12.126373732124641,0.9144421153954054
2002,408.968590945867,0.11330523317358585,11.330523317358585,0.8868620293683834
2002,429.4170204931604,0.10497141867313356,10.497141867313356,0.8548845869715946
2002,450.8878715178185,0.10019824085301307,10.019824085301307,0.8348921724118873
2002,473.43226509370936,0.09501125931058375,9.501125931058375,0.8115568245862672
2002,497.10387834839486,0.08922763054063937,8.922763054063937,0.7832646552362671
2002,521.9590722658146,0.08484900975806917,8.484900975806916,0.7600056155455368
2002,548.0570258791054,0.0764670785457205,7.646707854572051,0.710139592999366
2002,575.4598771730607,0.07240602806166638,7.240602806166637,0.6829475726830581
2002,604.2328710317138,0.06784456377388995,6.784456377388995,0.6495265698334766
2002,634.4445145832995,0.06417807032738611,6.417807032738611,0.6200798459584097
2002,666.1667403124645,0.05947225590392055,5.947225590392055,0.5782551750547855
2002,699.4750773280877,0.054140924225802106,5.414092422580211,0.5241397533215768
2002,734.4488311944922,0.05098446792539985,5.098446792539986,0.4879270058651607
2002,771.1712727542168,0.04807821852685875,4.807821852685875,0.4512311131790004
2002,809.7298363919276,0.04326654733722116,4.326654733722116,0.38171507196609616
2002,850.216328211524,0.04113016532902208,4.113016532902208,0.3465333880026444
2002,892.7271446221004,0.038079565794791846,3.8079565794791845,0.2904976408287964
2002,937.3635018532053,0.03536578324383625,3.536578324383625,0.23361626821719578
2002,984.2316769458656,0.03229593702484747,3.2295937024847468,0.15901568983851946
2002,1033.443260793159,0.030275035125199683,3.027503512519968,0.10232042023131431
2002,1085.115423832817,0.026464191543006717,2.6464191543006717,-0.02715799887528716
2002,1139.3711950244578,0.024770483284254286,2.4770483284254285,-0.09753823276615584
2002,1196.3397547756808,0.02281694478126143,2.281694478126143,-0.19247085621522034
2002,1256.156742514465,0.02079604288161364,2.079604288161364,-0.3117321311556893
2002,1318.9645796401883,0.019275554785688164,1.9275554785688165,-0.4212094899271586
2002,1384.9128086221976,0.017042939353696326,1.7042939353696325,-0.6289507601562331
2002,1454.1584490533075,0.015589814654425774,1.5589814654425775,-0.8118570677813672
2002,1526.8663715059731,0.014483130280809131,1.4483130280809131,-0.9931732605147531
2002,1603.209690081272,0.013549666070019438,1.354966607001944,-1.1914620256742035
2002,1683.3701745853355,0.011528764170371653,1.1528764170371653,-1.9500985462128408
2002,1767.5386833146024,0.010450949823892835,1.0450949823892834,-3.1211192416578366
2002,1855.9156174803327,0.009498238928344593,0.9498238928344593,
2002,1948.7113983543493,0.008391554554727948,0.8391554554727948,
2002,2046.146968272067,0.007554323767731008,0.7554323767731008,
2002,2148.45431668567,0.006543872817907115,0.6543872817907115,
2002,2255.877032519954,0.00597609561752988,0.5976095617529881,
2002,2368.6708841459513,0.005552668552841773,0.5552668552841773,
2002,2487.104428353249,0.004888657928671786,0.48886579286717863,
2002,2611.4596497709117,0.00454221760301788,0.45422176030178796,
2002,2742.032632259458,0.0037531035279173165,0.37531035279173164,
2002,2879.1342638724304,0.0034162865446426853,0.34162865446426854,
2002,3023.0909770660523,0.002935119425678927,0.2935119425678927,
2002,3174.245525919355,0.002559809072887195,0.25598090728871953,
2002,3332.9578022153228,0.0020305252420270608,0.2030525242027061,
2002,3499.6056923260894,0.0017610716554073561,0.1761071655407356,
2002,3674.5859769423937,0.0016070981773389534,0.16070981773389534,
2002,3858.315275789513,0.0013376445907192485,0.13376445907192486,
2002,4051.231039578989,0.001183671112650846,0.11836711126508459,
2002,4253.792591557939,0.0011066843736166445,0.11066843736166444,
2002,4466.482221135836,0.0008661008141347653,0.08661008141347654,
2002,4689.806332192628,0.0007217506784456377,0.07217506784456378,
2002,4924.296648802259,0.000567777200377235,0.056777720037723495,
2002,5170.511481242373,0.0005389071732394095,0.05389071732394095,
2002,5429.037055304492,0.00036568701041245644,0.03656870104124564,
2002,5700.488908069717,0.0003175702985160806,0.03175702985160806,
2002,5985.513353473203,0.00026945358661970475,0.026945358661970474,
2002,6284.789021146864,0.00025020690186115444,0.025020690186115444,
2002,6599.028472204207,0.00021171353234405372,0.021171353234405374,
2002,6928.979895814417,0.0001924668475855034,0.01924668475855034,
2002,7275.428890605138,0.00016359682044767788,0.016359682044767787,
2002,7639.200335135396,0.00015397347806840272,0.015397347806840272,
2002,8021.160351892166,0.00014435013568912754,0.014435013568912754,
2002,8422.218369486774,0.00011548010855130203,0.011548010855130204,
2002,8843.329287961114,8.661008141347653e-05,0.008661008141347654,
2002,9285.49575235917,7.698673903420136e-05,0.007698673903420136,
2002,9749.77053997713,7.698673903420136e-05,0.007698673903420136,
2002,10237.259066975985,6.736339665492619e-05,0.0067363396654926185,
2002,10749.122020324787,6.736339665492619e-05,0.0067363396654926185,
2002,11286.578121341025,6.736339665492619e-05,0.0067363396654926185,
2002,11850.907027408077,6.736339665492619e-05,0.0067363396654926185,
2002,12443.452378778482,6.736339665492619e-05,0.0067363396654926185,
2002,13065.624997717407,6.736339665492619e-05,0.0067363396654926185,
2002,13718.906247603276,4.811671189637585e-05,0.004811671189637585,
2002,14404.85155998344,4.811671189637585e-05,0.004811671189637585,
2002,15125.094137982613,4.811671189637585e-05,0.004811671189637585,
2002,15881.348844881746,3.849336951710068e-05,0.003849336951710068,
2002,16675.416287125834,1.924668475855034e-05,0.001924668475855034,
2002,17509.187101482123,9.62334237927517e-06,0.000962334237927517,
2002,18384.646456556235,9.62334237927517e-06,0.000962334237927517,
2002,19303.878779384046,9.62334237927517e-06,0.000962334237927517,
2002,20269.072718353247,9.62334237927517e-06,0.000962334237927517,
2003,0.08561891658290029,0.9842632196525228,98.42632196525228,1.5237293085615047
2003,0.08989986241204531,0.9842537567659639,98.42537567659639,1.5237272136403166
2003,0.09439485553264756,0.9842537567659639,98.42537567659639,1.5237272136403166
2003,0.09911459830927996,0.9842537567659639,98.42537567659639,1.5237272136403166
2003,0.10407032822474396,0.9842537567659639,98.42537567659639,1.5237272136403166
2003,0.10927384463598117,0.9842537567659639,98.42537567659639,1.5237272136403166
2003,0.11473753686778024,0.9842537567659639,98.42537567659639,1.5237272136403166
2003,0.12047441371116925,0.9842537567659639,98.42537567659639,1.5237272136403166
2003,0.12649813439672772,0.9842537567659639,98.42537567659639,1.5237272136403166
2003,0.1328230411165641,0.9842537567659639,98.42537567659639,1.5237272136403166
2003,0.1394641931723923,0.9842537567659639,98.42537567659639,1.5237272136403166
2003,0.14643740283101192,0.9842537567659639,98.42537567659639,1.5237272136403166
2003,0.15375927297256253,0.9842442938794049,98.42442938794049,1.5237251186945984
2003,0.16144723662119068,0.9842442938794049,98.42442938794049,1.5237251186945984
2003,0.16951959845225023,0.9842442938794049,98.42442938794049,1.5237251186945984
2003,0.17799557837486274,0.9842442938794049,98.42442938794049,1.5237251186945984
2003,0.18689535729360585,0.9842442938794049,98.42442938794049,1.5237251186945984
2003,0.19624012515828618,0.9842442938794049,98.42442938794049,1.5237251186945984
2003,0.20605213141620046,0.9842442938794049,98.42442938794049,1.5237251186945984
2003,0.21635473798701055,0.9842442938794049,98.42442938794049,1.5237251186945984
2003,0.22717247488636105,0.9842442938794049,98.42442938794049,1.5237251186945984
2003,0.23853109863067912,0.9842442938794049,98.42442938794049,1.5237251186945984
2003,0.2504576535622131,0.9842442938794049,98.42442938794049,1.5237251186945984
2003,0.26298053624032375,0.9842442938794049,98.42442938794049,1.5237251186945984
2003,0.27612956305233993,0.9842442938794049,98.42442938794049,1.5237251186945984
2003,0.289936041204957,0.9842442938794049,98.42442938794049,1.5237251186945984
2003,0.3044328432652048,0.984234830992846,98.42348309928461,1.5237230237243495
2003,0.3196544854284651,0.984234830992846,98.42348309928461,1.5237230237243495
2003,0.33563720969988836,0.984234830992846,98.42348309928461,1.5237230237243495
2003,0.35241907018488283,0.984234830992846,98.42348309928461,1.5237230237243495
2003,0.370040023694127,0.984234830992846,98.42348309928461,1.5237230237243495
2003,0.38854202487883327,0.984234830992846,98.42348309928461,1.5237230237243495
2003,0.40796912612277497,0.9842253681062871,98.42253681062871,1.5237209287295697
2003,0.4283675824289137,0.9842253681062871,98.42253681062871,1.5237209287295697
2003,0.44978596155035944,0.9842159052197282,98.42159052197282,1.5237188337102583
2003,0.4722752596278775,0.9842159052197282,98.42159052197282,1.5237188337102583
2003,0.4958890226092713,0.9842159052197282,98.42159052197282,1.5237188337102583
2003,0.5206834737397349,0.9842159052197282,98.42159052197282,1.5237188337102583
2003,0.5467176474267217,0.9842159052197282,98.42159052197282,1.5237188337102583
2003,0.5740535297980578,0.9842159052197282,98.42159052197282,1.5237188337102583
2003,0.6027562062879607,0.9841875165600514,98.41875165600514,1.523712548505129
2003,0.6328940166023588,0.9841875165600514,98.41875165600514,1.523712548505129
2003,0.6645387174324767,0.9841875165600514,98.41875165600514,1.523712548505129
2003,0.6977656533041007,0.9841875165600514,98.41875165600514,1.523712548505129
2003,0.7326539359693057,0.9841875165600514,98.41875165600514,1.523712548505129
2003,0.769286632767771,0.9841875165600514,98.41875165600514,1.523712548505129
2003,0.8077509644061596,0.9841780536734925,98.41780536734926,1.523710453387686
2003,0.8481385126264677,0.9841591279003747,98.41591279003748,1.523706263079196
2003,0.8905454382577911,0.9841591279003747,98.41591279003748,1.523706263079196
2003,0.9350727101706806,0.9841591279003747,98.41591279003748,1.523706263079196
2003,0.9818263456792147,0.9841591279003747,98.41591279003748,1.523706263079196
2003,1.0309176629631756,0.9841307392406979,98.41307392406979,1.5236999774324451
2003,1.0824635461113343,0.9841307392406979,98.41307392406979,1.5236999774324451
2003,1.1365867234169011,0.9841023505810212,98.41023505810213,1.5236936915648618
2003,1.193416059587746,0.9841023505810212,98.41023505810213,1.5236936915648618
2003,1.2530868625671334,0.9840834248079035,98.40834248079034,1.523689500863781
2003,1.3157412056954902,0.9840361103751089,98.40361103751088,1.523679023681627
2003,1.3815282659802648,0.98402664748855,98.40266474885499,1.5236769281715719
2003,1.4506046792792782,0.98402664748855,98.40266474885499,1.5236769281715719
2003,1.5231349132432421,0.983913092849843,98.3913092849843,1.5236517801364162
2003,1.5992916589054045,0.983913092849843,98.3913092849843,1.5236517801364162
2003,1.6792562418506745,0.9838941670767251,98.38941670767251,1.52364758845356
2003,1.7632190539432082,0.9838847041901662,98.38847041901661,1.5236454925753067
2003,1.8513800066403687,0.98367652068587,98.36765206858699,1.5235993770414427
2003,1.9439490069723873,0.98367652068587,98.36765206858699,1.5235993770414427
2003,2.0411464573210067,0.9836575949127522,98.36575949127521,1.5235951841307673
2003,2.1432037801870574,0.9836292062530755,98.36292062530755,1.5235888945805263
2003,2.25036396919641,0.9832885423369545,98.32885423369545,1.5235134027287565
2003,2.3628821676562306,0.9832885423369545,98.32885423369545,1.5235134027287565
2003,2.4810262760390427,0.9832790794503955,98.32790794503956,1.523511305278178
2003,2.605077589840995,0.9831939134713653,98.31939134713653,1.5234924271165855
2003,2.735331469333045,0.9831655248116885,98.31655248116886,1.5234861339534587
2003,2.8720980427996965,0.9831655248116885,98.31655248116886,1.5234861339534587
2003,3.015702944939682,0.9825882887315947,98.25882887315946,1.5233581249474282
2003,3.166488092186666,0.9825882887315947,98.25882887315946,1.5233581249474282
2003,3.3248124967959996,0.9825315114122412,98.25315114122411,1.5233455289502118
2003,3.4910531216357996,0.9824368825466521,98.2436882546652,1.5233245336512875
2003,3.66560577771759,0.9821813846095613,98.21813846095613,1.5232678340387333
2003,3.8488860666034697,0.9820962186305311,98.20962186305312,1.5232489301755916
2003,4.041330369933643,0.9819542753321473,98.19542753321473,1.523217419299504
2003,4.2433968884303255,0.9819164237859117,98.19164237859117,1.5232090154622142
2003,4.455566732851842,0.9817934062606457,98.17934062606457,1.5231817002656947
2003,4.678345069494434,0.9811215413149628,98.11215413149628,1.52303244367549
2003,4.912262322969156,0.9810174495628147,98.10174495628146,1.5230093082769753
2003,5.157875439117614,0.9807241000794883,98.07241000794883,1.5229440924270037
2003,5.415769211073495,0.9804402134827208,98.04402134827208,1.522880957686596
2003,5.68655767162717,0.9803171959574548,98.03171959574549,1.5228535923834645
2003,5.970885555208529,0.9802793444112192,98.02793444112193,1.52284517144865
2003,6.269429832968955,0.9794182217343579,97.94182217343578,1.5226534881102356
2003,6.582901324617404,0.9792573526628563,97.92573526628563,1.5226176563769045
2003,6.912046390848274,0.9788788372004996,97.88788372004996,1.5225333181241099
2003,7.257648710390688,0.978509784624702,97.8509784624702,1.5224510500694854
2003,7.620531145910223,0.9779136227714902,97.79136227714902,1.5223180756427204
2003,8.001557703205734,0.9775351073091336,97.75351073091336,1.522233596169532
2003,8.401635588366021,0.9771660547333358,97.71660547333359,1.5221511903062115
2003,8.821717367784323,0.9769200196828041,97.69200196828041,1.5220962319972358
2003,9.26280323617354,0.9760115825731481,97.60115825731481,1.521893162842405
2003,9.725943397982217,0.9755289753586434,97.55289753586433,1.5217851886718872
2003,10.212240567881327,0.9743839660850145,97.43839660850145,1.5215287540849474
2003,10.722852596275395,0.9737404897990083,97.37404897990083,1.5213844808911854
2003,11.258995226089166,0.972992921760854,97.2992921760854,1.52121672344657
2003,11.821944987393623,0.9724630001135547,97.24630001135547,1.521097711629563
2003,12.413042236763307,0.9699931867216776,96.99931867216776,1.5205419872305592
2003,13.033694348601472,0.9691226011582573,96.91226011582573,1.5203456885528546
2003,13.685379066031544,0.9682330898217192,96.82330898217192,1.520144900435584
2003,14.369648019333123,0.96735304137174,96.73530413717401,1.5199460270127767
2003,15.08813042029978,0.9641356599417086,96.41356599417085,1.519217081809131
2003,15.84253694131477,0.9632745372648472,96.32745372648472,1.519021478689542
2003,16.63466378838051,0.961618532117037,96.1618532117037,1.5186447190782768
2003,17.466396977799533,0.960161247586964,96.01612475869639,1.5183125157895578
2003,18.339716826689514,0.9570101063628449,95.7010106362845,1.517592073814702
2003,19.25670266802399,0.9555906733790075,95.55906733790074,1.5172666049499621
2003,20.21953780142519,0.9526382527726258,95.26382527726258,1.5165877374983003
2003,21.23051469149645,0.9501211249479541,95.0121124947954,1.516006930183537
2003,22.292040426071274,0.9476323857829593,94.76323857829593,1.5154308254114606
2003,23.406642447374836,0.9444717816722813,94.44717816722813,1.5146965285811294
2003,24.57697456974358,0.9381600363374843,93.81600363374844,1.513221122078724
2003,25.80582329823076,0.9348953404746584,93.48953404746584,1.5124532202519523
2003,27.096114463142303,0.9311101858510921,93.1110185851092,1.5115587922005573
2003,28.450920186299413,0.9287160755516863,92.87160755516864,1.5109907720921947
2003,29.873466195614387,0.9221299065066808,92.21299065066808,1.5094188871526037
2003,31.36713950539511,0.9124777622165865,91.24777622165865,1.5070903249002574
2003,32.93549648066487,0.9082005374919565,90.82005374919565,1.5060488117026547
2003,34.58227130469811,0.9026836746281086,90.26836746281086,1.50469655929994
2003,36.311384869933015,0.8878458685037284,88.78458685037283,1.5010089301614258
2003,38.12695411342967,0.8826507437828836,88.26507437828836,1.4996999398346107
2003,40.033301819101155,0.8739070366024452,87.39070366024451,1.4974754096642355
2003,42.03496691005621,0.8653052727203906,86.53052727203907,1.4952602549104066
2003,44.136715255559025,0.8593815057345092,85.93815057345093,1.493719013063727
2003,46.34355101833698,0.8485843521707862,84.85843521707862,1.4908760635864464
2003,48.66072856925383,0.8287501419432984,82.87501419432985,1.4855362606155933
2003,51.09376499771652,0.8184639842537568,81.84639842537568,1.4827049127283956
2003,53.648453247602355,0.8102880502668534,81.02880502668533,1.4804230953532715
2003,56.330875909982474,0.7999167265982815,79.99167265982815,1.4774875635875
2003,59.147419705481596,0.7902267307619516,79.02267307619516,1.4747023235715735
2003,62.104790690755685,0.7705817782656421,77.05817782656422,1.4689246472200166
2003,65.21003022529348,0.7605321927400734,76.05321927400735,1.465898514679982
2003,68.47053173655814,0.7499242969075287,74.99242969075287,1.462650397746479
2003,71.89405832338605,0.7417105113743896,74.17105113743897,1.4600962339203327
2003,75.48876123955536,0.7051553805972974,70.51553805972975,1.4482905321782669
2003,79.26319930153313,0.6931280517809153,69.31280517809154,1.4442400255041097
2003,83.22635926660979,0.6773628827737613,67.73628827737613,1.4387971611643962
2003,87.3876772299403,0.6639445096332185,66.39445096332184,1.4340395707431897
2003,91.75706109143731,0.6423312767326546,64.23312767326546,1.4261204402766223
2003,96.34491414600917,0.6214372232105682,62.14372232105681,1.4181441788113613
2003,101.16215985330965,0.6059843294598585,60.59843294598585,1.4120276597559074
2003,106.22026784597512,0.5895378326204626,58.95378326204626,1.4053010350619024
2003,111.53128123827388,0.5731102615541845,57.31102615541845,1.398344721443535
2003,117.10784530018759,0.5593606873840796,55.93606873840796,1.392328471430561
2003,122.96323756519696,0.5347382565577804,53.47382565577804,1.3810788575216193
2003,129.11139944345683,0.5208467390892918,52.08467390892918,1.3744420842273128
2003,135.56696941562967,0.5057912865740566,50.57912865740566,1.3669940562277991
2003,142.34531788641115,0.4916821227147129,49.16821227147129,1.35975717477733
2003,149.46258378073173,0.44070555282183277,44.07055528218328,1.3312550800079768
2003,156.93571296976833,0.41904500548847423,41.90450054884742,1.3178530962629382
2003,164.78249861825674,0.40286346947272794,40.2863469472728,1.307254569932806
2003,173.0216235491696,0.3868995798478368,38.68995798478368,1.2962547899840413
2003,181.67270472662807,0.3642359665392331,36.42359665392331,1.279604302104281
2003,190.7563399629595,0.3525966160717665,35.25966160717665,1.2705297938177218
2003,200.29415696110746,0.33378439759264167,33.37843975926417,1.2550204685258006
2003,210.30886480916286,0.3168647564253,31.68647564253,1.240080008411091
2003,220.82430804962098,0.3025284832885423,30.25284832885423,1.2265921490861627
2003,231.86552345210208,0.2886748173662894,28.867481736628942,1.2127489100608992
2003,243.45879962470715,0.27006131950490175,27.006131950490175,1.1927290140120201
2003,255.63173960594256,0.2579488247094894,25.794882470948938,1.1787091851545315
2003,268.4133265862397,0.24747340928876946,24.747340928876945,1.1658714947666595
2003,281.8339929155517,0.2338563155304894,23.385631553048942,1.1480758126106654
2003,295.92569256132924,0.22013513002006133,22.013513002006132,1.1287070288750076
2003,310.7219771893957,0.20276127029789168,20.27612702978917,1.1017554057704066
2003,326.2580760488656,0.193042885801885,19.3042885801885,1.0852998289313793
2003,342.57097985130883,0.18304061470911087,18.304061470911087,1.0671639232358006
2003,359.69952884387436,0.16930996631212386,16.930996631212388,1.039974921306358
2003,377.68450528606803,0.16172073129187328,16.17207312918733,1.0236321986952923
2003,396.56873055037147,0.15367727771679474,15.367727771679473,1.0051326598728747
2003,416.39716707789006,0.14514175404065255,14.514175404065256,0.9839964020261991
2003,437.2170254317845,0.1358870509860328,13.58870509860328,0.959058585028954
2003,459.0778767033738,0.12652825617926491,12.652825617926492,0.9313293072062409
2003,482.0317705385425,0.11768045724667853,11.768045724667854,0.9023491455425046
2003,506.1333590654697,0.111662061395208,11.1662061395208,0.8808259899808258
2003,531.4400270187432,0.10507589235020251,10.507589235020252,0.8553076024581002
2003,558.0120283696804,0.09867898103637533,9.867898103637533,0.8282403597560428
2003,585.9126297881644,0.0936636511601499,9.36636511601499,0.805191600986367
2003,615.2082612775727,0.08447518831144252,8.44751883114425,0.7579385301092496
2003,645.9686743414513,0.07999924296907529,7.999924296907529,0.7320948173680556
2003,678.267108058524,0.07508800484499792,7.508800484499792,0.7011529142765391
2003,712.1804634614501,0.07064991104886635,7.064991104886635,0.6704678155378516
2003,747.7894866345226,0.06549263787425716,6.549263787425716,0.6309273794926386
2003,785.1789609662488,0.06003255232976267,6.003255232976267,0.5835007495500562
2003,824.4379090145613,0.05609599152125364,5.609599152125364,0.5449251293141723
2003,865.6598044652893,0.052850221431545476,5.285022143154547,0.5097511321816502
2003,908.9427946885539,0.047011620424694346,4.701162042469434,0.43684084851358024
2003,954.3899344229816,0.04459858435217079,4.459858435217079,0.40220448106710205
2003,1002.1094311441308,0.04095537302698815,4.0955373026988156,0.3435173032926459
2003,1052.2149027013375,0.03778530602975132,3.7785306029751315,0.28467897116744456
2003,1104.8256478364044,0.03519247511260835,3.5192475112608346,0.22971963464071737
2003,1160.0669302282245,0.032722661720731294,3.272266172073129,0.17015008729068196
2003,1218.0702767396358,0.028691472046633106,2.8691472046633106,0.05260653387581062
2003,1278.9737905766176,0.02695976380635149,2.695976380635149,-0.00827370074241398
2003,1342.9224801054486,0.02520912979295204,2.520912979295204,-0.07837121533994698
2003,1410.0686041107213,0.02333547825428669,2.333547825428669,-0.16559449969403858
2003,1480.5720343162573,0.02188765661077255,2.188765661077255,-0.2441913096515731
2003,1554.60063603207,0.01970172981566297,1.970172981566297,-0.3884290294800891
2003,1632.330667833674,0.017856466936674364,1.7856466936674364,-0.5451054487188175
2003,1713.9472012253573,0.016408645293160225,1.6408645293160224,-0.7027465979666833
2003,1799.6445612866255,0.014033460766872327,1.4033460766872328,-1.082169889562578
2003,1889.6267893509566,0.013039857678186153,1.3039857678186153,-1.3264208949676692
2003,1984.1081288185048,0.011904311291116241,1.190431129111624,-1.746888203163537
2003,2083.31353525943,0.010976948408342482,1.0976948408342482,-2.372874715018178
2003,2187.4792120224015,0.009765698928801242,0.9765698928801242,
2003,2296.853172623522,0.008734244293879406,0.8734244293879405,
2003,2411.695831254698,0.007608160793368409,0.7608160793368409,
2003,2532.280622817433,0.006974147393921042,0.6974147393921042,
2003,2658.894653958305,0.006406374200386086,0.6406374200386086,
2003,2791.83938665622,0.005706120595026307,0.5706120595026307,
2003,2931.431355989031,0.0052424391536394265,0.5242439153639427,
2003,3078.002923788483,0.004182595859040842,0.4182595859040842,
2003,3231.903069977907,0.0037756917370074567,0.37756917370074566,
2003,3393.498223476802,0.0032552329762670805,0.32552329762670806,
2003,3563.173134650643,0.0029808092660585186,0.29808092660585184,
2003,3741.331791383175,0.0024508876187592263,0.24508876187592263,
2003,3928.398380952334,0.00218592679510958,0.218592679510958,
2003,4124.818299999951,0.002091297929520421,0.2091297929520421,
2003,4331.059214999949,0.001807411332752943,0.18074113327529429,
2003,4547.612175749947,0.0015803020553389606,0.15803020553389607,
2003,4774.992784537444,0.0014856731897498012,0.14856731897498013,
2003,5013.742423764316,0.0011828608198644914,0.11828608198644913,
2003,5264.4295449525325,0.001107157727393164,0.1107157727393164,
2003,5527.651022200159,0.0009462886558915932,0.09462886558915933,
2003,5804.033573310167,0.0008421969037435179,0.08421969037435179,
2003,6094.235251975676,0.0005677731935349559,0.05677731935349559,
2003,6398.94701457446,0.0004920701010636284,0.049207010106362845,
2003,6718.894365303184,0.00039744123547446914,0.03974412354744691,
2003,7054.839083568343,0.0003501268026798895,0.03501268026798895,
2003,7407.581037746761,0.00027442371020856203,0.027442371020856202,
2003,7777.960089634099,0.00022710927741398235,0.022710927741398237,
2003,8166.858094115803,0.0001797948446194027,0.01797948446194027,
2003,8575.200998821596,0.00015140618494265492,0.015140618494265491,
2003,9003.961048762674,0.00013248041182482306,0.013248041182482306,
2003,9454.159101200808,0.00010409175214807524,0.010409175214807524,
2003,9926.86705626085,9.462886558915931e-05,0.009462886558915931,
2003,10423.210409073894,8.516597903024338e-05,0.008516597903024338,
2003,10944.370929527588,8.516597903024338e-05,0.008516597903024338,
2003,11491.589476003968,7.570309247132746e-05,0.007570309247132746,
2003,12066.168949804167,5.677731935349559e-05,0.005677731935349559,
2003,12669.477397294377,4.7314432794579656e-05,0.0047314432794579656,
2003,13302.951267159096,4.7314432794579656e-05,0.0047314432794579656,
2003,13968.098830517049,4.7314432794579656e-05,0.0047314432794579656,
2003,14666.503772042905,4.7314432794579656e-05,0.0047314432794579656,
2003,15399.828960645049,3.785154623566373e-05,0.003785154623566373,
2003,16169.820408677302,3.785154623566373e-05,0.003785154623566373,
2003,16978.311429111167,2.8388659676747794e-05,0.0028388659676747796,
2003,17827.227000566727,2.8388659676747794e-05,0.0028388659676747796,
2003,18718.588350595062,2.8388659676747794e-05,0.0028388659676747796,
2003,19654.51776812482,1.8925773117831865e-05,0.0018925773117831864,
2003,20637.24365653106,1.8925773117831865e-05,0.0018925773117831864,
2003,21669.105839357613,9.462886558915933e-06,0.0009462886558915932,
2003,22752.561131325496,9.462886558915933e-06,0.0009462886558915932,
2004,0.5908999682989451,0.9878841152323042,98.78841152323042,1.5245291174179707
2004,0.6204449667138924,0.9876938133773142,98.76938133773142,1.5244871711450323
2004,0.6514672150495869,0.9876938133773142,98.76938133773142,1.5244871711450323
2004,0.6840405758020663,0.9876938133773142,98.76938133773142,1.5244871711450323
2004,0.7182426045921697,0.9876938133773142,98.76938133773142,1.5244871711450323
2004,0.7541547348217783,0.9876938133773142,98.76938133773142,1.5244871711450323
2004,0.7918624715628673,0.9876938133773142,98.76938133773142,1.5244871711450323
2004,0.8314555951410106,0.9876938133773142,98.76938133773142,1.5244871711450323
2004,0.8730283748980612,0.9876938133773142,98.76938133773142,1.5244871711450323
2004,0.9166797936429643,0.9876938133773142,98.76938133773142,1.5244871711450323
2004,0.9625137833251125,0.9876938133773142,98.76938133773142,1.5244871711450323
2004,1.010639472491368,0.9876938133773142,98.76938133773142,1.5244871711450323
2004,1.0611714461159367,0.9876938133773142,98.76938133773142,1.5244871711450323
2004,1.1142300184217335,0.9876938133773142,98.76938133773142,1.5244871711450323
2004,1.1699415193428204,0.9876938133773142,98.76938133773142,1.5244871711450323
2004,1.2284385953099615,0.9874219535844714,98.74219535844713,1.5244272308227373
2004,1.2898605250754593,0.9874219535844714,98.74219535844713,1.5244272308227373
2004,1.3543535513292324,0.9874219535844714,98.74219535844713,1.5244272308227373
2004,1.422071228895694,0.9874219535844714,98.74219535844713,1.5244272308227373
2004,1.493174790340479,0.9874219535844714,98.74219535844713,1.5244272308227373
2004,1.5678335298575028,0.9874219535844714,98.74219535844713,1.5244272308227373
2004,1.6462252063503782,0.9874219535844714,98.74219535844713,1.5244272308227373
2004,1.728536466667897,0.9874219535844714,98.74219535844713,1.5244272308227373
2004,1.814963290001292,0.9871954037571024,98.71954037571024,1.5243772652007108
2004,1.9057114545013567,0.9871954037571024,98.71954037571024,1.5243772652007108
2004,2.0009970272264246,0.9871954037571024,98.71954037571024,1.5243772652007108
2004,2.101046878587746,0.9871954037571024,98.71954037571024,1.5243772652007108
2004,2.206099222517133,0.9871954037571024,98.71954037571024,1.5243772652007108
2004,2.31640418364299,0.9871954037571024,98.71954037571024,1.5243772652007108
2004,2.43222439282514,0.9870866598399652,98.70866598399653,1.5243532767420767
2004,2.553835612466397,0.9870866598399652,98.70866598399653,1.5243532767420767
2004,2.6815273930897168,0.9870866598399652,98.70866598399653,1.5243532767420767
2004,2.8156037627442028,0.9870866598399652,98.70866598399653,1.5243532767420767
2004,2.956383950881413,0.9867332421092695,98.67332421092695,1.5242752920201148
2004,3.104203148425484,0.9867332421092695,98.67332421092695,1.5242752920201148
2004,3.2594133058467585,0.9867332421092695,98.67332421092695,1.5242752920201148
2004,3.422383971139096,0.9867332421092695,98.67332421092695,1.5242752920201148
2004,3.593503169696051,0.9865338782611848,98.65338782611848,1.5242312856311615
2004,3.7731783281808537,0.9865338782611848,98.65338782611848,1.5242312856311615
2004,3.9618372445898964,0.9865338782611848,98.65338782611848,1.5242312856311615
2004,4.1599291068193915,0.9859357867169305,98.59357867169305,1.5240992014575065
2004,4.367925562160361,0.9859357867169305,98.59357867169305,1.5240992014575065
2004,4.58632184026838,0.9859357867169305,98.59357867169305,1.5240992014575065
2004,4.815637932281799,0.9855551830069506,98.55551830069506,1.5240150970770392
2004,5.05641982889589,0.9855551830069506,98.55551830069506,1.5240150970770392
2004,5.309240820340683,0.9855551830069506,98.55551830069506,1.5240150970770392
2004,5.574702861357719,0.9852289512555391,98.52289512555392,1.5239429761195682
2004,5.8534380044256045,0.9852289512555391,98.52289512555392,1.5239429761195682
2004,6.1461099046468854,0.9844496198493897,98.44496198493897,1.523770569376275
2004,6.453415399879229,0.9844496198493897,98.44496198493897,1.523770569376275
2004,6.776086169873191,0.9841052641117888,98.41052641117888,1.5236943366942024
2004,7.114890478366852,0.9833984286503974,98.33984286503974,1.523537757250553
2004,7.470635002285194,0.9833984286503974,98.33984286503974,1.523537757250553
2004,7.844166752399454,0.9828365850785221,98.28365850785221,1.5234131988552202
2004,8.236375090019427,0.9828365850785221,98.28365850785221,1.5234131988552202
2004,8.648193844520398,0.9825466012994898,98.25466012994897,1.523348876714619
2004,9.08060353674642,0.9816947739485823,98.16947739485823,1.523159796626985
2004,9.53463371358374,0.980525776839358,98.05257768393581,1.5228999888272392
2004,10.011365399262928,0.980525776839358,98.05257768393581,1.5228999888272392
2004,10.511933669226075,0.9800998631639043,98.00998631639042,1.5228052363827607
2004,11.03753035268738,0.9795108336127448,97.95108336127448,1.5226741130882626
2004,11.58940687032175,0.9790033619994382,97.90033619994382,1.5225610682810187
2004,12.168877213837836,0.9773268932769074,97.73268932769074,1.5221871086545953
2004,12.777321074529729,0.9765566238638527,97.65566238638527,1.5220150272642483
2004,13.416187128256215,0.9758316644162717,97.58316644162717,1.5218529171882873
2004,14.086996484669028,0.9751520149341646,97.51520149341646,1.5217008056798444
2004,14.79134630890248,0.9728321447019057,97.28321447019057,1.5211806238712373
2004,15.530913624347603,0.9714365977653125,97.14365977653125,1.520866973374668
2004,16.307459305564983,0.9708294442279635,97.08294442279634,1.5207303435986248
2004,17.122832270843233,0.969977616877056,96.99776168770559,1.5205384784448321
2004,17.978973884385397,0.9674221348243333,96.74221348243333,1.5199616487317058
2004,18.877922578604668,0.9666156174388996,96.66156174388996,1.519779214024076
2004,19.8218187075349,0.9636795316761969,96.36795316761969,1.5191134992854165
2004,20.81290964291165,0.9618399470779603,96.18399470779603,1.518695139233027
2004,21.85355512505723,0.9608793758099157,96.08793758099156,1.5184762974047015
2004,22.946232881310095,0.9582513978124348,95.82513978124348,1.5178762136834945
2004,24.0935445253756,0.9542550588576452,95.42550588576452,1.5169598164947335
2004,25.29822175164438,0.9518173827151544,95.18173827151544,1.5163985340813293
2004,26.5631328392266,0.9485731891872299,94.85731891872298,1.5156488236119618
2004,27.89128948118793,0.9443231144257868,94.43231144257868,1.5146619152285743
2004,29.28585395524733,0.9421935460485179,94.21935460485179,1.514165369063845
2004,30.750146653009697,0.9318991218928692,93.18991218928691,1.5117455826166821
2004,32.287653985660185,0.9295339416951365,92.95339416951364,1.5111850175953516
2004,33.9020366849432,0.9244592255620702,92.44592255620702,1.509976375217469
2004,35.59713851919036,0.9173364989895878,91.73364989895877,1.5082662265481641
2004,37.37699544514987,0.9127873784560177,91.27873784560177,1.5071654855349406
2004,39.24584521740737,0.9002365180197732,90.02365180197732,1.5040934930033334
2004,41.20813747827774,0.8958323893757193,89.58323893757193,1.5030030948212043
2004,43.268544352191626,0.8869153881704742,88.69153881704742,1.5007751712599127
2004,45.43197156980121,0.8780436969307029,87.8043696930703,1.4985312158012658
2004,47.70357014829128,0.868972641842847,86.8972641842847,1.4962079693245858
2004,50.08874865570584,0.8621127130701126,86.21127130701126,1.494431227663676
2004,52.59318608849114,0.8432909534122935,84.32909534122935,1.4894660458674849
2004,55.222845392915694,0.8338121086351732,83.38121086351732,1.4869138295331856
2004,57.983987662561475,0.8249313554023072,82.49313554023072,1.4844901653900666
2004,60.88318704568956,0.8058196119654557,80.58196119654556,1.4791640239132449
2004,63.92734639797404,0.7953258239617221,79.53258239617222,1.476173176632801
2004,67.12371371787275,0.7855298094262853,78.55298094262852,1.4733371219840006
2004,70.47989940376638,0.7751175793604045,77.51175793604045,1.4702746080751963
2004,74.00389437395471,0.7585341319969914,75.85341319969913,1.465290992027153
2004,77.70408909265245,0.7329430634973856,73.29430634973856,1.457331159337448
2004,81.58929354728507,0.716531794002773,71.6531794002773,1.4520440689435605
2004,85.66875822464934,0.7048327609174362,70.48327609174362,1.448182998583758
2004,89.9521961358818,0.6846879502677818,68.46879502677818,1.4413453838195105
2004,94.44980594267588,0.6733332729200461,67.33332729200461,1.4373807723735683
2004,99.1722962398097,0.6537593678353617,65.37593678353618,1.4303481481685418
2004,104.13091105180018,0.6317206006289023,63.17206006289023,1.4221107562948
2004,109.33745660439018,0.6171670397187158,61.71670397187158,1.416473025370021
2004,114.80432943460971,0.6034834301456262,60.34834301456262,1.4110195319373557
2004,120.54454590634019,0.5775842538807986,57.75842538807986,1.4002636430124935
2004,126.57177320165721,0.5638825203215195,56.388252032151954,1.3943272210141202
2004,132.9003618617401,0.549854555010829,54.9854555010829,1.3880599777076008
2004,139.5453799548271,0.5316490108834537,53.164901088345374,1.379621754874096
2004,146.52264895256846,0.5188625386267456,51.88625386267456,1.3734760304649691
2004,153.84878140019688,0.46198040797092915,46.198040797092915,1.343631451853103
2004,161.54122047020672,0.4447173111254089,44.471731112540894,1.3336458676578353
2004,169.61828149371706,0.4265661389566021,42.656613895660215,1.3226041029509294
2004,178.09919556840293,0.404137706047068,40.4137706047068,1.308108627883476
2004,187.0041553468231,0.39009161675018805,39.0091616750188,1.2984999139614404
2004,196.35436311416424,0.3747043524752834,37.470435247528336,1.2874548233260505
2004,206.17208126987248,0.35933521218656833,35.933521218656836,1.275829339195709
2004,216.4806853333661,0.33925383548857735,33.92538354885774,1.259643106385999
2004,227.30471960003442,0.3251171262607498,32.51171262607498,1.2474920768360387
2004,238.66995558003615,0.3026886933512157,30.26886933512157,1.2267474137521195
2004,250.60345335903796,0.2907721724316046,29.077217243160458,1.2148993777868509
2004,263.1336260269899,0.27658109124520847,27.65810912452085,1.1999403737541137
2004,276.2903073283394,0.2614656867631467,26.14656867631467,1.1828670255664995
2004,290.10482269475636,0.2507725349113284,25.07725349113284,1.1699902424244024
2004,304.6100638294942,0.23244918487372113,23.24491848737211,1.1461593148942926
2004,319.84056702096893,0.2162916511857618,21.62916511857618,1.12299351649418
2004,335.83259537201735,0.20549881740990114,20.549881740990113,1.1062018106569473
2004,352.62422514061825,0.19724334170057362,19.72433417005736,1.09254495641872
2004,370.2554363976492,0.18177451948781614,18.177451948781613,1.06477346678134
2004,388.76820821753165,0.17241348062092776,17.241348062092776,1.0463748490790334
2004,408.20661862840825,0.16240904024431133,16.24090402443113,1.0251569751783043
2004,428.6169495598287,0.1525224057779268,15.25224057779268,1.0023680250548863
2004,450.0477970378202,0.14260858533225798,14.260858533225798,0.9773928373693169
2004,472.55018688971114,0.13649173999329411,13.649173999329411,0.9607588100069802
2004,496.17769623419673,0.12602513796884487,12.602513796884487,0.9297581583100752
2004,520.9865810459066,0.11827713387282399,11.8277133872824,0.9043984461193898
2004,547.035910098202,0.11143532908627923,11.143532908627924,0.8799832488618878
2004,574.3877056031121,0.1057353354296744,10.573533542967441,0.8579639364155662
2004,603.1070908832677,0.09519623746046706,9.519623746046706,0.8124203611977846
2004,633.2624454274311,0.09033900916167502,9.033900916167502,0.7889046554455256
2004,664.9255676988026,0.08483837935315493,8.483837935315492,0.759947018365664
2004,698.1718460837429,0.07989959311651004,7.989959311651004,0.7314952377501698
2004,733.08043838793,0.07439896330798997,7.439896330798996,0.6965697741563973
2004,769.7344603073266,0.06843617185163704,6.843617185163704,0.6540509981014783
2004,808.221183322693,0.06453951482088971,6.453951482088971,0.6230962009597671
2004,848.6322424888276,0.06062473380395284,6.062473380395284,0.5889625651444262
2004,891.0638546132691,0.05497911210591658,5.497911210591658,0.5331945084705634
2004,935.6170473439325,0.052178956239635345,5.217895623963535,0.5020436852419432
2004,982.3978997111293,0.048644778932678455,4.864477893267845,0.4586641995599731
2004,1031.5177946966858,0.04564525921831247,4.5645259218312475,0.4176009420876219
2004,1083.0936844315202,0.04173954019447037,4.173954019447037,0.35687957785456353
2004,1137.2483686530961,0.03901188027294723,3.9011880272947232,0.3084262630519639
2004,1194.1107870857509,0.034372139808429465,3.4372139808429467,0.21079664416287125
2004,1253.8163264400387,0.032106641534739154,3.2106641534739153,0.15398879569718044
2004,1316.5071427620405,0.029904577212712165,2.9904577212712167,0.09114374838305776
2004,1382.3324999001425,0.027539397014979476,2.7539397014979476,0.0129483127930462
2004,1451.44912489515,0.026044168154343867,2.6044168154343867,-0.043733751544066966
2004,1524.0215811399073,0.02319870232258883,2.3198702322588827,-0.17255589676248778
2004,1600.222660196903,0.0211235059038885,2.11235059038885,-0.2906179094003565
2004,1680.233793206748,0.019501409139926235,1.9501409139926236,-0.40361437145217666
2004,1764.2454828670857,0.01824179209975442,1.824179209975442,-0.5089438322653445
2004,1852.45775701044,0.015486946198946996,1.5486946198946996,-0.8268788323558091
2004,1945.080644860962,0.014399507027575646,1.4399507027575646,-1.0089300648514998
2004,2042.33467710401,0.013203323939067159,1.3203323939067158,-1.280553251425832
2004,2144.4514109592105,0.011735281057715834,1.1735281057715834,-1.8324896779439301
2004,2251.6739815071714,0.01084720573442923,1.084720573442923,-2.509333558408364
2004,2364.25768058253,0.009134489039519352,0.9134489039519352,
2004,2482.4705646116568,0.008454839557412257,0.8454839557412257,
2004,2606.5940928422397,0.007865810006252775,0.7865810006252775,
2004,2736.923797484352,0.007023044648439978,0.7023044648439978,
2004,2873.7699873585693,0.006479325062754302,0.6479325062754302,
2004,3017.458486726498,0.005410009877572473,0.5410009877572474,
2004,3168.331411062823,0.004857228298792036,0.4857228298792036,
2004,3326.7479816159644,0.004413190637148735,0.4413190637148735,
2004,3493.085380696763,0.00409602087883209,0.409602087883209,
2004,3667.7396497316013,0.003325751465777383,0.3325751465777383,
2004,3851.1266322181814,0.0030176437005555003,0.30176437005555,
2004,4043.6829638290906,0.0027910938731864686,0.2791093873186469,
2004,4245.867112020545,0.002392366177016973,0.2392366177016973,
2004,4458.160467621573,0.0021023823979846126,0.21023823979846126,
2004,4681.068491002651,0.0019120805429946263,0.19120805429946264,
2004,4915.121915552784,0.0015858487915832208,0.1585848791583221,
2004,5160.878011330424,0.0013955469365932343,0.13955469365932344,
2004,5418.921911896945,0.001250555047077054,0.1250555047077054,
2004,5689.868007491792,0.001141811129939919,0.1141811129939919,
2004,5974.361407866382,0.0008337033647180361,0.08337033647180361,
2004,6273.079478259702,0.0007249594475809009,0.07249594475809008,
2004,6586.733452172687,0.0006796494821070946,0.06796494821070946,
2004,6916.070124781322,0.0006071535373490045,0.06071535373490045,
2004,7261.8736310203885,0.0004984096202118694,0.04984096202118694,
2004,7624.967312571408,0.00038966570307473426,0.03896657030747343,
2004,8006.215678199978,0.0003352937445061667,0.03352937445061667,
2004,8406.526462109978,0.00029904577212712163,0.029904577212712162,
2004,8826.852785215477,0.00028092178593759913,0.02809217859375991,
2004,9268.195424476251,0.00022654982736903154,0.022654982736903154,
2004,9731.605195700065,0.0001903018549899865,0.01903018549899865,
2004,10218.185455485069,0.00017217786880046397,0.017217786880046396,
2004,10729.094728259322,0.00015405388261094144,0.015405388261094144,
2004,11265.54946467229,0.0001449918895161802,0.014499188951618018,
2004,11828.826937905902,0.00011780591023189641,0.011780591023189641,
2004,12420.2682848012,0.00011780591023189641,0.011780591023189641,
2004,13041.28169904126,9.968192404237388e-05,0.009968192404237387,
2004,13693.345783993323,9.968192404237388e-05,0.009968192404237387,
2004,14378.013073192991,8.155793785285136e-05,0.008155793785285135,
2004,15096.913726852641,7.24959447580901e-05,0.007249594475809009,
2004,15851.759413195272,5.437195856856757e-05,0.005437195856856757,
2004,16644.347383855038,5.437195856856757e-05,0.005437195856856757,
2004,17476.56475304779,4.5309965473806306e-05,0.00453099654738063,
2004,18350.39299070018,3.624797237904505e-05,0.0036247972379045046,
2004,19267.91264023519,3.624797237904505e-05,0.0036247972379045046,
2004,20231.308272246948,3.624797237904505e-05,0.0036247972379045046,
2004,21242.873685859297,3.624797237904505e-05,0.0036247972379045046,
2004,22305.01737015226,2.7185979284283786e-05,0.0027185979284283786,
2004,23420.268238659875,2.7185979284283786e-05,0.0027185979284283786,
2004,24591.281650592875,2.7185979284283786e-05,0.0027185979284283786,
2004,25820.845733122518,2.7185979284283786e-05,0.0027185979284283786,
2004,27111.888019778646,2.7185979284283786e-05,0.0027185979284283786,
2004,28467.482420767577,1.8123986189522524e-05,0.0018123986189522523,
2004,29890.856541805962,9.061993094761262e-06,0.0009061993094761262,
2004,31385.39936889626,9.061993094761262e-06,0.0009061993094761262,
2004,32954.669337341074,9.061993094761262e-06,0.0009061993094761262,
2004,34602.402804208126,9.061993094761262e-06,0.0009061993094761262,
2005,0.7108660517764732,0.9890640273704789,98.9064027370479,1.5247889738237224
2005,0.7464093543652969,0.9889767490573942,98.89767490573942,1.524769765129945
2005,0.7837298220835618,0.9889767490573942,98.89767490573942,1.524769765129945
2005,0.82291631318774,0.9889767490573942,98.89767490573942,1.524769765129945
2005,0.864062128847127,0.9889767490573942,98.89767490573942,1.524769765129945
2005,0.9072652352894834,0.9889767490573942,98.89767490573942,1.524769765129945
2005,0.9526284970539576,0.9889767490573942,98.89767490573942,1.524769765129945
2005,1.0002599219066555,0.9889767490573942,98.89767490573942,1.524769765129945
2005,1.0502729180019883,0.9889767490573942,98.89767490573942,1.524769765129945
2005,1.1027865639020877,0.9889767490573942,98.89767490573942,1.524769765129945
2005,1.1579258920971922,0.9889767490573942,98.89767490573942,1.524769765129945
2005,1.2158221867020518,0.9889767490573942,98.89767490573942,1.524769765129945
2005,1.2766132960371546,0.9889767490573942,98.89767490573942,1.524769765129945
2005,1.3404439608390122,0.9889767490573942,98.89767490573942,1.524769765129945
2005,1.407466158880963,0.9889767490573942,98.89767490573942,1.524769765129945
2005,1.4778394668250112,0.9888283759251502,98.88283759251502,1.5247371056127492
2005,1.5517314401662616,0.9888283759251502,98.88283759251502,1.5247371056127492
2005,1.629318012174575,0.9888283759251502,98.88283759251502,1.5247371056127492
2005,1.7107839127833036,0.9888283759251502,98.88283759251502,1.5247371056127492
2005,1.7963231084224691,0.9888283759251502,98.88283759251502,1.5247371056127492
2005,1.8861392638435923,0.9888283759251502,98.88283759251502,1.5247371056127492
2005,1.9804462270357723,0.9888283759251502,98.88283759251502,1.5247371056127492
2005,2.079468538387561,0.9888283759251502,98.88283759251502,1.5247371056127492
2005,2.183441965306939,0.9886712749615976,98.86712749615975,1.5247025184427134
2005,2.292614063572286,0.9886712749615976,98.86712749615975,1.5247025184427134
2005,2.4072447667509005,0.9886712749615976,98.86712749615975,1.5247025184427134
2005,2.5276070050884454,0.9886712749615976,98.86712749615975,1.5247025184427134
2005,2.653987355342868,0.9886712749615976,98.86712749615975,1.5247025184427134
2005,2.7866867231100114,0.9886712749615976,98.86712749615975,1.5247025184427134
2005,2.9260210592655125,0.9886101801424382,98.86101801424381,1.524689066069204
2005,3.0723221122287883,0.9886101801424382,98.86101801424381,1.524689066069204
2005,3.2259382178402274,0.9886101801424382,98.86101801424381,1.524689066069204
2005,3.387235128732239,0.9886101801424382,98.86101801424381,1.524689066069204
2005,3.556596885168851,0.9884618070101941,98.84618070101942,1.5246563918042892
2005,3.7344267294272937,0.9884618070101941,98.84618070101942,1.5246563918042892
2005,3.921148065898659,0.9884618070101941,98.84618070101942,1.5246563918042892
2005,4.117205469193592,0.9884618070101941,98.84618070101942,1.5246563918042892
2005,4.323065742653272,0.9881999720709398,98.81999720709398,1.5245987167651507
2005,4.539219029785936,0.9881999720709398,98.81999720709398,1.5245987167651507
2005,4.766179981275232,0.9881999720709398,98.81999720709398,1.5245987167651507
2005,5.004488980338994,0.9878770423125262,98.78770423125262,1.524527558583359
2005,5.254713429355944,0.9878770423125262,98.78770423125262,1.524527558583359
2005,5.517449100823741,0.9878770423125262,98.78770423125262,1.524527558583359
2005,5.79332155586493,0.9876588465298143,98.76588465298143,1.5244794626935836
2005,6.082987633658176,0.9876588465298143,98.76588465298143,1.5244794626935836
2005,6.387137015341085,0.9876588465298143,98.76588465298143,1.5244794626935836
2005,6.706493866108139,0.9874406507471024,98.74406507471024,1.524431353863091
2005,7.041818559413547,0.9874406507471024,98.74406507471024,1.524431353863091
2005,7.393909487384224,0.9868820695433599,98.68820695433598,1.5243081362440554
2005,7.763604961753436,0.9868820695433599,98.68820695433598,1.5243081362440554
2005,8.151785209841108,0.9866202346041055,98.66202346041055,1.5242503487456043
2005,8.559374470333164,0.9861402038821394,98.61402038821394,1.5241443564770354
2005,8.987343193849822,0.9861402038821394,98.61402038821394,1.5241443564770354
2005,9.436710353542313,0.9857387236419495,98.57387236419495,1.524055660135381
2005,9.90854587121943,0.9857387236419495,98.57387236419495,1.524055660135381
2005,10.403973164780401,0.9855205278592375,98.55205278592375,1.5240074371477583
2005,10.924171823019423,0.984778662198017,98.4778662198017,1.5238433816797596
2005,11.470380414170393,0.9836527719592236,98.36527719592236,1.5235941156137496
2005,12.043899434878915,0.9836527719592236,98.36527719592236,1.5235941156137496
2005,12.64609440662286,0.983277475212959,98.3277475212959,1.5235109496962123
2005,13.278399126954005,0.9829545454545454,98.29545454545455,1.5234393573739111
2005,13.942319083301705,0.9825356095517386,98.25356095517385,1.5233464381484576
2005,14.63943503746679,0.9810606060606061,98.10606060606061,1.5230189005887858
2005,15.37140678934013,0.9803012847367686,98.03012847367685,1.5228500526198578
2005,16.139977128807136,0.9798561653400363,97.98561653400363,1.5227509986924186
2005,16.946975985247498,0.9792888563049853,97.92888563049853,1.5226246740150144
2005,17.79432478450987,0.9771068984778662,97.71068984778663,1.5221379777619077
2005,18.684041023735364,0.9761642926965508,97.61642926965509,1.5219273152766888
2005,19.618243074922134,0.9757017176372015,97.57017176372015,1.5218238439424872
2005,20.59915522866824,0.9748289345063539,97.48289345063539,1.5216284521491341
2005,21.629112990101657,0.9725073313782991,97.25073313782991,1.5211076707419005
2005,22.71056863960674,0.9719312945119397,97.19312945119397,1.520978219718045
2005,23.846097071587074,0.9692954894567798,96.92954894567798,1.5203846883125387
2005,25.038401925166433,0.9677332076525625,96.77332076525626,1.5200319640615383
2005,26.290322021424753,0.9669477028347996,96.69477028347995,1.5198543543950909
2005,27.604838122495995,0.9647133780198296,96.47133780198295,1.5193481905546737
2005,28.985080028620793,0.9615713587487781,96.15713587487781,1.5186339750281335
2005,30.434334030051836,0.9592846669459573,95.92846669459573,1.5181123938379124
2005,31.95605073155443,0.9576787459851976,95.76787459851977,1.517745185663798
2005,33.55385326813215,0.9547112833403156,95.47112833403156,1.5170646693530188
2005,35.23154593153876,0.9530529953917051,95.3052995391705,1.516683256483834
2005,36.9931232281157,0.9447877391425779,94.47877391425779,1.5147700691008699
2005,38.84277938952149,0.9428152492668622,94.28152492668622,1.5143104714561137
2005,40.784918358997565,0.9386258902387935,93.86258902387935,1.5133304315223044
2005,42.82416427694744,0.930997765675185,93.0997765675185,1.5115321596020075
2005,44.96537249079481,0.9272447982125401,92.72447982125401,1.510640813345946
2005,47.21364111533456,0.9205680072615556,92.05680072615556,1.5090441057284507
2005,49.57432317110129,0.9179671135316296,91.79671135316296,1.5084182887781008
2005,52.05303932965635,0.9115696131825164,91.15696131825163,1.5068696881049168
2005,54.65569129613918,0.8979018293534422,89.79018293534422,1.5035162722418862
2005,57.38847586094614,0.8898111297304846,88.98111297304845,1.501501667637902
2005,60.25789965399345,0.8837714704650188,88.37714704650188,1.4999831196839564
2005,63.270794636693125,0.875933877950007,87.5933877950007,1.4979934857757298
2005,66.43433436852779,0.8680002792906019,86.80002792906019,1.495957170895369
2005,69.75605108695417,0.8616551459293394,86.16551459293395,1.4943121010797527
2005,73.24385364130188,0.8339617371875436,83.39617371875437,1.4869543934639284
2005,76.90604632336698,0.8259408602150538,82.59408602150538,1.4847672796802125
2005,80.75134863953534,0.8163664292696551,81.63664292696551,1.4821221834361062
2005,84.7889160715121,0.8073767630219243,80.73767630219243,1.479603753183374
2005,89.02836187508771,0.7884810082390727,78.84810082390727,1.4741960811991066
2005,93.47977996884211,0.7794826141600335,77.94826141600335,1.4715646024958393
2005,98.15376896728421,0.7652562491272169,76.5256249127217,1.4673271133659547
2005,103.06145741564843,0.7563975003491132,75.63975003491133,1.464639152560705
2005,108.21453028643086,0.718256877531071,71.8256877531071,1.4526068188900296
2005,113.6252568007524,0.7101749057394219,71.01749057394218,1.4499558241954638
2005,119.30651964079003,0.6917329981846111,69.1732998184611,1.4437645889200077
2005,125.27184562282953,0.6760490853232789,67.60490853232788,1.4383365156031929
2005,131.535437903971,0.6619449099287809,66.19449099287809,1.4333204086859448
2005,138.11220979916956,0.6508256528417818,65.08256528417819,1.4292716391001818
2005,145.01782028912805,0.618148652422846,61.8148652422846,1.4168584524133214
2005,152.26871130358447,0.606462086300796,60.6462086300796,1.4122196578267754
2005,159.8821468687637,0.5940598380114509,59.40598380114509,1.4071736044138754
2005,167.8762542122019,0.571236559139785,57.123655913978496,1.3975355218795409
2005,176.270066922812,0.5590786901270772,55.90786901270772,1.3922031546931957
2005,185.0835702689526,0.5366307080016758,53.66307080016758,1.381966276044565
2005,194.3377487824002,0.5210602569473537,52.10602569473537,1.374545765453445
2005,204.05463622152024,0.5045995670995671,50.459956709956714,1.3663926506677675
2005,214.25736803259628,0.44059838011450914,44.059838011450914,1.3311908340651655
2005,224.9702364342261,0.4288943583298422,42.88943583298422,1.3240533439323412
2005,236.21874825593738,0.41392612763580505,41.3926127635805,1.3145573070685024
2005,248.0296856687343,0.39924591537494764,39.92459153749476,1.3048110751228401
2005,260.43116995217105,0.3762655355397291,37.62655355397291,1.2886015987075874
2005,273.4527284497796,0.361096564725597,36.1096564725597,1.277193615593565
2005,287.12536487226856,0.33740050272308336,33.74005027230834,1.2580875014367723
2005,301.481633115882,0.3270405669599218,32.70405669599218,1.2491848971661095
2005,316.55571477167615,0.3133291439743053,31.332914397430528,1.2368278543428668
2005,332.3835005102599,0.29207687473816507,29.207687473816506,1.2162269973512254
2005,349.00267553577294,0.2811496299399525,28.114962993995253,1.204862985648823
2005,366.4528093125616,0.2605955872084904,26.05955872084904,1.1818451756441022
2005,384.77544977818974,0.24849881301494206,24.849881301494207,1.1671593199617483
2005,404.01422226709917,0.23618384303868176,23.618384303868176,1.1512127731314554
2005,424.21493338045417,0.22736873341712052,22.73687334171205,1.1391103852677442
2005,445.42568004947697,0.20365521575198994,20.365521575198994,1.1032161254379695
2005,467.69696405195083,0.19309453986873343,19.309453986873343,1.0853902008017224
2005,491.0818122545483,0.1832670018153889,18.32670018153889,1.067589012441401
2005,515.6359028672758,0.17223502304147464,17.223502304147466,1.0460110741182118
2005,541.4176980106397,0.1618750872783131,16.18750872783131,1.0239749020615712
2005,568.4885829111716,0.15582670018153888,15.582670018153888,1.0102033539060113
2005,596.9130120567302,0.14338081273565145,14.338081273565145,0.9794228984903148
2005,626.7586626595668,0.13584869431643626,13.584869431643625,0.958950383408952
2005,658.0965957925451,0.1271470465018852,12.714704650188521,0.933249778907318
2005,691.0014255821724,0.12074954615277196,12.074954615277196,0.912737804079465
2005,725.5514968612811,0.10963901689708141,10.963901689708141,0.8732196315754813
2005,761.8290717043451,0.10418412232928362,10.418412232928361,0.851677391014526
2005,799.9205252895624,0.09800481776288228,9.800481776288228,0.8252413419370951
2005,839.9165515540407,0.09303868174835916,9.303868174835916,0.8021945024951695
2005,881.9123791317426,0.08664990923055439,8.66499092305544,0.7697798694729996
2005,926.0079980883298,0.07979856165340037,7.979856165340037,0.7308862133484485
2005,972.3083979927464,0.07513789973467393,7.513789973467393,0.7014823440686195
2005,1020.9238178923837,0.07038995950286273,7.038995950286273,0.6685806489126359
2005,1071.970008787003,0.06359097891355955,6.3590978913559555,0.6151243000792398
2005,1125.5685092263532,0.06057987711213517,6.057987711213517,0.5885517521931559
2005,1181.846934687671,0.056381790252757996,5.638179025275799,0.5478677032182493
2005,1240.9392814220546,0.05269864544058092,5.269864544058092,0.5080244996833312
2005,1302.9862454931574,0.04847437508727831,4.847437508727831,0.45644349010115093
2005,1368.1355577678153,0.045489456779779364,4.548945677977937,0.4153464510940056
2005,1436.542335656206,0.04015675185030024,4.015675185030024,0.3294515771481844
2005,1508.3694524390164,0.03752094679514034,3.752094679514034,0.2793834327230467
2005,1583.7879250609674,0.035164432341851695,3.5164432341851697,0.22908588775518018
2005,1662.9773213140156,0.032467532467532464,3.2467532467532463,0.1635255942480291
2005,1746.1261873797166,0.030521226085742214,3.0521226085742215,0.1096050520788563
2005,1833.4324967487023,0.027579946934785646,2.7579946934785644,0.014399680495662114
2005,1925.1041215861378,0.02536307778243262,2.536307778243262,-0.0718081955757938
2005,2021.3593276654444,0.023643695014662756,2.3643695014662756,-0.15022842596729674
2005,2122.427294048717,0.022386887306242144,2.2386887306242143,-0.21580764208207182
2005,2228.548658751153,0.01930596285434995,1.9305962854349952,-0.4188103945609245
2005,2339.9760916887103,0.01770876972489876,1.7708769724898759,-0.559534736227627
2005,2456.974896273146,0.01626867755900014,1.626867755900014,-0.7201966531910919
2005,2579.8236410868035,0.01466275659824047,1.466275659824047,-0.9604369404280174
2005,2708.8148231411437,0.013196480938416423,1.3196480938416422,-1.2824205703589753
2005,2844.255564298201,0.011337452869710935,1.1337452869710936,-2.0752378662212245
2005,2986.4683425131116,0.010421030582320905,1.0421030582320905,-3.188326186145015
2005,3135.791759638767,0.009644253595866499,0.9644253595866499,
2005,3292.5813476207054,0.008736559139784945,0.8736559139784945,
2005,3457.2104150017412,0.008177977936042451,0.8177977936042451,
2005,3630.070935751828,0.006921170227621841,0.692117022762184,
2005,3811.57448253942,0.006214215891635247,0.6214215891635246,
2005,4002.1532066663913,0.005655634687892753,0.5655634687892753,
2005,4202.260866999711,0.005088325652841782,0.5088325652841782,
2005,4412.373910349696,0.004372643485546711,0.4372643485546711,
2005,4632.992605867182,0.0037966066191872645,0.37966066191872644,
2005,4864.642236160541,0.0034300377042312527,0.34300377042312524,
2005,5107.874347968568,0.0031071079458176235,0.3107107945817623,
2005,5363.268065366997,0.002801633850020947,0.2801633850020947,
2005,5631.431468635346,0.0025747102360005585,0.25747102360005586,
2005,5913.003042067115,0.0022255969836614997,0.22255969836614997,
2005,6208.653194170471,0.0019463063817902527,0.19463063817902526,
2005,6519.085853878994,0.001745566261695294,0.17455662616952938,
2005,6845.040146572944,0.001579737466834241,0.15797374668342412,
2005,7187.2921539015915,0.0011084345761765116,0.11084345761765116,
2005,7546.6567615966715,0.0009426057813154587,0.09426057813154587,
2005,7923.989599676504,0.0008116883116883117,0.08116883116883117,
2005,8320.189079660331,0.0007156821672950705,0.07156821672950706,
2005,8736.198533643348,0.0005934925289763999,0.059349252897639995,
2005,9173.008460325516,0.0005411255411255411,0.05411255411255411,
2005,9631.658883341792,0.00047130289065772937,0.047130289065772935,
2005,10113.241827508882,0.00044511939673229996,0.04451193967322999,
2005,10618.903918884327,0.00041893590280687055,0.04189359028068705,
2005,11149.849114828543,0.0003403854210305823,0.034038542103058234,
2005,11707.341570569972,0.00027929060187124703,0.027929060187124703,
2005,12292.708649098471,0.0002531071079458176,0.02531071079458176,
2005,12907.344081553394,0.00020946795140343527,0.020946795140343526,
2005,13552.711285631065,0.00016582879486105293,0.016582879486105293,
2005,14230.346849912617,0.00013091746962714705,0.013091746962714704,
2005,14941.86419240825,0.00012218963831867058,0.012218963831867057,
2005,15688.957402028662,8.72783130847647e-05,0.00872783130847647,
2005,16473.405272130098,8.72783130847647e-05,0.00872783130847647,
2005,17297.075535736603,8.72783130847647e-05,0.00872783130847647,
2005,18161.929312523433,6.109481915933529e-05,0.006109481915933529,
2005,19070.025778149604,6.109481915933529e-05,0.006109481915933529,
2005,20023.527067057086,4.363915654238235e-05,0.004363915654238235,
2005,21024.70342040994,4.363915654238235e-05,0.004363915654238235,
2005,22075.93859143044,3.491132523390588e-05,0.003491132523390588,
2005,23179.735521001963,3.491132523390588e-05,0.003491132523390588,
2005,24338.72229705206,3.491132523390588e-05,0.003491132523390588,
2005,25555.658411904664,3.491132523390588e-05,0.003491132523390588,
2005,26833.4413324999,3.491132523390588e-05,0.003491132523390588,
2005,28175.113399124893,3.491132523390588e-05,0.003491132523390588,
2005,29583.869069081145,2.618349392542941e-05,0.0026183493925429407,
2005,31063.0625225352,2.618349392542941e-05,0.0026183493925429407,
2005,32616.21564866196,1.745566261695294e-05,0.001745566261695294,
2005,34247.02643109506,1.745566261695294e-05,0.001745566261695294,
2005,35959.377752649816,1.745566261695294e-05,0.001745566261695294,
2005,37757.34664028231,8.72783130847647e-06,0.000872783130847647,
2005,39645.21397229643,8.72783130847647e-06,0.000872783130847647,
2005,41627.47467091125,8.72783130847647e-06,0.000872783130847647,
2005,43708.84840445682,8.72783130847647e-06,0.000872783130847647,
2006,0.7372348623166823,0.9904928094349841,99.0492809434984,1.5251031349367283
2006,0.7740966054325165,0.9904670213954768,99.04670213954768,1.5250974695441697
2006,0.8128014357041423,0.9904670213954768,99.04670213954768,1.5250974695441697
2006,0.8534415074893494,0.9904670213954768,99.04670213954768,1.5250974695441697
2006,0.896113582863817,0.9904670213954768,99.04670213954768,1.5250974695441697
2006,0.9409192620070079,0.9904670213954768,99.04670213954768,1.5250974695441697
2006,0.9879652251073584,0.9904670213954768,99.04670213954768,1.5250974695441697
2006,1.0373634863627264,0.9904670213954768,99.04670213954768,1.5250974695441697
2006,1.0892316606808627,0.9904670213954768,99.04670213954768,1.5250974695441697
2006,1.1436932437149059,0.9904670213954768,99.04670213954768,1.5250974695441697
2006,1.2008779059006511,0.9904670213954768,99.04670213954768,1.5250974695441697
2006,1.2609218011956838,0.9904670213954768,99.04670213954768,1.5250974695441697
2006,1.323967891255468,0.9904670213954768,99.04670213954768,1.5250974695441697
2006,1.3901662858182415,0.9904670213954768,99.04670213954768,1.5250974695441697
2006,1.4596746001091536,0.9904670213954768,99.04670213954768,1.5250974695441697
2006,1.5326583301146115,0.9904412333559695,99.04412333559695,1.5250918039720054
2006,1.609291246620342,0.9904412333559695,99.04412333559695,1.5250918039720054
2006,1.6897558089513591,0.9904412333559695,99.04412333559695,1.5250918039720054
2006,1.7742435993989272,0.9904412333559695,99.04412333559695,1.5250918039720054
2006,1.8629557793688738,0.9904412333559695,99.04412333559695,1.5250918039720054
2006,1.9561035683373174,0.9904412333559695,99.04412333559695,1.5250918039720054
2006,2.0539087467541832,0.9904412333559695,99.04412333559695,1.5250918039720054
2006,2.1566041840918926,0.9904412333559695,99.04412333559695,1.5250918039720054
2006,2.2644343932964874,0.9903122931584332,99.03122931584332,1.525063473416731
2006,2.377656112961312,0.9903122931584332,99.03122931584332,1.525063473416731
2006,2.4965389186093776,0.9903122931584332,99.03122931584332,1.525063473416731
2006,2.6213658645398463,0.9903122931584332,99.03122931584332,1.525063473416731
2006,2.7524341577668388,0.9903122931584332,99.03122931584332,1.525063473416731
2006,2.890055865655181,0.9903122931584332,99.03122931584332,1.525063473416731
2006,3.0345586589379407,0.9902693130925877,99.02693130925877,1.525054028900211
2006,3.1862865918848375,0.9902693130925877,99.02693130925877,1.525054028900211
2006,3.3456009214790794,0.9902693130925877,99.02693130925877,1.525054028900211
2006,3.5128809675530337,0.9902693130925877,99.02693130925877,1.525054028900211
2006,3.688525015930685,0.9900630087765294,99.00630087765295,1.5250086882721747
2006,3.87295126672722,0.9900630087765294,99.00630087765295,1.5250086882721747
2006,4.066598830063581,0.9900630087765294,99.00630087765295,1.5250086882721747
2006,4.26992877156676,0.9900630087765294,99.00630087765295,1.5250086882721747
2006,4.483425210145098,0.989925472565824,98.9925472565824,1.5249784547952938
2006,4.707596470652353,0.989925472565824,98.9925472565824,1.5249784547952938
2006,4.942976294184971,0.989925472565824,98.9925472565824,1.5249784547952938
2006,5.19012510889422,0.9895214599468767,98.95214599468767,1.5248896143693649
2006,5.449631364338932,0.9895214599468767,98.95214599468767,1.5248896143693649
2006,5.722112932555878,0.9895214599468767,98.95214599468767,1.5248896143693649
2006,6.008218579183673,0.9893753277230021,98.9375327723002,1.5248574697208348
2006,6.3086295081428565,0.9893753277230021,98.9375327723002,1.5248574697208348
2006,6.624060983549999,0.9893753277230021,98.9375327723002,1.5248574697208348
2006,6.9552640327274995,0.9892549835386348,98.92549835386349,1.5248309933161448
2006,7.303027234363875,0.9892549835386348,98.92549835386349,1.5248309933161448
2006,7.668178596082069,0.9888509709196874,98.88509709196875,1.5247420795507411
2006,8.051587525886173,0.9888509709196874,98.88509709196875,1.5247420795507411
2006,8.454166902180482,0.9885329184324311,98.85329184324311,1.5246720524834199
2006,8.876875247289506,0.9881546938529909,98.8154693852991,1.5245887413312713
2006,9.320719009653981,0.9881546938529909,98.8154693852991,1.5245887413312713
2006,9.786754960136681,0.9876389330628454,98.76389330628454,1.5244750726156195
2006,10.276092708143516,0.9876389330628454,98.76389330628454,1.5244750726156195
2006,10.789897343550692,0.9875271848916473,98.75271848916472,1.5244504348663248
2006,11.329392210728228,0.9867449476932598,98.67449476932599,1.5242778755044992
2006,11.895861821264639,0.9858337702973361,98.58337702973361,1.5240766621308584
2006,12.490654912327873,0.9858337702973361,98.58337702973361,1.5240766621308584
2006,13.115187657944265,0.9856016779417706,98.56016779417706,1.5240253734740585
2006,13.770947040841481,0.9853266055203597,98.53266055203596,1.523964567868089
2006,14.459494392883554,0.984896804861905,98.4896804861905,1.523869517710503
2006,15.182469112527732,0.9835042507285121,98.35042507285121,1.523561207867719
2006,15.94159256815412,0.9827821856223083,98.27821856223083,1.523401134116048
2006,16.738672196561826,0.9824039610428683,98.24039610428683,1.5233172287823196
2006,17.57560580638992,0.9817678560683555,98.17678560683555,1.5231760264981629
2006,18.454386096709417,0.980134613566228,98.0134613566228,1.5228129691372017
2006,19.377105401544885,0.979292204275657,97.9292204275657,1.5226254197807643
2006,20.345960671622134,0.9789053836830478,97.89053836830477,1.5225392343269148
2006,21.36325870520324,0.9784755830245931,97.84755830245932,1.5224434240412654
2006,22.431421640463405,0.9769111086278184,97.69111086278184,1.522094241165604
2006,23.552992722486575,0.9764555199298566,97.64555199298566,1.5219924279486823
2006,24.7306423586109,0.9741174043478634,97.41174043478634,1.5214690026243862
2006,25.96717447654145,0.9728795784515142,97.28795784515142,1.5211912750161407
2006,27.265533200368523,0.9720887452399577,97.20887452399577,1.5210136124265137
2006,28.62880986038695,0.9706532110407193,97.06532110407193,1.5206906657609158
2006,30.0602503534063,0.9680572150636535,96.80572150636534,1.5201051738606546
2006,31.563262871076617,0.9666646609302606,96.66646609302606,1.51979031298745
2006,33.14142601463045,0.9654612190865877,96.54612190865876,1.519517765378105
2006,34.79849731536197,0.9630199513465655,96.30199513465655,1.5189636089384462
2006,36.53842218113007,0.9613179407390852,96.13179407390852,1.5185762463821397
2006,38.36534329018658,0.9554124796919189,95.54124796919189,1.5172257043880384
2006,40.28361045469591,0.9540027335321878,95.40027335321878,1.5169017989806306
2006,42.29779097743071,0.9503838119879999,95.0383811988,1.516067630788287
2006,44.412680526302246,0.946008441284932,94.6008441284932,1.515053911407251
2006,46.63331455261736,0.942836512425537,94.2836512425537,1.5143154321054215
2006,48.96498028024823,0.9380485330903527,93.80485330903528,1.5131949487779466
2006,51.413229294260645,0.9358565497322342,93.58565497322343,1.5126796495024404
2006,53.98389075897367,0.9289883352101296,92.89883352101296,1.5110554577026372
2006,56.683085296922364,0.9229281459259195,92.29281459259195,1.5096101274175124
2006,59.517239561768484,0.9172891612869951,91.72891612869951,1.5082548066958004
2006,62.49310153985691,0.9121401493987089,91.21401493987089,1.5070083324649186
2006,65.61775661684976,0.8999166186722598,89.99166186722599,1.5040145103808897
2006,68.89864444769225,0.8937274891905135,89.37274891905135,1.5024796352075196
2006,72.34357667007686,0.8873750354585543,88.73750354585543,1.5008906831101145
2006,75.96075550358071,0.8734237060851178,87.34237060851177,1.4973516495582404
2006,79.75879327875975,0.8656357181539203,86.56357181539202,1.4953458493649046
2006,83.74673294269773,0.8580884185914572,85.80884185914573,1.4933808483914628
2006,87.93406958983262,0.8414809211487712,84.14809211487712,1.488981412041802
2006,92.33077306932425,0.826824718695469,82.6824718695469,1.4850095625238162
2006,96.94731172279049,0.8186671021980005,81.86671021980005,1.4827612443224527
2006,101.79467730893,0.8041742239949111,80.41742239949112,1.478698242003347
2006,106.88441117437652,0.7935839357705896,79.35839357705896,1.4756720284436962
2006,112.22863173309536,0.7753689838652833,77.53689838652834,1.4703491476159516
2006,117.84006331975012,0.7668933148805585,76.68933148805584,1.4678196472316356
2006,123.73206648573763,0.7512571669259798,75.12571669259798,1.4630616179280789
2006,129.9186698100245,0.7209476244917608,72.09476244917607,1.4534812625403617
2006,136.41460330052573,0.7080793927776298,70.80793927776298,1.4492623835222587
2006,143.23533346555203,0.6955034255112479,69.55034255112479,1.4450468418337785
2006,150.39710013882964,0.6717010650460317,67.17010650460317,1.4368040709931513
2006,157.91695514577114,0.6580677881598515,65.80677881598514,1.4319182929533316
2006,165.8128029030597,0.6458786414860788,64.58786414860788,1.4274426699931186
2006,174.10344304821268,0.6210447594405715,62.10447594405715,1.4179911826577425
2006,182.80861520062334,0.6075662107914349,60.75662107914349,1.4126626580493895
2006,191.9490459606545,0.5843741672612243,58.43741672612243,1.4031407559165292
2006,201.54649825868722,0.5663569236588071,56.63569236588071,1.3954125125481438
2006,211.6238231716216,0.5472995624629297,54.729956246292964,1.386896980935342
2006,222.2050143302027,0.5249155441706137,52.49155441706137,1.3764087309972222
2006,233.31526504671285,0.5121246765750045,51.21246765750045,1.3701606629554708
2006,244.9810282990485,0.49857735982051526,49.85773598205153,1.363326013955023
2006,257.23007971400096,0.4841188656701022,48.41188656701022,1.355769526171883
2006,270.091583699701,0.42202986254974945,42.202986254974945,1.3197514279230893
2006,283.59616288468607,0.40474328006670507,40.474328006670504,1.3085133159947113
2006,297.77597102892037,0.3797632657973232,37.97632657973232,1.2911489874671753
2006,312.6647695803664,0.3675483310840432,36.75483310840432,1.2821191788339255
2006,328.29800805938476,0.3497545838240224,34.975458382402245,1.2682556564768646
2006,344.712908462354,0.3310324671417397,33.10324671417397,1.2526576388381685
2006,361.9485538854717,0.3171842899263322,31.718428992633218,1.2403716170248094
2006,380.0459815797453,0.29617563374107087,29.617563374107085,1.2203482545530382
2006,399.0482806587326,0.279774440614443,27.977444061444302,1.2033922207086245
2006,419.0006946916692,0.2666053484393938,26.66053484393938,1.1888137978357212
2006,439.9507294262527,0.25666835721592324,25.666835721592324,1.1771768951710346
2006,461.9482658975654,0.23759380399370772,23.759380399370773,1.1530933453557044
2006,485.0456791924437,0.2258602460178969,22.58602460178969,1.1369772943178784
2006,509.29796315206585,0.2143158003318061,21.431580033180612,1.1200036978659629
2006,534.7628613096692,0.1960836564001616,19.60836564001616,1.0905654305537242
2006,561.5010043751527,0.18383433763420526,18.383433763420527,1.0686512114333329
2006,589.5760545939103,0.17579706532110406,17.579706532110407,1.0531773091589607
2006,619.0548573236058,0.16227553660612207,16.227553660612205,1.0248619184559609
2006,650.0076001897862,0.15324112676540622,15.324112676540622,1.0040919094667708
2006,682.5079801992755,0.14406058470081576,14.406058470081575,0.9811975021459882
2006,716.6333792092393,0.13684852965194744,13.684852965194743,0.9617571301450912
2006,752.4650481697014,0.12418660225387465,12.418660225387464,0.9239414695338888
2006,790.0883005781864,0.1178685325745919,11.78685325745919,0.9029966679468402
2006,829.5927156070958,0.11060490144670902,11.060490144670903,0.8768757936483473
2006,871.0723513874507,0.10443296399130084,10.443296399130084,0.8526948189967307
2006,914.6259689568232,0.09773666973257802,9.773666973257802,0.8240402257327343
2006,960.3572674046643,0.09043865455201877,9.043865455201876,0.789405400656363
2006,1008.3751307748977,0.08559050312465079,8.559050312465079,0.7640665068642137
2006,1058.7938873136425,0.08080252378946645,8.080252378946644,0.7368880025461765
2006,1111.7335816793247,0.07326382024017261,7.326382024017261,0.6888789894414568
2006,1167.3202607632911,0.06990277909105756,6.990277909105756,0.6650153212309897
2006,1225.6862738014556,0.0656907326382024,6.56907326382024,0.6325330910569735
2006,1286.9705874915285,0.06159043435654543,6.159043435654543,0.5976938039905928
2006,1351.319116866105,0.05643282645509013,5.6432826455090135,0.5483906933718953
2006,1418.8850727094102,0.052908461055762336,5.290846105576233,0.5104124448736321
2006,1489.8293263448809,0.04688265582422872,4.688265582422872,0.4350644934814053
2006,1564.3207926621249,0.04418350768913378,4.4183507689133785,0.3959307988573481
2006,1642.5368322952313,0.041441379488193375,4.1441379488193375,0.35184967628443076
2006,1724.6636739099927,0.038269450628798364,3.8269450628798363,0.29421085191436513
2006,1810.8968576054926,0.0359227390336362,3.59227390336362,0.24591072216495083
2006,1901.4417004857671,0.032338201542124766,3.2338201542124767,0.16013060608889804
2006,1996.5137855100559,0.029647649420198912,2.964764942019891,0.0832355298727518
2006,2096.3394747855587,0.02730953383820584,2.7309533838205837,0.0046399916447406025
2006,2201.156448524837,0.025873999638967447,2.5873999638967446,-0.05060563977284611
2006,2311.2142709510786,0.022745050845417895,2.2745050845417896,-0.1963038752174415
2006,2426.7749844986324,0.021077424290614013,2.107742429061401,-0.29354263087699617
2006,2548.113733723564,0.019280857538273747,1.9280857538273748,-0.4207904333090117
2006,2675.5194204097425,0.0173553505883971,1.73553505883971,-0.595447572046188
2006,2809.2953914302298,0.01616050475789329,1.6160504757893288,-0.734000020078299
2006,2949.760161001742,0.014037289505127521,1.4037289505127521,-1.0813651834218017
2006,3097.2481690518293,0.012997171911667368,1.299717191166737,-1.3388510252510022
2006,3252.1105775044202,0.01189688222602357,1.189688222602357,-1.7504758373773812
2006,3414.7161063796416,0.010762208487703403,1.0762208487703402,-2.6110729053632262
2006,3585.451911698624,0.009945587236639646,0.9945587236639646,
2006,3764.724507283555,0.008398304866203054,0.8398304866203055,
2006,3952.960732647733,0.007616067667815667,0.7616067667815667,
2006,4150.60876928012,0.006894002561611924,0.6894002561611924,
2006,4358.139207744126,0.006369645758297302,0.6369645758297302,
2006,4576.046168131333,0.005449872349204439,0.544987234920444,
2006,4804.8484765379,0.004813767374691618,0.4813767374691618,
2006,5045.090900364795,0.004512906913773392,0.4512906913773392,
2006,5297.3454453830345,0.003825225860246018,0.38252258602460176,
2006,5562.212717652186,0.003300869056931395,0.3300869056931395,
2006,5840.323353534796,0.0030773727145349985,0.3077372714534998,
2006,6132.3395212115365,0.0026131880034040212,0.2613188003404021,
2006,6438.956497272114,0.002312327542485795,0.23123275424857948,
2006,6760.904322135719,0.0019512949893839236,0.19512949893839238,
2006,7098.949538242506,0.0017707787128329881,0.17707787128329883,
2006,7453.897015154631,0.0014011501465620245,0.14011501465620246,
2006,7826.591865912364,0.0012979979885329185,0.12979979885329185,
2006,8217.92145920798,0.0011002896856437984,0.11002896856437984,
2006,8628.817532168381,0.0010057335407837845,0.10057335407837845,
2006,9060.258408776801,0.0008596013169092175,0.08596013169092175,
2006,9513.27132921564,0.0007306611193728349,0.07306611193728349,
2006,9988.934895676422,0.0006189129481746366,0.06189129481746366,
2006,10488.381640460246,0.0005501448428218992,0.05501448428218992,
2006,11012.800722483258,0.0004985687638073462,0.04985687638073462,
2006,11563.440758607421,0.00036962856627096354,0.036962856627096356,
2006,12141.612796537793,0.00032664850042550265,0.032664850042550264,
2006,12748.693436364683,0.00028366843458004176,0.028366843458004175,
2006,13386.128108182917,0.00025788039507276524,0.025788039507276525,
2006,14055.434513592065,0.00022349634239639656,0.022349634239639656,
2006,14758.206239271667,0.00019770830288912003,0.019770830288912,
2006,15496.11655123525,0.00018911228972002785,0.018911228972002786,
2006,16270.922378797013,0.0001719202633818435,0.01719202633818435,
2006,17084.468497736867,0.00015472823704365914,0.015472823704365915,
2006,17938.69192262371,0.0001375362107054748,0.01375362107054748,
2006,18835.626518754896,8.596013169092175e-05,0.008596013169092176,
2006,19777.407844692643,6.87681053527374e-05,0.00687681053527374,
2006,20766.278236927275,6.0172092183645224e-05,0.006017209218364523,
2006,21804.59214877364,5.157607901455305e-05,0.005157607901455304,
2006,22894.821756212325,5.157607901455305e-05,0.005157607901455304,
2006,24039.56284402294,4.298006584546088e-05,0.004298006584546088,
2006,25241.54098622409,4.298006584546088e-05,0.004298006584546088,
2006,26503.61803553529,2.5788039507276524e-05,0.002578803950727652,
2006,27828.798937312058,2.5788039507276524e-05,0.002578803950727652,
2006,29220.238884177663,2.5788039507276524e-05,0.002578803950727652,
2006,30681.25082838655,2.5788039507276524e-05,0.002578803950727652,
2006,32215.313369805874,2.5788039507276524e-05,0.002578803950727652,
2006,33826.07903829617,2.5788039507276524e-05,0.002578803950727652,
2006,35517.38299021098,1.719202633818435e-05,0.001719202633818435,
2006,37293.25213972154,1.719202633818435e-05,0.001719202633818435,
2006,39157.91474670761,1.719202633818435e-05,0.001719202633818435,
2006,41115.810484042995,8.596013169092175e-06,0.0008596013169092175,
2006,43171.60100824515,8.596013169092175e-06,0.0008596013169092175,
2006,45330.18105865741,8.596013169092175e-06,0.0008596013169092175,
2006,47596.69011159027,8.596013169092175e-06,0.0008596013169092175,
2006,49976.52461716979,8.596013169092175e-06,0.0008596013169092175,
2006,52475.35084802828,8.596013169092175e-06,0.0008596013169092175,
2006,55099.1183904297,8.596013169092175e-06,0.0008596013169092175,
2006,57854.07430995119,8.596013169092175e-06,0.0008596013169092175,
2007,0.8184783325708466,0.983572520675516,98.3572520675516,1.523576335144087
2007,0.8594022491993889,0.9835551462923067,98.35551462923067,1.5235724854440968
2007,0.9023723616593584,0.9835551462923067,98.35551462923067,1.5235724854440968
2007,0.9474909797423263,0.9835551462923067,98.35551462923067,1.5235724854440968
2007,0.9948655287294428,0.9835551462923067,98.35551462923067,1.5235724854440968
2007,1.044608805165915,0.9835551462923067,98.35551462923067,1.5235724854440968
2007,1.0968392454242109,0.9835551462923067,98.35551462923067,1.5235724854440968
2007,1.1516812076954213,0.9835551462923067,98.35551462923067,1.5235724854440968
2007,1.2092652680801925,0.9835551462923067,98.35551462923067,1.5235724854440968
2007,1.2697285314842022,0.9835551462923067,98.35551462923067,1.5235724854440968
2007,1.3332149580584123,0.9835551462923067,98.35551462923067,1.5235724854440968
2007,1.399875705961333,0.9835551462923067,98.35551462923067,1.5235724854440968
2007,1.4698694912593997,0.9835551462923067,98.35551462923067,1.5235724854440968
2007,1.5433629658223698,0.9835551462923067,98.35551462923067,1.5235724854440968
2007,1.6205311141134884,0.9835551462923067,98.35551462923067,1.5235724854440968
2007,1.7015576698191628,0.9835377719090972,98.35377719090972,1.5235686356612808
2007,1.7866355533101208,0.9835377719090972,98.35377719090972,1.5235686356612808
2007,1.875967330975627,0.9835377719090972,98.35377719090972,1.5235686356612808
2007,1.9697656975244082,0.9835377719090972,98.35377719090972,1.5235686356612808
2007,2.068253982400629,0.9835377719090972,98.35377719090972,1.5235686356612808
2007,2.1716666815206604,0.9835377719090972,98.35377719090972,1.5235686356612808
2007,2.280250015596694,0.9835377719090972,98.35377719090972,1.5235686356612808
2007,2.3942625163765285,0.9835377719090972,98.35377719090972,1.5235686356612808
2007,2.513975642195355,0.9834856487594691,98.3485648759469,1.5235570858158454
2007,2.6396744243051224,0.9834856487594691,98.3485648759469,1.5235570858158454
2007,2.7716581455203793,0.9834856487594691,98.3485648759469,1.5235570858158454
2007,2.910241052796398,0.9834856487594691,98.3485648759469,1.5235570858158454
2007,3.055753105436218,0.9834856487594691,98.3485648759469,1.5235570858158454
2007,3.208540760708029,0.9834856487594691,98.3485648759469,1.5235570858158454
2007,3.368967798743431,0.9834422128014455,98.34422128014455,1.523547460375135
2007,3.5374161886806026,0.9834422128014455,98.34422128014455,1.523547460375135
2007,3.7142869981146327,0.9834422128014455,98.34422128014455,1.523547460375135
2007,3.9000013480203646,0.9834422128014455,98.34422128014455,1.523547460375135
2007,4.0950014154213825,0.9833119049273751,98.3311904927375,1.5235185809460285
2007,4.299751486192452,0.9833119049273751,98.3311904927375,1.5235185809460285
2007,4.514739060502076,0.9833119049273751,98.3311904927375,1.5235185809460285
2007,4.740476013527179,0.9833119049273751,98.3311904927375,1.5235185809460285
2007,4.977499814203538,0.9831555354784905,98.31555354784905,1.5234839194777334
2007,5.226374804913715,0.9831555354784905,98.31555354784905,1.5234839194777334
2007,5.487693545159401,0.9831555354784905,98.31555354784905,1.5234839194777334
2007,5.762078222417371,0.9830078532212106,98.30078532212106,1.523451177480791
2007,6.05018213353824,0.9830078532212106,98.30078532212106,1.523451177480791
2007,6.352691240215153,0.9830078532212106,98.30078532212106,1.523451177480791
2007,6.6703258022259115,0.9828949197303496,98.28949197303496,1.523426135440407
2007,7.003842092337207,0.9828949197303496,98.28949197303496,1.523426135440407
2007,7.354034196954067,0.9828949197303496,98.28949197303496,1.523426135440407
2007,7.721735906801771,0.9826864271318368,98.26864271318368,1.5233798947729633
2007,8.10782270214186,0.9826864271318368,98.26864271318368,1.5233798947729633
2007,8.513213837248953,0.9824084370004865,98.24084370004866,1.5233182219587147
2007,8.938874529111402,0.9824084370004865,98.24084370004866,1.5233182219587147
2007,9.385818255566972,0.982191257210369,98.2191257210369,1.5232700252810434
2007,9.855109168345322,0.9817829592049482,98.17829592049482,1.5231793803766922
2007,10.347864626762586,0.9817829592049482,98.17829592049482,1.5231793803766922
2007,10.865257858100717,0.9815136562652026,98.15136562652026,1.5231195681786145
2007,11.408520751005753,0.9815136562652026,98.15136562652026,1.5231195681786145
2007,11.97894678855604,0.9812356661338523,98.12356661338522,1.5230578055844581
2007,12.577894127983845,0.9808186809368268,98.08186809368267,1.522965121720189
2007,13.206788834383035,0.9801932031412884,98.01932031412885,1.5228260058933174
2007,13.867128276102191,0.9801932031412884,98.01932031412885,1.5228260058933174
2007,14.5604846899073,0.9800194593091945,98.00194593091945,1.5227873434170207
2007,15.288508924402667,0.9791333657655154,97.91333657655153,1.5225900348299275
2007,16.0529343706228,0.9787598165265133,97.87598165265133,1.5225067905331935
2007,16.85558108915394,0.9780387796233234,97.80387796233234,1.5223460001771367
2007,17.698360143611637,0.9776826047675308,97.76826047675307,1.5222665203224501
2007,18.583278150792218,0.9767878240322468,97.67878240322469,1.5220666957059836
2007,19.512442058331832,0.9759104176801724,97.59104176801723,1.5218705345139283
2007,20.488064161248424,0.9742511640836751,97.4251164083675,1.5214989881855152
2007,21.512467369310844,0.9737820557370214,97.37820557370213,1.5213938038588513
2007,22.58809073777639,0.9734085064980194,97.34085064980194,1.5213100018046342
2007,23.71749527466521,0.972756967127667,97.2756967127667,1.521163741614834
2007,24.903370038398474,0.9711324622975884,97.11324622975884,1.5207985457718058
2007,26.1485385403184,0.9705330460768643,97.05330460768643,1.5206636063112668
2007,27.455965467334316,0.9690649106956704,96.90649106956704,1.5203326729793458
2007,28.82876374070104,0.9680571964695254,96.80571964695254,1.5201051696601495
2007,30.270201927736085,0.9676141496976858,96.76141496976858,1.5200050552919837
2007,31.783712024122895,0.9660417680172354,96.60417680172354,1.5196492959509553
2007,33.37289762532904,0.9643217040795051,96.43217040795051,1.5192593135689947
2007,35.0415425065955,0.9631141844464521,96.31141844464521,1.5189850311735098
2007,36.793619631925274,0.9620977830287025,96.20977830287025,1.518753835271982
2007,38.633300613521534,0.9604472166238098,96.04472166238098,1.5183777538828218
2007,40.56496564419761,0.9592570713739662,95.92570713739661,1.5181060901939232
2007,42.59321392640749,0.9542098130516367,95.42098130516366,1.5169494144399776
2007,44.72287462272787,0.9527590520536521,95.2759052053652,1.516615563901326
2007,46.959018353864266,0.9508478699006185,95.08478699006186,1.5161748133327873
2007,49.306969271557485,0.9472253110014595,94.72253110014594,1.5153364182683382
2007,51.77231773513536,0.9436375008687191,94.36375008687192,1.5145022016464793
2007,54.36093362189213,0.9390940996594621,93.90940996594621,1.5134402269930192
2007,57.07898030298674,0.9373219125721037,93.73219125721037,1.5130242951807382
2007,59.932929318136075,0.9332736812843144,93.32736812843144,1.512070566013523
2007,62.92957578404289,0.9263586767669748,92.63586767669749,1.5104297128221968
2007,66.07605457324503,0.921519911043158,92.1519911043158,1.509272609611345
2007,69.3798573019073,0.9167245812773647,91.67245812773646,1.5081185506541954
2007,72.84885016700265,0.9117902564458962,91.17902564458961,1.506923318554985
2007,76.4912926753528,0.9071773577038015,90.71773577038014,1.5057987768463625
2007,80.31585730912043,0.8953193411633887,89.53193411633887,1.5028756454979197
2007,84.33165017457647,0.8831659601084162,88.31659601084162,1.4998301768136748
2007,88.54823268330529,0.8772412954340121,87.7241295434012,1.4983268940296717
2007,92.97564431747055,0.8714295642504691,87.14295642504692,1.4968401481602325
2007,97.62442653334408,0.8633591632497046,86.33591632497047,1.4947553459183291
2007,102.50564786001128,0.8513187156855931,85.13187156855932,1.4916002092923961
2007,107.63093025301187,0.8342483841823616,83.42483841823616,1.4870320778403847
2007,113.01247676566246,0.8225206755160192,82.25206755160191,1.4838267351876602
2007,118.6631006039456,0.8144763360900688,81.44763360900687,1.4815955139129227
2007,124.59625563414288,0.7967457780248801,79.67457780248802,1.4765807065045413
2007,130.82606841585002,0.7889620543470707,78.89620543470707,1.4743357172239056
2007,137.36737183664252,0.774193828619084,77.4193828619084,1.470000467381933
2007,144.23574042847466,0.7613975953853638,76.13975953853638,1.4661610362545427
2007,151.4475274498984,0.7520501772187087,75.20501772187087,1.463305853241369
2007,159.01990382239333,0.7234953784140663,72.34953784140663,1.4543055327864645
2007,166.970899013513,0.6997185349920078,69.97185349920078,1.4464701924378238
2007,175.31944396418865,0.6887813607616929,68.8781360761693,1.4427547478976814
2007,184.0854161623981,0.6767322260059768,67.67322260059768,1.4385761774669492
2007,193.289686970518,0.6577333379665022,65.77333379665022,1.431796863690865
2007,202.95417131904392,0.6448241712419209,64.4824171241921,1.4270505736157106
2007,213.10187988499612,0.617146778789353,61.7146778789353,1.4164650619599943
2007,223.75697387924592,0.601292654110779,60.1292654110779,1.4101321372947813
2007,234.94482257320826,0.5843700048648273,58.437000486482724,1.4031390049491028
2007,246.69206370186865,0.5603238585030231,56.03238585030231,1.3927559009178991
2007,259.0266668869621,0.5471193272638821,54.71193272638821,1.386814684278278
2007,271.9780002313102,0.5326030300924317,53.260303009243174,1.3800728650909502
2007,285.57690024287575,0.5163840433664605,51.63840433664605,1.3722627939408891
2007,299.85574525501954,0.4968465494474946,49.68465494474946,1.3624360341905946
2007,314.84853251777054,0.44050142469942316,44.050142469942315,1.3311326959760514
2007,330.59095914365906,0.4131020223782056,41.31020223782056,1.314021875701438
2007,347.120507100842,0.3997671832649941,39.97671832649941,1.3051648997416563
2007,364.4765324558842,0.3811939676141497,38.11939676141497,1.292182358046902
2007,382.7003590786784,0.3618302175272778,36.183021752727775,1.277759366702799
2007,401.8353770326123,0.3462106470220307,34.62106470220307,1.265386470973064
2007,421.927145884243,0.3237542567238863,32.37542567238863,1.246284792671033
2007,443.02350317845514,0.30796094238654526,30.796094238654526,1.2317984175516234
2007,465.1746783373779,0.2938181944540969,29.38181944540969,1.2179869745634584
2007,488.4334122542468,0.2787632914031552,27.87632914031552,1.2023047872007238
2007,512.8550828669593,0.25847001181458057,25.847001181458058,1.1793300256183272
2007,538.4978370103072,0.24581277364653556,24.581277364653555,1.1637709519871866
2007,565.4227288608225,0.23239974980888178,23.239974980888178,1.1460917070201295
2007,593.6938653038637,0.21942977274306763,21.942977274306763,1.1276684229699303
2007,623.378558569057,0.20084786990061854,20.084786990061854,1.0985998427010428
2007,654.5474864975098,0.19192612412259366,19.192612412259365,1.0833380405991193
2007,687.2748608223853,0.17740113975953853,17.740113975953854,1.0563407724531793
2007,721.6386038635046,0.16675064285217875,16.675064285217875,1.0345765555931181
2007,757.7205340566799,0.15750747098478005,15.750747098478005,1.014102434431023
2007,795.6065607595139,0.14943706998401557,14.943706998401558,0.9948395025138803
2007,835.3868887974896,0.13572868163180207,13.572868163180207,0.9586115624252042
2007,877.1562332373642,0.1289266106053235,12.892661060532351,0.9387010305285652
2007,921.0140448992323,0.12132531795121274,12.132531795121274,0.9146455484821306
2007,967.0647471441941,0.1143495030926402,11.434950309264021,0.8906341924633636
2007,1015.4179845014037,0.10640072277434151,10.64007227743415,0.86062040989686
2007,1066.188883726474,0.09830426019876294,9.830426019876294,0.8265770620176381
2007,1119.4983279127978,0.0927531447633609,9.27531447633609,0.8008154624510642
2007,1175.4732443084376,0.08737577316005282,8.737577316005282,0.7736357686340776
2007,1234.2469065238597,0.07874070470498297,7.874070470498297,0.7244399844991171
2007,1295.9592518500526,0.07517026895545208,7.517026895545207,0.7016958861058109
2007,1360.7572144425556,0.07052262144693863,7.052262144693863,0.6695450471146455
2007,1428.7950751646833,0.06601396900410035,6.601396900410035,0.6351373163349514
2007,1500.2348289229176,0.06100145944818959,6.100145944818959,0.5923941984941504
2007,1575.2465703690634,0.056918479393981515,5.691847939398151,0.5533303415976989
2007,1654.0088988875166,0.05027277781638752,5.027277781638752,0.4792598090329497
2007,1736.7093438318925,0.04749287650288415,4.749287650288415,0.44339950613315965
2007,1823.5448110234872,0.04440023629161165,4.440023629161165,0.39921877251798227
2007,1914.7220515746615,0.041064354715407606,4.1064354715407605,0.3454003835094942
2007,2010.458154153395,0.03861456668288276,3.861456668288276,0.30087798774222746
2007,2110.9810618610645,0.03479220237681562,3.479220237681562,0.22058684496200648
2007,2216.5301149541183,0.03220341927861561,3.220341927861561,0.15656565516456203
2007,2327.356620701824,0.030057682952255194,3.0057682952255194,0.09579479653739884
2007,2443.7244517369154,0.028520050038223645,2.8520050038223643,0.04690482331305879
2007,2565.910674323761,0.02509729654597262,2.509729654597262,-0.08319136615475597
2007,2694.206208039949,0.02327298630898603,2.327298630898603,-0.16876402594685416
2007,2828.9165184419467,0.021570296754465215,2.1570296754465215,-0.2630127120953121
2007,2970.3623443640445,0.019467996386128294,1.9467996386128295,-0.40618514725549676
2007,3118.880461582247,0.017730558065188685,1.7730558065188684,-0.5573853979846568
2007,3274.8244846613593,0.015506637014385989,1.5506637014385989,-0.8239781454612259
2007,3438.5657088944276,0.014446799638612829,1.4446799638612828,-0.9999772276729885
2007,3610.4939943391487,0.013291403155187991,1.329140315518799,-1.2569083098031668
2007,3791.0186940561066,0.012144693863367851,1.214469386336785,-1.6383145463616102
2007,3980.569628758912,0.011249913128083953,1.1249913128083953,-2.138976591028949
2007,4179.598110196857,0.009347418166655084,0.9347418166655084,
2007,4388.578015706701,0.008582945305441656,0.8582945305441656,
2007,4608.006916492036,0.007740287719785947,0.7740287719785948,
2007,4838.4072623166385,0.007132184307457086,0.7132184307457086,
2007,5080.32762543247,0.006176593230940302,0.6176593230940302,
2007,5334.344006704094,0.005446869136145667,0.5446869136145667,
2007,5601.061207039299,0.005073319897143652,0.5073319897143652,
2007,5881.114267391265,0.004447842101605393,0.4447842101605393,
2007,6175.1699807608275,0.003883174647300021,0.3883174647300021,
2007,6483.928479798869,0.0035269997915074016,0.35269997915074014,
2007,6808.124903788814,0.003110014594481896,0.3110014594481896,
2007,7148.531148978254,0.002884147612759747,0.2884147612759747,
2007,7505.957706427167,0.0024845367989436377,0.24845367989436376,
2007,7881.255591748525,0.0022239210508026965,0.22239210508026966,
2007,8275.318371335952,0.0017374383209396067,0.17374383209396066,
2007,8689.08428990275,0.0014681353811939676,0.14681353811939676,
2007,9123.538504397888,0.0012509555910765167,0.12509555910765166,
2007,9579.715429617783,0.0011206477170060463,0.11206477170060464,
2007,10058.701201098673,0.0009990270345402738,0.09990270345402738,
2007,10561.636261153608,0.0009382166933073876,0.09382166933073877,
2007,11089.718074211287,0.0008426575856557092,0.08426575856557092,
2007,11644.203977921852,0.0007036625199805407,0.07036625199805407,
2007,12226.414176817945,0.0006515393703523525,0.06515393703523525,
2007,12837.734885658843,0.000503857113072486,0.050385711307248594,
2007,13479.621629941787,0.0004430467718395997,0.04430467718395997,
2007,14153.602711438878,0.00040829800542080755,0.040829800542080755,
2007,14861.28284701082,0.00037354923900201543,0.03735492390020154,
2007,15604.346989361364,0.0003388004725832233,0.03388004725832233,
2007,16384.56433882943,0.000269302939745639,0.026930293974563903,
2007,17203.792555770902,0.00021717979011745084,0.021717979011745082,
2007,18063.98218355945,0.0002084925985127528,0.020849259851275278,
2007,18967.181292737423,0.00019980540690805475,0.019980540690805477,
2007,19915.540357374295,0.00016505664048926263,0.016505664048926262,
2007,20911.317375243012,0.00013899506567516853,0.013899506567516854,
2007,21956.88324400516,0.00011293349086107443,0.011293349086107443,
2007,23054.72740620542,0.00011293349086107443,0.011293349086107443,
2007,24207.46377651569,0.0001042462992563764,0.010424629925637639,
2007,25417.836965341477,7.81847244422823e-05,0.007818472444228229,
2007,26688.72881360855,6.0810341232886235e-05,0.006081034123288623,
2007,28023.16525428898,6.0810341232886235e-05,0.006081034123288623,
2007,29424.32351700343,6.0810341232886235e-05,0.006081034123288623,
2007,30895.539692853603,4.343595802349017e-05,0.004343595802349017,
2007,32440.316677496285,3.474876641879213e-05,0.0034748766418792134,
2007,34062.3325113711,2.60615748140941e-05,0.0026061574814094097,
2007,35765.44913693966,2.60615748140941e-05,0.0026061574814094097,
2007,37553.72159378664,2.60615748140941e-05,0.0026061574814094097,
2007,39431.40767347597,2.60615748140941e-05,0.0026061574814094097,
2007,41402.97805714978,8.687191604698033e-06,0.0008687191604698034,
2007,43473.12696000727,8.687191604698033e-06,0.0008687191604698034,
2007,45646.78330800764,8.687191604698033e-06,0.0008687191604698034,
2007,47929.12247340802,8.687191604698033e-06,0.0008687191604698034,
2008,1.6463689828986685,0.9862742878044957,98.62742878044956,1.5241739689449783
2008,1.728687432043602,0.986248160179758,98.6248160179758,1.524168199037092
2008,1.8151218036457821,0.986248160179758,98.6248160179758,1.524168199037092
2008,1.9058778938280714,0.986248160179758,98.6248160179758,1.524168199037092
2008,2.001171788519475,0.986248160179758,98.6248160179758,1.524168199037092
2008,2.101230377945449,0.986248160179758,98.6248160179758,1.524168199037092
2008,2.2062918968427216,0.986248160179758,98.6248160179758,1.524168199037092
2008,2.3166064916848574,0.986248160179758,98.6248160179758,1.524168199037092
2008,2.432436816269101,0.986248160179758,98.6248160179758,1.524168199037092
2008,2.554058657082556,0.9862307417632663,98.62307417632663,1.5241643523284176
2008,2.6817615899366833,0.9862307417632663,98.62307417632663,1.5241643523284176
2008,2.815849669433518,0.9862307417632663,98.62307417632663,1.5241643523284176
2008,2.956642152905194,0.9862307417632663,98.62307417632663,1.5241643523284176
2008,3.104474260550454,0.9862307417632663,98.62307417632663,1.5241643523284176
2008,3.2596979735779765,0.9862307417632663,98.62307417632663,1.5241643523284176
2008,3.4226828722568756,0.986187195722037,98.6187195722037,1.5241547351947493
2008,3.5938170158697194,0.986187195722037,98.6187195722037,1.5241547351947493
2008,3.7735078666632056,0.986187195722037,98.6187195722037,1.5241547351947493
2008,3.962183259996366,0.986187195722037,98.6187195722037,1.5241547351947493
2008,4.160292422996185,0.9860652668065946,98.60652668065946,1.524127804469025
2008,4.368307044145993,0.9860652668065946,98.60652668065946,1.524127804469025
2008,4.586722396353294,0.9860652668065946,98.60652668065946,1.524127804469025
2008,4.816058516170959,0.9860652668065946,98.60652668065946,1.524127804469025
2008,5.056861441979507,0.9859172102664147,98.59172102664147,1.5240950974210126
2008,5.309704514078482,0.9859172102664147,98.59172102664147,1.5240950974210126
2008,5.575189739782407,0.9859172102664147,98.59172102664147,1.5240950974210126
2008,5.853949226771527,0.98582140897571,98.58214089757101,1.5240739308494604
2008,6.146646688110104,0.98582140897571,98.58214089757101,1.5240739308494604
2008,6.453979022515609,0.98582140897571,98.58214089757101,1.5240739308494604
2008,6.776677973641391,0.9857343168932512,98.57343168932512,1.5240546863378115
2008,7.11551187232346,0.9857343168932512,98.57343168932512,1.5240546863378115
2008,7.471287465939633,0.9856907708520218,98.56907708520218,1.5240450633054692
2008,7.8448518392366156,0.9856907708520218,98.56907708520218,1.5240450633054692
2008,8.237094431198447,0.9853424025221867,98.53424025221868,1.5239680604034873
2008,8.64894915275837,0.9853424025221867,98.53424025221868,1.5239680604034873
2008,9.081396610396288,0.9852727288562196,98.52727288562197,1.523952655844464
2008,9.535466440916103,0.9852727288562196,98.52727288562197,1.523952655844464
2008,10.012239762961908,0.9850549986500727,98.50549986500727,1.5239045080455356
2008,10.512851751110004,0.9850549986500727,98.50549986500727,1.5239045080455356
2008,11.038494338665505,0.9849069421098928,98.49069421098929,1.5238717601384515
2008,11.59041905559878,0.9848459776521716,98.48459776521716,1.5238582739634814
2008,12.16994000837872,0.9848459776521716,98.48459776521716,1.5238582739634814
2008,12.778437008797656,0.9844889001140906,98.44889001140906,1.5237792630874565
2008,13.417358859237542,0.9839315107863544,98.39315107863544,1.5236558592492708
2008,14.088226802199419,0.9836528161224863,98.36528161224864,1.5235941253980732
2008,14.79263814230939,0.9836528161224863,98.36528161224864,1.5235941253980732
2008,15.53227004942486,0.983530887207044,98.35308872070439,1.523567110139169
2008,16.308883551896102,0.9834786319575687,98.34786319575687,1.5235555309223732
2008,17.124327729490908,0.9823028888443751,98.23028888443751,1.5232948002656108
2008,17.980544115965454,0.9821635415124411,98.21635415124412,1.5232638736617228
2008,18.87957132176373,0.9819196836815565,98.19196836815564,1.5232097392429593
2008,19.823549887851918,0.980952961566264,98.0952961566264,1.5229949736960238
2008,20.814727382244513,0.9794985237892023,97.94985237892023,1.5226713717858837
2008,21.85546375135674,0.979019517335679,97.9019517335679,1.522564668157362
2008,22.948236938924577,0.9784360003832052,97.84360003832052,1.5224345977815605
2008,24.095648785870807,0.9779308663049442,97.79308663049441,1.5223219232147904
2008,25.30043122516435,0.9768247968577176,97.68247968577177,1.5220749569837244
2008,26.565452786422565,0.9761541878227851,97.61541878227851,1.5219250556011796
2008,27.8937254257437,0.9752658485817054,97.52658485817054,1.5217262916508718
2008,29.28841169703088,0.9743600909241341,97.43600909241341,1.521523403132166
2008,30.75283228188243,0.973506588516038,97.3506588516038,1.5213320093222698
2008,32.290473895976554,0.9729927452295312,97.29927452295311,1.521216683813646
2008,33.90499759077538,0.9709634997082415,97.09634997082415,1.5207605195034537
2008,35.60024747031415,0.970284181465063,97.0284181465063,1.520607552536611
2008,37.380259843829855,0.96921294885082,96.921294885082,1.5203660700429136
2008,39.249272836021355,0.9683507372344781,96.8350737234478,1.5201714697143218
2008,41.21173647782243,0.9649018907691101,96.49018907691101,1.5193909513896193
2008,43.27232330171354,0.9639003318208341,96.39003318208341,1.5191636484231805
2008,45.435939466799226,0.9622194546293796,96.22194546293797,1.5187815270042688
2008,47.70773644013919,0.9611656404316283,96.11656404316284,1.518541543432605
2008,50.09312326214615,0.958039034671358,95.8039034671358,1.5178276341777857
2008,52.597779425253464,0.9562623561891989,95.62623561891989,1.5174206918683724
2008,55.22766839651613,0.9526219071424217,95.26219071424217,1.516583971912819
2008,57.98905181634195,0.9495823934646102,94.95823934646101,1.5158823783463045
2008,60.88850440715904,0.9480408636050897,94.80408636050896,1.51552550823428
2008,63.932929627517005,0.9437472239398716,94.37472239398717,1.5145277711334257
2008,67.12957610889285,0.939854207853964,93.9854207853964,1.5136183307936282
2008,70.4860549143375,0.9346635197394205,93.46635197394205,1.512398568396157
2008,74.01035766005438,0.9313801482307243,93.13801482307244,1.511622730884386
2008,77.7108755430571,0.9266597573614582,92.66597573614582,1.510501466828386
2008,81.59641932020996,0.9232370385208281,92.3237038520828,1.509684076967236
2008,85.67624028622046,0.9076040097194764,90.76040097194765,1.505903079833123
2008,89.96005230053149,0.9020562440668519,90.20562440668519,1.5045421287640544
2008,94.45805491555807,0.8966391165379155,89.66391165379154,1.5032033183056432
2008,99.18095766133597,0.8885221344527569,88.85221344527568,1.5011786364157602
2008,104.14000554440277,0.880788357530417,88.0788357530417,1.4992283869216678
2008,109.34700582162291,0.8741083948058282,87.41083948058282,1.4975269441047048
2008,114.81435611270408,0.8566638506893338,85.66638506893338,1.493007576012383
2008,120.55507391833927,0.8485294501876834,84.85294501876834,1.4908614945450236
2008,126.58282761425625,0.8359272258558974,83.59272258558974,1.4874864055863457
2008,132.91196899496907,0.826503862533857,82.6503862533857,1.4849216463369563
2008,139.55756744471753,0.8139190566185628,81.39190566185628,1.4814399430652245
2008,146.5354458169534,0.8012907046620392,80.12907046620393,1.4778791364416204
2008,153.86221810780108,0.7918847597564905,79.18847597564906,1.475181864824961
2008,161.55532901319114,0.7821565741458444,78.21565741458444,1.47235045597749
2008,169.6330954638507,0.7629876067966661,76.29876067966661,1.4666424134236362
2008,178.11475023704327,0.7340294893791205,73.40294893791204,1.4576760031398381
2008,187.02048774889542,0.7201818482681739,72.01818482681739,1.4532328096964708
2008,196.3715121363402,0.7058203638707206,70.58203638707205,1.4485119887259574
2008,206.1900877431572,0.6865904320638211,68.65904320638211,1.4420017017699902
2008,216.49959213031508,0.673709513068167,67.37095130681669,1.4375134624370427
2008,227.32457173683085,0.650290452095,65.0290452095,1.4290746016957951
2008,238.69080032367242,0.636477647817037,63.6477647817037,1.423918658143422
2008,250.62534033985605,0.6140165997509166,61.40165997509166,1.4152308508847482
2008,263.15660735684884,0.5981919683681557,59.81919683681557,1.408869276087642
2008,276.3144377246913,0.579336532515829,57.933653251582896,1.4010101622114672
2008,290.1301596109259,0.5613781451128278,56.13781451128278,1.3932227147810086
2008,304.6366675914722,0.5453096558991822,54.530965589918225,1.3859864928033419
2008,319.8685009710458,0.5303733637575008,53.03733637575008,1.3790169764388716
2008,335.8619260195981,0.5075378197368077,50.753781973680766,1.3678722453615229
2008,352.65502232057804,0.4477752327535904,44.77752327535904,1.3354499925073116
2008,370.287773436607,0.4321857499934681,43.21857499934681,1.3260852225790305
2008,388.8021621084373,0.4095418085541843,40.95418085541843,1.3116930869955616
2008,408.24227021385923,0.3944139138310936,39.44139138310936,1.3015030110246684
2008,428.6543837245522,0.3670060354813144,36.70060354813144,1.2817094336098243
2008,450.0871029107798,0.3522787643375341,35.22787643375341,1.2702766232799991
2008,472.5914580563188,0.3344771426829587,33.44771426829587,1.2556113227809265
2008,496.22103095913474,0.313688262600047,31.368826260004703,1.2371603367455835
2008,521.0320825070916,0.2960608251103892,29.606082511038924,1.220233823542332
2008,547.0836866324461,0.2822480208324261,28.22480208324261,1.2060310141290624
2008,574.4378709640685,0.2677297706865469,26.77297706865469,1.1900948678457104
2008,603.159764512272,0.2509471263967393,25.094712639673926,1.1702062279984446
2008,633.3177527378856,0.23561891988399333,23.561891988399335,1.1504551412328856
2008,664.9836403747798,0.22047360674441085,22.047360674441087,1.1292038575598515
2008,698.2328223935189,0.20417867811637244,20.417867811637244,1.1040675120482233
2008,733.1444635131949,0.19275219689778003,19.275219689778,1.0847906473560645
2008,769.8016866888546,0.18049834089582917,18.049834089582916,1.0623412053247927
2008,808.2917710232973,0.17137109065414863,17.13710906541486,1.0442427703525492
2008,848.7063595744622,0.15567709739507582,15.567709739507581,1.0098535242796018
2008,891.1416775531854,0.14745560481096665,14.745560481096664,0.9898913379374903
2008,935.6987614308447,0.13948667926598793,13.948667926598793,0.96902890745656
2008,982.4836995023869,0.1327283336671863,13.272833366718631,0.9500037447850799
2008,1031.6078844775066,0.12041351320751431,12.041351320751431,0.9116185017964928
2008,1083.1882787013817,0.11362033077572918,11.362033077572917,0.8880053929689181
2008,1137.3476926364508,0.10722777192325446,10.722777192325445,0.8638895349529713
2008,1194.2150772682735,0.1006087736563869,10.06087736563869,0.8366648327901053
2008,1253.9258311316873,0.09165570757962394,9.165570757962394,0.7954574186789107
2008,1316.6221226882717,0.0880065493246009,8.800654932460091,0.776948727027575
2008,1382.4532288226853,0.0811611116433405,8.11611116433405,0.7390050109741564
2008,1451.5758902638195,0.07595300511230524,7.595300511230524,0.7068181565905214
2008,1524.1546847770105,0.07059684204109004,7.059684204109004,0.6700834048012012
2008,1600.3624190158612,0.06705219428501755,6.705219428501755,0.6433718084391293
2008,1680.3805399666544,0.05991064352339729,5.991064352339729,0.5823659351169406
2008,1764.3995669649871,0.056392123392062427,5.639212339206242,0.5479736516913142
2008,1852.6195453132366,0.05195042718666446,5.195042718666446,0.49938331808839687
2008,1945.2505225788987,0.04885865825937764,4.885865825937763,0.46143358077216434
2008,2042.5130487078434,0.046385243117548186,4.638524311754819,0.4281370003488479
2008,2144.6387011432357,0.041046498462824745,4.1046498462824745,0.34509243284421437
2008,2251.8706362003977,0.03852082807152002,3.852082807152002,0.2990773916443464
2008,2364.464168010418,0.03610837738741171,3.610837738741171,0.2499333241190347
2008,2482.6873764109387,0.03139669572639151,3.1396695726391513,0.13463365230997468
2008,2606.8217452314857,0.02944583307931476,2.944583307931476,0.07693077746353837
2008,2737.1628324930603,0.027390459933287464,2.7390459933287463,0.007580874575630123
2008,2874.020974117713,0.02565732749235767,2.565732749235767,-0.059490897803893134
2008,3017.722022823599,0.02309682026806943,2.309682026806943,-0.17779995745765592
2008,3168.608123964779,0.02124175891169734,2.1241758911697337,-0.28318033882849236
2008,3327.038530163018,0.018794471394605515,1.8794471394605514,-0.46048482302910504
2008,3493.3904566711694,0.017575182240182546,1.7575182240182545,-0.5728735353878057
2008,3668.0599795047283,0.016303637836284305,1.6303637836284306,-0.7157953857574226
2008,3851.462978479964,0.014735980352026197,1.4735980352026197,-0.9475052420888376
2008,4044.0361274039633,0.013673456946029037,1.3673456946029037,-1.16196299917166
2008,4246.237933774161,0.011530991717542958,1.1530991717542958,-1.948741406664524
2008,4458.54983046287,0.010546851185758703,1.0546851185758703,-2.932902901428862
2008,4681.477321986013,0.009597547486957961,0.9597547486957961,
2008,4915.551188085315,0.008865973994304178,0.8865973994304178,
2008,5161.328747489581,0.007437663841980126,0.7437663841980126,
2008,5419.395184864059,0.0067235087658180995,0.6723508765818099,
2008,5690.364944107262,0.006096445772114857,0.6096445772114857,
2008,5974.883191312626,0.005330035446477561,0.5330035446477561,
2008,6273.627350878257,0.0047203908692660754,0.47203908692660757,
2008,6587.30871842217,0.004145583125038103,0.41455831250381026,
2008,6916.67415434328,0.003910434502399387,0.3910434502399387,
2008,7262.507862060444,0.0034749740901054687,0.3474974090105469,
2008,7625.633255163466,0.003013386053073915,0.3013386053073915,
2008,8006.91491792164,0.0027695282221893206,0.2769528222189321,
2008,8407.260663817722,0.0021511744367319566,0.21511744367319566,
2008,8827.623697008608,0.001968281063568511,0.19682810635685108,
2008,9269.00488185904,0.001776678482159187,0.1776678482159187,
2008,9732.455125951992,0.0016024943172416196,0.16024943172416195,
2008,10219.077882249592,0.001419600944078174,0.1419600944078174,
2008,10730.031776362071,0.001254125987406485,0.1254125987406485,
2008,11266.533365180176,0.0011757431131935797,0.11757431131935797,
2008,11829.860033439187,0.0010538141977512825,0.10538141977512824,
2008,12421.353035111144,0.0008970484493254718,0.08970484493254718,
2008,13042.420686866702,0.0008447931998502016,0.08447931998502016,
2008,13694.54172121004,0.0006706090349326342,0.06706090349326342,
2008,14379.26880727054,0.0006096445772114858,0.06096445772114858,
2008,15098.232247634069,0.0005051340782609453,0.05051340782609453,
2008,15853.143860015773,0.0004528788287856751,0.04528788287856751,
2008,16645.80105301656,0.0003657867463268914,0.03657867463268914,
2008,17478.09110566739,0.0003396591215892563,0.03396591215892563,
2008,18351.99566095076,0.00029611308035986446,0.029611308035986446,
2008,19269.5954439983,0.00023514862263871591,0.023514862263871592,
2008,20233.075216198216,0.0002090209979010808,0.02090209979010808,
2008,21244.72897700813,0.0001828933731634457,0.01828933731634457,
2008,22306.965425858536,0.00017418416491756734,0.017418416491756735,
2008,23422.313697151465,0.00015676574842581062,0.015676574842581063,
2008,24593.42938200904,0.00015676574842581062,0.015676574842581063,
2008,25823.100851109488,0.00012192891544229714,0.012192891544229714,
2008,27114.25589366497,0.0001045104989505404,0.01045104989505404,
2008,28469.968688348217,6.967366596702694e-05,0.006967366596702693,
2008,29893.467122765625,6.967366596702694e-05,0.006967366596702693,
2008,31388.14047890391,6.096445772114857e-05,0.006096445772114857,
2008,32957.547502849106,4.3546041229391835e-05,0.004354604122939184,
2008,34605.424877991565,3.483683298351347e-05,0.0034836832983513467,
2008,36335.69612189114,2.61276247376351e-05,0.00261276247376351,
2008,38152.48092798571,2.61276247376351e-05,0.00261276247376351,
2008,40060.10497438499,2.61276247376351e-05,0.00261276247376351,
2008,42063.11022310424,2.61276247376351e-05,0.00261276247376351,
2008,44166.265734259454,1.7418416491756734e-05,0.0017418416491756733,
2008,46374.57902097243,1.7418416491756734e-05,0.0017418416491756733,
2008,48693.30797202105,1.7418416491756734e-05,0.0017418416491756733,
2008,51127.97337062211,8.709208245878367e-06,0.0008709208245878367,
2008,53684.37203915322,8.709208245878367e-06,0.0008709208245878367,
2008,56368.59064111087,8.709208245878367e-06,0.0008709208245878367,
2008,59187.02017316642,8.709208245878367e-06,0.0008709208245878367,
2008,62146.37118182474,8.709208245878367e-06,0.0008709208245878367,
2008,65253.68974091598,8.709208245878367e-06,0.0008709208245878367,
2008,68516.37422796179,8.709208245878367e-06,0.0008709208245878367,
2009,0.8254208696763146,0.9862085939555449,98.62085939555449,1.5241594610545555
2009,0.8666919131601303,0.9861831328982321,98.6183132898232,1.5241538378946262
2009,0.9100265088181368,0.9861831328982321,98.6183132898232,1.5241538378946262
2009,0.9555278342590438,0.9861831328982321,98.6183132898232,1.5241538378946262
2009,1.003304225971996,0.9861831328982321,98.6183132898232,1.5241538378946262
2009,1.053469437270596,0.9861831328982321,98.6183132898232,1.5241538378946262
2009,1.1061429091341257,0.9861831328982321,98.6183132898232,1.5241538378946262
2009,1.161450054590832,0.9861831328982321,98.6183132898232,1.5241538378946262
2009,1.2195225573203736,0.9861831328982321,98.6183132898232,1.5241538378946262
2009,1.2804986851863924,0.9861831328982321,98.6183132898232,1.5241538378946262
2009,1.344523619445712,0.9861831328982321,98.6183132898232,1.5241538378946262
2009,1.4117498004179978,0.9861831328982321,98.6183132898232,1.5241538378946262
2009,1.4823372904388976,0.9861831328982321,98.6183132898232,1.5241538378946262
2009,1.5564541549608426,0.9861831328982321,98.6183132898232,1.5241538378946262
2009,1.6342768627088848,0.9861831328982321,98.6183132898232,1.5241538378946262
2009,1.7159907058443293,0.9861831328982321,98.6183132898232,1.5241538378946262
2009,1.8017902411365456,0.9861831328982321,98.6183132898232,1.5241538378946262
2009,1.891879753193373,0.9861831328982321,98.6183132898232,1.5241538378946262
2009,1.9864737408530417,0.9861831328982321,98.6183132898232,1.5241538378946262
2009,2.085797427895694,0.9861831328982321,98.6183132898232,1.5241538378946262
2009,2.1900872992904787,0.9861831328982321,98.6183132898232,1.5241538378946262
2009,2.299591664255003,0.9861831328982321,98.6183132898232,1.5241538378946262
2009,2.414571247467753,0.9861831328982321,98.6183132898232,1.5241538378946262
2009,2.535299809841141,0.9861831328982321,98.6183132898232,1.5241538378946262
2009,2.662064800333198,0.9861831328982321,98.6183132898232,1.5241538378946262
2009,2.795168040349858,0.9861831328982321,98.6183132898232,1.5241538378946262
2009,2.934926442367351,0.9861831328982321,98.6183132898232,1.5241538378946262
2009,3.0816727644857185,0.9861831328982321,98.6183132898232,1.5241538378946262
2009,3.2357564027100048,0.9861831328982321,98.6183132898232,1.5241538378946262
2009,3.3975442228455055,0.9861831328982321,98.6183132898232,1.5241538378946262
2009,3.5674214339877808,0.9861831328982321,98.6183132898232,1.5241538378946262
2009,3.7457925056871697,0.9861831328982321,98.6183132898232,1.5241538378946262
2009,3.9330821309715285,0.9861831328982321,98.6183132898232,1.5241538378946262
2009,4.129736237520104,0.9861237237645022,98.61237237645022,1.5241407165005485
2009,4.336223049396111,0.9861237237645022,98.61237237645022,1.5241407165005485
2009,4.553034201865916,0.9861237237645022,98.61237237645022,1.5241407165005485
2009,4.780685911959212,0.9861237237645022,98.61237237645022,1.5241407165005485
2009,5.019720207557173,0.9860643146307723,98.60643146307723,1.5241275941437582
2009,5.2707062179350315,0.9860643146307723,98.60643146307723,1.5241275941437582
2009,5.534241528831783,0.9860643146307723,98.60643146307723,1.5241275941437582
2009,5.810953605273373,0.9859030612677909,98.5903061267791,1.5240919714642909
2009,6.101501285537042,0.9859030612677909,98.5903061267791,1.5240919714642909
2009,6.406576349813895,0.9859030612677909,98.5903061267791,1.5240919714642909
2009,6.72690516730459,0.9858181910767481,98.5818191076748,1.5240732198355078
2009,7.063250425669819,0.9858181910767481,98.5818191076748,1.5240732198355078
2009,7.41641294695331,0.9858181910767481,98.5818191076748,1.5240732198355078
2009,7.787233594300976,0.9858181910767481,98.5818191076748,1.5240732198355078
2009,8.176595274016025,0.9858181910767481,98.5818191076748,1.5240732198355078
2009,8.585425037716828,0.985631476656454,98.5631476656454,1.524031959330997
2009,9.014696289602668,0.985631476656454,98.5631476656454,1.524031959330997
2009,9.465431104082803,0.9853938401215341,98.5393840121534,1.523979432192543
2009,9.938702659286944,0.9852835088731785,98.52835088731786,1.523955039348323
2009,10.43563779225129,0.9852835088731785,98.52835088731786,1.523955039348323
2009,10.957419681863856,0.9850883074337801,98.50883074337801,1.5239118746276508
2009,11.505290665957048,0.9850883074337801,98.50883074337801,1.5239118746276508
2009,12.080555199254901,0.9849440281090073,98.49440281090072,1.5238799635732514
2009,12.684582959217648,0.9846554694594618,98.46554694594619,1.5238161243823751
2009,13.318812107178529,0.9842480925424563,98.42480925424563,1.5237259596664026
2009,13.984752712537459,0.9842480925424563,98.42480925424563,1.5237259596664026
2009,14.68399034816433,0.9840613781221621,98.40613781221622,1.5236846189806639
2009,15.41818986557255,0.9837643324535124,98.37643324535124,1.5236188300153448
2009,16.189099358851177,0.9836794622624696,98.36794622624696,1.5236000287242502
2009,16.998554326793737,0.9832041891926299,98.32041891926299,1.5234947049712733
2009,17.848482043133423,0.9830768839060656,98.30768839060656,1.5234664827221553
2009,18.740906145290094,0.9822196949765334,98.22196949765333,1.5232763369467799
2009,19.677951452554602,0.9820414675753435,98.20414675753435,1.5232367763053625
2009,20.66184902518233,0.9810739473974556,98.10739473974556,1.52302186583808
2009,21.69494147644145,0.9802422195252362,98.02422195252362,1.5228369117911387
2009,22.779688550263522,0.979962147894795,97.9962147894795,1.5227745883203079
2009,23.9186729777767,0.9789776536786984,97.89776536786984,1.5225553395741258
2009,25.114606626665537,0.9774330162017195,97.74330162017195,1.5222108040072406
2009,26.370336957998816,0.9771529445712782,97.71529445712783,1.5221482622367513
2009,27.688853805898752,0.9757950215145934,97.57950215145934,1.521844719478094
2009,29.0732964961937,0.974963293642374,97.4963293642374,1.521658545287983
2009,30.52696132100338,0.9745559167253686,97.45559167253685,1.521567287317357
2009,32.05330938705355,0.9733083249170393,97.33083249170393,1.5212875204003302
2009,33.65597485640623,0.971992836955876,97.1992836955876,1.520992054425222
2009,35.33877359922655,0.9712884143702207,97.12884143702207,1.5208336367741806
2009,37.10571227918788,0.9707282711093382,97.07282711093383,1.5207075661551501
2009,38.960997893147265,0.9689290230592309,96.89290230592309,1.5203020115712615
2009,40.90904778780463,0.968326444702827,96.8326444702827,1.520165983855238
2009,42.954500177194866,0.9653475009972248,96.53475009972247,1.5194919898415034
2009,45.10222518605461,0.9643290587047112,96.43290587047112,1.5192609828546033
2009,47.35733644535735,0.9626486289220637,96.26486289220637,1.518879170448892
2009,49.72520326762521,0.9605438481842022,96.05438481842022,1.5183997930803856
2009,52.21146343100648,0.9588209833060334,95.88209833060334,1.5180064454328819
2009,54.8220366025568,0.9555365069126771,95.5536506912677,1.5172541731762477
2009,57.56313843268465,0.9543313501998693,95.43313501998692,1.5169773545865235
2009,60.441295354318875,0.9514542507235184,95.14542507235184,1.5163147718167072
2009,63.46336012203483,0.948475307017916,94.8475307017916,1.5156261551450019
2009,66.63652812813658,0.9446476614018858,94.46476614018859,1.5147374690803495
2009,69.96835453454341,0.9418893801929948,94.18893801929948,1.5140943357287373
2009,73.46677226127058,0.9384181893793443,93.84181893793443,1.5132817041104187
2009,77.14011087433411,0.9335721014708004,93.35721014708004,1.5121410435226683
2009,80.99711641805081,0.9298972221986471,92.98972221986472,1.5112712308322747
2009,85.04697223895336,0.9216393526101827,92.16393526101827,1.5093012611294314
2009,89.29932085090104,0.91725156373327,91.725156373327,1.5082457360656956
2009,93.76428689344608,0.9133645089835097,91.33645089835098,1.507305503287408
2009,98.45250123811839,0.9025435596255528,90.25435596255528,1.5046620839381561
2009,103.37512630002432,0.8944978655146952,89.44978655146953,1.5026713918631154
2009,108.54388261502554,0.8880307569572339,88.8030756957234,1.5010553428815492
2009,113.97107674577683,0.8800444719801064,88.00444719801064,1.499039695405035
2009,119.66963058306568,0.8726268172829656,87.26268172829657,1.4971474175853974
2009,125.65311211221896,0.8615767184091931,86.15767184091932,1.4942916748741943
2009,131.9357677178299,0.8466310777665561,84.66310777665561,1.4903570221785956
2009,138.53255610372142,0.8346219457339998,83.46219457339998,1.487133267883465
2009,145.4591839089075,0.8237840223378343,82.37840223378343,1.4841747110567531
2009,152.73214310435287,0.8140663854634337,81.40663854634337,1.4814810842825032
2009,160.36875025957053,0.803559455812335,80.3559455812335,1.4785239109888135
2009,168.38718777254905,0.7866023916419835,78.66023916419836,1.473649759808004
2009,176.80654716117652,0.7772072614935456,77.72072614935456,1.4708932813855788
2009,185.64687451923535,0.7675235726955622,76.75235726955621,1.468008924219102
2009,194.92921824519712,0.7341441265584289,73.41441265584288,1.457712353568351
2009,204.67567915745698,0.7219822281819956,72.19822281819957,1.4538164186977098
2009,214.90946311532986,0.7032344029806411,70.32344029806411,1.447649345720079
2009,225.65493627109635,0.6883227104144212,68.83227104144211,1.4425973500720586
2009,236.93768308465118,0.6731988423705941,67.31988423705941,1.4373333399826318
2009,248.78456723888374,0.6518370152851214,65.18370152851215,1.429643430565319
2009,261.22379560082794,0.6315106045303708,63.151060453037076,1.4220305587743611
2009,274.28498538086933,0.6147742028567307,61.47742028567307,1.415530285409439
2009,287.9992346499128,0.5982754377180103,59.827543771801025,1.4089033784604192
2009,302.3991963824085,0.5768032793841819,57.68032793841819,1.3999300161920354
2009,317.5191562015289,0.5607713002961969,56.077130029619696,1.3929541516663813
2009,333.39511401160536,0.5384249789946277,53.84249789946277,1.3828040468344744
2009,350.06486971218567,0.5240479686319774,52.404796863197745,1.3759909958652234
2009,367.56811319779496,0.5072182097481901,50.72182097481901,1.3677118232679255
2009,385.94651885768474,0.4451186909621734,44.51186909621734,1.3338835675288703
2009,405.243844800569,0.42794096429511064,42.794096429511065,1.3234610943250826
2009,425.50603704059745,0.4025732641924177,40.25732641924177,1.3070595797319062
2009,446.78133889262733,0.3850475697420795,38.50475697420795,1.294941334092746
2009,469.12040583725866,0.3672587776995086,36.72587776995086,1.2819004955858733
2009,492.57642612912167,0.3532636831965509,35.32636831965509,1.2710601671193147
2009,517.2052474355778,0.3295679258574011,32.95679258574011,1.2513898513385686
2009,543.0655098073568,0.312984290527638,31.298429052763797,1.2365081159414715
2009,570.2187852977245,0.2967061878856289,29.67061878856289,1.2208763184821807
2009,598.7297245626108,0.27745762855712186,27.745762855712186,1.2008930082138352
2009,628.6662107907414,0.260245953813642,26.0245953813642,1.1814333077421333
2009,660.0995213302784,0.24964566695239632,24.964566695239633,1.1685914474443484
2009,693.1044973967925,0.2317041085659484,23.170410856594838,1.1451383267334567
2009,727.759722266632,0.21954221018951514,21.954221018951515,1.127834277747988
2009,764.1477083799637,0.20688806470503365,20.688806470503366,1.108428222304227
2009,802.3550937989619,0.1900243577448293,19.00243577448293,1.0799618350311417
2009,842.4728484889101,0.1736698719308817,17.36698719308817,1.048921609874917
2009,884.5964909133556,0.16497916436809898,16.4979164368099,1.0307737850621048
2009,928.8263154590234,0.15537185874205403,15.537185874205402,1.009138332696442
2009,975.2676312319747,0.1469018136759826,14.69018136759826,0.9884920696616
2009,1024.0310127935734,0.13698897536218355,13.698897536218354,0.9621491198368244
2009,1075.2325634332522,0.12657540292123198,12.657540292123198,0.9314760917104639
2009,1128.994191604915,0.11936143668259397,11.936143668259398,0.9080855935814707
2009,1185.4439011851605,0.11221536659679021,11.221536659679021,0.8828724487464146
2009,1244.7160962444186,0.10175087204121297,10.175087204121297,0.8415423154213462
2009,1306.9519010566396,0.09718485576311033,9.718485576311032,0.8215535005314901
2009,1372.2994961094716,0.09110815008444584,9.110815008444584,0.7927491240692733
2009,1440.9144709149455,0.08520967180697124,8.520967180697124,0.7619873052361816
2009,1512.9601944606927,0.07954883006441647,7.954883006441647,0.7293759004121797
2009,1588.6082041837274,0.07510163205377375,7.510163205377375,0.7012429200882275
2009,1668.0386143929138,0.06673343121695367,6.673343121695368,0.6408644241875648
2009,1751.4405451125597,0.0629906557919662,6.299065579196619,0.6099836465551933
2009,1839.0125723681876,0.05897629575564175,5.897629575564175,0.5735471532957662
2009,1930.963200986597,0.054656403031563223,5.465640303156323,0.5297344865455655
2009,2027.5113610359272,0.051499231924771065,5.1499231924771065,0.4940751956624057
2009,2128.8869290877233,0.04678893632189566,4.678893632189566,0.4337685457535853
2009,2235.33127554211,0.04353840800495642,4.353840800495642,0.38598214047690954
2009,2347.0978393192154,0.04065282150950122,4.065282150950122,0.3382443443809429
2009,2464.4527312851765,0.03854804077163978,3.854804077163978,0.2996008972315635
2009,2587.675367849435,0.033990511512641416,3.3990511512641417,0.20171259573615483
2009,2717.059136241907,0.03156322404881733,3.1563224048817333,0.13924663914138938
2009,2852.9120930540025,0.02921231975693177,2.921231975693177,0.06953113426389818
2009,2995.5576977067026,0.02596179143999253,2.596179143999253,-0.04704883678732221
2009,3145.335582592038,0.023916419835861052,2.3916419835861054,-0.1369886162582047
2009,3302.60236172164,0.02099688526398873,2.099688526398873,-0.2986904253516172
2009,3467.7324798077225,0.01981718960849381,1.981718960849381,-0.3798490730520395
2009,3641.1191037981084,0.01842531847539189,1.8425318475391887,-0.49242818280443384
2009,3823.175058988014,0.01680429782647441,1.6804297826474408,-0.6557558633806351
2009,4014.3338119374152,0.015505783903519567,1.5505783903519568,-0.824103568175878
2009,4215.050502534285,0.013282184898198206,1.3282184898198206,-1.2593496426268942
2009,4425.803027661001,0.012161898376433245,1.2161898376433244,-1.6310554577034706
2009,4647.093179044051,0.011024637816459725,1.1024637816459726,-2.3274160791415714
2009,4879.447837996254,0.010184422925136005,1.0184422925136005,-4.002259808152645
2009,5123.420229896066,0.008690707562782724,0.8690707562782723,
2009,5379.59124139087,0.007765622480416203,0.7765622480416203,
2009,5648.570803460414,0.0072224532577422835,0.7222453257742284,
2009,5930.999343633434,0.006382238366418563,0.6382238366418563,
2009,6227.549310815106,0.005813608086431802,0.5813608086431802,
2009,6538.926776355862,0.005406231169426363,0.5406231169426363,
2009,6865.873115173656,0.004523581182581242,0.4523581182581242,
2009,7209.166770932338,0.004065282150950122,0.4065282150950122,
2009,7569.625109478956,0.0035221129282762016,0.35221129282762015,
2009,7948.106364952903,0.0032250672596264014,0.32250672596264013,
2009,8345.51168320055,0.002656436979639641,0.2656436979639641,
2009,8762.787267360578,0.002393339387406961,0.2393339387406961,
2009,9200.926630728605,0.002062345642340041,0.2062345642340041,
2009,9660.972962265037,0.0018841182411501608,0.18841182411501609,
2009,10144.02161037829,0.0015870725725003606,0.15870725725003607,
2009,10651.222690897204,0.0014088451713104807,0.14088451713104808,
2009,11183.783825442066,0.0012560788274334407,0.12560788274334406,
2009,11742.97301671417,0.0011542345981820806,0.11542345981820805,
2009,12330.121667549878,0.0010439033498264405,0.10439033498264405,
2009,12946.627750927371,0.0008826499868451204,0.08826499868451204,
2009,13593.959138473743,0.0007468576811766403,0.07468576811766403,
2009,14273.65709539743,0.0006704745092381203,0.06704745092381204,
2009,14987.339950167301,0.0005686302799867602,0.05686302799867602,
2009,15736.706947675668,0.0005346822035696403,0.05346822035696403,
2009,16523.54229505945,0.0004413249934225602,0.04413249934225602,
2009,17349.719409812424,0.00041586393610972016,0.041586393610972015,
2009,18217.205380303043,0.00029704566864980015,0.029704566864980013,
2009,19128.0656493182,0.0002376365349198401,0.02376365349198401,
2009,20084.46893178411,0.0002206624967112801,0.02206624967112801,
2009,21088.69237837332,0.00017822740118988008,0.017822740118988007,
2009,22143.126997291984,0.00016125336298132006,0.016125336298132006,
2009,23250.283347156583,0.00014427932477276007,0.014427932477276006,
2009,24412.797514514412,0.00011881826745992006,0.011881826745992006,
2009,25633.437390240135,0.00011033124835564005,0.011033124835564005,
2009,26915.109259752146,9.335721014708004e-05,0.009335721014708004,
2009,28260.86472273975,8.487019104280003e-05,0.008487019104280003,
2009,29673.907958876738,8.487019104280003e-05,0.008487019104280003,
2009,31157.603356820575,7.638317193852004e-05,0.007638317193852004,
2009,32715.483524661606,7.638317193852004e-05,0.007638317193852004,
2009,34351.25770089469,6.789615283424003e-05,0.006789615283424003,
2009,36068.82058593942,6.789615283424003e-05,0.006789615283424003,
2009,37872.2616152364,5.092211462568002e-05,0.005092211462568002,
2009,39765.874695998216,5.092211462568002e-05,0.005092211462568002,
2009,41754.168430798134,4.243509552140002e-05,0.004243509552140002,
2009,43841.87685233804,4.243509552140002e-05,0.004243509552140002,
2009,46033.97069495495,4.243509552140002e-05,0.004243509552140002,
2009,48335.6692297027,3.3948076417120015e-05,0.0033948076417120014,
2009,50752.452691187835,3.3948076417120015e-05,0.0033948076417120014,
2009,53290.075325747224,3.3948076417120015e-05,0.0033948076417120014,
2009,55954.57909203459,2.546105731284001e-05,0.002546105731284001,
2009,58752.308046636324,2.546105731284001e-05,0.002546105731284001,
2009,61689.92344896814,1.6974038208560008e-05,0.0016974038208560007,
2009,64774.41962141655,1.6974038208560008e-05,0.0016974038208560007,
2009,68013.14060248739,1.6974038208560008e-05,0.0016974038208560007,
2009,71413.79763261175,8.487019104280004e-06,0.0008487019104280003,
2009,74984.48751424234,8.487019104280004e-06,0.0008487019104280003,
2011,0.8177691469857601,0.9839076356530888,98.39076356530889,1.5236505714857973
2011,0.8586576043350481,0.9838794528784007,98.38794528784007,1.5236443294830204
2011,0.9015904845518006,0.9838794528784007,98.38794528784007,1.5236443294830204
2011,0.9466700087793907,0.9838794528784007,98.38794528784007,1.5236443294830204
2011,0.9940035092183602,0.9838794528784007,98.38794528784007,1.5236443294830204
2011,1.0437036846792784,0.9838794528784007,98.38794528784007,1.5236443294830204
2011,1.0958888689132422,0.9838794528784007,98.38794528784007,1.5236443294830204
2011,1.1506833123589044,0.9838794528784007,98.38794528784007,1.5236443294830204
2011,1.2082174779768498,0.9838794528784007,98.38794528784007,1.5236443294830204
2011,1.2686283518756922,0.9838794528784007,98.38794528784007,1.5236443294830204
2011,1.3320597694694767,0.9838794528784007,98.38794528784007,1.5236443294830204
2011,1.3986627579429507,0.9838794528784007,98.38794528784007,1.5236443294830204
2011,1.4685958958400984,0.9838794528784007,98.38794528784007,1.5236443294830204
2011,1.5420256906321033,0.9838794528784007,98.38794528784007,1.5236443294830204
2011,1.6191269751637087,0.9838794528784007,98.38794528784007,1.5236443294830204
2011,1.7000833239218942,0.9838794528784007,98.38794528784007,1.5236443294830204
2011,1.7850874901179887,0.9838794528784007,98.38794528784007,1.5236443294830204
2011,1.8743418646238883,0.9838794528784007,98.38794528784007,1.5236443294830204
2011,1.9680589578550827,0.9838794528784007,98.38794528784007,1.5236443294830204
2011,2.066461905747837,0.9838794528784007,98.38794528784007,1.5236443294830204
2011,2.169785001035229,0.9838794528784007,98.38794528784007,1.5236443294830204
2011,2.2782742510869904,0.9838794528784007,98.38794528784007,1.5236443294830204
2011,2.3921879636413403,0.9838794528784007,98.38794528784007,1.5236443294830204
2011,2.5117973618234073,0.9838794528784007,98.38794528784007,1.5236443294830204
2011,2.6373872299145775,0.9838794528784007,98.38794528784007,1.5236443294830204
2011,2.769256591410307,0.9838794528784007,98.38794528784007,1.5236443294830204
2011,2.9077194209808224,0.9838794528784007,98.38794528784007,1.5236443294830204
2011,3.0531053920298636,0.9838794528784007,98.38794528784007,1.5236443294830204
2011,3.205760661631357,0.9838794528784007,98.38794528784007,1.5236443294830204
2011,3.366048694712925,0.9838794528784007,98.38794528784007,1.5236443294830204
2011,3.5343511294485714,0.9838794528784007,98.38794528784007,1.5236443294830204
2011,3.711068685921,0.9838794528784007,98.38794528784007,1.5236443294830204
2011,3.8966221202170503,0.9838794528784007,98.38794528784007,1.5236443294830204
2011,4.091453226227903,0.983860664361942,98.3860664361942,1.5236401680268552
2011,4.296025887539298,0.983860664361942,98.3860664361942,1.5236401680268552
2011,4.510827181916263,0.983860664361942,98.3860664361942,1.5236401680268552
2011,4.736368541012077,0.983860664361942,98.3860664361942,1.5236401680268552
2011,4.973186968062681,0.9838418758454832,98.38418758454833,1.523636006473901
2011,5.221846316465815,0.9838418758454832,98.38418758454833,1.523636006473901
2011,5.482938632289105,0.9838418758454832,98.38418758454833,1.523636006473901
2011,5.757085563903561,0.9838324815872539,98.3832481587254,1.5236339256611264
2011,6.0449398420987395,0.9838324815872539,98.3832481587254,1.5236339256611264
2011,6.347186834203677,0.9838324815872539,98.3832481587254,1.5236339256611264
2011,6.664546175913862,0.9837667217796483,98.37667217796483,1.5236193592941079
2011,6.997773484709555,0.9837667217796483,98.37667217796483,1.5236193592941079
2011,7.347662158945032,0.9837667217796483,98.37667217796483,1.5236193592941079
2011,7.715045266892284,0.9837667217796483,98.37667217796483,1.5236193592941079
2011,8.1007975302369,0.9837667217796483,98.37667217796483,1.5236193592941079
2011,8.505837406748745,0.9835694423568315,98.35694423568316,1.5235756530767943
2011,8.931129277086182,0.9835694423568315,98.35694423568316,1.5235756530767943
2011,9.377685740940493,0.9835036825492259,98.3503682549226,1.5235610819650076
2011,9.846570027987518,0.9834097399669323,98.34097399669322,1.5235402640325257
2011,10.338898529386892,0.9834097399669323,98.34097399669322,1.5235402640325257
2011,10.855843455856238,0.9833909514504735,98.33909514504735,1.5235361001553778
2011,11.39863562864905,0.9833909514504735,98.33909514504735,1.5235361001553778
2011,11.968567410081503,0.9832782203517211,98.3278220351721,1.5235111148575784
2011,12.566995780585579,0.9831842777694273,98.31842777694273,1.5234902911108537
2011,13.195345569614858,0.9829400270554637,98.29400270554636,1.5234361380261343
2011,13.855112848095603,0.9829400270554637,98.29400270554636,1.5234361380261343
2011,14.547868490500383,0.9827239591161882,98.27239591161882,1.523388219710539
2011,15.275261915025403,0.9826206222756652,98.26206222756652,1.5233652977189283
2011,16.039025010776673,0.982517285435142,98.2517285435142,1.5233423727910973
2011,16.840976261315507,0.9819442356831505,98.19442356831505,1.52321519032527
2011,17.683025074381284,0.981831504584398,98.18315045843981,1.5231901601823858
2011,18.56717632810035,0.9815684653539757,98.15684653539756,1.5231317429003075
2011,19.495535144505368,0.9811081467007365,98.11081467007365,1.5230294667605613
2011,20.470311901730636,0.98030963475124,98.030963475124,1.5228519102533338
2011,21.49382749681717,0.9799244701638359,97.9924470163836,1.5227662023560142
2011,22.56851887165803,0.9797459792574779,97.97459792574779,1.5227264701465169
2011,23.696944815240933,0.9793326318953856,97.93326318953855,1.5226344248516788
2011,24.88179205600298,0.9788253419509996,97.88253419509996,1.5225213954707992
2011,26.12588165880313,0.9786938223357884,97.86938223357883,1.5224920799085173
2011,27.432175741743283,0.9760258529986472,97.60258529986471,1.5218963545880932
2011,28.803784528830455,0.9739027506388096,97.39027506388096,1.5214208721870663
2011,30.243973755271973,0.9736209228919285,97.36209228919284,1.5213576601132486
2011,31.756172443035577,0.9731793927551481,97.3179392755148,1.521258583027378
2011,33.34398106518736,0.9722211784157523,97.22211784157523,1.5210433761331539
2011,35.011180118446724,0.9715447918232376,97.15447918232375,1.5208913097192616
2011,36.761739124369065,0.9705302119344656,97.05302119344657,1.5206629680532193
2011,38.59982608058751,0.9696283631444461,96.96283631444462,1.5204597533547362
2011,40.5298173846169,0.9692338042988126,96.92338042988126,1.520370774483919
2011,42.55630825384774,0.9668194799338644,96.68194799338644,1.5198253453556436
2011,44.68412366654013,0.9663027957312491,96.63027957312491,1.5197084036304604
2011,46.91832984986714,0.9654197354576882,96.54197354576883,1.5195083630565789
2011,49.2642463423605,0.9641139335638058,96.41139335638059,1.5192121493039272
2011,51.72745865947852,0.9632026905155568,96.32026905155568,1.5190051491424625
2011,54.31383159245245,0.9617935517811513,96.17935517811513,1.5186845753642702
2011,57.02952317207508,0.9607226063430031,96.0722606343003,1.5184405561393046
2011,59.88099933067883,0.9586746580490004,95.86746580490004,1.5179729981882233
2011,62.87504929721278,0.9570588456335488,95.70588456335489,1.5176032390313798
2011,66.01880176207342,0.9552269652788216,95.52269652788216,1.5171831136259097
2011,69.3197418501771,0.953103862918984,95.3103862918984,1.5166949682468005
2011,72.78572894268595,0.951328348113633,95.1328348113633,1.516285721242025
2011,76.42501538982026,0.9489046294904554,94.89046294904554,1.515725560472271
2011,80.24626615931126,0.9471291146851044,94.71291146851044,1.5153141015772262
2011,84.25857946727685,0.9420468209830152,94.20468209830152,1.5141311071372467
2011,88.47150844064069,0.9393694573876447,93.93694573876446,1.5135047674060755
2011,92.89508386267272,0.9353111378325567,93.53111378325568,1.5125512032686883
2011,97.53983805580636,0.9317976852547722,93.17976852547723,1.511721577046265
2011,102.41682995859668,0.9267435743273711,92.67435743273711,1.51052143715666
2011,107.53767145652652,0.9235589207876146,92.35589207876146,1.509761104137776
2011,112.91455502935285,0.9133755448669773,91.33755448669773,1.5073081796521903
2011,118.5602827808205,0.9081053660003006,90.81053660003006,1.506025569127902
2011,124.48829691986154,0.8995659852698031,89.95659852698032,1.5039279001414831
2011,130.7127117658546,0.8949346159627236,89.49346159627237,1.5027800150564345
2011,137.24834735414734,0.8868461596272358,88.68461596272358,1.5007577674089057
2011,144.11076472185474,0.8778088832105817,87.78088832105817,1.4984714469983271
2011,151.31630295794747,0.8625244250713964,86.25244250713963,1.4945383498183313
2011,158.88211810584485,0.8552814519765519,85.52814519765519,1.4926446255234909
2011,166.82622401113707,0.8412276416654141,84.1227641665414,1.4889134948934415
2011,175.16753521169395,0.8334304073350368,83.34304073350368,1.4868103108179747
2011,183.92591197227867,0.8228806553434541,82.2880655343454,1.4839259546830963
2011,193.1222075708926,0.8093059522020142,80.93059522020141,1.4801471017013739
2011,202.77831794943725,0.801640237486848,80.1640237486848,1.4779786189668171
2011,212.9172338469091,0.7880467458289493,78.80467458289493,1.4740699353998197
2011,223.56309553925456,0.7570832707049452,75.70832707049452,1.464848612821086
2011,234.74125031621733,0.7448519464903052,74.48519464903052,1.4610771928119757
2011,246.47831283202817,0.7250206673681047,72.50206673681046,1.4547972951798536
2011,258.8022284736296,0.7126954005711709,71.26954005711708,1.4507865596140606
2011,271.74233989731107,0.699909815120998,69.99098151209981,1.4465345321523373
2011,285.32945689217667,0.6849071847286938,68.49071847286939,1.441421130188757
2011,299.59592973678554,0.6603224109424319,66.03224109424319,1.4327348918653051
2011,314.5757262236248,0.6447749135728242,64.47749135728242,1.4270322381084892
2011,330.30451253480607,0.621956260333684,62.1956260333684,1.4183463334753144
2011,346.81973816154635,0.6063523974147002,60.635239741470016,1.412175593350564
2011,364.1607250696237,0.591199458890726,59.1199458890726,1.4059911890368508
2011,382.3687613231049,0.5718566811964527,57.18566811964527,1.3978037012452753
2011,401.4871993892602,0.5583759206373065,55.837592063730646,1.3918905073080718
2011,421.5615593587232,0.5341481286637607,53.414812866376074,1.380801327496948
2011,442.6396373266594,0.5185536600030062,51.85536600030062,1.3733252293607294
2011,464.7716191929923,0.4491394859461897,44.91394859461897,1.3362498670845395
2011,488.01020015264197,0.43227679242447015,43.22767924244702,1.3261411473255675
2011,512.4107101602742,0.40582256125056365,40.58225612505637,1.3092326659704066
2011,538.0312456682879,0.3885840973996693,38.85840973996693,1.2974425243348524
2011,564.9328079517022,0.36885615511799186,36.88561551179919,1.283104169580895
2011,593.1794483492874,0.3477566511348264,34.77566511348264,1.266642729926014
2011,622.8384207667518,0.3280568916278371,32.80568916278371,1.2500741999760592
2011,653.9803418050894,0.3136648880204419,31.36648880204419,1.237138710829683
2011,686.679358895344,0.2896719525026304,28.96719525026304,1.2137738145556958
2011,721.0133268401112,0.2724710656846535,27.24710656846535,1.195420538077715
2011,757.0639931821167,0.256369307079513,25.6369307079513,1.176817591719102
2011,794.9171928412226,0.24417555989779047,24.417555989779046,1.1616817254029772
2011,834.6630524832838,0.22487975349466405,22.487975349466403,1.1355807036599666
2011,876.396205107448,0.2125075154065835,21.25075154065835,1.117235220843382
2011,920.2160153628204,0.19293927551480536,19.293927551480536,1.0851184589927843
2011,966.2268161309617,0.1827371110777093,18.27371110777093,1.0665929216503958
2011,1014.5381569375096,0.17039305576431685,17.039305576431683,1.0422263180690279
2011,1065.265064784385,0.15632045693672028,15.632045693672028,1.0113547062384523
2011,1118.5283180236045,0.14763076807455283,14.763076807455283,0.9903324244627258
2011,1174.4547339247847,0.1393826093491658,13.93826093491658,0.9687456560122858
2011,1233.177470621024,0.12660641815722232,12.660641815722231,0.9315726115703227
2011,1294.8363441520753,0.12025589959416805,12.025589959416806,0.9110919921590833
2011,1359.5781613596791,0.11241169397264392,11.241169397264391,0.8835951608313042
2011,1427.5570694276632,0.10545994288290997,10.545994288290997,0.8568574923710293
2011,1498.9349228990463,0.09790695926649631,9.790695926649631,0.8248035524518158
2011,1573.8816690439987,0.09252404930106718,9.252404930106719,0.7997045592706115
2011,1652.5757524961987,0.0828385690665865,8.28385690665865,0.748727889052446
2011,1735.2045401210087,0.07850781602284683,7.850781602284683,0.723003556972321
2011,1821.9647671270593,0.0739140237486848,7.3914023748684805,0.693305909719492
2011,1913.063005483412,0.06837141139335638,6.837141139335638,0.6535586344972677
2011,2008.7161557575832,0.06485795881557192,6.485795881557192,0.6257322795490861
2011,2109.151963545462,0.05846986321960018,5.846986321960018,0.5686754081442091
2011,2214.6095617227356,0.05457124605441154,5.457124605441154,0.528816034694833
2011,2325.3400398088725,0.05110476476777394,5.110476476777394,0.4893727335748598
2011,2441.607041799316,0.049113182023147454,4.911318202314745,0.46470359556678437
2011,2563.6873938892822,0.042875394558845634,4.287539455884564,0.37549582525634084
2011,2691.871763583746,0.04024500225462198,4.024500225462198,0.33102940523284563
2011,2826.4653517629336,0.03778370659852698,3.7783706598526976,0.284647127415919
2011,2967.7886193510803,0.0342138884713663,3.4213888471366296,0.2070520258173361
2011,3116.1780503186346,0.03168683300766571,3.1686833007665713,0.14264139196791287
2011,3271.9869528345666,0.027938523974147002,2.7938523974147,0.02705219831033174
2011,3435.586300476295,0.0261724034270254,2.6172403427025404,-0.03861561957930756
2011,3607.3656155001095,0.024528408236885617,2.4528408236885615,-0.10842423438200302
2011,3787.7338962751155,0.02248985420111228,2.248985420111228,-0.21012961349155623
2011,3977.1205910888716,0.021043138433789268,2.1043138433789266,-0.29572842589542825
2011,4175.976620643315,0.01805576431684954,1.805576431684954,-0.5261425080554991
2011,4384.775451675481,0.016731173906508343,1.6731173906508343,-0.6641932460759974
2011,4604.014224259256,0.015171727040432887,1.5171727040432887,-0.8750323373985828
2011,4834.214935472219,0.014053810311137832,1.4053810311137833,-1.0779028299007127
2011,5075.92568224583,0.012287689764016233,1.2287689764016234,-1.5798168013397798
2011,5329.721966358121,0.011113407485344957,1.1113407485344957,-2.248407865287032
2011,5596.208064676028,0.010258529986472267,1.0258529986472267,-3.66811805868979
2011,5876.018467909829,0.009084247707800992,0.9084247707800992,
2011,6169.819391305321,0.00811663911017586,0.811663911017586,
2011,6478.310360870587,0.007599954907560499,0.7599954907560499,
2011,6802.225878914117,0.006491432436494814,0.6491432436494814,
2011,7142.337172859823,0.005993536750338193,0.5993536750338193,
2011,7499.454031502814,0.005138659251465504,0.5138659251465504,
2011,7874.426733077955,0.004659552081767624,0.4659552081767624,
2011,8268.148069731853,0.003823463099353675,0.3823463099353675,
2011,8681.555473218446,0.0034476927701788665,0.3447692770178866,
2011,9115.633246879368,0.003043739666315948,0.3043739666315948,
2011,9571.414909223338,0.002799488952352322,0.2799488952352322,
2011,10049.985654684506,0.002386141590260033,0.2386141590260033,
2011,10552.484937418732,0.0021888621674432587,0.21888621674432587,
2011,11080.109184289668,0.0018318803547271907,0.18318803547271906,
2011,11634.114643504152,0.001662783706598527,0.1662783706598527,
2011,12215.820375679361,0.0015124755749286037,0.15124755749286037,
2011,12826.611394463329,0.0011367052457537954,0.11367052457537953,
2011,13467.941964186497,0.0009300315647076506,0.09300315647076507,
2011,14141.339062395822,0.0008360889824139486,0.08360889824139486,
2011,14848.406015515613,0.0007327521418908763,0.07327521418908763,
2011,15590.826316291395,0.0006669923342852848,0.06669923342852849,
2011,16370.367632105963,0.0004227416203216594,0.04227416203216594,
2011,17188.886013711264,0.0003663760709454381,0.03663760709454381,
2011,18048.330314396826,0.0003287990380279573,0.03287990380279573,
2011,18950.74683011667,0.0002912220051104765,0.02912220051104765,
2011,19898.284171622505,0.0002724334886517361,0.027243348865173607,
2011,20893.19838020363,0.0002442507139636254,0.024425071396362543,
2011,21937.85829921381,0.0002160679392755148,0.02160679392755148,
2011,23034.751214174503,0.0002066736810461446,0.02066736810461446,
2011,24186.48877488323,0.00016909664812866376,0.016909664812866376,
2011,25395.813213627393,0.0001315196152111829,0.013151961521118291,
2011,26665.603874308763,0.0001221253569818127,0.012212535698181272,
2011,27998.884068024203,0.0001033368405230723,0.01033368405230723,
2011,29398.828271425413,0.0001033368405230723,0.01033368405230723,
2011,30868.769684996685,9.394258229370208e-05,0.009394258229370208,
2011,32412.208169246518,7.515406583496167e-05,0.007515406583496168,
2011,34032.81857770885,6.575980760559146e-05,0.0065759807605591455,
2011,35734.45950659429,6.575980760559146e-05,0.0065759807605591455,
2011,37521.18248192401,4.697129114685104e-05,0.004697129114685104,
2011,39397.24160602021,4.697129114685104e-05,0.004697129114685104,
2011,41367.10368632123,3.757703291748084e-05,0.003757703291748084,
2011,43435.45887063729,3.757703291748084e-05,0.003757703291748084,
2011,45607.23181416916,2.8182774688110626e-05,0.0028182774688110626,
2011,47887.59340487762,2.8182774688110626e-05,0.0028182774688110626,
2011,50281.973075121496,1.878851645874042e-05,0.001878851645874042,
2011,52796.07172887757,1.878851645874042e-05,0.001878851645874042,
2011,55435.87531532145,1.878851645874042e-05,0.001878851645874042,
2011,58207.66908108753,9.39425822937021e-06,0.000939425822937021,
2011,61118.052535141906,9.39425822937021e-06,0.000939425822937021,
2011,64173.95516189901,9.39425822937021e-06,0.000939425822937021,
2011,67382.65291999397,9.39425822937021e-06,0.000939425822937021,
2011,70751.78556599366,9.39425822937021e-06,0.000939425822937021,
2011,74289.37484429334,9.39425822937021e-06,0.000939425822937021,
2011,78003.84358650801,9.39425822937021e-06,0.000939425822937021,
2012,0.6920599916402683,0.9840907856871369,98.4090785687137,1.5236911307821532
2012,0.7266629912222817,0.9840636368572514,98.40636368572514,1.5236851191472582
2012,0.7629961407833958,0.9840636368572514,98.40636368572514,1.5236851191472582
2012,0.8011459478225657,0.9840636368572514,98.40636368572514,1.5236851191472582
2012,0.841203245213694,0.9840636368572514,98.40636368572514,1.5236851191472582
2012,0.8832634074743788,0.9840636368572514,98.40636368572514,1.5236851191472582
2012,0.9274265778480978,0.9840636368572514,98.40636368572514,1.5236851191472582
2012,0.9737979067405027,0.9840636368572514,98.40636368572514,1.5236851191472582
2012,1.0224878020775279,0.9840636368572514,98.40636368572514,1.5236851191472582
2012,1.0736121921814044,0.9840636368572514,98.40636368572514,1.5236851191472582
2012,1.1272928017904744,0.9840636368572514,98.40636368572514,1.5236851191472582
2012,1.1836574418799983,0.9840636368572514,98.40636368572514,1.5236851191472582
2012,1.2428403139739983,0.9840636368572514,98.40636368572514,1.5236851191472582
2012,1.3049823296726983,0.9840636368572514,98.40636368572514,1.5236851191472582
2012,1.3702314461563334,0.9840636368572514,98.40636368572514,1.5236851191472582
2012,1.43874301846415,0.9840636368572514,98.40636368572514,1.5236851191472582
2012,1.5106801693873575,0.9840636368572514,98.40636368572514,1.5236851191472582
2012,1.5862141778567256,0.9840636368572514,98.40636368572514,1.5236851191472582
2012,1.6655248867495618,0.9840636368572514,98.40636368572514,1.5236851191472582
2012,1.7488011310870402,0.9840636368572514,98.40636368572514,1.5236851191472582
2012,1.836241187641392,0.9840636368572514,98.40636368572514,1.5236851191472582
2012,1.9280532470234617,0.9840636368572514,98.40636368572514,1.5236851191472582
2012,2.024455909374635,0.9840636368572514,98.40636368572514,1.5236851191472582
2012,2.125678704843367,0.9840636368572514,98.40636368572514,1.5236851191472582
2012,2.231962640085535,0.9840636368572514,98.40636368572514,1.5236851191472582
2012,2.343560772089812,0.9840636368572514,98.40636368572514,1.5236851191472582
2012,2.460738810694303,0.9840636368572514,98.40636368572514,1.5236851191472582
2012,2.583775751229018,0.9840636368572514,98.40636368572514,1.5236851191472582
2012,2.712964538790469,0.9840636368572514,98.40636368572514,1.5236851191472582
2012,2.848612765729993,0.9840636368572514,98.40636368572514,1.5236851191472582
2012,2.9910434040164926,0.9840636368572514,98.40636368572514,1.5236851191472582
2012,3.140595574217317,0.9840636368572514,98.40636368572514,1.5236851191472582
2012,3.297625352928183,0.9840636368572514,98.40636368572514,1.5236851191472582
2012,3.462506620574592,0.984036488027366,98.4036488027366,1.5236791073103675
2012,3.635631951603322,0.984036488027366,98.4036488027366,1.5236791073103675
2012,3.8174135491834886,0.984036488027366,98.4036488027366,1.5236791073103675
2012,4.008284226642663,0.984036488027366,98.4036488027366,1.5236791073103675
2012,4.208698437974796,0.9840183888074424,98.40183888074424,1.523675099306881
2012,4.419133359873537,0.9840183888074424,98.40183888074424,1.523675099306881
2012,4.640090027867213,0.9840183888074424,98.40183888074424,1.523675099306881
2012,4.872094529260575,0.9840093391974806,98.40093391974806,1.5236730952714685
2012,5.115699255723603,0.9840093391974806,98.40093391974806,1.5236730952714685
2012,5.371484218509783,0.9840093391974806,98.40093391974806,1.5236730952714685
2012,5.640058429435274,0.9840002895875187,98.40002895875188,1.5236710912136093
2012,5.922061350907037,0.9840002895875187,98.40002895875188,1.5236710912136093
2012,6.218164418452389,0.9840002895875187,98.40002895875188,1.5236710912136093
2012,6.529072639375009,0.9840002895875187,98.40002895875188,1.5236710912136093
2012,6.855526271343759,0.9840002895875187,98.40002895875188,1.5236710912136093
2012,7.198302584910948,0.9839097934879006,98.39097934879007,1.5236510494003428
2012,7.558217714156496,0.9839097934879006,98.39097934879007,1.5236510494003428
2012,7.936128599864321,0.9838916942679771,98.38916942679771,1.5236470407682818
2012,8.332935029857538,0.983846446218168,98.38464462181679,1.5236370187951966
2012,8.749581781350415,0.983846446218168,98.38464462181679,1.5236370187951966
2012,9.187060870417936,0.983801198168359,98.3801198168359,1.5236269962607332
2012,9.646413913938833,0.983801198168359,98.3801198168359,1.5236269962607332
2012,10.128734609635774,0.9837740493384736,98.37740493384736,1.5236209824705689
2012,10.635171340117564,0.9836926028488172,98.36926028488172,1.5236029398872464
2012,11.166929907123441,0.983511610649581,98.3511610649581,1.5235628387428526
2012,11.725276402479615,0.983511610649581,98.3511610649581,1.5235628387428526
2012,12.311540222603597,0.9833758665001539,98.33758665001538,1.5235327569857549
2012,12.927117233733778,0.9833034696204593,98.33034696204594,1.5235167113139638
2012,13.573473095420466,0.9832310727407648,98.32310727407648,1.523500664203252
2012,14.25214675019149,0.9830048324917197,98.30048324917196,1.5234505077053468
2012,14.964754087701065,0.9829505348319487,98.29505348319488,1.5234384680537587
2012,15.712991792086118,0.9828238402924834,98.28238402924833,1.5234103723830201
2012,16.498641381690426,0.9825614016035908,98.25614016035908,1.5233521601727755
2012,17.323573450774948,0.9818736312464933,98.18736312464932,1.5231995141455708
2012,18.189752123313696,0.9816835894372953,98.16835894372953,1.5231573126723972
2012,19.099239729479383,0.9816111925576008,98.16111925576007,1.52314123330318
2012,20.05420171595335,0.9814121011384409,98.1412101138441,1.5230970075887718
2012,21.05691180175102,0.9810501167399686,98.10501167399686,1.5230165691949302
2012,22.109757391838574,0.9810048686901595,98.10048686901595,1.5230065118538325
2012,23.2152452614305,0.9791949466977973,97.91949466977972,1.5226037542363897
2012,24.37600752450203,0.9771406852364664,97.71406852364663,1.5221455241507238
2012,25.594807900727126,0.9769596930372301,97.695969303723,1.5221050952100064
2012,26.87454829576349,0.9765434109789868,97.65434109789868,1.5220120740084038
2012,28.218275710551662,0.9760366328211254,97.60366328211254,1.5218987655823557
2012,29.62918949607925,0.9755208050533022,97.55208050533022,1.5217833601615516
2012,31.11064897088321,0.9748330346962046,97.48330346962047,1.5216293705654744
2012,32.66618141942737,0.9740276194096035,97.40276194096035,1.5214488722904262
2012,34.299490490398746,0.9737742303306728,97.37742303306727,1.521392048708508
2012,36.014465014918684,0.9719281098984633,97.19281098984634,1.5209775037896598
2012,37.81518826566462,0.9714032325206784,97.14032325206784,1.5208594677851976
2012,39.70594767894785,0.9708874047528552,97.08874047528552,1.5207433911428172
2012,41.69124506289525,0.9697652531175907,96.97652531175906,1.5204906137646779
2012,43.77580731604001,0.9690684331505313,96.90684331505312,1.5203334677091782
2012,45.96459768184201,0.9679553311252285,96.79553311252285,1.5200821563017815
2012,48.26282756593412,0.9672404119382455,96.72404119382455,1.5199205590890799
2012,50.67596894423082,0.9652132993067999,96.52132993067998,1.5194615666957
2012,53.20976739144237,0.9639373043021846,96.39373043021845,1.5191720444134573
2012,55.870255761014484,0.962435069048524,96.24350690485241,1.5188305890805467
2012,58.66376854906522,0.9608694865251307,96.08694865251307,1.5184740429949244
2012,61.59695697651848,0.9593039040017375,95.93039040017375,1.5181167880190671
2012,64.6768048253444,0.957702123038497,95.7702123038497,1.5177505364191728
2012,67.91064506661162,0.9561908381748747,95.61908381748748,1.5174042916074773
2012,71.30617731994221,0.9517565292935874,95.17565292935875,1.5163844999742662
2012,74.87148618593932,0.9497294166621418,94.97294166621418,1.5159163778718405
2012,78.61506049523629,0.9476661055908491,94.76661055908491,1.5154386433549636
2012,82.5458135199981,0.9452679589509693,94.52679589509692,1.5148817849860903
2012,86.67310419599801,0.9402816238620115,94.02816238620116,1.5137184030613264
2012,91.00675940579792,0.9376572369730864,93.76572369730864,1.5131030692910878
2012,95.55709737608782,0.9327251995438997,93.27251995438996,1.51194096003258
2012,100.33495224489222,0.9297750266963494,92.97750266963493,1.5112422361504871
2012,105.35169985713684,0.9238927802211725,92.38927802211725,1.5098409628498224
2012,110.61928484999368,0.9160467683842827,91.60467683842826,1.5079548314820828
2012,116.15024909249337,0.9100016289297931,91.0001628929793,1.5064881101255558
2012,121.95776154711805,0.9039474398653418,90.39474398653418,1.505007214132317
2012,128.05564962447394,0.8966534542361224,89.66534542361224,1.5032068748202974
2012,134.45843210569765,0.8896128576858338,88.96128576858338,1.5014520165310317
2012,141.18135371098253,0.878373242113265,87.83732421132649,1.4986150643027958
2012,148.24042139653167,0.8635680802157427,86.35680802157427,1.494809615176388
2012,155.65244246635828,0.8569528153336591,85.69528153336591,1.4930833533992123
2012,163.4350645896762,0.8460932833794863,84.60932833794863,1.490213857036798
2012,171.60681781916,0.8366092921395087,83.66092921395088,1.4876706667639057
2012,180.187158710118,0.8224557021592369,82.24557021592369,1.4838088212209983
2012,189.19651664562392,0.8112794338564008,81.12794338564008,1.4807012823065597
2012,198.65634247790513,0.8002208104830681,80.02208104830682,1.477574296226872
2012,208.5891596018004,0.7862029646522235,78.62029646522235,1.4735333955132301
2012,219.01861758189042,0.756357350998172,75.6357350998172,1.4646268821829598
2012,229.96954846098492,0.7453801741144956,74.53801741144956,1.4612416389699014
2012,241.4680258840342,0.7303668711878518,73.03668711878518,1.4565109218349424
2012,253.54142717823592,0.7133536044596478,71.33536044596478,1.4510029014166907
2012,266.21849853714775,0.6997248918571609,69.97248918571609,1.4464723310063001
2012,279.5294234640051,0.6809921992362129,68.09921992362129,1.440063954524813
2012,293.50589463720536,0.6604676838428264,66.04676838428264,1.4327873895976266
2012,308.1811893690657,0.6448299578288176,64.48299578288176,1.4270527274811358
2012,323.59024883751897,0.6242511447756601,62.42511447756601,1.419237640717584
2012,339.7697612793949,0.6100794555754647,61.00794555754647,1.4136673078501978
2012,356.7582493433647,0.5849939367613256,58.49939367613256,1.4034012969479226
2012,374.596161810533,0.5684060017013267,56.840600170132674,1.3963067846276602
2012,393.3259699010596,0.5525601346581962,55.25601346581962,1.3892841810220455
2012,412.9922683961126,0.5415467593346727,54.15467593346727,1.384253359996945
2012,433.6418818159183,0.46016361694810953,46.01636169481095,1.3426028948151427
2012,455.3239759067142,0.44248067908273153,44.24806790827315,1.3323163364382213
2012,478.0901747020499,0.4218837668096505,42.18837668096505,1.3196589093599516
2012,501.99468343715245,0.39964887513348174,39.964887513348174,1.305084646378922
2012,527.0944176090102,0.3780293569347161,37.80293569347161,1.2898899428059512
2012,553.4491384894606,0.3645725869215037,36.45725869215037,1.2798612091997534
2012,581.1215954139336,0.3396771099165626,33.96771099165626,1.2599968540750848
2012,610.1776751846304,0.32343306003511246,32.343306003511245,1.2459993108390925
2012,640.6865589438619,0.30494470688313335,30.494470688313335,1.228922567734334
2012,672.720886891055,0.2876418526361514,28.76418526361514,1.2116823232763985
2012,706.3569312356078,0.264863984362274,26.486398436227397,1.1868158625238827
2012,741.6747777973883,0.25081898970154387,25.081898970154388,1.170047730466897
2012,778.7585166872576,0.23543465276646577,23.54346527664658,1.150207498828296
2012,817.6964425216207,0.2243307813433241,22.43307813433241,1.1347952425099013
2012,858.5812646477017,0.20933557763660388,20.93355776366039,1.1123026485496168
2012,901.5103278800867,0.1866663046822682,18.66663046822682,1.0738883087306548
2012,946.5858442740913,0.1754538379395848,17.54538379395848,1.052495357495716
2012,993.9151364877957,0.1650829849233498,16.50829849233498,1.0309981781834143
2012,1043.6108933121857,0.14987059057754612,14.987059057754612,0.9959101250719002
2012,1095.7914379777949,0.1422960670395106,14.22960670395106,0.9765669723375328
2012,1150.581009876685,0.13341839966697436,13.341839966697435,0.9520072199015156
2012,1208.110060370519,0.1260791659879459,12.607916598794592,0.9299272971006223
2012,1268.5155633890452,0.11692096070659355,11.692096070659355,0.8997194084004687
2012,1331.9413415584975,0.10967222312718322,10.967222312718322,0.8733460838818807
2012,1398.5384086364222,0.09781723407721127,9.781723407721127,0.8244015954974788
2012,1468.4653290682436,0.09312953611699336,9.312953611699335,0.8026320111516889
2012,1541.8885955216558,0.0871205951023511,8.71205951023511,0.7722855793659342
2012,1618.9830252977385,0.08154603536587574,8.154603536587574,0.7412621734713457
2012,1699.9321765626257,0.07742846283325189,7.742846283325189,0.7162626265971003
2012,1784.9287853907567,0.07003493149445258,7.003493149445259,0.6659861599973839
2012,1874.175224660295,0.06539248158404373,6.539248158404373,0.630112700250771
2012,1967.8839858933097,0.06128395866138169,6.1283958661381694,0.5949459922694199
2012,2066.2781851879754,0.05855097645291488,5.855097645291488,0.5694601296694681
2012,2169.592094447374,0.050904056035184886,5.090405603518489,0.48695754210483344
2012,2278.0716991697427,0.04745615463973503,4.745615463973503,0.44290290688301176
2012,2391.97528412823,0.044225443883368624,4.4225443883368625,0.3965691117649326
2012,2511.5740483346417,0.03983638305189046,3.983638305189046,0.32367321226108503
2012,2637.152750751374,0.03732964109246891,3.732964109246891,0.2755102343432382
2012,2769.010388288943,0.03278673689163997,3.2786736891639965,0.17179886828797614
2012,2907.46090770339,0.03096776528931603,3.096776528931603,0.12253770637713164
2012,3052.8339530885596,0.02899495031764131,2.8994950317641313,0.0625395822641965
2012,3205.475650742988,0.02651535718810519,2.651535718810519,-0.025175265656193557
2012,3365.7494332801375,0.02491357622486471,2.491357622486471,-0.09120803413282393
2012,3534.036904944144,0.021393277949720367,2.139327794972037,-0.273790126987266
2012,3710.7387501913518,0.01993629074586885,1.9936290745868852,-0.37112653341413354
2012,3896.2756877009197,0.018135418363468533,1.8135418363468534,-0.5187204580040425
2012,4091.0894720859656,0.01693182023854772,1.693182023854772,-0.6412957773609075
2012,4295.643945690264,0.01443412788908798,1.443412788908798,-1.0023653607946286
2012,4510.426142974778,0.012823297315885685,1.2823297315885684,-1.3915942754666992
2012,4735.947450123517,0.01204503085916997,1.204503085916997,-1.6816478904443408
2012,4972.744822629693,0.010687589364898373,1.0687589364898373,-2.710581860121366
2012,5221.382063761177,0.009474941630015747,0.9474941630015746,
2012,5482.451166949237,0.008868617762574433,0.8868617762574433,
2012,5756.573725296699,0.007755515737271724,0.7755515737271724,
2012,6044.402411561534,0.007112993429983168,0.7112993429983168,
2012,6346.6225321396105,0.006352826193191073,0.6352826193191073,
2012,6663.953658746592,0.005945593744909595,0.5945593744909595,
2012,6997.151341683921,0.004669598740294293,0.46695987402942934,
2012,7347.008908768118,0.004316663951783678,0.4316663951783678,
2012,7714.359354206524,0.0038641834536931458,0.3864183453693146,
2012,8100.07732191685,0.003529347885106152,0.3529347885106152,
2012,8505.081188012693,0.0031221154368246727,0.3122115436824673,
2012,8930.33524741333,0.0028506271379703536,0.28506271379703535,
2012,9376.852009783996,0.0024433946896888744,0.24433946896888745,
2012,9845.694610273196,0.0021538071709109336,0.21538071709109335,
2012,10337.979340786856,0.0019547157517510994,0.19547157517510994,
2012,10854.878307826199,0.0015746321333550523,0.15746321333550523,
2012,11397.622223217511,0.0014117391540424608,0.1411739154042461,
2012,11967.503334378387,0.001275995004615301,0.1275995004615301,
2012,12565.878501097306,0.001022605925684603,0.10226059256846029,
2012,13194.172426152172,0.0009321098260664965,0.09321098260664966,
2012,13853.88104745978,0.000742068016868473,0.0742068016868473,
2012,14546.57509983277,0.0006606215272121771,0.06606215272121771,
2012,15273.903854824408,0.0006244230873649345,0.06244230873649345,
2012,16037.59904756563,0.0005520262076704494,0.055202620767044935,
2012,16839.478999943913,0.0004886789379377749,0.048867893793777484,
2012,17681.45294994111,0.0004162820582432897,0.041628205824328975,
2012,18565.525597438165,0.0003800836183960471,0.03800836183960471,
2012,19493.801877310074,0.00036198439847242583,0.03619843984724258,
2012,20468.49197117558,0.00032578595862518323,0.03257859586251832,
2012,21491.91656973436,0.0002624386888925087,0.02624386888925087,
2012,22566.51239822108,0.00022624024904526616,0.022624024904526616,
2012,23694.83801813213,0.0001990914191598342,0.01990914191598342,
2012,24879.579919038737,0.00014479375938897035,0.014479375938897034,
2012,26123.558914990677,0.00014479375938897035,0.014479375938897034,
2012,27429.73686074021,0.00014479375938897035,0.014479375938897034,
2012,28801.223703777225,0.0001176449295035384,0.01176449295035384,
2012,30241.284888966085,9.95457095799171e-05,0.00995457095799171,
2012,31753.34913341439,8.144648965629581e-05,0.00814464896562958,
2012,33341.01659008511,8.144648965629581e-05,0.00814464896562958,
2012,35008.06741958937,8.144648965629581e-05,0.00814464896562958,
2012,36758.47079056884,7.239687969448517e-05,0.007239687969448517,
2012,38596.39433009729,7.239687969448517e-05,0.007239687969448517,
2012,40526.21404660215,6.334726973267453e-05,0.0063347269732674525,
2012,42552.524748932265,3.619843984724259e-05,0.0036198439847242585,
2012,44680.150986378874,3.619843984724259e-05,0.0036198439847242585,
2012,46914.15853569782,2.714882988543194e-05,0.002714882988543194,
2012,49259.866462482714,1.8099219923621293e-05,0.0018099219923621292,
2012,51722.85978560685,1.8099219923621293e-05,0.0018099219923621292,
2012,54309.002774887194,1.8099219923621293e-05,0.0018099219923621292,
2012,57024.45291363156,1.8099219923621293e-05,0.0018099219923621292,
2012,59875.67555931314,9.049609961810647e-06,0.0009049609961810646,
2012,62869.4593372788,9.049609961810647e-06,0.0009049609961810646,
2012,66012.93230414274,9.049609961810647e-06,0.0009049609961810646,
2013,0.6114811490567047,0.9805005899359627,98.05005899359627,1.5228943869254072
2013,0.64205520650954,0.9804915832800439,98.0491583280044,1.5228923836829633
2013,0.6741579668350169,0.9804915832800439,98.0491583280044,1.5228923836829633
2013,0.7078658651767679,0.9804915832800439,98.0491583280044,1.5228923836829633
2013,0.7432591584356063,0.9804915832800439,98.0491583280044,1.5228923836829633
2013,0.7804221163573867,0.9804915832800439,98.0491583280044,1.5228923836829633
2013,0.819443222175256,0.9804915832800439,98.0491583280044,1.5228923836829633
2013,0.8604153832840189,0.9804915832800439,98.0491583280044,1.5228923836829633
2013,0.9034361524482198,0.9804915832800439,98.0491583280044,1.5228923836829633
2013,0.9486079600706309,0.9804915832800439,98.0491583280044,1.5228923836829633
2013,0.9960383580741624,0.9804915832800439,98.0491583280044,1.5228923836829633
2013,1.0458402759778707,0.9804915832800439,98.0491583280044,1.5228923836829633
2013,1.0981322897767642,0.9804915832800439,98.0491583280044,1.5228923836829633
2013,1.1530389042656024,0.9804915832800439,98.0491583280044,1.5228923836829633
2013,1.2106908494788826,0.9804915832800439,98.0491583280044,1.5228923836829633
2013,1.271225391952827,0.9804825766241252,98.04825766241252,1.5228903804181046
2013,1.334786661550468,0.9804825766241252,98.04825766241252,1.5228903804181046
2013,1.4015259946279917,0.9804825766241252,98.04825766241252,1.5228903804181046
2013,1.4716022943593912,0.9804825766241252,98.04825766241252,1.5228903804181046
2013,1.545182409077361,0.9804825766241252,98.04825766241252,1.5228903804181046
2013,1.6224415295312289,0.9804825766241252,98.04825766241252,1.5228903804181046
2013,1.7035636060077906,0.9804825766241252,98.04825766241252,1.5228903804181046
2013,1.7887417863081803,0.9804825766241252,98.04825766241252,1.5228903804181046
2013,1.8781788756235893,0.9804825766241252,98.04825766241252,1.5228903804181046
2013,1.9720878194047686,0.9804825766241252,98.04825766241252,1.5228903804181046
2013,2.0706922103750074,0.9804825766241252,98.04825766241252,1.5228903804181046
2013,2.174226820893758,0.9804825766241252,98.04825766241252,1.5228903804181046
2013,2.282938161938446,0.9804825766241252,98.04825766241252,1.5228903804181046
2013,2.3970850700353683,0.9804825766241252,98.04825766241252,1.5228903804181046
2013,2.516939323537137,0.9804735699682066,98.04735699682065,1.5228883771308308
2013,2.6427862897139938,0.9804735699682066,98.04735699682065,1.5228883771308308
2013,2.7749256041996935,0.9804735699682066,98.04735699682065,1.5228883771308308
2013,2.9136718844096783,0.9804735699682066,98.04735699682065,1.5228883771308308
2013,3.059355478630162,0.9804735699682066,98.04735699682065,1.5228883771308308
2013,3.2123232525616703,0.9804735699682066,98.04735699682065,1.5228883771308308
2013,3.3729394151897543,0.9804735699682066,98.04735699682065,1.5228883771308308
2013,3.541586385949242,0.9804735699682066,98.04735699682065,1.5228883771308308
2013,3.7186657052467043,0.9804735699682066,98.04735699682065,1.5228883771308308
2013,3.9045989905090397,0.9804735699682066,98.04735699682065,1.5228883771308308
2013,4.099828940034492,0.9804735699682066,98.04735699682065,1.5228883771308308
2013,4.304820387036217,0.9804645633122878,98.04645633122878,1.5228863738211416
2013,4.520061406388027,0.9804645633122878,98.04645633122878,1.5228863738211416
2013,4.746064476707429,0.9804645633122878,98.04645633122878,1.5228863738211416
2013,4.983367700542801,0.9804195300326941,98.04195300326941,1.5228763569364454
2013,5.232536085569942,0.9804195300326941,98.04195300326941,1.5228763569364454
2013,5.494162889848439,0.9804195300326941,98.04195300326941,1.5228763569364454
2013,5.768871034340861,0.9804195300326941,98.04195300326941,1.5228763569364454
2013,6.057314586057904,0.9804195300326941,98.04195300326941,1.5228763569364454
2013,6.360180315360799,0.9803024435057508,98.03024435057507,1.5228503104131441
2013,6.67818933112884,0.9803024435057508,98.03024435057507,1.5228503104131441
2013,7.012098797685282,0.9802574102261571,98.0257410226157,1.5228402915105248
2013,7.3627037375695465,0.9801943636347261,98.01943636347261,1.5228262641049226
2013,7.730838924448023,0.9801943636347261,98.01943636347261,1.5228262641049226
2013,8.117380870670425,0.9801943636347261,98.01943636347261,1.5228262641049226
2013,8.523249914203946,0.9801943636347261,98.01943636347261,1.5228262641049226
2013,8.949412409914144,0.9801403236992137,98.01403236992137,1.522814239739644
2013,9.396883030409853,0.9800952904196201,98.00952904196201,1.5228042188183482
2013,9.866727181930345,0.9798971439894082,97.98971439894082,1.522760120100642
2013,10.360063541026864,0.9798971439894082,97.98971439894082,1.522760120100642
2013,10.878066718078207,0.9797620441506273,97.97620441506272,1.5227300465648368
2013,11.421970053982118,0.9797350241828712,97.97350241828711,1.5227240312515136
2013,11.993068556681225,0.9796629709355213,97.96629709355213,1.5227079894279871
2013,12.592721984515286,0.9795008511289843,97.95008511289844,1.5226718900696479
2013,13.22235808374105,0.9794197912257158,97.94197912257158,1.5226538376610494
2013,13.883475987928103,0.9793747579461222,97.93747579461221,1.5226438077587319
2013,14.57764978732451,0.9791766115159103,97.91766115159103,1.5225996695134583
2013,15.306532276690737,0.9786902520962991,97.86902520962991,1.5224912840395732
2013,16.071858890525274,0.9785461456015996,97.85461456015996,1.5224591572240045
2013,16.87545183505154,0.9785191256338434,97.85191256338433,1.522453132804456
2013,17.719224426804114,0.9783570058273063,97.83570058273064,1.5224169820310582
2013,18.605185648144325,0.97797872627872,97.797872627872,1.5223326018400347
2013,19.535444930551538,0.9779246863432076,97.79246863432076,1.5223205442813843
2013,20.512217177079116,0.9765917012672365,97.65917012672365,1.5220228672951976
2013,21.537828035933074,0.9752767295031028,97.52767295031029,1.5217287275672384
2013,22.614719437729725,0.975042556449216,97.5042556449216,1.5216762958359733
2013,23.745455409616216,0.9745111637500112,97.45111637500112,1.5215572592088504
2013,24.932728180097026,0.9738356645561069,97.38356645561069,1.5214058272499555
2013,26.17936458910188,0.9733763251042521,97.33763251042521,1.5213027803960093
2013,27.488332818556977,0.9725837393834044,97.25837393834044,1.5211248346634918
2013,28.862749459484824,0.9718091669743941,97.18091669743941,1.5209507623543743
2013,30.305886932459067,0.9716110205441821,97.16110205441821,1.5209062050722555
2013,31.821181279082023,0.9694404164677697,96.94404164677697,1.5204173740960565
2013,33.412240343036125,0.9689090237685649,96.89090237685649,1.5202974985298856
2013,35.082852360187935,0.9681704779832296,96.81704779832296,1.5201307586871673
2013,36.83699497819733,0.9670716659611452,96.70716659611452,1.5198823952499383
2013,38.6788447271072,0.9664051734231597,96.64051734231597,1.5197315809434835
2013,40.61278696346256,0.9649641084761639,96.49641084761639,1.519405062158307
2013,42.64342631163569,0.9642075493789911,96.4207549378991,1.5192334017885951
2013,44.77559762721747,0.9619829053670662,96.19829053670662,1.5187276858814873
2013,47.014377508578356,0.9606319069792577,96.06319069792578,1.5184198746948514
2013,49.36509638400727,0.9594970683334985,95.94970683334985,1.5181609051924774
2013,51.83335120320764,0.9582991830963081,95.82991830963081,1.517887143081549
2013,54.42501876336802,0.9567770582460439,95.67770582460439,1.5175386774501398
2013,57.146269701536426,0.9556151996325284,95.56151996325283,1.5172722337004956
2013,60.00358318661325,0.9543362544920696,95.43362544920696,1.5169784819420338
2013,63.00376234594392,0.9508686919633609,95.08686919633608,1.5161796210681988
2013,66.15395046324112,0.9492114672743157,94.92114672743158,1.515796572088543
2013,69.46164798640316,0.9471219231011717,94.71219231011717,1.5153124330825516
2013,72.93473038572333,0.945122445487215,94.5122445487215,1.5148479407886328
2013,76.58146690500949,0.9421952823136298,94.21952823136299,1.5141657744619936
2013,80.41054025025998,0.9401417647641607,94.01417647641607,1.5136856635167104
2013,84.43106726277298,0.935467310342343,93.5467310342343,1.5125879917278726
2013,88.65262062591164,0.9329454466851003,93.29454466851003,1.511993015503474
2013,93.08525165720722,0.9276585396608094,92.76585396608094,1.510739294560489
2013,97.73951424006758,0.9245872699925245,92.45872699925245,1.5100069710169355
2013,102.62648995207097,0.9192012897531275,91.92012897531275,1.508715521065848
2013,107.75781444967453,0.9101135739311351,91.01135739311351,1.5065153792020498
2013,113.14570517215824,0.9052589863909429,90.5258986390943,1.505329053698812
2013,118.80299043076617,0.9006115519368814,90.06115519368814,1.504186044590619
2013,124.74313995230447,0.8889929658017275,88.89929658017275,1.5012966964333534
2013,130.9802969499197,0.8839402318313233,88.39402318313233,1.500025723445934
2013,137.52931179741572,0.8782930585702834,87.82930585702834,1.498594666182698
2013,144.4057773872865,0.8613245188194075,86.13245188194075,1.494225974834873
2013,151.62606625665083,0.854263300579128,85.4263300579128,1.4923768488415943
2013,159.20736956948338,0.8413027227120843,84.13027227120843,1.488933630564894
2013,167.16773804795756,0.8304226823622657,83.04226823622656,1.4859925662683535
2013,175.52612495035544,0.8207315205937188,82.07315205937188,1.4833328074894807
2013,184.3024311978732,0.8057264318331246,80.57264318331246,1.4791376773757055
2013,193.5175527577669,0.797755541345054,79.7755541345054,1.4768699683114659
2013,203.19343039565524,0.7891541849426726,78.91541849426727,1.47439145884147
2013,213.353101915438,0.7575138027001954,75.75138027001954,1.4649799942942
2013,224.02075701120992,0.7424186473804141,74.24186473804141,1.4603178060622055
2013,235.22179486177043,0.7282421709643426,72.82421709643427,1.4558317465378023
2013,246.98288460485895,0.7079141485557827,70.79141485557827,1.4492075936549178
2013,259.3320288351019,0.6967729151843212,69.67729151843211,1.4454766400838401
2013,272.298630276857,0.6827675652307055,68.27675652307055,1.4406805985480609
2013,285.9135617906999,0.6587468138954687,65.87468138954688,1.4321645926843405
2013,300.20923988023486,0.6452818632969765,64.52818632969765,1.4272208603487406
2013,315.21970187424665,0.6198921002620937,61.98921002620937,1.4175411403691554
2013,330.980686967959,0.6040403858451395,60.404038584513955,1.4112444933998283
2013,347.5297213163569,0.5873600590836628,58.73600590836629,1.4043928232654646
2013,364.90620738217484,0.5742373614100821,57.423736141008206,1.3988298968231352
2013,383.1515177512836,0.5518107881724594,55.18107881724595,1.3889458726223822
2013,402.3090936388478,0.5380125913049744,53.801259130497435,1.3826118065330217
2013,422.42454832079017,0.4622846283403435,46.22846283403435,1.3438031844586296
2013,443.54577573682974,0.44174044618973424,44.174044618973426,1.3318744446724173
2013,465.72306452367127,0.41751254176836683,41.75125417683668,1.316871796705678
2013,489.00921774985477,0.40230029992164207,40.230029992164205,1.3068760107702573
2013,513.4596786373476,0.37618099775734265,37.618099775734265,1.2885396565840828
2013,539.132662569215,0.35889722504931143,35.88972250493114,1.2754887626768674
2013,566.0892956976758,0.33990218771672265,33.99021877167227,1.2601847303993252
2013,594.3937604825595,0.3231047744283025,32.31047744283025,1.2457071508457656
2013,624.1134485066875,0.29418440227327997,29.418440227327995,1.2183553862487515
2013,655.319120932022,0.28010699907231446,28.010699907231444,1.2037487522448822
2013,688.0850769786231,0.264102171504742,26.410217150474203,1.1859364065862068
2013,722.4893308275543,0.25071828080951825,25.071828080951825,1.1699230850252795
2013,758.613797368932,0.2340739806717164,23.407398067171638,1.148370913605253
2013,796.5444872373786,0.21776292680290735,21.776292680290734,1.1251964075952094
2013,836.3717115992476,0.19811040358825172,19.81104035882517,1.0940148620736032
2013,878.19029717921,0.185996451377568,18.599645137756802,1.07265923688122
2013,922.0998120381706,0.1687937385728053,16.87937385728053,1.0388949782490489
2013,968.2048026400792,0.16188563348314405,16.188563348314407,1.0239983006850573
2013,1016.6150427720833,0.15217645840275965,15.217645840275965,1.0015342910500047
2013,1067.4457949106875,0.14284556287096165,14.284556287096164,0.9780174186621639
2013,1120.8180846562218,0.13354168730691982,13.354168730691981,0.9523636499815052
2013,1176.858988889033,0.12545371029190572,12.545371029190571,0.9279630466846072
2013,1235.7019383334846,0.11142134037053382,11.142134037053381,0.8799311747772933
2013,1297.487035250159,0.10573814048581902,10.573814048581902,0.8579751851640013
2013,1362.361387012667,0.09973970764394888,9.973970764394888,0.832899895039506
2013,1430.4794563633002,0.09301173567266209,9.30117356726621,0.8020646248421988
2013,1502.0034291814654,0.08852642102513758,8.852642102513759,0.7796532435807841
2013,1577.1036006405386,0.0801051977411307,8.010519774113071,0.7327311208275884
2013,1655.9587806725658,0.07490835727602699,7.490835727602699,0.699964077840521
2013,1738.756719706194,0.07034198272523395,7.034198272523396,0.6682312002366554
2013,1825.6945556915039,0.06720766646551801,6.720766646551802,0.6445881616509164
2013,1916.9792834760792,0.05914670941826009,5.914670941826009,0.5751718003262174
2013,2012.828247649883,0.05544497383566455,5.544497383566456,0.5381329458595974
2013,2113.4696600323773,0.05176125156490646,5.176125156490646,0.49716680763390286
2013,2219.1431430339962,0.04751010997126877,4.751010997126877,0.4436323414819505
2013,2330.100300185696,0.04411460068990984,4.411460068990984,0.3948797578247795
2013,2446.6053151949814,0.0387556404182691,3.87556404182691,0.3035735400908833
2013,2568.9355809547305,0.036963315890443035,3.6963315890443034,0.26799520049108827
2013,2697.382360002467,0.0347296652225995,3.47296652225995,0.21914286666531946
2013,2832.2514780025904,0.0319826351673887,3.19826351673887,0.15066576727997255
2013,2973.8640519027203,0.02994713092975709,2.994713092975709,0.09244100551671651
2013,3122.5572544978563,0.02577704923938791,2.577704923938791,-0.054562380799347554
2013,3278.6851172227493,0.024128831206261428,2.4128831206261427,-0.126899321393559
2013,3442.619373083887,0.022183393527817057,2.2183393527817055,-0.22720318464141634
2013,3614.7503417380817,0.020814381828171018,2.081438182817102,-0.3105289680259031
2013,3795.487858824986,0.01827450485909087,1.8274504859090868,-0.5059677450870922
2013,3985.2622517662353,0.0167433733529078,1.67433733529078,-0.6627780925593042
2013,4184.5253643545475,0.015563501427554962,1.5563501427554962,-0.8156687123595848
2013,4393.7516325722745,0.013870250114834863,1.3870250114834863,-1.1173023427772184
2013,4613.439214200888,0.012546271694782445,1.2546271694782445,-1.48351717857628
2013,4844.111174910933,0.011807725909447082,1.1807725909447082,-1.7947501629846738
2013,5086.31673365648,0.010123481252645705,1.0123481252645705,-4.400393557970372
2013,5340.632570339304,0.009231822316692036,0.9231822316692037,
2013,5607.66419885627,0.008187050230120058,0.8187050230120058,
2013,5888.047408799083,0.007529564348053211,0.7529564348053212,
2013,6182.4497792390375,0.005890352970845455,0.5890352970845455,
2013,6491.57226820099,0.005304920336128399,0.5304920336128399,
2013,6816.150881611039,0.004773527636923687,0.4773527636923687,
2013,7156.958425691592,0.0043231948409874895,0.43231948409874893,
2013,7514.806346976172,0.003719748894432986,0.3719748894432986,
2013,7890.546664324981,0.003269416098496789,0.3269416098496789,
2013,8285.07399754123,0.0027740500229669726,0.2774050022966973,
2013,8699.327697418292,0.002404777130299291,0.24047771302992912,
2013,9134.294082289207,0.002269677291518432,0.2269677291518432,
2013,9591.008786403669,0.0017653045600698916,0.17653045600698916,
2013,10070.559225723853,0.0015401381621017933,0.15401381621017932,
2013,10574.087187010045,0.0013329850759711426,0.13329850759711426,
2013,11102.791546360548,0.001134838645759216,0.1134838645759216,
2013,11657.931123678576,0.0010447720865719766,0.10447720865719766,
2013,12240.827679862503,0.0008015923767664304,0.08015923767664304,
2013,12852.86906385563,0.0007295391294166389,0.0729539129416639,
2013,13495.512517048412,0.0006484792261481234,0.06484792261481234,
2013,14170.288142900834,0.0005854326347170559,0.05854326347170559,
2013,14878.802550045877,0.0005584126669608841,0.05584126669608841,
2013,15622.74267754817,0.0004413261400174729,0.04413261400174729,
2013,16403.87981142558,0.0003962928604238532,0.039629286042385324,
2013,17224.07380199686,0.00033324626899278566,0.033324626899278564,
2013,18085.277492096702,0.000288212989399166,0.028821298939916598,
2013,18989.54136670154,0.0002431797098055463,0.02431797098055463,
2013,19939.018435036618,0.00022516639796809842,0.022516639796809842,
2013,20935.96935678845,0.00020715308613065056,0.020715308613065055,
2013,21982.76782462787,0.0001981464302119266,0.019814643021192662,
2013,23081.906215859264,0.00018013311837447875,0.018013311837447876,
2013,24236.001526652228,0.00018013311837447875,0.018013311837447876,
2013,25447.801602984844,0.00016211980653703086,0.016211980653703086,
2013,26720.191683134086,0.000144106494699583,0.014410649469958299,
2013,28056.20126729079,0.00012609318286213513,0.012609318286213513,
2013,29459.011330655332,0.00012609318286213513,0.012609318286213513,
2013,30931.961897188103,9.006655918723937e-05,0.009006655918723938,
2013,32478.55999204751,8.105990326851543e-05,0.008105990326851543,
2013,34102.48799164989,8.105990326851543e-05,0.008105990326851543,
2013,35807.61239123238,5.403993551234362e-05,0.005403993551234362,
2013,37597.993010794,5.403993551234362e-05,0.005403993551234362,
2013,39477.8926613337,3.602662367489575e-05,0.0036026623674895748,
2013,41451.78729440039,3.602662367489575e-05,0.0036026623674895748,
2013,43524.37665912041,2.701996775617181e-05,0.002701996775617181,
2013,45700.595492076434,1.8013311837447874e-05,0.0018013311837447874,
2013,47985.625266680254,1.8013311837447874e-05,0.0018013311837447874,
2014,0.5852691209249501,0.9932011824030603,99.32011824030603,1.525697141425315
2014,0.6145325769711977,0.9931924882629108,99.31924882629109,1.5256952377631718
2014,0.6452592058197575,0.9931924882629108,99.31924882629109,1.5256952377631718
2014,0.6775221661107454,0.9931924882629108,99.31924882629109,1.5256952377631718
2014,0.7113982744162828,0.9931924882629108,99.31924882629109,1.5256952377631718
2014,0.746968188137097,0.9931924882629108,99.31924882629109,1.5256952377631718
2014,0.7843165975439518,0.9931924882629108,99.31924882629109,1.5256952377631718
2014,0.8235324274211494,0.9931924882629108,99.31924882629109,1.5256952377631718
2014,0.8647090487922069,0.9931924882629108,99.31924882629109,1.5256952377631718
2014,0.9079445012318174,0.9931924882629108,99.31924882629109,1.5256952377631718
2014,0.9533417262934082,0.9931924882629108,99.31924882629109,1.5256952377631718
2014,1.0010088126080787,0.9931924882629108,99.31924882629109,1.5256952377631718
2014,1.0510592532384826,0.9931924882629108,99.31924882629109,1.5256952377631718
2014,1.103612215900407,0.9931924882629108,99.31924882629109,1.5256952377631718
2014,1.1587928266954273,0.9931924882629108,99.31924882629109,1.5256952377631718
2014,1.2167324680301987,0.9931924882629108,99.31924882629109,1.5256952377631718
2014,1.2775690914317086,0.9931924882629108,99.31924882629109,1.5256952377631718
2014,1.3414475460032942,0.9931924882629108,99.31924882629109,1.5256952377631718
2014,1.4085199233034587,0.9931924882629108,99.31924882629109,1.5256952377631718
2014,1.4789459194686319,0.9931924882629108,99.31924882629109,1.5256952377631718
2014,1.5528932154420634,0.9931924882629108,99.31924882629109,1.5256952377631718
2014,1.6305378762141667,0.9931924882629108,99.31924882629109,1.5256952377631718
2014,1.7120647700248752,0.9931924882629108,99.31924882629109,1.5256952377631718
2014,1.797668008526119,0.9931837941227613,99.31837941227613,1.5256933340807404
2014,1.887551408952425,0.9931837941227613,99.31837941227613,1.5256933340807404
2014,1.9819289794000465,0.9931837941227613,99.31837941227613,1.5256933340807404
2014,2.0810254283700487,0.9931837941227613,99.31837941227613,1.5256933340807404
2014,2.185076699788551,0.9931837941227613,99.31837941227613,1.5256933340807404
2014,2.2943305347779788,0.9931837941227613,99.31837941227613,1.5256933340807404
2014,2.4090470615168784,0.9931837941227613,99.31837941227613,1.5256933340807404
2014,2.5294994145927223,0.9931837941227613,99.31837941227613,1.5256933340807404
2014,2.655974385322358,0.9931837941227613,99.31837941227613,1.5256933340807404
2014,2.7887731045884765,0.9931837941227613,99.31837941227613,1.5256933340807404
2014,2.9282117598179003,0.9931750999826117,99.31750999826117,1.5256914303780205
2014,3.0746223478087953,0.9931750999826117,99.31750999826117,1.5256914303780205
2014,3.2283534651992354,0.9931750999826117,99.31750999826117,1.5256914303780205
2014,3.389771138459197,0.9931750999826117,99.31750999826117,1.5256914303780205
2014,3.559259695382157,0.9931664058424622,99.31664058424622,1.5256895266550115
2014,3.737222680151265,0.9931664058424622,99.31664058424622,1.5256895266550115
2014,3.9240838141588283,0.9931664058424622,99.31664058424622,1.5256895266550115
2014,4.1202880048667705,0.9931577117023126,99.31577117023126,1.5256876229117131
2014,4.326302405110109,0.9931577117023126,99.31577117023126,1.5256876229117131
2014,4.542617525365614,0.9931577117023126,99.31577117023126,1.5256876229117131
2014,4.769748401633896,0.993131629281864,99.3131629281864,1.5256819115600777
2014,5.008235821715591,0.993131629281864,99.3131629281864,1.5256819115600777
2014,5.25864761280137,0.993131629281864,99.3131629281864,1.5256819115600777
2014,5.521579993441439,0.993131629281864,99.3131629281864,1.5256819115600777
2014,5.797658993113512,0.993131629281864,99.3131629281864,1.5256819115600777
2014,6.087541942769187,0.9930794644409668,99.30794644409669,1.5256704883089385
2014,6.391919039907647,0.9930794644409668,99.30794644409669,1.5256704883089385
2014,6.711514991903029,0.9930272996000695,99.30272996000696,1.5256590643272365
2014,7.047090741498182,0.9929925230394714,99.29925230394714,1.5256514479335241
2014,7.39944527857309,0.9929925230394714,99.29925230394714,1.5256514479335241
2014,7.7694175425017455,0.9929925230394714,99.29925230394714,1.5256514479335241
2014,8.157888419626833,0.9929925230394714,99.29925230394714,1.5256514479335241
2014,8.565782840608174,0.9929664406190227,99.29664406190227,1.525645735425118
2014,8.994071982638584,0.9929403581985742,99.29403581985741,1.5256400227340248
2014,9.443775581770513,0.9928447226569292,99.28447226569293,1.525619074636846
2014,9.915964360859041,0.9928447226569292,99.28447226569293,1.525619074636846
2014,10.411762578901993,0.9927490871152843,99.27490871152843,1.525598124082854
2014,10.932350707847093,0.9927316988349852,99.27316988349853,1.5255943146272224
2014,11.478968243239446,0.992679533994088,99.26795339940881,1.5255828857728873
2014,12.05291665540142,0.9926186750130412,99.26186750130412,1.5255695511853002
2014,12.65556248817149,0.9925317336115458,99.25317336115458,1.5255505000476801
2014,13.288340612580066,0.9924360980699009,99.24360980699008,1.5255295414494736
2014,13.952757643209072,0.9923665449487046,99.23665449487046,1.5255142972880704
2014,14.650395525369525,0.992036167623022,99.2036167623022,1.5254418697526848
2014,15.382915301638,0.9919318379412276,99.19318379412276,1.5254189917979704
2014,16.152061066719902,0.9918883672404799,99.18883672404799,1.525409458452156
2014,16.959664120055898,0.9917318727177882,99.17318727177881,1.5253751341947361
2014,17.807647326058696,0.9915232133541992,99.15232133541993,1.525329358258504
2014,18.69802969236163,0.9914449660928534,99.14449660928534,1.5253121892584607
2014,19.63293117697971,0.9911058946270214,99.11058946270214,1.525237771189134
2014,20.6145777358287,0.9906277169187967,99.06277169187968,1.5251327699297874
2014,21.645306622620133,0.9900452095287776,99.00452095287775,1.5250047758950684
2014,22.72757195375114,0.9889497478699356,98.89497478699356,1.5247638221412168
2014,23.8639505514387,0.9884194053208137,98.84194053208137,1.5246470531402458
2014,25.057148079010638,0.9880890279951313,98.80890279951313,1.524574273222038
2014,26.31000548296117,0.9877238741088507,98.77238741088506,1.5244937977761812
2014,27.625505757109227,0.9869848721961398,98.69848721961398,1.5243308198924066
2014,29.006781044964693,0.9866197183098592,98.66197183098592,1.5242502347799758
2014,30.45712009721293,0.9850634672230917,98.50634672230917,1.5239063809868298
2014,31.979976102073575,0.984793948878456,98.4793948878456,1.523846763680357
2014,33.578974907177255,0.9837332637802121,98.3733263780212,1.5236119476022265
2014,35.25792365253612,0.9827247435228655,98.27247435228655,1.5233883936949868
2014,37.020819835162925,0.9821074595722483,98.21074595722483,1.5232514253851477
2014,38.87186082692107,0.98094244479221,98.094244479221,1.5229926358877925
2014,40.815453868267134,0.9804381846635368,98.04381846635368,1.5228805064087876
2014,42.85622656168049,0.9792123109024518,97.92123109024517,1.5226076225585259
2014,44.999037889764516,0.9779690488610676,97.79690488610676,1.5223304426441406
2014,47.24898978425274,0.9761954442705616,97.61954442705616,1.5219342812852006
2014,49.611439273465386,0.9752564771344114,97.52564771344115,1.5217241936345565
2014,52.09201123713866,0.9741610154755694,97.41610154755695,1.52147877969107
2014,54.69661179899559,0.9730655538167275,97.30655538167275,1.5212330292753469
2014,57.431442388945364,0.9719787862980351,97.19787862980351,1.5209888959391784
2014,60.30301450839264,0.9689358372456964,96.89358372456964,1.5203035492351429
2014,63.31816523381227,0.9674752217005738,96.74752217005738,1.5199736505120134
2014,66.4840734955029,0.966188488958442,96.6188488958442,1.5196825221531551
2014,69.80827717027803,0.9646148495913754,96.46148495913755,1.519325837043367
2014,73.29869102879194,0.9617979481829247,96.17979481829248,1.518685576419347
2014,76.96362558023155,0.9601721439749609,96.01721439749609,1.5183150020157297
2014,80.81180685924312,0.9570683359415754,95.70683359415753,1.5176054129952854
2014,84.8523972022053,0.9542514345331247,95.42514345331247,1.5169589832811634
2014,89.09501706231556,0.9501043296817945,95.01043296817944,1.5160030485086895
2014,93.54976791543133,0.9475395583376804,94.75395583376805,1.5154093015987464
2014,98.22725631120291,0.9430012171796209,94.3001217179621,1.5143538527487348
2014,103.13861912676306,0.9388454181881412,93.88454181881411,1.5133819193149276
2014,108.2955500831012,0.9308989740914624,93.08989740914623,1.5115087524077757
2014,113.71032758725627,0.9271170231264128,92.71170231264128,1.5106103887136098
2014,119.39584396661908,0.9185532950791166,91.85532950791166,1.5085595223642077
2014,125.36563616495006,0.913075986784907,91.30759867849069,1.507235518372516
2014,131.63391797319755,0.9073117718657625,90.73117718657625,1.5058316433433323
2014,138.21561387185744,0.8995739871326726,89.95739871326725,1.5039298771481324
2014,145.12639456545034,0.8858981046774475,88.58981046774474,1.500519261891069
2014,152.38271429372284,0.8756737958615893,87.56737958615894,1.4979270888889662
2014,160.00185000840898,0.8671622326551904,86.71622326551905,1.495740740071787
2014,168.00194250882944,0.8565292992523039,85.6529299252304,1.4929722808877106
2014,176.40203963427092,0.842566510172144,84.2566510172144,1.4892722302652974
2014,185.2221416159845,0.8343244653103808,83.43244653103808,1.4870526911375643
2014,194.4832486967837,0.8251347591723178,82.51347591723179,1.4845460342270926
2014,204.2074111316229,0.8137802121370197,81.37802121370197,1.4814011627191892
2014,214.4177816882041,0.7826725786819684,78.26725786819684,1.4725017250262535
2014,225.1386707726143,0.7706920535559033,77.06920535559033,1.4689575835632929
2014,236.39560431124502,0.7516171100678143,75.16171100678143,1.4631725143637062
2014,248.21538452680727,0.7397409146235437,73.97409146235438,1.4594785837990623
2014,260.62615375314766,0.7252477829942618,72.52477829942619,1.4548704094756697
2014,273.65746144080504,0.7101286732742131,71.01286732742132,1.449940552355348
2014,287.3403345128453,0.690679881759694,69.06798817596939,1.443404899384017
2014,301.70735123848755,0.6666318901060685,66.66318901060684,1.4350018817978714
2014,316.792718800412,0.6514345331246739,65.14345331246739,1.4294955580067197
2014,332.63235474043256,0.6339332290036516,63.393322900365156,1.4229537533481291
2014,349.2639724774542,0.6206398887150061,62.063988871500605,1.4178332239292408
2014,366.727171101327,0.597452616936185,59.7452616936185,1.4085669467003081
2014,385.0635296563933,0.582811684924361,58.281168492436095,1.4024823828964028
2014,404.316706139213,0.5650930272996001,56.50930272996001,1.3948588992073558
2014,424.5325414461737,0.4877673448095983,48.77673448095983,1.3577028534329119
2014,445.7591685184824,0.4656755346896192,46.56755346896192,1.3457077610608736
2014,468.0471269444065,0.44899147974265347,44.89914797426535,1.3361632381215591
2014,491.44948329162685,0.42359589636584943,42.35958963658494,1.3207406136583417
2014,516.0219574562082,0.4024082768214224,40.24082768214224,1.3069486443434555
2014,541.8230553290186,0.3817683881064163,38.17683881064163,1.2925958617755158
2014,568.9142080954696,0.364640932011824,36.4640932011824,1.2799133328267118
2014,597.3599185002431,0.3362980351243262,33.62980351243262,1.2571569246605157
2014,627.2279144252553,0.3215962441314554,32.159624413145536,1.2443596926787215
2014,658.5893101465181,0.3000608589810468,30.00608589810468,1.2241871775367608
2014,691.518775653844,0.2861241523213354,28.612415232133543,1.2101061735010974
2014,726.0947144365363,0.26774474004520954,26.774474004520954,1.1901118752901172
2014,762.399450158363,0.24889584420100852,24.889584420100853,1.1676560893937828
2014,800.5194226662813,0.23508085550339072,23.50808555033907,1.1497313033857148
2014,840.5453937995953,0.22145713788906277,22.145713788906278,1.1306418126547417
2014,882.5726634895752,0.19331420622500434,19.331420622500435,1.085774159302929
2014,926.701296664054,0.1842809946096331,18.42809946096331,1.0694843748018306
2014,973.0363614972567,0.173282907320466,17.3282907320466,1.0481398742078547
2014,1021.6881795721197,0.1625978090766823,16.25978090766823,1.0255736116919187
2014,1072.7725885507257,0.1511997913406364,15.119979134063641,0.9991664654678207
2014,1126.4112179782621,0.14227090940705964,14.227090940705963,0.9765003818679073
2014,1182.7317788771752,0.1269344461832725,12.693444618327248,0.9325914260900933
2014,1241.8683678210339,0.1204660059120153,12.04660059120153,0.911793639705243
2014,1303.9617862120858,0.11302382194400974,11.302382194400975,0.885837098462167
2014,1369.1598755226898,0.10569466179794819,10.56946617979482,0.8578007805190077
2014,1437.6178692988246,0.10014780038254216,10.014780038254216,0.8346736546446318
2014,1509.4987627637659,0.09141018953225526,9.141018953225526,0.7942459658766746
2014,1584.9737009019543,0.08611545818118588,8.611545818118588,0.7669104475271233
2014,1664.222385947052,0.08094244479221005,8.094244479221006,0.7377157085267414
2014,1747.4335052444048,0.07684750478177708,7.684750478177708,0.7125761634427318
2014,1834.8051805066252,0.06867501304121022,6.867501304121022,0.655860766463537
2014,1926.5454395319564,0.0642583898452443,6.425838984524431,0.6207523881167574
2014,2022.8727115085542,0.06016344983481134,6.016344983481134,0.5847152469968986
2014,2124.016347083982,0.05471222396105025,5.471222396105025,0.530335304773643
2014,2230.2171644381815,0.05094766127629977,5.094766127629978,0.4874835631937517
2014,2341.7280226600906,0.04473135106937924,4.473135106937924,0.40419064898903473
2014,2458.8144237930956,0.04248826291079812,4.248826291079812,0.3692455463980722
2014,2581.7551449827497,0.039706138062945574,3.9706138062945575,0.32130108729906653
2014,2710.8429022318874,0.03653277690836376,3.653277690836376,0.2589930206094661
2014,2846.3850473434823,0.03425491218918449,3.425491218918449,0.20802575756645011
2014,2988.704299710656,0.02975134759172318,2.9751347591723176,0.08644310612910328
2014,3138.139514696189,0.028012519561815337,2.8012519561815337,0.029623309342728076
2014,3295.046490430999,0.02576073726308468,2.576073726308468,-0.05523111290809717
2014,3459.798814952549,0.02402190923317684,2.402190923317684,-0.1319541164431191
2014,3632.788755700177,0.021309337506520604,2.1309337506520603,-0.27897308699866624
2014,3814.4281934851856,0.01927490871152843,1.9274908711528431,-0.4212605666249428
2014,4005.149603159445,0.018031646670144324,1.8031646670144323,-0.528407161342459
2014,4205.407083317417,0.015918970613806295,1.5918970613806296,-0.7658761108709667
2014,4415.6774374832885,0.01431924882629108,1.431924882629108,-1.0243782655290419
2014,4636.4613093574535,0.01355416449313163,1.355416449313163,-1.1903699120125706
2014,4868.284374825326,0.011850113023821943,1.1850113023821944,-1.7734148901508218
2014,5111.6985935665925,0.01078073378542862,1.078073378542862,-2.5879293759473305
2014,5367.283523244922,0.00958963658494175,0.958963658494175,
2014,5635.647699407168,0.008859328812380456,0.8859328812380456,
2014,5917.430084377527,0.007094418362023996,0.7094418362023995,
2014,6213.301588596404,0.006529299252303947,0.6529299252303947,
2014,6523.966668026224,0.005868544600938967,0.5868544600938966,
2014,6850.1650014275365,0.005425143453312468,0.5425143453312468,
2014,7192.673251498913,0.004799165362545644,0.4799165362545644,
2014,7552.306914073859,0.004242740392975135,0.4242740392975135,
2014,7929.922259777552,0.003677621283255086,0.3677621283255086,
2014,8326.418372766431,0.0033037732568249,0.33037732568249,
2014,8742.739291404752,0.0030690314727873412,0.30690314727873413,
2014,9179.87625597499,0.0023908885411232828,0.23908885411232828,
2014,9638.870068773742,0.0020518170752912538,0.20518170752912537,
2014,10120.813572212428,0.0017822987306555381,0.17822987306555382,
2014,10626.85425082305,0.0015214745261693619,0.15214745261693619,
2014,11158.196963364204,0.0013736741436271953,0.13736741436271954,
2014,11716.106811532412,0.00099113197704747,0.099113197704747,
2014,12301.912152109035,0.0009128847157016171,0.0912884715701617,
2014,12917.007759714485,0.0008085550339071466,0.08085550339071466,
2014,13562.858147700212,0.0006868370718135976,0.06868370718135977,
2014,14241.001055085222,0.0005998956703182055,0.05998956703182055,
2014,14953.051107839485,0.00046948356807511736,0.046948356807511735,
2014,15700.70366323146,0.00036515388628064686,0.036515388628064686,
2014,16485.738846393033,0.00033907146583202923,0.03390714658320292,
2014,17310.025788712686,0.0003042949052338724,0.03042949052338724,
2014,18175.52707814832,0.0002608242044861763,0.02608242044861763,
2014,19084.303432055738,0.00023474178403755868,0.023474178403755867,
2014,20038.518603658526,0.00022604764388801948,0.02260476438880195,
2014,21040.44453384145,0.00019996522343940186,0.019996522343940185,
2014,22092.466760533523,0.0001738828029907842,0.01738828029907842,
2014,23197.090098560202,0.000165188662841245,0.016518866284124502,
2014,24356.944603488213,0.00014780038254216658,0.014780038254216657,
2014,25574.791833662624,0.00013041210224308815,0.013041210224308816,
2014,26853.531425345755,0.00010432968179447053,0.010432968179447054,
2014,28196.207996613044,8.69414014953921e-05,0.00869414014953921,
2014,29606.018396443702,7.824726134585289e-05,0.00782472613458529,
2014,31086.319316265886,6.0858981046774477e-05,0.0060858981046774474,
2014,32640.635282079184,5.2164840897235264e-05,0.005216484089723527,
2014,34272.667046183145,5.2164840897235264e-05,0.005216484089723527,
2014,35986.300398492305,4.347070074769605e-05,0.004347070074769605,
2014,37785.61541841692,4.347070074769605e-05,0.004347070074769605,
2014,39674.896189337764,4.347070074769605e-05,0.004347070074769605,
2014,41658.64099880466,4.347070074769605e-05,0.004347070074769605,
2014,43741.57304874489,3.4776560598156845e-05,0.0034776560598156845,
2014,45928.651701182134,2.6082420448617632e-05,0.0026082420448617634,
2014,48225.08428624125,1.7388280299078422e-05,0.0017388280299078423,
2014,50636.33850055331,1.7388280299078422e-05,0.0017388280299078423,
2014,53168.155425580975,1.7388280299078422e-05,0.0017388280299078423,
2014,55826.56319686003,8.694140149539211e-06,0.0008694140149539211,
2015,1.7474127708119864,0.9940756756756757,99.40756756756757,1.5258885162097886
2015,1.8347834093525859,0.994067027027027,99.4067027027027,1.5258866245364424
2015,1.926522579820215,0.994067027027027,99.4067027027027,1.5258866245364424
2015,2.022848708811226,0.994067027027027,99.4067027027027,1.5258866245364424
2015,2.1239911442517876,0.9940583783783784,99.40583783783784,1.5258847328430598
2015,2.230190701464377,0.9940583783783784,99.40583783783784,1.5258847328430598
2015,2.341700236537596,0.9940583783783784,99.40583783783784,1.5258847328430598
2015,2.458785248364476,0.9940324324324324,99.40324324324324,1.5258790576426882
2015,2.5817245107826996,0.9940324324324324,99.40324324324324,1.5258790576426882
2015,2.7108107363218346,0.9940324324324324,99.40324324324324,1.5258790576426882
2015,2.8463512731379264,0.9939632432432433,99.39632432432433,1.5258639228933215
2015,2.988668836794823,0.9939632432432433,99.39632432432433,1.5258639228933215
2015,3.1381022786345643,0.9939632432432433,99.39632432432433,1.5258639228933215
2015,3.295007392566293,0.9939632432432433,99.39632432432433,1.5258639228933215
2015,3.4597577621946076,0.9939632432432433,99.39632432432433,1.5258639228933215
2015,3.6327456503043383,0.9939286486486486,99.39286486486486,1.5258563550376585
2015,3.8143829328195547,0.9939286486486486,99.39286486486486,1.5258563550376585
2015,4.005102079460533,0.9938940540540541,99.38940540540541,1.525848786861309
2015,4.205357183433559,0.9938681081081081,99.38681081081081,1.5258431105185812
2015,4.415625042605238,0.9938681081081081,99.38681081081081,1.5258431105185812
2015,4.6364062947355,0.9938681081081081,99.38681081081081,1.5258431105185812
2015,4.868226609472275,0.9938681081081081,99.38681081081081,1.5258431105185812
2015,5.111637939945889,0.9938162162162162,99.38162162162162,1.525831757291882
2015,5.367219836943184,0.9937124324324325,99.37124324324324,1.5258090486732114
2015,5.635580828790343,0.9936605405405405,99.36605405405405,1.52579769328107
2015,5.917359870229861,0.9936605405405405,99.36605405405405,1.52579769328107
2015,6.213227863741354,0.993452972972973,99.3452972972973,1.5257522644918122
2015,6.523889256928422,0.993427027027027,99.3427027027027,1.5257465850806518
2015,6.850083719774844,0.9933837837837838,99.33837837837838,1.5257371189940636
2015,7.192587905763586,0.9932713513513514,99.32713513513514,1.5257125048208882
2015,7.552217301051766,0.9932194594594594,99.32194594594594,1.5257011432891687
2015,7.929828166104354,0.9931502702702703,99.31502702702703,1.5256859934559825
2015,8.326319574409572,0.9930551351351351,99.30551351351352,1.5256651603371207
2015,8.74263555313005,0.9926745945945946,99.26745945945946,1.525581803556337
2015,9.179767330786554,0.9925016216216216,99.25016216216216,1.5255439012484928
2015,9.638755697325882,0.9924324324324324,99.24324324324324,1.5255287380734373
2015,10.120693482192177,0.9922075675675676,99.22075675675676,1.5254794488643268
2015,10.626728156301786,0.9918702702702703,99.18702702702703,1.52540548954456
2015,11.158064564116875,0.9917924324324324,99.17924324324325,1.525388417660518
2015,11.71596779232272,0.9913686486486486,99.13686486486486,1.5252954421091982
2015,12.301766181938856,0.9909102702702702,99.09102702702702,1.5251948222233582
2015,12.9168544910358,0.9901232432432432,99.01232432432433,1.5250219275193797
2015,13.56269721558759,0.9888864864864865,98.88864864864864,1.5247498974728233
2015,14.240832076366972,0.9882637837837838,98.82637837837838,1.5246127744460503
2015,14.952873680185322,0.987961081081081,98.7961081081081,1.5245460794108716
2015,15.700517364194587,0.9876237837837838,98.76237837837837,1.5244717327675714
2015,16.485543232404318,0.9868367567567567,98.68367567567567,1.5242981369568653
2015,17.309820394024534,0.9863610810810811,98.63610810810812,1.5241931346481756
2015,18.175311413725762,0.9848735135135135,98.48735135135135,1.5238643653999215
2015,19.08407698441205,0.9845535135135135,98.45535135135135,1.5237935627399894
2015,20.038280833632655,0.9834118918918919,98.3411891891892,1.523540740932072
2015,21.04019487531429,0.982521081081081,98.2521081081081,1.5233432148942365
2015,22.09220461908,0.9818118918918919,98.18118918918918,1.5231858051392813
2015,23.196814850034002,0.9805491891891892,98.05491891891891,1.5229051958876034
2015,24.356655592535702,0.9801081081081081,98.01081081081081,1.5228070711004835
2015,25.574488372162488,0.9788281081081082,97.88281081081081,1.5225220119923326
2015,26.853212790770616,0.9773318918918918,97.73318918918919,1.5221882248263352
2015,28.195873430309145,0.975385945945946,97.5385945945946,1.521753176063436
2015,29.605667101824608,0.9745037837837838,97.45037837837837,1.5215556054749175
2015,31.08595045691584,0.973414054054054,97.3414054054054,1.5213112466302414
2015,32.64024797976163,0.9720994594594594,97.20994594594595,1.5210160205784795
2015,34.27226037874971,0.9709318918918919,97.09318918918919,1.5207534050375737
2015,35.9858733976872,0.9676713513513514,96.76713513513513,1.5200179841724901
2015,37.785167067571564,0.966201081081081,96.6201081081081,1.5196853734596474
2015,39.67442542095014,0.9646010810810811,96.46010810810812,1.5193227131085683
2015,41.65814669199766,0.9628886486486486,96.28886486486486,1.5189337553224205
2015,43.74105402659754,0.9605102702702702,96.05102702702702,1.5183921351199354
2015,45.928106727927414,0.9581751351351351,95.8175135135135,1.5178587695905237
2015,48.22451206432379,0.9553037837837838,95.53037837837837,1.5172007509920453
2015,50.63573766753998,0.9530897297297297,95.30897297297297,1.516691714291251
2015,53.16752455091699,0.9491372972972973,94.91372972972974,1.5157794094610584
2015,55.82590077846284,0.9457643243243243,94.57643243243243,1.5149971841549938
2015,58.61719581738597,0.941292972972973,94.1292972972973,1.5139549725724852
2015,61.54805560825528,0.9379027027027027,93.79027027027027,1.5131607120935109
2015,64.62545838866804,0.9342789189189189,93.42789189189189,1.5123078620597732
2015,67.85673130810146,0.9303005405405406,93.03005405405406,1.5113668976499763
2015,71.24956787350652,0.9186854054054054,91.86854054054055,1.5085913376033337
2015,74.81204626718186,0.9141102702702703,91.41102702702703,1.5074862726163847
2015,78.55264858054096,0.9093967567567568,90.93967567567567,1.5063406962551686
2015,82.480281009568,0.9006702702702702,90.06702702702702,1.5042005309483408
2015,86.60429506004641,0.8950054054054054,89.50054054054054,1.502797614831637
2015,90.93450981304873,0.8855610810810811,88.5561081081081,1.500434400460107
2015,95.48123530370117,0.8686356756756757,86.86356756756757,1.4961210956059772
2015,100.25529706888624,0.860774054054054,86.0774054054054,1.4940824924489033
2015,105.26806192233055,0.8452237837837838,84.52237837837838,1.4899821532963105
2015,110.53146501844708,0.8362032432432432,83.62032432432433,1.4875609942704033
2015,116.05803826936945,0.8274421621621622,82.74421621621622,1.4851786274305714
2015,121.86094018283792,0.8169686486486486,81.69686486486486,1.4822896760252335
2015,127.9539871919798,0.8049297297297298,80.49297297297298,1.478912258243535
2015,134.3516865515788,0.7951827027027027,79.51827027027028,1.4761320509417621
2015,141.06927087915776,0.7558313513513514,75.58313513513514,1.4644660529366187
2015,148.12273442311567,0.7464389189189189,74.64389189189188,1.461570812221877
2015,155.52887114427145,0.7317535135135135,73.17535135135135,1.456952859300783
2015,163.30531470148503,0.7164627027027027,71.64627027027028,1.452021495437733
2015,171.47058043655926,0.7054789189189189,70.5478918918919,1.448398310967778
2015,180.04410945838725,0.6809945945945945,68.09945945945945,1.440064787852073
2015,189.04631493130663,0.6591221621621621,65.91221621621621,1.4323006060140762
2015,198.49863067787197,0.6429145945945945,64.29145945945946,1.4263384849576293
2015,208.42356221176556,0.6267416216216216,62.67416216216216,1.4202003211476715
2015,218.84474032235386,0.6045232432432432,60.45232432432432,1.411439316919995
2015,229.78697733847156,0.588774054054054,58.877405405405405,1.4049829876683595
2015,241.27632620539515,0.5718486486486486,57.184864864864856,1.3978002297906815
2015,253.34014251566492,0.5546032432432433,55.460324324324326,1.3902036817752927
2015,266.0071496414482,0.5343481081081081,53.43481081081081,1.380895418377363
2015,279.30750712352057,0.45523891891891893,45.52389189189189,1.3397888723160947
2015,293.27288247969665,0.43088432432432433,43.088432432432434,1.3252841606778811
2015,307.9365266036815,0.41193513513513513,41.193513513513516,1.3132614122591215
2015,323.33335293386557,0.3908583783783784,39.085837837837836,1.2990357347695327
2015,339.5000205805589,0.37405405405405406,37.4054054054054,1.2869753431221937
2015,356.4750216095868,0.34425945945945946,34.42594594594595,1.2637906601436528
2015,374.2987726900662,0.32844108108108105,32.8441081081081,1.2504094501151357
2015,393.0137113245695,0.3124843243243243,31.248432432432434,1.2360437531712172
2015,412.664396890798,0.29501405405405406,29.501405405405407,1.219187837353146
2015,433.2976167353379,0.27382486486486485,27.382486486486485,1.1969190740728353
2015,454.96249757210484,0.2529989189189189,25.29989189189189,1.1727298225569684
2015,477.71062245071005,0.24110702702702702,24.110702702702703,1.1577160172460859
2015,501.5961535732456,0.2268108108108108,22.681081081081082,1.1383236328646862
2015,526.6759612519079,0.2061145945945946,20.61145945945946,1.1071911202269582
2015,553.0097593145034,0.1891027027027027,18.91027027027027,1.0783092957168434
2015,580.6602472802285,0.17745297297297297,17.745297297297295,1.0564423512965755
2015,609.69325964424,0.16725621621621622,16.725621621621624,1.0356518186542192
2015,640.1779226264521,0.1554854054054054,15.54854054054054,1.0094046027592656
2015,672.1868187577746,0.14658594594594596,14.658594594594595,0.9876907186712258
2015,705.7961596956634,0.13115675675675675,13.115675675675675,0.9453865653295846
2015,741.0859676804465,0.12480864864864864,12.480864864864865,0.9259228578914517
2015,778.140266064469,0.11769081081081081,11.769081081081081,0.902384829533692
2015,817.0472793676925,0.10888648648648648,10.888648648648648,0.8703392867754189
2015,857.899643336077,0.10284108108108109,10.284108108108109,0.8461256600334249
2015,900.794625502881,0.09371675675675675,9.371675675675675,0.8054449392778908
2015,945.8343567780252,0.0879654054054054,8.79654054054054,0.7767336894530892
2015,993.1260746169263,0.08271567567567567,8.271567567567567,0.7480254600842848
2015,1042.7823783477727,0.07876324324324324,7.876324324324324,0.7245786645201326
2015,1094.9214972651614,0.06994162162162162,6.994162162162162,0.6653009605106417
2015,1149.6675721284196,0.06552216216216217,6.552216216216217,0.6311671681999685
2015,1207.1509507348405,0.0611027027027027,6.11027027027027,0.5933108265262266
2015,1267.5084982715828,0.056,5.6000000000000005,0.5439314856543381
2015,1330.8839231851618,0.051987027027027025,5.198702702702702,0.499810649593985
2015,1397.4281193444199,0.04970378378378378,4.970378378378379,0.47218622669677984
2015,1467.299525311641,0.04362378378378379,4.362378378378379,0.38731295564431445
2015,1540.664501577223,0.04080432432432433,4.080432432432433,0.34089314366718415
2015,1617.6977266560843,0.03808,3.8080000000000003,0.29050616863241063
2015,1698.5826129888887,0.03560648648648649,3.560648648648649,0.2389718072831637
2015,1783.5117436383332,0.030875675675675677,3.0875675675675676,0.11989953734970943
2015,1872.6873308202498,0.029145945945945946,2.9145945945945946,0.06740696682312394
2015,1966.3216973612625,0.026914594594594596,2.6914594594594594,-0.009965898537980156
2015,2064.637782229326,0.025055135135135135,2.5055135135135136,-0.08502022362345019
2015,2167.869671340792,0.02220972972972973,2.220972972972973,-0.2257151350240661
2015,2276.263154907832,0.020384864864864866,2.0384864864864864,-0.339385817224678
2015,2390.076312653224,0.01907891891891892,1.9078918918918921,-0.43695746097988347
2015,2509.5801282858847,0.016934054054054053,1.6934054054054053,-0.6410452980666269
2015,2635.059134700179,0.015178378378378378,1.5178378378378379,-0.8739814109963182
2015,2766.8120914351884,0.01414918918918919,1.414918918918919,-1.0582223698712816
2015,2905.1526960069477,0.012402162162162162,1.2402162162162162,-1.5357891455818176
2015,3050.4103308072954,0.011372972972972973,1.1372972972972972,-2.0506235513621447
2015,3202.9308473476603,0.010144864864864865,1.0144864864864866,-4.241738929538577
2015,3363.0773897150434,0.00940972972972973,0.940972972972973,
2015,3531.2312592007956,0.0075416216216216215,0.7541621621621621,
2015,3707.7928221608354,0.006815135135135135,0.6815135135135135,
2015,3893.1824632688777,0.0061578378378378375,0.6157837837837837,
2015,4087.8415864323215,0.005656216216216216,0.5656216216216217,
2015,4292.233665753938,0.004843243243243243,0.4843243243243243,
2015,4506.845349041635,0.004324324324324324,0.43243243243243246,
2015,4732.1876164937175,0.0038313513513513514,0.38313513513513514,
2015,4968.796997318403,0.0034075675675675674,0.34075675675675676,
2015,5217.236847184324,0.003182702702702703,0.3182702702702703,
2015,5478.09868954354,0.0026205405405405405,0.262054054054054,
2015,5752.003624020716,0.002291891891891892,0.22918918918918918,
2015,6039.603805221753,0.0020410810810810812,0.20410810810810812,
2015,6341.583995482841,0.001747027027027027,0.17470270270270272,
2015,6658.663195256983,0.0016,0.16,
2015,6991.596355019833,0.001202162162162162,0.12021621621621621,
2015,7341.176172770825,0.0010291891891891893,0.10291891891891893,
2015,7708.234981409366,0.000934054054054054,0.0934054054054054,
2015,8093.646730479835,0.0007610810810810811,0.07610810810810811,
2015,8498.329067003828,0.000665945945945946,0.0665945945945946,
2015,8923.245520354018,0.0005189189189189189,0.05189189189189189,
2015,9369.40779637172,0.0004583783783783784,0.04583783783783784,
2015,9837.878186190306,0.0003632432432432432,0.03632432432432432,
2015,10329.772095499822,0.0003545945945945946,0.03545945945945946,
2015,10846.260700274814,0.0002854054054054054,0.02854054054054054,
2015,11388.573735288555,0.00020756756756756757,0.020756756756756756,
2015,11958.002422052985,0.00015567567567567568,0.015567567567567569,
2015,12555.902543155635,9.513513513513514e-05,0.009513513513513514,
2015,13183.697670313415,9.513513513513514e-05,0.009513513513513514,
2015,13842.882553829088,9.513513513513514e-05,0.009513513513513514,
2015,14535.026681520543,6.0540540540540543e-05,0.006054054054054054,
2015,15261.77801559657,6.0540540540540543e-05,0.006054054054054054,
2015,16024.866916376399,4.324324324324324e-05,0.004324324324324324,
2015,16826.11026219522,3.45945945945946e-05,0.00345945945945946,
2015,17667.41577530498,3.45945945945946e-05,0.00345945945945946,
2015,18550.786564070233,3.45945945945946e-05,0.00345945945945946,
2015,19478.32589227374,2.5945945945945946e-05,0.0025945945945945945,
2015,20452.24218688743,2.5945945945945946e-05,0.0025945945945945945,
2015,21474.854296231802,1.72972972972973e-05,0.00172972972972973,
2015,22548.597011043395,1.72972972972973e-05,0.00172972972972973,
2015,23676.026861595565,1.72972972972973e-05,0.00172972972972973,
2015,24859.828204675345,1.72972972972973e-05,0.00172972972972973,
2015,26102.819614909113,8.64864864864865e-06,0.000864864864864865,
2015,27407.960595654567,8.64864864864865e-06,0.000864864864864865,
2015,28778.3586254373,8.64864864864865e-06,0.000864864864864865,
2015,30217.27655670917,8.64864864864865e-06,0.000864864864864865,
2015,31728.140384544626,8.64864864864865e-06,0.000864864864864865,
2015,33314.54740377186,8.64864864864865e-06,0.000864864864864865,
2015,34980.27477396045,8.64864864864865e-06,0.000864864864864865,
2015,36729.28851265847,8.64864864864865e-06,0.000864864864864865,
2016,2.477152306398803,1.0,100.0,1.5271796258079011
2016,2.6010099217187435,0.9999912960601617,99.99912960601617,1.5271777357613683
2016,2.7310604178046805,0.9999912960601617,99.99912960601617,1.5271777357613683
2016,2.8676134386949146,0.9999912960601617,99.99912960601617,1.5271777357613683
2016,3.0109941106296607,0.9999912960601617,99.99912960601617,1.5271777357613683
2016,3.161543816161144,0.9999912960601617,99.99912960601617,1.5271777357613683
2016,3.3196210069692014,0.9999825921203233,99.99825921203232,1.527175845694812
2016,3.4856020573176614,0.9999825921203233,99.99825921203232,1.527175845694812
2016,3.6598821601835447,0.9999825921203233,99.99825921203232,1.527175845694812
2016,3.8428762681927218,0.9999825921203233,99.99825921203232,1.527175845694812
2016,4.035020081602358,0.9999825921203233,99.99825921203232,1.527175845694812
2016,4.236771085682476,0.9998955527219396,99.98955527219397,1.527156943927876
2016,4.4486096399666,0.9998955527219396,99.98955527219397,1.527156943927876
2016,4.67104012196493,0.9998955527219396,99.98955527219397,1.527156943927876
2016,4.904592128063177,0.9998955527219396,99.98955527219397,1.527156943927876
2016,5.149821734466337,0.9998650889325053,99.98650889325053,1.5271503278363137
2016,5.407312821189653,0.9998607369625861,99.98607369625861,1.5271493826603475
2016,5.677678462249136,0.9998607369625861,99.98607369625861,1.5271493826603475
2016,5.961562385361593,0.9998563849926669,99.9856384992667,1.5271484374793738
2016,6.259640504629673,0.9997954574137984,99.97954574137984,1.5271352044199482
2016,6.572622529861157,0.9997954574137984,99.97954574137984,1.5271352044199482
2016,6.901253656354215,0.9997693455942832,99.97693455942832,1.52712953280829
2016,7.246316339171926,0.9997649936243641,99.97649936243641,1.5271285875221514
2016,7.608632156130523,0.9997475857446874,99.97475857446874,1.5271248063275122
2016,7.9890637639370485,0.9997432337747681,99.97432337747682,1.527123861016331
2016,8.388516952133903,0.9993689643617183,99.93689643617184,1.5270425455121701
2016,8.807942799740598,0.9993646123917992,99.93646123917992,1.5270415997650522
2016,9.248339939727629,0.99936026042188,99.936026042188,1.5270406540129213
2016,9.71075693671401,0.99936026042188,99.936026042188,1.5270406540129213
2016,10.196294783549712,0.9993559084519608,99.93559084519607,1.5270397082557774
2016,10.706109522727198,0.9991557178356784,99.91557178356784,1.526996198007275
2016,11.241414998863556,0.9991383099560016,99.91383099560016,1.5269924140059443
2016,11.803485748806736,0.9991383099560016,99.91383099560016,1.5269924140059443
2016,12.393660036247072,0.9984158829494171,99.8415882949417,1.5268353071445195
2016,13.013343038059427,0.9984158829494171,99.8415882949417,1.5268353071445195
2016,13.664010189962399,0.9983680112803061,99.8368011280306,1.526824891560808
2016,14.347210699460518,0.9983506034006293,99.83506034006294,1.5268211039250987
2016,15.064571234433545,0.9981939324835387,99.81939324835388,1.5267870115857478
2016,15.817799796155224,0.9981634686941044,99.81634686941044,1.5267803817633907
2016,16.608689785962984,0.9973801141086512,99.73801141086513,1.5266098159721793
2016,17.439124275261136,0.9973540022891362,99.73540022891362,1.52660412763762
2016,18.311080489024192,0.9973322424395402,99.73322424395403,1.5265993872203383
2016,19.226634513475403,0.9971668675826113,99.71668675826113,1.52656335593413
2016,20.187966239149176,0.9971189959135003,99.71189959135003,1.5265529244673726
2016,21.197364551106638,0.9939594657521728,99.39594657521728,1.5258630965512876
2016,22.257232778661965,0.9939290019627385,99.39290019627384,1.5258564323296788
2016,23.370094417595066,0.993824554684678,99.3824554684678,1.525833581681873
2016,24.538599138474822,0.9937940908952437,99.37940908952437,1.5258269163588596
2016,25.765529095398563,0.9925102597690845,99.25102597690845,1.5255457942536166
2016,27.05380555016849,0.9924362762804584,99.24362762804584,1.525529580506733
2016,28.40649582767692,0.9923971085511857,99.23971085511857,1.525520996162607
2016,29.82682061906077,0.991718201243793,99.1718201243793,1.5253721352897187
2016,31.318161650013803,0.9915571783567833,99.15571783567833,1.525336810339829
2016,32.8840697325145,0.9915136586575913,99.15136586575913,1.5253272618571112
2016,34.528273219140225,0.989424713096383,98.94247130963831,1.5248683336489393
2016,36.25468688009723,0.9893028579386459,98.9302857938646,1.5248415264260426
2016,38.0674212241021,0.9886848782101219,98.86848782101218,1.5247055135831318
2016,39.970792285307205,0.9886370065410108,98.86370065410108,1.5246949730569719
2016,41.96933189957257,0.9786231237569686,97.86231237569686,1.5224763192979993
2016,44.0677984945512,0.9785665481480192,97.85665481480193,1.5224637060773751
2016,46.271188419278765,0.9781705188853734,97.81705188853735,1.5223753886524116
2016,48.5847478402427,0.9781444070658584,97.81444070658584,1.5223695639948653
2016,51.01398523225484,0.9752895147988737,97.52895147988737,1.5217315897743726
2016,53.56468449386758,0.9749979328142884,97.49979328142884,1.5216663027905328
2016,56.24291871856096,0.9746410712809153,97.46410712809153,1.5215863669378065
2016,59.055064654489016,0.9741971703491585,97.41971703491585,1.521486884754991
2016,62.00781788721347,0.9658805558335981,96.58805558335982,1.5196127809915803
2016,65.10820878157413,0.9658762038636789,96.58762038636789,1.5196117951566352
2016,68.36361922065285,0.9646489483464691,96.46489483464691,1.519333573469749
2016,71.7818001816855,0.9642616230236617,96.42616230236617,1.5192456763388775
2016,75.37089019076979,0.9632432620625726,96.32432620625725,1.5190143705491899
2016,79.13943470030827,0.9631214069048355,96.31214069048355,1.5189866729667643
2016,83.09640643532367,0.943942275470992,94.39422754709919,1.5145732163187693
2016,87.25122675708988,0.9437029171254369,94.37029171254369,1.5145174464624105
2016,91.61378809494437,0.9432981839229527,94.32981839229527,1.514423105435743
2016,96.1944774996916,0.9429935460286099,94.29935460286099,1.5143520634827246
2016,101.00420137467617,0.9415095242861682,94.15095242861682,1.514005586818582
2016,106.05441144341,0.9344158133178984,93.44158133178983,1.512340153197213
2016,111.3571320155805,0.9341068234536363,93.41068234536363,1.5122672593763957
2016,116.92498861635951,0.932870863996588,93.2870863996588,1.5119753895447319
2016,122.7712380471775,0.9327533608087701,93.27533608087701,1.5119476167915094
2016,128.9097999495364,0.9091874436963892,90.91874436963892,1.5062896565047197
2016,135.3552899470132,0.9076642542246748,90.76642542246748,1.5059178028912827
2016,142.12305444436387,0.9073117446612209,90.73117446612208,1.5058316366919717
2016,149.22920716658209,0.9008969410003438,90.08969410003438,1.5042564418944224
2016,156.6906675249112,0.9006271188653544,90.06271188653544,1.504189885208773
2016,164.52520090115675,0.9002441455124662,90.02441455124662,1.5040953758000022
2016,172.75146094621462,0.8757077391081073,87.57077391081073,1.4979357556985806
2016,181.38903399352532,0.8749548483120885,87.49548483120884,1.4977434216865877
2016,190.45848569320162,0.8673867726226276,86.73867726226277,1.4957987540345388
2016,199.98140997786172,0.8656155208655197,86.56155208655197,1.4953406188595597
2016,209.98048047675482,0.8385680278177917,83.85680278177917,1.4881987998722115
2016,220.47950450059255,0.8379805118787019,83.79805118787019,1.488040547083432
2016,231.50347972562219,0.8355738725133932,83.55738725133932,1.4873908741855333
2016,243.07865371190329,0.8351256196117173,83.51256196117173,1.487269614773845
2016,255.2325863974985,0.8126259351295364,81.26259351295364,1.4810784494445273
2016,267.99421571737344,0.811503126890387,81.1503126890387,1.4807639939399373
2016,281.3939265032421,0.8074644988053843,80.74644988053844,1.4796284982027454
2016,295.4636228284042,0.7967368929545959,79.6736892954596,1.4765781592448772
2016,310.2368039698244,0.7940125597851868,79.40125597851868,1.4757954705574914
2016,325.7486441683157,0.7932553170192488,79.32553170192487,1.4755773319820047
2016,342.03607637673144,0.7680312993676588,76.80312993676588,1.46816126402362
2016,359.1378801955681,0.7640231350720904,76.40231350720904,1.4669552570346125
2016,377.0947742053465,0.6026564424386699,60.26564424386699,1.4106850242661597
2016,395.9495129156138,0.5918505011293362,59.185050112933624,1.4062609402012947
2016,415.7469885613945,0.5194990012229036,51.94990012229036,1.3737864105739217
2016,436.5343379894643,0.5139807033653784,51.398070336537835,1.3710793551432516
2016,458.3610548889375,0.49122425265796565,49.122425265796565,1.3595179660487322
2016,481.2791076333844,0.48772526884294176,48.77252688429417,1.357680661145179
2016,505.3430630150536,0.42280693355847526,42.280693355847525,1.3202428453195891
2016,530.6102161658064,0.4184375557596146,41.84375557596146,1.3174646663585816
2016,557.1407269740967,0.3932309459877013,39.32309459877013,1.3006852718562496
2016,584.9977633228016,0.3761538160248236,37.61538160248236,1.2885197363409677
2016,614.2476514889416,0.37427811698965535,37.427811698965535,1.2871406699845465
2016,644.9600340633888,0.3153785561034202,31.53785561034202,1.2387186904631355
2016,677.2080357665582,0.2936883380262076,29.36883380262076,1.2178561937208308
2016,711.0684375548861,0.28197283500376447,28.197283500376447,1.2057389368543676
2016,746.6218594326305,0.2587637794247566,25.87637794247566,1.1796792420791824
2016,783.9529524042621,0.25766708300512225,25.766708300512224,1.1783728896999262
2016,823.1506000244751,0.25318020201844366,25.318020201844366,1.1729515017217
2016,864.308130025699,0.19754026660167726,19.754026660167725,1.0930492945673391
2016,907.523536526984,0.19391942762891623,19.391942762891624,1.0868290239782412
2016,952.8997133533333,0.18322663753748133,18.322663753748134,1.0675132717660762
2016,1000.5446990209999,0.17891383534757008,17.891383534757008,1.0592889033730066
2016,1050.57193397205,0.15271932840400207,15.271932840400208,1.0028414553574427
2016,1103.1005306706525,0.14936395959631127,14.936395959631128,0.9946585298444391
2016,1158.2555572041852,0.14273590940939415,14.273590940939416,0.9777285918657269
2016,1216.1683350643943,0.14110392068970018,14.110392068970018,0.9733935082861624
2016,1276.9767518176143,0.10671465438830886,10.671465438830886,0.8618655478590552
2016,1340.825589408495,0.10340280527980991,10.34028052798099,0.8484601842318777
2016,1407.8668688789198,0.10143571487633878,10.143571487633878,0.840204254664867
2016,1478.2602123228658,0.09107367449876186,9.107367449876186,0.7925778122861008
2016,1552.1732229390093,0.08901519272698787,8.901519272698787,0.7821749248407044
2016,1629.7818840859597,0.08691319125602204,8.691319125602204,0.7711839049183019
2016,1711.2709782902577,0.06998838024031578,6.998838024031579,0.665644494497403
2016,1796.834527204771,0.06833027970110671,6.83302797011067,0.6532455484059018
2016,1886.6762535650096,0.06392608614289258,6.392608614289258,0.6179614688172875
2016,1981.0100662432599,0.0632428268655807,6.324282686558071,0.6121521882010642
2016,2080.060569555423,0.04514733594161397,4.514733594161397,0.4103506082690107
2016,2184.0635980331945,0.044407501055352704,4.440750105535271,0.3993285209552003
2016,2293.266777934854,0.042483930351073416,4.248393035107342,0.36917505246688354
2016,2407.930116831597,0.041722335615216224,4.172233561521622,0.3565910034906717
2016,2528.326622673177,0.03421518750462397,3.421518750462397,0.20708289188723214
2016,2654.742953806836,0.0336929511143219,3.36929511143219,0.1945000607999362
2016,2787.4801014971777,0.032465695597112036,3.2465695597112036,0.16347755085274715
2016,2926.854106572037,0.02761760110714115,2.761760110714115,0.01574361411162167
2016,3073.1968119006387,0.027247683664010515,2.7247683664010514,0.002380585503111926
2016,3226.856652495671,0.02618580300372964,2.618580300372964,-0.0380837668671584
2016,3388.199485120455,0.02101131076981996,2.101131076981996,-0.29776499089835373
2016,3557.6094593764774,0.020384627101457473,2.0384627101457475,-0.3394021943116681
2016,3735.4899323453014,0.01843929654758226,1.8439296547582262,-0.4911880816186443
2016,3922.264428962567,0.0181041948638051,1.81041948638051,-0.5216193691178246
2016,4118.377650410695,0.017938820006876112,1.7938820006876113,-0.5372004225584693
2016,4324.29653293123,0.011502256496403096,1.1502256496403096,-1.9664118996129796
2016,4540.511359577792,0.011210674511817774,1.1210674511817775,-2.169092213887239
2016,4767.536927556682,0.010405560076768749,1.040556007676875,-3.225014803404253
2016,5005.913773934516,0.008582084680630687,0.8582084680630687,
2016,5256.209462631242,0.008421061793620883,0.8421061793620883,
2016,5519.019935762804,0.007855305704126974,0.7855305704126974,
2016,5794.970932550945,0.007267789765037144,0.7267789765037144,
2016,6084.719479178492,0.007189454306491833,0.7189454306491834,
2016,6388.955453137417,0.0049525417680312996,0.49525417680312994,
2016,6708.403225794289,0.004443361287486781,0.44433612874867806,
2016,7043.823387084003,0.00416483521265901,0.416483521265901,
2016,7396.014556438204,0.004099555663871251,0.4099555663871251,
2016,7765.815284260115,0.003525095634538974,0.3525095634538974,
2016,8154.10604847312,0.0032770333491454907,0.32770333491454906,
2016,8561.811350896776,0.0018974588847641884,0.18974588847641885,
2016,8989.901918441616,0.0017233800879968317,0.17233800879968317,
2016,9439.397014363696,0.0015318934115527393,0.15318934115527394,
2016,9911.366865081882,0.0013229988554319112,0.1322998855431911,
2016,10406.935208335977,0.0008225223147257607,0.08225223147257607,
2016,10927.281968752775,0.0007441868561804501,0.074418685618045,
2016,11473.646067190415,0.0006745553374735073,0.06745553374735073,
2016,12047.328370549936,0.0005527001797363577,0.05527001797363577,
2016,12649.694789077434,6.96315187069427e-05,0.00696315187069427,
2016,13282.179528531306,2.1759849595919593e-05,0.0021759849595919594,
2017,2.0986067683668064,1.0,100.0,1.5271796258079011
2017,2.203537106785147,0.9999912466901547,99.99912466901547,1.5271777250406935
2017,2.313713962124404,0.9999912466901547,99.99912466901547,1.5271777250406935
2017,2.4293996602306245,0.9999912466901547,99.99912466901547,1.5271777250406935
2017,2.550869643242156,0.9999781167253868,99.99781167253869,1.527174873851911
2017,2.678413125404264,0.9999781167253868,99.99781167253869,1.527174873851911
2017,2.8123337816744773,0.9999781167253868,99.99781167253869,1.527174873851911
2017,2.9529504707582013,0.9999781167253868,99.99781167253869,1.527174873851911
2017,3.1005979942961113,0.9999781167253868,99.99781167253869,1.527174873851911
2017,3.255627894010917,0.9999781167253868,99.99781167253869,1.527174873851911
2017,3.4184092887114628,0.9999737400704641,99.99737400704642,1.5271739234455244
2017,3.589329753147036,0.9999737400704641,99.99737400704642,1.5271739234455244
2017,3.7687962408043885,0.9999737400704641,99.99737400704642,1.5271739234455244
2017,3.9572360528446078,0.9999649867606188,99.99649867606189,1.527172022617562
2017,4.155097855486838,0.9999649867606188,99.99649867606189,1.527172022617562
2017,4.362852748261181,0.9998643236973981,99.9864323697398,1.5271501616402539
2017,4.580995385674239,0.9998643236973981,99.9864323697398,1.5271501616402539
2017,4.810045154957952,0.9998599470424754,99.98599470424753,1.527149211102213
2017,5.050547412705849,0.9998468170777075,99.98468170777075,1.5271463594577044
2017,5.303074783341143,0.9998468170777075,99.98468170777075,1.5271463594577044
2017,5.5682285225082,0.9998336871129396,99.98336871129396,1.5271435077676159
2017,5.84663994863361,0.9998336871129396,99.98336871129396,1.5271435077676159
2017,6.138971946065291,0.9998293104580169,99.98293104580169,1.5271425571941237
2017,6.445920543368556,0.999754907324332,99.9754907324332,1.527126396669828
2017,6.768216570536983,0.999741777359564,99.9741777359564,1.5271235446606415
2017,7.106627399063833,0.999741777359564,99.9741777359564,1.5271235446606415
2017,7.461958769017025,0.9997242707398735,99.97242707398735,1.5271197419108067
2017,7.835056707467877,0.9997111407751056,99.97111407751056,1.5271168897952394
2017,8.22680954284127,0.9997067641201829,99.97067641201829,1.5271159390799183
2017,8.638150019983335,0.9993041118672998,99.93041118672998,1.52702845159133
2017,9.070057520982502,0.9992953585574545,99.92953585574546,1.5270265492129038
2017,9.523560397031627,0.999277851937764,99.9277851937764,1.527022744395202
2017,9.99973841688321,0.9992734752828413,99.92734752828413,1.5270217931780992
2017,10.49972533772737,0.9990371359170186,99.90371359170186,1.5269704199227945
2017,11.024711604613739,0.9990152526424054,99.90152526424055,1.5269656623916439
2017,11.575947184844427,0.9990152526424054,99.90152526424055,1.5269656623916439
2017,12.154744544086649,0.9989846160579469,99.89846160579468,1.5269590016349255
2017,12.76248177129098,0.9982099481366392,99.82099481366392,1.5267904969671755
2017,13.400605859855531,0.9981924415169486,99.81924415169486,1.526786687113015
2017,14.070636152848307,0.9981355450029542,99.81355450029542,1.5267743045252595
2017,14.774167960490724,0.9980129986651203,99.80129986651203,1.526747631417855
2017,15.51287635851526,0.997991115390507,99.7991115390507,1.5267428679434423
2017,16.288520176441025,0.9979692321158938,99.79692321158939,1.5267381043418866
2017,17.10294618526308,0.9971245377158238,99.71245377158237,1.5265541320839329
2017,17.95809349452623,0.9970763945116747,99.70763945116747,1.526543640904517
2017,18.855998169252544,0.9970676412018294,99.70676412018294,1.526541733351101
2017,19.798798077715173,0.9969713547935313,99.69713547935312,1.526520748918002
2017,20.78873798160093,0.9969363415541501,99.69363415541501,1.52651311760339
2017,21.82817488068098,0.9938595531435324,99.38595531435324,1.5258412388605889
2017,22.919583624715028,0.9938376698689192,99.38376698689191,1.5258364511412421
2017,24.06556280595078,0.9937676433901569,99.3767643390157,1.5258211295768231
2017,25.26884094624832,0.9924108803641377,99.24108803641377,1.5255240145613114
2017,26.532282993560738,0.9923627371599886,99.23627371599886,1.5255134626863014
2017,27.858897143238778,0.9922620740967678,99.22620740967677,1.5254913976607847
2017,29.251842000400714,0.9922445674770772,99.22445674770772,1.525487559986841
2017,30.714434100420753,0.991500536140228,99.15005361402281,1.5253243825980582
2017,32.25015580544179,0.9911766636759525,99.11766636759525,1.5252533058606463
2017,33.86266359571388,0.9890583626933934,98.90583626933935,1.524787727172899
2017,35.55579677549958,0.9889883362146311,98.89883362146311,1.5247723154144124
2017,37.33358661427456,0.9889095564260236,98.89095564260236,1.5247549755977285
2017,39.200265944988296,0.9883931111451517,98.83931111451517,1.5246412617940235
2017,41.160279242237706,0.9883143313565442,98.83143313565442,1.5246239092605536
2017,43.21829320434959,0.9783399347878416,97.83399347878417,1.5224131749692447
2017,45.37920786456707,0.9782173884500076,97.82173884500077,1.52238584318076
2017,47.648168257795426,0.9779416591898812,97.79416591898811,1.522324331403205
2017,50.03057667068521,0.9778847626758869,97.78847626758869,1.52231163586709
2017,52.532105504219466,0.975175613278771,97.5175613278771,1.5217060893603795
2017,55.158710779430436,0.9748035976103464,97.48035976103463,1.5216227767418438
2017,57.916646318401966,0.9747335711315841,97.47335711315841,1.5216070900344472
2017,60.81247863432207,0.974208372540867,97.4208372540867,1.5214893959459341
2017,63.853102566038174,0.965586362343261,96.5586362343261,1.5195461262863468
2017,67.04575769434008,0.9655644790686478,96.55644790686479,1.5195411672568953
2017,70.39804557905708,0.964142066218789,96.41420662187889,1.519218536190218
2017,73.91794785800995,0.9638619603037398,96.38619603037398,1.519154934314189
2017,77.61384525091044,0.9630610324528962,96.30610324528962,1.5189729483183423
2017,81.49453751345598,0.9629209794953717,96.29209794953717,1.5189411066804765
2017,85.56926438912878,0.9431778891393308,94.31778891393307,1.514395055880254
2017,89.84772760858523,0.9429459264284308,94.29459264284307,1.514340955999724
2017,94.3401139890145,0.9425782874149288,94.25782874149287,1.5142551795267993
2017,99.0571196884652,0.9422806748801891,94.22806748801891,1.5141857115300845
2017,104.00997567288849,0.9406438059391208,94.06438059391208,1.5138031584703109
2017,109.2104744565329,0.933072192922949,93.3072192922949,1.5120229652121204
2017,114.67099817935956,0.9328839967612753,93.28839967612753,1.511978493306178
2017,120.40454808832754,0.9318423528896864,93.18423528896864,1.511732148294882
2017,126.42477549274393,0.9082871960960238,90.82871960960239,1.5060699726902205
2017,132.74601426738113,0.9080858699695823,90.80858699695823,1.5060208074823944
2017,139.38331498075019,0.9064621309932819,90.6462130993282,1.50562379190459
2017,146.35248072978771,0.9061382585290063,90.61382585290063,1.5055444988642157
2017,153.6701047662771,0.8998183688207103,89.98183688207104,1.5039902457658383
2017,161.35361000459096,0.8993588200538328,89.93588200538328,1.5038767087007905
2017,169.42129050482052,0.8760968991399873,87.60968991399874,1.4980350914903198
2017,177.89235503006157,0.8754053876622098,87.54053876622098,1.497858541106745
2017,186.78697278156463,0.8747707726984266,87.47707726984267,1.4976963667906278
2017,196.12632142064288,0.8697507495021555,86.97507495021554,1.4964084169085368
2017,205.932637491675,0.8661969057049697,86.61969057049697,1.4954911207663315
2017,216.2292693662588,0.8374028929689039,83.7402892968904,1.487884827504304
2017,227.04073283457174,0.836654484977132,83.6654484977132,1.4876828691675303
2017,238.39276947630032,0.8346280937479484,83.46280937479484,1.487134932787903
2017,250.31240795011533,0.8341991815655294,83.41991815655294,1.4870187457360533
2017,262.8280283476211,0.810188852659912,81.0188852659912,1.4803952370402211
2017,275.9694297650022,0.8066393855176489,80.66393855176489,1.479395652514225
2017,289.7679012532523,0.8059172374554129,80.59172374554129,1.479191623356457
2017,304.256296315915,0.7939164496575267,79.39164496575268,1.4757677983218538
2017,319.46911113171075,0.7909928441692015,79.09928441692014,1.4749240552167642
2017,335.44256668829627,0.7906864783246165,79.06864783246165,1.474835417251301
2017,352.2146950227111,0.7670481650874237,76.70481650874237,1.4678661690755772
2017,369.8254297738467,0.7634505547410114,76.34505547410114,1.4667823392440795
2017,388.31670126253897,0.7500229774383439,75.00229774383439,1.4626808737395112
2017,407.732536325666,0.6203908352845919,62.039083528459194,1.417735993105767
2017,428.1191631419493,0.5472788148018469,54.72788148018469,1.3868875091329884
2017,449.52512129904676,0.5419305424863776,54.193054248637765,1.3844308132525611
2017,472.00137736399915,0.5182003194958094,51.82003194958094,1.3731525829119118
2017,495.6014462321991,0.5147340087970764,51.47340087970764,1.3714510386676153
2017,520.3815185438091,0.449696916646607,44.9696916646607,1.3365758115105997
2017,546.4005944709995,0.4216206753178546,42.16206753178546,1.3194921980525893
2017,573.7206241945496,0.41849574370308773,41.84957437030877,1.3175019052236001
2017,602.4066554042771,0.399448541479747,39.9448541479747,1.304948682779467
2017,632.526988174491,0.33610959143926294,33.610959143926294,1.2569974699790925
2017,664.1533375832156,0.33445083922358143,33.445083922358144,1.25558891683421
2017,697.3610044623763,0.3142131868612819,31.421318686128192,1.2376454442638527
2017,732.2290546854952,0.3047289756439154,30.472897564391538,1.228715469553667
2017,768.84050741977,0.2823555156793663,28.23555156793663,1.2061450067356827
2017,807.2825327907585,0.27313390375735824,27.313390375735825,1.1961554498442437
2017,847.6466594302965,0.2138302295555507,21.38302295555507,1.1192633426639815
2017,890.0289924018113,0.2100619296671554,21.00619296671554,1.1134408985160753
2017,934.5304420219019,0.20298050200231962,20.298050200231962,1.1021144264135285
2017,981.256964122997,0.19806551852419196,19.806551852419197,1.093938980622217
2017,1030.319812329147,0.19389456638291355,19.389456638291357,1.0867857790726294
2017,1081.8358029456044,0.16589272818784603,16.589272818784604,1.03274177708785
2017,1135.9275930928848,0.1605619624920673,16.05619624920673,1.021045204242231
2017,1192.7239727475287,0.15476727137448848,15.476727137448847,1.007716073850421
2017,1252.3601713849052,0.15308663588419372,15.308663588419371,1.0037222896837246
2017,1314.9781799541508,0.11543427358469921,11.543427358469922,0.8945015484498988
2017,1380.7270889518584,0.11251066809637394,11.251066809637395,0.8839588242188774
2017,1449.7634433994513,0.11036173052935641,11.036173052935641,0.8759595906150103
2017,1522.2516155694238,0.09861916537190625,9.861916537190625,0.8279754614152403
2017,1598.3641963478954,0.09601067903801125,9.601067903801125,0.8161938201233881
2017,1678.28240616529,0.09532354421515636,9.532354421515636,0.8130132633121361
2017,1762.1965264735545,0.07716042628618947,7.716042628618947,0.7145669406371816
2017,1850.3063527972324,0.07505087861347572,7.5050878613475716,0.7009075766706095
2017,1942.821670437094,0.07001334879751406,7.001334879751406,0.6658277953621011
2017,2039.962753958949,0.06877913210932884,6.877913210932885,0.6566467168286788
2017,2141.9608916568964,0.0502308685471694,5.02308685471694,0.4787432373840577
2017,2249.0589362397413,0.049373044182331446,4.937304418233144,0.46801384966268456
2017,2361.5118830517285,0.04700965052410443,4.700965052410442,0.4368137755064731
2017,2479.5874772043153,0.04641442545462503,4.641442545462502,0.428546805229665
2017,2603.566851064531,0.038164430925443686,3.8164430925443686,0.2921611722235245
2017,2733.7451936177576,0.03673326476573954,3.6733264765739544,0.26320825314998286
2017,2870.4324532986457,0.03628684596363,3.628684596363,0.25376603033594836
2017,3013.954075963578,0.030995470162155064,3.0995470162155065,0.12332849956502731
2017,3164.651779761757,0.02953366741799243,2.953366741799243,0.07968490952360087
2017,3322.884368749845,0.02921854826356216,2.921854826356216,0.06972998693151052
2017,3489.0285871873375,0.02380462612425323,2.380462612425323,-0.14237628646835288
2017,3663.4800165467045,0.023126244611243626,2.3126244611243627,-0.17628023043117147
2017,3846.65401737404,0.02109985338206009,2.109985338206009,-0.29211722823586733
2017,4038.9867182427424,0.020618421340569404,2.06184213405694,-0.3235167700150343
2017,4240.9360541548795,0.013755826421865769,1.3755826421865769,-1.1429486352387612
2017,4452.9828568626235,0.013445083922358141,1.344508392235814,-1.2172997528939207
2017,4675.631999705755,0.012539116353371118,1.2539116353371118,-1.4860352587197043
2017,4909.413599691043,0.012368426811388056,1.2368426811388056,-1.5485220032334754
2017,5154.884279675595,0.010315775652668665,1.0315775652668664,-3.4708932663074896
2017,5412.628493659375,0.010053176357310107,1.0053176357310107,-5.239379431371183
2017,5683.2599183423445,0.009265378471234436,0.9265378471234437,
2017,5967.422914259461,0.008639516817296541,0.8639516817296541,
2017,6265.794059972435,0.008551983718843689,0.8551983718843689,
2017,6579.083762971058,0.005969757314484539,0.596975731448454,
2017,6908.03795111961,0.005475195308225923,0.5475195308225923,
2017,7253.439848675591,0.005081296365188087,0.5081296365188087,
2017,7616.11184110937,0.004507954570321903,0.4507954570321903,
2017,7996.91743316484,0.004245355274963346,0.42453552749633455,
2017,8396.763304823082,0.0026522528831214305,0.26522528831214304,
2017,8816.601470064237,0.0024859399960610105,0.24859399960610104,
2017,9257.431543567449,0.0022758605597741647,0.22758605597741646,
2017,9720.30312074582,0.0021358076022496004,0.21358076022496003,
2017,10206.318276783113,0.002013261264415607,0.20132612644156073,
2017,10716.634190622268,0.0014836860187758497,0.14836860187758497,
2017,11252.465900153384,0.0013873996104777119,0.1387399610477712,
2017,11815.089195161054,0.0012254633783399349,0.12254633783399349,
2017,12405.843654919106,0.0012123334135720068,0.12123334135720068,
2017,13026.135837665062,0.0006214849990152526,0.06214849990152526,
2017,13677.442629548315,0.0005514585202529707,0.05514585202529707,
2017,14361.314761025733,0.00047705538656804607,0.04770553865680461,
2017,15079.38049907702,0.0002888592248944132,0.02888592248944132,
2017,15833.349524030871,0.0002538459855132722,0.02538459855132722,
2017,16625.017000232416,0.00021445609120948858,0.02144560912094886,
2017,17456.26785024404,3.063658445849837e-05,0.0030636584458498374,
2017,18329.081242756238,4.376654922642624e-06,0.0004376654922642624,
2018,1.5617125201941697,1.0,100.0,1.5271796258079011
2018,1.6397981462038782,0.9999955992694788,99.99955992694788,1.527178670198851
2018,1.7217880535140722,0.9999955992694788,99.99955992694788,1.527178670198851
2018,1.807877456189776,0.9999955992694788,99.99955992694788,1.527178670198851
2018,1.898271328999265,0.9999867978084362,99.99867978084363,1.5271767589653948
2018,1.9931848954492284,0.9999867978084362,99.99867978084363,1.5271767589653948
2018,2.0928441402216897,0.9999867978084362,99.99867978084363,1.5271767589653948
2018,2.197486347232774,0.9999867978084362,99.99867978084363,1.5271767589653948
2018,2.307360664594413,0.9999867978084362,99.99867978084363,1.5271767589653948
2018,2.422728697824134,0.9999867978084362,99.99867978084363,1.5271767589653948
2018,2.5438651327153403,0.9999647941558298,99.99647941558298,1.5271719807921762
2018,2.6710583893511077,0.9999647941558298,99.99647941558298,1.5271719807921762
2018,2.8046113088186635,0.9999647941558298,99.99647941558298,1.5271719807921762
2018,2.9448418742595965,0.9999647941558298,99.99647941558298,1.5271719807921762
2018,3.0920839679725765,0.9999647941558298,99.99647941558298,1.5271719807921762
2018,3.246688166371206,0.9998855810064471,99.98855810064471,1.5271547783089199
2018,3.4090225746897658,0.9998855810064471,99.98855810064471,1.5271547783089199
2018,3.5794737034242545,0.9998855810064471,99.98855810064471,1.5271547783089199
2018,3.758447388595467,0.9998723788148832,99.98723788148833,1.527151911067109
2018,3.946369758025241,0.9998723788148832,99.98723788148833,1.527151911067109
2018,4.143688245926502,0.999867978084362,99.9867978084362,1.5271509553095988
2018,4.350872658222828,0.999867978084362,99.9867978084362,1.5271509553095988
2018,4.56841629113397,0.999867978084362,99.9867978084362,1.5271509553095988
2018,4.796837105690669,0.9997931656655005,99.97931656655005,1.5271347066485121
2018,5.036678960975202,0.9997711620128942,99.97711620128942,1.527129927348905
2018,5.288512909023963,0.9997711620128942,99.97711620128942,1.527129927348905
2018,5.552938554475161,0.9997579598213303,99.97579598213304,1.5271270597076867
2018,5.830585482198919,0.9997491583602878,99.97491583602877,1.527125147921268
2018,6.122114756308865,0.9997403568992452,99.97403568992452,1.5271232361143634
2018,6.42822049412431,0.9994191035711928,99.94191035711928,1.5270534411388077
2018,6.749631518830525,0.9994015006491077,99.94015006491077,1.5270496159674751
2018,7.087113094772051,0.9994015006491077,99.94015006491077,1.5270496159674751
2018,7.441468749510654,0.9993970999185865,99.93970999185865,1.5270486596618285
2018,7.8135421869861865,0.9991594604704381,99.91594604704382,1.5269970115441747
2018,8.204219296335497,0.9991462582788743,99.91462582788742,1.526994141765912
2018,8.614430261152272,0.9991374568178317,99.91374568178317,1.5269922285547615
2018,9.045151774209886,0.999124254626268,99.9124254626268,1.5269893586995718
2018,9.497409362920381,0.9982881158272273,99.82881158272274,1.5268075071116447
2018,9.9722798310664,0.9982881158272273,99.82881158272274,1.5268075071116447
2018,10.47089382261972,0.9982397077914934,99.82397077914933,1.5267969731847142
2018,10.994438513750707,0.998134090258983,99.81340902589831,1.5267739879129658
2018,11.544160439438242,0.998085682223249,99.8085682223249,1.5267634520073092
2018,12.121368461410155,0.9980724800316852,99.80724800316852,1.5267605784705416
2018,12.727436884480666,0.9971571280832618,99.71571280832619,1.5265612336998127
2018,13.363808728704699,0.9971175215085705,99.71175215085705,1.5265526031777759
2018,14.031999165139933,0.9970911171254428,99.70911171254428,1.5265468492645804
2018,14.73359912339693,0.9969502937487623,99.69502937487623,1.5265161585946698
2018,15.470279079566778,0.9969062864435496,99.69062864435496,1.5265065666780742
2018,16.243793033545117,0.9933813012960151,99.33813012960151,1.5257365755541905
2018,17.055982685222375,0.99332849252976,99.33284925297599,1.525725014827895
2018,17.908781819483494,0.9932668823024622,99.32668823024622,1.5257115263681253
2018,18.80422091045767,0.9917222258894977,99.17222258894977,1.5253730181207634
2018,19.744431955980552,0.9916826193148063,99.16826193148063,1.52536432998272
2018,20.731653553779584,0.9916210090875085,99.16210090875084,1.5253508142615426
2018,21.76823623146856,0.9915858032433384,99.15858032433384,1.5253430905332426
2018,22.85664804304199,0.9907804695579466,99.07804695579466,1.5251663190190135
2018,23.99948044519409,0.9904856206130218,99.04856206130218,1.5251015556374241
2018,25.199454467453794,0.9883556670407287,98.83556670407287,1.524633014329266
2018,26.45942719082649,0.9882720531608247,98.82720531608247,1.5246145961038013
2018,27.782398550367812,0.9881708363588355,98.81708363588355,1.5245922978182032
2018,29.171518477886206,0.9876779545404537,98.76779545404537,1.5244836751011301
2018,30.630094401780518,0.9875767377384645,98.75767377384645,1.524461360480749
2018,32.16159912186954,0.9779303364358484,97.79303364358483,1.5223218049856402
2018,33.76967907796302,0.9777895130591678,97.77895130591678,1.5222903804426369
2018,35.458163031861176,0.9775298699584131,97.75298699584131,1.5222324269850025
2018,37.23107118345424,0.9774902633837217,97.74902633837218,1.52222358497864
2018,39.09262474262695,0.974572579048122,97.4572579048122,1.521571020815847
2018,41.0472559797583,0.9741721125706867,97.41721125706867,1.521481267435203
2018,43.09961877874621,0.9741017008823465,97.41017008823465,1.5214654819742024
2018,45.254599717683526,0.9736396241776135,97.36396241776136,1.5213618553767887
2018,47.51732970356771,0.964600523686932,96.46005236869321,1.5193225866403666
2018,49.893196188746096,0.9645785200343256,96.45785200343256,1.5193175941192751
2018,52.3878559981834,0.9631526833454354,96.31526833454353,1.518993782484814
2018,55.007248798092576,0.9627918234426915,96.27918234426916,1.518911737496592
2018,57.757611237997196,0.9620216956014699,96.20216956014698,1.5187365160567279
2018,60.64549179989707,0.9618368649195767,96.18368649195766,1.5186944374674336
2018,63.67776638989192,0.9430809514379387,94.30809514379386,1.5143724494016448
2018,66.86165470938653,0.9427640988404075,94.27640988404075,1.5142985376122489
2018,70.20473744485585,0.942508856470174,94.2508856470174,1.5142389755173022
2018,73.71497431709864,0.9421700002200365,94.21700002200365,1.5141598712908073
2018,77.40072303295358,0.9405197262745616,94.05197262745617,1.5137741266677447
2018,81.27075918460126,0.9330384843884085,93.30384843884086,1.5120150004837467
2018,85.33429714383134,0.9328096464013026,93.28096464013026,1.511960920843118
2018,89.60101200102291,0.9317798754593263,93.17798754593262,1.5117173619254132
2018,94.08106260107405,0.9080731401412635,90.80731401412635,1.5060176983241866
2018,98.78511573112776,0.9079455189561467,90.79455189561467,1.5059865249325037
2018,103.72437151768415,0.9063304508548419,90.63304508548418,1.5055915570993506
2018,108.91059009356837,0.9061368187119062,90.61368187119062,1.5055441462793935
2018,114.35611959824678,0.9000506084009946,90.00506084009946,1.5040475964002453
2018,120.07392557815913,0.8995533258520915,89.95533258520915,1.5039247723567777
2018,126.07762185706709,0.8770919972715471,87.70919972715471,1.4982888518394726
2018,132.38150294992045,0.8765022993816973,87.65022993816973,1.4981385153081908
2018,139.00057809741648,0.8759962153717518,87.59962153717518,1.498009396439547
2018,145.9506070022873,0.8710321913437631,87.1032191343763,1.496738050037916
2018,153.24813735240167,0.8675688164235263,86.75688164235264,1.4958457748518947
2018,160.9105442200218,0.8385019913305609,83.8501991330561,1.4881810191212932
2018,168.95607143102288,0.8377626686029881,83.7762668602988,1.487981834438252
2018,177.403875002574,0.835795542059982,83.57955420599819,1.4874508097937285
2018,186.2740687527027,0.8353598697383766,83.53598697383767,1.487332993043229
2018,195.58777219033786,0.8114947081215482,81.14947081215482,1.4807616341490435
2018,205.3671607998548,0.8080621383149603,80.80621383149604,1.4797969688007915
2018,215.63551883984752,0.8073932272757278,80.73932272757278,1.4796083970167069
2018,226.41729478183993,0.7949259577089797,79.49259577089796,1.4760582528382704
2018,237.73815952093193,0.7917838361167954,79.17838361167954,1.4751527105944668
2018,249.62506749697852,0.7914097740224877,79.14097740224877,1.4750446138867392
2018,262.10632087182745,0.7664972385415979,76.64972385415979,1.4677006009052886
2018,275.21163691541886,0.7635399476313068,76.35399476313069,1.4668093461790737
2018,288.97221876118977,0.7524545074482364,75.24545074482364,1.4634302588619719
2018,303.4208296992493,0.63759544084318,63.759544084318,1.4243410401627095
2018,318.59187118421175,0.5682443285585407,56.82443285585407,1.396236372421
2018,334.52146474342237,0.5632274957642969,56.322749576429686,1.3940389272156841
2018,351.2475379805935,0.5411798358527515,54.117983585275155,1.3840835551861776
2018,368.8099148796232,0.5376460492441746,53.764604924417455,1.3824407830219663
2018,387.2504106236044,0.47264725944506786,47.264725944506786,1.349569240435789
2018,406.61293115478463,0.4427486962835831,44.27486962835831,1.3324761025009981
2018,426.94357771252385,0.4396417805355689,43.96417805355689,1.3306165126035856
2018,448.2907565981501,0.419697669813189,41.9697669813189,1.318269643668891
2018,470.7052944280576,0.35406517481901995,35.40651748190199,1.2716957253655916
2018,494.2405591494605,0.35258212863335314,35.25821286333532,1.2705182608570553
2018,518.9525871069335,0.3322111470504104,33.22111470504104,1.2536727427712864
2018,544.9002164622802,0.32226989680286927,32.22698968028693,1.2449624204018912
2018,572.1452272853943,0.29944770831958106,29.944770831958106,1.2235856232337539
2018,600.7524886496641,0.29027218518274034,29.027218518274033,1.2143885593478445
2018,630.7901130821473,0.22846832574207318,22.84683257420732,1.1406535362484411
2018,662.3296187362546,0.2244284551235505,22.44284551235505,1.1349351783306991
2018,695.4460996730674,0.21698241908156754,21.698241908156753,1.1240302443797174
2018,730.2184046567207,0.21151231104363324,21.151231104363326,1.1156981937337453
2018,766.7293248895569,0.20702356591194138,20.70235659119414,1.1086443121502514
2018,805.0657911340347,0.17814597223139042,17.814597223139042,1.057796610079676
2018,845.3190806907365,0.1727154707681475,17.27154707681475,1.0469892802452225
2018,887.5850347252733,0.1670649327788413,16.706493277884128,1.035245512018522
2018,931.9642864615371,0.16499218870332474,16.499218870332474,1.0308019457877833
2018,978.562500784614,0.12558804761590425,12.558804761590425,0.9283860849641281
2018,1027.4906258238448,0.122463528945805,12.2463528945805,0.9183798161257363
2018,1078.865157115037,0.12023675930204414,12.023675930204414,0.9110279879687567
2018,1132.8084149707888,0.10726340572535041,10.72634057253504,0.8640295806794347
2018,1189.4488357193286,0.10468017690936696,10.468017690936696,0.8537021695223223
2018,1248.921277505295,0.10376922569146478,10.376922569146478,0.8499732883013097
2018,1311.3673413805595,0.08489449248575263,8.489449248575264,0.7602562049412133
2018,1376.9357084495878,0.0828745571764913,8.287455717649129,0.7489332978946553
2018,1445.782493872067,0.07773890465817326,7.773890465817327,0.7182156944519367
2018,1518.0716185656706,0.07629546504719784,7.629546504719784,0.7090345097924533
2018,1593.9751994939543,0.055858472506436066,5.5858472506436065,0.5424615617031294
2018,1673.673959468652,0.0548815103307149,5.48815103307149,0.5321514496109178
2018,1757.3576574420845,0.05228067859264638,5.228067859264638,0.503221853624856
2018,1845.2255403141892,0.05143573833256321,5.143573833256321,0.49332221057888404
2018,1937.4868173298983,0.04247145026074328,4.247145026074328,0.3689719242493997
2018,2034.3611581963935,0.04094879750038506,4.094879750038507,0.3434034117222987
2018,2136.0792161062136,0.04039870618522675,4.039870618522675,0.33376333252425405
2018,2242.883176911524,0.034409311945783,3.4409311945782997,0.21167170527211057
2018,2355.0273357571004,0.032957070873765044,3.2957070873765044,0.17615318727303014
2018,2472.7787025449556,0.032512597091117125,3.2512597091117126,0.16470268879851652
2018,2596.4176376722035,0.02677404449138557,2.677404449138557,-0.015268130853391246
2018,2726.2385195558136,0.025889497656611,2.5889497656611,-0.04997595446932797
2018,2862.5504455336045,0.02375514335379673,2.3755143353796733,-0.1447784311900763
2018,3005.677967810285,0.02320065130811715,2.320065130811715,-0.17245607043910693
2018,3155.961866200799,0.016023059827931438,1.6023059827931438,-0.7519553125246273
2018,3313.759959510839,0.015657799194666314,1.5657799194666315,-0.8021051572094504
2018,3479.4479574863813,0.014619226791647413,1.4619226791647413,-0.9682356256096223
2018,3653.4203553607003,0.01439478953506282,1.439478953506282,-1.0098291539372597
2018,3836.091373128736,0.012119611855568025,1.2119611855568024,-1.6490114053228149
2018,4027.8959417851725,0.011842365832728232,1.1842365832728232,-1.777274878510771
2018,4229.290738874432,0.010966620458996193,1.0966620458996192,-2.383024700877286
2018,4440.755275818153,0.010262503575593548,1.0262503575593547,-3.6530595094110447
2018,4662.793039609061,0.010178889695689485,1.0178889695689486,-4.032449503009752
2018,4895.932691589514,0.007212797324355843,0.7212797324355843,
2018,5140.72932616899,0.0066363016260699275,0.6636301626069927,
2018,5397.76579247744,0.0062094307655070746,0.6209430765507075,
2018,5667.654082101312,0.005549321187317094,0.5549321187317094,
2018,5951.036786206379,0.00525007151187097,0.5250071511870971,
2018,6248.588625516697,0.0035073822254494246,0.35073822254494247,
2018,6561.018056792534,0.0033577573877263626,0.3357757387726363,
2018,6889.068959632159,0.003137720861663036,0.3137720861663036,
2018,7233.522407613767,0.0029264857966422426,0.29264857966422425,
2018,7595.1985279944565,0.002838471186216912,0.2838471186216912,
2018,7974.958454394179,0.002090346997601602,0.2090346997601602,
2018,8373.70637711389,0.0020243360397826037,0.20243360397826038,
2018,8792.391695969583,0.0017734944000704117,0.17734944000704117,
2018,9232.011280768063,0.0017250863643364798,0.17250863643364797,
2018,9693.611844806468,0.000880146104253306,0.0880146104253306,
2018,10178.29243704679,0.0008273373379981077,0.08273373379981078,
2018,10687.207058899132,0.0007525249191365767,0.07525249191365767,
2018,11221.56741184409,0.0006293044645411138,0.06293044645411139,
2018,11782.645782436293,0.0005808964288071819,0.0580896428807182,
2018,12371.778071558108,0.0005324883930732502,0.05324883930732502,
2018,12990.366975136014,0.0003256540585737232,0.032565405857372325,
2018,13639.885323892815,0.0003036504059673906,0.03036504059673906,
2018,14321.879590087456,0.0002552423702334588,0.02552423702334588,
2018,15037.97356959183,0.0002508416397121922,0.02508416397121922,
2018,15789.87224807142,0.00010121680198913019,0.010121680198913019,
2018,16579.365860474994,8.80146104253306e-05,0.00880146104253306,
2018,17408.334153498745,7.041168834026448e-05,0.007041168834026448,
2018,18278.75086117368,7.041168834026448e-05,0.007041168834026448,
2018,19192.688404232365,4.40073052126653e-05,0.00440073052126653,
2018,20152.32282444399,3.520584417013224e-05,0.003520584417013224,
2018,21159.938965666188,2.6404383127599182e-05,0.0026404383127599184,
2019,1.2271824814020922,1.0,100.0,1.5271796258079011
2019,1.2885416054721968,0.9999911195968297,99.99911195968298,1.5271776974424325
2019,1.3529686857458068,0.9999911195968297,99.99911195968298,1.5271776974424325
2019,1.420617120033097,0.9999911195968297,99.99911195968298,1.5271776974424325
2019,1.491647976034752,0.9999911195968297,99.99911195968298,1.5271776974424325
2019,1.5662303748364899,0.9999911195968297,99.99911195968298,1.5271776974424325
2019,1.6445418935783145,0.9999911195968297,99.99911195968298,1.5271776974424325
2019,1.7267689882572301,0.9999911195968297,99.99911195968298,1.5271776974424325
2019,1.8131074376700917,0.9999911195968297,99.99911195968298,1.5271776974424325
2019,1.9037628095535963,0.9999866793952445,99.99866793952445,1.5271767332518817
2019,1.998950950031276,0.9999866793952445,99.99866793952445,1.5271767332518817
2019,2.09889849753284,0.9999866793952445,99.99866793952445,1.5271767332518817
2019,2.203843422409482,0.9999866793952445,99.99866793952445,1.5271767332518817
2019,2.3140355935299564,0.9999866793952445,99.99866793952445,1.5271767332518817
2019,2.4297373732064544,0.9999866793952445,99.99866793952445,1.5271767332518817
2019,2.551224241866777,0.9999822391936594,99.99822391936594,1.5271757690561205
2019,2.678785453960116,0.9999822391936594,99.99822391936594,1.5271757690561205
2019,2.812724726658122,0.9999777989920743,99.99777989920743,1.527174804855148
2019,2.9533609629910282,0.9999777989920743,99.99777989920743,1.527174804855148
2019,3.10102901114058,0.999884554758786,99.9884554758786,1.5271545554308936
2019,3.256080461697609,0.999884554758786,99.9884554758786,1.5271545554308936
2019,3.4188844847824895,0.999884554758786,99.9884554758786,1.5271545554308936
2019,3.589828709021614,0.999884554758786,99.9884554758786,1.5271545554308936
2019,3.769320144472695,0.9998623537508603,99.98623537508603,1.5271497338006337
2019,3.9577861516963297,0.9998623537508603,99.98623537508603,1.5271497338006337
2019,4.155675459281147,0.9998579135492751,99.98579135492751,1.5271487694589447
2019,4.363459232245204,0.9998490331461048,99.98490331461049,1.5271468407599293
2019,4.581632193857464,0.9998490331461048,99.98490331461049,1.5271468407599293
2019,4.810713803550338,0.9997735497191572,99.97735497191572,1.5271304459764288
2019,5.051249493727855,0.9997424683080612,99.97424683080612,1.527123694745308
2019,5.303811968414249,0.9997424683080612,99.97424683080612,1.527123694745308
2019,5.5690025668349605,0.999738028106476,99.97380281064761,1.5271227302628645
2019,5.847452695176709,0.999738028106476,99.97380281064761,1.5271227302628645
2019,6.139825329935545,0.9992895677463757,99.92895677463757,1.5270252906704964
2019,6.446816596432322,0.9992762471416202,99.92762471416202,1.527022395611259
2019,6.769157426253939,0.99926736673845,99.926736673845,1.527020465545671
2019,7.107615297566635,0.9992629265368648,99.92629265368647,1.5270195005050478
2019,7.462996062444968,0.9992407255289391,99.9240725528939,1.5270146752236393
2019,7.836145865567217,0.9990275958528517,99.90275958528517,1.5269683458816843
2019,8.227953158845578,0.9990231556512665,99.90231556512666,1.5269673805591357
2019,8.639350816787857,0.9989965144417556,99.89965144417556,1.5269615885141743
2019,9.07131835762725,0.9989920742401706,99.89920742401705,1.5269606231550688
2019,9.524884275508613,0.9982283595675243,99.82283595675243,1.5267945036418895
2019,10.001128489284046,0.9982283595675243,99.82283595675243,1.5267945036418895
2019,10.501184913748249,0.9981750771485025,99.81750771485025,1.5267829081357407
2019,11.02624415943566,0.9980196700930222,99.80196700930222,1.5267490836055775
2019,11.577556367407444,0.997984148480341,99.7984148480341,1.5267413513842074
2019,12.156434185777817,0.9979752680771707,99.79752680771708,1.5267394182765204
2019,12.764255895066707,0.9970117443331927,99.70117443331927,1.5265295516195367
2019,13.402468689820044,0.9969584619141709,99.69584619141709,1.5265179388869485
2019,14.072592124311047,0.9968430166729569,99.6843016672957,1.5264927753743425
2019,14.7762217305266,0.996816375463446,99.6816375463446,1.5264869679061126
2019,15.51503281705293,0.9934373820571454,99.34373820571454,1.5257488517559767
2019,16.290784457905577,0.9934285016539751,99.34285016539751,1.5257469078724415
2019,17.105323680800858,0.9933885398397088,99.33885398397088,1.525738160134728
2019,17.960589864840898,0.9933530182270275,99.33530182270275,1.5257303840081966
2019,18.858619358082947,0.991874431099172,99.1874431099172,1.5254064020777902
2019,19.801550325987094,0.9918078280753946,99.18078280753946,1.5253917944591566
2019,20.791627842286452,0.9917057034389362,99.17057034389362,1.5253693937907564
2019,21.831209234400774,0.9910174721932375,99.10174721932376,1.5252183594857465
2019,22.922769696120813,0.9909952711853118,99.09952711853119,1.525213485285287
2019,24.068908180926854,0.9907865817108097,99.07865817108097,1.525167661301188
2019,25.272353589973196,0.9887751703927359,98.87751703927358,1.5247253926924242
2019,26.535971269471858,0.9886552849499367,98.86552849499367,1.5246989977246346
2019,27.86276983294545,0.9880647381391116,98.80647381391115,1.524568921159618
2019,29.255908324592728,0.9880114557200896,98.80114557200896,1.5245571802722198
2019,30.718703740822367,0.9778433940900917,97.78433940900916,1.5223024045718017
2019,32.25463892786348,0.9777368292520481,97.77368292520481,1.5222786227062919
2019,33.86737087425666,0.9775103789712053,97.75103789712053,1.5222280757560955
2019,35.560739417969494,0.9774659769553538,97.74659769553537,1.5222181629166294
2019,37.33877638886797,0.9749661434629132,97.49661434629132,1.5216591835229054
2019,39.205715208311375,0.9746952911662189,97.46952911662189,1.5215985143174722
2019,41.16600096872694,0.9743400750394068,97.43400750394068,1.5215189170056127
2019,43.22430101716329,0.9737495282285816,97.37495282285816,1.5213865081929976
2019,45.38551606802145,0.9737051262127301,97.37051262127301,1.5213765486886281
2019,47.65479187142253,0.9657882467864041,96.5788246786404,1.5195918694189863
2019,50.037531464993656,0.9646204737695091,96.4620473769509,1.5193271130964874
2019,52.53940803824335,0.9642474968363564,96.42474968363564,1.5192424698189628
2019,55.16637844015552,0.9641675732078236,96.41675732078237,1.5192243267817969
2019,57.92469736216329,0.9633150545034744,96.33150545034745,1.5190306869157504
2019,60.82093223027146,0.9631596474479941,96.31596474479942,1.5189953654723223
2019,63.86197884178504,0.9437204449081988,94.37204449081989,1.5145215309745828
2019,67.0550777838743,0.9434939946273561,94.3493994627356,1.5144687539712662
2019,70.40783167306802,0.9430588548720112,94.30588548720112,1.514367295947454
2019,73.92822325672141,0.9414515018981862,94.14515018981862,1.5139920267172122
2019,77.62463441955748,0.9342317341207291,93.42317341207291,1.5122967306036925
2019,81.50586614053536,0.9339697622272051,93.39697622272051,1.512234915830538
2019,85.58115944756214,0.9337077903336811,93.37077903336811,1.512173079893435
2019,89.86021741994024,0.9327309459849478,93.27309459849478,1.5119423183960592
2019,94.35322829093727,0.9099704726594587,90.99704726594588,1.5064805199310836
2019,99.07088970548413,0.9085673689585507,90.85673689585508,1.5061383706537004
2019,104.02443419075834,0.9082432342428346,90.82432342428346,1.5060592380433506
2019,109.22565590029626,0.9031814044357613,90.31814044357614,1.5048189730950388
2019,114.68693869531108,0.9024665319805519,90.2466531980552,1.5046431284637691
2019,120.42128563007662,0.9021068756521546,90.21068756521547,1.5045545956695996
2019,126.44234991158048,0.8804742135292942,88.04742135292942,1.4991487259961735
2019,132.76446740715951,0.8798925471216393,87.98925471216393,1.4990011346600167
2019,139.40269077751748,0.8758430832759807,87.58430832759807,1.4979703093592067
2019,146.37282531639335,0.8753102590857625,87.53102590857625,1.4978342403969827
2019,153.69146658221302,0.8414803632084896,84.14803632084896,1.48898126245709
2019,161.37603991132372,0.841023022445219,84.1023022445219,1.4888586077386963
2019,169.4448419068899,0.8392025397953067,83.92025397953067,1.4883695588956019
2019,177.91708400223442,0.8385942321781409,83.85942321781408,1.4882058550899042
2019,186.81293820234615,0.8144040139422329,81.4404013942233,1.4815753317478724
2019,196.15358511246342,0.8138001465266523,81.38001465266524,1.4814067310488455
2019,205.96126436808663,0.8101414204204871,81.0141420420487,1.4803819148543207
2019,216.25932758649097,0.7977443775947428,79.77443775947428,1.476866772747319
2019,227.0722939658155,0.7969717825189263,79.69717825189264,1.4766454879740787
2019,238.42590866410632,0.7942277379393025,79.42277379393025,1.475857410198738
2019,250.34720409731162,0.7697489066003597,76.97489066003597,1.468675702828666
2019,262.8645643021772,0.766867215771596,76.6867215771596,1.4678118051050488
2019,276.0077925172861,0.7662589081544302,76.62589081544301,1.4676289308660826
2019,289.8081821431504,0.7568545611970784,75.68545611970784,1.4647787822376361
2019,304.29859125030794,0.7531691938814022,75.31691938814022,1.4636499546497383
2019,319.51352081282334,0.583433607885798,58.3433607885798,1.4027447016869843
2019,335.48919685346453,0.5796683169415892,57.96683169415891,1.401151194691415
2019,352.2636566961378,0.5603223586350821,56.032235863508205,1.3927552360299975
2019,369.87683953094466,0.4964322980263304,49.64322980263304,1.3622224491813602
2019,388.37068150749195,0.49188997180471994,49.18899718047199,1.359865670678995
2019,407.7892155828665,0.46477810092578203,46.4778100925782,1.3452054029435059
2019,428.17867636200987,0.4616033567923984,46.160335679239836,1.3434184082158704
2019,449.5876101801104,0.44195546477810094,44.19554647781009,1.3320028992393644
2019,472.0669906891159,0.37247075017205783,37.24707501720578,1.2858034747465619
2019,495.67034022357177,0.3520902248962103,35.20902248962103,1.2701263123694149
2019,520.4538572347503,0.3501587372066692,35.01587372066692,1.2685804931322375
2019,546.4765500964879,0.33909819505805566,33.909819505805565,1.2595128888350329
2019,573.8003776013123,0.3165197699975579,31.65197699975579,1.2397647453044407
2019,602.490396481378,0.31021024354505694,31.021024354505695,1.2339194477334288
2019,632.6149163054469,0.23924694181115821,23.92469418111582,1.1552796492314998
2019,664.2456621207193,0.23519747796549964,23.519747796549964,1.1498883762527166
2019,697.4579452267552,0.22728503874075884,22.728503874075884,1.1389925261260159
2019,732.330842488093,0.22228093155429257,22.228093155429256,1.1318397403349094
2019,768.9473846124978,0.18754523455364874,18.754523455364875,1.0754920554510188
2019,807.3947538431227,0.1842683657838066,18.42683657838066,1.0694608551302907
2019,847.7644915352788,0.18139111515662812,18.13911151566281,1.0640451583705075
2019,890.1527161120429,0.1746997313678041,17.46997313678041,1.0509906967158031
2019,934.660351917645,0.13337477521479474,13.337477521479475,0.9518809903037383
2019,981.3933695135272,0.13196279111071643,13.196279111071643,0.9477641677354769
2019,1030.4630379892037,0.127713518193726,12.771351819372601,0.934996492513274
2019,1081.9861898886638,0.11470372754923074,11.470372754923073,0.891902718722427
2019,1136.0854993830972,0.11264791421530537,11.264791421530537,0.8844623640497914
2019,1192.889774352252,0.11077414914637125,11.077414914637124,0.8775117918728869
2019,1252.5342630698647,0.09015829318651067,9.015829318651067,0.7879944557945526
2019,1315.160976223358,0.08825344670648047,8.825344670648047,0.7782360540746565
2019,1380.919025034526,0.08229469617920654,8.229469617920653,0.7456075382955282
2019,1449.9649762862525,0.08136225384632462,8.136225384632462,0.7401864606857187
2019,1522.4632251005648,0.08024332304686632,8.024332304686633,0.733558753419024
2019,1598.5863863555933,0.05849077548120685,5.849077548120684,0.5688778846850077
2019,1678.5157056733733,0.057780343227582534,5.778034322758254,0.5619351203606936
2019,1762.4414909570417,0.05530715094465289,5.530715094465289,0.5366788030357472
2019,1850.563565504894,0.04560087027951069,4.560087027951068,0.41695992775041835
2019,1943.0917437801388,0.045054725484537,4.5054725484536995,0.40898741733900046
2019,2040.246330969146,0.043420731301201075,4.342073130120108,0.38414062476766864
2019,2142.258647517603,0.04299447194902649,4.2994471949026485,0.37739922341936394
2019,2249.3715798934836,0.03677818972981373,3.6778189729813735,0.2641472172135829
2019,2361.840158888158,0.03553049308438603,3.553049308438603,0.23728800120694676
2019,2479.9321668325656,0.02920320582554448,2.920320582554448,0.06924001315818462
2019,2603.928775174194,0.028861310303487778,2.886131030348778,0.058190472389757456
2019,2734.125213932904,0.028066514219745577,2.8066514219745575,0.03149101971507247
2019,2870.831474629549,0.02600182048264991,2.6001820482649913,-0.045435263949195524
2019,3014.373048361027,0.02547343649401683,2.547343649401683,-0.06715408797840973
2019,3165.091700779078,0.017898452589747576,1.7898452589747575,-0.5410629166732792
2019,3323.3462858180324,0.0174988344470839,1.74988344470839,-0.5806238503686794
2019,3489.513600108934,0.016317740825433476,1.6317740825433475,-0.7140280419648363
2019,3663.989280114381,0.016029127722398596,1.6029127722398597,-0.7511525149524935
2019,3847.1887441201006,0.013382767577648025,1.3382767577648025,-1.2331174649174645
2019,4039.5481813261054,0.012530248873298847,1.2530248873298848,-1.4891666952644724
2019,4241.525590392411,0.012290477987700641,1.229047798770064,-1.5787160865914203
2019,4453.601869912031,0.011504562307128744,1.1504562307128743,-1.964980739882385
2019,4676.281963407633,0.008454143818129343,0.8454143818129343,
2019,4910.096061578015,0.00785915680571898,0.785915680571898,
2019,5155.600864656917,0.007725950758164421,0.772595075816442,
2019,5413.380907889762,0.007228648180627401,0.72286481806274,
2019,5684.0499532842505,0.006416091290544591,0.6416091290544591,
2019,5968.252450948464,0.0061141575827542574,0.6114157582754257,
2019,6266.665073495887,0.004045023644073441,0.4045023644073441,
2019,6579.9983271706815,0.0038807361854228182,0.38807361854228184,
2019,6908.998243529216,0.0036720467109206756,0.36720467109206756,
2019,7254.448155705677,0.0034589170348333816,0.34589170348333814,
2019,7617.170563490961,0.003281308971427303,0.3281308971427303,
2019,7998.029091665509,0.002366627444885998,0.23666274448859978,
2019,8397.930546248786,0.002242301800501743,0.22423018005017428,
2019,8817.827073561226,0.00207801434185112,0.207801434185112,
2019,9258.718427239286,0.0012077348311613347,0.12077348311613346,
2019,9721.65434860125,0.0011233710010434474,0.11233710010434474,
2019,10207.737066031315,0.0009812845503185846,0.09812845503185845,
2019,10718.12391933288,0.0009413227360522168,0.09413227360522168,
2019,11254.030115299525,0.0007592744710609862,0.07592744710609863,
2019,11816.731621064502,0.0007104322536243146,0.07104322536243146,
2019,12407.568202117727,0.00047510156961126036,0.04751015696112604,
2019,13027.946612223615,0.0004573407632706525,0.04573407632706525,
2019,13679.343942834794,0.00043957995693004465,0.043957995693004466,
2019,14363.311139976537,0.000386297537908221,0.038629753790822105,
2019,15081.476696975364,0.00036853673156761317,0.036853673156761316,
2019,15835.550531824132,0.00023977088559820617,0.023977088559820618,
2019,16627.32805841534,0.00022201007925759828,0.022201007925759828,
2019,17458.69446133611,0.00021312967608729436,0.021312967608729437,
2019,18331.629184402915,0.00019980907133183848,0.01998090713318385,
2019,19248.21064362306,0.0001554070554803188,0.01554070554803188,
2019,20210.621175804215,0.00013764624913971095,0.013764624913971095,
2019,21221.15223459443,0.000128765845969407,0.0128765845969407,
2019,22282.209846324145,0.00011100503962879914,0.011100503962879914,
2019,23396.32033864036,0.00010212463645849521,0.010212463645849521,
2019,24566.136355572373,5.772262060697556e-05,0.005772262060697556,
2019,25794.443173350995,5.772262060697556e-05,0.005772262060697556,
2019,27084.165332018543,4.8842217436671625e-05,0.004884221743667163,
2019,28438.373598619477,4.8842217436671625e-05,0.004884221743667163,
2019,29860.29227855045,4.8842217436671625e-05,0.004884221743667163,
2019,31353.306892477973,4.440201585151966e-06,0.00044402015851519657,
2019,32920.97223710187,4.440201585151966e-06,0.00044402015851519657,
2020,2.3096778428966296,1.0,100.0,1.5271796258079011
2020,2.425161735041461,0.9999623417411673,99.99623417411672,1.5271714482334833
2020,2.5464198217935343,0.9999623417411673,99.99623417411672,1.5271714482334833
2020,2.673740812883211,0.9999623417411673,99.99623417411672,1.5271714482334833
2020,2.807427853527372,0.9999623417411673,99.99623417411672,1.5271714482334833
2020,2.947799246203741,0.9999623417411673,99.99623417411672,1.5271714482334833
2020,3.095189208513928,0.9999623417411673,99.99623417411672,1.5271714482334833
2020,3.2499486689396244,0.9999623417411673,99.99623417411672,1.5271714482334833
2020,3.4124461023866055,0.9999623417411673,99.99623417411672,1.5271714482334833
2020,3.583068407505936,0.9999548100894007,99.99548100894006,1.527169812673619
2020,3.7622218278812327,0.9999472784376342,99.99472784376341,1.5271681770987606
2020,3.9503329192752945,0.999932215134101,99.9932215134101,1.5271649059040604
2020,4.14784956523906,0.999932215134101,99.9932215134101,1.5271649059040604
2020,4.355242043501013,0.999932215134101,99.9932215134101,1.5271649059040604
2020,4.573004145676064,0.999932215134101,99.9932215134101,1.5271649059040604
2020,4.801654352959868,0.9997514554917039,99.97514554917039,1.5271256468886565
2020,5.04173707060786,0.9997514554917039,99.97514554917039,1.5271256468886565
2020,5.293823924138254,0.9997514554917039,99.97514554917039,1.5271256468886565
2020,5.558515120345167,0.9997439238399374,99.97439238399373,1.5271240109088593
2020,5.836440876362426,0.9996234174116726,99.96234174116726,1.5270978331917562
2020,6.128262920180546,0.9996234174116726,99.96234174116726,1.5270978331917562
2020,6.434676066189574,0.9996234174116726,99.96234174116726,1.5270978331917562
2020,6.756409869499054,0.9996083541081394,99.96083541081394,1.5270945607070427
2020,7.094230362974007,0.9992016449127458,99.92016449127458,1.527006180924196
2020,7.448941881122707,0.9991941132609793,99.91941132609793,1.5270045438486337
2020,7.821388975178843,0.9991715183056796,99.91715183056796,1.5269996325318267
2020,8.212458423937786,0.9990962017880142,99.90962017880142,1.5269832604994191
2020,8.623081345134676,0.9990886701362476,99.90886701362476,1.5269816232135547
2020,9.054235412391408,0.9990886701362476,99.90886701362476,1.5269816232135547
2020,9.50694718301098,0.9986744292890873,99.86744292890873,1.5268915493477364
2020,9.98229454216153,0.9986593659855543,99.86593659855542,1.5268882730775504
2020,10.481409269269607,0.9985991127714219,99.85991127714219,1.5268751673952627
2020,11.005479732733088,0.9985991127714219,99.85991127714219,1.5268751673952627
2020,11.555753719369742,0.9966182883568195,99.66182883568196,1.5264437813363034
2020,12.13354140533823,0.9966182883568195,99.66182883568196,1.5264437813363034
2020,12.740218475605142,0.9965580351426871,99.65580351426871,1.5264306429739123
2020,13.3772293993854,0.9965429718391541,99.6542971839154,1.5264273582322225
2020,14.04609086935467,0.9957144901448337,99.57144901448338,1.5262466043031453
2020,14.748395412822404,0.9957144901448337,99.57144901448338,1.5262466043031453
2020,15.485815183463524,0.9956617685824678,99.56617685824678,1.526235095584758
2020,16.260105942636702,0.9952475277353077,99.52475277353076,1.5261446441188362
2020,17.073111239768537,0.9952399960835411,99.5239996083541,1.526142999122529
2020,17.926766801756965,0.9949688566199453,99.49688566199453,1.5260837691603086
2020,18.823105141844817,0.9937186024266982,99.37186024266981,1.525810398791889
2020,19.764260398937058,0.9935679693913673,99.35679693913673,1.5257774343408774
2020,20.75247341888391,0.9935453744360676,99.35453744360676,1.5257724891484454
2020,21.790097089828105,0.9931838551512733,99.31838551512733,1.525693347443709
2020,22.87960194431951,0.9931085386336077,99.31085386336078,1.5256768551740385
2020,24.02358204153549,0.9861568240530831,98.61568240530832,1.5241480273121797
2020,25.224761143612263,0.9860890391871842,98.60890391871841,1.5241330554487653
2020,26.48599920079288,0.985991127714219,98.5991127714219,1.524111427210988
2020,27.810299160832525,0.9842362528526131,98.42362528526131,1.5237233385087139
2020,29.20081411887415,0.9840479615584494,98.40479615584495,1.5236816480337363
2020,30.66085482481786,0.9838069487019199,98.38069487019199,1.5236282700466777
2020,32.19389756605875,0.9837241005324878,98.37241005324879,1.5236099176852627
2020,33.80359244436169,0.983385176202993,98.3385176202993,1.523534820235973
2020,35.49377206657978,0.9773372598344543,97.73372598344542,1.5221894234597764
2020,37.26846066990877,0.9767422593448969,97.67422593448968,1.5220565141224034
2020,39.13188370340421,0.9766217529166321,97.66217529166322,1.5220295837641404
2020,41.088477888574424,0.9763732084083361,97.63732084083361,1.5219740271127569
2020,43.14290178300315,0.9758384611329111,97.5838461132911,1.5218544377011243
2020,45.3000468721533,0.9758083345258448,97.58083345258449,1.5218476978938984
2020,47.56504921576097,0.9607374993409805,96.07374993409805,1.5184439518420232
2020,49.94330167654902,0.9604512965738516,96.04512965738516,1.5183786844701588
2020,52.440466760376474,0.9602027520655555,96.02027520655555,1.5183219856722332
2020,55.06249009839531,0.9601349671996565,96.01349671996566,1.5183065192585201
2020,57.81561460331507,0.9532058475744315,95.32058475744314,1.5167184469450983
2020,60.70639533348082,0.9530552145391006,95.30552145391006,1.5166837674372569
2020,63.74171510015487,0.9528744548967034,95.28744548967035,1.5166421432039372
2020,66.92880085516262,0.9522192011930136,95.22192011930136,1.5164911746015493
2020,70.27524089792075,0.9316954501291679,93.16954501291679,1.5116973792815769
2020,73.7890029428168,0.9315900070044362,93.15900070044361,1.5116724188287933
2020,77.47845308995763,0.9303623477664886,93.03623477664887,1.5113815538055333
2020,81.35237574445553,0.9258132300994931,92.58132300994932,1.5102996485660714
2020,85.4199945316783,0.9252860144758347,92.52860144758347,1.510173842642501
2020,89.69099425826222,0.9249395584945734,92.49395584945734,1.510091122517761
2020,94.17554397117533,0.9061104290782012,90.61104290782012,1.5055376838204457
2020,98.88432116973411,0.9057489097934068,90.57489097934068,1.505449129549372
2020,103.82853722822082,0.9055907451063092,90.55907451063092,1.5054103734737878
2020,109.01996408963186,0.9029923252468499,90.299232524685,1.504772479864244
2020,114.47096229411346,0.901538716455906,90.1538716455906,1.5044146499963773
2020,120.19451040881914,0.8722405910840306,87.22405910840307,1.4970483508271422
2020,126.2042359292601,0.870832172203686,87.0832172203686,1.49668663699514
2020,132.5144477257231,0.8689869175208815,86.89869175208815,1.4962116488466353
2020,139.14017011200926,0.8433567065593155,84.33567065593155,1.4894836271870866
2020,146.09717861760973,0.8428294909356571,84.2829490935657,1.489342611037455
2020,153.40203754849023,0.8400578430855671,84.00578430855671,1.4885994867137022
2020,161.07213942591477,0.8396285389348738,83.96285389348738,1.4884841144534275
2020,169.1257463972105,0.8276004910636952,82.76004910636952,1.4852219552381403
2020,177.58203371707103,0.8251602358913334,82.51602358913334,1.4845530307174564
2020,186.46113540292458,0.8001400887228578,80.01400887228579,1.4775512762266827
2020,195.78419217307083,0.799620404750966,79.9620404750966,1.4774030059165433
2020,205.57340178172439,0.797549200515165,79.75492005151649,1.4768108954695587
2020,215.85207187081062,0.7889631175012992,78.89631175012993,1.4743360257159215
2020,226.6446754643511,0.7870350146490627,78.70350146490627,1.473775713133408
2020,237.97690923756872,0.7429974467700512,74.29974467700512,1.4604987161178933
2020,249.87575469944716,0.620977156500192,62.097715650019204,1.4179648165330208
2020,262.36954243441954,0.6020727105661543,60.20727105661543,1.4104485670130948
2020,275.4880195561405,0.5985177709323432,59.85177709323432,1.4090023529733924
2020,289.26242053394753,0.5375339865785965,53.753398657859655,1.3823884670003281
2020,303.72554156064496,0.5101338374518916,51.01338374518916,1.3691705887771701
2020,318.9118186386772,0.5059989606320562,50.59989606320562,1.3670986777581096
2020,334.8574095706111,0.4860928050130674,48.60928050130674,1.3568177813925657
2020,351.60028004914165,0.41375882144713155,41.37588214471315,1.314448715640299
2020,369.1802940515987,0.4103469831968849,41.03469831968849,1.3122220062133778
2020,387.63930875417867,0.3871043058453149,38.710430584531494,1.2963994911852506
2020,407.02127419188764,0.3741498648068508,37.41498648068508,1.287046053413669
2020,427.372337901482,0.3507188961611171,35.07188961611171,1.2690299252089074
2020,448.7409547965562,0.345311170192735,34.5311170192735,1.2646522557316666
2020,471.17800253638393,0.27510111242496593,27.510111242496592,1.1983229595603355
2020,494.7369026632032,0.2649635091471911,26.49635091471911,1.1869305125825913
2020,519.4737477963635,0.2563171729191929,25.631717291919294,1.1767548973201776
2020,545.4474351861816,0.25032197811302,25.032197811301998,1.1694319510319648
2020,572.7198069454907,0.24625488615908356,24.625488615908356,1.1643319960341336
2020,601.3557972927653,0.20996738794785083,20.996738794785085,1.1132930405381394
2020,631.4235871574035,0.20699238550006402,20.699238550006402,1.1085946040166637
2020,662.9947665152738,0.2008013677479608,20.08013677479608,1.0985226534157102
2020,696.1445048410374,0.1556943053180993,15.56943053180993,1.0098937864489885
2020,730.9517300830894,0.15276449278091178,15.276449278091178,1.0029499193893512
2020,767.4993165872438,0.14827562832804864,14.827562832804864,0.9919501122572523
2020,805.8742824166061,0.14697265257243566,14.697265257243567,0.9886714621818868
2020,846.1679965374365,0.1323989064041635,13.239890640416348,0.9490422148734612
2020,888.4763963643084,0.12895694154685064,12.895694154685064,0.9387930330203432
2020,932.9002161825238,0.10602306191770917,10.602306191770918,0.8591155595144824
2020,979.5452269916499,0.10360540170064697,10.360540170064697,0.8492977344936905
2020,1028.5224883412325,0.1023928057662326,10.23928057662326,0.8442495164560955
2020,1079.948612758294,0.09558419256927236,9.558419256927236,0.8142236153290416
2020,1133.9460433962088,0.09359583650290346,9.359583650290345,0.8048677913282063
2020,1190.6433455660194,0.06947195589464726,6.947195589464726,0.6618309388316798
2020,1250.1755128443206,0.06808613196960225,6.808613196960225,0.6513812288156586
2020,1312.6842884865364,0.06523163595008022,6.523163595008022,0.6288003595633248
2020,1378.3185029108633,0.06429771113102814,6.429771113102814,0.6210811672872975
2020,1447.2344280564068,0.05325630964126743,5.325630964126743,0.5143381648593431
2020,1519.596149459227,0.05106459897720169,5.106459897720169,0.48889063210710454
2020,1595.5759569321883,0.05028883884524715,5.028883884524715,0.47945759172147284
2020,1675.354754778798,0.04348022564828693,4.3480225648286925,0.3850726950075099
2020,1759.122492517738,0.041732882438447576,4.173288243844757,0.35676793054379063
2020,1847.0786171436248,0.04137889480541978,4.137889480541978,0.35078775779564536
2020,1939.4325480008063,0.0345476866531599,3.4547686653159904,0.21491418153334763
2020,2036.4041754008465,0.03339534393287792,3.339534393287792,0.18716928261401408
2020,2138.224384170889,0.031045468581714655,3.1045468581714655,0.12475226326448706
2020,2245.1356033794336,0.030360088270958704,3.0360088270958703,0.10484977555656864
2020,2357.392383548405,0.020787358875675024,2.0787358875675026,-0.3123027387453637
2020,2475.262002725826,0.020094446913152524,2.0094446913152524,-0.3597390464769326
2020,2599.025102862117,0.01892704088933744,1.8927040889337439,-0.44940674266300285
2020,2728.9763580052236,0.018535394997476896,1.8535394997476897,-0.4827289671576287
2020,2865.425175905484,0.01556792420145662,1.556792420145662,-0.8150265768258816
2020,3008.696434700759,0.014302606704676403,1.4302606704676404,-1.0276226109666975
2020,3159.1312564357972,0.014106783758746131,1.410678375874613,-1.0669081010677217
2020,3317.0878192575865,0.013127669029094772,1.312766902909477,-1.3014494814638595
2020,3482.942210220466,0.009301589931687919,0.9301589931687918,
2020,3657.08932073149,0.009196146806956233,0.9196146806956234,
2020,3839.9437867680645,0.008322475202036559,0.8322475202036559,
2020,4031.940976106468,0.007704879757179547,0.7704879757179547,
2020,4233.538024911792,0.006808613196960226,0.6808613196960226,
2020,4445.214926157381,0.006439562260399328,0.6439562260399329,
2020,4667.47567246525,0.003856205704473048,0.3856205704473048,
2020,4900.849456088513,0.0036754460620758737,0.3675446062075874,
2020,5145.891928892939,0.0033063951255149766,0.33063951255149765,
2020,5403.186525337585,0.0030653822689854114,0.30653822689854116,
2020,5673.345851604466,0.002801774457156199,0.2801774457156199,
2020,5957.013144184689,0.0018000647722051922,0.1800064772205192,
2020,6254.863801393924,0.0015665835674421758,0.15665835674421758,
2020,6567.60699146362,0.0013406340144457081,0.13406340144457082,
2020,6895.987341036802,0.0012803808003133167,0.12803808003133166,
2020,7240.786708088643,0.00012803808003133168,0.012803808003133169,
2020,7602.826043493074,6.778486589894029e-05,0.006778486589894029,
2021,0.44842121982237854,1.0,100.0,1.5271796258079011
2021,0.4708422808134975,0.9999941978532056,99.99941978532057,1.5271783658832843
2021,0.49438439485417235,0.9999941978532056,99.99941978532057,1.5271783658832843
2021,0.519103614596881,0.9999941978532056,99.99941978532057,1.5271783658832843
2021,0.5450587953267251,0.9999941978532056,99.99941978532057,1.5271783658832843
2021,0.5723117350930614,0.9999941978532056,99.99941978532057,1.5271783658832843
2021,0.6009273218477145,0.9999941978532056,99.99941978532057,1.5271783658832843
2021,0.6309736879401002,0.9999941978532056,99.99941978532057,1.5271783658832843
2021,0.6625223723371053,0.9999941978532056,99.99941978532057,1.5271783658832843
2021,0.6956484909539605,0.9999941978532056,99.99941978532057,1.5271783658832843
2021,0.7304309155016586,0.9999941978532056,99.99941978532057,1.5271783658832843
2021,0.7669524612767415,0.9999941978532056,99.99941978532057,1.5271783658832843
2021,0.8053000843405786,0.9999941978532056,99.99941978532057,1.5271783658832843
2021,0.8455650885576077,0.9999941978532056,99.99941978532057,1.5271783658832843
2021,0.8878433429854882,0.9999941978532056,99.99941978532057,1.5271783658832843
2021,0.9322355101347626,0.9999941978532056,99.99941978532057,1.5271783658832843
2021,0.9788472856415006,0.9999941978532056,99.99941978532057,1.5271783658832843
2021,1.0277896499235757,0.9999941978532056,99.99941978532057,1.5271783658832843
2021,1.0791791324197546,0.9999941978532056,99.99941978532057,1.5271783658832843
2021,1.1331380890407423,0.9999941978532056,99.99941978532057,1.5271783658832843
2021,1.1897949934927794,0.9999941978532056,99.99941978532057,1.5271783658832843
2021,1.2492847431674186,0.9999941978532056,99.99941978532057,1.5271783658832843
2021,1.3117489803257896,0.9999941978532056,99.99941978532057,1.5271783658832843
2021,1.3773364293420791,0.9999941978532056,99.99941978532057,1.5271783658832843
2021,1.446203250809183,0.9999941978532056,99.99941978532057,1.5271783658832843
2021,1.5185134133496423,0.9999941978532056,99.99941978532057,1.5271783658832843
2021,1.5944390840171245,0.9999941978532056,99.99941978532057,1.5271783658832843
2021,1.6741610382179808,0.9999941978532056,99.99941978532057,1.5271783658832843
2021,1.7578690901288798,0.9999941978532056,99.99941978532057,1.5271783658832843
2021,1.845762544635324,0.9999941978532056,99.99941978532057,1.5271783658832843
2021,1.9380506718670905,0.9999941978532056,99.99941978532057,1.5271783658832843
2021,2.034953205460445,0.9999941978532056,99.99941978532057,1.5271783658832843
2021,2.1367008657334674,0.9999941978532056,99.99941978532057,1.5271783658832843
2021,2.2435359090201406,0.9999767914128227,99.99767914128228,1.5271745860560468
2021,2.3557127044711477,0.9999767914128227,99.99767914128228,1.5271745860560468
2021,2.4734983396947055,0.9999767914128227,99.99767914128228,1.5271745860560468
2021,2.5971732566794405,0.9999767914128227,99.99767914128228,1.5271745860560468
2021,2.7270319195134127,0.9999767914128227,99.99767914128228,1.5271745860560468
2021,2.8633835154890837,0.9999767914128227,99.99767914128228,1.5271745860560468
2021,3.0065526912635376,0.9999767914128227,99.99767914128228,1.5271745860560468
2021,3.156880325826715,0.9999709892660285,99.99709892660285,1.5271733260958382
2021,3.314724342118051,0.9999709892660285,99.99709892660285,1.5271733260958382
2021,3.4804605592239533,0.999907165651291,99.9907165651291,1.527159465946236
2021,3.6544835871851515,0.999907165651291,99.9907165651291,1.527159465946236
2021,3.8372077665444095,0.999907165651291,99.9907165651291,1.527159465946236
2021,4.02906815487163,0.999907165651291,99.9907165651291,1.527159465946236
2021,4.230521562615212,0.9998897592109081,99.98897592109081,1.5271556857185522
2021,4.442047640745972,0.9998897592109081,99.98897592109081,1.5271556857185522
2021,4.664150022783271,0.9997331012474615,99.97331012474615,1.5271216600645805
2021,4.897357523922435,0.9997331012474615,99.97331012474615,1.5271216600645805
2021,5.142225400118557,0.9997331012474615,99.97331012474615,1.5271216600645805
2021,5.399336670124485,0.9997272991006673,99.97272991006673,1.5271203997305463
2021,5.669303503630709,0.9995648389904265,99.95648389904265,1.5270851067624966
2021,5.952768678812245,0.9995648389904265,99.95648389904265,1.5270851067624966
2021,6.250407112752857,0.9995474325500435,99.95474325500436,1.5270813249589612
2021,6.5629274683905,0.9995474325500435,99.95474325500436,1.5270813249589612
2021,6.891073841810026,0.9992399187699449,99.92399187699449,1.5270144998760273
2021,7.2356275339005265,0.9992399187699449,99.92399187699449,1.5270144998760273
2021,7.597408910595554,0.9992225123295619,99.9222512329562,1.5270107165756415
2021,7.977279356125332,0.9991528865680301,99.91528865680301,1.526995582571873
2021,8.3761433239316,0.9991470844212359,99.91470844212358,1.52699432134695
2021,8.79495049012818,0.9991470844212359,99.91470844212358,1.52699432134695
2021,9.234698014634589,0.9988859878154918,99.88859878154918,1.5269375569968284
2021,9.696432915366318,0.998874383521903,99.8874383521903,1.5269350337176597
2021,10.181254561134635,0.9988105599071656,99.88105599071656,1.526921155044407
2021,10.690317289191368,0.9988047577603714,99.88047577603713,1.5269198932933117
2021,11.224833153650936,0.9967159849144184,99.67159849144184,1.5264650822575487
2021,11.786074811333483,0.9967159849144184,99.67159849144184,1.5264650822575487
2021,12.375378551900157,0.9966985784740354,99.66985784740355,1.5264612872923475
2021,12.994147479495167,0.9966985784740354,99.66985784740355,1.5264612872923475
2021,13.643854853469927,0.9960429358862779,99.6042935886278,1.5263182848229817
2021,14.326047596143423,0.9960197272991007,99.60197272991007,1.5263132206889152
2021,15.042349975950593,0.9959849144183348,99.59849144183349,1.5263056242184714
2021,15.794467474748126,0.9956367856106759,99.56367856106759,1.5262296417318708
2021,16.58419084848553,0.9956367856106759,99.56367856106759,1.5262296417318708
2021,17.41340039090981,0.9954221061792863,99.54221061792863,1.526182769741649
2021,18.2840704104553,0.9944531476646359,99.44531476646358,1.5259710591535651
2021,19.19827393097807,0.9943371047287496,99.43371047287496,1.5259456877542779
2021,20.15818762752697,0.9943313025819553,99.43313025819553,1.5259444190896916
2021,21.166097008903318,0.9939947780678852,99.39947780678851,1.525870821119452
2021,22.224401859348486,0.9939599651871193,99.39599651871193,1.5258632058049988
2021,23.33562195231591,0.9863069335654192,98.63069335654193,1.5241811780273442
2021,24.502403049931708,0.986266318537859,98.6266318537859,1.5241722090674772
2021,25.727523202428294,0.9860980562808239,98.6098056280824,1.524135047155787
2021,27.01389936254971,0.9845314766463592,98.45314766463592,1.5237886858685101
2021,28.364594330677196,0.9842993907745866,98.42993907745866,1.5237373160030203
2021,29.782824047211058,0.984084711343197,98.4084711343197,1.5236897857421667
2021,31.271965249571615,0.9840382941688425,98.40382941688425,1.5236795072686085
2021,32.83556351205019,0.983678561067595,98.3678561067595,1.5235998290719739
2021,34.477341687652704,0.9770525094284885,97.70525094284885,1.522125829112762
2021,36.20120877203534,0.9763504496663765,97.63504496663765,1.5219689390361346
2021,38.01126921063711,0.976228604583696,97.6228604583696,1.5219416961835206
2021,39.911832671168966,0.9760429358862779,97.60429358862778,1.5219001752986967
2021,41.90742430472742,0.9753582825645489,97.53582825645489,1.5217469838307587
2021,44.00279551996379,0.9752596460690456,97.52596460690455,1.5217249030769844
2021,46.202935295961986,0.9596344647519582,95.96344647519582,1.5181922788354907
2021,48.513082060760084,0.9594720046417174,95.94720046417174,1.5181551814590308
2021,50.93873616379809,0.9592341166231506,95.92341166231506,1.518100846482172
2021,53.485672971987995,0.9591586887148245,95.91586887148245,1.5180836148885235
2021,56.159956620587394,0.9514882506527416,95.14882506527415,1.5163226161041805
2021,58.96795445161677,0.9513548012764723,95.13548012764723,1.516291825393215
2021,61.91635217419761,0.95116333043226,95.11633304322599,1.5162476382151326
2021,65.0121697829075,0.9504554685233536,95.04554685233536,1.5160841853239102
2021,68.26277827205288,0.9278619089062953,92.78619089062953,1.510787682071537
2021,71.67591718565552,0.927780678851175,92.7780678851175,1.5107683566108538
2021,75.2597130449383,0.9267362924281984,92.67362924281984,1.510519702250313
2021,79.02269869718522,0.9219843342036553,92.19843342036553,1.509383989500235
2021,82.97383363204447,0.9214447345517841,92.14447345517841,1.5092545740279597
2021,87.1225253136467,0.9211720336524514,92.11720336524513,1.5091891353033398
2021,91.47865157932904,0.9017174354511169,90.1717435451117,1.504458682638559
2021,96.0525841582955,0.9013402959094865,90.13402959094864,1.5043657508032582
2021,100.8552133662103,0.9011546272120685,90.11546272120685,1.504319982287188
2021,105.8979740345208,0.8982709602552944,89.82709602552944,1.5036076569708297
2021,111.19287273624685,0.8970583115752828,89.70583115752828,1.5033072723692884
2021,116.7525163730592,0.8683492892370177,86.83492892370177,1.4960472294850273
2021,122.59014219171216,0.8679315346678271,86.79315346678271,1.4959394267954145
2021,128.71964930129778,0.8625413402959095,86.25413402959094,1.4945427496026948
2021,135.15563176636266,0.8365535248041776,83.65535248041776,1.4876556080530894
2021,141.9134133546808,0.8361763852625471,83.61763852625471,1.487553737714777
2021,149.00908402241484,0.833344937626922,83.33449376269219,1.486787123171486
2021,156.45953822353562,0.8329736002320859,83.29736002320858,1.4866863467104938
2021,164.28251513471238,0.8205395996518712,82.05395996518712,1.4832797458939064
2021,172.496640891448,0.8175921090803597,81.75921090803597,1.4824629167525063
2021,181.12147293602044,0.7913780098636496,79.13780098636497,1.4750354317676186
2021,190.17754658282144,0.7907861908906295,79.07861908906295,1.4748642707876647
2021,199.68642391196252,0.7887032201914709,78.87032201914708,1.4742605969498532
2021,209.67074510756066,0.7804119524223962,78.04119524223962,1.471838102188188
2021,220.15428236293872,0.778984624310995,77.8984624310995,1.4714178814896675
2021,231.16199648108565,0.7440440963156368,74.40440963156368,1.4608254173540238
2021,242.72009630513995,0.7405570060922542,74.05570060922541,1.4597347492913797
2021,254.85610112039694,0.5865506237307804,58.65506237307804,1.4040541891909153
2021,267.5989061764168,0.5833014215259646,58.330142152596466,1.4026889764119546
2021,280.97885148523767,0.5323817812590659,53.238178125906586,1.3799683371861973
2021,295.02779405949957,0.5057789382071366,50.57789382071366,1.3669878336997983
2021,309.77918376247453,0.5020655642587758,50.20655642587758,1.3651079109693447
2021,325.2681429505983,0.4814563388453728,48.14563388453728,1.3543470512796498
2021,341.53155009812826,0.4149463301421526,41.49463301421526,1.3152182749744574
2021,358.60812760303463,0.41203945459820135,41.20394545982013,1.3133295087214518
2021,376.53853398318637,0.38323759791122713,38.32375979112271,1.2936498927268973
2021,395.3654606823457,0.37029300841311286,37.02930084131128,1.2841812098055352
2021,415.13373371646304,0.34620829706991585,34.620829706991586,1.2653845559671433
2021,435.8904204022862,0.3406208297069916,34.06208297069916,1.2607835260258113
2021,457.6849414224006,0.2744937626921961,27.44937626921961,1.197655928388547
2021,480.5691884935206,0.2684015085581665,26.840150855816653,1.1908568447452956
2021,504.5976479181966,0.24844792573252103,24.844792573252104,1.1670955740406548
2021,529.8275303141065,0.2425529445894981,24.255294458949813,1.1595929009971002
2021,556.3189068298118,0.23747026399767915,23.747026399767915,1.1529291582752195
2021,584.1348521713024,0.2017116333043226,20.17116333043226,1.100029293101691
2021,613.3415947798677,0.19893240498984624,19.893240498984625,1.095400469832467
2021,644.008674518861,0.1925616478096896,19.25616478096896,1.0844563166260106
2021,676.2091082448042,0.1487322309254424,14.87322309254424,0.99308971852196
2021,710.0195636570444,0.14660864519872352,14.660864519872352,0.9877483852853048
2021,745.5205418398966,0.13928053379750507,13.928053379750507,0.9684675491434765
2021,782.7965689318914,0.13789962286045837,13.789962286045837,0.9646773696566016
2021,821.9363973784862,0.12314476356251813,12.314476356251813,0.9205916734948614
2021,863.0332172474104,0.11989556135770235,11.989556135770234,0.9098846361157696
2021,906.1848781097809,0.09839860748476936,9.839860748476937,0.826996704806822
2021,951.49412201527,0.0962808239048448,9.62808239048448,0.8174352689715418
2021,999.0688281160336,0.09408761241659414,9.408761241659413,0.8072083217408704
2021,1049.0222695218351,0.0879779518421816,8.79779518421816,0.7767992786217638
2021,1101.4733829979273,0.08638236147374528,8.638236147374528,0.7683466768111201
2021,1156.5470521478235,0.06367856106759501,6.3678561067595005,0.6158680289047146
2021,1214.3744047552148,0.06228024369016536,6.228024369016536,0.60380171813638
2021,1275.0931249929756,0.05899042645778938,5.899042645778938,0.5736821479434455
2021,1338.8477812426245,0.058073687264287785,5.807368726428779,0.5648179936892199
2021,1405.7901703047557,0.047919930374238466,4.791993037423847,0.4491287623128356
2021,1476.0796788199934,0.04604583695967508,4.604583695967508,0.42333925158910435
2021,1549.8836627609933,0.04501885697708152,4.501885697708152,0.40845819298201985
2021,1627.377845899043,0.0389149985494633,3.89149985494633,0.30659802010403087
2021,1708.7467381939953,0.03730780388743835,3.730780388743835,0.2750658955772008
2021,1794.184075103695,0.030780388743835218,3.078038874383522,0.1171540957739654
2021,1883.8932788588802,0.030356832027850306,3.0356832027850307,0.10475318773365519
2021,1978.0879428018238,0.029422686393965766,2.9422686393965765,0.0762023551085977
2021,2076.9923399419154,0.026904554685233537,2.690455468523354,-0.010342804441965961
2021,2180.841956939011,0.026231505657093125,2.6231505657093126,-0.03627391384313689
2021,2289.884054785962,0.0184972439802727,1.84972439802727,-0.4860734130277452
2021,2404.37825752526,0.018056280823904845,1.8056280823904844,-0.5260940970118981
2021,2524.5971704015233,0.01677980852915579,1.6779808529155789,-0.6585695426600481
2021,2650.8270289215993,0.01653031621700029,1.653031621700029,-0.6879388703037247
2021,2783.3683803676795,0.013948360893530607,1.3948360893530607,-1.1002829543586519
2021,2922.5367993860636,0.012724107919930375,1.2724107919930374,-1.4233179019873752
2021,3068.663639355367,0.012567449956483899,1.2567449956483898,-1.4761094833877222
2021,3222.0968213231354,0.011633304322599361,1.163330432259936,-1.8885768893758907
2021,3383.2016623892923,0.008181026979982594,0.8181026979982594,
2021,3552.361745508757,0.00801276472294749,0.8012764722947491,
2021,3729.9798327841954,0.007275892080069625,0.7275892080069626,
2021,3916.478824423405,0.006782709602552945,0.6782709602552944,
2021,4112.302765644576,0.005929794023788802,0.5929794023788802,
2021,4317.917903926804,0.005593269509718596,0.5593269509718596,
2021,4533.813799123144,0.0031157528285465624,0.31157528285465624,
2021,4760.504489079302,0.002837249782419495,0.28372497824194953,
2021,4998.529713533267,0.0025355381491151724,0.25355381491151724,
2021,5248.456199209931,0.0023266608645198723,0.23266608645198722,
2021,5510.879009170428,0.002175805047867711,0.2175805047867711,
2021,5786.42295962895,0.0013635044966637656,0.13635044966637658,
2021,6075.744107610397,0.0011314186248912097,0.11314186248912096,
2021,6379.531312990917,0.0009805628082390485,0.09805628082390486,
2021,6698.507878640464,0.0009109370467072817,0.09109370467072817,
2021,7033.433272572487,0.0001508558166521613,0.01508558166521613,
2021,7385.104936201113,3.4812880765883375e-05,0.0034812880765883376,
2022,0.8356939203118747,1.0,100.0,1.5271796258079011
2022,0.8774786163274685,0.9999805136599244,99.99805136599244,1.527175394352737
2022,0.921352547143842,0.9999805136599244,99.99805136599244,1.527175394352737
2022,0.9674201745010341,0.9999805136599244,99.99805136599244,1.527175394352737
2022,1.015791183226086,0.9999805136599244,99.99805136599244,1.527175394352737
2022,1.0665807423873903,0.9999707704898866,99.99707704898866,1.5271732785875187
2022,1.1199097795067599,0.9999707704898866,99.99707704898866,1.5271732785875187
2022,1.1759052684820979,0.9999707704898866,99.99707704898866,1.5271732785875187
2022,1.2347005319062028,0.9999707704898866,99.99707704898866,1.5271732785875187
2022,1.2964355585015128,0.9999707704898866,99.99707704898866,1.5271732785875187
2022,1.3612573364265885,0.9999707704898866,99.99707704898866,1.5271732785875187
2022,1.429320203247918,0.9999707704898866,99.99707704898866,1.5271732785875187
2022,1.500786213410314,0.9999707704898866,99.99707704898866,1.5271732785875187
2022,1.5758255240808299,0.9999707704898866,99.99707704898866,1.5271732785875187
2022,1.6546168002848716,0.9999707704898866,99.99707704898866,1.5271732785875187
2022,1.7373476402991153,0.9999707704898866,99.99707704898866,1.5271732785875187
2022,1.8242150223140707,0.9999707704898866,99.99707704898866,1.5271732785875187
2022,1.9154257734297746,0.9999707704898866,99.99707704898866,1.5271732785875187
2022,2.0111970621012634,0.9999707704898866,99.99707704898866,1.5271732785875187
2022,2.1117569152063265,0.9999464125647921,99.99464125647921,1.527167989064697
2022,2.217344760966643,0.9999464125647921,99.99464125647921,1.527167989064697
2022,2.328211999014975,0.9999464125647921,99.99464125647921,1.527167989064697
2022,2.444622598965724,0.9999464125647921,99.99464125647921,1.527167989064697
2022,2.5668537289140105,0.9999317978097354,99.99317978097353,1.5271648152757253
2022,2.6951964153597108,0.9999317978097354,99.99317978097353,1.5271648152757253
2022,2.8299562361276966,0.9999317978097354,99.99317978097353,1.5271648152757253
2022,2.9714540479340816,0.9999269262247165,99.99269262247165,1.5271637573335217
2022,3.1200267503307857,0.9999269262247165,99.99269262247165,1.5271637573335217
2022,3.276028087847325,0.999897696714603,99.98976967146031,1.5271574095485527
2022,3.439829492239692,0.9998684672044896,99.98684672044897,1.527151061537723
2022,3.6118209668516768,0.9998489808644141,99.9848980864414,1.5271468294050177
2022,3.79241201519426,0.9998441092793952,99.98441092793952,1.527145771356155
2022,3.982032615953974,0.9998441092793952,99.98441092793952,1.527145771356155
2022,4.181134246751673,0.9996443742936202,99.96443742936202,1.5271023859495048
2022,4.3901909590892565,0.9996346311235824,99.96346311235824,1.5271002693183109
2022,4.60970050704372,0.9996346311235824,99.96346311235824,1.5271002693183109
2022,4.840185532395905,0.9996346311235824,99.96346311235824,1.5271002693183109
2022,5.082194809015701,0.9995956584434311,99.95956584434312,1.527091802542425
2022,5.336304549466487,0.9995079699130909,99.95079699130909,1.527072750827532
2022,5.603119776939811,0.9995079699130909,99.95079699130909,1.527072750827532
2022,5.883275765786801,0.9994982267430531,99.94982267430531,1.5270706338447402
2022,6.177439554076142,0.9994933551580342,99.94933551580341,1.5270695753439252
2022,6.48631153177995,0.9992302895670135,99.92302895670136,1.5270124069728375
2022,6.810627108368948,0.9992254179819946,99.92254179819946,1.5270113481265397
2022,7.151158463787396,0.9992059316419191,99.9205931641919,1.5270071126785139
2022,7.508716386976764,0.9991669589617678,99.91669589617678,1.5269986414808399
2022,7.884152206325604,0.9991474726216922,99.91474726216923,1.5269944057311826
2022,8.278359816641885,0.9991426010366733,99.91426010366733,1.526993346778057
2022,8.692277807473978,0.9988551775205581,99.8855177520558,1.5269308574175262
2022,9.126891697847677,0.9988503059355391,99.88503059355392,1.5269297980872016
2022,9.583236282740062,0.9988308195954636,99.88308195954636,1.5269255607030152
2022,10.062398096877066,0.9988259480104447,99.88259480104446,1.5269245013412462
2022,10.56551800172092,0.9970185899684322,99.70185899684321,1.5265310435490487
2022,11.093793901806967,0.9970137183834132,99.70137183834133,1.5265299818429474
2022,11.648483596897314,0.9969991036283565,99.69991036283565,1.526526796686754
2022,12.23090777674218,0.9969844888732998,99.69844888732999,1.526523611473724
2022,12.842453165579292,0.9963024669706536,99.63024669706536,1.5263749049505724
2022,13.484575823858254,0.9962878522155969,99.6287852215597,1.526371717026168
2022,14.158804615051169,0.9962488795354456,99.62488795354456,1.5263632156161044
2022,14.866744845803728,0.9957812073736311,99.57812073736311,1.5262611671063842
2022,15.610082088093916,0.9957714642035933,99.57714642035933,1.5262590404753875
2022,16.390586192498613,0.9955814723878561,99.55814723878561,1.5262175661072561
2022,17.210115502123543,0.9948604778050587,99.48604778050587,1.5260600884924167
2022,18.07062127722972,0.9947971471998129,99.47971471998129,1.5260462493616374
2022,18.974152341091205,0.9944853657586032,99.44853657586033,1.525978102615017
2022,19.92285995814577,0.9944561362484898,99.44561362484899,1.525971712524053
2022,20.91900295605306,0.9879135975681047,98.79135975681046,1.5245356150245464
2022,21.96495310385571,0.9878259090377646,98.78259090377645,1.5245162886721197
2022,23.0632007590485,0.9877089909973109,98.7708990997311,1.524490516952238
2022,24.216360797000924,0.9876846330722163,98.76846330722164,1.5244851473763408
2022,25.427178836850974,0.9862085428114892,98.62085428114892,1.5241594497593964
2022,26.698537778693524,0.9860721384309599,98.60721384309599,1.5241293223286587
2022,28.033464667628195,0.985823687594996,98.58236875949959,1.5240744343222619
2022,29.43513790100961,0.9856044662691453,98.56044662691453,1.5240259897365993
2022,30.90689479606009,0.9855947230991076,98.55947230991076,1.5240238363393415
2022,32.4522395358631,0.9803577692037881,98.03577692037881,1.5228626183824
2022,34.07485151265625,0.9799290697221248,97.99290697221248,1.5227672261046208
2022,35.77859408828907,0.9797536926614443,97.97536926614443,1.5227281873382974
2022,37.567523792703525,0.9797001052262364,97.97001052262364,1.5227162571285016
2022,39.4458999823387,0.9790911570988737,97.90911570988737,1.5225806306975103
2022,41.41819498145564,0.9790034685685335,97.90034685685335,1.5225610920279335
2022,43.489104730528425,0.9653776452706653,96.53776452706653,1.519498822754535
2022,45.663559967054844,0.9652558556451927,96.52558556451926,1.5194712146561293
2022,47.94673796540759,0.965095093339569,96.5095093339569,1.5194347654645608
2022,50.344074863677974,0.9641792353560155,96.41792353560155,1.519226974258159
2022,52.86127860686187,0.9591663743715655,95.91663743715655,1.5180853707613604
2022,55.50434253720497,0.9590397131610741,95.9039713161074,1.5180564314261662
2022,58.279559664065225,0.9588984371955259,95.88984371955259,1.5180241474393235
2022,61.19353764726848,0.9583089754082388,95.83089754082388,1.5178893826864324
2022,64.2532145296319,0.9398505397716201,93.98505397716201,1.5136174717335609
2022,67.4658752561135,0.9391246736038037,93.91246736038038,1.5134473942832918
2022,70.8391690189192,0.9389833976382556,93.89833976382556,1.513414273313721
2022,74.38112746986515,0.9354271405744573,93.54271405744574,1.512578529934329
2022,78.10018384335841,0.9349107525624537,93.49107525624537,1.5124568530731477
2022,82.00519303552633,0.9347158891616977,93.47158891616976,1.5124109159602777
2022,86.10545268730266,0.9169930628629331,91.69930628629331,1.508183358920137
2022,90.4107253216678,0.9166471803265911,91.66471803265911,1.5080998626790874
2022,94.93126158775118,0.9146059862036712,91.46059862036712,1.5076063323895168
2022,99.67782466713874,0.914469581823142,91.44695818231419,1.5075733038989567
2022,104.66171590049568,0.8910372578822245,89.10372578822245,1.501808413336357
2022,109.89480169552048,0.8907303480260338,89.07303480260337,1.501731680839157
2022,115.3895417802965,0.8891422113098718,88.91422113098719,1.5013341034866217
2022,121.15901886931134,0.8886745391480572,88.86745391480572,1.5012168599599665
2022,127.21696981277691,0.8597909115709887,85.97909115709888,1.493825949929893
2022,133.57781830341574,0.8591478623484937,85.91478623484937,1.4936579574129367
2022,140.25670921858656,0.8560105615963209,85.6010561596321,1.4928361436188728
2022,147.2695446795159,0.8458533068319108,84.58533068319109,1.4901499373887444
2022,154.6330219134917,0.845054366888811,84.50543668888109,1.489936973182484
2022,162.36467300916627,0.8428329241201917,84.28329241201918,1.4893435296726125
2022,170.48290665962458,0.8181583459994544,81.81583459994543,1.4826201163918151
2022,179.00705199260582,0.8159904906660431,81.59904906660431,1.4820175484218359
2022,187.95740459223614,0.8156153786195877,81.56153786195877,1.4819130844831558
2022,197.35527482184796,0.808761058497993,80.8761058497993,1.4799937958013012
2022,207.22303856294036,0.8076795666237967,80.76795666237967,1.4796891420159353
2022,217.58419049108738,0.7762139989867103,77.62139989867103,1.4705994705451417
2022,228.46340001564175,0.7756196656144043,77.56196656144043,1.470423443275378
2022,239.88657001642386,0.771366771892903,77.13667718929031,1.4691589781021286
2022,251.88089851724504,0.7407488600491056,74.07488600491055,1.4597949204263396
2022,264.47494344310735,0.5871623991581901,58.71623991581901,1.4043101842389096
2022,277.6986906152627,0.5614160723332944,56.14160723332944,1.3932394876851681
2022,291.58362514602584,0.5577916130792314,55.77916130792314,1.3916301868418979
2022,306.1628064033272,0.5378522155968666,53.78522155968666,1.382536995362277
2022,321.4709467234935,0.4751890174987334,47.518901749873336,1.3509592557063075
2022,337.54449405966824,0.4490383491172688,44.90383491172688,1.3361906749629895
2022,354.4217187626516,0.44643205113215634,44.643205113215636,1.3346594596088481
2022,372.14280470078427,0.4322557387271523,43.22557387271523,1.3261282159699137
2022,390.74994493582346,0.40100452083089755,40.100452083089756,1.3060024329318207
2022,410.28744218261465,0.3941209711991894,39.41209711991894,1.3013008022414705
2022,430.8018142917454,0.3243014147082895,32.43014147082895,1.246770271718528
2022,452.3419050063327,0.3190547176429323,31.90547176429323,1.2420710195629372
2022,474.95900025664935,0.30775264039908024,30.775264039908024,1.2316009824771919
2022,498.7069502694818,0.30136112085428113,30.136112085428113,1.2254576011879388
2022,523.642297782956,0.24673116645231694,24.673116645231694,1.164934922321334
2022,549.8244126721038,0.24234186835028645,24.234186835028645,1.1593198295262384
2022,577.315633305709,0.23870279434116684,23.870279434116686,1.15456220396166
2022,606.1814149709945,0.23012393312288085,23.012393312288086,1.1429585968437737
2022,636.4904857195443,0.18113527417280487,18.113527417280487,1.0635580143282222
2022,668.3150100055215,0.17936688881094354,17.936688881094355,1.0601653441646341
2022,701.7307605057975,0.17367200592384738,17.367200592384737,1.0489259143879732
2022,736.8172985310874,0.15685529443859855,15.685529443859854,1.0125962691863817
2022,773.6581634576419,0.15192525039946997,15.192525039946997,1.0009272533001976
2022,812.341071630524,0.1492069059589228,14.92069059589228,0.9942693589060878
2022,852.9581252120503,0.12310008184262831,12.31000818426283,0.9204471241132626
2022,895.6060314726528,0.12091761175416034,12.091761175416034,0.9132959825233727
2022,940.3863330462855,0.11284052379282124,11.284052379282123,0.8851675658884111
2022,987.4056496985999,0.11167621497330371,11.167621497330371,0.8808785171273087
2022,1036.7759321835297,0.10949861646985463,10.949861646985463,0.8726843734429974
2022,1088.6147287927063,0.08083908180365564,8.083908180365563,0.7371044667287555
2022,1143.0454652323417,0.07996706808527222,7.996706808527223,0.7319013464330528
2022,1200.197738493959,0.07686386842823181,7.686386842823182,0.712680566571982
2022,1260.207625418657,0.06342803694610079,6.342803694610079,0.6137364239834538
2022,1323.2180066895899,0.06233193031684789,6.233193031684789,0.6042551598971122
2022,1389.3789070240693,0.06033945204411707,6.033945204411707,0.5863417657364377
2022,1458.8478523752729,0.05967691648154644,5.967691648154644,0.5801801385101885
2022,1531.7902449940366,0.051219844888733,5.1219844888732995,0.49075063856028206
2022,1608.3797572437386,0.04936864258155033,4.936864258155033,0.4679580159643259
2022,1688.7987451059253,0.04129155462021123,4.1291554620211235,0.34929883542576
2022,1773.238682361222,0.040775166608207646,4.0775166608207645,0.34038467414841167
2022,1861.900616479283,0.039718032659105965,3.9718032659105966,0.32151827766607793
2022,1954.995647303247,0.036712264702443584,3.6712264702443584,0.26276863986255705
2022,2052.74542966841,0.03598152694960832,3.5981526949608322,0.24718859698813123
2022,2155.38270115183,0.02530301258817569,2.530301258817569,-0.07435898950603315
2022,2263.151836209422,0.024840212011380022,2.484021201138002,-0.09444398603251815
2022,2376.309428019893,0.023198487860010133,2.319848786001013,-0.1725668825779155
2022,2495.1248994208877,0.02286234849370591,2.286234849370591,-0.1900638988985567
2022,2619.8811443919326,0.01901866791379243,1.901866791379243,-0.4418657574578308
2022,2750.875201611529,0.017640009353443235,1.7640009353443236,-0.5663656634830146
2022,2888.4189616921053,0.017469503877781675,1.7469503877781674,-0.5836263928433205
2022,3032.839909776711,0.01628570871818855,1.628570871818855,-0.7180489428376895
2022,3184.4819052655466,0.011823336840874547,1.1823336840874548,-1.7868305336972055
2022,3343.706000528824,0.011014653727736856,1.1014653727736856,-2.336747537278549
2022,3510.891300555266,0.010897735687283215,1.0897735687283214,-2.4537575839541836
2022,3686.4358655830288,0.010225456954674772,1.0225456954674772,-3.8033794801488505
2022,3870.7576588621805,0.00915857983553529,0.915857983553529,
2022,4064.2955418052898,0.008900385829533498,0.8900385829533498,
2022,4267.510318895554,0.005743598737285163,0.5743598737285164,
2022,4480.885834840332,0.0055584785065668964,0.5558478506566896,
2022,4704.93012658235,0.005134650609922444,0.5134650609922444,
2022,4940.176632911467,0.004949530379204178,0.49495303792041784,
2022,5187.18546455704,0.004720565883315796,0.4720565883315796,
2022,5446.544737784892,0.0035513854787793757,0.3551385478779376,
2022,5718.871974674138,0.003410109513231225,0.3410109513231225,
2022,6004.815573407845,0.0032542187926263687,0.3254218792626369,
2022,6305.056352078237,0.0019340192525039946,0.19340192525039945,
2022,6620.309169682149,0.0018950465723527807,0.18950465723527807,
2022,6951.324628166258,0.0017001831715967107,0.17001831715967106,
2022,7298.890859574571,0.0016417241513698897,0.16417241513698896,
2022,7663.835402553299,0.0012909700300089636,0.12909700300089635,
2022,8047.027172680964,0.001247125764838848,0.1247125764838848,
2022,8449.378531315013,0.00077945360302428,0.07794536030242799,
2022,8871.847457880764,0.0007258661678163608,0.07258661678163608,
2022,9315.439830774802,0.0007161229977785573,0.07161229977785573,
2022,9781.211822313544,0.0005797186172493082,0.05797186172493082,
2022,10270.27241342922,0.0005504891071358977,0.05504891071358978,
2022,10783.786034100682,0.00021922132585057875,0.021922132585057874,
2022,11322.975335805717,0.00018999181573716825,0.018999181573716824,
2022,11889.124102596003,0.00013153279551034725,0.013153279551034725,
2022,12483.580307725804,0.00011691804045364199,0.011691804045364199,
2022,13107.759323112094,2.435792509450875e-05,0.0024357925094508747,
2023,1.7099031295768425,1.0,100.0,1.5271796258079011
2023,1.7953982860556847,0.9999752255711745,99.99752255711745,1.5271742460279238
2023,1.8851682003584689,0.9999752255711745,99.99752255711745,1.5271742460279238
2023,1.9794266103763927,0.9999752255711745,99.99752255711745,1.5271742460279238
2023,2.0783979408952122,0.9999752255711745,99.99752255711745,1.5271742460279238
2023,2.1823178379399732,0.9999355864850535,99.99355864850536,1.5271656380425198
2023,2.291433729836972,0.9999355864850535,99.99355864850536,1.5271656380425198
2023,2.4060054163288207,0.9999355864850535,99.99355864850536,1.5271656380425198
2023,2.526305687145262,0.9999355864850535,99.99355864850536,1.5271656380425198
2023,2.652620971502525,0.9998909925131676,99.98909925131676,1.5271559535624728
2023,2.785252020077651,0.9998909925131676,99.98909925131676,1.5271559535624728
2023,2.9245146210815336,0.9998909925131676,99.98909925131676,1.5271559535624728
2023,3.0707403521356107,0.9998909925131676,99.98909925131676,1.5271559535624728
2023,3.224277369742391,0.9998662180843421,99.98662180843421,1.5271505730686195
2023,3.3854912382295113,0.9998662180843421,99.98662180843421,1.5271505730686195
2023,3.554765800140987,0.9998612631985769,99.98612631985769,1.5271494969503767
2023,3.7325040901480357,0.9998513534270468,99.98513534270468,1.5271473446944188
2023,3.919129294655438,0.9998463985412817,99.98463985412816,1.5271462685567032
2023,4.11508575938821,0.9998463985412817,99.98463985412816,1.5271462685567032
2023,4.320840047357621,0.999682887311033,99.9682887311033,1.5271107523701786
2023,4.536882049725502,0.9996729775395028,99.96729775395028,1.5271085996467813
2023,4.7637261522117775,0.9996729775395028,99.96729775395028,1.5271085996467813
2023,5.001912459822367,0.9996729775395028,99.96729775395028,1.5271085996467813
2023,5.252008082813485,0.9996680226537377,99.96680226537377,1.5271075232753422
2023,5.51460848695416,0.9995837895957309,99.9583789595731,1.5270892239672873
2023,5.790338911301868,0.9995837895957309,99.9583789595731,1.5270892239672873
2023,6.079855856866962,0.9995788347099658,99.95788347099658,1.527088147478951
2023,6.38384864971031,0.9995689249384355,99.95689249384355,1.5270859944827937
2023,6.703041082195826,0.9992419024779384,99.92419024779385,1.527014931031072
2023,7.038193136305618,0.9992319927064082,99.92319927064082,1.5270127771512525
2023,7.390102793120899,0.9991923536202872,99.91923536202873,1.527004161371965
2023,7.759607932776944,0.9991527145341664,99.91527145341664,1.5269955451766364
2023,8.147588329415791,0.9991477596484013,99.91477596484013,1.5269944681229657
2023,8.55496774588658,0.9988554213882599,99.88554213882598,1.526930910446601
2023,8.98271613318091,0.9988405567309646,99.88405567309646,1.5269276780954515
2023,9.431851939839957,0.9988405567309646,99.88405567309646,1.5269276780954515
2023,9.903444536831955,0.9988207371879041,99.88207371879041,1.5269233682028374
2023,10.398616763673553,0.9988207371879041,99.88207371879041,1.5269233682028374
2023,10.918547601857231,0.9974284142879086,99.74284142879087,1.5266203374566423
2023,11.464474981950092,0.9974234594021435,99.74234594021435,1.5266192581361202
2023,12.037698731047598,0.9974036398590831,99.7403639859083,1.526614940788764
2023,12.639583667599979,0.997398684973318,99.7398684973318,1.5266138614356077
2023,13.271562850979977,0.9968486926533908,99.68486926533909,1.5264940126464566
2023,13.935140993528979,0.9968338279960955,99.68338279960956,1.5264907723729293
2023,14.631898043205428,0.9967991437957398,99.67991437957397,1.5264832115059568
2023,15.3634929453657,0.9964027529345311,99.6402752934531,1.526396778846535
2023,16.131667592633985,0.9962441965900476,99.62441965900476,1.5263621940620102
2023,16.938250972265685,0.9962441965900476,99.62441965900476,1.5263621940620102
2023,17.78516352087897,0.9953572720380932,99.53572720380932,1.526168611773076
2023,18.67442169692292,0.9953374524950327,99.53374524950327,1.526164283513475
2023,19.608142781769068,0.9951442119501935,99.51442119501935,1.5261220774831123
2023,20.58854992085752,0.9951293472928981,99.51293472928981,1.5261188304521391
2023,21.617977416900395,0.9894014993484325,98.94014993484325,1.5248632271080742
2023,22.698876287745417,0.9893618602623117,98.93618602623117,1.5248545069977941
2023,23.833820102132687,0.9892478978897141,98.92478978897141,1.524829434310847
2023,25.025511107239325,0.989242943003949,98.9242943003949,1.5248283441142416
2023,26.276786662601292,0.9881726876786856,98.81726876786855,1.524592705693035
2023,27.590625995731354,0.9879645824765511,98.79645824765511,1.5245468510219282
2023,28.97015729551793,0.9877564772744164,98.77564772744164,1.5245009845875481
2023,30.418665160293823,0.9874988232146308,98.74988232146308,1.5244441812673204
2023,31.93959841830852,0.987464139014275,98.7464139014275,1.5244365332882388
2023,33.536578339223944,0.9827421328801265,98.27421328801265,1.5233922506785302
2023,35.21340725618514,0.982177275902904,98.21772759029041,1.5232669220956605
2023,36.9740776189944,0.9819889902438299,98.198899024383,1.5232251263912548
2023,38.82278149994412,0.9812804415794194,98.12804415794194,1.523067755030955
2023,40.76392057494133,0.9812209829502381,98.1220982950238,1.5230545427483377
2023,42.802116603688404,0.96991393363426,96.991393363426,1.5205241262156706
2023,44.94222243387282,0.9696760991175348,96.96760991175348,1.5204705155324993
2023,47.18933355556646,0.9695373623161118,96.95373623161117,1.5204392352335934
2023,49.54880023334479,0.9694233999435143,96.94233999435143,1.5204135366215397
2023,52.02624024501203,0.9686157535638016,96.86157535638016,1.5202313061135289
2023,54.627552257262636,0.964349596920043,96.4349596920043,1.5192656443488297
2023,57.35892987012576,0.964215815004385,96.4215815004385,1.5192352781143474
2023,60.226876363632066,0.9635023114542094,96.35023114542093,1.5190732380858625
2023,63.238220181813666,0.963437897939263,96.3437897939263,1.5190586022743295
2023,66.40013119090436,0.9449710386927029,94.49710386927029,1.5148127191446263
2023,69.72013775044957,0.9443863621724201,94.438636217242,1.5146766416554127
2023,73.20614463797206,0.94415348254146,94.415348254146,1.514622412677601
2023,76.86645186987067,0.9404967768468098,94.04967768468097,1.5137687565146531
2023,80.7097744633642,0.9400855213283058,94.00855213283059,1.513672495844205
2023,84.74526318653241,0.9398774161261713,93.98774161261713,1.5136237660456762
2023,88.98252634585904,0.9248294280575361,92.48294280575361,1.5100648197569897
2023,93.431652663152,0.9245172702543343,92.45172702543343,1.509990245448626
2023,98.1032352963096,0.9223965791468678,92.23965791468677,1.5094827984144008
2023,103.00839706112508,0.921311459164309,92.1311459164309,1.509222595528493
2023,108.15881691418134,0.9012491267013839,90.12491267013839,1.5043432784529776
2023,113.56675775989041,0.9009914726415983,90.09914726415982,1.5042797541323667
2023,119.24509564788495,0.8999509466309255,89.99509466309254,1.5040229875408888
2023,125.20735043027918,0.8992770821668706,89.92770821668707,1.503856506942292
2023,131.46771795179316,0.875904886012853,87.5904886012853,1.497986085559659
2023,138.0411038493828,0.8751418336050263,87.51418336050263,1.4977912079777496
2023,144.94315904185197,0.8701274892107362,87.01274892107362,1.496505389626451
2023,152.19031699394458,0.8591375525837252,85.91375525837252,1.4936552627985469
2023,159.7998328436418,0.8583348610897775,85.83348610897775,1.4934453454840697
2023,167.78982448582389,0.8559961550086462,85.59961550086463,1.4928323613188113
2023,176.1793157101151,0.8328766580286492,83.28766580286492,1.4866600287057676
2023,184.98828149562087,0.8307510120354176,83.07510120354176,1.4860820094617144
2023,194.2376955704019,0.8245673146005619,82.45673146005619,1.484390132243549
2023,203.949580348922,0.8239083147938024,82.39083147938024,1.4842089107594385
2023,214.14705936636813,0.7942335039465666,79.42335039465665,1.4758590696766207
2023,224.85441233468654,0.7937479251415859,79.37479251415859,1.4757192664420944
2023,236.0971329514209,0.7910574221711318,79.10574221711319,1.4749427335830183
2023,247.90198959899195,0.7905966177949767,79.05966177949767,1.4748094107394707
2023,260.29708907894155,0.7748896299195822,77.48896299195822,1.4702069970775753
2023,273.3119435328886,0.7737549610793724,77.37549610793724,1.469870084042847
2023,286.97754070953306,0.6113932643282909,61.13932643282909,1.4141904467658772
2023,301.32641774500973,0.5879219704589711,58.79219704589711,1.4046275619841404
2023,316.39273863226026,0.5842850843073812,58.42850843073813,1.403103278594147
2023,332.2123755638733,0.5261791389399517,52.61791389399517,1.3770156038085326
2023,348.8229943420669,0.4981493501667319,49.81493501667319,1.3631062936281695
2023,366.2641440591703,0.48267028703653236,48.26702870365324,1.35499683637164
2023,384.57735126212884,0.480420768899173,48.042076889917304,1.3537911146674202
2023,403.8062188252353,0.4498887628145733,44.98887628145733,1.336687871032326
2023,423.9965297664971,0.4389236006163878,43.89236006163878,1.3301842937505053
2023,445.196356254822,0.3620634126280219,36.20634126280219,1.277938886294837
2023,467.45617406756304,0.3560481813091799,35.60481813091799,1.2732603038535681
2023,490.82898277094125,0.34528616942736384,34.528616942736384,1.2646318133570824
2023,515.3704319094883,0.3316057298298988,33.160572982989876,1.253151924116632
2023,541.1389535049628,0.2884784041303928,28.84784041303928,1.2125464853933696
2023,568.195901180211,0.27317276200197205,27.317276200197206,1.1961984612486596
2023,596.6056962392215,0.2688719211578577,26.88719211578577,1.1913889720903588
2023,626.4359810511826,0.25844188662230394,25.844188662230394,1.1792965645570908
2023,657.7577801037418,0.2031998652271072,20.31998652271072,1.102473145777451
2023,690.6456691089289,0.1977891299716085,19.778912997160848,1.0934712193361713
2023,725.1779525643753,0.19530673220328906,19.530673220328907,1.0892304886823954
2023,761.4368501925942,0.1767457301271919,17.67457301271919,1.0550528889938948
2023,799.5086927022239,0.1732674003200856,17.326740032008562,1.0481084982527913
2023,839.484127337335,0.16870395053042053,16.870395053042053,1.038706686089927
2023,881.4583337042019,0.13860301950738527,13.860301950738526,0.9666144925467175
2023,925.5312503894121,0.13614044128212624,13.614044128212624,0.9597723224310015
2023,971.8078129088826,0.12833649620208007,12.833649620208007,0.9369050289135521
2023,1020.3982035543269,0.12690948910172875,12.690948910172875,0.9325140414981803
2023,1071.4181137320434,0.0939000401345747,9.390004013457471,0.8063176929289569
2023,1124.9890194186455,0.09243339394810253,9.243339394810253,0.799263862279196
2023,1181.2384703895777,0.08846948533601558,8.846948533601557,0.7793581795033739
2023,1240.3003939090568,0.08708707220755026,8.708707220755025,0.7721077745608317
2023,1302.3154136045098,0.07342645215314561,7.342645215314561,0.6899917881722232
2023,1367.431184284735,0.07257916668731203,7.257916668731203,0.6841532700410701
2023,1435.802743498972,0.06977965623002562,6.977965623002562,0.6641083125080257
2023,1507.5928806739207,0.06053383939233281,6.0533839392332816,0.5881296307912559
2023,1582.9725247076167,0.05987483958557335,5.987483958557335,0.5820319625295242
2023,1662.1211509429977,0.05785820107917412,5.785820107917412,0.562702513462597
2023,1745.2272084901476,0.047958339320486966,4.795833932048697,0.44963994610280034
2023,1832.4885689146552,0.046838535137572405,4.68385351375724,0.4344549274720522
2023,1924.112997360388,0.04347912258882872,4.347912258882872,0.38505543339178366
2023,2020.3186472284076,0.043127325699505996,4.312732569950599,0.3795123705079536
2023,2121.3345795898276,0.042433641692390785,4.243364169239078,0.3683559283731941
2023,2227.401308569319,0.029749134133712548,2.974913413371255,0.08637486379755822
2023,2338.7713739977858,0.029189232042255264,2.9189232042255266,0.06879331533061654
2023,2455.7099426976747,0.02751448065364853,2.751448065364853,0.012054395274286289
2023,2578.495439832559,0.023352376610957234,2.3352376610957233,-0.16474060972587742
2023,2707.420211824187,0.0229906699501043,2.29906699501043,-0.18331798951799486
2023,2842.7912224153965,0.021083038930537458,2.108303893053746,-0.29318547901245007
2023,2984.9307835361665,0.02088484349993311,2.088484349993311,-0.3059293982065009
2023,3134.1773227129747,0.019660986715951265,1.9660986715951265,-0.3914864521451793
2023,3290.8861888486235,0.013923228999955406,1.3923228999955406,-1.105716956962363
2023,3455.4304982910544,0.012882702989282582,1.2882702989282582,-1.373178885888138
2023,3628.2020232056075,0.012788560159745516,1.2788560159745517,-1.402562204707729
2023,3809.6121243658886,0.012114695695690736,1.2114695695690736,-1.6511241189211774
2023,4000.0927305841824,0.011029575713131934,1.1029575713131934,-2.3228360371175825
2023,4200.0973671133925,0.010677778823809218,1.0677778823809219,-2.7244884171588324
2023,4410.102235469061,0.006931885185387051,0.6931885185387051,
2023,4630.607347242515,0.006654411582540964,0.6654411582540964,
2023,4862.137714604641,0.0062679304928624875,0.6267930492862488,
2023,5105.244600334873,0.006005321547311726,0.6005321547311726,
2023,5360.506830351617,0.0045238107035442295,0.45238107035442293,
2023,5628.5321718691985,0.004350389701765426,0.4350389701765426,
2023,5909.958780462658,0.004162104042691296,0.4162104042691296,
2023,6205.456719485792,0.003953998840556731,0.3953998840556731,
2023,6515.729555460081,0.0023089767665406473,0.23089767665406472,
2023,6841.516033233086,0.002160330193587387,0.21603301935873867,
2023,7183.591834894742,0.0020414129352247785,0.20414129352247784,
2023,7542.771426639478,0.0016351123024858662,0.16351123024858663,
2023,7919.909997971452,0.0015310597014185838,0.15310597014185837,
2023,8315.905497870026,0.0014864657295326057,0.1486465729532606,
2023,8731.700772763526,0.000976112495726411,0.0976112495726411,
2023,9168.285811401704,0.000881969666189346,0.0881969666189346,
2023,9626.70010197179,0.0007630524078267375,0.07630524078267376,
2023,10108.03510707038,0.0007283682074709768,0.07283682074709767,
2023,10613.4368624239,0.0007184584359407593,0.07184584359407593,
2023,11144.108705545093,0.00036170666085293406,0.03617066608529341,
2023,11701.31414082235,0.0003418871177924993,0.03418871177924993,
2023,12286.379847863467,0.00029233826014141243,0.029233826014141245,
2023,12900.69884025664,0.00015360145871836926,0.015360145871836926,
2023,13545.733782269474,0.00014864657295326057,0.014864657295326057,
2023,14223.02047138295,0.00014864657295326057,0.014864657295326057,
2023,14934.171494952096,0.00014369168718815189,0.014369168718815188,
2023,15680.8800696997,9.414282953706502e-05,0.009414282953706502,
2023,16464.924073184688,6.93684007115216e-05,0.00693684007115216,
2023,17288.17027684392,4.954885765108685e-06,0.0004954885765108685,
2024,1.4872610439161298,1.0,100.0,1.5271796258079011
2024,1.5616240961119363,0.9999951984481384,99.99951984481385,1.5271785831611153
2024,1.639705300917533,0.9999951984481384,99.99951984481385,1.5271785831611153
2024,1.7216905659634099,0.9999951984481384,99.99951984481385,1.5271785831611153
2024,1.8077750942615807,0.9999951984481384,99.99951984481385,1.5271785831611153
2024,1.8981638489746597,0.9999663891369691,99.99663891369691,1.5271723271524356
2024,1.993072041423393,0.9999663891369691,99.99663891369691,1.5271723271524356
2024,2.0927256434945627,0.9999663891369691,99.99663891369691,1.5271723271524356
2024,2.197361925669291,0.9999663891369691,99.99663891369691,1.5271723271524356
2024,2.3072300219527553,0.9999663891369691,99.99663891369691,1.5271723271524356
2024,2.422591523050393,0.9999663891369691,99.99663891369691,1.5271723271524356
2024,2.5437210992029127,0.9999663891369691,99.99663891369691,1.5271723271524356
2024,2.670907154163059,0.9999663891369691,99.99663891369691,1.5271723271524356
2024,2.8044525118712116,0.9999615875851076,99.99615875851076,1.527171284462994
2024,2.9446751374647726,0.9999615875851076,99.99615875851076,1.527171284462994
2024,3.0919088943380113,0.9999615875851076,99.99615875851076,1.527171284462994
2024,3.2465043390549115,0.9999615875851076,99.99615875851076,1.527171284462994
2024,3.4088295560076576,0.9999615875851076,99.99615875851076,1.527171284462994
2024,3.5792710338080402,0.9999615875851076,99.99615875851076,1.527171284462994
2024,3.758234585498443,0.999879961203461,99.9879961203461,1.527153557810062
2024,3.946146314773365,0.999879961203461,99.9879961203461,1.527153557810062
2024,4.143453630512034,0.999879961203461,99.9879961203461,1.527153557810062
2024,4.350626312037636,0.999879961203461,99.9879961203461,1.527153557810062
2024,4.5681576276395175,0.999879961203461,99.9879961203461,1.527153557810062
2024,4.796565509021494,0.9998319456848453,99.98319456848454,1.5271431295443476
2024,5.036393784472568,0.9998319456848453,99.98319456848454,1.5271431295443476
2024,5.288213473696197,0.9998319456848453,99.98319456848454,1.5271431295443476
2024,5.552624147381007,0.9998319456848453,99.98319456848454,1.5271431295443476
2024,5.830255354750058,0.9996446851622445,99.96446851622444,1.527102453482987
2024,6.121768122487562,0.9996446851622445,99.96446851622444,1.527102453482987
2024,6.427856528611939,0.9996206774029366,99.96206774029366,1.5270972379325947
2024,6.7492493550425365,0.9996062727473519,99.96062727473519,1.527094108529176
2024,7.086711822794664,0.9996062727473519,99.96062727473519,1.527094108529176
2024,7.441047413934396,0.9993950044654433,99.93950044654433,1.5270482043052482
2024,7.813099784631117,0.9993805998098585,99.93805998098586,1.5270450740416899
2024,8.203754773862673,0.9993805998098585,99.93805998098586,1.5270450740416899
2024,8.613942512555807,0.9993613936024123,99.93613936024123,1.5270409002715175
2024,9.044639638183599,0.9993613936024123,99.93613936024123,1.5270409002715175
2024,9.496871620092778,0.9980121575293135,99.80121575293136,1.5267474483247143
2024,9.971715201097417,0.9980121575293135,99.80121575293136,1.5267474483247143
2024,10.470300961152288,0.9979881497700057,99.79881497700057,1.5267422223877976
2024,10.993816009209903,0.997983348218144,99.79833482181441,1.526741177182051
2024,11.543506809670399,0.9975175976875726,99.75175976875727,1.5266397631203321
2024,12.120682150153922,0.9975079945838495,99.75079945838495,1.5266376715023189
2024,12.726716257661618,0.9974887883764032,99.74887883764032,1.5266334881927581
2024,13.363052070544697,0.9971478781942323,99.71478781942324,1.526559218128092
2024,14.031204674071933,0.9970758549163089,99.7075854916309,1.5265435233145035
2024,14.73276490777553,0.9970662518125858,99.70662518125857,1.526541430568422
2024,15.469403153164308,0.9964036376556903,99.64036376556903,1.526396971805767
2024,16.242873310822525,0.9963988361038287,99.63988361038287,1.5263959245764025
2024,17.055016976363653,0.9962739957554282,99.62739957554282,1.526368694456463
2024,17.907767825181836,0.9962595910998435,99.62595910998435,1.526365552252264
2024,18.803156216440925,0.9914196268233894,99.14196268233894,1.5253066289668582
2024,19.743314027262976,0.9913716113047737,99.13716113047737,1.5252960922656573
2024,20.730479728626122,0.9912707787156809,99.12707787156809,1.5252739631704886
2024,21.76700371505743,0.9912323663007884,99.12323663007884,1.5252655323180726
2024,22.855353900810304,0.9902096357542758,99.02096357542757,1.5250409144675194
2024,23.99812159585082,0.9900847954058751,99.00847954058752,1.5250134769821377
2024,25.198027675643363,0.9899743597130592,98.99743597130592,1.5249892018487832
2024,26.45792905942553,0.9896862666013656,98.96862666013656,1.5249258598903634
2024,27.78082551239681,0.9896718619457808,98.96718619457808,1.5249226922031096
2024,29.169866788016652,0.985869032871424,98.5869032871424,1.524084453302593
2024,30.628360127417483,0.9853840761334063,98.53840761334062,1.5239772736323587
2024,32.15977813378836,0.9852208233701132,98.52208233701131,1.5239411788941004
2024,33.76776704047778,0.9846830495616183,98.46830495616183,1.5238222270431705
2024,35.45615539250167,0.9846734464578952,98.46734464578952,1.5238201021839968
2024,37.22896316212675,0.9739419780473049,97.39419780473048,1.5214296688647562
2024,39.090411320233095,0.973677892694919,97.3677892694919,1.521370439855706
2024,41.04493188624475,0.9735626554502416,97.35626554502416,1.5213445883356735
2024,43.09717848055699,0.9735002352760412,97.35002352760412,1.5213305838722442
2024,45.25203740458485,0.9727703993930839,97.27703993930838,1.5211667581489554
2024,47.51463927481409,0.9687322942775105,96.87322942775106,1.5202576128055392
2024,49.890371238554785,0.968617057032833,96.86170570328329,1.5202316003664382
2024,52.38488980048254,0.9678584118387062,96.78584118387063,1.5200602576136633
2024,55.004134290506656,0.9678248009756754,96.78248009756754,1.5200526626929702
2024,57.754341005032,0.9513986920572729,95.1398692057273,1.5163019528734145
2024,60.6420580552836,0.9508369104894702,95.08369104894702,1.5161722827946935
2024,63.674160958047786,0.9506400468631462,95.06400468631462,1.5161268207434675
2024,66.85786900595018,0.9473653884935611,94.73653884935611,1.5153689100594798
2024,70.20076245624769,0.9468468208925125,94.68468208925125,1.515248595960123
2024,73.71080057906008,0.9466643619217732,94.66643619217731,1.5152062441052332
2024,77.39634060801308,0.9330039468756302,93.30039468756301,1.512006839518275
2024,81.26615763841374,0.9327062506602134,93.27062506602134,1.5119364807579754
2024,85.32946552033444,0.9310161044049436,93.10161044049437,1.5115365043572422
2024,89.59593879635116,0.9300317862733235,93.00317862733235,1.5113031549621767
2024,94.07573573616871,0.9108015710677692,91.08015710677691,1.5066828809139206
2024,98.77952252297716,0.9105999058895835,91.05999058895836,1.5066337989621585
2024,103.71849864912603,0.9097116187951946,90.97116187951946,1.5064174464719602
2024,108.90442358158232,0.9091258294680841,90.91258294680841,1.50627462950503
2024,114.34964476066145,0.8879365811030125,88.79365811030125,1.5010317033062075
2024,120.06712699869452,0.887240356083086,88.72403560830861,1.5008568450348072
2024,126.07048334862927,0.8849500158451211,88.49500158451211,1.500280435466286
2024,132.37400751606071,0.8719138025409813,87.19138025409812,1.4969644878512969
2024,138.99270789186377,0.8710447216540386,87.10447216540386,1.4967412703556247
2024,145.94234328645695,0.8685767239971959,86.85767239971959,1.4961058929518418
2024,153.23946045077983,0.8452027695351138,84.52027695351137,1.4899765498173416
2024,160.9014334733188,0.8429796510232107,84.29796510232107,1.489382785872614
2024,168.94650514698475,0.8368720770553043,83.68720770553043,1.487741609344702
2024,177.39383040433398,0.8362046613465473,83.62046613465472,1.4875613774091185
2024,186.2635219245507,0.8069680120614983,80.69680120614983,1.4794884254395098
2024,195.57669802077825,0.8064734522197574,80.64734522197574,1.4793487910772456
2024,205.35553292181717,0.8037461707623904,80.37461707623905,1.478576875424373
2024,215.62330956790805,0.8032564124725111,80.32564124725111,1.478437916121644
2024,226.40447504630347,0.7877089875447745,78.77089875447744,1.4739717633193226
2024,237.72469879861862,0.7868639144171397,78.68639144171397,1.4737259093987491
2024,249.6109337385496,0.7812989158095897,78.12989158095897,1.4720987579531994
2024,262.0914804254771,0.7705914551583072,77.05914551583072,1.4689275376866848
2024,275.1960544467509,0.6227516733408237,62.27516733408237,1.4186557247874991
2024,288.9558571690885,0.5713270529034984,57.13270529034984,1.3975746796350748
2024,303.40365002754294,0.5446064167939078,54.460641679390775,1.3856637297531589
2024,318.5738325289201,0.5288621282398471,52.886212823984714,1.3782981458702506
2024,334.50252415536613,0.5264469476534817,52.64469476534816,1.3771439912139096
2024,351.22765036313444,0.49595229178070355,49.595229178070355,1.361974681295996
2024,368.7890328812912,0.48659406720251985,48.65940672025199,1.3570831232905987
2024,387.2284845253557,0.4064033495625786,40.64033495625786,1.309618761464411
2024,406.5899087516235,0.3962576704790988,39.62576704790988,1.3027713263344929
2024,426.9194041892047,0.38431140944753345,38.431140944753345,1.29441700800524
2024,448.26537439866496,0.3692777505689839,36.92777505689839,1.2834207448600166
2024,470.6786431185983,0.32402792582562684,32.40279258256268,1.2465277440811782
2024,494.2125752745282,0.3177811068537351,31.778110685373512,1.2409152635193357
2024,518.9232040382547,0.3133780837966831,31.33780837966831,1.2368731931745174
2024,544.8693642401674,0.2897208377747688,28.972083777476882,1.2138239435269143
2024,572.1128324521758,0.22841462360634956,22.841462360634956,1.1405783993292422
2024,600.7184740747846,0.22198054411185694,22.198054411185694,1.1314036101680165
2024,630.7543977785239,0.21972381473692298,21.972381473692298,1.1281019225434015
2024,662.29211766745,0.19851536016440513,19.851536016440512,1.0946984346306325
2024,695.4067235508226,0.19506784592780388,19.506784592780388,1.088818597619839
2024,730.1770597283637,0.1909817252936149,19.09817252936149,1.081667076540616
2024,766.6859127147819,0.15976203508974102,15.976203508974102,1.0192444739769948
2024,805.0202083505211,0.1552197670287037,15.521976702870369,1.008781257102693
2024,845.2712187680471,0.14592396262472032,14.592396262472032,0.9860035640610483
2024,887.5347797064496,0.14422901481758904,14.422901481758904,0.9816354244470306
2024,931.9115186917722,0.10686813978277779,10.68681397827778,0.8624724177945322
2024,978.5070946263608,0.10543247577617086,10.543247577617086,0.8567469121440728
2024,1027.4324493576787,0.10144718773107468,10.144718773107469,0.840253069223829
2024,1078.804071825563,0.09952176543458846,9.952176543458846,0.8319483464654065
2024,1132.7442754168412,0.0834365666983569,8.34365666983569,0.7521241256553932
2024,1189.3814891876832,0.08245705011859833,8.245705011859833,0.7465421833871326
2024,1248.8505636470672,0.0795185003793226,7.951850037932259,0.7291919956757583
2024,1311.2930918294207,0.06861417610171608,6.861417610171608,0.6554006961303148
2024,1376.8577464208918,0.06756743779589564,6.756743779589564,0.6473864923035011
2024,1445.7006337419366,0.06515225720953012,6.515225720953012,0.6281508780292551
2024,1517.9856654290334,0.054507216732447926,5.450721673244793,0.5281239514598609
2024,1593.8849487004852,0.05304274341467162,5.304274341467162,0.5119327956551196
2024,1673.5791961355094,0.04949919814083912,4.949919814083912,0.4696106628410655
2024,1757.2581559422852,0.049259120547761034,4.925912054776103,0.4665661317312367
2024,1845.1210637393992,0.04845726138688024,4.845726138688024,0.456219759148122
2024,1937.3771169263694,0.034191850806180556,3.4191850806180555,0.20652806927320164
2024,2034.2459727726882,0.033634870790239406,3.3634870790239404,0.1930787047799441
2024,2135.9582714113226,0.031603814352798826,3.1603814352798825,0.14036413291883562
2024,2242.756184981889,0.027027935428730564,2.7027935428730565,-0.005730504379336073
2024,2354.8939942309835,0.026470955412789415,2.6470955412789414,-0.026895444857906462
2024,2472.6386939425324,0.02474719829448878,2.474719829448878,-0.09857559715173746
2024,2596.270628639659,0.024526326908856942,2.4526326908856944,-0.10851881413549366
2024,2726.0841600716426,0.022792966686833185,2.2792966686833185,-0.19374627094021582
2024,2862.3883680752247,0.01663257564844958,1.663257564844958,-0.6757433735056512
2024,3005.507786478986,0.015518615616567274,1.5518615616567275,-0.8222194605204686
2024,3155.783175802935,0.015369767508858862,1.5369767508858863,-0.844394955550366
2024,3313.5723345930824,0.014582313003562752,1.4582313003562752,-0.974915405732218
2024,3479.2509513227365,0.013247481586048611,1.324748158604861,-1.2686095617718245
2024,3653.213498888874,0.012796135711061815,1.2796135711061816,-1.400157472421166
2024,3835.874173833317,0.00849394524310257,0.8493945243102571,
2024,4027.6678825249837,0.008177042820239502,0.8177042820239502,
2024,4229.051276651233,0.007720895393391144,0.7720895393391144,
2024,4440.503840483795,0.0074087945223896366,0.7408794522389637,
2024,4662.529032507985,0.00579547309690492,0.579547309690492,
2024,4895.655484133384,0.00559380791871933,0.559380791871933,
2024,5140.438258340053,0.005363333429364371,0.5363333429364371,
2024,5397.460171257056,0.005051232558362863,0.5051232558362863,
2024,5667.33317981991,0.0031930319879385017,0.31930319879385016,
2024,5950.699838810905,0.0029961683616144736,0.29961683616144735,
2024,6248.234830751451,0.002866526461352309,0.2866526461352309,
2024,6560.646572289023,0.002333554204718965,0.2333554204718965,
2024,6888.678900903475,0.002237523167487732,0.2237523167487732,
2024,7233.112845948649,0.0021462936821180605,0.21462936821180606,
2024,7594.768488246081,0.0015893136661769083,0.15893136661769083,
2024,7974.506912658386,0.0015220919401150452,0.1522091940115045,
2024,8373.232258291306,0.0013060221063447707,0.13060221063447708,
2024,8791.893871205872,0.001258006587729154,0.1258006587729154,
2024,9231.488564766165,0.0012291972765597842,0.12291972765597842,
2024,9693.062993004474,0.0005329722566333439,0.053297225663334384,
2024,10177.716142654699,0.0005089644973255357,0.05089644973255357,
2024,10686.601949787435,0.0004417427712636724,0.04417427712636724,
2024,11220.932047276805,0.00029769621541682274,0.029769621541682275,
2024,11781.978649640647,0.0002784900079705761,0.027849000797057606,
2024,12371.07758212268,0.00024487914493964447,0.02448791449396445,
2024,12989.631461228813,0.00024007759307808285,0.024007759307808286,
2024,13639.113034290254,0.00012484034840060308,0.012484034840060308,
2024,14321.068686004768,9.603103723123314e-05,0.009603103723123315,
2024,15037.122120305006,2.880931116936994e-05,0.0028809311169369937,
2024,15788.97822632026,1.9206207446246628e-05,0.0019206207446246628,
2024,16578.42713763627,1.9206207446246628e-05,0.0019206207446246628,
2025,1.8630994522487612,1.0,100.0,1.5271796258079011
2025,1.9562544248611993,0.9999907119736592,99.99907119736592,1.5271776089272069
2025,2.0540671461042592,0.9999907119736592,99.99907119736592,1.5271776089272069
2025,2.156770503409472,0.9999907119736592,99.99907119736592,1.5271776089272069
2025,2.264609028579946,0.9999907119736592,99.99907119736592,1.5271776089272069
2025,2.3778394800089435,0.9999907119736592,99.99907119736592,1.5271776089272069
2025,2.496731454009391,0.9999907119736592,99.99907119736592,1.5271776089272069
2025,2.6215680267098604,0.9999907119736592,99.99907119736592,1.5271776089272069
2025,2.7526464280453538,0.9999907119736592,99.99907119736592,1.5271776089272069
2025,2.8902787494476216,0.9999767799341479,99.9976779934148,1.5271745835634138
2025,3.0347926869200026,0.9999721359209774,99.99721359209775,1.5271735750974151
2025,3.186532321266003,0.9999721359209774,99.99721359209775,1.5271735750974151
2025,3.3458589373293033,0.9999721359209774,99.99721359209775,1.5271735750974151
2025,3.5131518841957683,0.9999721359209774,99.99721359209775,1.5271735750974151
2025,3.6888094784055574,0.9999721359209774,99.99721359209775,1.5271735750974151
2025,3.8732499523258355,0.9998513915785465,99.98513915785465,1.5271473529804105
2025,4.0669124499421265,0.9998513915785465,99.98513915785465,1.5271473529804105
2025,4.270258072439233,0.9998467475653761,99.9846747565376,1.527146344360478
2025,4.483770976061195,0.9998421035522057,99.98421035522057,1.5271453357348435
2025,4.707959524864256,0.9998003074336719,99.9800307433672,1.527136257847528
2025,4.943357501107468,0.9997956634205014,99.97956634205013,1.5271352491648693
2025,5.190525376162842,0.9997910194073311,99.9791019407331,1.5271342404765076
2025,5.450051644970984,0.9997910194073311,99.9791019407331,1.5271342404765076
2025,5.7225542272195336,0.9996424109858776,99.96424109858776,1.5271019594375264
2025,6.00868193858051,0.9996284789463663,99.96284789463662,1.5270989327906541
2025,6.309116035509537,0.9996099028936846,99.96099028936845,1.5270948971816223
2025,6.624571837285013,0.9995866828278325,99.95866828278325,1.5270898525419663
2025,6.9558004291492646,0.9995820388146621,99.95820388146622,1.527088843596919
2025,7.303590450606728,0.9995773948014917,99.95773948014917,1.527087834646166
2025,7.668769973137065,0.9994102103273564,99.94102103273565,1.5270515086186962
2025,8.05220847179392,0.9994102103273564,99.94102103273565,1.5270515086186962
2025,8.454818895383614,0.999382346248334,99.9382346248334,1.5270454535616875
2025,8.877559840152795,0.999382346248334,99.9382346248334,1.5270454535616875
2025,9.321437832160436,0.9984117474957159,99.84117474957159,1.5268344074053493
2025,9.787509723768459,0.9984071034825455,99.84071034825455,1.5268333970149013
2025,10.276885209956882,0.9983978154562047,99.83978154562047,1.5268313762168428
2025,10.790729470454727,0.9983931714430342,99.83931714430342,1.5268303658092326
2025,11.330265943977462,0.9980448704552526,99.80448704552526,1.5267545689298434
2025,11.896779241176336,0.9980402264420822,99.80402264420822,1.5267535580872782
2025,12.491618203235154,0.9980077183498892,99.80077183498892,1.526746482029006
2025,13.116199113396911,0.997729077559664,99.7729077559664,1.5266858185899126
2025,13.772009069066758,0.997729077559664,99.7729077559664,1.5266858185899126
2025,14.460609522520096,0.9976315532830851,99.7631553283085,1.5266645815140103
2025,15.183639998646104,0.9969860354523965,99.69860354523965,1.5265239485456197
2025,15.94282199857841,0.9969349513075219,99.69349513075218,1.526512814585292
2025,16.739963098507328,0.9969303072943515,99.69303072943515,1.526511802372643
2025,17.576961253432696,0.9967909868992388,99.67909868992389,1.5264814333239018
2025,18.455809316104332,0.996781698872898,99.6781698872898,1.5264794085369389
2025,19.37859978190955,0.9927042553092681,99.27042553092681,1.5255883020851022
2025,20.34752977100503,0.9926856792565864,99.26856792565863,1.5255842321834343
2025,21.36490625955528,0.9926067310326893,99.26067310326893,1.5255669340668332
2025,22.433151572533045,0.9917475885961613,99.17475885961613,1.5253785814877148
2025,23.5548091511597,0.9916547083327528,99.16547083327528,1.5253582071478666
2025,24.732549608717687,0.9915525400430035,99.15525400430035,1.5253357926902926
2025,25.96917708915357,0.9915293199771514,99.15293199771514,1.5253306981032193
2025,27.267635943611246,0.991171730963029,99.1171730963029,1.525252223113634
2025,28.631017740791812,0.9880230900334833,98.80230900334833,1.5245597439821976
2025,30.062568627831403,0.9875958408218045,98.75958408218045,1.5244655722284468
2025,31.565697059222977,0.9875261806242482,98.75261806242483,1.5244502134344375
2025,33.143981912184124,0.9873868602291356,98.73868602291356,1.5244194918880978
2025,34.80118100779334,0.9869735430569682,98.69735430569682,1.5243283202321374
2025,36.541240058183,0.9869456789779456,98.69456789779456,1.5243221721555416
2025,38.36830206109215,0.9776901607292958,97.76901607292959,1.5222682067895346
2025,40.286717164146765,0.9775229762551607,97.75229762551606,1.522230888025221
2025,42.301053022354104,0.9773743678337071,97.73743678337071,1.5221977092621806
2025,44.41610567347181,0.9773372157283438,97.73372157283437,1.5221894136111456
2025,46.6369109571454,0.9734316006520195,97.34316006520196,1.5213151838845265
2025,48.96875650500267,0.9733480084149518,97.33480084149518,1.5212964259749204
2025,51.41719433025281,0.9732690601910547,97.32690601910548,1.5212787083690278
2025,53.988054046765455,0.9728185909135239,97.28185909135239,1.5211775802814111
2025,56.68745674910373,0.9579949008735389,95.79949008735389,1.517817536625125
2025,59.52182958655892,0.9579438167286642,95.79438167286642,1.51780584816587
2025,62.497921065886864,0.9572843668584644,95.72843668584645,1.517654892523462
2025,65.62281711918122,0.9544654508640187,95.44654508640187,1.5170081779224285
2025,68.90395797514027,0.9540892857972145,95.40892857972145,1.5169217021718582
2025,72.3491558738973,0.9539267453362498,95.39267453362498,1.516884323242613
2025,75.96661366759216,0.9414900780658614,94.14900780658614,1.5140010422602326
2025,79.76494435097177,0.9412532333941699,94.125323339417,1.513945682751661
2025,83.75319156852036,0.9411789291834431,94.11789291834431,1.5139283115603592
2025,87.94085114694639,0.9392981038494225,93.92981038494224,1.5134880452437414
2025,92.33789370429372,0.9385643497684959,93.85643497684958,1.513315995265528
2025,96.95478838950841,0.9206756110360329,92.0675611036033,1.509069950405339
2025,101.80252780898383,0.9205084265618977,92.05084265618977,1.5090297938263966
2025,106.89265419943303,0.9195331837961093,91.95331837961092,1.5087953694762646
2025,112.23728690940467,0.901918441840701,90.1918441840701,1.504508193688884
2025,117.84915125487491,0.901598004931942,90.1598004931942,1.5044292586257806
2025,123.74160881761867,0.8994896229525707,89.94896229525708,1.503909032352258
2025,129.92868925849962,0.8991552540043004,89.91552540043004,1.5038263925887623
2025,136.42512372142457,0.88923099785911,88.92309978591099,1.5013563533996535
2025,143.24637990749582,0.8841968875823731,88.41968875823731,1.5000904970552407
2025,150.40869890287064,0.8625279221291872,86.25279221291872,1.4945392594395253
2025,157.92913384801417,0.8618638282458169,86.18638282458168,1.4943664406598778
2025,165.82559054041488,0.860089815214716,86.0089815214716,1.4939039842350286
2025,174.11687006743563,0.8540572421063386,85.40572421063386,1.4923226073206044
2025,182.8227135708074,0.8529612549981191,85.29612549981192,1.4920338370335982
2025,191.96384924934782,0.8255197811740994,82.55197811740994,1.4846517418374592
2025,201.5620417118152,0.825008939725353,82.50089397253531,1.48451147744009
2025,211.64014379740595,0.8228076774825733,82.28076774825733,1.4839058444526085
2025,222.22215098727625,0.8225383247186889,82.25383247186889,1.483831600993637
2025,233.33325853664007,0.8072920294801956,80.72920294801956,1.4795798517828898
2025,244.9999214634721,0.8033817703907008,80.33817703907008,1.4784734938757569
2025,257.24991753664574,0.8029173690736587,80.29173690736587,1.478341658254164
2025,270.11241341347807,0.7978971908364332,79.78971908364332,1.4769105099553779
2025,283.61803408415193,0.6254974899108814,62.54974899108814,1.4197200036955164
2025,297.79893578835953,0.6214804185184669,62.14804185184669,1.4181610105264475
2025,312.6888825777775,0.5928500773228192,59.285007732281926,1.4066743837833442
2025,328.3233267066664,0.5786393970213299,57.863939702132996,1.4007135007399694
2025,344.73949304199976,0.5483279230579898,54.83279230579898,1.3873658905084438
2025,361.97646769409977,0.5391002688883626,53.910026888836256,1.3831184452929708
2025,380.07529107880475,0.454667465436932,45.4667465436932,1.339459851970998
2025,399.07905563274505,0.44682837120526075,44.682837120526074,1.3348930269104424
2025,419.0330084143823,0.43253874267987424,43.25387426798743,1.3263019727280507
2025,439.9846588351014,0.42162531172938406,42.16253117293841,1.3194951371154238
2025,461.9838917768565,0.414218110722562,41.4218110722562,1.3147466877241234
2025,485.0830863656994,0.3589497099813775,35.89497099813775,1.2755296027194016
2025,509.3372406839843,0.35416173240267307,35.416173240267305,1.2717721682259324
2025,534.8041027181836,0.34289071243806046,34.28907124380605,1.2626642686617873
2025,561.5443078540927,0.2670400453255685,26.70400453255685,1.1893098882715811
2025,589.6215232467976,0.25942850773924797,25.942850773924796,1.1804675285932036
2025,619.1025994091374,0.25162192159976965,25.162192159976964,1.1710391637732882
2025,650.0577293795942,0.24947174350186457,24.947174350186458,1.1683748169157435
2025,682.560615848574,0.22507674231764122,22.50767423176412,1.1358619349113932
2025,716.6886466410027,0.21979185532970172,21.97918553297017,1.1282021238824986
2025,752.5230789730529,0.18420013839159247,18.420013839159246,1.0693337523492719
2025,790.1492329217056,0.1812047498966707,18.12047498966707,1.0636903938017472
2025,829.6566945677909,0.17938429673386555,17.938429673386555,1.0601989606532454
2025,871.1395292961804,0.1668501051868983,16.68501051868983,1.0347884428025824
2025,914.6965057609895,0.16365966813881885,16.365966813881887,1.0279050858243293
2025,960.431331049039,0.12244869526449977,12.244869526449977,0.918331462205321
2025,1008.452897601491,0.12054464986462701,12.054464986462701,0.9120558291586522
2025,1058.8755424815656,0.11656473057757592,11.656473057757593,0.8984776784797877
2025,1111.8193196056438,0.1151018664288932,11.51018664288932,0.8933219323743473
2025,1167.4102855859262,0.09596388815358681,9.596388815358681,0.8159782811093501
2025,1225.7807998652227,0.09257840255234964,9.257840255234964,0.7999684832042658
2025,1287.0698398584836,0.09152421156266399,9.1524211562664,0.7948091682749051
2025,1351.423331851408,0.07941262521420511,7.941262521420511,0.7285492033035527
2025,1418.9944984439785,0.07641723671928334,7.641723671928334,0.7098190244372733
2025,1489.9442233661773,0.07591568329687783,7.5915683296877825,0.7065757134268065
2025,1564.4414345344862,0.06393412931719074,6.393412931719074,0.6180292844881586
2025,1642.6635062612106,0.06247590918167844,6.247590918167844,0.6055152126885467
2025,1724.7966815742714,0.057994436472221834,5.7994436472221835,0.5640414033276034
2025,1811.036515652985,0.05717244614105726,5.717244614105725,0.5558871185143961
2025,1901.5883414356344,0.040291458266575646,4.029145826657564,0.331857605434261
2025,1996.6677585074162,0.039576280238330756,3.9576280238330757,0.31892261166657065
2025,2096.5011464327868,0.03749111832481157,3.749111832481157,0.2787818077844041
2025,2201.326203754427,0.03706386911313281,3.706386911313281,0.2700710475005107
2025,2311.3925139421476,0.03173254199348909,3.1732541993489094,0.14389047142760633
2025,2426.9621396392554,0.029373383302915047,2.937338330291505,0.07464710814876549
2025,2548.3102466212185,0.028918270012213754,2.891827001221375,0.06004891046615759
2025,2675.725758952279,0.02718605309964659,2.718605309964659,0.00011898803595774536
2025,2809.5120468998934,0.01959309156600768,1.959309156600768,-0.39661646311407517
2025,2949.9876492448884,0.019342314854804928,1.9342314854804927,-0.41595480946184554
2025,3097.4870317071327,0.018260259786096755,1.8260259786096755,-0.5072619659266173
2025,3252.36138329249,0.01732216912567164,1.7322169125671643,-0.5989247912737196
2025,3414.9794524571143,0.0158778810296706,1.58778810296706,-0.7714505804505674
2025,3585.7284250799703,0.015343819515072145,1.5343819515072143,-0.8483338509967168
2025,3765.0148463339688,0.01017503285639318,1.017503285639318,-4.05405514385982
2025,3953.2655886506673,0.009738495618373574,0.9738495618373575,
2025,4150.928868083201,0.00913941791938922,0.913941791938922,
2025,4358.475311487361,0.008818981010630146,0.8818981010630146,
2025,4576.399077061729,0.008507832128211915,0.8507832128211915,
2025,4805.219030914815,0.006729175083940538,0.6729175083940538,
2025,5045.479982460557,0.006264773766898403,0.6264773766898403,
2025,5297.753981583585,0.006018641068866072,0.6018641068866072,
2025,5562.641680662765,0.005879320673753431,0.5879320673753431,
2025,5840.773764695903,0.0035712461280540194,0.3571246128054019,
2025,6132.812452930698,0.003413349680259693,0.3413349680259693,
2025,6439.453075577233,0.003222945140272418,0.3222945140272418,
2025,6761.425729356096,0.0025681392832430073,0.2568139283243007,
2025,7099.4970158239,0.002382378756426153,0.2382378756426153,
2025,7454.471866615096,0.001509304280386939,0.15093042803869391,
2025,7827.195459945852,0.0014350000696601976,0.14350000696601975,
2025,8218.555232943143,0.0013839159247855627,0.13839159247855626,
2025,8629.482994590302,0.001188867371627866,0.1188867371627866,
2025,9060.957144319817,0.0011656473057757592,0.11656473057757592,
2025,9514.005001535808,0.0005340615145984554,0.053406151459845536,
2025,9989.705251612599,0.0004876213828942419,0.04876213828942419,
2025,10489.19051419323,0.0004318932248491857,0.043189322484918566,
2025,11013.650039902892,0.00041331717216750027,0.041331717216750025,
2025,11564.332541898037,0.00016718447413516864,0.016718447413516864,
2025,12142.549168992939,0.00013003236877179783,0.013003236877179783,
2025,12749.676627442588,0.00012074434243095514,0.012074434243095514,
2025,13387.160458814717,4.6440131704213515e-06,0.00046440131704213514,
