year,bin_left,bin_right,bin_center_geo,N_bin,mean,geometric_mean,median,std,ccdf
1976,0.49759157606293647,0.5473507336692301,0.5218784477497388,10,0.4975915760629365,0.49759157606293647,0.49759157606293647,5.851389114294502e-17,1.0
1976,0.9696652130897956,1.0666317343987752,1.016993455251373,2,0.9951831521258729,0.9951831521258729,0.9951831521258729,0.0,0.9999326127388879
1976,2.766568018800211,3.0432248206802326,2.9016010171822275,4,2.9855494563776186,2.985549456377618,2.9855494563776186,0.0,0.9999191352866654
1976,4.901144005953723,5.391258406549096,5.140363199600367,8,4.975915760629364,4.9759157606293645,4.975915760629364,0.0,0.9998921803822205
1976,5.391258406549096,5.930384247204006,5.654399519560404,1,5.4735073366923,5.4735073366923,5.4735073366923,,0.9998382705733309
1976,5.930384247204006,6.523422671924408,6.219839471516445,1,5.971098912755237,5.971098912755237,5.971098912755237,,0.9998315318472196
1976,7.175764939116848,7.893341433028533,7.5260057605349,5,7.463873640944046,7.463873640944046,7.463873640944046,0.0,0.9998247931211084
1976,8.682675576331388,9.550943133964529,9.10646697024723,1,8.956648369132855,8.956648369132854,8.956648369132855,,0.9997910994905523
1976,9.550943133964529,10.506037447360981,10.017113667271955,32,9.967381258010693,9.967016578768053,9.951831521258727,0.08796259442385126,0.9997843607644411
1976,11.556641192097079,12.712305311306789,12.120707537399065,15,12.439789401573414,12.439789401573409,12.43978940157341,3.677408027917051e-15,0.9995687215288822
1976,12.712305311306789,13.98353584243747,13.332778291138975,4,13.434972553699282,13.42575473268018,13.434972553699282,0.5745692607728534,0.9994676406372139
1976,13.98353584243747,15.381889426681218,14.666056120252874,76,14.92774728188809,14.9277472818881,14.927747281888092,1.788160004724363e-15,0.9994406857327691
1976,15.381889426681218,16.92007836934934,16.132661732278162,3,16.254658151389254,16.252953970844615,16.4205220100769,0.28728463038642515,0.9989285425483166
1976,16.92007836934934,18.61208620628428,17.74592790550598,12,17.540103056218513,17.537663857776003,17.415705162202777,0.30929374834486506,0.9989083263699831
1976,18.61208620628428,20.473294826912706,19.52052069605658,119,19.736405369891262,19.73281656972012,19.903663042517454,0.37369830313376123,0.9988274616566484
1976,20.473294826912706,22.520624309603978,21.47257276566224,10,21.794511031556617,21.785607305556262,21.8940293467692,0.6551097511505857,0.9980255532494138
1976,22.520624309603978,24.772686740564378,23.619830042228465,2,23.386804074958015,23.381509948331047,23.386804074958015,0.7037007553908075,0.9979581659883016
1976,24.772686740564378,27.249955414620818,25.981813046451315,256,24.92817173049672,24.92660334675597,24.87957880314682,0.2865377227935483,0.9979446885360791
1976,27.249955414620818,29.974950956082903,28.579994351096445,178,29.710130732566785,29.704763053867342,29.855494563776183,0.5532468701811588,0.9962195746516078
1976,29.974950956082903,32.9724460516912,31.437993786206096,10,32.19417497127199,32.18702233581622,32.34345244409087,0.7056527723317408,0.9950200814038114
1976,32.9724460516912,36.26969065686032,34.581793164826706,77,34.805561411363335,34.805194823573174,34.83141032440555,0.15932960734497917,0.9949526941426993
1976,36.26969065686032,39.89665972254635,38.03997248130938,284,39.576051127146506,39.56987360416571,39.80732608503491,0.6890311559932227,0.9944338122321357
1976,39.89665972254635,43.88632569480099,41.84396972944032,24,41.85989133629452,41.85240992457967,42.29528396534959,0.8078579016914796,0.9925200140165503
1976,43.88632569480099,48.274958264281096,46.02836670238435,39,45.012899496154844,45.00650689919723,44.78324184566428,0.781327641856305,0.9923582845898812
1976,48.274958264281096,53.10245409070921,50.63120337262279,1229,49.76725510956561,49.76707444981556,49.75915760629364,0.13595594005117434,0.9920954742715437
1976,53.10245409070921,58.41269949978013,55.694323709885076,33,54.946172823434544,54.940514959770375,54.735073366923004,0.8064812756155052,0.9838135798808593
1976,58.41269949978013,64.25396944975816,61.26375608087359,508,59.794247560555014,59.79246061264639,59.71098912755237,0.4691915516148725,0.9835912019191893
1976,64.25396944975816,70.67936639473398,67.39013168896096,179,67.26937736953631,67.22831762674235,67.17486276849642,2.354543442595894,0.9801679290546915
1976,70.67936639473398,77.74730303420738,74.12914485785706,1255,74.63358207438964,74.63323076582219,74.63873640944047,0.22781950982870552,0.9789616970807838
1976,77.74730303420738,85.52203333762812,81.54205934364276,302,80.80755382924056,80.78255753240974,79.61465217006982,2.032957623458728,0.9705045958112078
1976,85.52203333762812,94.07423667139093,89.69626527800705,325,89.62007047644303,89.61652439371923,89.56648369132856,0.801785298742307,0.9684695005256206
1976,94.07423667139093,103.48166033853005,98.66589180580777,3202,99.4821069561155,99.48091222351783,99.51831521258728,0.4809158216886891,0.9662794145394754
1976,103.48166033853005,113.82982637238305,108.53248098638855,294,108.46480865159641,108.43649073545056,109.47014673384601,2.472434447208368,0.9447020135313621
1976,113.82982637238305,125.21280900962138,119.38572908502742,1709,122.76448925171238,122.72988176044578,124.3978940157341,2.8789746865848196,0.9427208280546645
1976,125.21280900962138,137.73408991058352,131.32430199353018,232,131.38347920210043,131.35423174195896,129.3738097763635,2.7846833497926435,0.9312043451305965
1976,137.73408991058352,151.50749890164187,144.4567321928832,4514,148.60648479861177,148.5856221908219,149.27747281888094,2.4430062055576762,0.9296409606727944
1976,151.50749890164187,166.65824879180607,158.9024054121715,974,160.91467868247187,160.89239366298455,162.21485379651727,2.6655245230969125,0.8992223510067657
1976,166.65824879180607,183.3240736709867,174.7926459533887,2232,176.33401476730307,176.3010126302645,174.15705162202772,3.4134320015725033,0.8926588317744414
1976,183.3240736709867,201.6564810380854,192.27191054872756,8227,195.10585656734912,195.05673805180552,199.03663042517456,4.3657384799486065,0.8776179950942073
1976,201.6564810380854,221.82212914189395,211.49910160360037,677,211.37058055503,211.31416261379712,209.48605352249623,4.89238218964575,0.8221784953772339
1976,221.82212914189395,244.00434205608337,232.64901176396043,2716,230.2522574855234,230.1526142780705,228.89212498895074,6.806043791943808,0.8176163777999407
1976,244.00434205608337,268.4047762616917,255.91391294035648,5639,250.0435172184747,250.01289292289195,248.7957880314682,3.9724467685567464,0.7993139976818782
1976,268.4047762616917,295.24525388786094,281.50530423439216,2360,276.48043392272575,276.3835803071289,273.67536683461503,7.378139731425291,0.7613143211407316
1976,295.24525388786094,324.76977927664706,309.6558346578314,8519,302.2127314421743,302.1132537278703,298.5549456377619,7.886475078874658,0.745410927518262
1976,324.76977927664706,357.24675720431173,340.62141812361455,5431,346.6864629662506,346.6160971052778,348.31410324405545,6.910800561085085,0.6880037197768134
1976,357.24675720431173,392.97143292474294,374.683559935976,7786,378.6571557494942,378.57817450483066,382.1503304163352,7.659649896580408,0.6514056982667996
1976,392.97143292474294,432.26857621721734,412.15191592957365,8087,402.6683686149042,402.56038131853165,398.07326085034913,9.448542039328446,0.5989379767648724
1976,432.26857621721734,475.4954338389391,453.3671075225311,4072,451.1058671647896,451.0074244824746,447.83241845664276,9.49614170043445,0.5444418987034692
1976,475.4954338389391,523.044977222833,498.7038182747842,8295,497.8590577793516,497.8014900473251,497.5915760629364,7.594721956814657,0.5170018059785978
1976,523.044977222833,575.3494749451164,548.5742001022627,2490,549.0599307576101,548.9384130252611,547.3507336692301,11.585475396678756,0.46110407288606164
1976,575.3494749451164,632.8844224396281,603.431620112489,6462,598.6939142268069,598.639709475199,597.1098912755238,8.126580441873958,0.4443246448691339
1976,632.8844224396281,696.1728646835909,663.774782123738,2768,653.4470369422563,653.3081748408122,646.8690488818173,13.609077639627326,0.40077899673845657
1976,696.1728646835909,765.7901511519501,730.1522603361118,7510,735.5650454724381,735.2831304678875,746.3873640944046,20.12458911301739,0.38212620286261084
1976,765.7901511519501,842.3691662671453,803.1674863697232,2578,798.4671359439119,798.3439765925262,796.1465217006983,14.103753145715084,0.3315183697673792
1976,842.3691662671453,926.6060828938597,883.4842350066955,3766,882.7693403035759,882.4757801242944,895.6648369132855,22.62384396288744,0.3141459338526645
1976,926.6060828938597,1019.2666911832459,971.8326585073651,7041,989.6034269026836,989.4738713062854,995.1831521258728,15.806780722800722,0.28876789131782526
1976,1019.2666911832459,1121.1933603015705,1069.0159243581018,2038,1072.7371208307948,1072.3741091188094,1094.7014673384601,27.837889660083857,0.24132052076875388
1976,1121.1933603015705,1233.3126963317275,1175.9175167939118,1708,1172.3006988274976,1171.9933352875155,1184.2679510297885,26.846025119333977,0.2275869969540958
1976,1233.3126963317275,1356.6439659649004,1293.509268473303,4038,1266.6960042085493,1266.2182415639425,1243.9789401573412,35.17174886787121,0.21607725275613898
1976,1356.6439659649004,1492.3083625613906,1422.8601953206335,1316,1407.4389072213164,1407.1595890287504,1393.2564129762218,28.233064925065204,0.18886627671904904
1976,1492.3083625613906,1641.53919881753,1565.146214852697,5122,1509.154253782428,1508.7428973780375,1492.7747281888091,35.76882250717145,0.17999811315668887
1976,1641.53919881753,1805.6931186992829,1721.6608363379669,2234,1732.0661607403395,1731.5893592675177,1741.5705162202776,40.37715524503057,0.14548235801504084
1976,1805.6931186992829,1986.2624305692113,1893.8269199717638,903,1886.6997394438076,1886.2400987720066,1890.8479890391584,41.72989452376201,0.13042804388258444
1976,1986.2624305692113,2184.888673626133,2083.2096119689404,2814,2012.9043380477046,2012.3631588773037,1990.3663042517455,47.38262581883921,0.12434297420415645
1976,2184.888673626133,2403.377540988746,2291.5305731658345,1245,2281.725955798053,2280.8136466158235,2239.162092283214,64.91553280053036,0.1053801989271948
1976,2403.377540988746,2643.715295087621,2520.6836304824183,2649,2498.0515320095647,2497.7731159428895,2487.9578803146824,37.71653052033329,0.09699048491873097
1976,2643.715295087621,2908.0868245963834,2772.7519935306605,741,2775.823000987065,2774.998779105257,2736.7536683461503,67.8852747962695,0.07913959945011995
1976,2908.0868245963834,3198.8955070560223,3050.027192883727,1707,3002.391488299228,3001.9952605369767,2985.5494563776183,49.397963563010755,0.07414620340170894
1976,3198.8955070560223,3518.7850577616246,3355.0299121720996,1223,3403.2859251425593,3401.621823597331,3483.141032440555,105.6162858824346,0.06264319792986334
1976,3518.7850577616246,3870.6635635377875,3690.53290338931,450,3700.3486014644905,3699.424966861829,3731.936820472023,82.47560747925303,0.05440173589584625
1976,3870.6635635377875,4257.729919891567,4059.5861937282416,1287,4006.571027328888,4005.7491246447094,3980.732608503491,82.13930756364813,0.051369309145799076
1976,4257.729919891567,4683.502911880723,4465.544813101066,535,4471.483462992704,4470.7227235095315,4478.324184566428,82.42893116637647,0.04269656864066417
1976,4683.502911880723,5151.853203068796,4912.099294411172,1273,4957.559986543021,4957.0195976272025,4975.915760629365,72.45144449428284,0.03909135017116364
1976,5151.853203068796,5667.038523375677,5403.30922385229,395,5407.706834454146,5406.304574780949,5473.507336692301,122.83822147229466,0.03051295183158576
1976,5667.038523375677,6233.742375713244,5943.64014623752,670,5959.369119692046,5958.3322608453,5971.098912755237,110.98449730288068,0.027851155017655463
1976,6233.742375713244,6857.116613284569,6538.004160861272,320,6504.616600609917,6503.343112452126,6468.690488818173,129.52797251412719,0.023336208523140785
1976,6857.116613284569,7542.828274613027,7191.8045769474,790,7326.491756106842,7323.253816608131,7463.873640944046,215.71880388288562,0.021179816167551685
1976,7542.828274613027,8297.11110207433,7910.985034642141,226,7944.78048708041,7942.860578249734,7961.465217006982,174.63559312245005,0.015856222539691097
1976,8297.11110207433,9126.822212281764,8702.083538106355,366,8771.315900146792,8768.087249181377,8956.648369132856,237.09462918518327,0.014333270438556296
1976,9126.822212281764,10039.504433509941,9572.291891916992,459,9855.435349268499,9853.2161845605,9951.83152125873,206.4562580127342,0.011866896681851263
1976,10039.504433509941,11043.454876860937,10529.521081108693,185,10597.533247199945,10593.68213234231,10449.423097321664,286.29515876832505,0.008773821396803149
1976,11043.454876860937,12147.80036454703,11582.473189219561,130,11551.473609475825,11548.294197782116,11444.606249447537,272.49395993226744,0.0075271570662282005
1976,12147.80036454703,13362.580401001736,12740.72050814152,197,12589.316933103102,12586.712834026632,12439.78940157341,258.89834523771333,0.006651122671770129
1976,13362.580401001736,14698.83844110191,14014.792558955673,93,13835.507020194671,13830.830032073507,13932.56412976222,363.33792845485317,0.00532359362786059
1976,14698.83844110191,16168.722285212103,15416.271814851241,207,15124.144513518495,15120.178841532539,14927.747281888092,351.1424459510185,0.004696892099517507
1976,16168.722285212103,17785.594513733315,16957.898996336367,84,17079.3747227489,17073.40455511988,17415.705162202776,451.5926276040906,0.0033019757944958085
1976,17785.594513733315,19564.153965106645,18653.688895970005,51,18639.956059873854,18631.432625089445,18659.684102360116,569.0279285804306,0.00273592280115367
1976,19564.153965106645,21520.569361617316,20519.057785567005,71,20157.490812966007,20152.03827944059,19903.66304251746,478.113723449577,0.0023922477694816573
1976,21520.569361617316,23672.626297779047,22570.96356412371,32,22444.303430947803,22439.899695416603,22391.62092283214,453.6139725182078,0.0019137982155853258
1976,23672.626297779047,26039.888927556953,24828.05992053608,66,25011.440570803497,25006.905451169383,24879.57880314682,480.60257085560863,0.0016981589800264159
1976,26039.888927556953,28643.877820312653,27310.865912589696,26,27079.909614359585,27074.096224326397,27367.5366834615,570.8988609569709,0.001253403056686164
1976,28643.877820312653,31508.26560234392,30041.952503848664,30,29874.568907525263,29871.96062191289,29855.494563776185,402.5650279768725,0.0010781961777945497
1976,31508.26560234392,34659.092162578316,33046.147754233534,11,32293.693286484573,32286.78860512723,31995.13834084681,705.1067523078641,0.0008760343944580716
1976,34659.092162578316,38125.00137883615,36350.76252965689,25,35912.77633750552,35892.80532718704,35428.52021568107,1229.5268010847294,0.0008019084072346963
1976,38125.00137883615,41937.50151671977,39985.83878262258,19,39778.5181516839,39770.76277951324,39807.32608503492,806.6707880269631,0.000633440254454298
1976,41937.50151671977,46131.25166839175,43984.42266088485,11,44021.474378309744,43999.5019652244,44783.24184566428,1454.8703886786536,0.0005054044583411952
1976,46131.25166839175,50744.37683523093,48382.86492697333,18,49733.08933650323,49732.420181539026,49759.15760629364,264.2265089425694,0.0004312784711178199
1976,50744.37683523093,55818.81451875402,53221.15141967067,4,52072.83403709228,52063.62313860684,52147.348375607704,1129.847052820362,0.00030998140111593303
1976,55818.81451875402,61400.69597062943,58543.26656163774,3,58632.874046082674,58612.80026743156,59710.98912755237,1867.3500975117724,0.0002830264966710693
1976,61400.69597062943,67540.76556769238,64397.59321780152,9,65156.852487796736,65136.82183932496,64686.904888181736,1706.5851631077535,0.0002628103183374215
1976,74294.84212446162,81724.32633690779,77921.08779353985,4,77075.6911532087,77037.12439199335,77024.68801666224,2815.185266384115,0.00020216178333647809
1976,81724.32633690779,89896.75897059857,85713.19657289384,3,89566.48369132855,89566.48369132861,89566.48369132855,0.0,0.00017520687889161434
1976,89896.75897059857,98886.43486765843,94284.51623018323,1,93049.62472376911,93049.6247237691,93049.62472376911,,0.00015499070055796651
1976,98886.43486765843,108775.0783544243,103712.96785320157,3,104536.19452946463,104473.76252962869,105326.70167996995,4407.419915301757,0.0001482519744467506
1976,119652.58618986674,131617.8448088534,125492.69110237391,2,124895.48559179704,124894.49436958476,124895.48559179704,703.7007553907972,0.00012803579611310277
1976,144779.62928973878,159257.59221871267,151846.15623387246,1,149277.47281888092,149277.472818881,149277.47281888092,,0.00011455834389067091
1976,159257.59221871267,175183.35144058394,167030.77185725974,5,173986.37771143817,173985.26717944402,174157.05162202773,694.0903093055349,0.00010781961777945497
1976,192701.68658464233,211971.8552431066,202107.2339472843,2,200415.95427402103,200411.2077536744,200415.95427402103,1950.658493943356,7.41259872233753e-05
1976,233169.04076741726,256485.94484415904,244549.75307621402,1,252278.92906390878,252278.929063909,252278.92906390878,,6.064853500094342e-05
1976,282134.53932857496,310347.9932614325,295905.20122221904,1,298554.94563776185,298554.945637762,298554.94563776185,,5.3909808889727486e-05
1976,310347.9932614325,341382.79258757574,325495.72134444094,3,318067.1699737765,318067.04958925,317871.45062052505,338.9958638559991,4.717108277851155e-05
1976,454380.49693406344,499818.5466274698,476558.2856203962,4,497591.0784713604,497591.07847136044,497591.0784713604,0.0,2.6954904444863743e-05
1977,0.35428520150617615,0.3897137216567938,0.37157745411542265,9,0.35428520150617615,0.3542852015061762,0.35428520150617615,0.0,1.0
1977,2.6217990426975755,2.8839789469673334,2.7497660341052503,2,2.834281612049409,2.8342816120494088,2.834281612049409,0.0,0.9999535809702609
1977,3.489614525830474,3.838575978413522,3.659938591394089,10,3.5428520150617615,3.542852015061761,3.5428520150617615,0.0,0.9999432656303189
1977,5.109144627268399,5.620059089995238,5.358516091660087,3,5.314278022592641,5.314278022592641,5.314278022592641,0.0,0.9998916889306088
1977,6.182064998994763,6.80027149889424,6.483804470908707,1,6.377133627111171,6.37713362711117,6.377133627111171,,0.9998762159206956
1977,6.80027149889424,7.4802986487836645,7.132184917999578,16,7.107846855217659,7.107344049162671,7.085704030123523,0.08857130037654404,0.9998710582507246
1977,7.4802986487836645,8.228328513662031,7.845403409799537,3,7.794274433135874,7.794274433135874,7.794274433135874,0.0,0.9997885355311884
1977,8.228328513662031,9.051161365028236,8.629943750779491,5,8.78627299735317,8.785111289823027,8.857130037654404,0.15844115879800416,0.9997730625212754
1977,9.051161365028236,9.95627750153106,9.49293812585744,2,9.919985642172932,9.919985642172932,9.919985642172932,0.0,0.9997472741714203
1977,9.95627750153106,10.951905251684167,10.442231938443186,44,10.628556045185285,10.628556045185286,10.628556045185283,1.796893438875007e-15,0.9997369588314783
1977,10.951905251684167,12.047095776852585,11.486455132287505,3,11.573316582535085,11.572103205989533,11.691411649703811,0.20454665645949058,0.9995100213527537
1977,12.047095776852585,13.251805354537845,12.635100645516257,5,12.4708390930174,12.470042908717058,12.399982052716165,0.15844115879800416,0.9994945483428407
1977,13.251805354537845,14.57698588999163,13.898610710067883,59,14.159398392399378,14.15909310562907,14.171408060247046,0.09224800912142185,0.9994687599929856
1977,14.57698588999163,16.034684478990794,15.288471781074673,12,15.58854886627175,15.580370641043029,15.942834067777927,0.5233139242237027,0.9991644574646957
1977,16.034684478990794,17.638152926889877,16.817318959182142,1,17.005689672296455,17.00568967229645,17.005689672296455,,0.9991025654250436
1977,17.638152926889877,19.401968219578862,18.499050855100357,186,17.742831462527047,17.742243370165305,17.714260075308808,0.14686375073954425,0.9990974077550726
1977,19.401968219578862,21.342165041536752,20.348955940610395,118,21.182051666322636,21.17920909815735,21.257112090370565,0.3399184733356324,0.998138081140464
1977,21.342165041536752,23.47638154569043,22.383851534671436,9,22.43806276205782,22.433732864547498,22.319967694889097,0.4686752681878724,0.9975294760838843
1977,23.47638154569043,25.824019700259473,24.62223668813858,56,24.71139280505579,24.709621565946833,24.79996410543233,0.29641626609278765,0.9974830570541452
1977,25.824019700259473,28.406421670285425,27.084460356952444,168,28.20152380798865,28.197086619652445,28.342816120494092,0.49216564349225467,0.9971942275357685
1977,28.406421670285425,31.247063837313966,29.792906392647687,20,30.18509916832621,30.180836377656128,30.114242128024973,0.5217047846929277,0.9963277389806381
1977,31.247063837313966,34.371770221045374,32.77219703191246,72,32.26455647605552,32.255744759549394,31.885668135555854,0.7691677293024564,0.9962245855812178
1977,34.371770221045374,37.80894724314991,36.04941673510371,1119,35.442134327261726,35.44181938894394,35.428520150617615,0.1518367711524188,0.9958532333433048
1977,37.80894724314991,41.5898419674649,39.65435840861408,51,39.48543304629619,39.47655067599236,38.97137216567938,0.851210215498815,0.9900818006457403
1977,41.5898419674649,45.7488261642114,43.6197942494755,406,42.604104416591206,42.601759320662765,42.51422418074113,0.45597865266526993,0.9898187594772185
1977,45.7488261642114,50.32370878063254,47.98177367442305,138,47.8772806006426,47.84735859663098,47.82850220333378,1.697847170122368,0.9877247454689869
1977,50.32370878063254,55.3560796586958,52.77995104186536,1114,53.1291049443602,53.128494795727875,53.14278022592642,0.25249941141345034,0.987012987012987
1977,55.3560796586958,60.891687624565385,58.0579461460519,219,57.32625753686237,57.31201993137397,56.685632240988184,1.295729793271629,0.9812673426652775
1977,60.891687624565385,66.98085638702192,63.86374076065709,279,63.752288679632876,63.74913977973501,63.77133627111171,0.6353987854147953,0.9801378129416255
1977,66.98085638702192,73.67894202572413,70.2501148367228,3113,70.8206216489763,70.81959225355679,70.85704030123523,0.37663955444603964,0.9786988230197126
1977,73.67894202572413,81.04683622829654,77.27512632039509,235,77.3653348327338,77.34580819353974,77.94274433135875,1.7320459032526045,0.9626429963999463
1977,81.04683622829654,89.15151985112621,85.00263895243461,1764,87.5857689231479,87.56486126100377,88.57130037654403,1.8891332528662914,0.9614309439567581
1977,89.15151985112621,98.06667183623884,93.50290284767809,213,93.5279665760201,93.502662880703,92.11415239160578,2.182330919211691,0.9523328141278896
1977,98.06667183623884,107.87333901986271,102.8531931324459,4516,105.87228001750061,105.85929470222202,106.28556045185285,1.6260178252578321,0.9512342304240636
1977,107.87333901986271,118.660672921849,113.13851244569048,461,113.69404058747007,113.67770759162485,113.37126448197637,1.9288892755529743,0.9279421928349649
1977,118.660672921849,130.5267402140339,124.45236369025955,1403,124.60107003876978,124.58546093822602,123.99982052716165,1.9746236927208884,0.9255645069783275
1977,130.5267402140339,143.57941423543733,136.8976000592855,4977,141.27814679213813,141.26679306936208,141.71408060247046,1.760274369551905,0.918328296008995
1977,143.57941423543733,157.9373556589811,150.58736006521409,499,151.03625434150067,151.0024207813063,151.2797810431372,3.2006864850469072,0.8926585725632589
1977,157.9373556589811,173.73109122487918,165.6460960717355,2295,164.2259334849291,164.16133208003947,164.03404829735953,4.612342427330815,0.8900848952477229
1977,173.73109122487918,191.1042003473671,182.21070567890905,6821,178.5485224411645,178.52212911192728,177.14260075308806,3.1036176143410272,0.878248042664246
1977,191.1042003473671,210.21462038210387,200.43177624679998,6071,196.73362117767024,196.71165395527427,196.27400163442158,2.9734067942980933,0.8430675757919602
1977,210.21462038210387,231.23608242031426,220.47495387148,7247,214.86265733745768,214.7953530288136,212.5711209037057,5.475702958783936,0.8117553613979349
1977,231.23608242031426,254.35969066234568,242.52244925862803,3796,246.06049889634278,246.01139281622986,247.9996410543233,4.860757529815218,0.7743777271179971
1977,254.35969066234568,279.7956597285803,266.77469418449084,3036,267.6559348330135,267.53017701998687,265.7139011296321,8.194663079876117,0.7547992119080285
1977,279.7956597285803,307.77522570143833,293.45216360293995,9434,288.768238881279,288.6373024464452,283.4281612049409,8.800818229232146,0.7391405258760303
1977,307.77522570143833,338.55274827158223,322.797379963234,4992,321.3180834706701,321.22623215641113,318.8566813555585,7.726854196682405,0.6904830673694852
1977,338.55274827158223,372.4080230987405,355.0771179595574,10835,355.6128145889223,355.56210404513064,354.2852015061761,6.017125017698379,0.6647359788741838
1977,372.4080230987405,409.6488254086146,390.5848297555132,8552,391.607274976537,391.56361163815825,391.8394328658308,5.853188970225546,0.6088526247382482
1977,409.6488254086146,450.613707949476,429.64331273106455,9563,426.2089133039883,426.16594400646744,425.1422418074114,6.097680525264516,0.5647442311461375
1977,450.613707949476,495.6750787444237,472.60764400417105,4081,465.23862792220086,465.1465821648039,460.57076195802904,9.339988952856466,0.5154214332133316
1977,495.6750787444237,545.2425866188661,519.8684084045882,10541,522.9295956318066,522.7200589735568,531.4278022592642,14.64230563831687,0.49437298206162383
1977,545.2425866188661,599.7668452807528,571.855249245047,4136,568.0327617129489,567.9408849512813,566.8563224098818,10.258792366831386,0.44000598289716636
1977,599.7668452807528,659.743529808828,629.0407741695518,5801,628.1287296015196,627.9091939079043,637.713362711117,16.51464282001006,0.4186738598970529
1977,659.743529808828,725.717882789711,691.9448515865071,10008,704.1020835689357,703.9988358212822,708.5704030123522,11.90922540907795,0.3887542163952013
1977,725.717882789711,798.2896710686822,761.139336745158,3543,764.7363569603041,764.4820736439166,779.4274433135876,19.649716973528474,0.33713625532529423
1977,798.2896710686822,878.1186381755502,837.2532704196736,2997,835.3939841696035,835.1793023572353,846.7416315997609,18.929819862106452,0.318862630617992
1977,878.1186381755502,965.9305019931054,920.978597461641,6262,901.316658691885,900.9840610582023,885.7130037654404,24.767955204523243,0.30340509371486335
1977,965.9305019931054,1062.523552192416,1013.0764572078052,2360,1003.4763539001567,1003.2705972106164,991.9985642172932,20.45297428893456,0.27110776435637435
1977,1062.523552192416,1168.775907411658,1114.384102928586,8481,1076.181465265524,1075.8642646491594,1062.8556045185285,26.49497668859383,0.25893566322478156
1977,1168.775907411658,1285.6534981528237,1225.8225132214448,4180,1232.9592872298256,1232.6004092681567,1239.9982052716164,29.56489716626359,0.21519346420061272
1977,1285.6534981528237,1414.2188479681063,1348.4047645435892,1595,1346.2968709440893,1345.9940192568556,1346.2837657234693,28.5831302530291,0.19363440372177465
1977,1414.2188479681063,1555.640732764917,1483.2452409979483,5199,1435.2619591444823,1434.854686913909,1417.1408060247045,34.6602530153661,0.1854079201180075
1977,1555.640732764917,1711.2048060414088,1631.5697650977431,2450,1621.5828891314022,1620.9761745990486,1594.2834067777926,44.64993429062454,0.15859319393870625
1977,1711.2048060414088,1882.3252866455496,1794.7267416075176,4416,1781.434484245803,1781.1785433896828,1771.4260075308807,30.503758892570826,0.1459569025097222
1977,1882.3252866455496,2070.557815310105,1974.1994157682695,1380,1974.1877927357823,1973.6127695026355,1948.5686082839688,47.836419646309686,0.12318063191772485
1977,2070.557815310105,2277.613596841116,2171.619357345097,3059,2141.1443310512786,2140.8003916128505,2125.711209037057,38.82130101173879,0.11606304735772567
1977,2277.613596841116,2505.3749565252274,2388.7812930796067,2287,2424.4730878199107,2423.3448994268547,2479.9964105432327,73.3688606028926,0.10028573491639417
1977,2505.3749565252274,2755.9124521777503,2627.6594223875672,947,2626.410475291978,2625.661273949826,2657.139011296321,62.67303296787165,0.08849014369268539
1977,2755.9124521777503,3031.5036973955257,2890.425364626324,2230,2861.8569161481655,2861.1437297010066,2834.281612049409,64.55738409732102,0.08360583023013524
1977,3031.5036973955257,3334.6540671350785,3179.467901088957,1044,3182.9216657327356,3182.2769151665993,3188.566813555585,64.03598626071854,0.07210422619477425
1977,3334.6540671350785,3668.1194738485865,3497.414691197853,2207,3527.3965438719956,3526.9354358839914,3542.8520150617614,56.49614776716831,0.06671961874503574
1977,3668.1194738485865,4034.9314212334457,3847.1561603176383,758,3848.6562313285845,3847.623069676304,3897.1372165679377,88.95475417590102,0.05533664111900808
1977,4034.9314212334457,4438.424563356791,4231.871776349403,1151,4248.801754124833,4248.0054283451245,4251.422418074114,82.2383459464052,0.05142712728097954
1977,4438.424563356791,4882.26701969247,4655.058953984343,627,4639.212150717943,4638.248001271803,4605.70761958029,94.98643140335453,0.04549064914434255
1977,4882.26701969247,5370.493721661717,5120.564849382778,1464,5217.513876931267,5215.263495932695,5314.278022592642,151.70835549948436,0.04225679007251684
1977,5370.493721661717,5907.5430938278905,5632.621334321057,564,5649.097639304008,5647.782523560062,5668.563224098818,121.66173968461709,0.034705961234952495
1977,5907.5430938278905,6498.297403210679,6195.883467753163,751,6228.270627808801,6225.937831271228,6341.705106960552,169.98412085616488,0.03179703537130066
1977,6498.297403210679,7148.127143531748,6815.471814528479,992,6988.328099633339,6986.158928334121,7085.704030123523,172.15091939373085,0.027923625223069227
1977,7148.127143531748,7862.939857884923,7497.018995981328,427,7584.199902797349,7581.459144779105,7617.131832382787,203.4330324712075,0.022807216611823444
1977,7862.939857884923,8649.233843673415,8246.720895579461,337,8251.676602816931,8249.020065908046,8148.559634642052,209.84800123430762,0.02060489153420051
1977,8649.233843673415,9514.157228040758,9071.392985137409,505,8961.378984363739,8959.355290497739,8857.130037654404,192.04223417396076,0.018866756753968827
1977,9514.157228040758,10465.572950844835,9978.53228365115,270,9904.856351901204,9901.330311230757,9919.985642172931,265.4347799955271,0.01626213341860681
1977,10465.572950844835,11512.13024592932,10976.385512016266,509,10783.500485532802,10780.493265608942,10628.556045185283,257.51562516012143,0.014869562526433058
1977,11512.13024592932,12663.343270522251,12074.024063217892,263,12159.500532230686,12155.712091232434,12329.12501241493,302.6733699395558,0.012244308511186986
1977,12663.343270522251,13929.677597574479,13281.426469539683,154,13225.92208177035,13220.708318443945,13108.552455728519,373.1236020787149,0.010887841308810332
1977,13929.677597574479,15322.645357331929,14609.569116493654,244,14443.09979815783,14438.21153597055,14171.408060247046,379.59288719711293,0.010093560133274192
1977,15322.645357331929,16854.909893065123,16070.526028143022,111,15985.179128754346,15981.39793955354,15942.834067777925,350.4779441135968,0.008835088660346801
1977,16854.909893065123,18540.400882371636,17677.578630957323,147,17701.086450060964,17697.353833777543,17714.260075308808,364.87366212921995,0.00826258729356426
1977,18540.400882371636,20394.4409706088,19445.336494053056,77,19440.935720893594,19434.805447644387,19485.68608283969,490.24156101547584,0.0075044098078252165
1977,20394.4409706088,22433.885067669682,21389.870143458364,97,21374.435278440476,21370.000598491733,21257.112090370567,439.31480266271035,0.007107269220057147
1977,22433.885067669682,24677.273574436655,23528.857157804203,41,23307.559296843756,23300.909599790142,23028.53809790145,566.1699112965772,0.006606975232868799
1977,24677.273574436655,27145.00093188032,25881.742873584626,51,25414.058454709702,25402.56751340556,24799.96410543233,777.1265613416588,0.00639551076405723
1977,27145.00093188032,29859.50102506836,28469.917160943092,36,28630.416974072323,28624.817104803584,28342.81612049409,576.0112155301721,0.006132469595535521
1977,29859.50102506836,32845.451127575194,31316.908877037404,29,31135.634147236186,31125.3123499812,31177.0977325435,817.2892540734028,0.005946793476579021
1977,32845.451127575194,36129.996240332715,34448.59976474114,35,35084.964729499916,35077.31235573756,35428.520150617616,737.4287791037465,0.005797221047419618
1977,36129.996240332715,39742.99586436599,37893.459741215265,19,37740.80913472155,37725.30064714822,37199.946158148494,1114.7310312382192,0.005616702598434132
1977,39742.99586436599,43717.295450802594,41682.80571533679,20,42112.11047703163,42099.38275491781,42514.224180741134,1056.7640215159893,0.0055187068689848675
1977,43717.295450802594,48089.02499588286,45851.08628687048,12,45357.59911296254,45346.03185385337,45702.79099429672,1068.896492474405,0.0054155534695645895
1977,48089.02499588286,52897.92749547114,50436.19491555753,7,50951.2731937525,50936.57081591555,51371.35421839554,1319.671330425868,0.0053536614299124225
1977,52897.92749547114,58187.72024501827,55479.814407113285,18,54325.77787877793,54308.558535274424,53798.207848712846,1421.2130948752035,0.0053175577401153255
1977,58187.72024501827,64006.4922695201,61027.79584782462,7,60798.883430474896,60779.22563879129,60228.484256049946,1682.2405007188665,0.005224719680637075
1977,64006.4922695201,70407.1414964721,67130.57543260709,6,65758.81720402779,65745.04771307507,65631.33357901913,1477.5460045903826,0.005188615990839978
1977,70407.1414964721,77447.85564611934,73843.63297586779,10,73298.06533961279,73264.25293538952,73142.17985095007,2351.8092253233285,0.005157669971013894
1977,77447.85564611934,85192.64121073128,81227.9962734546,11,80538.68862603129,80503.25084649198,80068.45554039581,2513.632452671427,0.005106093271303755
1977,85192.64121073128,93711.9053318044,89350.79590080006,6,89292.6250468106,89276.87668155006,88748.44297729712,1841.0213604815303,0.005049358901622603
1977,93711.9053318044,103083.09586498486,98285.87549088008,4,97966.94392048783,97939.03406975334,98487.7431667019,2686.10183284729,0.005018412881796519
1977,103083.09586498486,113391.40545148334,108114.46303996808,5,111369.55309346647,111360.96403181,110536.98286992696,1548.8585640948177,0.004997782201912464
1977,113391.40545148334,124730.5459966317,118925.9093439649,6,118178.088000945,118130.61481495952,116915.17935264265,3690.0621494368816,0.004971993852057394
1977,124730.5459966317,137203.60059629485,130818.50027836139,3,127424.5774750547,127412.66830423538,127188.38734071724,2135.529788809921,0.004941047832231311
1977,137203.60059629485,150923.96065592437,143900.35030619754,10,143159.70593869628,143131.70793929155,142980.65019785502,2978.126204835034,0.004925574822318269
1977,150923.96065592437,166016.35672151682,158290.3853368173,6,158058.43789862204,157988.3327553427,158011.19987175456,5165.845955739171,0.00487399812260813
1977,166016.35672151682,182617.99239366854,174119.42387049907,2,179445.4545628782,179430.67749860586,179445.4545628782,3256.727089967758,0.004843052102782047
1977,182617.99239366854,200879.79163303538,191531.366257549,3,187534.96666393592,187520.30388307598,189188.29760429804,2863.653190432862,0.004832736762840019
1977,200879.79163303538,220967.77079633894,210684.50288330388,2,213881.97614927855,213881.48025505562,213881.97614927855,651.3454179935433,0.004817263752926977
1977,220967.77079633894,243064.54787597284,231752.9531716343,4,231474.89354307146,231464.6651324094,231424.40790185684,2513.1258081926326,0.00480694841298495
1977,243064.54787597284,267371.00266357017,254928.24848879775,3,258504.19727898142,258329.51096383203,263233.90471908887,11547.700466813018,0.004786317733100894
1977,294108.10292992723,323518.91322292,308463.1806714454,2,307342.4123066078,307126.65141715243,307342.4123066078,16283.63544983887,0.004770844723187852
1977,323518.91322292,355870.804545212,339309.49873858993,919,354284.8472209747,354284.84722097317,354284.8472209746,5.823935580332685e-11,0.004760529383245825
1977,355870.804545212,391457.8849997332,373240.44861244893,3,361606.3871002341,361596.98237018014,361370.19696589664,3195.120914641059,2.063067988405558e-05
1977,391457.8849997332,430603.67349970655,410564.49347369384,1,396445.1404854111,396445.14048541134,396445.1404854111,,5.157669971013895e-06
1978,0.25595089967394596,0.2815459896413406,0.26844356827514526,20,0.255950899673946,0.255950899673946,0.25595089967394596,5.695323946259567e-17,1.0
1978,0.49877589495500324,0.5486534844505037,0.5231205718827935,1,0.5119017993478919,0.5119017993478919,0.5119017993478919,,0.999907548225157
1978,0.971973115566619,1.0691704271232811,1.0194140037897794,1,1.0238035986957839,1.0238035986957839,1.0238035986957839,,0.9999029256364149
1978,1.1760874698356092,1.2936962168191704,1.2334909445856332,4,1.2797544983697298,1.2797544983697298,1.2797544983697298,0.0,0.9998983030476728
1978,1.4230658385010875,1.5653724223511962,1.4925240429486164,1,1.535705398043676,1.535705398043676,1.535705398043676,,0.9998798126927042
1978,1.8941006310449477,2.083510694149443,1.986549501164609,1,2.0476071973915677,2.0476071973915677,2.0476071973915677,,0.999875190103962
1978,2.291861763564387,2.521047939920826,2.403724896409177,1,2.3035580970655136,2.3035580970655136,2.3035580970655136,,0.9998705675152199
1978,2.521047939920826,2.773152733912909,2.644097386050095,13,2.5595089967394595,2.5595089967394595,2.5595089967394595,0.0,0.9998659449264777
1978,2.773152733912909,3.0504680073042,2.9085071246551046,1,2.8154598964134054,2.815459896413405,2.8154598964134054,,0.9998058512728298
1978,3.0504680073042,3.3555148080346204,3.1993578371206155,10,3.0970058860547462,3.0960938528885893,3.071410796087352,0.08093878121389159,0.9998012286840877
1978,3.3555148080346204,3.691066288838083,3.519293620832678,1,3.5833125954352436,3.583312595435243,3.5833125954352436,,0.9997550027966662
1978,3.691066288838083,4.060172917721891,3.8712229829159455,11,3.839263495109189,3.839263495109188,3.8392634951091895,4.657646926676369e-16,0.9997503802079241
1978,4.060172917721891,4.46619020949408,4.258345281207539,5,4.248784934587503,4.2469192778328795,4.351165294457081,0.1401900813651616,0.9996995317317604
1978,4.46619020949408,4.912809230443489,4.6841798093282945,2,4.735091643968,4.7333619300677405,4.735091643968,0.18098461681024516,0.9996764187880497
1978,4.912809230443489,5.4040901534878385,5.152597790261125,11,5.119017993478919,5.119017993478919,5.119017993478919,0.0,0.9996671736105653
1978,5.4040901534878385,5.944499168836622,5.6678575692872375,3,5.716236759384793,5.714975764193595,5.630919792826811,0.14777332082607983,0.9996163251344018
1978,5.944499168836622,6.538949085720286,6.234643326215962,10,6.321987221946467,6.320887183641524,6.39877249184865,0.1236360305233764,0.9996024573681753
1978,6.538949085720286,7.192843994292315,6.858107658837559,3,6.995991257754523,6.9949591136240254,6.910674291196541,0.14777332082607983,0.9995562314807539
1978,7.192843994292315,7.912128393721547,7.543918424721316,27,7.67852699021838,7.678526990218381,7.678526990218379,9.050976241643627e-16,0.9995423637145274
1978,7.912128393721547,8.703341233093703,8.298310267193447,9,8.389501711534896,8.386196241241027,8.446379689240217,0.24873956390685892,0.9994175538184894
1978,8.703341233093703,9.573675356403074,9.128141293912794,8,9.054263075965837,9.05341911663244,8.958281488588108,0.13246717556076043,0.9993759505198101
1978,9.573675356403074,10.53104289204338,10.040955423304073,50,10.232916968964359,10.232590660829809,10.238035986957838,0.08159683091568141,0.9993389698098729
1978,10.53104289204338,11.584147181247722,11.04505096563448,8,11.293833448112865,11.289839210171321,11.517790485327568,0.3190232046200751,0.9991078403727656
1978,11.584147181247722,12.742561899372495,12.14955606219793,3,12.115009251233444,12.11258290434529,12.285643184349407,0.29554664165215966,0.9990708596628284
1978,12.742561899372495,14.016818089309744,13.364511668417725,132,12.826630313205703,12.825897000276603,12.7975449836973,0.140181973908811,0.9990569918966019
1978,14.016818089309744,15.41849989824072,14.700962835259498,93,15.17816356668615,15.172392400654186,15.357053980436758,0.4130274021761235,0.9984468101826385
1978,15.41849989824072,16.960349888064794,16.17105911878545,18,16.32397960142722,16.319372861756737,16.38085757913254,0.3980263344511606,0.9980169094296187
1978,16.960349888064794,18.656384876871275,17.788165030663997,52,17.97070643672263,17.96942210252975,17.916562977176216,0.21704273184149578,0.9979337028322601
1978,18.656384876871275,20.522023364558404,19.5669815337304,172,20.300477752046344,20.29510348176178,20.476071973915676,0.4594653169818324,0.9976933282176684
1978,20.522023364558404,22.574225701014242,21.523679687103435,25,21.428209320702752,21.418666009239924,21.243924672937514,0.6547208671262909,0.9968982429540191
1978,22.574225701014242,24.831648271115675,23.676047655813782,50,23.48093553608781,23.471641074093096,23.035580970655136,0.6738376130149436,0.9967826782354654
1978,24.831648271115675,27.31481309822724,26.043652421395166,800,25.612046714497993,25.611687458748744,25.5950899673946,0.13776795621267066,0.9965515487983581
1978,27.31481309822724,30.046294408049967,28.64801766353468,57,28.56322233028018,28.553339733200374,28.154598964134056,0.7630533212701135,0.9928534778046402
1978,30.046294408049967,33.05092384885497,31.512819429888154,296,30.800577859412012,30.798654629609075,30.714107960873516,0.3495524459816847,0.9925899902463378
1978,33.05092384885497,36.35601623374047,34.66410137287698,110,34.53475684509733,34.5136179214481,34.297420556308765,1.215298452982972,0.9912217039786622
1978,36.35601623374047,39.99161785711451,38.13051151016467,789,38.38712016618131,38.38662330331269,38.39263495109189,0.19483973848612765,0.9907132192170259
1978,39.99161785711451,43.99077964282598,41.94356266118114,163,41.62421134084025,41.61025038282816,40.95214394783135,1.0903991531840829,0.9870659966994716
1978,43.99077964282598,48.38985760710857,46.13791892729926,167,46.07269458142809,46.06860554160431,46.07116194131027,0.6164734959988482,0.9863125147345017
1978,48.38985760710857,53.22884336781944,50.75171082002919,2177,51.16925239223432,51.16863858052098,51.1901799347892,0.24742497763593868,0.985540542414563
1978,53.22884336781944,58.55172770460138,55.82688190203211,156,55.66603925729256,55.65074075460145,56.30919792826811,1.305580159979165,0.9754771667229082
1978,58.55172770460138,64.40690047506153,61.409570092235334,1083,63.25603148783966,63.24133838906364,63.98772491848649,1.3473591034502745,0.9747560428791332
1978,64.40690047506153,70.84759052256769,67.55052710145887,137,67.78775506401061,67.76904417016398,67.82698841359567,1.5965706396004915,0.9697497792713876
1978,70.84759052256769,77.93234957482446,74.30557981160476,3311,76.54137830192064,76.5337341951447,76.78526990218379,1.0602769403926156,0.9691164846137134
1978,77.93234957482446,85.72558453230691,81.73613779276525,288,81.98071767820423,81.96881800936346,81.9042878956627,1.39866664152069,0.9538110932884634
1978,85.72558453230691,94.29814298553761,89.90975157204177,873,89.99767230058744,89.98779026787885,89.58281488588109,1.336313778458624,0.952479787730725
1978,94.29814298553761,103.72795728409139,98.90072672924596,3551,102.15879043403973,102.1526726086547,102.3803598695784,1.0974609119948755,0.9484442677588303
1978,103.72795728409139,114.10075301250053,108.79079940217056,233,108.85602748150077,108.82655717519033,107.4993778630573,2.5429604543812614,0.932029455135465
1978,114.10075301250053,125.5108283137506,119.66987934238763,978,118.02607831048586,117.97298431767932,115.17790485327569,3.56313058277225,0.9309523919585446
1978,125.5108283137506,138.06191114512566,131.63686727662642,4650,128.26117911013586,128.2547688182739,127.97544983697298,1.3021587995408044,0.9264315001687244
1978,138.06191114512566,151.86810225963825,144.80055400428907,749,143.0755277472431,143.03290706899693,141.54084751969214,3.512976215357885,0.9049364625177392
1978,151.86810225963825,167.05491248560207,159.28060940471798,5367,155.08592936800449,155.03888915528768,153.57053980436757,3.893329509595926,0.9014741435498708
1978,167.05491248560207,183.76040373416228,175.20867034518977,3674,176.56264952804491,176.51517080356072,179.16562977176218,4.067302160612668,0.8766647097707658
1978,183.76040373416228,202.13644410757854,192.72953737970877,8028,196.43979680006814,196.3707281480827,199.64170174567786,5.1540433662818455,0.8596813187321164
1978,202.13644410757854,222.35008851833643,212.00249111767968,6392,206.51882052155418,206.4758835618764,204.7607197391568,4.2742554966861706,0.8225711763101572
1978,222.35008851833643,244.5850973701701,233.20274022944767,3226,232.17801191139068,232.12254015045812,230.35580970655138,5.1008928611669155,0.7930235890703512
1978,244.5850973701701,269.04360710718714,256.5230142523925,8308,255.9714484522419,255.94818200296243,255.95089967394597,3.457243165937292,0.7781111177881838
1978,269.04360710718714,295.94796781790586,282.1753156776317,3556,283.08522192186007,283.04748784749654,283.0816950393843,4.624993521530669,0.7397066505184233
1978,295.94796781790586,325.54276459969645,310.39284724539493,9907,309.2073399351834,309.17106428825156,307.14107960873514,4.7607962122088505,0.7232687249513473
1978,325.54276459969645,358.09704105966614,341.43213196993446,3570,336.26054893920303,336.18052908579,332.7361695761298,7.402450961496158,0.6774727382828932
1978,358.09704105966614,393.9067451656328,375.5753451669279,12729,376.51923624085134,376.3644401919537,383.92634951091895,10.709540994287524,0.6609700964734271
1978,393.9067451656328,433.2974196821961,413.1328796836208,10321,405.76654231986663,405.6827498697842,400.8191088893994,8.317281091402423,0.602129164374633
1978,433.2974196821961,476.6271616504157,454.4461676519829,7478,454.21204785739485,454.06171764731045,460.71161941310277,11.621541495641493,0.55441942596693
1978,476.6271616504157,524.2898778154574,499.8907844171812,12178,508.6108609489885,508.536696585746,511.90179934789194,8.581193422281476,0.5198517073531519
1978,524.2898778154574,576.7188655970032,549.8798628588994,4427,552.1303775605935,551.9414178681159,557.9729612892022,14.4049726855272,0.4635578216512812
1978,576.7188655970032,634.3907521567035,604.8678491447894,4428,604.4055642819264,604.2473619508631,614.2821592174703,13.806383741060252,0.44309362128979474
1978,634.3907521567035,697.8298273723739,665.3546340592683,8054,652.2198409677015,651.9689826469267,639.8772491848649,18.279783804325618,0.4226247983395661
1978,697.8298273723739,767.6128101096112,731.8900974651951,3711,724.2097945110911,724.061103438592,716.6625190870487,14.774317244338073,0.3853944686103111
1978,767.6128101096112,844.3740911205725,805.0791072117147,10925,779.5199132909751,779.2528034776219,767.8526990218379,20.659566322585388,0.36824004178820224
1978,844.3740911205725,928.8115002326299,885.5870179328863,5938,892.0267736831383,891.7605438478377,895.8281488588109,21.660068715652184,0.3177382597802421
1978,928.8115002326299,1021.6926502558929,974.145719726175,2653,972.8180444142962,972.5796914313482,972.6134187609947,21.55873153140532,0.290289327829371
1978,1021.6926502558929,1123.8619152814824,1071.5602916987928,7719,1038.8271770708286,1038.4981296638962,1023.8035986957839,26.476649175313263,0.27802559989645403
1978,1123.8619152814824,1236.2481068096308,1178.716320868672,4381,1173.278456721849,1172.8193659930987,1151.7790485327569,33.0105763839994,0.2423438373958184
1978,1236.2481068096308,1359.8729174905939,1296.5879529555393,6795,1286.8329815289248,1286.648059869956,1279.7544983697298,22.0288305758745,0.22209227611647075
1978,1359.8729174905939,1495.8602092396534,1426.2467482510933,2534,1427.0766646126415,1426.6801109354099,1407.7299482067028,33.759765056833814,0.19068178561357932
1978,1495.8602092396534,1645.446230163619,1568.8714230762027,5070,1547.6866262526735,1547.4171021800385,1535.7053980436758,29.20433095468649,0.17896814574097786
1978,1645.446230163619,1809.9908531799808,1725.7585653838232,3853,1748.9864329382906,1748.1426962729888,1791.6562977176218,53.93774066038265,0.15553162081829067
1978,1809.9908531799808,1990.989938497979,1898.3344219222056,1706,1898.7432435623884,1898.1903881880783,1919.6317475545948,45.75278673125347,0.13772078639479682
1978,1990.989938497979,2190.0889323477772,2088.1678641144263,4011,2067.6481975046067,2067.1197342014857,2047.6071973915678,47.20152829147459,0.12983465000069339
1978,2190.0889323477772,2409.097825582555,2296.9846505258693,1879,2300.5131122803564,2300.059120339583,2303.5580970655137,45.65552629335478,0.11129344655594026
1978,2409.097825582555,2650.0076081408106,2526.683115578456,3692,2545.808067093343,2545.4193918375063,2559.5089967394597,44.10887472921647,0.10260760230944534
1978,2650.0076081408106,2915.0083689548924,2779.351427136302,1342,2782.474462622266,2781.6773241614037,2815.4598964134057,66.45667983754157,0.08554100467343721
1978,2915.0083689548924,3206.5092058503815,3057.2865698499327,2120,3064.20577826153,3063.5498684477866,3071.4107960873516,63.33216873181003,0.07933749058147543
1978,3206.5092058503815,3527.16012643542,3363.015226834926,1143,3349.2091092134315,3348.5417114380184,3327.3616957612976,67.14281419473853,0.069537602448123
1978,3527.16012643542,3879.8761390789623,3699.316749518419,2510,3768.1803217838847,3766.565414515119,3839.2634951091895,109.22363991956131,0.06425398351584855
1978,3879.8761390789623,4267.863752986859,4069.2484244702614,833,4083.4517149016015,4082.518874924034,4095.2143947831355,87.15157426509076,0.05265128577305863
1978,4267.863752986859,4694.650128285545,4476.173266917288,1151,4497.149814286229,4495.4005450011,4555.926014196238,125.11784633329137,0.04880066935084986
1978,4694.650128285545,5164.1151411141,4923.790593609017,1698,5053.683134761618,5052.228189944997,5119.017993478919,119.81877370550852,0.043480069708638235
1978,5164.1151411141,5680.526655225511,5416.169652969919,732,5471.601197230449,5469.642964204531,5461.992199042008,146.17441013675025,0.03563091402447199
1978,5680.526655225511,6248.579320748062,5957.786618266911,592,5964.7083010681545,5962.880380757237,5886.870692500757,147.90179200512262,0.03224717906522011
1978,6248.579320748062,6873.43725282287,6553.565280093603,898,6465.186619895113,6463.87456521606,6398.772491848649,131.39347116212338,0.02951060652986886
1978,6873.43725282287,7560.7809781051565,7208.921808102965,544,7164.713557588548,7161.946557829088,7166.625190870487,199.69287191248395,0.02535952183942051
1978,7560.7809781051565,8316.859075915672,7929.813988913261,1079,7783.806071120408,7781.570961500545,7678.526990218379,188.73201307654986,0.022844833563692338
1978,8316.859075915672,9148.544983507241,8722.795387804588,550,8780.349542152773,8777.379508058448,8958.281488588109,227.30870189504606,0.01785706031091532
1978,9148.544983507241,10063.399481857965,9595.074926585048,323,9531.679651775308,9527.910773262403,9470.183287936,269.3549525377791,0.015314636502734262
1978,10063.399481857965,11069.739430043765,10554.582419243554,572,10378.107801604052,10375.20594287353,10238.035986957839,248.3720445022709,0.013821540339020659
1978,11069.739430043765,12176.71337304814,11610.04066116791,288,11580.489568563667,11577.889167723877,11517.790485327569,246.64165758541535,0.011177419578512359
1978,12176.71337304814,13394.384710352955,12771.044727284701,425,12786.6420776086,12784.176442193182,12797.544983697298,251.3435634697079,0.009846114020773913
1978,13394.384710352955,14733.823181388252,14048.149200013173,174,14063.020658026022,14058.65525597818,14077.299482067026,351.26512851083436,0.007881513805361279
1978,14733.823181388252,16207.20549952708,15452.96412001449,225,15363.159262563648,15360.652620805771,15357.053980436758,278.63281663255634,0.007077183364227635
1978,16207.20549952708,17827.92604947979,16998.260532015942,106,16875.31849783567,16869.86017489087,16814.694354079882,432.76860877699073,0.006037100897244475
1978,17827.92604947979,19610.71865442777,18698.086585217538,134,18420.215135212973,18411.489356697886,18172.513876850164,572.2729158736888,0.005547106490576853
1978,19610.71865442777,21571.79051987055,20567.895243739295,109,20473.510116745547,20469.89644885534,20476.071973915678,387.2492180450125,0.004927679599129104
1978,21571.79051987055,23728.969571857604,22624.684768113224,75,22619.851868690064,22612.336665080868,23035.580970655137,585.2011578238051,0.00442381742623504
1978,23728.969571857604,26101.866529043367,24887.15324492455,57,25280.12666906249,25273.954314557177,25595.089967394597,558.1104425202767,0.004077123270573987
1978,26101.866529043367,28712.053181947707,27375.86856941701,37,27270.516886292713,27260.743785352188,27130.795365438273,741.6315371833899,0.0038136357122715864
1978,28712.053181947707,31583.258500142478,30113.45542635871,34,30192.382163758724,30182.574693046867,30714.107960873516,779.1652853504055,0.0036425999288121334
1978,31583.258500142478,34741.58435015673,33124.80096899458,16,33217.38774434086,33205.32627850789,33273.616957612976,923.846872187957,0.0034854319115791227
1978,34741.58435015673,38215.742785172406,36437.28106589404,12,36127.46948897748,36119.48420489943,35833.125954352436,798.1624931283922,0.0034114704917047644
1978,38215.742785172406,42037.317063689654,40081.00917248346,26,39229.58454876033,39213.85232913691,38392.634951091895,1143.4262168310952,0.003355999426798996
1978,42037.317063689654,46241.04877005862,44089.1100897318,12,44326.42997519954,44302.08936045142,44445.87372838071,1530.8436841473501,0.003235812119503164
1978,46241.04877005862,50865.15364706448,48498.02109870498,4,49206.56046231611,49203.10909257416,49142.572737397626,673.1395120777854,0.0031803410545973958
1978,50865.15364706448,55951.66901177094,53347.823208575486,12,51853.09276494471,51839.94451699036,51318.15538462617,1241.596222275562,0.003161850699628806
1978,55951.66901177094,61546.83591294804,58682.60552943304,8,58932.69464992606,58923.13173747531,58868.70692500757,1142.6013799736845,0.0031063796347230374
1978,61546.83591294804,67701.51950424284,64550.86608237635,2,65139.50396701925,65129.32044857122,65139.50396701925,1628.861551292204,0.0030693989247858587
1978,67701.51950424284,74471.67145466714,71005.952690614,3,70813.08224312506,70802.71901050616,71666.25190870487,1477.733208260796,0.003060153747301564
1978,74471.67145466714,81918.83860013385,78106.5479596754,2,79728.70524843417,79699.01681160677,79728.70524843417,3076.738485774163,0.003046285981075122
1978,81918.83860013385,90110.72246014726,85917.20275564294,4,85423.61276617946,85411.3848543729,85743.5513907719,1663.6808478806463,0.003037040803590827
1978,99121.79470616198,109033.9741767782,103959.81533432797,4,105067.8443161548,105048.70093555114,105323.79521582877,2313.018334395991,0.0030185504486222375
1978,109033.9741767782,119937.37159445601,114355.79686776079,5,113987.32364835237,113963.4465182089,113898.15035490596,2615.17338940404,0.003000060093653648
1978,119937.37159445601,131931.10875390164,125791.37655453688,5,127489.14312759248,127447.7007885933,127975.44983697298,3602.0031129699014,0.002976947149942911
1978,131931.10875390164,145124.2196292918,138370.51420999056,2,133657.55980973458,133656.3736666368,133657.55980973458,796.3323139650693,0.002953834206232174
1978,145124.2196292918,159636.641592221,152207.56563098964,1,153570.53980436758,153570.53980436764,153570.53980436758,,0.0029445890287478796
1978,175600.3057514431,193160.33632658742,184171.15441349748,1,179165.62977176218,179165.62977176203,179165.62977176218,,0.002939966440005732
1978,193160.33632658742,212476.3699592462,202588.26985484725,1,212439.24672937515,212439.24672937515,212439.24672937515,,0.0029353438512635848
1978,233724.00695517086,257096.40765068796,245131.80652436524,629,255946.57495826762,255946.55451249995,255950.6437230463,102.04410150932833,0.002930721262521437
1978,257096.40765068796,282806.0484157567,269644.9871768018,5,268619.9573060069,268475.7562685865,268236.030956496,9856.602350409952,2.3112943710736887e-05
1979,0.1513660610401351,0.16650266714414863,0.15875406413155696,10,0.1513660610401351,0.1513660610401351,0.1513660610401351,0.0,1.0
1979,0.29496963150855526,0.3244665946594108,0.3093667594676619,2,0.3027321220802702,0.3027321220802702,0.3027321220802702,0.0,0.9999414543900426
1979,0.4318650374916759,0.47505154124084353,0.4529438725366039,7,0.4540981831204053,0.4540981831204054,0.4540981831204054,1.199177923332954e-16,0.9999297452680511
1979,0.5748123649014207,0.6322936013915629,0.60286829434622,3,0.6054642441605405,0.6054642441605405,0.6054642441605405,0.0,0.9998887633410809
1979,0.6955229615307192,0.7650752576837913,0.7294706361589263,5,0.7568303052006756,0.7568303052006756,0.7568303052006756,0.0,0.9998711996580937
1979,0.8415827834521704,0.9257410617973875,0.8826594697523009,5,0.9081963662408107,0.9081963662408108,0.9081963662408108,1.2412670766236366e-16,0.9998419268531149
1979,1.0183151679771263,1.120146684774839,1.0680179584002842,1,1.0595624272809459,1.0595624272809459,1.0595624272809459,,0.9998126540481362
1979,1.120146684774839,1.232161353252323,1.1748197542403127,4,1.210928488321081,1.210928488321081,1.210928488321081,0.0,0.9998067994871405
1979,1.3553774885775556,1.490915237435311,1.4215319026307787,5,1.3622945493612162,1.3622945493612162,1.3622945493612162,0.0,0.9997833812431575
1979,1.490915237435311,1.6400067611788425,1.5636850928938566,18,1.5136606104013515,1.5136606104013512,1.5136606104013512,2.2848201349902134e-16,0.9997541084381788
1979,1.6400067611788425,1.8040074372967267,1.7200536021832427,1,1.6650266714414863,1.6650266714414863,1.6650266714414863,,0.9996487263402554
1979,1.8040074372967267,1.9844081810263996,1.892058962401567,12,1.8668480861616663,1.8655080366963046,1.8163927324816216,0.07452749654839565,0.9996428717792596
1979,1.9844081810263996,2.18284899912904,2.081264858641724,4,2.1191248545618917,2.1191248545618917,2.1191248545618917,0.0,0.9995726170473107
1979,2.18284899912904,2.4011338990419437,2.2893913445058964,9,2.2704909156020268,2.2704909156020268,2.2704909156020268,0.0,0.9995491988033277
1979,2.4011338990419437,2.6412472889461385,2.518330478956486,11,2.4906597316604047,2.489523278948814,2.421856976642162,0.07904834729134136,0.999496507754366
1979,2.6412472889461385,2.9053720178407527,2.770163526852135,3,2.7245890987224324,2.7245890987224324,2.7245890987224324,0.0,0.9994321075834128
1979,2.9053720178407527,3.195909219624828,3.0471798795373486,29,3.037760259495126,3.0375248261511105,3.0273212208027025,0.03903438801409438,0.9994145439004256
1979,3.195909219624828,3.515500141587311,3.351897867491084,2,3.4814194039231077,3.4814194039231077,3.4814194039231077,0.0,0.9992447616315491
1979,3.515500141587311,3.8670501557460426,3.6870876542401927,22,3.7566304239960817,3.7561688438443173,3.784151526003378,0.059754933852444236,0.9992330525095575
1979,3.8670501557460426,4.253755171320647,4.055796419664212,5,4.0263372236675945,4.024545830810803,3.9355175870435133,0.1353859207888498,0.9991042521676512
1979,4.253755171320647,4.679130688452712,4.461376061630634,21,4.526566015866897,4.526343919515604,4.5409818312040535,0.04552979162102399,0.9990749793626725
1979,4.679130688452712,5.1470437572979835,4.9075136677936975,11,4.926277259306215,4.92569959006474,4.99508001432446,0.07904834729134184,0.9989520335817619
1979,5.1470437572979835,5.661748133027783,5.398265034573067,13,5.379316938503264,5.3778288498799816,5.297812136404729,0.13275681768616815,0.9988876334108087
1979,5.661748133027783,6.227922946330562,5.938091538030375,24,6.054642441605405,6.053679795073851,6.054642441605405,0.10933399431929584,0.998811524117864
1979,6.227922946330562,6.850715240963619,6.531900691833414,6,6.634879008925924,6.631727042594584,6.735789716286013,0.2228048090640766,0.9986710146539661
1979,6.850715240963619,7.535786765059981,7.185090761016755,6,7.21511557624644,7.214216630628046,7.265570929926486,0.1235898713077681,0.9986358872879917
1979,7.535786765059981,8.289365441565979,7.90359983711843,42,7.615154451852511,7.613611126460505,7.568303052006756,0.15853600677957883,0.9986007599220172
1979,8.289365441565979,9.118301985722578,8.693959820830274,32,8.935327790775474,8.931837962484652,9.081963662408107,0.2505978134201589,0.998354868360196
1979,9.118301985722578,10.030132184294837,9.563355802913303,13,9.850437510765715,9.847781374192717,9.99016002864892,0.23499581757717158,0.9981675224083322
1979,10.030132184294837,11.033145402724323,10.519691383204636,30,10.575442131337441,10.574450269837747,10.595624272809458,0.14731008804356358,0.9980914131153875
1979,11.033145402724323,12.136459942996755,11.5716605215251,34,11.90449550650945,11.899572293635043,12.10928488321081,0.3433169473587937,0.9979157762855152
1979,12.136459942996755,13.35010593729643,12.72882657367761,23,12.543639667065111,12.539016279825494,12.41201700529108,0.35145961917322455,0.99771672121166
1979,13.35010593729643,14.685116531026075,14.001709231045371,19,14.005343963608293,14.000194664578919,13.92567761569243,0.39202355555436635,0.9975820663087578
1979,14.685116531026075,16.153628184128685,15.40188015414991,257,15.152508375017728,15.152130288156531,15.136606104013511,0.10875874008277094,0.9974708296498387
1979,16.153628184128685,17.768991002541554,16.942068169564905,32,16.905696942420093,16.90032621373578,16.801632775454998,0.43402153842500857,0.9959662074739326
1979,17.768991002541554,19.545890102795713,18.636274986521396,123,18.29191163658998,18.289767745925325,18.163927324816214,0.2841944972677106,0.9957788615220687
1979,19.545890102795713,21.500479113075283,20.499902485173536,52,20.571229872512205,20.5596408186666,20.888516423538647,0.6947851344334481,0.9950587505195922
1979,21.500479113075283,23.650527024382814,22.54989273369089,221,22.674772926672915,22.674189359562646,22.70490915602027,0.16111125576642915,0.9947543133478136
1979,23.650527024382814,26.015579726821098,24.80488200705998,65,24.628422485545677,24.621966329857813,24.21856976642162,0.571847199120838,0.9934604553677543
1979,26.015579726821098,28.617137699503207,27.285370207765983,60,27.25598205796033,27.253106667731245,27.245890987224325,0.399862353533425,0.9930799089030309
1979,28.617137699503207,31.478851469453534,30.013907228542582,790,30.276277849769606,30.275284132294427,30.273212208027022,0.2440868550206881,0.9927286352432863
1979,31.478851469453534,34.62673661639889,33.015297951396846,56,33.03023689125806,33.019099658477224,33.30053342882973,0.8624191768134541,0.9881035320566487
1979,34.62673661639889,38.089410278038784,36.31682774653653,361,37.32410329514866,37.31394264059277,37.84151526003378,0.8622493459708043,0.9877756766408871
1979,38.089410278038784,41.89835130584267,39.948510521190194,75,39.96871297118447,39.958757578112916,39.35517587043513,0.9006283496715752,0.9856621801214236
1979,41.89835130584267,46.08818643642693,43.94336157330921,1162,45.2557167197768,45.2510722919229,45.40981831204054,0.6360568038379666,0.9852230880467429
1979,46.08818643642693,50.69700508006963,48.33769773064014,109,48.79403015382778,48.78293151604959,48.43713953284324,1.0451533386945646,0.9784200881696886
1979,50.69700508006963,55.7667055880766,53.17146750370415,288,53.19045431078415,53.18305586668219,52.97812136404729,0.8895131753741963,0.9777819410211526
1979,55.7667055880766,61.34337614688426,58.48861425407457,1331,60.40677188190132,60.40301044866289,60.546424416054045,0.6623045276132812,0.9760958274543783
1979,61.34337614688426,67.4777137615727,64.33747567948204,100,64.27457049947259,64.25905760554632,63.573745636856756,1.4224887837007274,0.9683034067690435
1979,67.4777137615727,74.22548513772996,70.77122324743024,285,70.08832846042971,70.05697063425052,69.62838807846215,2.107186289108863,0.9677179506694691
1979,74.22548513772996,81.64803365150297,77.84834557217327,2108,75.81213686624885,75.80891307294004,75.68303052006756,0.7117779272846482,0.9660494007856821
1979,81.64803365150297,89.81283701665329,85.63318012939061,221,84.40404434461074,84.37920181852569,83.25133357207432,2.064567388425249,0.9537079862066543
1979,89.81283701665329,98.79412071831861,94.19649814232967,1992,91.4564834903348,91.43677098513875,90.81963662408108,1.9377110688417853,0.9524141282265949
1979,98.79412071831861,108.67353279015047,103.61614795656264,989,105.55953814749193,105.55023566892174,105.95624272809458,1.3833155369859633,0.9407518427230734
1979,108.67353279015047,119.54088606916554,113.97776275221892,440,112.7976446733336,112.76164315639426,113.52454578010135,2.8582506465205024,0.9349616818982829
1979,119.54088606916554,131.4949746760821,125.37553902744082,2684,121.7411174132021,121.72526062270926,121.09284883210809,1.9972421111454772,0.9323856750601556
1979,131.4949746760821,144.64447214369034,137.91309293018492,919,137.2919820958277,137.26570311708443,136.2294549361216,2.710222779478585,0.9166720333475794
1979,144.64447214369034,159.10891935805938,151.70440222320343,5290,151.29003464614954,151.27724969877855,151.36606104013512,1.9758188773047878,0.9112916917924909
1979,159.10891935805938,175.01981129386533,166.8748424455238,6545,170.03614537212087,170.00750816646803,171.64911321951323,3.0919025196620384,0.8803210641250065
1979,175.01981129386533,192.52179242325187,183.56232669007616,3991,182.33121071185957,182.309991105964,181.63927324816217,2.8059915707666767,0.8420029624078639
1979,192.52179242325187,211.77397166557708,201.91855935908382,1761,199.97510978483544,199.92612303468428,196.77587935217565,4.449461479472922,0.8186374094738506
1979,211.77397166557708,232.95136883213482,222.11041529499224,5739,224.03625020828153,223.9573365956951,227.0490915602027,5.874530593156302,0.8083275275603459
1979,232.95136883213482,256.2465057153483,244.32145682449146,3580,245.08693687551565,245.04598166131225,242.18569766421618,4.483168940958708,0.7747282020057726
1979,256.2465057153483,281.87115628688315,268.75360250694064,4413,269.1700508731874,269.0936396571056,272.4589098722432,6.365968639550148,0.7537688736410101
1979,281.87115628688315,310.05827191557154,295.6289627576347,8665,301.66576433876605,301.6244054839372,302.73212208027024,4.940765752069169,0.7279326959667929
1979,310.05827191557154,341.0640991071287,325.19185903339826,4320,325.19989107399437,325.10704477866756,323.0151742596484,7.785010651001356,0.6772029249386735
1979,341.0640991071287,375.17050901784154,357.71104493673806,8381,350.54315407963566,350.4198584323553,343.29822643902645,9.361049952772468,0.6519112214370606
1979,375.17050901784154,412.68755991962576,393.4821494304119,7002,386.59940440658863,386.4428642138281,378.4151526003378,11.099797945832455,0.6028441457317323
1979,412.68755991962576,453.9563159115883,432.8303643734531,3703,429.4887103991561,429.3893933771758,423.8249709123783,9.28297413728737,0.5618505096395346
1979,453.9563159115883,499.35194750274724,476.1134008107984,10649,461.6243129070251,461.45353582174266,454.0981831204054,12.706012625192546,0.5401710702722956
1979,499.35194750274724,549.287142253022,523.7247408918784,5868,527.6190366461911,527.4556922751459,529.781213640473,13.05122209967003,0.4778258502286206
1979,549.287142253022,604.2158564783242,576.0972149810661,2701,574.149962972157,574.0030240104834,575.1910319525134,13.001276455390178,0.4434712863055964
1979,604.2158564783242,664.6374421261568,633.7069364791729,8170,614.4995011106007,614.3052416530576,605.4642441605405,15.642024497107814,0.4276581170560925
1979,664.6374421261568,731.1011863387725,697.0776301270903,4704,695.0306380169069,694.740857665926,681.147274680608,20.167455242399754,0.37982635372086626
1979,731.1011863387725,804.2113049726497,766.7853931397993,6923,761.856082593261,761.73355613725,756.8303052006756,13.789133185832915,0.3522864987968877
1979,804.2113049726497,884.6324354699149,843.4639324537793,2759,843.1954783981414,842.9463074578167,832.5133357207432,20.568874260912754,0.3117553730233538
1979,884.6324354699149,973.0956790169065,927.8103256991574,6158,915.2559043153233,915.0975999445589,908.1963662408108,17.215701561577358,0.29560263923609686
1979,973.0956790169065,1070.4052469185972,1020.5913582690732,4690,1033.7913710253529,1033.296813958846,1059.562427280946,31.765199928016216,0.259550252624307
1979,1070.4052469185972,1177.4457716104569,1122.6504940959805,2171,1120.7042759997553,1120.3793520686115,1133.580431129572,26.972274506664693,0.23209236155426885
1979,1177.4457716104569,1295.1903487715028,1234.9155435055789,4954,1223.226476634446,1222.9030413107796,1210.928488321081,28.392491289244646,0.2193821096325092
1979,1295.1903487715028,1424.709383648653,1358.4070978561367,2518,1359.5916011608158,1359.310094913722,1362.294549361216,27.637408602925166,0.19037861445959475
1979,1424.709383648653,1567.1803220135184,1494.2478076417503,4661,1506.057656504648,1505.8259593586715,1513.6606104013513,26.19956141425147,0.17563682987231202
1979,1567.1803220135184,1723.8983542148706,1643.6725884059256,1793,1645.7087995052045,1645.2333618869304,1665.0266714414863,39.44906386647457,0.1483487210711505
1979,1723.8983542148706,1896.2881896363576,1808.0398472465183,2940,1814.6889890489888,1814.3279968888125,1816.3927324816216,36.15363476954836,0.13785149320578197
1979,1896.2881896363576,2085.9170085999936,1988.8438319711702,1474,1980.8947798149259,1980.4804716529554,1967.7587935217564,40.68512883622414,0.12063908387829539
1979,2085.9170085999936,2294.5087094599935,2187.7282151682875,3368,2228.172371570426,2227.207061615002,2270.4909156020267,64.9393058823337,0.11200946097056912
1979,2294.5087094599935,2523.959580405993,2406.501036685117,1199,2413.5554508357586,2412.9589152404947,2421.856976642162,53.5694754669163,0.09229129953690422
1979,2523.959580405993,2776.355538446592,2647.1511403536283,1639,2662.7132573151202,2661.72190462328,2709.4524926184185,72.42023583173605,0.08527168090300749
1979,2776.355538446592,3053.991092291252,2911.8662543889914,2389,2988.4595527805063,2987.5788287398177,3027.3212208027026,71.66631081733325,0.0756760554309835
1979,3053.991092291252,3359.3902015203776,3203.052879827891,1079,3239.1979339275063,3238.020279672334,3254.370312362905,87.11489874124348,0.06168950921215173
1979,3359.3902015203776,3695.3292216724153,3523.3581678106802,754,3531.881917713025,3530.737874109748,3511.692616131135,89.90091867816845,0.05537243789774424
1979,3695.3292216724153,4064.862143839657,3875.6939845917486,1271,3824.092992289628,3823.338675187697,3784.151526003378,76.59882997957179,0.050958098906953464
1979,4064.862143839657,4471.348358223623,4263.263383050924,645,4227.539562931924,4226.014675674045,4238.249709123784,113.87978276982228,0.043516951881363175
1979,4471.348358223623,4918.483194045986,4689.5897213560165,1446,4604.503446620718,4603.13007714957,4540.981831204053,113.78192733948217,0.039740760039108466
1979,4918.483194045986,5410.331513450585,5158.548693491619,756,5193.191559011554,5191.364688392239,5297.812136404729,137.0379935508907,0.031275064839263025
1979,5410.331513450585,5951.364664795644,5674.403562840781,433,5667.190070968094,5664.956606530049,5676.227289005067,159.27590824081167,0.026849016726480764
1979,5951.364664795644,6546.501131275209,6241.84391912486,926,6149.960723333035,6148.120751467933,6054.642441605405,152.01194742154004,0.02431399181532373
1979,6546.501131275209,7201.15124440273,6866.028311037347,426,6855.4026598499695,6853.80022081494,6811.47274680608,148.78853958526918,0.01889266833326503
1979,7201.15124440273,7921.266368843004,7552.631142141082,694,7565.696676748213,7564.301390794908,7568.303052006756,145.36645774040807,0.0163986253490782
1979,7921.266368843004,8713.393005727305,8307.89425635519,280,8307.067277229216,8304.522342153707,8325.13335720743,205.90023502850175,0.012335560018032049
1979,8713.393005727305,9584.732306300037,9138.68368199071,443,9112.670471752612,9110.897546449403,9081.963662408107,180.43204766528586,0.010696282939223803
1979,9584.732306300037,10543.205536930041,10052.552050189783,200,10000.714027254942,9997.667079659568,9990.16002864892,248.35295507404516,0.008102712418109328
1979,10543.205536930041,11597.526090623045,11057.807255208761,278,10889.647946039815,10884.76756386203,10746.990333849595,328.41290995684,0.0069318002189605816
1979,11597.526090623045,12757.278699685352,12163.587980729637,246,12126.320948788123,12124.050467999328,12109.28488321081,235.28430111001796,0.005304232262143823
1979,12757.278699685352,14033.00656965389,13379.946778802603,133,13404.95674199136,13400.092051670197,13622.94549361216,361.1787922711679,0.0038640102571908647
1979,14033.00656965389,15436.307226619278,14717.941456682865,156,14925.647418800927,14921.474251068032,15136.606104013512,351.0004105751919,0.003085353644756948
1979,15436.307226619278,16979.937949281208,16189.735602351153,78,16173.549008121583,16166.305872083076,16196.168531294457,486.5809740874073,0.0021720421294209253
1979,16979.937949281208,18677.93174420933,17808.70916258627,69,17957.040631328757,17952.34448890596,18163.927324816214,411.61633071734377,0.0017153863717529142
1979,18677.93174420933,20545.724918630265,19589.580078844898,47,19703.82257209486,19697.42180984903,19677.587935217565,506.86505925696326,0.0013114216630465965
1979,20545.724918630265,22600.29741049329,21548.53808672939,30,21199.79063699695,21196.69433447032,21191.248545618917,369.59518579616235,0.001036257296246641
1979,22600.29741049329,24860.327151542624,23703.39189540233,49,23082.7064879633,23075.617754766456,22704.90915602027,583.6838282459823,0.0008606204663743289
1979,24860.327151542624,27346.35986669689,26073.731084942567,23,26514.99034639313,26501.515996723996,26791.79280410392,856.8488748702794,0.0005737469775828859
1979,27346.35986669689,30080.995853366578,28681.104193436822,11,28437.967520670405,28430.991708316236,28305.45341450527,662.5309484114833,0.00043909207468078004
1979,30080.995853366578,33089.09543870324,31549.214612780506,17,30271.43143083832,30271.37711788189,30273.212208027024,59.08182894045974,0.00037469190372759896
1979,33089.09543870324,36398.00498257357,34704.136074058566,9,34196.40187032138,34183.814847282425,33908.57089602795,993.2011437421341,0.00027516436679995553
1979,36398.00498257357,40037.805480830924,38174.54968146442,7,38126.21319712727,38113.76469618816,37841.51526003378,1053.4109852344338,0.0002224733178382619
1979,40037.805480830924,44041.586028914026,41992.00464961087,7,42178.84486796984,42155.03390651678,42382.497091237834,1528.389370088441,0.00018149139086805576
1979,44041.586028914026,48445.74463180543,46191.20511457196,6,46292.78700144133,46277.48307793737,46166.64861724121,1303.565595682897,0.0001405094638978496
1979,48445.74463180543,53290.31909498598,50810.32562602916,3,52641.73552106243,52639.57673689512,52978.12136404729,582.6373709966684,0.00010538209792338721
1979,53290.31909498598,58619.351004484575,55891.358188632075,1,56754.70458699867,56754.70458699862,56754.70458699867,,8.781841493615601e-05
1979,58619.351004484575,64481.286104933046,61480.49400749529,4,61360.016994144775,61350.48020977722,60849.156538134324,1256.3914963920731,8.196385394041228e-05
1979,64481.286104933046,70929.41471542635,67628.54340824483,4,66903.79897973972,66892.7506679491,66979.48201025979,1403.71110325213,5.8545609957437345e-05
1979,70929.41471542635,78022.356186969,74391.39774906932,2,75683.03052006756,75683.03052006756,75683.03052006756,0.0,3.51273659744624e-05
1979,125655.78486267549,138221.36334894306,131788.89898773906,2,135783.83325241946,135783.10201949242,135783.83325241946,630.2042287791337,2.3418243982974935e-05
1979,152043.49968383738,167247.8496522211,159464.56777516427,2,155150.06120007747,155148.2159980283,155150.06120007747,1070.1056180933513,1.1709121991487468e-05
1981,0.003007243253367068,0.003307967578703775,0.003154023332731374,42,0.0031504453130512143,0.003146874054098611,0.003007243253367068,0.00015201215783193104,1.0
1981,0.004402904847254726,0.004843195331980198,0.0046178055614520055,7,0.00472566796957682,0.004725667969576825,0.004725667969576821,9.368577526038704e-19,0.9999110542611362
1981,0.005327514865178218,0.0058602663516960415,0.005587544729356928,24,0.005513279297839624,0.005513279297839623,0.005513279297839624,0.0,0.9998962299713255
1981,0.006446292986865647,0.007090922285552212,0.006760929122521885,30,0.0066159351574075495,0.006615935157407556,0.0066159351574075495,0.0,0.999845403834832
1981,0.007800014514107433,0.008580015965518176,0.008180724238251481,12,0.008269918946759436,0.008269918946759445,0.008269918946759436,0.0,0.999781871164215
1981,0.010381819318276996,0.011420001250104696,0.010888543961112725,15,0.011026558595679248,0.011026558595679248,0.011026558595679248,0.0,0.9997564580959682
1981,0.012562001375115168,0.013818201512626685,0.0131751381929464,5,0.0132318703148151,0.0132318703148151,0.013231870314815099,1.939479807224432e-18,0.9997246917606597
1981,0.015200021663889354,0.01672002383027829,0.015941917213465145,12,0.01653983789351887,0.01653983789351889,0.01653983789351887,0.0,0.9997141029822235
1981,0.032582596350470824,0.03584085598551791,0.03417291534873029,1,0.03307967578703774,0.033079675787037736,0.03307967578703774,,0.9996886899139767
1981,0.04770417931672434,0.05247459724839678,0.05003256536207603,4,0.04961951368055662,0.04961951368055662,0.04961951368055662,0.0,0.9996865721582895
1981,0.0929619499759671,0.10225814497356381,0.0974993156779453,4,0.09923902736111324,0.09923902736111324,0.09923902736111324,0.0,0.9996781011355406
1981,0.11248395947092021,0.12373235541801224,0.11797417197031385,2,0.11577886525463212,0.11577886525463209,0.11577886525463212,0.0,0.9996696301127916
1981,0.2191994152966893,0.24111935682635824,0.2298982862768914,3,0.23155773050926423,0.23155773050926426,0.23155773050926423,0.0,0.9996653946014172
1981,0.24111935682635824,0.2652312925089941,0.2528881149045806,4,0.24809756840278313,0.24809756840278313,0.24809756840278313,0.0,0.9996590413343555
1981,0.2652312925089941,0.2917544217598935,0.27817692639503866,2,0.2811772441898208,0.2811772441898208,0.2811772441898208,0.0,0.9996505703116065
1981,0.3209298639358829,0.35302285032947117,0.3365940809379968,1,0.33079675787037743,0.33079675787037743,0.33079675787037743,,0.9996463348002321
1981,0.516860755167379,0.5685468306841168,0.5420881332914534,3,0.5513279297839625,0.5513279297839625,0.5513279297839625,0.0,0.9996442170445449
1981,0.6254015137525286,0.6879416651277815,0.6559266412826588,6,0.6615935157407549,0.6615935157407549,0.6615935157407549,0.0,0.9996378637774832
1981,0.6879416651277815,0.7567358316405598,0.7215193054109248,6,0.7442927052083493,0.7442927052083493,0.7442927052083493,0.0,0.9996251572433598
1981,0.8324094148046158,0.9156503562850774,0.873038359547219,1,0.8931512462500192,0.8931512462500192,0.8931512462500192,,0.9996124507092364
1981,0.9156503562850774,1.0072153919135853,0.960342195501941,3,0.9262309220370569,0.9262309220370569,0.9262309220370569,0.0,0.9996103329535492
1981,1.0072153919135853,1.1079369311049438,1.056376415052135,7,1.1010806369113995,1.1010806369113992,1.1010806369113992,2.398355846665908e-16,0.9996039796864874
1981,1.2187306242154385,1.3406036866369824,1.278215462213084,2,1.2404878420139154,1.2404878420139154,1.2404878420139154,0.0,0.9995891553966768
1981,1.4746640553006807,1.622130460830749,1.5466407092778316,2,1.4885854104166987,1.4885854104166987,1.4885854104166987,0.0,0.9995849198853024
1981,1.622130460830749,1.784343506913824,1.701304780205615,8,1.6539837893518874,1.6539837893518874,1.6539837893518874,0.0,0.9995806843739279
1981,1.9627778576052066,2.1590556433657273,2.0585787840487946,9,2.058290937860127,2.058123344598761,2.0674797366898594,0.027566396489198116,0.99956374232843
1981,2.1590556433657273,2.3749612077023,2.264436662453674,11,2.315577305092642,2.3147245665134424,2.3628339847884106,0.06556598217480404,0.9995446825272449
1981,2.3749612077023,2.6124573284725305,2.4908803286990415,19,2.524501573221302,2.524327307879618,2.5445904451567496,0.030380306362106983,0.9995213872146854
1981,2.6124573284725305,2.873703061319784,2.739968361568946,13,2.671819967414587,2.671421920627874,2.6463740629630195,0.048354658208496694,0.999481149856628
1981,3.1610733674517624,3.477180704196939,3.3153617174984253,43,3.3079675787037743,3.307967578703775,3.307967578703775,4.493448863974848e-16,0.9994536190326939
1981,3.477180704196939,3.824898774616633,3.6468978892482684,26,3.626041384348369,3.6258502904853374,3.6086919040404815,0.03801862725168938,0.9993625555381429
1981,3.824898774616633,4.207388652078297,4.011587678173096,43,4.135728768165464,4.13572845526955,4.134959473379719,0.001628138702664751,0.9993074938902748
1981,4.207388652078297,4.628127517286127,4.412746445990406,26,4.453033279024313,4.452758516157716,4.4106234382717,0.050504793332844564,0.9992164303957238
1981,4.628127517286127,5.09094026901474,4.854021090589446,66,4.848344400706239,4.846927172228805,4.9619513680556615,0.11805733901849108,0.9991613687478558
1981,5.09094026901474,5.600034295916214,5.339423199648391,85,5.413002476728329,5.411687924211894,5.513279297839624,0.11946944026462064,0.9990215968724984
1981,5.600034295916214,6.160037725507837,5.87336551961323,65,5.872405829332747,5.869688582498739,5.864124344065782,0.18010118809383568,0.9988415876390836
1981,6.160037725507837,6.776041498058621,6.460702071574555,88,6.597515792480677,6.596929952998456,6.61593515740755,0.08671806258785189,0.9987039335194134
1981,6.776041498058621,7.453645647864483,7.10677227873201,115,7.246462542843956,7.2448452013320015,7.351039063786167,0.15313102496684072,0.998517571018937
1981,7.453645647864483,8.199010212650931,7.817449506605211,85,7.906431685758337,7.904580889424028,7.93912218888906,0.17047361828878188,0.9982740291149051
1981,8.199010212650931,9.018911233916025,8.599194457265734,266,8.344534756805386,8.342199459879668,8.269918946759438,0.20154484297187256,0.9980940198814904
1981,9.018911233916025,9.920802357307629,9.459113902992307,135,9.451966028216251,9.450251134997266,9.451335939153642,0.18111729889918857,0.9975306968686865
1981,9.920802357307629,10.912882593038393,10.405025293291539,272,10.239375820639175,10.233926385473552,10.235796822103396,0.3360021371483772,0.99724479985091
1981,10.912882593038393,12.004170852342233,11.445527822620694,416,11.33400343498522,11.328933896495766,11.247089767592835,0.34100914400781124,0.9966687703039826
1981,12.004170852342233,13.20458793757646,12.590080604882765,415,12.398262484981746,12.39547025064674,12.404878420139156,0.26462496908897565,0.9957877839380938
1981,13.20458793757646,14.525046731334106,13.849088665371044,689,13.694553675569354,13.686994236205411,13.525911877366546,0.4571123146216985,0.9949089153278922
1981,14.525046731334106,15.977551404467516,15.233997531908148,717,15.08211761992439,15.07870752126295,14.996119690123777,0.3228951925053872,0.9934497816593887
1981,15.977551404467516,17.57530654491427,16.757397285098964,1669,16.664644794915503,16.66280404489589,16.539837893518875,0.2501072669426639,0.9919313508316426
1981,17.57530654491427,19.3328371994057,18.433137013608864,1292,18.778937650952162,18.772114809700273,18.902671878307284,0.5026991219716405,0.988396816589651
1981,19.3328371994057,21.266120919346267,20.276450714969748,1509,20.309276814166275,20.30217455333876,20.198450035565248,0.5386818940693113,0.985660676241746
1981,21.266120919346267,23.3927330112809,22.304095786466725,2145,22.405812848817497,22.400398389371603,22.42066914454781,0.49403357843587076,0.9824649829097116
1981,23.3927330112809,25.73200631240899,24.5345053651134,2691,24.52550027286863,24.517459671330695,24.80975684027831,0.6275299522633784,0.977922396960597
1981,25.73200631240899,28.305206943649893,26.987955901624744,3329,27.041586621329753,27.034843292845338,26.993015442222802,0.6043550195192682,0.9722235164062533
1981,28.305206943649893,31.13572763801488,29.68675149178722,3691,29.463397743216145,29.452949271404147,29.404156255144667,0.7854740351459686,0.965173507723455
1981,31.13572763801488,34.24930040181638,32.65542664096594,5732,33.02059751749275,33.014777759257356,33.07967578703775,0.615685959336358,0.9573568714818783
1981,34.24930040181638,37.67423044199801,35.92096930506254,4069,36.01397879503629,36.00175996574044,36.08691904040482,0.9372661114394477,0.9452178958826594
1981,37.67423044199801,41.44165348619782,39.5130662355688,7269,39.71695717261401,39.69815882555099,39.69561094444529,1.2210450608281285,0.9366007479913088
1981,41.44165348619782,45.58581883481761,43.46437285912569,6358,43.964835727518036,43.95269031979468,44.10623438271699,1.028660486519982,0.9212067819008128
1981,45.58581883481761,50.14440071829937,47.81081014503825,9309,48.119034653762306,48.09939108393439,47.96552989120473,1.3737529526014258,0.907742091241386
1981,50.14440071829937,55.15884079012931,52.59189115954209,9448,53.359737995064236,53.336934912390156,53.2950332124497,1.5548111183771607,0.888027903548935
1981,55.15884079012931,60.674724869142246,57.851080275496294,9167,57.99622637694399,57.97583386719487,57.88943262731606,1.53913282921919,0.8680193478159586
1981,60.674724869142246,66.74219735605648,63.636188303045934,13820,64.88786955456753,64.8624967403155,66.1593515740755,1.7990208195608237,0.8486058814310946
1981,66.74219735605648,73.41641709166213,69.99980713335053,11207,70.15041756643461,70.12944580571758,70.04621347905243,1.7131367108137572,0.819338497833536
1981,73.41641709166213,80.75805880082835,76.99978784668559,12507,77.1430913999759,77.1121262977668,77.18591016975475,2.1825817393563414,0.7956048098467169
1981,80.75805880082835,88.83386468091119,84.69976663135415,15646,84.53790767017843,84.50626818700357,83.8569781201407,2.3210687135505967,0.769118039466495
1981,88.83386468091119,97.71725114900232,93.16974329448958,12686,93.1642962609185,93.13744643691074,93.28468571944644,2.236320518447963,0.7359836339840491
1981,97.71725114900232,107.48897626390256,102.48671762393855,17407,101.6263144537632,101.5890298817001,100.34168322068118,2.767245746661126,0.7091177853358125
1981,107.48897626390256,118.23787389029283,112.7353893863324,16618,112.41615195851367,112.37229540652204,111.6439057812524,3.1473076642680984,0.6722540120881495
1981,118.23787389029283,130.06166127932212,124.00892832496567,14914,123.68015484970117,123.64024204006391,124.04878420139156,3.145754159221505,0.6370611480777132
1981,130.06166127932212,143.06782740725436,136.40982115746223,21447,135.82870344981907,135.77814915405085,134.965077211114,3.7164936558024593,0.6054769397583217
1981,143.06782740725436,157.37461014797978,150.05080327320846,16022,149.83485517114457,149.7759478656344,148.85854104166987,4.205316284595366,0.5600574335342378
1981,157.37461014797978,173.1120711627778,165.05588360052934,19751,165.26188132301277,165.2255211000744,165.39837893518873,3.4635002748262878,0.5261267519133923
1981,173.1120711627778,190.42327827905558,181.56147196058228,16071,181.89671130120857,181.8249201671667,181.93821682870762,5.109321865151539,0.4842989593348553
1981,190.42327827905558,209.46560610696116,199.71761915664052,16872,199.93489892229633,199.87434322577727,198.4780547222265,4.92325542853286,0.4502645076853354
1981,209.46560610696116,230.41216671765727,219.6893810723046,14915,219.0837766517138,219.01298162707647,220.53117191358498,5.569948295769207,0.4145337337303419
1981,230.41216671765727,253.45338338942307,241.65831917953508,17286,241.57887785862144,241.48054974505658,242.58428910494348,6.881414536240917,0.38294740765526325
1981,253.45338338942307,278.79872172836536,265.82415109748865,15141,266.41011475391133,266.3114799992036,264.637406296302,7.244454197338247,0.3463398828457554
1981,278.79872172836536,306.6785939012019,292.40656620723746,12516,292.24979754815035,292.14858431595934,291.80684667605567,7.693906221566833,0.3142749439853621
1981,306.6785939012019,337.3464532913221,321.64722282796123,14925,323.9872009837446,323.8715821416349,328.7237648543898,8.61116953896199,0.28776911380395515
1981,337.3464532913221,371.0810986204544,353.8119451107574,10340,353.48554932343933,353.35308537788285,352.84987506173593,9.681161814985744,0.2561616101720041
1981,371.0810986204544,408.18920848249985,389.19313962183315,10970,388.73981603090357,388.5921793545391,388.68619049769353,10.711493736016344,0.23426401636601596
1981,408.18920848249985,449.0081293307499,428.1124535840166,11090,427.7316975138104,427.5581764178007,430.0357852314907,12.191509452254643,0.21103223647707106
1981,449.0081293307499,493.90894226382494,470.9236989424183,8122,469.3405000093379,469.1826365150979,467.8411289881053,12.196403329662427,0.18754632590565823
1981,493.90894226382494,543.2998364902074,518.0160688366601,9696,514.111948541599,513.8747732242507,512.7349746990851,15.64742099252709,0.17034591421395262
1981,543.2998364902074,597.6298201392282,569.8176757203261,8257,569.5045730241211,569.2853533047729,568.9704235370492,15.820980784123067,0.14981215507054244
1981,597.6298201392282,657.3928021531511,626.7994432923588,5377,625.5812250395776,625.3749634506718,624.3788804803376,16.088284807354626,0.1323258463610604
1981,657.3928021531511,723.1320823684663,689.4793876215948,7430,682.243465205196,681.9274123005587,678.1333536342738,20.860379147645606,0.12093867403080912
1981,723.1320823684663,795.445290605313,758.4273263837543,5980,760.5481307639036,760.2273367142959,760.8325431018682,22.08353377097798,0.10520374927466868
1981,795.445290605313,874.9898196658444,834.2700590221298,5578,834.3798980204106,834.1346706346626,826.9918946759437,20.268275263323467,0.09253957026501594
1981,874.9898196658444,962.4888016324288,917.6970649243428,4495,914.6372641861109,914.2882071549017,909.6910841435381,25.310540902337635,0.08072672904163083
1981,962.4888016324288,1058.737681795672,1009.4667714167773,4437,1008.5872816539245,1008.2256437900656,993.713460642614,27.112613842129306,0.07120741722751897
1981,1058.737681795672,1164.611449975239,1110.4134485584552,4047,1115.996992047583,1115.5834522281807,1113.13109023382,30.380396545695028,0.0618109352432666
1981,1164.611449975239,1281.0725949727632,1221.4547934143006,3215,1221.729506848535,1221.3194877832236,1223.9480041203967,31.64732795106274,0.053240377977035055
1981,1281.0725949727632,1409.1798544700396,1343.6002727557309,3391,1341.67542948661,1341.1856324011492,1323.1870314815098,36.362482597668155,0.04643179344258129
1981,1409.1798544700396,1550.0978399170438,1477.960300031304,2818,1481.7148388119565,1481.1787966967074,1488.5854104166988,39.83058112559192,0.03925048390717453
1981,1550.0978399170438,1705.107623908748,1625.7563300344345,2813,1630.481925799835,1629.9691075813682,1653.9837893518875,40.785648177423376,0.03328264838055223
1981,1705.107623908748,1875.6183862996231,1788.3319630378783,2034,1793.7896150413774,1793.1190067598716,1794.5724114467978,49.03197461431578,0.027325401632366082
1981,1875.6183862996231,2063.1802249295856,1967.1651593416661,1902,1968.494931506943,1967.900034344898,1984.7805472222649,48.391106601692464,0.02301788656453437
1981,2063.1802249295856,2269.4982474225444,2163.881675275833,1717,2162.437339053894,2161.627857493127,2168.58776573294,59.121881929254386,0.0189899152474174
1981,2269.4982474225444,2496.448072164799,2380.269842803417,1569,2383.633647515258,2382.6391133192296,2381.736656666718,68.94827002941656,0.015353728732438511
1981,2496.448072164799,2746.092879381279,2618.296827083758,1073,2620.2940872376334,2619.387841930257,2638.655471946044,68.8871129693387,0.012030970059170094
1981,2746.092879381279,3020.702167319407,2880.126509792134,926,2888.686265100308,2887.5960668700654,2893.1153646585344,79.35797354783529,0.009758618206769194
1981,3020.702167319407,3322.772384051348,3168.139160771348,871,3197.0015973918667,3195.517785570131,3196.3236729225223,97.24432076399462,0.007797576440391531
1981,3322.772384051348,3655.049622456483,3484.953076848483,647,3494.78287904093,3493.5325345451047,3489.9057955324824,93.57519595363117,0.005953011236811676
1981,3655.049622456483,4020.5545847021317,3833.4483845333316,478,3830.1276312371456,3828.7386120522197,3814.599353220152,103.30616064427274,0.004582823307171992
1981,4020.5545847021317,4422.610043172345,4216.793222986666,439,4223.799182171797,4222.234634795136,4212.145383549473,115.33986411612817,0.003570536088674666
1981,4422.610043172345,4864.871047489581,4638.472545285332,241,4677.129045566254,4675.475842817484,4680.774123865842,124.11657216417535,0.002640841341979424
1981,4864.871047489581,5351.358152238538,5102.319799813866,227,5066.372319342543,5064.760781214112,5019.840800682979,128.77600256694478,0.0021304622213562953
1981,5351.358152238538,5886.493967462393,5612.5517797952525,176,5640.592444592546,5638.798163517337,5629.058163094257,142.5676206381767,0.0016497316803544275
1981,5886.493967462393,6475.143364208632,6173.806957774777,119,6141.958906812903,6139.795741127384,6143.368360449867,163.95121000310147,0.0012770066794014375
1981,6475.143364208632,7122.657700629497,6791.187653552257,150,6746.393955784575,6743.940392474402,6690.033631170514,183.48946968199198,0.0010249937526207226
1981,7122.657700629497,7834.923470692448,7470.306418907484,66,7445.280219929254,7441.932115394359,7398.820817700776,225.4748444757592,0.000707330399535788
1981,7834.923470692448,8618.415817761694,8217.337060798232,72,8220.029741833227,8216.576238979344,8269.918946759437,240.1425803313389,0.0005675585241784167
1981,8618.415817761694,9480.257399537863,9039.070766878056,45,8999.723489076972,8996.766452301857,8865.353110926117,234.19811753577244,0.00041508011469764804
1981,9480.257399537863,10428.28313949165,9942.977843565863,63,9922.958652665844,9919.52252839269,9923.902736111324,263.78850777052355,0.0003197811087721676
1981,10428.28313949165,11471.111453440815,10937.27562792245,28,10915.33724337561,10911.007972861817,11007.26211813681,312.9203617170372,0.00018636250047649502
1981,11471.111453440815,12618.222598784898,12031.003190714695,9,12018.856981302084,12009.832742945571,12074.081662268778,495.06876652360916,0.00012706534123397387
1981,12618.222598784898,13880.04485866339,13234.103509786166,10,13286.74288101064,13280.871417942804,13231.8703148151,418.42178983210886,0.0001080055400488778
1981,13880.04485866339,15268.049344529729,14557.513860764784,6,14439.278481041978,14438.511148585949,14439.278481041976,163.06636161166236,8.682798317654881e-05
1981,15268.049344529729,16794.854278982704,16013.265246841263,11,16135.06295161567,16127.540525502576,16539.837893518874,515.285949713441,7.412144905315144e-05
1981,16794.854278982704,18474.339706880975,17614.591771525393,12,17359.95886386988,17356.94922099663,17300.008843105,339.2657280727529,5.0826136493589554e-05
1981,18474.339706880975,20321.773677569076,19376.050948677934,2,18830.605441771237,18830.605441771248,18830.605441771237,0.0,2.5413068246794777e-05
1981,20321.773677569076,22353.951045325986,21313.65604354573,3,20958.73125073733,20956.56682001559,21170.992503704158,367.64727461677245,2.117755687232898e-05
1981,22353.951045325986,24589.346149858586,23445.021647900303,4,22907.675482523642,22907.229792670314,22824.976293056046,165.3983789351896,1.4824289810630286e-05
1981,24589.346149858586,27048.280764844447,25789.523812690335,2,25554.049545486658,25554.04954548667,25554.049545486658,0.0,6.353267061698694e-06
1981,27048.280764844447,29753.108841328893,28368.47619395937,1,27456.13090324133,27456.13090324132,27456.13090324133,,2.1177556872328982e-06
1982,0.016422459102401747,0.018064705012641923,0.017224020415311396,8,0.016422459102401747,0.01642245910240175,0.016422459102401747,0.0,1.0
1982,0.03200272687690096,0.03520299956459105,0.033564743114066445,20,0.032844918204803494,0.03284491820480349,0.032844918204803494,0.0,0.9999613236964877
1982,0.046855192420470704,0.05154071166251778,0.049142140393304695,5,0.04926737730720524,0.04926737730720525,0.04926737730720524,0.0,0.999864632937707
1982,0.06236426111164652,0.06860068722281118,0.06540818886348856,2,0.06568983640960699,0.06568983640960699,0.06568983640960699,0.0,0.9998404602480118
1982,0.0754607559450923,0.08300683153960155,0.07914390852482119,24,0.08211229551200874,0.08211229551200873,0.08211229551200874,0.0,0.9998307911721337
1982,0.0913075146935617,0.10043826616291787,0.09576412931503364,3,0.09853475461441048,0.0985347546144105,0.09853475461441048,0.0,0.9997147622615968
1982,0.11048209277920967,0.12153030205713065,0.11587459647119072,10,0.11495721371681225,0.11495721371681228,0.11495721371681224,1.4628472785736255e-17,0.9997002586477798
1982,0.12153030205713065,0.13368333226284373,0.12746205611830982,5,0.13137967281921398,0.13137967281921398,0.13137967281921398,0.0,0.9996519132683894
1982,0.14705166548912812,0.16175683203804092,0.15422908790315487,4,0.14780213192161573,0.14780213192161573,0.14780213192161573,0.0,0.9996277405786942
1982,0.16175683203804092,0.17793251524184506,0.1696519966934704,35,0.16422459102401746,0.16422459102401743,0.16422459102401749,2.816078793465528e-17,0.999608402426938
1982,0.19572576676602957,0.21529834344263254,0.2052789159990992,8,0.20528073878002184,0.20511644844655688,0.20528073878002184,0.008778173629927768,0.9994391935990717
1982,0.21529834344263254,0.23682817778689583,0.22580680759900915,1,0.22991442743362447,0.22991442743362447,0.22991442743362447,,0.9994005172955595
1982,0.23682817778689583,0.2605109955655854,0.24838748835891006,32,0.2463368865360262,0.2463368865360262,0.2463368865360262,0.0,0.9993956827576205
1982,0.2605109955655854,0.286562095122144,0.2732262371948011,2,0.27097057518962886,0.2708461340463544,0.27097057518962886,0.011612432195067022,0.9992409775435712
1982,0.286562095122144,0.3152183046343584,0.30054886091428124,6,0.2983413403602984,0.29828005196265933,0.29560426384323146,0.0067044408537682,0.9992313084676931
1982,0.3152183046343584,0.3467401350977942,0.3306037470057094,20,0.328449182048035,0.3284491820480349,0.32844918204803497,5.695323946259567e-17,0.9992023012400589
1982,0.3467401350977942,0.38141414860757367,0.3636641217062803,1,0.3777165593552402,0.3777165593552402,0.3777165593552402,,0.9991056104812782
1982,0.38141414860757367,0.4195555634683311,0.4000305338769084,34,0.4100784640570319,0.4100688340003765,0.4105614775600437,0.0028164285006226164,0.9991007759433392
1982,0.4195555634683311,0.4615111198151643,0.4400335872645993,7,0.4504445925230193,0.45019492664148153,0.45982885486724895,0.016026679036028203,0.998936401653412
1982,0.4615111198151643,0.5076622317966808,0.4840369459910593,30,0.4926737730720524,0.49267377307205257,0.4926737730720524,0.0,0.9989025598878387
1982,0.5076622317966808,0.5584284549763489,0.5324406405901653,6,0.5392040738621907,0.5390863117528343,0.5419411503792576,0.012362378102521353,0.9987575237496676
1982,0.5584284549763489,0.6142713004739838,0.5856847046491819,20,0.5764283144943012,0.5764075742355436,0.5747860685840611,0.005054726258120415,0.9987285165220334
1982,0.6142713004739838,0.6756984305213822,0.6442531751141001,20,0.65607724114095,0.6560673288744316,0.6568983640960699,0.003672173491068063,0.9986318257632527
1982,0.6756984305213822,0.7432682735735205,0.7086784926255101,10,0.7357261677875983,0.7356585671801872,0.7390106596080785,0.01038647510891075,0.998535135004472
1982,0.7432682735735205,0.8175951009308726,0.7795463418880612,3,0.771855577812882,0.7717390888920348,0.7718555778128822,0.016422459102401754,0.9984867896250815
1982,0.8175951009308726,0.89935461102396,0.8575009760768674,73,0.8226977114723724,0.822666482809913,0.8211229551200874,0.0073261592200003466,0.9984722860112645
1982,0.89935461102396,0.9892900721263561,0.9432510736845542,39,0.965556377482236,0.9649203881142635,0.9853475461441048,0.03497545244319836,0.9981193647417148
1982,0.9892900721263561,1.0882190793389919,1.0375761810530097,14,1.0604216448979413,1.0602794706667176,1.0674598416561136,0.01789078392522171,0.9979308177620924
1982,1.0882190793389919,1.197040987272891,1.1413337991583108,7,1.1495721371681225,1.1495721371681222,1.1495721371681222,2.398355846665908e-16,0.9978631342309459
1982,1.197040987272891,1.3167450860001801,1.2554671790741418,31,1.266118621120651,1.265474601815861,1.231684432680131,0.04118837401702691,0.9978292924653727
1982,1.3167450860001801,1.4484195946001983,1.3810138969815562,7,1.3959090237041483,1.3957176879321003,1.3959090237041485,0.025085720644690872,0.9976794217892625
1982,1.4484195946001983,1.5932615540602184,1.519115286679712,15,1.495538608925386,1.4952604838682801,1.478021319216157,0.030068715171287376,0.9976455800236892
1982,1.5932615540602184,1.7525877094662403,1.6710268153476835,85,1.6503605370907728,1.6501800734629921,1.6422459102401747,0.024908925421999524,0.9975730619546037
1982,1.7525877094662403,1.9278464804128643,1.8381294968824518,10,1.8261774521870744,1.825626742773397,1.8064705012641922,0.04759680839035846,0.9971621262297856
1982,1.9278464804128643,2.1206311284541512,2.021942446570697,20,2.0224258384607747,2.0219306872785703,2.052807387800218,0.0459195598498081,0.9971137808503953
1982,2.1206311284541512,2.3326942412995666,2.224136691227767,13,2.2271381075026366,2.2258169816773603,2.2334544379266377,0.07976269128699799,0.9970170900916145
1982,2.3326942412995666,2.565963665429523,2.446550360350544,56,2.468060996532377,2.4679251555309434,2.463368865360262,0.026334520889783324,0.996954241098407
1982,2.565963665429523,2.822560031972476,2.6912053963855986,15,2.7118954131099424,2.7109273260699136,2.7097057518962884,0.07496649363158281,0.996683506973821
1982,2.822560031972476,3.1048160351697236,2.9603259360241587,16,2.930382546084812,2.9297479717302046,2.91498649067631,0.06316956762379962,0.9966109889047354
1982,3.1048160351697236,3.4152976386866962,3.2563585296265747,64,3.273971182617873,3.273719679527558,3.2844918204803495,0.04037187862673766,0.9965336362977109
1982,3.4152976386866962,3.756827402555366,3.581994382589232,12,3.660839841577056,3.6601111364752708,3.6950532980403934,0.07524358618543978,0.9962242258696125
1982,3.756827402555366,4.1325101428109035,3.940193820848156,64,4.080981086946834,4.080231694265053,4.105614775600436,0.0772501446220724,0.996166211414344
1982,4.1325101428109035,4.545761157091994,4.334213202932972,8,4.265733751848854,4.2648954218221595,4.2698393666244545,0.09069599478801019,0.9958568009862457
1982,4.545761157091994,5.000337272801193,4.76763452322627,50,4.888966074785,4.887952738886609,4.926737730720524,0.0989389014041813,0.9958181246827335
1982,5.000337272801193,5.500371000081313,5.244397975548896,11,5.2148772404263,5.212596086245607,5.189497076358952,0.16213610952656038,0.9955763977857817
1982,5.500371000081313,6.050408100089445,5.768837773103787,36,5.74284271222599,5.742389400892456,5.747860685840612,0.07300353144747697,0.9955232178684522
1982,6.050408100089445,6.65544891009839,6.345721550414166,71,6.497511248529118,6.495587268289315,6.568983640960699,0.15688388138888887,0.9953491745026469
1982,6.65544891009839,7.32099380110823,6.980293705455583,8,7.0000731923987445,6.999146592182205,6.979545118520742,0.12218700576861558,0.9950059223089753
1982,7.32099380110823,8.053093181219053,7.678323076001142,16,7.686737263617918,7.6836813051333515,7.751400696333624,0.2229642422063117,0.994967246005463
1982,8.053093181219053,8.85840249934096,8.446155383601257,157,8.219493081577241,8.219340567113548,8.211229551200873,0.050843163413359406,0.9948898933984385
1982,8.85840249934096,9.744242749275058,9.290770921961384,10,9.188365867793777,9.18540533064519,9.13088726093537,0.24788304425678612,0.9941308709420097
1982,9.744242749275058,10.718667024202563,10.219848014157524,111,9.92611895170483,9.923718060245879,9.853475461441048,0.22391280795557625,0.9940825255626193
1982,10.718667024202563,11.79053372662282,11.241832815573277,52,11.393396818812416,11.391388058031751,11.495721371681224,0.21401435567986804,0.9935458918513863
1982,11.79053372662282,12.969587099285102,12.366016097130604,39,12.23388985389943,12.23126496869314,12.316844326801311,0.25608253832843275,0.9932944958785564
1982,12.969587099285102,14.266545809213614,13.602617706843665,115,13.260207499240144,13.257388676463531,13.137967281921398,0.2783517476167667,0.993105948898934
1982,14.266545809213614,15.693200390134978,14.962879477528034,35,14.90033175016771,14.897937900208118,14.780213192161574,0.27328853511145523,0.9925499770359448
1982,15.693200390134978,17.262520429148477,16.45916742528084,442,16.421753159589652,16.421436973856473,16.422459102401746,0.10218540333447454,0.9923807682080785
1982,17.262520429148477,18.988772472063328,18.105084167808926,27,18.1577656142222,18.15424070555178,18.06470501264192,0.3644955029436892,0.9902439024390244
1982,18.988772472063328,20.88764971926966,19.91559258458982,205,19.764069036735822,19.762940116533674,19.706950922882097,0.21441621181936424,0.9901133699146704
1982,20.88764971926966,22.976414691196627,21.9071518430488,40,21.53436005950185,21.530609797913982,21.34919683312227,0.4098279173515519,0.989122289637168
1982,22.976414691196627,25.274056160316295,24.097867027353686,389,24.478878480007495,24.474333103299436,24.633688653602622,0.46397410595698596,0.9889289081196064
1982,25.274056160316295,27.801461776347924,26.507653730089057,95,26.333326736705924,26.33117222327944,26.275934563842796,0.341232458483866,0.9870482728613212
1982,27.801461776347924,30.58160795398272,29.158419103097962,99,29.266978605008514,29.259348051454754,29.560426384323147,0.6665413309949018,0.9865889917571128
1982,30.58160795398272,33.639768749381,32.074261013407764,1316,32.82613720104277,32.825586920060616,32.84491820480349,0.1871001261511669,0.9861103725011482
1982,33.639768749381,37.0037456243191,35.28168711474854,92,35.666011070611724,35.6519355845187,36.12941002528384,1.0039224227350676,0.9797481205733762
1982,37.0037456243191,40.704120186751005,38.8098558262234,188,39.14118420045728,39.13519595169017,39.413901845764194,0.6795740377741131,0.9793033430829848
1982,40.704120186751005,44.77453220542611,42.69084140884574,463,41.430317347950876,41.421377989534065,41.056147756004364,0.8753321495010185,0.978394449950446
1982,44.77453220542611,49.251985425968726,46.959925549730315,126,46.22778866651387,46.22230711186107,45.982885486724896,0.720483118667247,0.976156058884672
1982,49.251985425968726,54.17718396856561,51.65591810470335,1764,49.54668944892309,49.53853485097724,49.267377307205244,0.9160002530375556,0.9755469071043535
1982,54.17718396856561,59.59490236542217,56.82150991517369,403,57.55713310825804,57.544624407575526,57.47860685840612,1.1940465645545668,0.9670187821798931
1982,59.59490236542217,65.5543926019644,62.50366090669107,83,62.41741410726214,62.40478330794085,62.405344589126635,1.2635225981040417,0.9650704633904614
1982,65.5543926019644,72.10983186216085,68.75402699736019,2460,65.91285473937687,65.90699829171676,65.68983640960698,0.8951402119132318,0.9646691967415214
1982,72.10983186216085,79.32081504837693,75.62942969709621,620,75.70780134044466,75.67044119647367,73.90106596080786,2.389144038947903,0.9527762334114916
1982,79.32081504837693,87.25289655321463,83.19237266680584,3192,82.22319341487595,82.22064613430935,82.11229551200873,0.6556478610338257,0.949778819889289
1982,87.25289655321463,95.9781862085361,91.51160993348643,304,91.26916699277389,91.24653194496535,90.32352506320962,2.046990026733718,0.9343469747878846
1982,95.9781862085361,105.57600482938973,100.66277092683508,3559,98.77719237817566,98.7707807815176,98.53475461441049,1.145179886503096,0.9328772752544175
1982,105.57600482938973,116.1336053123287,110.7290480195186,1841,113.78982753791271,113.75765991631573,114.95721371681223,2.6629213217167025,0.9156711547293868
1982,116.1336053123287,127.74696584356158,121.80195282147046,818,121.72539496072405,121.68042999427355,123.16844326801309,3.3187314830032943,0.9067707703836206
1982,127.74696584356158,140.52166242791776,133.98214810361753,12950,132.57855291428322,132.56294024622704,132.20079577433407,2.0571501177086535,0.9028161183494887
1982,140.52166242791776,154.57382867070953,147.3803629139793,2056,147.34562589894043,147.32028551914877,147.8021319216157,2.7260212828397927,0.8402088520389663
1982,154.57382867070953,170.0312115377805,162.11839920537722,7667,163.70550465890267,163.6906767398066,164.22459102401746,2.1824623127281604,0.8302690420363074
1982,170.0312115377805,187.03433269155857,178.33023912591497,1619,178.70307322886586,178.64832711652937,180.64705012641923,4.406106672757683,0.7932026396577148
1982,187.03433269155857,205.73776596071443,196.16326303850647,6635,197.15344321685743,197.13543547646915,197.06950922882098,2.668396815996792,0.7853755227344147
1982,205.73776596071443,226.3115425567859,215.77958934235713,2427,215.1375636923305,215.09002057151028,213.49196833122272,4.539431030466603,0.7532983635089077
1982,226.3115425567859,248.94269681246453,237.35754827659287,10868,240.32221528878958,240.21434184030335,246.33688653602619,7.160422275723002,0.7415649399308661
1982,248.94269681246453,273.83696649371103,261.0933031042522,8454,266.2270661802137,266.15452095000006,262.75934563842793,6.1931425987008435,0.6890231816094177
1982,273.83696649371103,301.2206631430821,287.20263341467745,6092,289.2211408170564,289.0986695003724,295.6042638432314,8.371107510574202,0.6481519978728033
1982,301.2206631430821,331.34272945739036,315.9228967561452,10422,325.1703708037457,325.09141114056035,328.4491820480349,7.064081165545224,0.6186999927481931
1982,331.34272945739036,364.47700240312946,347.5151864317598,5486,350.0023933603309,349.84954142208505,347.499234606821,10.328096974306856,0.5683144383475549
1982,364.47700240312946,400.9247026434424,382.26670507493577,8035,385.64208921469617,385.56038060919144,387.04451612540436,7.913788312311295,0.5417921632140008
1982,400.9247026434424,441.0171729077867,420.49337558242934,8029,415.4884730102618,415.40177056679966,410.56147756004367,8.551578102604207,0.5029466508738427
1982,441.0171729077867,485.11889019856534,462.5427131406723,5509,459.6783727950962,459.55151711182174,459.82885486724894,10.807532755522326,0.46413014576131884
1982,485.11889019856534,533.6307792184219,508.7969844547396,11591,500.8576620837572,500.6811046110476,492.67377307205237,13.433190625592305,0.4374966762551669
1982,533.6307792184219,586.9938571402641,559.6766829002136,5905,565.6275871420565,565.4605355755899,574.7860685840611,13.643045974399294,0.3814595470037951
1982,586.9938571402641,645.6932428542906,615.6443511902349,4263,612.0616876672739,611.8128538944181,607.6638317070694,17.47018300324079,0.3529116004737847
1982,645.6932428542906,710.2625671397199,677.2087863092586,9044,666.8192017827786,666.6176413285671,656.8983640960698,16.56960115434199,0.3323019652396722
1982,710.2625671397199,781.2888238536918,744.9296649401845,4262,743.2040162457674,743.0527532122981,739.0106596080785,15.04849483319756,0.2885784041190263
1982,781.2888238536918,859.4177062390611,819.422631434203,7505,819.2001160145505,819.0156058887811,821.1229551200873,17.373824530087933,0.26797360342285287
1982,859.4177062390611,945.3594768629673,901.3648945776233,2900,901.9370155996327,901.6932005299234,903.235250632096,20.964631083498848,0.2316903961903841
1982,945.3594768629673,1039.8954245492641,991.5013840353857,6301,988.0022089006379,987.8385094725636,985.3475461441047,18.051721329738946,0.21767023616717832
1982,1039.8954245492641,1143.8849670041907,1090.6515224389245,2492,1085.3593006165913,1085.0275843784714,1075.5479027640465,26.930667867606132,0.1872078126133095
1982,1143.8849670041907,1258.2734637046096,1199.716674682817,4277,1179.3728336900026,1178.828764408765,1149.5721371681223,36.0730506317136,0.17516014406923058
1982,1258.2734637046096,1384.100810075071,1319.6883421510988,4417,1317.1924183161823,1316.9978813877915,1313.7967281921397,22.717287210326198,0.15448282530397156
1982,1384.100810075071,1522.5108910825782,1451.657176366209,2730,1453.4559612266369,1452.9485344310935,1478.021319216157,38.28657212189523,0.13312867122724745
1982,1522.5108910825782,1674.761980190836,1596.8228940028298,3890,1622.7522402000309,1622.3503555488883,1642.2459102401747,35.7507834622205,0.11993038265367788
1982,1674.761980190836,1842.2381782099196,1756.5051834031128,1870,1762.8066075157456,1762.0890721308242,1773.6255830593886,50.17571401309376,0.10112403007082599
1982,1842.2381782099196,2026.461996030912,1932.1557017434243,2395,1952.8214980720782,1952.412338625647,1970.6950922882095,39.67358116185878,0.09208344412482777
1982,2026.461996030912,2229.108195634003,2125.371271917767,1516,2128.964267008707,2128.3626272762463,2134.919683312227,50.59929733723171,0.08050472576083541
1982,2229.108195634003,2452.019015197404,2337.908399109544,1157,2322.364084360937,2321.7777791200183,2299.1442743362445,52.48583303369873,0.0731755662452561
1982,2452.019015197404,2697.2209167171445,2571.6992390204987,2675,2515.5995787195125,2514.516206574001,2463.3688653602617,74.51696026537905,0.0675820058497909
1982,2697.2209167171445,2966.943008388859,2828.8691629225486,1445,2875.15184429184,2873.838700453845,2906.775261125109,86.51319032018814,0.05464961686286833
1982,2966.943008388859,3263.637309227745,3111.756079214804,665,3111.7979573860916,3110.8706235133727,3120.267229456332,76.01767971621342,0.04766370954096062
1982,3263.637309227745,3590.00104015052,3422.9316871362844,1883,3330.822473124115,3329.872152565151,3284.4918204803494,80.5403401289583,0.044448741811501366
1982,3590.00104015052,3949.0011441655724,3765.224855849913,894,3751.4782773968573,3749.6096400050988,3777.165593552402,118.79015870837422,0.03534530687229568
1982,3949.0011441655724,4343.90125858213,4141.747341434905,1079,4128.465250024794,4127.719949357855,4105.614775600437,78.80475507733497,0.03102322995479707
1982,4343.90125858213,4778.291384440343,4555.922075578395,609,4552.343604729208,4550.769036217456,4598.288548672489,119.92741126026377,0.025806763518576713
1982,4778.291384440343,5256.120522884378,5011.5142831362355,1211,4983.175606611667,4981.898241639142,4926.737730720523,114.04688864655027,0.022862529913703498
1982,5256.120522884378,5781.732575172817,5512.665711449859,593,5611.49154869731,5609.281461249683,5665.748390328603,156.58949822938155,0.017007904469530325
1982,5781.732575172817,6359.905832690098,6063.932282594846,365,6089.05500095023,6086.907098626789,6076.309867888646,161.6408705456995,0.014141023471681695
1982,6359.905832690098,6995.896415959109,6670.32551085433,687,6626.993814373776,6625.573525959859,6568.983640960699,138.19147134981867,0.01237641712393338
1982,6995.896415959109,7695.48605755502,7337.358061939764,318,7339.349577789905,7337.328984317325,7390.106596080786,172.1857642315143,0.009055089559815321
1982,7695.48605755502,8465.034663310524,8071.093868133742,466,8113.576992763953,8111.501833240638,8211.229551200873,182.27294019476787,0.0075177064952017215
1982,8465.034663310524,9311.538129641576,8878.203254947117,205,8863.037994399432,8859.93558403948,8868.127915296944,234.9774715147377,0.005264811815610723
1982,9311.538129641576,10242.691942605736,9766.02358044183,230,9824.653545902362,9822.464359368292,9853.475461441047,207.1927241011872,0.004273731538108246
1982,10242.691942605736,11266.961136866308,10742.625938486013,136,10718.74428094253,10715.819852225779,10674.598416561135,251.65975903683082,0.0031617878121298557
1982,11266.961136866308,12393.65725055294,11816.888532334615,143,11717.888877270996,11713.984673607856,11495.721371681222,305.75726718483554,0.002504290652420895
1982,12393.65725055294,13633.022975608237,12998.577385568078,95,13032.180369367363,13029.655489538514,13137.967281921397,256.419261282731,0.0018129517271386786
1982,13633.022975608237,14996.32527316906,14298.435124124888,75,14333.852943419506,14328.279025875236,14287.53941908952,402.5014471258696,0.0013536706229302134
1982,14996.32527316906,16495.95780048597,15728.278636537378,69,15976.818776185664,15969.746092593206,16094.009920353714,476.55226268660596,0.0009910802775024777
1982,16495.95780048597,18145.553580534564,17301.106500191116,28,17384.9143270735,17376.140093471262,17348.767908072718,562.2222048664172,0.0006574971597089608
1982,18145.553580534564,19960.108938588022,19031.217150210225,29,19231.98112701412,19224.78669535932,19433.237797022368,532.5332221833443,0.0005221300974159395
1982,19960.108938588022,21956.119832446828,20934.33886523125,14,20809.669784231064,20805.53155657398,20692.298469026202,434.0376391553883,0.00038192849718388165
1982,21956.119832446828,24151.731815691513,23027.77275175438,11,22715.2468402766,22709.588064756008,22827.218152338428,534.2131884232662,0.00031424496603737096
1982,24151.731815691513,26566.90499726067,25330.55002692982,17,24835.99885933912,24832.090059728038,24633.68865360262,460.08254875009027,0.00026106504870796973
1982,26566.90499726067,29223.595496986734,27863.605029622806,4,28586.036724015117,28583.29331504686,28741.766798068416,455.179818046856,0.00017887790374434962
1982,29223.595496986734,32145.955046685413,30649.965532585087,5,30690.291570568388,30674.749267413357,31136.982458153714,1090.9754899260845,0.00015953975198820374
1982,32145.955046685413,35360.550551353954,33714.962085843596,9,32849.79932459226,32849.49375065956,32844.91820480349,150.36018586812534,0.00013536706229302133
1982,35360.550551353954,38896.60560648936,37086.45829442796,3,36485.229972502544,36483.61231638744,36375.746911819864,421.36757384571285,9.185622084169306e-05
1982,38896.60560648936,42786.266167138296,40795.10412387076,4,41512.486838312354,41510.04098233319,41476.152147548295,520.425446613502,7.735260702458362e-05
1982,42786.266167138296,47064.89278385213,44874.61453625784,2,45572.32400916485,45570.474595613414,45572.32400916485,580.6216097533465,5.801445526843772e-05
1982,47064.89278385213,51771.382062237346,49362.07598988363,5,49267.42329009073,49267.423290058585,49267.37730720524,0.06296465909946186,4.8345379390364765e-05
1982,56948.520268461085,62643.3722953072,59728.1119477592,1,61912.67081605458,61912.670816054604,61912.67081605458,,2.4172689695182383e-05
1982,62643.3722953072,68907.70952483792,65700.92314253513,2,65689.83640960699,65689.83640960704,65689.83640960699,0.0,1.9338151756145905e-05
1982,75798.48047732172,83378.32852505389,79498.11700246751,1,82440.74469405676,82440.74469405676,82440.74469405676,,9.669075878072953e-06
1982,83378.32852505389,91716.1613775593,87447.92870271427,1,84575.664377369,84575.66437736896,84575.664377369,,4.834537939036476e-06
1983,0.023022663902355404,0.025324930292590947,0.0241463736092379,6,0.023022663902355408,0.023022663902355408,0.023022663902355404,3.800588715305073e-18,0.9999939975630106
1983,0.037078230441382413,0.04078605348552066,0.03888797616141374,3,0.038371106503925674,0.038371106503925674,0.038371106503925674,0.0,0.9999819926890318
1983,0.049351124717480016,0.054286237189228016,0.05175989627084171,5,0.05064986058518188,0.050649860585181894,0.05064986058518189,7.757919228897728e-18,0.9999759902520423
1983,0.0722549816988625,0.07948047986874876,0.07578166413013937,3,0.07674221300785135,0.07674221300785135,0.07674221300785135,0.0,0.9999659861903933
1983,0.10578851870530463,0.11636737057583511,0.11095193445293709,2,0.11511331951177702,0.115113319511777,0.11511331951177702,0.0,0.9999599837534039
1983,0.11636737057583511,0.12800410763341863,0.12204712789823081,2,0.12662465146295473,0.12662465146295473,0.12662465146295473,0.0,0.9999559821287443
1983,0.1408045183967605,0.15488497023643655,0.1476770247568593,3,0.1534844260157027,0.15348442601570267,0.1534844260157027,0.0,0.9999519805040846
1983,0.17037346726008024,0.18741081398608828,0.1786891999557998,9,0.17650708991805814,0.17647362352839857,0.17957677843837216,0.0036402027867991653,0.9999459780670953
1983,0.22676708492316683,0.24944379341548356,0.23783532514116956,17,0.23022663902355403,0.23022663902355403,0.23022663902355403,0.0,0.9999279707561269
1983,0.30182699003273517,0.3320096890360087,0.3165588177628968,3,0.3069688520314054,0.3069688520314054,0.3069688520314054,0.0,0.9998939569465203
1983,0.3320096890360087,0.36521065793960955,0.3482146995391865,3,0.3453399585353311,0.3453399585353311,0.3453399585353311,0.0,0.9998879545095308
1983,0.4419048961069276,0.4860953857176204,0.4634737650866573,1,0.46045327804710806,0.46045327804710806,0.46045327804710806,,0.9998819520725415
1983,0.4860953857176204,0.5347049242893825,0.509821141595323,9,0.5116147533856757,0.5116147533856757,0.5116147533856757,0.0,0.9998799512602117
1983,0.5881754167183209,0.646992958390153,0.616883581330341,5,0.592142915568581,0.592142915568581,0.592142915568581,0.0,0.9998619439492434
1983,0.646992958390153,0.7116922542291684,0.6785719394633752,2,0.6906799170706622,0.6906799170706622,0.6906799170706622,0.0,0.9998519398875944
1983,0.7116922542291684,0.7828614796520852,0.7464291334097127,6,0.7720266628589846,0.7720129315257962,0.7720266628589845,0.0050440129412719775,0.9998479382629347
1983,0.8611476276172939,0.9472623903790233,0.9031792514257526,20,0.9116974905332741,0.9116106080316043,0.9209065560942161,0.012875865110431553,0.9998359333889559
1983,0.9472623903790233,1.0419886294169258,0.9934971765683279,9,0.9848584002674257,0.9843533858674908,1.0129972117036379,0.0333685255456591,0.9997959171423598
1983,1.0419886294169258,1.1461874923586184,1.0928468942251608,5,1.1050878673130595,1.1050878673130595,1.1050878673130595,0.0,0.9997779098313916
1983,1.1461874923586184,1.2608062415944803,1.202131583647677,8,1.1511331951177703,1.1511331951177703,1.1511331951177703,0.0,0.9997679057697425
1983,1.3868868657539284,1.5255755523293215,1.4545792162136895,5,1.5194958175554567,1.5194958175554567,1.5194958175554567,0.0,0.9997518992711041
1983,1.5255755523293215,1.6781331075622536,1.6000371378350584,20,1.5841895031210755,1.5832166884648262,1.534844260157027,0.05714107457402586,0.999741895209455
1983,1.6781331075622536,1.8459464183184793,1.7600408516185644,15,1.8418131121884325,1.8418131121884325,1.8418131121884322,2.298380017448157e-16,0.9997018789628589
1983,1.8459464183184793,2.0305410601503273,1.936044936780421,19,1.9726787806860315,1.9725096449759187,1.9733711916304633,0.026484152923256583,0.9996718667779119
1983,2.0305410601503273,2.2335951661653604,2.129649430458463,31,2.1408106762880545,2.1398438955272034,2.148781964219838,0.06499704272338315,0.9996338513436456
1983,2.2335951661653604,2.4569546827818964,2.34261437350431,68,2.3125588752742408,2.3124711642806015,2.3022663902355407,0.020376956356167535,0.9995718261614215
1983,2.4569546827818964,2.702650151060086,2.576875810854741,31,2.627257284547498,2.627112506695935,2.631161588840618,0.027802366480989063,0.9994357709229947
1983,2.702650151060086,2.972915166166095,2.834563391940215,81,2.8337772729195487,2.833029366047096,2.877832987794426,0.06561578530873632,0.9993737457407708
1983,2.972915166166095,3.270206682782705,3.118019731134237,71,3.1100700566235377,3.1094758963193265,3.091943762086331,0.06145381460142293,0.9992116799420565
1983,3.270206682782705,3.5972273510609756,3.429821704247661,66,3.432469890896624,3.431609792337073,3.4533995853533104,0.07764917366690631,0.9990696222666402
1983,3.5972273510609756,3.956950086167074,3.7728038746724275,95,3.8484200291516184,3.8475832136833303,3.8371106503925674,0.08025170040548521,0.9989375686528731
1983,3.956950086167074,4.352645094783781,4.1500842621396705,57,4.065640882602264,4.064292720461624,4.028966182912196,0.10728562523848288,0.9987474914815415
1983,4.352645094783781,4.787909604262159,4.565092688353637,219,4.5896679189377805,4.589274683481416,4.604532780471081,0.05956802882864541,0.9986334451787425
1983,4.787909604262159,5.266700564688376,5.021601957189002,151,5.150490097699918,5.148011829630973,5.262323177681236,0.15811961972386485,0.998195267278515
1983,5.266700564688376,5.793370621157214,5.523762152907903,215,5.623740757320471,5.6217764112096305,5.755665975588852,0.14823470241078326,0.9978931446167144
1983,5.793370621157214,6.372707683272936,6.076138368198693,202,6.136679665814465,6.135228281961952,6.139377040628108,0.13301824840803703,0.9974629699658061
1983,6.372707683272936,7.00997845160023,6.683752205018563,421,6.652948325493478,6.650468150650584,6.577903972101545,0.1823879497748593,0.9970588058751854
1983,7.00997845160023,7.710976296760253,7.35212742552042,466,7.439255089035474,7.43479535268851,7.505388432167862,0.25631721801898816,0.996216463884337
1983,7.710976296760253,8.48207392643628,8.087340168072464,427,8.057371626469394,8.0540634748599,8.057932365824392,0.2319089282277805,0.9952840853386475
1983,8.48207392643628,9.330281319079909,8.89607418487971,1069,8.97796453449631,8.97455613372219,9.141020798741868,0.24678124133852528,0.9944297384738203
1983,9.330281319079909,10.2633094509879,9.785681603367681,936,9.972576789780854,9.97056788388716,10.057615173343262,0.1994095737902677,0.9922908700932579
1983,10.2633094509879,11.289640396086691,10.76424976370445,750,10.850765678491323,10.847355960891397,10.920636174482985,0.27123788596108683,0.9904181097525595
1983,11.289640396086691,12.418604435695363,11.840674740074897,1965,11.726027372252677,11.722706058962824,11.684001930445369,0.2812110601490576,0.9889175005052051
1983,12.418604435695363,13.6604648792649,13.024742214082389,1543,13.01521473211137,13.011920747729125,13.064594342456616,0.29273746107989784,0.9849859042771365
1983,13.6604648792649,15.026511367191391,14.327216435490628,2956,14.199572211352962,14.194701068311367,14.08987030824151,0.3738052841401056,0.981898650852246
1983,15.026511367191391,16.52916250391053,15.759938079039692,3460,15.683935602623821,15.678842482898565,15.592099127870197,0.40163891626242276,0.9759842496053398
1983,16.52916250391053,18.182078754301585,17.335931886943662,4312,17.394898648886436,17.39018788303991,17.580943343616852,0.4031557144108035,0.9690614389442114
1983,18.182078754301585,20.000286629731747,19.06952507563803,5634,19.070626816221466,19.062430529322114,19.18555325196284,0.5593330256329836,0.9604339361780883
1983,20.000286629731747,22.000315292704922,20.976477583201834,5260,20.808829927712257,20.80083394207465,20.720397512119867,0.5781310917035035,0.9491613595119619
1983,22.000315292704922,24.200346821975415,23.07412534152202,8850,23.13945930711908,23.134839191956267,23.022663902355408,0.4618641632866074,0.9386370866571828
1983,24.200346821975415,26.62038150417296,25.381537875674223,6902,25.582551966980663,25.573865993219748,25.739338242833345,0.6644403906734102,0.9209298975384006
1983,26.62038150417296,29.282419654590257,27.91969166324165,9403,27.891186304530876,27.881289584959333,27.627196682826483,0.742595276646123,0.9071202908380802
1983,29.282419654590257,32.21066162004929,30.711660829565815,9601,30.748817404443646,30.738895362700763,30.69688520314054,0.7810074904605661,0.8883066525009153
1983,32.21066162004929,35.43172778205422,33.7828269125224,13043,33.908967684688974,33.89376440468033,34.20510065492803,1.0123406800864254,0.8690968533224489
1983,35.43172778205422,38.97490056025964,37.16110960377464,13159,37.39065792812617,37.37690921511405,37.218438464547745,1.0133431246716964,0.8430002581047905
1983,38.97490056025964,42.87239061628561,40.87722056415211,13192,40.74078453213464,40.72708990612424,40.51988846814552,1.0587627481789206,0.8166715686568747
1983,42.87239061628561,47.159629677914175,44.96494262056733,17911,45.43729880116225,45.42313768707011,46.045327804710816,1.1267440577999257,0.7902768524020752
1983,47.159629677914175,51.8755926457056,49.46143688262407,12852,49.73775864636427,49.7185357965288,49.78363285585577,1.3808453990956433,0.7544403027629217
1983,51.8755926457056,57.063151910276154,54.40758057088647,16744,54.419300190735896,54.40239705388807,54.486971235574465,1.3557143390290112,0.7287258627002563
1983,57.063151910276154,62.76946710130378,59.84833862797512,17580,59.81932488219236,59.79499831462761,59.858926146124055,1.7045311275971127,0.6952242610499862
1983,62.76946710130378,69.04641381143416,65.83317249077264,14140,65.55933585825008,65.5370023434596,65.47300273871342,1.7146759141813537,0.6600499802919986
1983,69.04641381143416,75.95105519257758,72.41648973984991,20694,71.76701855711482,71.73297171966395,71.75396916234102,2.2130750366332204,0.6317584939485431
1983,75.95105519257758,83.54616071183536,79.65813871383492,20850,79.42620993300865,79.39782912579741,79.42819046312616,2.1264495790264384,0.5903536835955397
1983,83.54616071183536,91.9007767830189,87.6239525852184,14069,87.31219411208608,87.28227918137706,87.21774434688881,2.2893174964309106,0.5486367465190868
1983,91.9007767830189,101.0908544613208,96.38634784374025,21913,95.10253586908026,95.05722043923963,94.49159055923869,2.948124924539103,0.5204873178510475
1983,101.0908544613208,111.19993990745289,106.0249826281143,17193,106.18667136516324,106.1440643999659,106.04852931128961,3.0071982540860325,0.4766435172680108
1983,111.19993990745289,122.31993389819817,116.62748089092572,17156,116.37225694728009,116.33529415480383,115.11331951177704,2.9387875738105462,0.44224355088165795
1983,122.31993389819817,134.551927288018,128.2902289800183,15386,127.90018451910389,127.84712717558853,127.85866624812098,3.6868754275284727,0.40791761455150793
1983,134.551927288018,148.00712001681984,141.11925187802015,16371,140.71275641702647,140.66353301361974,139.17967751103922,3.7355846672325095,0.3771331160451143
1983,148.00712001681984,162.8078320185018,155.23117706582218,14867,155.54431695302074,155.48650850656634,155.12517452981055,4.241073849130694,0.3443778173938619
1983,162.8078320185018,179.088615220352,170.75429477240442,13352,171.0086473075815,170.95203490366129,171.74907271157133,4.396769748735662,0.31463174048663756
1983,179.088615220352,196.99747674238725,187.82972424964487,13788,187.24228934770244,187.17887752022037,185.56267105298457,4.887678839297784,0.2879168942590692
1983,196.99747674238725,216.69722441662597,206.6126966746094,11684,206.5763462161874,206.5006064799633,207.20397512119865,5.594243632440579,0.2603296938557054
1983,216.69722441662597,238.36694685828857,227.2739663420703,12837,227.8665825818912,227.79810051033905,230.22663902355407,5.570982496300672,0.23695220259425326
1983,238.36694685828857,262.2036415441175,250.0013629762774,9192,249.9817393475001,249.89176728155863,249.68079002104437,6.7093636717921905,0.2112677747165349
1983,262.2036415441175,288.42400569852924,275.00149927390515,10431,275.90105555759357,275.79781380263483,276.27196682826485,7.545216656389732,0.19287630778095907
1983,288.42400569852924,317.2664062683822,302.50164920129566,8452,302.59912235846747,302.49826609708447,303.69656406875066,7.807318291677073,0.17200583436875372
1983,317.2664062683822,348.99304689522046,332.7518141214253,8691,334.1471014923742,334.0069589239178,334.5960487142319,9.662882424999543,0.15509496855723423
1983,348.99304689522046,383.8923515847425,366.02699553356786,7599,367.23619405024823,367.0854153963283,368.3626224376865,10.521124473419167,0.13770590859889115
1983,383.8923515847425,422.2815867432168,402.62969508692464,6645,403.0327127601846,402.89200040799466,402.8966182912196,10.647387919753452,0.12250173570469611
1983,422.2815867432168,464.5097454175385,442.89266459561713,7102,447.36150108147154,447.1696614064798,448.9419460959304,13.052008927754915,0.10920633777313589
1983,464.5097454175385,510.9607199592924,487.18193105517895,5149,487.3132677156696,487.1263443974351,487.1411500427185,13.499389496157361,0.09499656860685439
1983,510.9607199592924,562.0567919552217,535.9001241606968,5158,536.2756974735008,536.0694420385328,537.1954910549595,14.867315121833892,0.0846943859206838
1983,562.0567919552217,618.262471150744,589.4901365767666,4980,588.9133499210587,588.6846770869627,585.8500541019372,16.448323568681186,0.07437419592354495
1983,618.262471150744,680.0887182658183,648.4391502344433,3893,647.6661055122428,647.4302641028801,644.6345892659514,17.500166498270858,0.06441015052111157
1983,680.0887182658183,748.0975900924003,713.2830652578878,4337,710.0482341168558,709.7712007583872,705.8090962064958,19.89656031333053,0.0566209881211772
1983,748.0975900924003,822.9073491016403,784.6113717836765,3587,783.0553923216805,782.7668043112689,782.7705726800838,21.26618751396098,0.047943465046809006
1983,822.9073491016403,905.1980840118044,863.0725089620443,2675,860.0959333710517,859.7776496262173,859.1290746228959,23.443197177148267,0.040766551219795236
1983,905.1980840118044,995.7178924129851,949.3797598582488,3236,943.6672506479504,943.3050785804687,934.7201544356294,26.261365254441028,0.03541437823756445
1983,995.7178924129851,1095.2896816542836,1044.317735844074,2493,1042.690642430143,1042.3133441402247,1038.607623028618,28.07804104119854,0.028939749538312555
1983,1095.2896816542836,1204.818649819712,1148.7495094284811,2338,1146.6440376288233,1146.2503692567043,1151.1331951177704,30.06872876002986,0.02395172440010644
1983,1204.818649819712,1325.3005148016834,1263.6244603713294,1583,1260.7538980088189,1260.2804614648394,1263.3686816417528,34.59493966119625,0.019273825173020245
1983,1325.3005148016834,1457.8305662818518,1389.9869064084626,1612,1387.4116353406484,1387.0233419132871,1381.3598341413242,32.88880488632919,0.016106539254937505
1983,1457.8305662818518,1603.613622910037,1528.9855970493088,1262,1524.7894054504866,1524.2859197257978,1531.0071495066345,39.21719749300561,0.012881229779290392
1983,1603.613622910037,1763.974985201041,1681.8841567542397,1025,1671.457981290413,1670.7912429188348,1669.143132920767,47.28603978035865,0.010356204619075344
1983,1763.974985201041,1940.3724837211453,1850.072572429664,857,1849.5765595200967,1848.910252400463,1841.8131121884326,49.691648389785655,0.008305371981024295
1983,1940.3724837211453,2134.40973209326,2035.0798296726307,683,2030.0807203732609,2029.388142649078,2025.9944234072757,53.122598900370214,0.006590675814380638
1983,2134.40973209326,2347.850705302586,2238.587812639894,571,2259.7504245190908,2258.9263457790817,2294.6888641231453,60.75443143407733,0.005224120993123208
1983,2347.850705302586,2582.635775832845,2462.4465939038832,374,2459.697624149724,2458.712429381629,2455.7508162512436,69.76766172179192,0.004081657152804038
1983,2582.635775832845,2840.8993534161295,2708.691253294272,398,2717.263807828311,2716.264244374117,2742.7666929006073,73.54497418261992,0.0033333533414566315
1983,2840.8993534161295,3124.9892887577425,2979.560378623699,237,2985.1927938138133,2984.014582509794,2992.946307306203,83.99935044555345,0.0025370300341938825
1983,3124.9892887577425,3437.4882176335173,3277.5164164860694,206,3249.9312497952283,3249.039313802506,3223.172946329757,76.50745358240216,0.0020628375120298843
1983,3437.4882176335173,3781.2370393968695,3605.2680581346767,247,3576.6397809437317,3575.203620841468,3568.512904865088,101.69532188665062,0.0016506701720898685
1983,3781.2370393968695,4159.360743336557,3965.7948639481447,139,3945.238827424099,3943.589241286863,3913.8528634004188,115.11713178300266,0.0011564695266278108
1983,4159.360743336557,4575.2968176702125,4362.37435034296,65,4379.8862684657315,4378.6596726128955,4374.306141447527,104.2778284713188,0.0008783566127847906
1983,4575.2968176702125,5032.826499437235,4798.611785377256,122,4749.037574981354,4747.254035627793,4719.646099982858,131.49949411131408,0.0007483038113474071
1983,5032.826499437235,5536.109149380958,5278.472963914982,65,5294.3582851615965,5292.383828137245,5260.67870168821,146.0273412184404,0.0005042047071110871
1983,5536.109149380958,6089.7200643190545,5806.32026030648,49,5818.993806379693,5817.797518342225,5801.711303393562,119.18208582859897,0.00037415190567370354
1983,6089.7200643190545,6698.692070750961,6386.952286337129,26,6499.787339791564,6498.177209695068,6558.696492503008,146.65271522709477,0.00027611210151321435
1983,6698.692070750961,7368.561277826057,7025.647514970843,33,7059.6324506725605,7057.054193915853,6945.170277210546,194.2052945220331,0.00022409098093826094
1983,7368.561277826057,8105.417405608664,7728.212266467928,9,7960.725562681114,7960.156526138971,7942.819046312615,100.86566282466543,0.00015806417405466618
1983,8105.417405608664,8915.95914616953,8501.03349311472,12,8489.223602928514,8486.181410040548,8403.272324359723,237.63244873687418,0.00014005686308641308
1983,8915.95914616953,9807.555060786484,9351.136842426195,23,9377.631500122887,9374.953449939298,9243.599556795696,230.8157084683178,0.00011604711512874227
1983,9807.555060786484,10788.310566865133,10286.250526668813,3,10743.90982109919,10743.909821099187,10743.90982109919,0.0,7.002843154320654e-05
1983,10788.310566865133,11867.141623551648,11314.875579335696,2,11304.127976056505,11302.2287984166,11304.127976056505,293.0306717940166,6.402599455378884e-05
1983,11867.141623551648,13053.855785906813,12446.363137269267,7,12105.158810163144,12104.441713068014,12040.853220931878,142.7704743424605,6.0024369894177035e-05
1983,13053.855785906813,14359.241364497497,13690.999450996194,10,13703.089554681941,13701.446854101565,13813.598341413244,221.30516964603396,4.601868358553573e-05
1983,14359.241364497497,15795.165500947247,15060.099396095815,5,15466.625609602363,15466.625609602363,15466.625609602363,0.0,2.6010560287476716e-05
1983,19112.150256146175,21023.365281760794,20044.992296203538,3,19799.49095602565,19799.490956025635,19799.49095602565,0.0,1.600649863844721e-05
1983,23125.701809936872,25438.27199093056,24254.440678406278,3,24173.797097473176,24173.79709747318,24173.797097473176,0.0,1.0004061649029505e-05
1983,25438.27199093056,27982.09919002362,26679.88474624691,1,26844.426110146404,26844.426110146385,26844.426110146404,,4.001624659611802e-06
1983,30780.309109025984,33858.34001992858,32282.660542958765,1,32231.729463297568,32231.729463297543,32231.729463297568,,2.000812329805901e-06
1984,0.003512897502867209,0.00386418725315393,0.003684357983721959,2,0.003512897502867209,0.0035128975028672093,0.003512897502867209,0.0,0.9999345942764046
1984,0.04186733259811256,0.04605406585792382,0.043910828878183074,1,0.042154770034406513,0.042154770034406513,0.042154770034406513,,0.9999306302931564
1984,0.05065947244371621,0.05572541968808783,0.053132102942601525,6,0.05269346254300814,0.052693462543008135,0.05269346254300814,0.0,0.9999286483015323
1984,0.05572541968808783,0.06129796165689661,0.05844531323686168,2,0.05620636004587534,0.05620636004587534,0.05620636004587534,0.0,0.9999167563517877
1984,0.06742775782258628,0.07417053360484492,0.07071882901660265,5,0.07025795005734418,0.07025795005734417,0.07025795005734418,0.0,0.9999127923685395
1984,0.08158758696532942,0.08974634566186238,0.08556978311008923,4,0.08782243757168022,0.08782243757168022,0.08782243757168022,0.0,0.9999028824104189
1984,0.09872098022804862,0.10859307825085349,0.10353943756320798,2,0.10538692508601628,0.10538692508601628,0.10538692508601628,0.0,0.9998949544439225
1984,0.10859307825085349,0.11945238607593883,0.11389338131952878,1,0.11241272009175068,0.1124127200917507,0.11241272009175068,,0.9998909904606743
1984,0.13139762468353275,0.14453738715188602,0.13781099139662986,7,0.14151958511550758,0.14151074953110315,0.14051590011468837,0.0017141184646544004,0.9998890084690502
1984,0.14453738715188602,0.15899112586707465,0.15159209053629286,9,0.1545674901261572,0.15453564786766424,0.15175717212386342,0.003332627188733485,0.9998751345276815
1984,0.15899112586707465,0.17489023845378213,0.16675129958992216,2,0.1615932851318916,0.1615932851318916,0.1615932851318916,0.0,0.9998572966030645
1984,0.17489023845378213,0.19237926229916033,0.18342642954891436,6,0.17564487514336044,0.1756448751433604,0.17564487514336044,0.0,0.9998533326198163
1984,0.19237926229916033,0.2116171885290764,0.20176907250380582,4,0.21077385017203257,0.2107738501720326,0.21077385017203257,0.0,0.9998414406700717
1984,0.2116171885290764,0.23277890738198406,0.22194597975418645,7,0.22683281018513976,0.2268328101851397,0.22683281018513976,0.0,0.9998335127035753
1984,0.23277890738198406,0.2560567981201825,0.24414057772960512,5,0.23887703019497022,0.23880858701127197,0.2341931668578139,0.006413644015079815,0.9998196387622066
1984,0.2560567981201825,0.2816624779322007,0.26855463550256564,8,0.2634673127150407,0.26327768146898084,0.25761248354359534,0.010841037055317557,0.999809728804086
1984,0.2816624779322007,0.3098287257254208,0.2954100990528222,3,0.28337373189795484,0.28337373189795484,0.28337373189795484,0.0,0.9997938728710932
1984,0.340811598297963,0.3748927581277593,0.35744621985391495,14,0.3512897502867209,0.3512897502867208,0.3512897502867209,0.0,0.999787926896221
1984,0.3748927581277593,0.41238203394053524,0.39319084183930647,2,0.386418725315393,0.386418725315393,0.386418725315393,0.0,0.9997601790134835
1984,0.41238203394053524,0.45362023733458884,0.4325099260232371,12,0.43325735868695586,0.43317751187282344,0.4391121878584011,0.00864815582570996,0.9997562150302353
1984,0.45362023733458884,0.4989822610680477,0.4757609186255609,3,0.4800959920585186,0.4800931313833176,0.48126695789280766,0.0020281723189159782,0.9997324311307461
1984,0.4989822610680477,0.5488804871748525,0.523337010488117,15,0.5152249670871906,0.5151770393957953,0.5109669095079576,0.007309025691654045,0.9997264851558737
1984,0.5488804871748525,0.6037685358923378,0.5756707115369287,16,0.598158622300714,0.598144668813396,0.5971925754874255,0.004214277986948134,0.9996967552815121
1984,0.6037685358923378,0.6641453894815716,0.6332377826906217,5,0.6252957555103632,0.6252957555103632,0.6252957555103632,0.0,0.9996650434155265
1984,0.6641453894815716,0.7305599284297289,0.6965615609596839,22,0.7025795005734419,0.7025795005734418,0.7025795005734418,1.136349493877995e-16,0.999655133457406
1984,0.8036159212727019,0.8839775133999721,0.8428394887612176,4,0.8782243757168022,0.8782243757168022,0.8782243757168022,0.0,0.9996115296416758
1984,0.8839775133999721,0.9723752647399695,0.9271234376373395,10,0.9203791457512086,0.9201588128386113,0.9367726674312556,0.021163945484170697,0.9996036016751794
1984,0.9723752647399695,1.0696127912139664,1.0198357814010737,18,1.0148370563838602,1.0142394476500696,0.9836113008028186,0.035923591921446764,0.9995837817589383
1984,1.0696127912139664,1.176574070335363,1.121819359541181,22,1.1496755463929047,1.1494383774040027,1.1709658342890699,0.023871177948593683,0.9995481059097044
1984,1.176574070335363,1.2942314773688997,1.2340012954952992,22,1.2582560146633457,1.2580603894609648,1.2710301874010448,0.02264618782462255,0.9995045020939741
1984,1.2942314773688997,1.4236546251057898,1.3574014250448292,50,1.380709234526928,1.3801016420350123,1.4051590011468835,0.04089633271160006,0.9994608982782439
1984,1.4236546251057898,1.5660200876163688,1.4931415675493123,14,1.5055275012288039,1.5054927142538843,1.5055275012288036,0.010630511440893598,0.9993617986970387
1984,1.5660200876163688,1.7226220963780057,1.6424557243042435,21,1.6824437107065358,1.6824072928683858,1.6861908013762605,0.01138505045054343,0.9993340508143013
1984,1.7226220963780057,1.8948843060158065,1.806701296734668,21,1.797265274800252,1.7965941398248626,1.7564487514336045,0.05056713386608316,0.9992924289901951
1984,1.8948843060158065,2.0843727366173876,1.9873714264081352,13,1.9477665538974498,1.947418953247536,1.9765903282799497,0.03824818031162026,0.9992508071660889
1984,2.0843727366173876,2.2928100102791262,2.186108569048949,19,2.181694238622793,2.1805632506159243,2.248254401835014,0.07208313582071499,0.9992250412749756
1984,2.2928100102791262,2.522091011307039,2.404719425953844,36,2.400479960292593,2.3994358026677576,2.3419316685781397,0.07214440496549562,0.9991873834341176
1984,2.522091011307039,2.774300112437743,2.645191368549228,36,2.608638653434713,2.608366862141922,2.6187054112282833,0.03809284873001874,0.9991160317356499
1984,2.774300112437743,3.051730123681518,2.9097105054041514,116,2.8565913418142928,2.8554026149326353,2.810318002293767,0.0837894741421252,0.9990446800371822
1984,3.051730123681518,3.35690313604967,3.200681555944567,76,3.182759093334593,3.1822980203261046,3.166877098834789,0.05459987726819784,0.9988147690087862
1984,3.35690313604967,3.692593449654637,3.520749711539024,160,3.5086468968887394,3.5080444817771874,3.512897502867209,0.06527777308565884,0.9986641376453543
1984,3.692593449654637,4.061852794620101,3.8728246826929267,134,3.934791249830959,3.9336195187038148,3.9929934949257277,0.09572663127618489,0.9983470189854977
1984,4.061852794620101,4.468038074082111,4.260107150962219,82,4.232613088820491,4.2322508779318015,4.215477003440651,0.05643618465675708,0.9980814321078679
1984,4.468038074082111,4.914841881490323,4.686117866058441,182,4.694589898908624,4.69390284528734,4.6838633371562794,0.08040643887681022,0.9979189087946915
1984,4.914841881490323,5.4063260696393565,5.154729652664287,222,5.173664631625121,5.172110982356242,5.219162004259854,0.12648585243115262,0.9975581863191046
1984,5.4063260696393565,5.946958676603292,5.670202617930716,426,5.658087120312937,5.656864132817255,5.620636004587534,0.11820081762057447,0.9971181841785537
1984,5.946958676603292,6.541654544263621,6.237222879723787,392,6.212838831785171,6.211292171546873,6.245151116208372,0.1385642014109436,0.9962738557466856
1984,6.541654544263621,7.195819998689985,6.860945167696167,758,6.98679720902317,6.985786484199851,7.025795005734418,0.1172572057248636,0.9954969150300371
1984,7.195819998689985,7.915401998558984,7.547039684465785,491,7.6057584049016045,7.603092787116672,7.619084361774214,0.2010983094551322,0.9939945653789667
1984,7.915401998558984,8.706942198414882,8.301743652912364,899,8.329029181002785,8.326882253765728,8.430954006881302,0.1884531385848382,0.9930214074915319
1984,8.706942198414882,9.577636418256372,9.131918018203601,1364,9.168243201168558,9.164747754963495,9.367726674312559,0.2519840390567346,0.991239597021463
1984,9.577636418256372,10.53540006008201,10.045109820023962,937,9.984849913099422,9.982736445145454,10.036850008192026,0.2052260460778101,0.988536160446186
1984,10.53540006008201,11.588940066090212,11.049620802026359,2024,10.958373374679839,10.953206546362301,11.007078842317254,0.3362886390551475,0.9866790342944011
1984,11.588940066090212,12.747834072699233,12.154582882228995,2319,12.156945477995313,12.152092084283266,12.044320378330513,0.34354578497480887,0.9826674832472158
1984,12.747834072699233,14.022617479969158,13.370041170451895,1724,13.287032729221258,13.2834175546136,13.245028744810524,0.3100002455685494,0.97807124467092
1984,14.022617479969158,15.424879227966075,14.707045287497087,4294,14.330349799833993,14.323996768169211,14.051590011468836,0.43183354256209805,0.9746542911109658
1984,15.424879227966075,16.967367150762684,16.1777498162468,4975,16.30364978158977,16.296358403440166,16.393521680046973,0.48644788781412557,0.9661436190770658
1984,16.967367150762684,18.664103865838953,17.795524797871476,4166,17.73318956833692,17.727928436736708,17.564487514336044,0.4323782576817103,0.9562832107471514
1984,18.664103865838953,20.53051425242285,19.575077277658625,6475,19.47704628410896,19.467780945588892,19.506818727921367,0.6012679023430109,0.9480262336411366
1984,20.53051425242285,22.58356567766514,21.53258500542449,7667,21.642108040367017,21.63358493089552,21.604319642633335,0.6079645091082255,0.9351928378750671
1984,22.58356567766514,24.841922245431654,23.685843505966943,8551,23.722904343285055,23.714560533737853,23.606671219267646,0.6291252360935006,0.9199969080930664
1984,24.841922245431654,27.326114469974822,26.05442785656364,8631,26.181535791022927,26.169633465554032,26.171788975861283,0.7895923246797192,0.9030488977153582
1984,27.326114469974822,30.058725916972307,28.659870642220007,11933,28.48210915932131,28.473691307186392,28.10318002293767,0.697006307879584,0.8859423280077219
1984,30.058725916972307,33.06459850866954,31.525857706442007,11831,31.510847890796107,31.49827447420827,31.467481961433595,0.8905363556884262,0.862291221957296
1984,33.06459850866954,36.37105835953649,34.67844347708621,16434,34.62828373268689,34.61621490536288,34.84419613777299,0.914072848865527,0.8388422790525287
1984,36.37105835953649,40.00816419549015,38.14628782479483,13789,38.13770830554856,38.12465906560616,37.93929303096586,0.9986372708788018,0.8062702287020135
1984,40.00816419549015,44.008980615039164,41.96091660727432,15867,41.917708714467544,41.90435597430994,42.15477003440651,1.057171648717817,0.7789405461972517
1984,44.008980615039164,48.40987867654309,46.15700826800175,18139,46.19920109083239,46.183183031445495,46.251370586350134,1.2160773038710486,0.7474922850976031
1984,48.40987867654309,53.2508665441974,50.77270909480194,16136,50.90602107773964,50.88682744826727,50.861135205512596,1.397131963583775,0.7115409390279916
1984,53.2508665441974,58.57595319861715,55.84998000428214,18061,56.041460681973284,56.02388464971815,56.20636004587534,1.4028238843347396,0.6795595221814592
1984,58.57595319861715,64.43354851847886,61.43497800471035,16892,61.46217724430994,61.44013798208365,61.37664259059531,1.646452276576748,0.6437627714585278
1984,64.43354851847886,70.87690337032676,67.57847580518138,24638,68.09371176803579,68.0668546592152,68.27386554772478,1.9072737815393628,0.6102829689441732
1984,70.87690337032676,77.96459370735944,74.33632338569954,16539,74.40915582949292,74.38326371859907,74.35455060928781,1.963489226668957,0.5614506593095138
1984,77.96459370735944,85.76105307809539,81.7699557242695,18338,82.11193292466605,82.08075400806159,82.30217006717461,2.257394918332854,0.5286704998384677
1984,85.76105307809539,94.33715838590494,89.94695129669645,18512,90.19044298189667,90.1552567264745,90.16436924025837,2.5194760032842103,0.4923247374356596
1984,94.33715838590494,103.77087422449544,98.94164642636612,16256,99.0229285980799,98.98669597651244,98.3903573875057,2.6787843031293526,0.45563410849025754
1984,103.77087422449544,114.14796164694499,108.83581106900273,18318,108.68252145092804,108.64079181647153,108.74806541675962,3.0141787373771223,0.4234148526488327
1984,114.14796164694499,125.5627578116395,119.71939217590301,15802,119.49147258264996,119.44916514337767,119.37247262443121,3.1834744100113492,0.3871087300785067
1984,125.5627578116395,138.11903359280345,131.69133139349333,14608,131.4456073117133,131.3905597716537,131.16203767585378,3.8059969274407615,0.3557892984344248
1984,138.11903359280345,151.93093695208384,144.86046453284268,17108,143.63231645201918,143.58174105595643,142.79038415121147,3.832263208312506,0.3268363647895224
1984,151.93093695208384,167.12403064729222,159.34651098612696,12547,159.38074690627403,159.3214001650909,159.25135346331348,4.348091072483947,0.29292845208436147
1984,167.12403064729222,183.83643371202146,175.28116208473966,14197,175.0178836032331,174.95405683647675,175.64487514336045,4.728214142818638,0.2680604031767362
1984,183.83643371202146,202.22007708322363,192.80927829321365,11397,192.56939529996112,192.50069308665584,192.15549340683634,5.150677730797593,0.23992206808934025
1984,202.22007708322363,222.442084791546,212.09020612253505,11276,211.68130366738006,211.61942141385472,210.77385017203252,5.125552641237644,0.21733330954943383
1984,222.442084791546,244.68629327070062,233.29922673478856,10362,232.84730148894423,232.7647793719145,233.3114295845943,6.204294939390475,0.19498437199604393
1984,244.68629327070062,269.1549225977707,256.62914940826744,8627,255.7987466863456,255.6985656655712,255.22746033231536,7.16797540268815,0.17444697478708454
1984,269.1549225977707,296.0704148575478,282.2920643490942,9421,282.33504304731815,282.2568399822818,281.0318002293767,6.654372522159063,0.15734833304594456
1984,296.0704148575478,325.6774563433026,310.52127078400366,7122,310.4661455024289,310.356207923153,310.5401392534613,8.261446687175896,0.13867598995526645
1984,325.6774563433026,358.2452019776329,341.573397862404,7600,342.41060883977644,342.27741171479374,342.7789832485745,9.531174880266837,0.12456024560840206
1984,358.2452019776329,394.0697221753962,375.7307376486445,5961,376.3297580403692,376.1952143679246,375.3840116793865,10.065570578341124,0.10949710926521625
1984,394.0697221753962,433.4766943929359,413.3038114135089,6145,415.25445163466765,415.1109918124806,419.98516353478976,10.875989553521254,0.0976824571939359
1984,433.4766943929359,476.8243638322295,454.6341925548599,5048,455.31862579047964,455.14954343787554,456.6766753727372,12.400446705206432,0.08550311866382053
1984,476.8243638322295,524.5068002154525,500.0976118103459,4393,500.1034697597847,499.92285452201264,499.53402490771714,13.443543431270975,0.07549802494534658
1984,524.5068002154525,576.9574802369978,550.1073729913805,4986,549.3240340367173,549.0944107198557,551.2545553583311,15.865903947873228,0.06679113574066035
1984,576.9574802369978,634.6532282606977,605.1181102905186,3770,606.6512107972767,606.4168231567088,606.5603021617382,16.87367974958216,0.056908925502880826
1984,634.6532282606977,698.1185510867674,665.6299213195706,2942,663.147604948789,662.9113753539153,662.6362166136737,17.716063778513124,0.04943681708001102
1984,698.1185510867674,767.9304061954442,732.1929134515277,3858,722.6656696649965,722.3668659793593,716.6310905849107,20.899860754421926,0.04360579772189883
1984,767.9304061954442,844.7234468149887,805.4122047966805,2876,807.4017644722733,807.006740443259,805.4025725459655,25.278839416447255,0.03595927403610792
1984,844.7234468149887,929.1957914964877,885.9534252763486,2394,885.0893671119437,884.749206978582,883.376625387674,24.538265293142068,0.030259066125186557
1984,929.1957914964877,1022.1153706461365,974.5487678039835,2309,971.2720039288008,970.9093213560454,971.5763949897956,26.5820750759756,0.025514178177083024
1984,1022.1153706461365,1124.3269077107502,1072.003644584382,2075,1073.9653454735737,1073.5122655870382,1067.9208408716315,31.27604648492497,0.02093775951702828
1984,1124.3269077107502,1236.7595984818254,1179.2040090428204,1617,1182.122219102388,1181.6724268803648,1178.5771122119486,32.600717270300414,0.016825126897013733
1984,1236.7595984818254,1360.435558330008,1297.1244099471023,1261,1291.1002226502508,1290.640719264194,1285.7204860493985,34.52698652685079,0.013620246440838542
1984,1360.435558330008,1496.479114163009,1426.8368509418128,1182,1421.6474782013252,1421.2621062218036,1407.4346561492412,33.26160959218669,0.011120955002844157
1984,1496.479114163009,1646.12702557931,1569.5205360359942,884,1573.12891965575,1572.52631137146,1566.7522862787753,43.57651730029184,0.008778240903153944
1984,1646.12702557931,1810.7397281372412,1726.4725896395937,766,1725.1761772331997,1724.5863451377713,1721.3197764049323,45.167127562625105,0.0070261603074465405
1984,1810.7397281372412,1991.8137009509653,1899.1198486035532,618,1892.5884226498313,1891.9145583796478,1889.9388565425586,50.61903840191426,0.005507954723383339
1984,1991.8137009509653,2190.995071046062,2089.0318334639087,503,2092.1769468424095,2091.534435698548,2107.7385017203255,51.81641952561754,0.00428308389968744
1984,2190.995071046062,2410.0945781506684,2297.9350168102997,366,2293.271171696561,2292.4202857418495,2283.383376863686,62.64568787345664,0.0032861421127634315
1984,2410.0945781506684,2651.1040359657354,2527.72851849133,322,2522.100813870446,2521.270844035177,2529.2862020643906,64.96673296171383,0.0025607331783415884
1984,2651.1040359657354,2916.2144395623095,2780.5013703404634,253,2779.9826559213266,2779.0772692562796,2810.318002293767,70.98242870648866,0.0019225318753802946
1984,2916.2144395623095,3207.835883518541,3058.55150737451,171,3062.3144843922873,3061.2113613977485,3089.3727438085302,82.30552549179129,0.0014210879944821352
1984,3207.835883518541,3528.619471870395,3364.4066581119614,183,3386.3185724853574,3384.777763159813,3372.3816027525204,102.31813561137207,0.0010821674267604544
1984,3528.619471870395,3881.481419057435,3700.8473239231575,82,3724.5811649323414,3723.305322009156,3751.7745330621797,97.97263476569425,0.000719462959549533
1984,3881.481419057435,4269.629560963178,4070.9320563154733,96,4109.494773961555,4107.690567721362,4185.337748025052,121.93517637628119,0.0005569396463730545
1984,4269.629560963178,4696.5925170594965,4478.02526194702,49,4506.989645686963,4505.612546831602,4496.508803670027,112.56614793482062,0.00036666845045912834
1984,4696.5925170594965,5166.251768765446,4925.827788141723,54,4912.874537832493,4911.741312230676,4918.056504014093,106.71241781995938,0.00026955086087806194
1984,5166.251768765446,5682.876945641992,5418.410566955897,24,5450.964167616591,5448.550849248477,5444.9911294441745,165.5077212634617,0.0001625233131764785
1984,5682.876945641992,6251.1646402061915,5960.251623651487,13,5947.497606085086,5946.571661551921,5950.848369857052,109.09159914304081,0.00011495551419799699
1984,6251.1646402061915,6876.281104226811,6556.276786016636,20,6454.949161518496,6453.550931334838,6505.886175310071,137.7782923464882,8.918962308465285e-05
1984,6876.281104226811,7563.909214649492,7211.904464618299,7,7047.373831778031,7047.2076685928005,7025.795005734418,52.51491899034467,4.9549790602584914e-05
1984,8320.300136114443,9152.330149725889,8726.404402188145,6,8606.598882024662,8602.510254440878,8430.954006881302,293.9100917960365,3.567584923386114e-05
1984,9152.330149725889,10067.563164698478,9599.04484240696,3,9836.113008028186,9836.113008028182,9836.113008028186,0.0,2.3783899489240757e-05
1984,10067.563164698478,11074.319481168326,10558.949326647657,2,10412.930777998981,10409.525618911654,10412.930777998981,376.5734367170303,1.783792461693057e-05
1984,11074.319481168326,12181.751429285161,11614.844259312424,4,11479.735571333951,11476.455742746764,11352.857793194646,319.26463744781853,1.3873941368723776e-05
1984,13399.926572213677,14739.919229435045,14053.961553768033,3,13911.072237808812,13909.643199479666,14051.587201150835,243.37905573205896,5.945974872310189e-06
1985,0.0016079469879319557,0.0017687416867251515,0.001686429028331579,2,0.0016079469879319557,0.0016079469879319564,0.0016079469879319557,0.0,1.0
1985,0.0028485761738877248,0.0031334337912764976,0.002987611895860122,2,0.0030149006023724167,0.003014900602372416,0.0030149006023724167,0.0,0.9999961099862488
1985,0.023188193239230576,0.025507012563153634,0.024319982242384314,3,0.023449226907341022,0.02344922690734102,0.023449226907341022,0.0,0.9999922199724977
1985,0.028057713819468998,0.030863485201415904,0.029427178513285027,2,0.03014900602372417,0.030149006023724164,0.03014900602372417,0.0,0.9999863849518708
1985,0.03734481709371325,0.04107929880308458,0.03916757460118238,3,0.040198674698298895,0.0401986746982989,0.040198674698298895,0.0,0.9999824949381196
1985,0.04518722868339304,0.049705951551732346,0.04739276526743069,10,0.04847960168614847,0.04847960168614844,0.04847960168614847,0.0,0.9999766599174928
1985,0.06014420137759615,0.06615862151535577,0.06307977057095027,1,0.06029801204744834,0.060298012047448335,0.06029801204744834,,0.9999572098487368
1985,0.06615862151535577,0.07277448366689136,0.06938774762804531,9,0.06699779116383148,0.06699779116383149,0.06699779116383148,0.0,0.9999552648418613
1985,0.08005193203358049,0.08805712523693855,0.08395917462993481,2,0.08240728313151273,0.08240728313151273,0.08240728313151273,0.0,0.9999377597799808
1985,0.09686283776063241,0.10654912153669567,0.10159060130222114,4,0.10049668674574723,0.10049668674574722,0.10049668674574723,0.0,0.9999338697662297
1985,0.11720403369036524,0.12892443705940176,0.1229246275756876,11,0.122423236581183,0.12239954805243723,0.12059602409489668,0.002535154439048667,0.9999260897387272
1985,0.12892443705940176,0.14181688076534196,0.13521709033325638,9,0.13622884203312402,0.13619262170712135,0.13399558232766295,0.0033498895581915845,0.9999046946630956
1985,0.14181688076534196,0.15599856884187618,0.14873879936658202,12,0.14907008533952507,0.14906067524038746,0.14907008533952507,0.0017494227660013852,0.9998871896012153
1985,0.1715984257260638,0.18875826829867018,0.17997394723356427,5,0.18491390361217488,0.1849139036121749,0.18491390361217488,0.0,0.9998638495187081
1985,0.18875826829867018,0.20763409512853725,0.19797134195692073,14,0.19812203958447314,0.19806924917243862,0.20099337349149446,0.004711357343176724,0.9998541244843301
1985,0.20763409512853725,0.22839750464139097,0.21776847615261283,5,0.2251125783104738,0.2251125783104738,0.2251125783104738,0.0,0.9998268943880717
1985,0.22839750464139097,0.2512372551055301,0.2395453237678741,5,0.2411920481897934,0.2411920481897934,0.24119204818979337,3.1031676915590914e-17,0.9998171693536937
1985,0.2512372551055301,0.2763609806160831,0.26349985614466154,4,0.2512417168643681,0.2512417168643681,0.2512417168643681,0.0,0.9998074443193157
1985,0.2763609806160831,0.30399707867769143,0.2898498417591277,4,0.30048509336978424,0.3004834128184836,0.30048509336978424,0.0011604357829064745,0.9997996642918132
1985,0.30399707867769143,0.3343967865454606,0.3188348259350405,8,0.3140521460804601,0.3140521460804601,0.3140521460804601,0.0,0.9997918842643109
1985,0.3343967865454606,0.36783646520000673,0.3507183085285446,3,0.33498895581915744,0.3349889558191574,0.33498895581915744,0.0,0.9997763242093061
1985,0.36783646520000673,0.40462011172000745,0.3857901393813991,13,0.401986746982989,0.4019867469829889,0.4019867469829889,5.777783805466598e-17,0.9997704891886793
1985,0.4450821228920082,0.48959033518120904,0.466806068651493,11,0.46411197151672356,0.46410242150510284,0.46228475903043725,0.0031294625809318187,0.9997452040992965
1985,0.48959033518120904,0.53854936869933,0.5134866755166423,19,0.5176108297336224,0.5174439481809667,0.5225827710778856,0.013531418974294464,0.9997238090236649
1985,0.592404305569263,0.6516447361261894,0.6213188773751372,1,0.6110198554141432,0.6110198554141432,0.6110198554141432,,0.9996868538930285
1985,0.6516447361261894,0.7168092097388085,0.6834507651126511,12,0.6867273594292728,0.6866395278113872,0.6891201376851238,0.011452660353829008,0.9996849088861529
1985,0.7884901307126894,0.8673391437839584,0.826975425786308,6,0.8374723895478935,0.8371327963870173,0.8542218373388515,0.025948132941020198,0.9996615688036458
1985,0.8673391437839584,0.9540730581623543,0.9096729683649389,10,0.8944205120371501,0.894414280272869,0.8933038821844197,0.003531093637966872,0.9996498987623921
1985,0.9540730581623543,1.0494803639785897,1.0006402652014328,19,1.015545466062288,1.0154514758685194,1.0049668674574723,0.014230176588919617,0.9996304486936362
1985,1.0494803639785897,1.154428400376449,1.1007042917215761,19,1.1424886493200734,1.1424435849442274,1.1485335628085398,0.010392251620044276,0.9995934935629998
1985,1.154428400376449,1.2698712404140937,1.2107747208937338,14,1.216871309795648,1.2167836748428476,1.205960240948967,0.015191333230346956,0.9995565384323634
1985,1.2698712404140937,1.3968583644555033,1.3318521929831073,49,1.3191728349972371,1.3189043447824498,1.3399558232766298,0.026792706471468693,0.999529308336105
1985,1.3968583644555033,1.536544200901054,1.4650374122814183,58,1.4982323292295299,1.4977583115682302,1.5074503011862084,0.03738786660535469,0.9994340029992006
1985,1.536544200901054,1.6901986209911593,1.6115411535095603,49,1.6151663417553235,1.6146593629824146,1.6079469879319557,0.04087672113592501,0.9993211926004159
1985,1.6901986209911593,1.8592184830902754,1.7726952688605164,41,1.7893312518145235,1.7888433367424479,1.7866077643688394,0.04221048973666592,0.9992258872635115
1985,1.8592184830902754,2.045140331399303,1.9499647957465682,101,2.0046800467365524,2.0045948489861263,2.0099337349149446,0.018354272678761527,0.9991461419816119
1985,2.045140331399303,2.2496543645392335,2.1449612753212253,45,2.14839583665353,2.1471840241650835,2.1104304216606917,0.07310888960373967,0.9989496962871763
1985,2.2496543645392335,2.4746198009931573,2.359457402853348,37,2.3684515906903947,2.367715610441887,2.411920481897934,0.0597205066003284,0.9988621709777744
1985,2.4746198009931573,2.722081781092473,2.5954031431386833,53,2.594710681941142,2.5932538820614752,2.6799116465532595,0.08772581884285154,0.9987902057233772
1985,2.722081781092473,2.9942899592017205,2.8549434574525514,74,2.864019765920356,2.8637824387517528,2.8713339070213495,0.03716600448243743,0.9986871203589704
1985,2.9942899592017205,3.2937189551218933,3.140437803197807,118,3.090528617482777,3.088885063560067,3.0149006023724167,0.10203333847077677,0.9985431898501761
1985,3.2937189551218933,3.6230908506340826,3.454481583517588,123,3.427074281797244,3.4263610598909784,3.445600688425619,0.07028358606979596,0.9983136790388554
1985,3.6230908506340826,3.9853999356974907,3.7999297418693465,75,3.7696494792145048,3.768135470023207,3.751876305174563,0.10803238906210912,0.9980744431931566
1985,3.9853999356974907,4.38393992926724,4.179922716056281,284,4.099557096080391,4.097945982045297,4.019867469829889,0.11622024027251289,0.9979285676774867
1985,4.38393992926724,4.822333922193964,4.59791498766191,203,4.590470825214856,4.589567001217737,4.594134251234159,0.09112234333186275,0.9973761857248166
1985,4.822333922193964,5.304567314413362,5.057706486428102,334,4.966928988871656,4.965460690811224,5.024834337287362,0.12133219519159266,0.9969813493290699
1985,5.304567314413362,5.8350240458546985,5.5634771350709125,402,5.532817589693725,5.5306171074297525,5.527317771016097,0.15656554286109337,0.9963317170326197
1985,5.8350240458546985,6.418526450440169,6.119824848578004,410,6.067240877721156,6.066315144904712,6.0298012047448335,0.10660648745241949,0.9955498242686288
1985,6.418526450440169,7.060379095484187,6.731807333435805,853,6.724706693144284,6.72236233769796,6.699779116383149,0.17760821380350575,0.994752371449633
1985,7.060379095484187,7.766417005032606,7.404988066779387,663,7.390059480846087,7.3876121144219855,7.369757028021463,0.1906328830178687,0.9930932805847469
1985,7.766417005032606,8.543058705535866,8.145486873457324,1032,8.09687081177311,8.09538349518867,8.039734939659779,0.15700851866879778,0.9918037410262245
1985,8.543058705535866,9.397364576089453,8.960035560803059,1055,9.00377917524429,9.000503588768431,9.044701807117251,0.242879564060124,0.9897964939306061
1985,9.397364576089453,10.337101033698401,9.856039116883364,1785,9.953839763349823,9.950974566777084,10.049668674574724,0.23789586061220513,0.9877445116768487
1985,10.337101033698401,11.370811137068241,10.841643028571703,1372,10.867021705567652,10.863748165305898,10.824431131593268,0.2667764096940516,0.984272674403904
1985,11.370811137068241,12.507892250775067,11.925807331428873,2148,11.939229648983762,11.934963062507366,12.059602409489667,0.3186500873706102,0.9816041249705818
1985,12.507892250775067,13.758681475852576,13.118388064571763,3001,13.20607852425412,13.202147416128055,13.399558232766298,0.32047687853505885,0.9774262502017944
1985,13.758681475852576,15.134549623437833,14.43022687102894,3309,14.565636383321177,14.559192438763665,14.617699890290504,0.4317922487860457,0.971589284568121
1985,15.134549623437833,16.648004585781617,15.873249558131835,3855,15.96588729870808,15.96234741454746,16.079469879319557,0.334615957070166,0.9651532568167629
1985,16.648004585781617,18.31280504435978,17.46057451394502,4687,17.46262805680318,17.455454054407973,17.419425702596186,0.5005317825326926,0.9576552553113276
1985,18.31280504435978,20.14408554879576,19.206631965339522,7655,19.628206833679744,19.619649533097412,20.099337349149447,0.5752548166673319,0.9485390080853936
1985,20.14408554879576,22.158494103675338,21.127295161873477,5280,21.32575408827341,21.319329666262576,21.439293172426076,0.5222187023057728,0.9336499804526809
1985,22.158494103675338,24.374343514042874,23.240024678060827,8774,23.34157520164374,23.33115364407134,23.38724437940145,0.6964498434206803,0.9233803441495165
1985,24.374343514042874,26.811777865447166,25.564027145866913,9956,25.983134945112702,25.971241679239647,26.12913855389428,0.7828215687439719,0.9063148538230082
1985,26.811777865447166,29.49295565199188,28.120429860453605,8746,28.328432218458982,28.31893773746404,28.23956897555497,0.7322851096508411,0.8869503653695415
1985,29.49295565199188,32.44225121719107,30.932472846498968,12806,31.06607870554826,31.053379199511646,30.8524828309444,0.8888220213374433,0.86993933523555
1985,32.44225121719107,35.68647633891019,34.02572013114887,12891,33.950929143581035,33.93916008469199,33.69243880102982,0.8951039447244975,0.8450315771866254
1985,35.68647633891019,39.25512397280121,37.428292144263764,11922,37.395805545377016,37.38178696545584,37.32734079127754,1.0250206043739294,0.8199584935532747
1985,39.25512397280121,43.18063637008133,41.17112135869014,16051,40.92126145462557,40.90766588788495,40.198674698298895,1.0610056272608348,0.7967701215823798
1985,43.18063637008133,47.49870000708947,45.28823349455916,15820,45.32453241063867,45.30838130166834,45.223509035586254,1.2100117495443004,0.7655508162221354
1985,47.49870000708947,52.24857000779842,49.81705684401508,16124,49.68900841206315,49.672330005465064,49.77935883472679,1.2887924819804564,0.7347808074501543
1985,52.24857000779842,57.47342700857826,54.79876252841659,16819,54.764398711081796,54.74233509536792,54.670197589686495,1.5550925568161074,0.7034195165879912
1985,57.47342700857826,63.22076970943609,60.278638781258245,17211,60.27102322886451,60.25182513479568,60.29801204744834,1.5211874063586723,0.6707064459472865
1985,63.22076970943609,69.54284668037971,66.30650265938408,21568,66.26539427297946,66.24319369418946,66.6413629148399,1.7156290049137262,0.6372309326113468
1985,69.54284668037971,76.49713134841768,72.9371529253225,17945,72.89925914391736,72.86998383524481,72.6719680930787,2.0679252217571564,0.595281024318421
1985,76.49713134841768,84.14684448325946,80.23086821785475,19592,80.4210011943145,80.39693787221951,80.39734939659779,1.9667302941635465,0.5603778759357915
1985,84.14684448325946,92.56152893158541,88.25395503964023,17031,88.25235469025534,88.21750563056611,88.43708433625756,2.479514693309459,0.5222713012290499
1985,92.56152893158541,101.81768182474397,97.07935054360426,18852,97.491342915095,97.45380934413309,97.45324508433902,2.7008977225175537,0.4891458891307181
1985,101.81768182474397,111.99945000721837,106.7872855979647,16671,106.74561828031592,106.70806574153433,107.15358727578554,2.8321935592857206,0.45247861951192
1985,111.99945000721837,123.19939500794021,117.46601415776117,17318,117.95241384204999,117.90787518428967,118.58609035998172,3.2322593955468837,0.42005340988880396
1985,123.19939500794021,135.51933450873426,129.2126155735373,17186,129.3622190612655,129.3061230225123,129.43973252852243,3.806408062717768,0.3863697808171752
1985,135.51933450873426,149.0712679596077,142.13387713089105,14741,142.17079528390212,142.1154361872844,142.03445969559587,3.9676341754223,0.3529428926531255
1985,149.0712679596077,163.97839475556847,156.34726484398018,16338,156.64480902282287,156.58009413528205,156.77483132336567,4.498000475794331,0.32427154629991617
1985,163.97839475556847,180.37623423112532,171.9819913283782,12342,171.60666505168544,171.54192591168703,171.5143453794086,4.714343776218051,0.2924940239663747
1985,180.37623423112532,198.4138576542379,189.18019046121603,11997,188.5098021795197,188.4349820551955,188.26379317036645,5.315605361809028,0.2684887491077281
1985,198.4138576542379,218.2552434196617,208.09820950733766,14341,206.3021988970742,206.2233048855117,204.3411191203688,5.735839209601853,0.24515450162116323
1985,218.2552434196617,240.08076776162787,228.90803045807144,9442,228.41918403985431,228.34070544888002,227.79248995702702,5.9938440054122015,0.2172611580181936
1985,240.08076776162787,264.0888445377907,251.7988335038786,11319,250.10570652499715,250.00257168380963,250.11079414952258,7.197333797335565,0.19889640309878495
1985,264.0888445377907,290.4977289915698,276.9787168542665,9780,276.4752883417868,276.3686387295123,276.36588855080487,7.685358192932534,0.17688087027387642
1985,290.4977289915698,319.5475018907268,304.67658853969317,8676,303.9649726692187,303.87323307724705,301.7312522854315,7.481347598217901,0.15785870303051522
1985,319.5475018907268,351.5022520797995,335.1442473936625,7849,333.16557570246704,333.04318540513447,333.84999336937227,9.05053628102853,0.14098382337781565
1985,351.5022520797995,386.6524772877795,368.6586721330288,6926,367.41579280348384,367.2746088226862,365.8079397545199,10.199837811427527,0.12571746441123668
1985,386.6524772877795,425.31772501655746,405.5245393463317,7681,404.4689948565563,404.36450439236387,401.98674698298896,9.214308110396649,0.11224634679083591
1985,425.31772501655746,467.84949751821324,446.0769932809649,5226,446.0055819150773,445.8439914388855,445.70280571738897,11.99981531957049,0.09730674897935764
1985,467.84949751821324,514.6344472700346,490.6846926090614,6081,491.79601828413934,491.6046954833106,492.43376505416137,13.698774999085568,0.08714214304747567
1985,514.6344472700346,566.0978919970381,539.7531618699676,4553,541.6170690162977,541.4181448755946,540.445990149151,14.6793486387216,0.07531455623695629
1985,566.0978919970381,622.7076811967419,593.7284780569644,4568,594.8917414864137,594.6993273399013,602.9801204744833,15.089618112782393,0.06645893993235266
1985,622.7076811967419,684.9784493164162,653.1013258626608,4087,653.7425063526903,653.4909521888083,653.228463847357,18.130906575019466,0.05757414852461504
1985,684.9784493164162,753.4762942480579,718.4114584489271,3400,718.0093317116667,717.7710361232809,716.8763654529969,18.516135372094162,0.049624905424040675
1985,753.4762942480579,828.8239236728638,790.2526042938198,3551,792.2533235165007,792.0090768541966,803.9734939659779,19.592911059906598,0.043011882047003035
1985,828.8239236728638,911.7063160401501,869.2778647232018,2790,873.0167771128881,872.6671910083538,873.2031155490588,24.683447392574113,0.036105162631749906
1985,911.7063160401501,1002.8769476441654,956.2056511955221,2309,953.1651793447428,952.8631330324722,950.7991533015145,24.047488121174286,0.03067859344882784
1985,1002.8769476441654,1103.1646424085818,1051.8262163150744,2453,1041.6973640715498,1041.2171054856367,1039.8057188626647,31.714528823471372,0.026187572573069046
1985,1103.1646424085818,1213.48110664944,1157.008837946582,2039,1164.6129322869306,1164.0132528473882,1165.7615662506678,37.30285159368876,0.02141647070722395
1985,1213.48110664944,1334.8292173143843,1272.7097217412402,1524,1271.5916313117746,1271.0951936032754,1272.9312329963327,35.53762076461903,0.017450601687876967
1985,1334.8292173143843,1468.312139045823,1399.9806939153643,1415,1395.5731646201318,1395.03901614407,1404.0705654910992,38.64498392620246,0.014486411209463625
1985,1468.312139045823,1615.1433529504054,1539.978763306901,1306,1546.3748958702427,1545.6218356728914,1540.9491967681242,48.30250650151549,0.011734226480490608
1985,1615.1433529504054,1776.657688245446,1693.9766396375912,866,1691.5349015129514,1690.9301622134797,1693.690761063427,45.24833861277142,0.009194047500957916
1985,1776.657688245446,1954.3234570699906,1863.3743036013504,759,1864.1972519844508,1863.5370790395775,1865.8841960540724,49.66228053410821,0.007509671546688918
1985,1954.3234570699906,2149.75580277699,2049.7117339614856,708,2037.6912048186214,2037.1257931755106,2011.9436686498598,48.283560992955984,0.006033411328109045
1985,2149.75580277699,2364.731383054689,2254.6829073576346,432,2252.3446764783253,2251.617294243773,2257.4369750323713,57.31037784614789,0.004656346460184737
1985,2364.731383054689,2601.204521360158,2480.151198093398,439,2464.813214581655,2464.006531527935,2449.908229487826,63.41003824667364,0.003816103489925837
1985,2601.204521360158,2861.324973496174,2728.166317902738,332,2723.1988802748992,2722.065007079403,2714.8476447556395,78.63010447399108,0.002962245471537742
1985,2861.324973496174,3147.457470845792,3000.982949693012,241,2993.270187305672,2992.3719181812176,3014.900602372417,73.53894705306223,0.0023165031888387724
1985,3147.457470845792,3462.203217930371,3301.0812446623136,243,3294.8631395497687,3293.871212924466,3288.2515903208496,81.11809663466018,0.00184775653181934
1985,3462.203217930371,3808.4235397234092,3631.189369128545,103,3631.0042397726465,3629.664663464402,3617.8807228469,99.20215287176948,0.0013751198610487088
1985,3808.4235397234092,4189.2658936957505,3994.3083060414006,145,4002.547806148604,4001.300762495116,4019.867469829889,99.91173588134468,0.0011747841528619803
1985,4189.2658936957505,4608.192483065326,4393.739136645541,85,4403.213854892484,4400.922138915108,4421.854216812878,142.64225873546374,0.0008927581559000812
1985,4608.192483065326,5069.011731371858,4833.113050310095,87,4835.920685565035,4833.942808948411,4841.930367410102,139.2970430891919,0.0007274325714741401
1985,5069.011731371858,5575.912904509045,5316.424355341105,62,5330.202973136525,5327.5130277809585,5336.374066199178,170.62758390093887,0.0005582169732970006
1985,5575.912904509045,6133.50419495995,5848.066790875216,60,5817.883618078105,5815.772207050815,5808.70849390419,158.48494268874927,0.00043762654700984366
1985,6133.50419495995,6746.854614455945,6432.8734699627375,38,6421.827608739866,6419.265030938442,6431.787951727823,184.101335508586,0.00032092613447388534
1985,6746.854614455945,7421.540075901541,7076.160816959013,24,7103.563313606377,7101.819983915799,7044.817740876881,160.80295576914153,0.0002470158732011118
1985,7421.540075901541,8163.694083491695,7783.7768986549145,16,7746.938998537941,7744.504227816966,7708.095873398812,201.04859039130648,0.00020033570818672844
1985,8163.694083491695,8980.063491840867,8562.154588520407,20,8727.936250494655,8724.622510304229,8843.708433625756,244.39409216058687,0.00016921559817713956
1985,8980.063491840867,9878.069841024953,9418.370047372448,13,9229.600249700696,9228.58696587338,9256.347829403794,142.18377555908796,0.00013031546066515345
1985,9878.069841024953,10865.87682512745,10360.207052109694,20,10232.481554255119,10231.436550571365,10225.537826131436,150.30294885151932,0.00010503037128236248
1985,10865.87682512745,11952.464507640196,11396.227757320665,9,11422.006763580539,11417.165459886537,11566.498666523868,353.2686464027053,6.613023377037638e-05
1985,11952.464507640196,13147.710958404215,12535.850533052731,13,12768.851334102477,12762.802636171995,12843.476566106498,404.9377331201988,4.862517188998263e-05
1985,13147.710958404215,14462.482054244638,13789.435586358004,1,14069.536144404612,14069.5361444046,14069.536144404612,,2.334008250719166e-05
1985,14462.482054244638,15908.730259669104,15168.379144993807,5,15138.82089137936,15138.553338495243,15114.701686560382,100.8978727191401,2.1395075631592356e-05
1985,15908.730259669104,17499.603285636014,16685.21705949319,3,16481.456626302544,16471.805845203988,16079.469879319557,696.2614697438721,1.167004125359583e-05
1985,21174.519975619583,23291.971973181542,22208.02390618544,2,21606.787449342282,21606.787449342275,21606.787449342282,0.0,5.835020626797915e-06
1985,28183.28608754967,31001.614696304638,29558.879819132824,1,30149.00602372417,30149.006023724152,30149.00602372417,,1.945006875599305e-06
1986,0.03549713231006227,0.0390468455410685,0.03722970645145988,6,0.03549713231006227,0.03549713231006229,0.03549713231006227,0.0,1.0
1986,0.08370038116763288,0.09207041928439619,0.0877857003638277,5,0.08519311754414946,0.08519311754414945,0.08519311754414946,0.0,0.9999788837975379
1986,0.1012774612128358,0.11140520733411939,0.10622069744023152,2,0.10649139693018682,0.1064913969301868,0.10649139693018682,0.0,0.9999612869621527
1986,0.19736112051003998,0.217097232561044,0.20699408947570552,2,0.21298279386037364,0.21298279386037364,0.21298279386037364,0.0,0.9999542482279987
1986,0.4230610894543835,0.4653671983998219,0.4437102139362614,6,0.4259655877207473,0.42596558772074733,0.4259655877207473,0.0,0.9999472094938446
1986,0.6813441151771794,0.7494785266948973,0.7145997366464887,3,0.7099426462012454,0.7099426462012454,0.7099426462012454,0.0,0.9999260932913825
1986,1.3277469282301397,1.460521621053154,1.3925527264585098,16,1.371076735476155,1.3704540410867223,1.357765310859882,0.042744207598751756,0.9999155351901514
1986,1.460521621053154,1.6065737831584694,1.5318079991043612,14,1.5213056704312398,1.52130567043124,1.5213056704312402,4.608531526730982e-16,0.999859225316919
1986,1.6065737831584694,1.7672311614743166,1.6849887990147971,1,1.703862350882989,1.703862350882989,1.703862350882989,,0.9998099541778407
1986,1.7672311614743166,1.9439542776217482,1.853487678916277,6,1.7748566155031134,1.7748566155031136,1.7748566155031136,2.432376777795247e-16,0.9998064348107636
1986,1.9439542776217482,2.1383497053839235,2.0388364468079048,10,2.129827938603736,2.129827938603736,2.129827938603736,0.0,0.9997853186083014
1986,2.1383497053839235,2.352184675922316,2.242720091488696,4,2.236319335533923,2.236319335533923,2.236319335533923,0.0,0.9997501249375312
1986,2.352184675922316,2.5874031435145475,2.4669921006375652,15,2.4138049970842346,2.413113392292044,2.3664754873374845,0.06000110480502051,0.9997360474692232
1986,2.5874031435145475,2.8461434578660025,2.7136913107013223,31,2.748165082069337,2.747052632396605,2.7383502067762326,0.07955668003650485,0.9996832569630678
1986,2.8461434578660025,3.1307578036526027,2.9850604417714544,17,3.0318727126006126,3.031783186323204,3.0426113408624804,0.023912042203879828,0.99957415658368
1986,3.1307578036526027,3.443833584017864,3.2835664859486005,12,3.3544790033008844,3.353643095911428,3.3651281429939033,0.07732718103606459,0.9995143273433705
1986,3.443833584017864,3.7882169424196506,3.611923134543461,16,3.5940846463938048,3.593733301088628,3.549713231006227,0.05196248101628021,0.9994720949384462
1986,3.7882169424196506,4.167038636661616,3.9731154479978072,63,3.93172998824785,3.9309603168881093,3.8724144338249755,0.07901489153148748,0.9994157850652139
1986,4.167038636661616,4.583742500327778,4.370426992797588,68,4.303505275943432,4.302522845121202,4.259655877207472,0.09406875096280772,0.9991940649393614
1986,4.583742500327778,5.042116750360556,4.807469692077348,65,4.7871978743077825,4.786392959377283,4.738867163393313,0.08879762430393148,0.9989547479781237
1986,5.042116750360556,5.546328425396611,5.288216661285082,77,5.296909743410593,5.295318746029028,5.324569846509341,0.1300677079474043,0.998725989118117
1986,5.546328425396611,6.100961267936274,5.817038327413591,100,5.850637347344463,5.847154599242508,5.808621650737463,0.20270145543852158,0.998454997853186
1986,6.100961267936274,6.711057394729901,6.39874216015495,138,6.408004058755589,6.407004838471134,6.389483815811208,0.11422404949018698,0.9981030611454836
1986,6.711057394729901,7.382163134202893,7.038616376170446,174,7.126355321006296,7.12557325576259,7.099426462012454,0.10603281840858891,0.9976173884888542
1986,7.382163134202893,8.120379447623181,7.742478013787491,176,7.846479746537855,7.844297705966829,7.98685476976401,0.1848290044660023,0.9970050186174518
1986,8.120379447623181,8.932417392385501,8.516725815166241,161,8.486239892014265,8.485333168042338,8.519311754414945,0.12401853863363271,0.9963856100118954
1986,8.932417392385501,9.825659131624052,9.368398396682867,232,9.399885443513524,9.39688917727549,9.465901949349938,0.237248037435847,0.9958189919124945
1986,9.825659131624052,10.808225044786457,10.305238236351153,429,10.488782018387212,10.484740335330558,10.649139693018682,0.28792826819121864,0.9950024987506247
1986,10.808225044786457,11.889047549265104,11.33576205998627,233,11.393208337663935,11.388805773915019,11.447825169995083,0.3164070037718576,0.993492690274581
1986,11.889047549265104,13.077952304191616,12.469338265984897,414,12.470811367075644,12.466650009821306,12.565984837762043,0.3222077571339736,0.9926726777456343
1986,13.077952304191616,14.385747534610779,13.716272092583388,672,13.854023638727162,13.847769916630863,14.198852924024909,0.41486334287871157,0.9912156597757459
1986,14.385747534610779,15.824322288071858,15.087899301841729,482,15.114266522809297,15.110699706359748,15.213056704312402,0.3282509237038528,0.9888506450999852
1986,15.824322288071858,17.406754516879044,16.596689232025902,1159,16.608615107075554,16.601356099055515,16.734362374743643,0.4898878455243563,0.9871543101688592
1986,17.406754516879044,19.14742996856695,18.256358155228494,1230,18.286390998714324,18.280256261920155,18.255668045174883,0.4736716588848054,0.9830753637265874
1986,19.14742996856695,21.06217296542365,20.081993970751345,776,19.82469095789774,19.815973160029383,19.624843148563,0.5915267689442636,0.9787465422218469
1986,21.06217296542365,23.168390261966014,22.090193367826483,2598,21.59811948170492,21.591561296268573,21.298279386037365,0.5394777974290403,0.9760155133700755
1986,23.168390261966014,25.485229288162618,24.299212704609133,1722,24.202983749458312,24.19728838327621,24.340890726899843,0.5250407271645137,0.9668721977039649
1986,25.485229288162618,28.033752216978883,26.72913397507005,2505,26.449147097673755,26.438524139454934,26.622849232546702,0.7520520667832157,0.9608118475973281
1986,28.033752216978883,30.837127438676774,29.402047372577055,3865,29.255018994910124,29.241684685447694,28.904807738193565,0.886912238054611,0.9519958330693808
1986,30.837127438676774,33.92084018254445,32.34225210983477,3116,32.24361475432473,32.23542973997183,31.94741907905604,0.7286042366975393,0.9383934793166797
1986,33.92084018254445,37.3129242007989,35.57647732081824,5292,35.3284659284744,35.3128725179537,35.49713231006227,1.0530636707809002,0.9274271315046702
1986,37.3129242007989,41.0442166208788,39.134125052900075,3829,39.13831670980104,39.12620660516758,39.188834070308744,0.9739446609414055,0.9088026409330546
1986,41.0442166208788,45.14863828296668,43.047537558190086,7692,42.82367673445639,42.81703534363816,42.59655877207473,0.7585466703205643,0.8953269843951264
1986,45.14863828296668,49.66350211126335,47.35229131400909,5226,47.29036373202919,47.275928715276976,47.21118597238282,1.168522907600789,0.8682560128386511
1986,49.66350211126335,54.629852322389695,52.08752044541001,7076,52.097764549207916,52.079746246204074,52.180784495791535,1.3676820841342203,0.8498638004941191
1986,54.629852322389695,60.092837554628666,57.296272489951015,7786,57.36514386104431,57.34487277060187,57.07938875458013,1.5266743919770551,0.8249607590570912
1986,60.092837554628666,66.10212131009153,63.025899738946116,7840,63.20496225813509,63.18568355796908,63.89483815811208,1.5562510008144834,0.7975589669953755
1986,66.10212131009153,72.7123334411007,69.32848971284074,8412,69.46905428925245,69.44614935529684,69.4323907984818,1.7821391273938418,0.7699671291115006
1986,72.7123334411007,79.98356678521077,76.26133868412482,8624,76.51704627150912,76.48521155433374,76.6738057897345,2.2074623387883827,0.7403622132595674
1986,79.98356678521077,87.98192346373185,83.8874725525373,11718,84.53930023235577,84.51951983604829,85.19311754414946,1.817339045010868,0.710011191587305
1986,87.98192346373185,96.78011581010504,92.27621980779104,9284,92.13219198691061,92.09573343916105,92.0085669476814,2.5944851907545643,0.6687712481787276
1986,96.78011581010504,106.45812739111555,101.50384178857016,7774,101.21202496947257,101.18131708843308,101.16682708367748,2.4953971525357272,0.6360974442356286
1986,106.45812739111555,117.10394013022713,111.65422596742717,12286,110.19161807923393,110.13960737036892,109.8991216319528,3.3969898996767554,0.6087378845788374
1986,117.10394013022713,128.81433414324985,122.81964856416991,11303,123.6357511158151,123.57724287378052,123.95598602673745,3.793059374635195,0.5654989406705098
1986,128.81433414324985,141.69576755757484,135.10161342058692,8782,135.2096012201462,135.16543126410687,134.88910277823663,3.4589556544762363,0.5257195345988978
1986,141.69576755757484,155.86534431333234,148.6117747626456,10497,148.01578066384505,147.9548167274661,149.08795570226152,4.247963269936935,0.4948124529284653
1986,155.86534431333234,171.4518787446656,163.47295223891018,11625,164.08377924825163,164.0098387196951,163.81419459203593,4.928501677036286,0.4578696567209353
1986,171.4518787446656,188.59706661913216,179.82024746280123,9027,179.901168590389,179.8391265879688,179.43800382736478,4.729911507946226,0.4169570144505212
1986,188.59706661913216,207.4567732810454,197.80227220908137,8267,197.6410849710142,197.56831467500635,197.43504990856633,5.367935198007448,0.38518768784621776
1986,207.4567732810454,228.20245060914996,217.5824994299895,10454,216.65809217933725,216.58987044426655,214.58016481432642,5.46350044955807,0.35609308022045316
1986,228.20245060914996,251.02269567006496,239.34074937298848,7748,239.5086965080899,239.42045853140843,239.6056430929203,6.501876280271805,0.3193016167972352
1986,251.02269567006496,276.1249652370715,263.27482431028733,8227,262.60072037308885,262.5113654681701,262.67877909446077,6.856857666736823,0.2920335606844465
1986,276.1249652370715,303.7374617607787,289.6023067413161,7630,289.3652838148457,289.2578148188274,288.1657200930855,7.892715131429976,0.2630797277417629
1986,303.7374617607787,334.11120793685654,318.5625374154477,6729,318.77053156558026,318.6746235162695,319.47419079056044,7.814087291211918,0.23622695694406318
1986,334.11120793685654,367.5223287305422,350.4187911569925,6276,350.09173738471924,349.9704740314231,350.56967869417497,9.220311297568829,0.21254513588276283
1986,367.5223287305422,404.2745616035965,385.4606702726918,5058,384.02328793740065,383.88943392679187,383.36902894867256,10.158796990171602,0.19045758810735477
1986,404.2745616035965,444.7020177639562,424.00673729996106,6232,423.7287066022464,423.6082895031609,425.96558772074724,10.083199787437149,0.172656629431763
1986,444.7020177639562,489.1722195403518,466.4074110299572,4267,466.6196720510026,466.45267121208485,468.56214649282197,12.476307073052679,0.15072393380774401
1986,489.1722195403518,538.0894414943871,513.048152132953,4915,515.626019486488,515.3896264499415,514.8859041574532,15.586916228636136,0.1357067944900789
1986,538.0894414943871,591.8983856438259,564.3529673462483,3577,564.6876461499481,564.4880929770006,565.5403119639121,15.01386909680916,0.11840910530650167
1986,591.8983856438259,651.0882242082084,620.7882640808732,3835,624.6851981212253,624.4391254091184,628.5122246819625,17.47106445369223,0.10582032927198373
1986,651.0882242082084,716.1970466290294,682.8670904889605,3208,686.8294934901842,686.5651621212053,688.5556239844329,19.01890622085832,0.09232355653159335
1986,716.1970466290294,787.8167512919324,751.1537995378567,2691,750.599301987919,750.3503551812482,746.1497211575089,19.35008084547825,0.08103342694849758
1986,787.8167512919324,866.5984264211256,826.2691794916424,3233,827.7337642771067,827.3827031904781,828.5030681168533,24.082907688282056,0.07156281014422367
1986,866.5984264211256,953.2582690632383,908.8960974408067,1942,909.2928308954508,908.965271198273,908.3716158144935,24.428224052506415,0.06018469638420226
1986,953.2582690632383,1048.5840959695622,999.7857071848874,1655,995.2306231233365,994.8099714801206,993.9197046817436,28.990605669782543,0.05335008552061997
1986,1048.5840959695622,1153.4425055665185,1099.7642779033763,2463,1091.0506249719801,1090.6279082058284,1074.8531663486856,30.533287721341193,0.047525533008143814
1986,1153.4425055665185,1268.7867561231706,1209.740705693714,1530,1203.941105037707,1203.5295990311072,1203.352785311111,31.54271841548933,0.03885733189743157
1986,1268.7867561231706,1395.6654317354876,1330.7147762630855,1652,1322.9476450477405,1322.3902715388012,1328.2538824856038,38.500494189203145,0.033472700269583516
1986,1395.6654317354876,1535.2319749090368,1463.7862538893942,1375,1460.4126379546935,1459.8961255638549,1453.8205508909102,38.90909137212046,0.027658705858338437
1986,1535.2319749090368,1688.7551723999404,1610.1648792783337,1182,1607.0139567325728,1606.564660526284,1597.3709539528022,38.055775531461926,0.022819576127429242
1986,1688.7551723999404,1857.6306896399344,1771.1813672061671,966,1762.5596923138892,1761.8812502940405,1767.7571890411011,48.9980018486275,0.01865968424238585
1986,1857.6306896399344,2043.3937586039283,1948.2995039267842,783,1943.7299208453046,1943.0226412186203,1938.1434241293998,52.498294222308466,0.015259975645979827
1986,2043.3937586039283,2247.733134464321,2143.1294543194626,809,2141.995293717101,2141.394147901165,2129.827938603736,50.84666644957196,0.012504311224669355
1986,2247.733134464321,2472.5064479107536,2357.4423997514095,464,2354.183546991368,2353.3317113102976,2343.9288921318766,63.457342758710354,0.009657143259356238
1986,2472.5064479107536,2719.7570927018287,2593.1866397265503,479,2595.327401413656,2594.3980233093093,2577.0918057105205,69.46230228501453,0.008024156935616698
1986,2719.7570927018287,2991.7328019720126,2852.5053036992053,341,2856.726728662295,2855.6579783407115,2851.626626996542,78.4119654150164,0.006338380105721787
1986,2991.7328019720126,3290.9060821692137,3137.755834069126,288,3149.9159320181675,3148.9679116382727,3194.7419079056044,77.09356649570438,0.005138275932456307
1986,3290.9060821692137,3619.9966903861355,3451.531417476039,210,3442.4128375272976,3441.2137234351785,3427.603095859613,91.02563832512972,0.004124698214273145
1986,3619.9966903861355,3981.9963594247492,3796.6845592236436,232,3780.679606518305,3779.277554828262,3762.6960248666005,103.4222048918451,0.003385631128097923
1986,3981.9963594247492,4380.195995367225,4176.353015146008,155,4186.685223865827,4185.458392413994,4259.655877207472,101.2591027732652,0.0025691379662281535
1986,4380.195995367225,4818.215594903947,4593.98831666061,79,4597.236301460896,4595.207327638614,4658.892124298743,137.2517576144797,0.0020236360692892992
1986,4818.215594903947,5300.037154394343,5053.387148326671,73,5025.347499094799,5024.155446644983,5026.3939351048175,109.99711086120955,0.0017456060702043346
1986,5300.037154394343,5830.040869833777,5558.725863159339,111,5473.4224338388085,5471.279353443719,5447.034952979055,154.70904049430283,0.001488692273581519
1986,5830.040869833777,6413.044956817156,6114.598449475273,79,6203.521528931414,6199.967925317332,6313.874923990777,210.08005673667574,0.0010980425280317588
1986,6413.044956817156,7054.349452498871,6726.058294422801,37,6712.937522948315,6710.003905615647,6744.455138911831,200.9979085506387,0.0008200125289467942
1986,7054.349452498871,7759.78439774876,7398.664123865081,27,7348.166700486495,7344.861733028129,7353.2309580293995,224.84639558714,0.0006897959470968741
1986,7759.78439774876,8535.762837523636,8138.53053625159,49,8369.099481379108,8364.481171090873,8519.311754414945,276.5426335082897,0.0005947730360172026
1986,8535.762837523636,9389.339121276,8952.38358987675,20,9124.012502743315,9120.495182512279,9051.768739065878,258.0456904635483,0.00042232404924298417
1986,9389.339121276,10328.2730334036,9847.621948864426,21,9562.116081306547,9560.290407219203,9477.734326786625,192.5127382987567,0.0003519367077024868
1986,10328.2730334036,11361.100336743963,10832.384143750869,38,10790.637801352015,10789.676230629242,10778.260511796532,146.07000547145253,0.00027802999908496456
1986,11361.100336743963,12497.21037041836,11915.622558125957,2,12002.432365207496,12002.432365207496,12002.432365207496,0.0,0.00014429405015801958
1986,12497.21037041836,13746.931407460195,13107.184813938553,9,12995.547468223544,12991.581673066448,12778.967631622418,343.53656633049155,0.00013725531600396984
1986,13746.931407460195,15121.624548206219,14417.90329533241,5,14568.023100049555,14567.03815903643,14482.829982505405,190.4976020438484,0.00010558101231074604
1986,15121.624548206219,16633.78700302684,15859.693624865651,6,15707.481047202555,15703.058324173031,15707.481047202553,408.2941819522987,8.79841769256217e-05
1986,16633.78700302684,18297.165703329527,17445.662987352218,4,17464.589096550637,17459.393621470164,17464.589096550637,491.8626934721819,6.686797446347249e-05
1986,22139.57050102873,24353.527551131603,23220.177436165806,4,23577.19528034336,23576.723904497616,23577.19528034336,172.15194271526155,5.279050615537302e-05
1986,32414.545170556175,35655.999687611795,33996.66178429037,3,32976.83591604785,32976.83591604783,32976.83591604785,0.0,3.871303784727355e-05
1986,43143.75962201027,47458.13558421131,45249.55683489049,5,46217.266267701074,46215.954912549634,46501.243326181575,388.8516018593333,2.815493661619894e-05
1986,69483.4563088438,76431.80193972818,72874.86377815952,3,71278.24167860505,71278.24167860507,71278.24167860505,0.0,1.0558101231074604e-05
1987,0.1700695661251953,0.18707652273771486,0.1783704657565635,2,0.1700695661251953,0.1700695661251953,0.1700695661251953,0.0,1.0
1987,0.18707652273771486,0.20578417501148635,0.1962075123322199,7,0.20246376919666106,0.20246376919666104,0.20246376919666106,0.0,0.9999931650803957
1987,0.2738987369402884,0.3012886106343173,0.2872674188056032,14,0.28344927687532545,0.2834492768753255,0.28344927687532545,0.0,0.9999692428617808
1987,0.33141747169774904,0.36455921886752396,0.34759357675478,9,0.3590357507087456,0.35888997624990276,0.3644347845539899,0.010713375655902886,0.9999213984245511
1987,0.4010151407542764,0.4411166548297041,0.42058822787328387,6,0.42517391531298815,0.4251739153129882,0.4251739153129882,6.080941944488117e-17,0.9998906412863319
1987,0.4411166548297041,0.4852283203126745,0.46264705066061224,9,0.47241546145887586,0.4724154614588758,0.4724154614588758,5.887846720064156e-17,0.9998701365275191
1987,0.4852283203126745,0.533751152343942,0.5089117557266735,5,0.5102086983755858,0.5102086983755858,0.5102086983755858,0.0,0.9998393793892999
1987,0.533751152343942,0.5871262675783363,0.5598029312993409,9,0.5668985537506509,0.5668985537506509,0.5668985537506509,0.0,0.9998222920902893
1987,0.6458388943361699,0.710422783769787,0.6773615468722026,16,0.6944507283445475,0.6940045517842263,0.7086231921883137,0.025352474050655483,0.9997915349520701
1987,0.710422783769787,0.7814650621467657,0.7450977015594229,7,0.7288695691079798,0.7288695691079798,0.7288695691079798,0.0,0.9997368555952361
1987,0.7814650621467657,0.8596115683614424,0.8196074717153653,4,0.8503478306259764,0.8503478306259764,0.8503478306259764,0.0,0.9997129333766211
1987,0.8596115683614424,0.9455727251975867,0.901568218886902,12,0.944830922917752,0.9448309229177516,0.9448309229177516,3.4787703908662606e-16,0.9996992635374127
1987,0.9455727251975867,1.0401299977173455,0.9917250407755922,11,1.0307246431830015,1.0307246431830017,1.0307246431830017,2.3288234633381846e-16,0.9996582540197871
1987,1.0401299977173455,1.14414299748908,1.0908975448531515,30,1.1149004890429466,1.1144511030576756,1.1337971075013018,0.03187220203041122,0.9996206619619636
1987,1.14414299748908,1.2585572972379881,1.1999872993384666,11,1.2007942093081971,1.2006507790279866,1.214782615179966,0.019408125495631763,0.9995181381678998
1987,1.2585572972379881,1.3844130269617871,1.3199860292723136,21,1.2903690890133863,1.2897226591795592,1.264619850674529,0.04243598199285997,0.9994805461100764
1987,1.3844130269617871,1.522854329657966,1.4519846321995449,27,1.4277445057423799,1.4276884897347293,1.4172463843766274,0.012902398345213796,0.9994087794542317
1987,1.522854329657966,1.6751397626237625,1.5971830954194994,42,1.6102618443441112,1.6101613362695972,1.6197101535732885,0.018061735980048156,0.9993165080395742
1987,1.6751397626237625,1.842653738886139,1.7569014049614495,26,1.7399424842039208,1.7394730396771105,1.7715579804707842,0.041052052002722286,0.9991729747278848
1987,1.842653738886139,2.026919112774753,1.9325915454575946,57,1.9194986118223796,1.9187852478289436,1.8896618458355032,0.05327070327228522,0.9990841207730294
1987,2.026919112774753,2.229611024052229,2.1258507000033546,8,2.125869576564941,2.125869576564941,2.125869576564941,0.0,0.9988893255643081
1987,2.229611024052229,2.4525721264574516,2.33843577000369,59,2.3742480107082353,2.373587682713934,2.3620773072943786,0.05625614143591971,0.998861985885891
1987,2.4525721264574516,2.697829339103197,2.5722793470040592,39,2.6237227936408325,2.62298141226325,2.6077333472529944,0.06286782359689914,0.9986603557575654
1987,2.697829339103197,2.9676122730135166,2.8295072817044655,40,2.834492768753255,2.8344927687532544,2.834492768753255,0.0,0.9985270748252824
1987,2.9676122730135166,3.264373500314869,3.112458009874912,56,3.0906094367870307,3.0899409791096755,3.105057987588793,0.06455063498364727,0.9983903764331972
1987,3.264373500314869,3.590810850346356,3.4237038108624036,80,3.4403655980742633,3.438819303764847,3.4643800506984226,0.10317877911077923,0.998198998684278
1987,3.590810850346356,3.949891935380992,3.7660741919486442,71,3.7806544394497625,3.780137101954104,3.7793236916710065,0.06323174099838233,0.9979256019001076
1987,3.949891935380992,4.344881128919091,4.142681611143509,118,4.167665215073641,4.166428485990408,4.251739153129882,0.10146290294806541,0.9976829622541565
1987,4.344881128919091,4.779369241811001,4.556949772257861,131,4.562451490223749,4.560550886621979,4.535188430005207,0.1321968417715403,0.9972797019975053
1987,4.779369241811001,5.257306165992102,5.0126447494836475,151,4.963178066611659,4.961872664274732,4.956313069934263,0.11479626732678253,0.9968320147634263
1987,5.257306165992102,5.783036782591312,5.513909224432012,209,5.633723904976564,5.6326326054497295,5.66898553750651,0.10969592343081645,0.9963159783333049
1987,5.783036782591312,6.361340460850444,6.065300146875214,172,6.077350251516426,6.0754665582178875,6.094159452819498,0.15167561540933236,0.9956017292346598
1987,6.361340460850444,6.997474506935489,6.671830161562736,294,6.703671809420113,6.700441860099205,6.802782645007811,0.20795720095644607,0.9950139261486937
1987,6.997474506935489,7.697221957629039,7.33901317771901,460,7.3357905243494566,7.331968675516216,7.369681198758462,0.23697518035280812,0.9940091929668677
1987,7.697221957629039,8.466944153391943,8.072914495490911,276,8.028803466506957,8.027182125496829,8.031062844800887,0.1617363241881727,0.9924371614578884
1987,8.466944153391943,9.313638568731138,8.880205945040004,623,8.836246847361872,8.830731911405522,8.85778990235392,0.31293601850965236,0.9914939425525007
1987,9.313638568731138,10.245002425604254,9.768226539544004,714,9.64989962525215,9.646926659073443,9.566413094542234,0.2413250425256396,0.9893648650957743
1987,10.245002425604254,11.26950266816468,10.745049193498406,568,10.786841882440644,10.782895170011972,10.771072521262369,0.2917678401984688,0.9869247987970542
1987,11.26950266816468,12.396452934981149,11.819554112848248,1280,11.591348155169852,11.585735141288389,11.33797107501302,0.3644166473114643,0.9849836816294448
1987,12.396452934981149,13.636098228479264,13.001509524133073,1150,13.083821438459372,13.077919845067235,13.152046447015103,0.39311641010774917,0.9806093330827196
1987,13.636098228479264,14.99970805132719,14.301660476546381,1715,14.239202513155346,14.235969447710685,14.172463843766273,0.30479733202595743,0.9766792543102711
1987,14.99970805132719,16.499678856459912,15.73182652420102,1892,15.748205544122055,15.741333927307169,15.778676412726451,0.46463870616288444,0.9708183107496198
1987,16.499678856459912,18.149646742105904,17.305009176621123,1916,17.334994413429417,17.32949294114018,17.006956612519527,0.4390843696447282,0.9643524768039916
1987,18.149646742105904,19.964611416316497,19.03551009428324,2955,19.023676635055217,19.017619456121196,18.89661845835503,0.4817376975803222,0.9578046238231123
1987,19.964611416316497,21.96107255794815,20.939061103711563,2664,20.95820122820523,20.951843108746996,21.05623199645275,0.5156481137109501,0.9477060301078208
1987,21.96107255794815,24.157179813742964,23.03296721408272,3648,22.947845220063734,22.941915481056974,22.67594215002604,0.5240853324478605,0.938601917194949
1987,24.157179813742964,26.572897795117264,25.336263935490994,3814,25.39926988774885,25.38839107964222,25.510434918779293,0.7426333725695593,0.9261350238367821
1987,26.572897795117264,29.230187574628992,27.8698903290401,6100,28.050028918555242,28.044212801339885,28.344927687532547,0.5688532633461538,0.9131008321514619
1987,29.230187574628992,32.15320633209189,30.656879361944107,4544,30.745239041945347,30.733989542928146,30.714563642210262,0.8313889446581839,0.8922543273584744
1987,32.15320633209189,35.368526965301086,33.72256729813852,5689,33.72301026354067,33.71332454263893,34.013913225039055,0.8067133076327122,0.8767253900176
1987,35.368526965301086,38.9053796618312,37.09482402795238,7152,37.12707298887098,37.11403794242322,37.25468329064694,0.9815268019161618,0.8572834612032876
1987,38.9053796618312,42.79591762801432,40.80430643074762,6845,41.07558920518558,41.05800832141923,41.10014514692219,1.1997931435188143,0.8328417886984605
1987,42.79591762801432,47.07550939081576,44.884737073822386,7008,45.02778895773137,45.0143312152714,45.35188430005208,1.098147260456323,0.8094492763528869
1987,47.07550939081576,51.78306032989733,49.37321078120463,8222,49.28706930619807,49.26747849200291,49.24458770247321,1.3887990715985208,0.7854997180595663
1987,51.78306032989733,56.96136636288707,54.31053185932509,11528,55.12800654380346,55.103651108553436,55.78281768906405,1.6295521484206947,0.757401363566461
1987,56.96136636288707,62.65750299917579,59.74158504525761,7314,60.14873024192279,60.127931592453386,60.323675104606764,1.5789857366747553,0.7180048869675171
1987,62.65750299917579,68.92325329909337,65.71574354978338,9062,66.21719592619931,66.19443464178514,66.19485445961767,1.7313306777750113,0.6930095859747449
1987,68.92325329909337,75.81557862900272,72.28731790476172,10484,72.49875051598931,72.46852946008252,72.279565603208,2.094843164686462,0.6620405652478513
1987,75.81557862900272,83.397136491903,79.5160496952379,8452,79.6439656883351,79.61600143266631,79.36579752509112,2.1103858109877427,0.62621191668233
1987,83.397136491903,91.7368501410933,87.4676546647617,10286,87.42245053582782,87.38849209231583,87.30237727760024,2.4399844052979196,0.5973275464347351
1987,91.7368501410933,100.91053515520265,96.21442013123787,10580,96.10529237277926,96.0709323498232,95.80585558386002,2.5731102822312253,0.5621755549100353
1987,100.91053515520265,111.00158867072291,105.83586214436167,9443,105.57977368038723,105.54073794633649,105.54517273729618,2.874859111174643,0.5260188302035097
1987,111.00158867072291,122.1017475377952,116.41944835879784,11732,115.89494859690674,115.85507473225296,115.26937259596569,3.0538822938031935,0.4937477572920049
1987,122.1017475377952,134.31192229157475,128.06139319467763,8875,128.22746444515613,128.1780544896651,128.13796976610547,3.5587114302610345,0.4536541188934265
1987,134.31192229157475,147.74311452073223,140.8675325141454,10759,141.12674435377576,141.07659219776667,141.72463843766272,3.76054196953112,0.423324163149531
1987,147.74311452073223,162.51742597280548,154.95428576555997,8655,154.85510519436096,154.79927289107937,154.47985589705237,4.165353108951534,0.3865557131384242
1987,162.51742597280548,178.76916857008604,170.44971434211598,9399,170.59962418567596,170.5494864289698,170.06956612519528,4.135178694857478,0.35697759855099703
1987,178.76916857008604,196.64608542709465,187.4946857763276,8638,187.53253420181758,187.46938284479646,188.28118216443497,4.86595739904506,0.32485689387078587
1987,196.64608542709465,216.31069396980413,206.24415435396037,8022,206.8130871035231,206.7315813571399,207.32289965738093,5.800957022299133,0.29533687609999487
1987,216.31069396980413,237.94176336678456,226.86856978935643,7744,226.8690260522326,226.8049367370123,226.75942150026037,5.388787649526341,0.26792201356731543
1987,237.94176336678456,261.73593970346303,249.55542676829208,6544,249.38640930933025,249.2934230171824,249.43536365028643,6.808178527846085,0.24145720485962785
1987,261.73593970346303,287.9095336738094,274.5109694451213,7676,277.3929952010293,277.2854840763178,280.5203010142804,7.684525206266121,0.21909334791449517
1987,287.9095336738094,316.70048704119034,301.9620663896335,4860,302.53415853295184,302.4307809127841,302.34589533368046,7.908235054900756,0.19286092647335235
1987,316.70048704119034,348.37053574530944,332.1582730285969,5567,332.86930679844085,332.740620108665,334.37944294428394,9.236020261472023,0.17625207183500505
1987,348.37053574530944,383.2075893198404,365.3741003314566,5297,366.65584395403266,366.5098137293657,368.38957684563127,10.33926737296793,0.15722707311655246
1987,383.2075893198404,421.5283482518244,401.91151036460224,3967,401.4056850239703,401.2716904997517,399.7485151772715,10.385008712849576,0.13912478854467475
1987,421.5283482518244,463.6811830770069,442.1026614010625,4664,439.88508541202265,439.6924430526085,438.042512483128,13.044566716573563,0.1255677255096287
1987,463.6811830770069,510.04930138470763,486.3129275411688,3457,484.6559715325936,484.49758313653365,483.81012238926394,12.407144853879608,0.10962869299249868
1987,510.04930138470763,561.0542315231785,534.9442202952857,3028,530.6031039178798,530.3820098910857,529.1053168339408,15.345404282224223,0.09781453445653845
1987,561.0542315231785,617.1596546754963,588.4386423248143,3804,580.7360810642864,580.5152862188485,572.4541595774073,16.125997788506886,0.0874664661756916
1987,617.1596546754963,678.875620143046,647.2825065572958,2461,644.8455584005351,644.6349084283679,643.599928073114,16.497113798013284,0.0744664490883926
1987,678.875620143046,746.7631821573507,712.0107572130255,2987,709.8869690473776,709.6285608551635,708.6231921883136,19.16123040788123,0.06605608051535294
1987,746.7631821573507,821.4395003730859,783.2118329343281,2016,781.7475059991978,781.481978992257,780.1657896716458,20.39841449430599,0.05584812808639338
1987,821.4395003730859,903.5834504103944,861.533016227761,2077,856.2749741381084,856.0340422584928,850.8580393243519,20.369506470949542,0.048958529125301166
1987,903.5834504103944,993.941795451434,947.6863178505371,1975,946.3895019980456,945.9718046051028,944.8309229177515,28.144238144226215,0.04186046511627907
1987,993.941795451434,1093.3359749965775,1042.454949635591,1361,1040.0766456989256,1039.68264042976,1039.3140152095266,28.651383062876885,0.03511098200707414
1987,1093.3359749965775,1202.6695724962353,1146.7004445991502,1601,1142.557523164149,1142.251004554667,1133.7971075013018,26.540750111564,0.030459819216376468
1987,1202.6695724962353,1322.936529745859,1261.3704890590652,1149,1260.1715162240343,1259.6545881462905,1258.514789326445,36.129105751556814,0.024988466073167813
1987,1322.936529745859,1455.230182720445,1387.5075379649718,1134,1391.8704774079395,1391.4176420156261,1403.2439900989862,35.398351651121,0.021061804760521503
1987,1455.230182720445,1600.7532009924896,1526.258291761469,860,1523.293875375452,1522.7117450973283,1519.2881240517445,42.170942148500856,0.01718640534490713
1987,1600.7532009924896,1760.8285210917386,1678.884120937616,710,1683.1196516050288,1682.5891361416693,1700.695661251953,42.19631468135728,0.014247389915076123
1987,1760.8285210917386,1936.911373200913,1846.772533031378,639,1856.9840654818995,1856.3116691630914,1866.4993157601746,49.90603285118526,0.011820993455564479
1987,1936.911373200913,2130.602510521004,2031.449786334516,593,2030.3136518631409,2029.5134106000226,2023.8278368898239,57.19328520082736,0.009637236642003999
1987,2130.602510521004,2343.662761573105,2234.594764967968,494,2241.8470023943596,2241.1462212139627,2267.5942150026035,55.92416867687217,0.007610682979341456
1987,2343.662761573105,2578.0290377304154,2458.054241464765,354,2460.583217416519,2459.751881030724,2456.5603995861543,64.17387075597755,0.005922457837089691
1987,2578.0290377304154,2835.8319415034575,2703.8596656112413,329,2724.4380616121975,2723.052178345855,2721.1130580031245,87.04067686379406,0.0047126770671359975
1987,2835.8319415034575,3119.415135653803,2974.245632172366,181,2972.17969051204,2971.136851680073,2973.8364332651645,79.1024618477427,0.003588332792235531
1987,3119.415135653803,3431.356649219184,3271.6701953896027,178,3306.6112985164687,3305.0434286784493,3347.535959897594,101.58280849160228,0.0029697725680501684
1987,3431.356649219184,3774.4923141411027,3598.8372149285633,121,3588.775500930571,3587.6578019637195,3571.460888629101,90.31312278928293,0.0023614647232711927
1987,3774.4923141411027,4151.941545555213,3958.72093642142,102,3905.8077441695928,3904.572814496182,3925.7724847232575,98.89862409904607,0.0019479520872135742
1987,4151.941545555213,4567.135700110735,4354.593030063563,106,4332.390455520097,4330.671597791725,4297.799660622122,123.17667452595443,0.0015993711873964083
1987,4567.135700110735,5023.849270121809,4790.052333069919,66,4765.622170124115,4764.105685937432,4794.714587912255,121.22852825463411,0.001237120448370726
1987,5023.849270121809,5526.23419713399,5269.057566376911,51,5207.461197674396,5205.721082769167,5243.8116221935215,136.36685749299767,0.001011568101430207
1987,5526.23419713399,6078.857616847389,5795.963323014603,59,5782.935029345411,5781.134935054671,5725.675392881575,146.406066738727,0.000837277651521624
1987,6078.857616847389,6686.743378532129,6375.559655316063,41,6348.067323433683,6345.428657956692,6313.265743844125,185.66225577748835,0.0006356475231960084
1987,6686.743378532129,7355.417716385344,7013.115620847671,40,7032.3439626099835,7031.171603283476,7086.231921883136,129.47065936169813,0.0004955316713087162
1987,7355.417716385344,8090.959488023877,7714.427182932438,20,7824.206286691889,7822.240918282554,7841.15182929442,177.78277275259327,0.00035883327922355316
1987,8090.959488023877,8900.055436826266,8485.869901225682,34,8557.476227178859,8554.273890896804,8599.411714018217,236.51561828514735,0.0002904840831809716
1987,8900.055436826266,9790.060980508893,9334.45689134825,7,9251.98686097982,9248.715148335348,9070.376860010414,266.3423260386873,0.00017429044990858295
1987,9790.060980508893,10769.067078559783,10267.902580483076,15,10112.752127410195,10109.505623685853,9994.194743202475,267.5920469056441,0.00015036823129367942
1987,10769.067078559783,11845.973786415763,11294.692838531386,14,11340.461379374136,11340.386310645214,11343.549356781925,42.791860252331986,9.910633426174324e-05
1987,11845.973786415763,13030.57116505734,12424.162122384525,3,11904.869628763669,11904.86962876367,11904.869628763669,0.0,5.126189703193616e-05
1987,13030.57116505734,14333.628281563077,13666.578334622978,2,13860.669639203415,13857.162307670947,13860.669639203415,440.9435927621235,4.100951762554893e-05
1987,14333.628281563077,15766.991109719385,15033.23616808528,1,15306.260951267575,15306.260951267583,15306.260951267575,,3.4174598021290774e-05
1987,19078.059242760457,20985.865167036507,20009.23733972151,1,20952.570546624058,20952.57054662406,20952.570546624058,,3.07571382191617e-05
1987,20985.865167036507,23084.451683740157,22010.161073693664,3,22959.391426901366,22959.39142690136,22959.391426901366,0.0,2.733967841703262e-05
1987,23084.451683740157,25392.896852114176,24211.17718106303,3,23592.031316268633,23592.031316268625,23592.031316268633,0.0,1.7087299010645387e-05
1987,27932.186537325597,30725.40519105816,29295.524389086273,2,28344.927687532545,28344.92768753252,28344.927687532545,0.0,6.834919604258155e-06
1988,0.02079288905743084,0.022872177963173927,0.021807766022453788,2,0.02079288905743084,0.02079288905743084,0.02079288905743084,0.0,1.0
1988,0.022872177963173927,0.02515939575949132,0.02398854262469917,3,0.024951466868917013,0.024951466868917013,0.024951466868917013,0.0,0.9999930947095117
1988,0.04051945846461839,0.044571404311080226,0.04249716656075471,6,0.041585778114861686,0.04158577811486168,0.04158577811486168,7.601177430610146e-18,0.9999827367737792
1988,0.049028544742188256,0.053931399216407085,0.051421571538513206,2,0.049902933737834027,0.04990293373783403,0.049902933737834027,0.0,0.9999620209023143
1988,0.05932453913804779,0.06525699305185258,0.06222010156160098,6,0.06237866717229252,0.06237866717229254,0.062378667172292526,7.601177430610146e-18,0.999955115611826
1988,0.07178269235703784,0.07896096159274163,0.0752863228895372,4,0.07277511170100795,0.07277511170100795,0.07277511170100795,0.0,0.999934399740361
1988,0.11560674386793306,0.12716741825472638,0.1212493758768286,8,0.11955911208022735,0.11952215060011626,0.11782637132544144,0.0032084124369517034,0.9999205891593844
1988,0.12716741825472638,0.13988416008019902,0.13337431346451148,2,0.13723306777904357,0.13723306777904357,0.13723306777904357,0.0,0.9998929679974312
1988,0.15387257608821894,0.16925983369704084,0.16138291929205892,2,0.16634311245944672,0.16634311245944672,0.16634311245944672,0.0,0.9998860627069429
1988,0.20480439877341944,0.22528483865076143,0.21480066557773045,21,0.21386971601928867,0.2137603473312782,0.2079288905743084,0.007029279461994292,0.9998791574164546
1988,0.24781332251583757,0.2725946547674214,0.2599088053490539,4,0.2599111132178855,0.2599111132178855,0.2599111132178855,0.0,0.9998066518663273
1988,0.2998541202441635,0.32983953226857987,0.3144896544723553,4,0.3118933358614626,0.3118933358614626,0.3118933358614626,0.0,0.9997928412853507
1988,0.32983953226857987,0.3628234854954379,0.3459386199195908,3,0.34654815095718067,0.34654815095718067,0.34654815095718067,0.0,0.9997790307043741
1988,0.39910583404498173,0.43901641744947995,0.418585730102705,16,0.4158577811486168,0.4158577811486168,0.4158577811486168,0.0,0.9997686727686417
1988,0.43901641744947995,0.482918059194428,0.4604443031129755,6,0.4616021370749647,0.4616021370749647,0.4616021370749647,0.0,0.9997134304447353
1988,0.482918059194428,0.5312098651138708,0.5064887334242731,4,0.519822226435771,0.519822226435771,0.519822226435771,0.0,0.9996927145732704
1988,0.5312098651138708,0.584330851625258,0.5571376067667004,2,0.5822008936080636,0.5822008936080636,0.5822008936080636,0.0,0.9996789039922936
1988,0.584330851625258,0.6427639367877839,0.6128513674433705,3,0.6237866717229252,0.6237866717229252,0.6237866717229252,0.0,0.9996719987018053
1988,0.6427639367877839,0.7070403304665622,0.6741365041877077,6,0.6930963019143613,0.6930963019143613,0.6930963019143613,0.0,0.9996616407660729
1988,0.7070403304665622,0.7777443635132186,0.7415501546064786,20,0.738147561538795,0.7378673264907201,0.7561050566338489,0.020807096704498606,0.999640924894608
1988,0.7777443635132186,0.8555187998645405,0.8157051700671265,30,0.8344879475048911,0.8344651227274823,0.8317155622972336,0.006305219405916622,0.999571871989725
1988,0.8555187998645405,0.9410706798509947,0.8972756870738392,11,0.8922039668279417,0.891604560847595,0.8663703773929519,0.034528567626554436,0.9994682926324003
1988,0.9410706798509947,1.0351777478360942,0.9870032557812232,5,0.9980586747566804,0.9980586747566804,0.9980586747566804,0.0,0.9994303135347147
1988,1.0351777478360942,1.1386955226197035,1.0857035813593454,37,1.097639754242538,1.0972066222977308,1.1089540830629783,0.031156872060598455,0.9994130503084938
1988,1.1386955226197035,1.2525650748816741,1.1942739394952802,39,1.2119588565474817,1.2113666822406945,1.2318631606024584,0.038141481921940945,0.9992853024344601
1988,1.2525650748816741,1.3778215823698419,1.3137013334448084,18,1.3275104502666402,1.3274013552443544,1.3307448996755737,0.0174785769848714,0.9991506492699381
1988,1.3778215823698419,1.515603740606826,1.4450714667892894,44,1.422422637792428,1.4216943031333646,1.3861926038287227,0.04635328627706914,0.9990885016555434
1988,1.515603740606826,1.6671641146675087,1.5895786134682182,35,1.6111518606786415,1.610247150614608,1.6634311245944673,0.05472809700603649,0.9989365852648007
1988,1.6671641146675087,1.8338805261342594,1.7485364748150403,12,1.7368993325973896,1.7363242385650133,1.7466026808241906,0.04679429067746392,0.9988157426812553
1988,1.8338805261342594,2.017268578747686,1.9233901222965444,48,1.9169310970196447,1.9163210455942459,1.890262641584622,0.04887544788193727,0.9987743109383254
1988,2.017268578747686,2.2189954366224547,2.115729134526199,81,2.0895569991047784,2.0891225190386,2.079288905743084,0.04339820665606869,0.998608583966606
1988,2.2189954366224547,2.4408949802847,2.327302047978819,126,2.337978849286168,2.3372327762753704,2.3107830705824806,0.0593667559518382,0.9983289197018296
1988,2.4408949802847,2.6849844783131704,2.5600322527767014,81,2.525437562308699,2.524927776993012,2.495146686891701,0.051212251299217075,0.9978938864010661
1988,2.6849844783131704,2.953482926144488,2.816035478054372,137,2.7812689821549754,2.7808086245320895,2.7723852076574453,0.051062852574255226,0.9976142221362897
1988,2.953482926144488,3.2488312187589368,3.097639025859809,53,3.048315999551655,3.0478368091962222,3.0496237284231906,0.054582065134137714,0.9971412097378406
1988,3.2488312187589368,3.573714340634831,3.4074029284457903,116,3.404799733345581,3.403408001008322,3.3268622491889346,0.09829297860700024,0.9969582195399005
1988,3.573714340634831,3.931085774698314,3.7481432212903694,82,3.745357177242396,3.7438761876622966,3.7427200303375514,0.10597410202621395,0.9965577126915787
1988,3.931085774698314,4.324194352168146,4.122957543419407,262,4.154133529855572,4.153754725035323,4.158577811486168,0.05584385757661839,0.9962745957815581
1988,4.324194352168146,4.7566137873849605,4.535253297761348,189,4.641544917105858,4.639991255766368,4.678400037921939,0.11946223668571902,0.9953700027275898
1988,4.7566137873849605,5.232275166123458,4.988778627537483,212,5.066677817169851,5.06500559441092,4.990293373783402,0.13005303946352795,0.9947174527764446
1988,5.232275166123458,5.755502682735804,5.487656490291232,268,5.522622367816404,5.521852042441033,5.544770415314891,0.09178545111143026,0.9939854919846841
1988,5.755502682735804,6.331052951009384,6.036422139320355,356,6.0909380888223055,6.088670135878845,6.178458462779451,0.1658091666432313,0.9930601830592508
1988,6.331052951009384,6.964158246110323,6.640064353252391,300,6.732986991464797,6.729892101624756,6.772541007277475,0.20341706014833189,0.9918310413523321
1988,6.964158246110323,7.660574070721356,7.304070788577631,348,7.292568089763072,7.289963400801715,7.277511170100795,0.195845015751011,0.9907952477790859
1988,7.660574070721356,8.426631477793492,8.034477867435395,646,8.220516969557428,8.218173950875155,8.317155622972336,0.19377971446999465,0.9895937272341204
1988,8.426631477793492,9.269294625572844,8.837925654178935,356,8.90790730017031,8.904434457592398,8.91123816747036,0.2485147203397708,0.987363318406397
1988,9.269294625572844,10.196224088130128,9.72171821959683,555,9.741262467749024,9.737736486874812,9.818402212918844,0.2619750315003055,0.9861341766994783
1988,10.196224088130128,11.215846496943142,10.693890041556514,862,10.768149984886401,10.763496409721494,10.812302309864037,0.31608802023863264,0.984217958588973
1988,11.215846496943142,12.337431146637458,11.763279045712165,915,11.788909085964747,11.786270559659497,11.881650889960483,0.24899002947696178,0.9812417783885123
1988,12.337431146637458,13.571174261301204,12.939606950283384,1445,12.876171381756642,12.87061074238652,12.891591215607123,0.3791200306015573,0.9780826079901116
1988,13.571174261301204,14.928291687431324,14.233567645311723,1476,14.14424726526701,14.139641937667529,14.07678589188068,0.36231188715494295,0.9730935356123094
1988,14.928291687431324,16.421120856174458,15.656924409842896,1555,15.58433319521874,15.579131461982122,15.594666793073133,0.4030082218810847,0.9679974312319384
1988,16.421120856174458,18.063232941791906,17.222616850827187,2815,17.02265593538419,17.015082032793075,16.634311245944673,0.511726587856145,0.9626285678772791
1988,18.063232941791906,19.8695562359711,18.944878535909908,2061,18.966904150376912,18.960273408031917,18.927469867707046,0.5019813523226915,0.9529093715149862
1988,19.8695562359711,21.85651185956821,20.839366389500903,3268,20.76267192502217,20.756017126842323,20.79288905743084,0.525908780514427,0.9457934696667852
1988,21.85651185956821,24.042163045525033,22.92330302845099,2943,23.021163287717542,23.011893574428978,23.080106853748237,0.6526021807514406,0.9345102250088906
1988,24.042163045525033,26.44637935007754,25.215633331296093,3920,25.314962638938248,25.306858236999886,24.95146686891701,0.6414224332547652,0.9243490900553459
1988,26.44637935007754,29.091017285085293,27.737196664425706,3994,27.68347618013635,27.67576326564231,27.72385207657446,0.6536094951803167,0.910814720698263
1988,29.091017285085293,32.00011901359383,30.51091633086828,5010,30.56461614557718,30.55205341254325,30.70949768482094,0.874235320668118,0.8970248555931126
1988,32.00011901359383,35.20013091495321,33.56200796395511,5820,33.55179210685106,33.54241296543132,33.268622491889346,0.7951198064084432,0.8797271029199021
1988,35.20013091495321,38.720144006448535,36.91820876035062,5368,36.935899351289166,36.92293305516105,36.96513610209927,0.9780863267890464,0.859632707598927
1988,38.720144006448535,42.59215840709339,40.61002963638569,8942,40.80937078603736,40.79573852909671,41.538251511301844,1.0502499303726385,0.8410989079283093
1988,42.59215840709339,46.85137424780274,44.67103260002426,5959,44.72700822847706,44.70994842737344,44.63104523795855,1.2358352453909573,0.8102253541550859
1988,46.85137424780274,51.53651167258301,49.138135860026686,7501,49.202661611522025,49.187101241167746,49.72734934134905,1.2354218464861815,0.7896510411451734
1988,51.53651167258301,56.690162839841314,54.05194944602936,9223,54.05213149072701,54.0317240800433,54.06151154932019,1.4842291374435779,0.7637527491687757
1988,56.690162839841314,62.359179123825456,59.4571443906323,7194,59.385899306981166,59.36672864557275,59.40825444980241,1.5100928659059647,0.7319090020819451
1988,62.359179123825456,68.595097036208,65.40285882969553,10022,65.11621454648933,65.08842820470312,65.28967164033284,1.9007446690654701,0.7070706721955026
1988,68.595097036208,75.45460673982882,71.9431447126651,9371,71.99657014845972,71.9658419954129,72.08201539909358,2.103614320400415,0.6724682615585931
1988,75.45460673982882,83.0000674138117,79.13745918393163,8780,79.12178233120369,79.09693058726015,78.9020830099309,1.9834583099997745,0.6401135229756277
1988,83.0000674138117,91.30007415519289,87.05120510232479,10783,85.87990970049762,85.84028649783302,85.40530659703595,2.6205215856883526,0.6097992977319573
1988,91.30007415519289,100.43008157071218,95.75632561255728,10327,96.05497326121395,96.01499838793008,96.20869766873251,2.768075752878123,0.5725694240642468
1988,100.43008157071218,110.47308972778339,105.33195817381299,9514,105.23623949791121,105.20241680443736,104.91260102817307,2.671065481218202,0.5369139566278704
1988,110.47308972778339,121.52039870056174,115.8651539911943,10039,115.59187098242275,115.54416987014164,115.94114938423438,3.321311921467073,0.5040654897749911
1988,121.52039870056174,133.67243857061794,127.45166939031375,10152,127.6306099870795,127.58069154149165,127.3897140992558,3.575833545503017,0.46940438416893104
1988,133.67243857061794,147.03968242767974,140.19683632934513,9598,140.4998417871581,140.44845106032975,140.25739349244688,3.800408630840435,0.43435312965028156
1988,147.03968242767974,161.74365067044772,154.21651996227968,8053,154.0544420418206,153.99620168735544,153.86737902498822,4.238930028744131,0.4012146405968933
1988,161.74365067044772,177.91801573749254,169.63817195850766,10061,169.08510036878317,169.03237652380554,168.08306141577256,4.236697181840726,0.37341048844572267
1988,177.91801573749254,195.70981731124178,186.60198915435845,8378,186.67974355813095,186.609647935065,187.07659326242774,5.117268742396714,0.33867342464429123
1988,195.70981731124178,215.28079904236597,205.2621880697943,8364,205.25137104782254,205.1827118335892,206.26545944971397,5.304058786333512,0.3097471627887706
1988,215.28079904236597,236.80887894660262,225.78840687677373,7102,225.52346631085203,225.43922760861355,224.5632018202531,6.169326175311125,0.2808692379666682
1988,236.80887894660262,260.48976684126285,248.36724756445113,7541,248.4109884115428,248.32929930178395,249.51466868917012,6.365520334125718,0.2563485514426878
1988,260.48976684126285,286.5387435253892,273.20397232089624,6117,273.51353522433266,273.41612244284164,273.919579617149,7.29552445025529,0.23031215365652394
1988,286.5387435253892,315.19261787792817,300.52436955298595,5909,301.31493803871416,301.18926219082925,301.49273275493573,8.700622505015884,0.2091923226980351
1988,315.19261787792817,346.711879665721,330.57680650828456,5518,330.5531753146551,330.44573258172426,332.68622491889346,8.417029559710214,0.18879064195033024
1988,346.711879665721,381.3830676322931,363.63448715911306,4808,363.6882145911071,363.554961278577,363.0022571646276,9.844708178684344,0.16973894549308954
1988,381.3830676322931,419.52137439552246,399.9979358750244,5143,403.7595736908382,403.57382832905637,404.82923279255556,12.206350964220361,0.15313862715919802
1988,419.52137439552246,461.47351183507476,439.9977294625269,3682,440.55628238325755,440.3764880620961,440.7884551284764,12.583365918583814,0.13538167266851497
1988,461.47351183507476,507.62086301858227,483.99750240877955,3985,486.0294295165961,485.8395806198217,487.15937011175487,13.560701540331568,0.12266903287954066
1988,507.62086301858227,558.3829493204405,532.3972526496576,3572,534.5478564486624,534.350670316235,534.0473349362614,14.519327596981366,0.10891024158158773
1988,558.3829493204405,614.2212442524847,585.6369779146233,2720,585.4750724643176,585.270695599192,583.48485450736,15.477635488408987,0.09657739276947033
1988,614.2212442524847,675.6433686777332,644.2006757060858,3240,642.425259559287,642.1563817445888,638.7575518442754,18.62338437068477,0.08718619770537198
1988,675.6433686777332,743.2077055455065,708.6207432766944,2526,709.1075632852562,708.8634127392954,708.2785764077955,18.607486260753404,0.07599962711431363
1988,743.2077055455065,817.5284761000572,779.4828176043638,2373,776.6007555760995,776.3152295736005,774.8262178361028,21.097237516426336,0.06727824522758111
1988,817.5284761000572,899.2813237100631,857.4310993648004,2461,850.2650526297808,849.9746705757999,840.032717920206,22.342319103528844,0.05908511806320412
1988,899.2813237100631,989.2094560810693,943.1742093012805,1681,943.5734699686899,943.2259584186781,939.8385853958741,25.6290950102242,0.0505881581173416
1988,989.2094560810693,1088.1304016891763,1037.4916302314084,1901,1037.4424010320795,1037.0492391521175,1039.644452871542,28.58104295767661,0.04478426146191905
1988,1088.1304016891763,1196.9434418580943,1141.2407932545495,1617,1141.6226868141393,1141.2142336536851,1143.6088981586963,30.553838966122292,0.03822078285278266
1988,1196.9434418580943,1316.6377860439038,1255.3648725800047,1423,1256.2277290580312,1255.8249748327942,1249.6526323515936,31.83284241501946,0.03263785549298595
1988,1316.6377860439038,1448.3015646482943,1380.9013598380052,1174,1378.180968243641,1377.7094647754177,1380.6478334134079,36.11525584280206,0.027724741310555082
1988,1448.3015646482943,1593.1317211131236,1518.9914958218058,1108,1509.778796962863,1509.1872095440579,1504.5834327824432,42.373688965248185,0.02367133579391851
1988,1593.1317211131236,1752.4448932244363,1670.8906454039864,1182,1675.111368534559,1674.6462903558358,1665.6259295505297,39.509408046278665,0.019845804863396092
1988,1752.4448932244363,1927.68938254688,1837.9797099443854,679,1839.2686346089947,1838.620347888569,1833.9328148654004,48.90157344373895,0.01576477818480629
1988,1927.68938254688,2120.4583208015683,2021.777680938824,747,2030.2144575717693,2029.4794678258097,2037.7031276282228,54.522170516671345,0.013420432064025854
1988,2120.4583208015683,2332.504152881725,2223.955449032707,624,2228.4017563207963,2227.467947490517,2224.0032550049914,64.539025654576,0.010841306066642959
1988,2332.504152881725,2565.754568169898,2446.3509939359774,552,2458.3311669268533,2457.5451391695924,2495.146686891701,61.9913369645404,0.008686855434290982
1988,2565.754568169898,2822.330024986888,2690.9860933295754,345,2689.4411638045312,2688.548253072384,2694.4811833222716,69.3479008972897,0.0067809952595180795
1988,2822.330024986888,3104.563027485577,2960.0847026625333,301,2949.3973522829497,2948.5309361662257,2935.955934909235,71.67339264511595,0.005589832650285016
1988,3104.563027485577,3415.019330234135,3256.0931729287868,279,3254.027531205962,3252.8091739431425,3255.334710831373,89.098997436401,0.0045505864317947195
1988,3415.019330234135,3756.521263257549,3581.702490221666,244,3602.3901344270303,3600.7624751145972,3604.100769954679,108.32070907489332,0.003587298408675807
1988,3756.521263257549,4132.173389583304,3939.8727392438327,104,3929.6164471231427,3928.3643747073565,3936.7869948735724,99.65257860083831,0.002744852969102278
1988,4132.173389583304,4545.390728541635,4333.860013168217,138,4277.469923846979,4275.9312879281115,4240.501794372446,115.68507782799396,0.0023857778637102816
1988,4545.390728541635,4999.929801395799,4767.246014485038,149,4793.376564713419,4791.457595653301,4782.364483209094,136.06092279324602,0.001909312820017056
1988,4999.929801395799,5499.922781535379,5243.970615933542,59,5297.689102015188,5295.766972588002,5322.979598702295,143.3215284372039,0.0013948686786381386
1988,5499.922781535379,6049.915059688918,5768.367677526897,94,5743.168228960248,5740.803811476674,5706.450375855058,166.1952475958346,0.001191162609233064
1988,6049.915059688918,6654.90656565781,6345.204445279587,46,6376.258039332662,6373.058193598399,6392.657300528391,204.10066387715662,0.000866613956282606
1988,6654.90656565781,7320.397222223592,6979.724889807547,46,6958.373049268531,6955.879552650534,6986.410723296763,188.1994211923943,0.0007077922750515308
1988,7320.397222223592,8052.436944445951,7677.697378788302,34,7615.278687860877,7614.136507326138,7668.971961422027,134.21176422801133,0.0005489705938204556
1988,8052.436944445951,8857.680638890548,8445.467116667132,33,8384.398860049829,8381.969496753802,8318.056648164826,205.9024802076265,0.00043158065551922607
1988,8857.680638890548,9743.448702779602,9290.013828333847,23,9362.242388545,9358.987666783509,9252.835630556725,253.18907852517776,0.0003176433624621504
1988,9743.448702779602,10717.793573057565,10219.015211167232,13,10311.041415653932,10309.29666545138,10396.444528715421,196.60100763561013,0.00023823252184661278
1988,10717.793573057565,11789.57293036332,11240.916732283957,8,10989.0418668522,10986.893813081571,10837.253776732954,233.1666141651136,0.00019334813367261327
1988,11789.57293036332,12968.530223399654,12365.008405512352,9,12677.193426214946,12675.474329189434,12558.904990688228,221.6868277892126,0.0001657269717193828
1988,12968.530223399654,14265.38324573962,13601.50924606359,13,13693.876842623065,13691.703989197575,13563.617389943289,253.8712217341281,0.00013465316452199852
1988,14265.38324573962,15691.921570313583,14961.66017066995,9,15093.096102587771,15089.644088855115,15163.214345131442,341.1325632402154,8.976877634799902e-05
1988,15691.921570313583,17261.113727344946,16457.826187736948,7,16651.14279259539,16646.469698411765,16634.31124594467,426.0835862583895,5.8694969150614745e-05
1988,18987.22510007944,20885.947610087387,19913.96968716171,2,20584.960166856534,20583.909994156467,20584.960166856534,294.05585705937864,3.4526452441538086e-05
1988,20885.947610087387,22974.542371096126,21905.366655877882,3,20950.582328042397,20950.58232804239,20950.582328042397,0.0,2.7621161953230468e-05
1988,22974.542371096126,25271.996608205736,24095.90332146567,2,24951.46686891701,24951.466868917014,24951.46686891701,0.0,1.7263226220769043e-05
1988,37000.730234074035,40700.80325748144,38806.69325825369,3,37427.20030337552,37427.200303375495,37427.20030337552,0.0,1.0357935732461425e-05
1989,0.2650869258268513,0.29159561840953646,0.27802551334142633,3,0.2650869258268513,0.2650869258268513,0.2650869258268513,0.0,1.0
1989,0.29159561840953646,0.3207551802504901,0.305828064675569,5,0.31810431099222164,0.31810431099222164,0.31810431099222164,0.0,0.9999897502477023
1989,0.38811376810309306,0.4269251449134024,0.4070571540831823,16,0.397630388740277,0.397630388740277,0.397630388740277,0.0,0.9999726673272062
1989,0.5165794253452171,0.5682373678797388,0.5417930720847159,12,0.5301738516537026,0.5301738516537026,0.5301738516537026,0.0,0.9999180019816187
1989,0.7563239366479325,0.8319563303127259,0.7932392368392328,31,0.7952607774805539,0.795260777480554,0.795260777480554,1.1285750616986414e-16,0.9998770029724282
1989,0.9151519633439985,1.0066671596783985,0.9598194765754718,4,0.9940759718506924,0.9940759718506924,0.9940759718506924,0.0,0.9997710888653524
1989,1.0066671596783985,1.1073338756462383,1.0558014242330191,9,1.0603477033074051,1.0603477033074051,1.0603477033074051,0.0,0.9997574225289555
1989,1.2180672632108622,1.3398739895319487,1.2775197233219533,3,1.3254346291342567,1.3254346291342567,1.3254346291342567,0.0,0.9997266732720625
1989,1.3398739895319487,1.4738613884851437,1.405271695654149,4,1.3917063605909694,1.3917063605909694,1.3917063605909694,0.0,0.999716423519765
1989,1.4738613884851437,1.6212475273336582,1.5457988652195638,9,1.590521554961108,1.590521554961108,1.590521554961108,0.0,0.9997027571833681
1989,1.6212475273336582,1.783372280067024,1.7003787517415203,7,1.7041302374583298,1.7041302374583298,1.7041302374583298,0.0,0.9996720079264751
1989,1.783372280067024,1.9617095080737266,1.8704166269156723,19,1.841656537323388,1.8412282828592614,1.8177389199555518,0.04111852027539445,0.9996480918377806
1989,1.9617095080737266,2.1578804588810994,2.05745828960724,20,2.0279149825754117,2.027020725407504,1.9881519437013848,0.06231694546790492,0.9995831767398955
1989,2.1578804588810994,2.3736685047692094,2.263204118567964,14,2.272173649944441,2.2721736499444396,2.27217364994444,9.217063053461964e-16,0.9995148450579111
1989,2.3736685047692094,2.6110353552461305,2.4895245304247604,48,2.4520540638983745,2.4506209347798587,2.3857823324416616,0.08537420837813896,0.9994670128805221
1989,2.6110353552461305,2.872138890770744,2.738476983467237,50,2.6879814278842726,2.6874286675625783,2.6508692582685134,0.05546307152273936,0.9993030168437597
1989,2.872138890770744,3.1593527798478185,3.012324681813961,22,2.928005589814767,2.9277669202726,2.922841558792166,0.038297479057128804,0.9991321876387987
1989,3.1593527798478185,3.475288057832601,3.313557149995357,55,3.2822581179651964,3.280701411947348,3.2378474511708264,0.10237099675330338,0.999057022788616
1989,3.475288057832601,3.8228168636158615,3.644912864994893,34,3.578673498662493,3.5778695201194837,3.534492344358018,0.07721654303127501,0.998869110663159
1989,3.8228168636158615,4.205098549977447,4.009404151494383,99,3.9682709502565023,3.968142403714153,3.9763038874027696,0.03178665127448843,0.9987529468037856
1989,4.205098549977447,4.625608404975193,4.410344566643821,110,4.402852849869611,4.401479492978059,4.373934276143047,0.11103028819633567,0.998414704977963
1989,4.625608404975193,5.088169245472712,4.851379023308204,71,4.861171513050145,4.860220147837504,4.859926973492274,0.09707562408098963,0.998038880727049
1989,5.088169245472712,5.596986170019984,5.336516925639025,145,5.37486594435133,5.372849185179752,5.301738516537027,0.14777792300936585,0.9977963032560047
1989,5.596986170019984,6.156684787021983,5.870168618202928,172,5.844241992647793,5.842261020608243,5.7837147453131195,0.1529864820027447,0.9973008985616181
1989,6.156684787021983,6.772353265724182,6.457185480023221,200,6.485351640353917,6.482997448189869,6.521138375340541,0.17492769913864994,0.9967132460965527
1989,6.772353265724182,7.449588592296601,7.102904028025544,109,6.9895396773061504,6.987339554418007,6.958531802954847,0.1769414397508895,0.9960299292767092
1989,7.449588592296601,8.194547451526262,7.8131944308281,379,7.8938549996882434,7.892346845659782,7.952607774805539,0.15308692050969544,0.9956575216098944
1989,8.194547451526262,9.014002196678888,8.594513873910909,246,8.7284719479573,8.725419713293752,8.836230860895043,0.2299817966862783,0.994362636236291
1989,9.014002196678888,9.915402416346778,9.453965261302,307,9.372161214738254,9.369277505140323,9.366404712548748,0.2333304218747852,0.9935221565478835
1989,9.915402416346778,10.906942657981457,10.399361787432202,503,10.316255612446554,10.311240969394543,10.338390107247202,0.3219687321383785,0.9924732652294236
1989,10.906942657981457,11.997636923779604,11.439297966175424,639,11.563017032193782,11.557338140817453,11.648231387803406,0.36126720577479765,0.9907547234275171
1989,11.997636923779604,13.197400616157564,12.583227762792966,364,12.673922445507399,12.671674484213813,12.724172439688864,0.23852345895694996,0.9885715261881172
1989,13.197400616157564,14.517140677773321,13.841550539072264,716,13.641610152257211,13.635557088777498,13.633041899666638,0.40895944813420654,0.9873278895760019
1989,14.517140677773321,15.968854745550656,15.22570559297949,1395,15.626446717935101,15.620174683553286,15.905215549611079,0.4379162248849361,0.9848816153609621
1989,15.968854745550656,17.565740220105724,16.748276152277445,692,16.857919573500354,16.853758058589534,16.965563252918482,0.3743308602957375,0.9801154805425536
1989,17.565740220105724,19.3223142421163,18.42310376750519,1342,18.48892418583702,18.481608143309586,18.556084807879593,0.5196189295137786,0.977751204345895
1989,19.3223142421163,21.254545666327928,20.265414144255708,1949,20.306692207734596,20.298445930883936,19.88151943701385,0.5816105326289301,0.9731661484847449
1989,21.254545666327928,23.38000023296072,22.29195555868128,1325,22.377737983082998,22.37162804260336,22.53238869528236,0.5214628896476968,0.9665072260753699
1989,23.38000023296072,25.718000256256797,24.52115111454941,2405,24.387886952816338,24.37927839042535,23.85782332441662,0.6508342505351018,0.9619802521439065
1989,25.718000256256797,28.289800281882478,26.973266226004355,2625,27.032201391632338,27.02167509173734,26.685417199903036,0.7563165722619646,0.9537633673852882
1989,28.289800281882478,31.11878031007073,29.67059284860479,2541,29.661411764877325,29.6509274356492,29.822279155520775,0.7881479768884803,0.944794834124842
1989,31.11878031007073,34.230658341077806,32.637652133465274,4187,32.648379925362555,32.6369242947379,32.605691876702714,0.8670264626371413,0.9361132939287301
1989,34.230658341077806,37.65372417518559,35.901417346811805,3115,35.91642759495883,35.90376276763447,35.78673498662493,0.9545374525407571,0.9218080563053059
1989,37.65372417518559,41.41909659270415,39.49155908149299,5854,39.51755950523587,39.50868702122684,39.7630388740277,0.8354560979019003,0.9111653968362431
1989,41.41909659270415,45.56100625197457,43.44071498964229,4373,43.485730147998524,43.46723158424923,43.47425583560362,1.2689651113196625,0.8911647135194233
1989,45.56100625197457,50.11710687717203,47.78478648860652,6796,48.23430388558842,48.21776657828362,47.954224882077405,1.2591766621084513,0.8762239912535447
1989,50.11710687717203,55.12881756488924,52.563265137467184,5615,52.47596071569295,52.45922769974766,52.686026508086705,1.3259321936669652,0.8530048857152619
1989,55.12881756488924,60.64169932137816,57.8195916512139,6684,58.000416540084345,57.97645496675199,58.054036756080436,1.664341285730599,0.833820765998155
1989,60.64169932137816,66.70586925351598,63.6015508163353,8000,64.21517051821526,64.19284130689783,63.819677392814455,1.6886812486454505,0.8109843178789846
1989,66.70586925351598,73.3764561788676,69.96170589796884,7061,69.94351481402371,69.9165159637382,69.78413322391862,1.9437974059649699,0.7836516450852438
1989,73.3764561788676,80.71410179675435,76.95787648776572,9593,77.75138530356539,77.7210275488815,78.92963216494498,2.1604756455590675,0.7595271447606683
1989,80.71410179675435,88.7855119764298,84.6536641365423,6466,84.67445859935262,84.64144350123809,84.82781626459243,2.363543322857675,0.7267518534968739
1989,88.7855119764298,97.6640631740728,93.11903055019654,9076,93.27454927639671,93.238678204121,93.20456312072093,2.5843611858303017,0.7046602207113328
1989,97.6640631740728,107.43046949148008,102.43093360521621,12089,101.98169326244299,101.93866349964021,101.19693393440049,2.972656420077786,0.6736513034268339
1989,107.43046949148008,118.1735164406281,112.67402696573784,7846,112.54116100749283,112.50336945230401,112.39685655058496,2.919617964027346,0.6323482182513923
1989,118.1735164406281,129.9908680846909,123.94142966231162,10706,123.51778131503958,123.46119495168134,123.06660531511572,3.7453974126191096,0.605541699408931
1989,129.9908680846909,142.98995489316002,136.3355726285428,9644,136.1212680116964,136.0739272060237,135.7907777548046,3.594337070070261,0.5689637500427073
1989,142.98995489316002,157.28895038247606,149.9691298913971,8300,149.4993425090055,149.4435814444833,149.11139577760386,4.087431061931327,0.5360142129898527
1989,157.28895038247606,173.01784542072366,164.96604288053683,11455,163.51071460370525,163.44283468978838,161.7030247543793,4.735654146615986,0.5076565649663467
1989,173.01784542072366,190.31962996279603,181.4626471685905,8328,181.5834955180157,181.51677345119342,181.46405013419914,4.921622321470821,0.46851959410980903
1989,190.31962996279603,209.35159295907565,199.60891188544957,10537,199.06520678842472,198.99883777795927,198.8151943701385,5.145204600058006,0.44006628173152484
1989,209.35159295907565,230.28675225498324,219.56980307399456,8405,219.0323482780266,218.9524266639961,218.69671380715235,5.923515649083185,0.4040657350780689
1989,230.28675225498324,253.3154274804816,241.52678338139404,9026,241.1664417212916,241.09199800363237,239.63858094747357,6.005999513944657,0.375349345724145
1989,253.3154274804816,278.64697022852977,265.6794617195335,8391,265.9502183384087,265.84299643395724,265.0869258268513,7.562146574314076,0.34451125764460694
1989,278.64697022852977,306.5116672513828,292.24740789148683,7191,293.2275529176267,293.12355091230233,294.24648766780496,7.792967186460222,0.315842700468072
1989,306.5116672513828,337.16283397652103,321.47214868063554,7473,320.9373010140819,320.8406105930312,318.89957176970216,7.892967442162812,0.29127404421059827
1989,337.16283397652103,370.8791173741732,353.6193635486991,6664,353.1086804005618,352.9782389067621,353.4492344358018,9.599563537666036,0.2657419112371451
1989,370.8791173741732,407.9670291115906,388.98129990356904,7265,391.52515040594943,391.39163687767933,397.630388740277,10.17017425112219,0.242973794799959
1989,407.9670291115906,448.76373202274965,427.879429893926,5369,428.53734197801276,428.3847132434978,429.04318945075886,11.431588941075994,0.21815231131914312
1989,448.76373202274965,493.6401052250246,470.6673728833186,5579,470.9652850738581,470.810743927535,474.7706841558907,12.046970892457507,0.1998086712904438
1989,493.6401052250246,543.0041157475272,517.7341101716505,5277,517.0127605014741,516.8050932657294,516.91950536236,14.651797911836244,0.1807475486009088
1989,543.0041157475272,597.3045273222799,569.5075211888156,4913,572.6365724397508,572.3663666481307,572.2696554750066,17.59413152249351,0.16271823430933752
1989,597.3045273222799,657.0349800545079,626.4582733076971,4197,626.7218729145911,626.4797526334678,628.8922228316221,17.40412818882347,0.14593255662988144
1989,657.0349800545079,722.7384780599588,689.104100638467,3972,688.3247888284479,688.0390026236742,688.2413985681709,19.851726796581257,0.13159315316546516
1989,722.7384780599588,795.0123258659547,758.0145107023137,2718,756.5016161254285,756.2420582689574,756.3924069811919,19.827538652168567,0.11802248112337285
1989,795.0123258659547,874.5135584525503,833.8159617725452,4559,817.931528169266,817.572953855646,808.5151237718965,24.374758696095807,0.10873620554169941
1989,874.5135584525503,961.9649142978054,917.1975579497998,3184,916.8843990991438,916.4813399257346,916.5380460463384,27.185562143534824,0.09315999863336637
1989,961.9649142978054,1058.161405727586,1008.9173137447799,2843,1007.9158062394259,1007.6144678563221,1001.7104753145056,24.69459620542123,0.08228159486145752
1989,1058.161405727586,1163.9775463003448,1109.809045119258,2475,1105.1928009056646,1104.75918811145,1105.41248069797,30.989885334891014,0.07256824626738187
1989,1163.9775463003448,1280.3753009303794,1220.7899496311838,2778,1219.4229036172624,1218.9670872860056,1206.5696515934965,33.4694467672476,0.0641122006218183
1989,1280.3753009303794,1408.4128310234173,1342.8689445943023,2166,1346.2041714149702,1345.72864645966,1343.4605400904825,35.78868903678466,0.054620929994191804
1989,1408.4128310234173,1549.254114125759,1477.1558390537327,1526,1474.0570993502051,1473.5249417691941,1471.2324383390248,39.635310359279124,0.04722060883528648
1989,1549.254114125759,1704.1795255383354,1624.871422959106,2027,1617.3532364116081,1616.8259502267995,1595.8232934776452,41.4906974440744,0.04200690149988042
1989,1704.1795255383354,1874.5974780921688,1787.3585652550169,1419,1786.0101205777355,1785.310498865696,1789.3367493312464,50.035900570838415,0.03508148553076634
1989,1874.5974780921688,2062.057225901386,1966.0944217805186,1485,1967.0582642495544,1966.4289315323301,1988.1519437013849,49.68710118378921,0.030233352693976562
1989,2062.057225901386,2268.262948491525,2162.7038639585708,1189,2158.7693914133815,2157.9253855546094,2155.9519677497815,60.442039252612936,0.025159725306638424
1989,2268.262948491525,2495.0892433406775,2378.974250354428,1000,2375.8224334471106,2375.0652741797458,2385.7823324416618,60.022187110568154,0.021097406812668695
1989,2495.0892433406775,2744.598167674745,2616.871675389871,885,2611.1868687219194,2610.2359212449905,2605.671937415035,70.57344807714281,0.017680822713451092
1989,2744.598167674745,3019.0579844422205,2878.558842928858,823,2877.902569374924,2876.8619168617106,2865.3245812624355,77.46866389341935,0.014657145785643514
1989,3019.0579844422205,3320.9637828864425,3166.4147272217447,656,3159.8446418704616,3158.8203772182696,3181.043109922216,80.52972875704978,0.011845297071987428
1989,3320.9637828864425,3653.060161175087,3483.056199943919,489,3481.835509937775,3480.589160983704,3472.903815257579,93.26336880901336,0.00960401790290068
1989,3653.060161175087,4018.366177292596,3831.3618199383113,504,3876.160384717163,3874.686619531596,3879.3814801473272,106.62902056720543,0.007933308278383273
1989,4018.366177292596,4420.202795021856,4214.498001932143,344,4230.950621156153,4229.171196047065,4241.390813229621,122.6171804955882,0.006211349892377601
1989,4420.202795021856,4862.223074524042,4635.947802125358,288,4667.7786232626095,4666.2255099745325,4692.038587135268,120.26259445994657,0.005036044962246746
1989,4862.223074524042,5348.445381976447,5099.542582337894,191,5105.407297693059,5103.45052426456,5092.319845133814,141.74561435056464,0.004052068741672076
1989,5348.445381976447,5883.289920174092,5609.496840571684,162,5589.899050199389,5588.0251503443815,5566.825442363878,145.3754968640938,0.0033995011787215142
1989,5883.289920174092,6471.618912191501,6170.446524628853,212,6133.400292930206,6131.11758693641,6123.507986600266,168.03025644651456,0.0028460145546482627
1989,6471.618912191501,7118.780803410653,6787.491177091739,87,6726.71023934311,6724.030759001274,6678.003563698581,192.1698128940652,0.002121698725614131
1989,7118.780803410653,7830.658883751718,7466.240294800913,80,7454.148260240448,7450.956832760526,7442.050355663024,219.65118548085042,0.0018244559089821996
1989,7830.658883751718,8613.72477212689,8212.864324281005,122,8126.950231097089,8124.448531845277,8032.133852553595,203.71109863492484,0.0015511291810447914
1989,8613.72477212689,9475.09724933958,9034.150756709105,49,9087.448961723238,9085.063663982635,9052.718516986974,210.1319481078532,0.001134305920940244
1989,9475.09724933958,10422.60697427354,9937.565832380018,56,9916.93029735313,9912.63037144751,9940.759718506924,294.54426529445294,0.0009668933000785815
1989,10422.60697427354,11464.867671700895,10931.32241561802,25,11097.03707853255,11093.571603534287,11137.627188615159,280.7761653928847,0.0007755645905223957
1989,11464.867671700895,12611.354438870985,12024.454657179824,33,12011.723211249187,12009.544875951016,12040.248171055588,231.2721558635356,0.0006901499880419557
1989,12611.354438870985,13872.489882758084,13226.900122897807,23,13328.086558796485,13322.439538189281,13523.40952105682,394.56756798859476,0.0005774027127677748
1989,13872.489882758084,15259.738871033895,14549.590135187587,28,14517.655905931259,14513.736019121265,14473.746150146084,344.10465743542284,0.0004988212784857699
1989,15259.738871033895,16785.712758137284,16004.549148706348,28,15895.274789892574,15893.948168992822,15905.215549611079,208.34353991386857,0.0004031569237076771
1989,16785.712758137284,18464.284033951015,17605.004063576984,8,17820.46858871008,17816.532499792076,18094.83355694087,398.0467359369224,0.0003074925689295842
1989,18464.284033951015,20310.712437346116,19365.504469934684,26,19825.904709757924,19824.66800276497,19881.51943701385,223.99877514853495,0.00028015989613584336
1989,20310.712437346116,22341.783681080735,21302.054916928155,13,21534.37720214824,21519.63387335851,21790.14530296718,825.5185171308106,0.00019132870955618572
1989,22341.783681080735,24575.96204918881,23432.260408620976,8,23832.97142512035,23822.807661714658,24295.216752030923,736.5559610499279,0.0001469131162663569
1989,24575.96204918881,27033.55825410769,25775.486449483073,8,26014.968183332625,26008.05203992961,26124.3165402362,634.9351669315225,0.00011958044347261608
1989,27033.55825410769,29736.91407951846,28353.035094431383,11,28050.944218334313,28032.640119420343,27308.459837904742,1073.8182173811251,9.224777067887526e-05
1989,39579.83263983908,43537.81590382299,41511.678681756996,7,40012.977975521586,40009.2651913519,39763.0388740277,594.1057038068308,5.466534558748164e-05
1989,52680.75724362583,57948.83296798842,55252.044325418574,4,53845.11909126461,53845.1190912646,53845.11909126461,0.0,3.074925689295842e-05
1989,63743.71626478727,70118.087891266,66854.97363375648,3,65449.961986649585,65449.96198664963,65449.96198664959,8.911191772433732e-12,1.708292049608801e-05
1989,322190.71971538867,354409.79168692755,337916.47763580893,2,327249.8099332479,327249.80993324786,327249.8099332479,0.0,6.833168198435205e-06
1990,0.6988011217925097,0.7686812339717608,0.732908799647212,1,0.6988011217925097,0.6988011217925097,0.6988011217925097,,0.9983072073239193
1990,2.65369609708488,2.9190657067933685,2.78321994697722,1,2.781321021174161,2.7813210211741604,2.781321021174161,,0.9982985706265924
1990,2.9190657067933685,3.210972277472705,3.061541941674942,2,2.947922613124693,2.947922613124693,2.947922613124693,0.0,0.9982899339292655
1990,3.210972277472705,3.5320695052199764,3.3676961358424364,2,3.243794699570175,3.2437945198389566,3.243794699570175,0.001527103348098114,0.9982726605346116
1990,3.5320695052199764,3.885276455741974,3.7044657494266806,1,3.603016527152403,3.6030165271524033,3.603016527152403,,0.9982553871399577
1990,3.885276455741974,4.273804101316172,4.074912324369349,3,4.0241483290273585,4.023914526526859,4.054743374462719,0.052992173153922024,0.9982467504426308
1990,4.273804101316172,4.7011845114477895,4.482403556806284,3,4.561770357372777,4.560663679174805,4.632449820624518,0.12242042140371248,0.99822084035065
1990,5.171302962592569,5.688433258851826,5.423708303735605,2,5.297082189993839,5.29599242966767,5.297082189993839,0.15194678313574192,0.9981949302586691
1990,5.688433258851826,6.257276584737009,5.966079134109165,2,6.078065717445281,6.078065717445281,6.078065717445281,0.0,0.9981776568640152
1990,6.257276584737009,6.883004243210711,6.5626870475200825,5,6.484997818821119,6.484997221975057,6.485429748874324,0.003110946035927737,0.9981603834693613
1990,6.883004243210711,7.571304667531782,7.218955752272091,4,7.144084514828755,7.142937455225227,7.167879232938356,0.14737180426316607,0.9981171999827266
1990,7.571304667531782,8.32843513428496,7.940851327499301,8,8.104931236645541,8.104930255539566,8.102737841844109,0.004264570859080503,0.9980826531934188
1990,8.32843513428496,9.16127864771346,8.734936460249232,5,8.80065663898789,8.798499595236452,8.8378778841031,0.21733643605632824,0.9980135596148033
1990,9.16127864771346,10.077406512484805,9.608430106274156,4,9.60851542464701,9.60634824134202,9.724789452362485,0.2337107383629002,0.9979703761281686
1990,10.077406512484805,11.085147163733286,10.569273116901572,14,10.706419364669824,10.70410452389741,10.803650455792145,0.22851804094439251,0.9979358293388608
1990,11.085147163733286,12.193661880106616,11.62620042859173,9,11.947365242508106,11.940862238757482,12.152082090641764,0.41158208590505896,0.9978149155762837
1990,12.193661880106616,13.413028068117278,12.788820471450904,9,12.908801855061663,12.90781485979333,12.964380546950572,0.16758921781099734,0.9977371853003412
1990,13.413028068117278,14.754330874929007,14.067702518595995,16,14.051890815301846,14.043715975375122,14.14468083757789,0.4948263009807174,0.9976594550243987
1990,14.754330874929007,16.22976396242191,15.474472770455597,27,16.13317014010774,16.13095842385565,16.20200481718925,0.2665621959366289,0.9975212678671675
1990,16.22976396242191,17.852740358664104,17.02192004750116,5,17.383126663085516,17.376199411189905,17.67281079057071,0.5462313953358778,0.9972880770393402
1990,17.852740358664104,19.638014394530515,18.72411205225128,45,18.805237171565963,18.79470539090313,18.515915816502194,0.635396042563401,0.9972448935527054
1990,19.638014394530515,21.60181583398357,20.596523257476406,30,20.713346678619914,20.704092512893936,20.250770588237074,0.6335997252475116,0.9968562421729931
1990,21.60181583398357,23.761997417381924,22.656175583224048,44,22.755161508627445,22.742674120847422,23.143737815128087,0.7567503026639602,0.9965971412531848
1990,23.761997417381924,26.13819715912012,24.921793141546452,49,25.318813904058988,25.30765136451901,25.919042667704034,0.7555160468165729,0.9962171265707993
1990,26.13819715912012,28.752016875032133,27.413972455701103,56,27.423476583592137,27.41854606112718,27.337797914341103,0.5255940238301597,0.9957939284017792
1990,28.752016875032133,31.627218562535354,30.155369701271216,35,29.499189590384677,29.491719697432465,29.452721332527524,0.6765271964217584,0.9953102733514704
1990,31.627218562535354,34.78994041878889,33.17090667139834,135,32.56027583510823,32.55618009997649,32.400153116046305,0.5270334735738356,0.9950079889450274
1990,34.78994041878889,38.26893446066778,36.48799733853817,62,36.24100175076385,36.234392374352296,35.997770517533645,0.7002513925213524,0.9938420348058902
1990,38.26893446066778,42.09582790673456,40.136797072392,146,40.14203627155531,40.13424131287548,40.49749183222535,0.7906838706705909,0.9933065595716198
1990,42.09582790673456,46.30541069740803,44.150476779631205,176,44.68946860809767,44.66644587463193,44.36222279549828,1.4381547809644997,0.9920456017618863
1990,46.30541069740803,50.93595176714883,48.56552445759433,116,48.81729149746153,48.80925274820995,48.59753011123693,0.8910165764776452,0.9905255430323444
1990,50.93595176714883,56.029546943863714,53.42207690335376,248,53.85329266914167,53.84173012653279,53.99665577630047,1.1138755423050397,0.9895236861424191
1990,56.029546943863714,61.63250163825009,58.76428459368914,170,59.110314715181104,59.093399951322446,58.90249768741957,1.415509457674677,0.9873817852053375
1990,61.63250163825009,67.79575180207512,64.64071305305806,311,64.8776167508282,64.87433348277655,64.79598693156056,0.6562189517459215,0.9859135466597573
1990,67.79575180207512,74.57532698228262,71.10478435836387,296,71.4149407815684,71.39862657566916,71.99194161795725,1.5261691862458036,0.9832275337910783
1990,74.57532698228262,82.03285968051088,78.21526279420026,535,80.14052785429804,80.12235984934286,80.9909343202019,1.6864012952546314,0.9806710713823034
1990,82.03285968051088,90.23614564856199,86.03678907362028,225,86.92632190419678,86.90092066816106,86.39680889234678,2.100787272499988,0.9760504383123894
1990,90.23614564856199,99.25976021341819,94.64046798098234,553,95.0237271818492,94.99353907364298,97.18750144654275,2.3920240898182126,0.9741071814138273
1990,99.25976021341819,109.18573623476001,104.10451477908057,686,106.2888341708719,106.25317843070043,107.98791242693586,2.7263639123444605,0.9693310877920284
1990,109.18573623476001,120.10430985823604,114.51496625698864,328,114.97350782439452,114.94647939239049,115.70017778764591,2.4903440111740296,0.963406313425746
1990,120.10430985823604,132.11474084405964,125.96646288268751,1026,126.73490108970384,126.67954671857815,129.58549491232304,3.725323733338343,0.9605734767025089
1990,132.11474084405964,145.32621492846562,138.56310917095627,649,139.50472774972098,139.47225679614252,138.8392877807754,3.0098467292129327,0.9517122252450663
1990,145.32621492846562,159.8588364213122,152.4194200880519,383,150.9581235708489,150.9018211787844,150.91469932042068,4.138134929636675,0.9461070086798808
1990,159.8588364213122,175.84472006344345,167.66136209685712,1498,163.49304656759233,163.4572052474335,161.9818686404038,3.476641117024541,0.942799153603662
1990,175.84472006344345,193.4291920697878,184.42749830654287,818,182.8238762337976,182.78077849012686,185.12097863353324,3.9724303147067204,0.9298613810079026
1990,193.4291920697878,212.77211127676657,202.87024813719714,1477,198.6872524666626,198.61933040271285,196.1891091165469,5.236937349011121,0.9227965625944639
1990,212.77211127676657,234.04932240444327,223.15727295091688,1849,221.04630156482602,220.95366533175624,217.98789901838543,6.448378807137134,0.9100401606425703
1990,234.04932240444327,257.4542546448876,245.4730002460086,1653,244.03457020037544,244.0104506204249,242.9687536163569,3.4442279481034794,0.8940709072850542
1990,257.4542546448876,283.1996801093764,270.0203002706095,2559,270.3736686923302,270.230137967542,269.9670815045071,8.790335890009905,0.8797944466036188
1990,283.1996801093764,311.5196481203141,297.02233029767046,1089,294.60056093794776,294.47856569134245,291.5689832904264,8.519744084367098,0.8576931381439737
1990,311.5196481203141,342.6716129323455,326.7245633274376,3975,325.4476125465492,325.4263827164102,323.9637372808076,3.7414990139945665,0.8482877747549337
1990,342.6716129323455,376.93877422558006,359.3970196601813,1295,360.36501610119984,360.2461243286058,359.9525092555662,9.240256438442247,0.8139569028803385
1990,376.93877422558006,414.63265164813816,395.33672162619945,3849,394.07247095559876,393.9919282306914,392.3782182330938,7.977367195552421,0.8027723798419485
1990,414.63265164813816,456.095916812952,434.87039378881946,2376,433.4834157412467,433.3385661017077,431.94625058207845,11.244212858531132,0.769529731830548
1990,456.095916812952,501.70550849424717,478.35743316770146,4128,484.3733016698905,484.280234920597,485.9375072327138,9.398889562496118,0.7490089389817334
1990,501.70550849424717,551.876059343672,526.1931764844716,3014,528.9633104542249,528.8005166304005,531.2934022946465,13.092358482455788,0.7133566524161161
1990,551.876059343672,607.0636652780393,578.8124941329188,1912,574.660627599948,574.473682702859,570.167107083104,14.693983277385495,0.6873256466727123
1990,607.0636652780393,667.7700318058432,636.6937435462108,5637,645.9876663752987,645.8751884784498,647.9166763102852,11.88514910734952,0.6708122813835989
1990,667.7700318058432,734.5470349864277,700.363117900832,2068,704.4964554404137,704.2424474680142,701.9079329609206,18.90534954200614,0.6221272185516259
1990,734.5470349864277,808.0017384850704,770.3994296909152,2215,769.4487857101319,769.2770876309391,777.4935326215441,16.19574911528131,0.6042665284795095
1990,808.0017384850704,888.8019123335774,847.4393726600067,3923,830.190142963321,829.8267738659384,809.9012445135215,24.71650242902755,0.5851362439003325
1990,888.8019123335774,977.6821035669353,932.1833099260075,4188,954.8252464290126,954.4305565330495,971.8669157769301,27.143964072561875,0.5512544802867384
1990,977.6821035669353,1075.450313923629,1025.4016409186083,2890,1010.6172621530935,1010.1914427534354,1004.2859658328041,29.43412063547363,0.5150839918815046
1990,1075.450313923629,1182.995345315992,1127.9418050104691,3302,1113.300755547174,1112.7371379682224,1101.4475514761548,35.59000824811227,0.4901239366066416
1990,1182.995345315992,1301.2948798475911,1240.7359855115162,4824,1264.325782990988,1263.6839400668227,1295.816075418442,40.0226062057228,0.46160556203307856
1990,1301.2948798475911,1431.4243678323505,1364.809584062668,1973,1372.1914517927676,1371.7313365484538,1376.8094393451931,35.45624648923853,0.4199421341279095
1990,1431.4243678323505,1574.5668046155859,1501.290542468935,2051,1493.469216393109,1492.9791551400858,1489.5539814830502,38.40579972311299,0.40290193030185256
1990,1574.5668046155859,1732.0234850771442,1651.4195967158287,4904,1634.934970165816,1634.5730486482955,1619.7808925243828,34.841204748700186,0.3851880640842942
1990,1732.0234850771442,1905.225833584859,1816.5615563874114,1563,1822.1003411331028,1821.5505185825332,1814.1494164666703,44.75572646349899,0.34283370039296973
1990,1905.225833584859,2095.748416943345,1998.2177120261529,3862,1977.189439140126,1976.6876353643702,1943.7338315538602,44.845737964776035,0.3293345424709591
1990,2095.748416943345,2305.32325863768,2198.0394832287684,2785,2188.817328738608,2188.0791533551906,2159.693459030737,57.03858686676599,0.2959796173943084
1990,2305.32325863768,2535.855584501448,2417.8434315516456,2847,2421.5969432701736,2421.194650967441,2429.6389440325834,43.994991236347225,0.27192641533877443
1990,2535.855584501448,2789.441142951593,2659.62777470681,2660,2649.7672274465785,2648.998668058398,2624.072257482852,63.99223557517882,0.24733773804897008
1990,2789.441142951593,3068.3852572467526,2925.5905521774916,1746,2910.9102097593172,2910.022698151306,2915.5710521396322,72.06686001998234,0.22436412315930387
1990,3068.3852572467526,3375.223782971428,3218.1496073952408,3655,3230.3049218852557,3229.9109745029823,3239.5185920434446,50.12131615796925,0.20928444962646284
1990,3375.223782971428,3712.7461612685706,3539.964568134765,1116,3544.351368776357,3543.0232005385387,3563.476930198587,96.96077292566882,0.17771732089648917
1990,3712.7461612685706,4084.0207773954285,3893.9610249482416,2493,3933.7856156591683,3932.10608042512,3916.946889238967,114.58950091779907,0.1680787666796217
1990,4084.0207773954285,4492.422855134972,4283.357127443067,1319,4292.565116145338,4291.5927087084765,4319.354523307483,91.154790599059,0.14654748024355488
1990,4492.422855134972,4941.665140648469,4711.692840187374,2117,4766.684447316221,4764.695517425059,4859.253591999674,136.55334520796075,0.13515567646931814
1990,4941.665140648469,5435.831654713316,5182.862124206111,1465,5268.283396935994,5266.614926837863,5264.196115567937,132.04401606953914,0.11687178822818155
1990,5435.831654713316,5979.414820184649,5701.148336626723,1059,5707.07615061081,5705.753906313935,5669.1629352016935,123.11976752827992,0.10421902664421126
1990,5979.414820184649,6577.356302203114,6271.263170289396,1855,6418.114095951326,6416.678658059841,6478.999390207234,133.90878855441116,0.0950727641749795
1990,6577.356302203114,7235.0919324234255,6898.389487318335,530,6921.122524573949,6919.149516369539,6932.516227646374,165.19394386587427,0.07905169063350174
1990,7235.0919324234255,7958.60112566577,7588.22843605017,855,7543.840287813598,7541.188031229609,7558.840720596938,200.29397925301737,0.07447424105022239
1990,7958.60112566577,8754.461238232347,8347.051279655188,1437,8262.519840757877,8259.231642412691,8098.769484480287,235.05047847309933,0.06708986483568684
1990,8754.461238232347,9629.907362055583,9181.756407620707,359,9123.709694038773,9121.140013502103,9070.66069632271,217.74241884144945,0.05467893077687092
1990,9629.907362055583,10592.898098261141,10099.932048382778,1002,9891.55793002491,9887.255509070197,9718.507183999349,295.6064503455051,0.05157835643649868
1990,10592.898098261141,11652.187908087259,11109.925253221058,620,11041.255884839813,11037.881611968953,10933.286162573151,273.7302243084954,0.04292438571490262
1990,11652.187908087259,12817.406698895982,12220.917778543164,484,12094.752519692522,12092.055092824574,12148.08943721245,255.90290753313195,0.03756963337219847
1990,12817.406698895982,14099.147368785583,13443.009556397481,682,13188.043844728432,13182.818527124095,12957.998780414468,375.7236199245671,0.033389471865958455
1990,14099.147368785583,15509.062105664143,14787.310512037231,269,14728.885817813609,14725.382653938932,14577.73647993353,323.39625405813973,0.02749924428898389
1990,15509.062105664143,17059.96831623056,16266.041563240957,747,16195.403227559404,16193.857160041402,16197.452582949933,224.18671222153588,0.025175972708036447
1990,17059.96831623056,18765.965147853618,17892.645719565055,166,17856.63341519914,17850.490476626637,17817.211878971655,470.2932083956594,0.01872435980481064
1990,18765.965147853618,20642.56166263898,19681.91029152156,345,19633.272253704265,19628.85069927421,19436.949578490716,419.07951756762145,0.017290668048538238
1990,20642.56166263898,22706.81782890288,21650.10132067372,292,21772.116620686073,21763.65056357708,21596.578248013473,609.7673610041612,0.014311007470743188
1990,22706.81782890288,24977.49961179317,23815.11145274109,263,24161.79107572066,24158.980106760875,24296.130282293914,366.0466108414379,0.011789091851276072
1990,24977.49961179317,27475.249572972487,26196.6225980152,170,26216.936339244417,26210.607656059157,25915.997560828935,579.4504936138437,0.00951764045429028
1990,27475.249572972487,30222.77453026974,28816.284857816725,97,28650.62012238271,28641.159038482685,29155.364977353758,738.0024085958637,0.00804940190871011
1990,30222.77453026974,33245.05198329671,31697.913343598397,239,32253.794138389785,32249.807505117627,32394.86737202021,501.7407250194861,0.0072116422679967184
1990,33245.05198329671,36569.55718162639,34867.70467795824,57,35087.080860570124,35076.031915049476,35634.281221025754,886.3485446842003,0.005147471606857538
1990,36569.55718162639,40226.512899789035,38354.47514575407,89,38457.633641666296,38450.33343089938,38873.818170096456,750.6196332270805,0.004655179859221833
1990,40226.512899789035,44249.16418976794,42189.92266032948,96,41416.09243645397,41399.38161743851,40493.572066992514,1191.1685109384873,0.00388651379712398
1990,44249.16418976794,48674.080608744734,46408.91492636243,103,48001.68008973848,47986.46956792733,48592.26056458783,1197.990296818691,0.003057390853737531
1990,48674.080608744734,53541.48866961921,51049.806418998676,17,51350.305201864554,51335.29947862792,51831.658216216376,1281.8198142357412,0.0021678110290624863
1990,53541.48866961921,58895.63753658115,56154.787060898554,59,55919.09807343461,55895.43897234116,56452.296909536,1643.311536084457,0.0020209871745044696
1990,58895.63753658115,64785.20129023927,61770.26576698842,10,61888.619310956434,61877.950340030875,61550.2593450023,1219.155496620087,0.001511422032214881
1990,64785.20129023927,71263.7214192632,67947.29234368727,53,65347.767550492965,65334.35981437925,64789.73474404042,1356.168353611942,0.0014250550589454593
1990,71263.7214192632,78390.09356118951,74742.02157805598,14,74118.96728149967,74090.98579702259,74184.21340125098,2121.938838065354,0.0009673101006175238
1990,78390.09356118951,86229.10291730848,82216.2237358616,25,81094.11549903174,81089.81850578728,80987.01455496908,856.2543041812778,0.0008463963380403334
1990,86229.10291730848,94852.01320903933,90437.84610944777,8,89058.47796139831,89042.5219589517,89246.6077956346,1794.646287756039,0.0006304789048667789
1990,94852.01320903933,104337.21452994327,99481.63072039254,17,97919.43995164402,97901.67395981743,97184.52112917566,1949.4278723916968,0.0005613853262512415
1990,104337.21452994327,114770.93598293762,109429.79379243181,6,111446.05241540907,111418.49512378937,112973.65943457949,2701.3433443511503,0.0004145614716932245
1990,114770.93598293762,126248.02958123139,120372.77317167501,2,120670.62058794007,120667.90353249849,120670.62058794007,1145.1900717720976,0.00036274128773157145
1990,126248.02958123139,138872.8325393545,132410.0504888425,9,129759.19798283087,129749.19277627599,129579.27511955689,1707.3284077028848,0.00034546789307768707
1990,138872.8325393545,152760.11579329,145651.05553772676,5,143858.753099501,143835.98815568435,145776.65211474753,2847.159444003486,0.0002677376171352075
1990,152760.11579329,168036.12737261903,160216.16109149947,11,161745.75407681926,161744.13006847198,161974.02910993816,756.9593818266565,0.0002245541305004966
1990,184839.74010988092,203323.71412086903,193861.55492071438,4,194368.69887395902,194368.69887393885,194368.71831081138,0.10230452739346614,0.00012955045990413266
1990,203323.71412086903,223656.08553295594,213247.71041278582,1,205477.268191161,205477.268191161,205477.268191161,,9.500367059636395e-05
1990,223656.08553295594,246021.69408625158,234572.48145406443,2,242960.91408589127,242960.9140858913,242960.91408589127,0.0,8.636697326942177e-05
1990,246021.69408625158,270623.8634948767,258029.72959947088,1,259158.16150206592,259158.1615020658,259158.16150206592,,6.909357861553742e-05
1990,297686.2498443645,327454.8748288009,312215.9728153598,3,323947.65508515993,323947.65508515923,323947.6694828284,0.024937493280153187,6.045688128859524e-05
1990,327454.8748288009,360200.36231168103,343437.57009689586,2,340145.04647801904,340145.04647801927,340145.04647801904,0.0,3.454678930776871e-05
1990,479426.6822368476,527369.3504605324,502826.9463788654,1,485921.43943473464,485921.43943473435,485921.43943473464,,1.7273394653884356e-05
1990,772121.4660092657,849333.6126101923,809807.8254126268,1,809868.9793385471,809868.9793385467,809868.9793385471,,8.636697326942178e-06
1992,0.0001990791467219882,0.00021898706139418704,0.00020879597056818505,1,0.0001990791467219882,0.00019907914672198817,0.0001990791467219882,,0.9853741496598639
1992,0.0007560027283756872,0.000831603001213256,0.0007929023507611965,1,0.0007963165868879528,0.0007963165868879529,0.0007963165868879528,,0.9853610675039246
1992,0.013191795723803064,0.01451097529618337,0.013835672078377822,1,0.013935540270539174,0.013935540270539178,0.013935540270539174,,0.9853479853479854
1992,0.023370070824256288,0.025707077906681922,0.024510737062843103,3,0.024553094762378547,0.02454856976965872,0.024884893340248525,0.0005746919947499038,0.9853349031920461
1992,0.06667753949165957,0.07334529344082553,0.06993199339306727,1,0.06825570744753881,0.0682557074475388,0.06825570744753881,,0.9852956567242281
1992,0.09762258556973881,0.1073848441267127,0.10238743152678982,1,0.0995395733609941,0.0995395733609941,0.0995395733609941,,0.9852825745682888
1992,0.12993566139332238,0.14292922753265463,0.1362776713621573,1,0.13271943114799212,0.13271943114799212,0.13271943114799212,,0.9852694924123495
1992,0.14292922753265463,0.1572221502859201,0.149905438498373,1,0.14930936004149115,0.14930936004149115,0.14930936004149115,,0.9852564102564103
1992,0.1572221502859201,0.17294436531451216,0.16489598234821035,1,0.1597941951021825,0.1597941951021825,0.1597941951021825,,0.985243328100471
1992,0.20926268203055973,0.23018895023361574,0.21947655250546805,1,0.22914009787700843,0.22914009787700843,0.22914009787700843,,0.9852302459445317
1992,0.2532078452569773,0.27852862978267506,0.26556662853161633,1,0.26543886229598423,0.26543886229598423,0.26543886229598423,,0.9852171637885924
1992,0.27852862978267506,0.3063814927609426,0.292123291384778,1,0.2986187200829823,0.29861872008298224,0.2986187200829823,,0.985204081632653
1992,0.3063814927609426,0.3370196420370369,0.32133562052325587,1,0.33179857786998035,0.3317985778699804,0.33179857786998035,,0.9851909994767137
1992,0.4934304579064258,0.5427735036970684,0.517514230208909,3,0.5087578194006365,0.5085207597530655,0.4976978668049705,0.019156399824996763,0.9851779173207744
1992,0.5427735036970684,0.5970508540667754,0.5692656532297999,3,0.5616875925370381,0.561596818763303,0.5687975620628235,0.012314828458926565,0.9851386708529566
1992,0.656755939473453,0.7224315334207984,0.688811440408058,5,0.6635971557399607,0.6635971557399607,0.6635971557399607,0.0,0.9850994243851386
1992,0.7224315334207984,0.7946746867628782,0.7576925844488639,3,0.7354691516876367,0.7354276455168138,0.7299568713139567,0.009593561753821363,0.9850340136054422
1992,0.7946746867628782,0.8741421554391662,0.8334618428937504,4,0.7963165868879528,0.7963165868879528,0.7963165868879528,0.0,0.9849947671376242
1992,0.9615563709830829,1.057712008081391,1.008488829901438,9,1.0054824103771884,1.0053713101527597,0.995395733609941,0.01593130793901711,0.9849424385138671
1992,1.057712008081391,1.1634832088895304,1.1093377128915818,1,1.14848759743915,1.14848759743915,1.14848759743915,,0.9848246991104134
1992,1.1634832088895304,1.2798315297784837,1.2202714841807403,6,1.1977928661106292,1.1977700564897313,1.1944748803319292,0.008127372131625694,0.9848116169544741
1992,1.2798315297784837,1.407814682756332,1.3422986325988144,5,1.3590469749554395,1.3587209304695387,1.3537381977095198,0.03331231283575987,0.9847331240188383
1992,1.407814682756332,1.5485961510319652,1.476528495858696,6,1.4907236105729833,1.4907141507429422,1.4930936004149116,0.0058052658083039745,0.9846677132391418
1992,1.5485961510319652,1.7034557661351621,1.6241813454445657,5,1.6311218088088235,1.6308157063795863,1.6523569177925022,0.035239445824237776,0.984589220303506
1992,1.7034557661351621,1.8738013427486784,1.7865994799890226,1,1.8315281498422913,1.8315281498422913,1.8315281498422913,,0.9845238095238096
1992,1.8738013427486784,2.0611814770235464,1.9652594279879247,8,1.9858144885518323,1.9857703876830186,1.990791467219882,0.014077021463994992,0.9845107273678703
1992,2.0611814770235464,2.267299624725901,2.1617853707867174,3,2.133339509574556,2.1326210611679466,2.0976969690095895,0.0682132699982192,0.9844060701203559
1992,2.267299624725901,2.4940295871984914,2.3779639078653894,10,2.428463954937465,2.4276434205674167,2.4387195473443555,0.06636657056245243,0.9843668236525379
1992,2.4940295871984914,2.7434325459183406,2.6157602986519284,9,2.6355460288497525,2.6351750300027352,2.654388622959843,0.04640295570312919,0.984236002093145
1992,2.7434325459183406,3.0177758005101754,2.877336328517121,19,2.9155365562788624,2.9144553492049887,2.986187200829823,0.08124199713104661,0.9841182626896913
1992,3.0177758005101754,3.319553380561193,3.1650699613688342,14,3.2385279192660827,3.2368383154313616,3.311349807142404,0.10747865526462252,0.9838697017268446
1992,3.319553380561193,3.6515087186173125,3.481576957505718,11,3.514410565525981,3.5137742712945848,3.505385615480768,0.07009680148179363,0.9836865515436944
1992,3.6515087186173125,4.016659590479044,3.8297346532562897,37,3.9517748676062543,3.95096362090351,3.981582934439764,0.0798333056367032,0.9835426478283621
1992,4.016659590479044,4.41832554952695,4.2127081185819195,13,4.294494516338684,4.293368522194095,4.37974122788374,0.101929191103385,0.983058608058608
1992,4.41832554952695,4.860158104479644,4.6339789304401116,27,4.624172032074729,4.62220936399226,4.645180090179724,0.13712499460144276,0.9828885400313971
1992,4.860158104479644,5.3461739149276095,5.097376823484123,33,5.099063787201925,5.0967045992707165,4.976978668049705,0.15819115605956643,0.9825353218210361
1992,5.3461739149276095,5.88079130642037,5.607114505832536,22,5.6317897817783145,5.631073864835949,5.663500089169773,0.0915441757058558,0.9821036106750393
1992,5.88079130642037,6.468870437062408,6.16782595641579,49,6.148500464394064,6.145833095373209,6.105093832807638,0.18326766868297328,0.9818158032443747
1992,6.468870437062408,7.115757480768649,6.784608552057369,53,6.729931559478082,6.728171676593128,6.635971557399607,0.15677782634355825,0.981174777603349
1992,7.115757480768649,7.827333228845514,7.463069407263107,37,7.432359015330233,7.4305321874095585,7.465468002074558,0.1671152559849754,0.9804814233385662
1992,7.827333228845514,8.610066551730068,8.20937634798942,111,8.050160267542234,8.047875204247214,7.963165868879528,0.1954486540204198,0.9799973835688122
1992,8.610066551730068,9.471073206903075,9.03031398278836,51,9.038855042327528,9.036901548899726,8.95856160248947,0.19023204277860573,0.97854526425955
1992,9.471073206903075,10.418180527593382,9.933345381067197,140,9.91885446855467,9.916948158173714,9.95395733609941,0.1948381060267918,0.9778780743066458
1992,10.418180527593382,11.459998580352723,10.926679919173917,98,10.991686252769265,10.986090021380042,11.059952595666012,0.35197177692366854,0.9760465724751439
1992,11.459998580352723,12.605998438387996,12.019347911091312,133,12.015879823805834,12.013557374807718,11.944748803319293,0.23770951369957144,0.9747645211930926
1992,12.605998438387996,13.866598282226796,13.221282702200444,192,13.207856065374438,13.204802538890839,13.271943114799214,0.28428211147741234,0.9730245944531659
1992,13.866598282226796,15.253258110449476,14.543410972420489,167,14.586842574371065,14.581537535935292,14.599137426279134,0.39353068232128685,0.9705128205128205
1992,15.253258110449476,16.778583921494427,15.997752069662539,284,16.013154747179538,16.009166877430722,15.926331737759057,0.35847642781814654,0.9683281004709576
1992,16.778583921494427,18.456442313643873,17.597527276628796,207,17.59559037126991,17.58893049445353,17.51896491153496,0.4860602039949667,0.9646127681841967
1992,18.456442313643873,20.302086545008258,19.357280004291677,455,19.687440065711105,19.682613566753002,19.90791467219882,0.4311634252466744,0.9619047619047619
1992,20.302086545008258,22.332295199509087,21.293008004720846,252,21.386973764331373,21.37822359425721,21.235108983678742,0.612432186254831,0.955952380952381
1992,22.332295199509087,24.565524719459997,23.42230880519293,441,23.52725519892673,23.520386014584815,23.889497606638585,0.567086618674943,0.9526556776556776
1992,24.565524719459997,27.022077191405998,25.764539685712226,544,25.885646476945666,25.876222065440416,25.98908582754203,0.6966910182484729,0.9468864468864469
1992,27.022077191405998,29.7242849105466,28.34099365428345,460,28.53998619818992,28.528254955812315,28.44882244480461,0.819006067378932,0.9397697540554684
1992,29.7242849105466,32.696713401601265,31.1750930197118,737,30.909862020257613,30.895736920413604,30.790908026334172,0.9362531617963763,0.9337519623233909
1992,32.696713401601265,35.966384741761395,34.292602321682985,789,34.43098868968937,34.41865668692962,34.639771529625946,0.921116022224214,0.9241104133961277
1992,35.966384741761395,39.563023215937534,37.72186255385128,464,37.646884137883156,37.63539124564368,37.640178669507335,0.9317326417865326,0.913788592360021
1992,39.563023215937534,43.519325537531294,41.49404880923641,1434,40.92183402548332,40.90554411903218,40.79321947518183,1.1599802173080611,0.9077184720041863
1992,43.519325537531294,47.871258091284425,45.64345369016006,1071,46.04592218351368,46.025686176256805,46.00940279797061,1.363912496033788,0.8889586603872318
1992,47.871258091284425,52.65838390041287,50.20779905917607,1495,50.87270160109054,50.85643297734666,51.49513928542095,1.2800322619802678,0.8749476713762429
1992,52.65838390041287,57.92422229045417,55.22857896509368,1252,54.97643707249978,54.95328098376091,54.79985312100595,1.5986327580599005,0.8553898482469912
1992,57.92422229045417,63.71664451949959,60.751436861603054,1727,60.8713893016387,60.84742391766359,59.823283589957455,1.7155934498363878,0.839010989010989
1992,63.71664451949959,70.08830897144955,66.82658054776336,2163,67.84914189020155,67.8250085804166,68.68230561908592,1.7989075561448309,0.81641810570382
1992,70.08830897144955,77.09713986859451,73.50923860253971,1476,73.56001564643032,73.53430623162814,73.5870583727049,1.945492379848249,0.7881214024071167
1992,77.09713986859451,84.80685385545398,80.8601624627937,2347,80.70161103220991,80.67816791512308,79.63165868879528,1.9526483340794998,0.7688121402407117
1992,84.80685385545398,93.28753924099937,88.94617870907305,1849,89.37260388349992,89.33826914593728,89.58561602489469,2.4740182143075566,0.7381083202511773
1992,93.28753924099937,102.61629316509932,97.84079657998038,2110,98.25939283258225,98.22948431486975,99.5395733609941,2.4192215156607757,0.7139194139194139
1992,102.61629316509932,112.87792248160926,107.62487623797843,3657,106.66051278887544,106.61646785535156,105.77738662494974,3.0836420220486023,0.6863160648874934
1992,112.87792248160926,124.1657147297702,118.38736386177627,2467,118.81827968330765,118.78526766228472,119.44748803319293,2.7940121332646597,0.6384746206174777
1992,124.1657147297702,136.5822862027472,130.2261002479539,2382,130.160622464761,130.11495967992195,129.94542913771016,3.4467498772093363,0.6062009419152277
1992,136.5822862027472,150.24051482302195,143.2487102727493,2888,143.2927455440336,143.22952461215564,143.3369856398315,4.263000222901598,0.5750392464678179
1992,150.24051482302195,165.26456630532417,157.57358130002424,2855,157.95101326127624,157.90525048262617,159.26331737759057,3.795310900492585,0.5372579801151229
1992,165.26456630532417,181.7910229358566,173.3309394300267,2379,173.4956405233486,173.43169826368347,173.22354346232325,4.7088006974974395,0.4999084249084249
1992,181.7910229358566,199.9701252294423,190.66403337302938,2925,193.17403117090035,193.07871246049467,194.4339666318085,6.040264333181676,0.4687859759288331
1992,199.9701252294423,219.96713775238652,209.73043671033233,4059,209.31153604300508,209.2601494715549,207.91268662033625,4.655987116230716,0.4305206698063841
1992,219.96713775238652,241.96385152762517,230.70348038136555,2859,231.03540383020743,230.93745287918716,230.67300730676772,6.730606796421289,0.37742019884877026
1992,241.96385152762517,266.16023668038775,253.77382841950214,2420,255.15000817934686,255.04300557155372,255.08674666644086,7.385043337368105,0.34001831501831503
1992,266.16023668038775,292.77626034842655,279.1512112614524,1994,279.1630855735371,279.0634852185664,278.71080541078345,7.4631643985108465,0.3083594976452119
1992,292.77626034842655,322.05388638326923,307.0663323875977,2334,307.1536272142923,307.0357111100196,305.64154555627783,8.523226435706844,0.2822736787022501
1992,322.05388638326923,354.2592750215962,337.77296562635746,1870,337.97701535513846,337.8614083934355,338.16088196035275,8.844031140835538,0.25173992673992673
1992,354.2592750215962,389.68520252375583,371.55026218899326,1576,370.12161099661375,369.98774663220416,369.72597466043504,9.97426824169634,0.227276295133438
1992,389.68520252375583,428.6537227761314,408.70528840789257,2178,406.273771633685,406.140200809652,401.82473408915524,10.469181157767952,0.2066588173731031
1992,428.6537227761314,471.51909505374465,449.57581724868186,1345,450.21488549746726,450.05003332612836,448.85711614250937,12.188978871735415,0.17816588173731032
1992,471.51909505374465,518.6710045591192,494.53339897355016,1510,494.5517260937079,494.36669963299283,497.69786680497054,13.545367630008025,0.16057038199895343
1992,518.6710045591192,570.5381050150311,543.9867388709052,1150,543.7837307697304,543.6030087039487,542.7276738016108,14.032263255397451,0.14081632653061224
1992,570.5381050150311,627.5919155165343,598.3854127579957,1278,598.8167003470338,598.6521914885973,597.2374401659646,14.043268941264799,0.12577184720041862
1992,627.5919155165343,690.3511070681877,658.2239540337954,932,658.19254199,657.9621813212713,660.9427671170009,17.428460128696926,0.10905285190999477
1992,690.3511070681877,759.3862177750066,724.046349437175,934,721.7648584357748,721.4834671135375,716.6849281991575,20.202085423532974,0.09686028257456829
1992,759.3862177750066,835.3248395525072,796.4509843808926,878,796.5490724955224,796.3606020520667,796.3165868879528,17.335157728024388,0.08464154892726321
1992,835.3248395525072,918.8573235077581,876.0960828189818,753,875.0597280490236,874.7026103579158,875.9482455767481,25.013805867139467,0.07315541601255887
1992,918.8573235077581,1010.7430558585339,963.7056911008801,719,969.1902760901678,968.7954790884428,973.2729439829722,27.599342690804956,0.06330455259026688
1992,1010.7430558585339,1111.8173614443874,1060.0762602109683,515,1058.9296237498195,1058.585256525059,1061.755449183937,27.04613070905488,0.05389848246991104
1992,1111.8173614443874,1222.9990975888263,1166.0838862320652,597,1171.150591654557,1170.7052615431878,1192.1854701446264,32.178917468327796,0.04716117216117216
1992,1222.9990975888263,1345.2990073477092,1282.6922748552718,409,1286.6480428524876,1286.1678412389435,1291.6424256597309,35.16404747772824,0.03935112506541078
1992,1345.2990073477092,1479.8289080824802,1410.9615023407991,417,1409.460183921803,1409.003189021587,1397.535609988357,35.98715232638669,0.03400052328623757
1992,1479.8289080824802,1627.8117988907281,1552.057652574879,415,1557.0741701722663,1556.4774770068766,1572.7252591037068,42.99722716686576,0.028545264259549973
1992,1627.8117988907281,1790.5929787798011,1707.2634178323672,228,1699.1382960809615,1698.5469132606866,1695.1091645510492,44.997061877020144,0.023116169544740973
1992,1790.5929787798011,1969.6522766577814,1877.9897596156038,237,1855.169002106655,1854.4097003810084,1851.4360645144902,53.345133376176996,0.020133437990580847
1992,1969.6522766577814,2166.6175043235594,2065.7887355771645,283,2044.7198186685778,2043.9342677947177,2030.6072965642797,57.05973866502114,0.01703296703296703
1992,2166.6175043235594,2383.279254755916,2272.367609134881,162,2254.3515774985053,2253.621687948738,2256.2303295158667,57.71830732032304,0.013330716902145474
1992,2383.279254755916,2621.6071802315078,2499.6043700483697,186,2465.687339207687,2464.4282827156703,2441.814531298869,79.44705052750393,0.01121140763997907
1992,2621.6071802315078,2883.7678982546586,2749.5648070532066,123,2742.0500838346697,2741.128757655486,2747.6406132702004,71.38623074317921,0.008778126635269492
1992,2883.7678982546586,3172.144688080125,3024.5212877585277,100,2991.3400778687515,2990.4486427012,2986.187200829823,73.66708442052423,0.007169021454735741
1992,3172.144688080125,3489.3591568881375,3326.9734165343807,96,3278.056985073335,3276.4165172614776,3225.0821768962087,104.86541434964957,0.005860805860805861
1992,3489.3591568881375,3838.2950725769515,3659.6707581878186,58,3653.4086438237755,3652.07326732246,3620.7519810061603,99.90432349480086,0.004604918890633176
1992,3838.2950725769515,4222.124579834647,4025.6378340066008,81,4031.128857193251,4029.8577928086424,3981.5829344397644,102.16125766692086,0.0038461538461538464
1992,4222.124579834647,4644.337037818113,4428.201617407261,41,4446.933016601612,4445.392981682282,4479.280801244735,118.2464395081316,0.0027864992150706436
1992,4644.337037818113,5108.770741599924,4871.021779147988,33,4852.441522551418,4850.883196884254,4777.899521327717,125.54078266059973,0.002250130821559393
1992,5108.770741599924,5619.647815759917,5358.123957062787,22,5309.050877190504,5307.019887167532,5265.0597307384,151.05945082942193,0.0018184196755625327
1992,5619.647815759917,6181.612597335909,5893.936352769067,32,5914.3434048164745,5912.702893129868,5972.374401659646,140.73342351008333,0.001530612244897959
1992,6181.612597335909,6799.773857069501,6483.3299880459745,16,6527.7218317364095,6525.559302680981,6507.897306341794,173.50331614687613,0.0011119832548403977
1992,6799.773857069501,7479.75124277645,7131.6629868505715,12,7066.106739706655,7065.467162671085,7036.452440888674,99.3811218501025,0.000902668759811617
1992,7479.75124277645,8227.726367054098,7844.829285535629,12,7909.476158500312,7908.024616690331,7963.165868879529,157.12074932028864,0.0007456828885400314
1992,8227.726367054098,9050.499003759507,8629.312214089194,9,8505.334168198688,8503.968738843956,8460.8637356845,162.4369045033078,0.0005886970172684458
1992,9050.499003759507,9955.54890413546,9492.243435498114,6,9292.718471931517,9291.127378176074,9188.000319086561,189.21020022769713,0.00047095761381475666
1992,9955.54890413546,10951.103794549006,10441.467779047925,8,10451.418879367293,10446.642583982368,10463.998110001143,337.3523788442791,0.0003924646781789639
1992,10951.103794549006,12046.214174003908,11485.61455695272,4,11914.450201432872,11914.005395271517,11944.748803319291,118.60074369226588,0.0002878074306645735
1992,12046.214174003908,13250.835591404299,12634.176012647991,3,12418.557172517625,12416.126345254379,12370.778177304348,301.4718299803332,0.00023547880690737833
1992,13250.835591404299,14575.919150544729,13897.593613912792,2,13935.540270539173,13935.540270539183,13935.540270539173,0.0,0.00019623233908948196
1992,14575.919150544729,16033.511065599205,15287.352975304073,3,15607.479874037846,15604.613083754517,15687.43676169267,365.450431013596,0.00017006802721088434
1992,16033.511065599205,17636.862172159126,16816.08827283448,2,16921.727471369,16920.55637704105,16921.727471369,281.5404292798985,0.00013082155939298797
1992,19400.54838937504,21340.603228312546,20347.466810129725,1,19907.914672198818,19907.914672198818,19907.914672198818,,0.00010465724751439037
1992,21340.603228312546,23474.6635511438,22382.2134911427,2,22860.922015241646,22858.008358745203,22860.922015241646,516.157453679817,9.157509157509158e-05
1992,28404.342896884005,31244.777186572406,29790.72615671094,2,30029.477588009846,30029.400811752075,30029.477588009846,96.03224388054822,6.541077969649399e-05
1992,31244.777186572406,34369.25490522965,32769.79877238204,1,31653.58432879612,31653.584328796107,31653.58432879612,,3.924646781789639e-05
1992,34369.25490522965,37806.18039575262,36046.778649620246,1,36164.357062102514,36164.357062102485,36164.357062102514,,2.6164311878597592e-05
1992,45745.47827886068,50320.02610674675,47978.262382644556,1,49968.865827219044,49968.86582721908,49968.865827219044,,1.3082155939298796e-05
1993,0.0028730648261680414,0.0031603713087848457,0.0030132958110514804,1,0.0028730648261680414,0.002873064826168041,0.0028730648261680414,,0.9868324704854643
1993,0.025726291361837204,0.028298920498020925,0.026981962010898197,1,0.028156035296446807,0.028156035296446807,0.028156035296446807,,0.9868196241152063
1993,0.03766586318286586,0.04143244950115245,0.039504290580156066,1,0.040222907566352585,0.040222907566352585,0.040222907566352585,,0.9868067777449482
1993,0.09769554863371659,0.10746510349708827,0.10246395583387932,1,0.10055726891588145,0.10055726891588146,0.10055726891588145,,0.9867939313746901
1993,0.15733965803008698,0.17307362383309569,0.16501922551002107,1,0.16759544819313577,0.1675954481931358,0.16759544819313577,,0.986781085004432
1993,0.19038098621640528,0.20941908483804583,0.19967326286712553,2,0.2011145378317629,0.2011145378317629,0.2011145378317629,0.0,0.986768238634174
1993,0.20941908483804583,0.23036099332185042,0.2196405891538381,1,0.2212259916149392,0.22122599161493917,0.2212259916149392,,0.9867425458936577
1993,0.23036099332185042,0.2533970926540355,0.2416046480692219,2,0.25139317228970365,0.25139317228970365,0.25139317228970365,0.0,0.9867296995233996
1993,0.2533970926540355,0.27873680191943906,0.2657651128761441,1,0.2681527171090172,0.2681527171090172,0.2681527171090172,,0.9867040067828835
1993,0.27873680191943906,0.306610482111383,0.2923416241637586,2,0.3016718067476444,0.3016718067476444,0.3016718067476444,0.0,0.9866911604126254
1993,0.306610482111383,0.3372715303225213,0.3215757865801344,2,0.3284870784585461,0.3284186650289885,0.3284870784585461,0.009480630233069193,0.9866654676721093
1993,0.3372715303225213,0.3709986833547735,0.3537333652381479,1,0.35195044120558505,0.35195044120558505,0.35195044120558505,,0.986639774931593
1993,0.3709986833547735,0.40809855169025083,0.38910670176196277,1,0.38211762188034953,0.38211762188034953,0.38211762188034953,,0.986626928561335
1993,0.44890840685927597,0.4937992475452036,0.470819109131975,2,0.45418366460339793,0.454180572425931,0.45418366460339793,0.002370157558267308,0.9866140821910769
1993,0.4937992475452036,0.543179172299724,0.5179010200451726,6,0.5027863445794073,0.5027863445794073,0.5027863445794073,0.0,0.9865883894505607
1993,0.543179172299724,0.5974970895296965,0.5696911220496899,2,0.5638389721354782,0.5637360264977873,0.5638389721354782,0.015236727160289782,0.9865113112290123
1993,0.5974970895296965,0.6572467984826661,0.6266602342546589,3,0.6033436134952888,0.6033436134952888,0.6033436134952888,0.0,0.986485618488496
1993,0.6572467984826661,0.7229714783309329,0.6893262576801248,3,0.6815548226520853,0.6813736118490228,0.6703817927725431,0.01935225542585252,0.9864470793777218
1993,0.7229714783309329,0.7952686261640262,0.7582588834481374,2,0.7541795168691109,0.7541795168691109,0.7541795168691109,0.0,0.9864085402669476
1993,0.7952686261640262,0.8747954887804288,0.8340847717929512,3,0.8338272584389915,0.8337549426575521,0.8379772409656787,0.01341903206308031,0.9863828475264315
1993,0.8747954887804288,0.9622750376584718,0.9174932489722463,1,0.9050154202429331,0.9050154202429331,0.9050154202429331,,0.9863443084156571
1993,0.9622750376584718,1.0585025414243192,1.009242573869471,5,1.0055726891588146,1.0055726891588146,1.0055726891588146,0.0,0.9863314620453991
1993,1.0585025414243192,1.1643527955667512,1.1101668312564184,3,1.1121155097958795,1.1117603171995039,1.106129958074696,0.03450918442222899,0.9862672301941087
1993,1.1643527955667512,1.2807880751234264,1.2211835143820602,4,1.1983074545809207,1.1982187232883994,1.2066872269905775,0.016759544819313632,0.9862286910833344
1993,1.2807880751234264,1.408866882635769,1.3433018658202664,3,1.3315059322163225,1.3307611147631973,1.3072444959064589,0.05493436631335206,0.9861773056023021
1993,1.408866882635769,1.5497535708993462,1.477632052402293,3,1.484416826853488,1.4840264072424103,1.5083590337382218,0.041469118769684135,0.9861387664915279
1993,1.5497535708993462,1.704728927989281,1.6253952576425226,8,1.6316115195969236,1.630946787665259,1.6415974150517645,0.04964050439493711,0.9861002273807535
1993,1.704728927989281,1.875201820788209,1.787934783406775,5,1.7581560589022764,1.7580387147479397,1.7597522060279254,0.022678492893732038,0.9859974564186889
1993,1.875201820788209,2.06272200286703,1.9667282617474526,9,1.9865647125826358,1.9860149632166253,2.011145378317629,0.04903420084219759,0.9859332245673985
1993,2.06272200286703,2.268994203153733,2.163401087922198,3,2.2066734012096205,2.2063227523694735,2.1787408265107646,0.048380638564631366,0.9858176072350757
1993,2.268994203153733,2.4958936234691067,2.3797411967144178,8,2.3504591897006595,2.3498987973652468,2.3334443171505823,0.05495682516653133,0.9857790681243015
1993,2.4958936234691067,2.745482985816018,2.61771531638586,12,2.5785756814858165,2.5773031834229303,2.513931722897036,0.08513343907853477,0.9856762971622368
1993,2.745482985816018,3.02003128439762,2.8794868480244467,10,2.9736220950839227,2.972883801300072,3.0167180674764436,0.06939110802037732,0.9855221407191398
1993,3.02003128439762,3.322034412837382,3.1674355328268913,3,3.2310370951658474,3.230731388404017,3.2178326053082063,0.05453817438194785,0.985393677016559
1993,3.322034412837382,3.6542378541211202,3.4841790861095805,17,3.4317764103898907,3.4302571741428807,3.351908963862715,0.10598109331955057,0.9853551379057848
1993,3.6542378541211202,4.019661639533233,3.8325969947205385,8,3.767255606336742,3.7665188627987947,3.7708975843455543,0.0796588189901212,0.9851367496113973
1993,4.019661639533233,4.421627803486557,4.215856694192594,29,4.066122883090039,4.065063049174465,4.022290756635258,0.09586157862004843,0.9850339786493326
1993,4.421627803486557,4.863790583835213,4.637442363611854,16,4.617484043870202,4.615753116514878,4.550216418443636,0.13126315783807566,0.9846614339118482
1993,4.863790583835213,5.350169642218734,5.101186599973039,29,5.041575300286638,5.040947078982761,5.027863445794072,0.0813360604038698,0.9844558919877189
1993,5.350169642218734,5.885186606440609,5.611305259970343,24,5.645300312887421,5.642639013314484,5.698245238566615,0.17609821106241763,0.9840833472502345
1993,5.885186606440609,6.47370526708467,6.172435785967378,49,6.106586769556819,6.105261980810473,6.033436134952887,0.1296503878328161,0.9837750343640405
1993,6.47370526708467,7.121075793793136,6.789679364564115,40,6.784222932278217,6.78281677313076,6.70381792772543,0.14077962245933154,0.9831455622213944
1993,7.121075793793136,7.833183373172451,7.468647301020527,53,7.478461351208286,7.476022455749819,7.541795168691109,0.19260022553816208,0.982631707411071
1993,7.833183373172451,8.616501710489697,8.215512031122582,75,8.146319911712139,8.144589788561872,8.044581513270517,0.1701486125729934,0.9819508497873926
1993,8.616501710489697,9.478151881538668,9.037063234234841,81,9.023794031771454,9.0206567381693,9.05015420242933,0.2391103521670644,0.9809873720180363
1993,9.478151881538668,10.425967069692534,9.940769557658324,142,10.032364965067824,10.030661469578522,10.055726891588144,0.18467590141958323,0.9799468160271315
1993,10.425967069692534,11.468563776661789,10.934846513424157,85,10.897709932635344,10.894381715352468,10.860185042915198,0.27131074849608106,0.9781226314504836
1993,11.468563776661789,12.61542015432797,12.028331164766575,152,12.051217665571258,12.046743322535791,12.066872269905774,0.3294081564673791,0.9770306899785466
1993,12.61542015432797,13.876962169760768,13.231164281243233,179,13.318159280640856,13.315160846165812,13.40763585545086,0.28245717811958815,0.9750780416993179
1993,13.876962169760768,15.264658386736844,14.554280709367557,169,14.714612560311153,14.70834261008534,14.915994889189081,0.4282650092987298,0.9727785414231209
1993,15.264658386736844,16.79112422541053,16.009708780304315,224,16.195640112744865,16.190259053815982,16.089163026541033,0.4176892306895564,0.9706075048495048
1993,16.79112422541053,18.470236647951587,17.61067965833475,175,17.68435220017556,17.679487133152783,17.597522060279253,0.415585751959389,0.967729917911694
1993,18.470236647951587,20.317260312746747,19.371747624168226,421,19.78543869406453,19.77855848400978,20.111453783176287,0.5167313464337762,0.9654818031165294
1993,20.317260312746747,22.348986344021423,21.30892238658505,198,21.483949651307984,21.476378013898074,21.46562500457683,0.5706891893662471,0.9600734812378763
1993,22.348986344021423,24.58388497842357,23.439814625243557,365,23.638738454383855,23.6307342537003,23.94469687424969,0.6127821811652515,0.9575298999267757
1993,24.58388497842357,27.042273476265926,25.783796087767914,437,25.9487109067431,25.93766627021555,26.001236676820778,0.7576202959265078,0.9528409747825752
1993,27.042273476265926,29.74650082389252,28.362175696544707,428,28.226782713376128,28.21844734794228,28.156035296446806,0.6884892739135882,0.9472271109797926
1993,29.74650082389252,32.72115090628178,31.19839326619918,813,31.31256914292756,31.29826343145994,31.603713087848455,0.9450380053510453,0.9417288645093329
1993,32.72115090628178,35.993265996909955,34.3182325928191,590,34.2959926392049,34.28496491048727,34.18947143139969,0.8720642593697892,0.9312847654895109
1993,35.993265996909955,39.59259259660095,37.75005585210101,890,38.05878496355818,38.046981571452214,38.61399126369848,0.9421202182990357,0.9237054070372416
1993,39.59259259660095,43.55185185626105,41.525061437311116,1031,40.99937618976418,40.98445023425323,40.222907566352575,1.1160891453642292,0.9122721375075472
1993,43.55185185626105,47.907037041887165,45.67756758104223,707,45.71000458985827,45.6932241168448,45.45188554997842,1.2394274978462332,0.899027529771463
1993,47.907037041887165,52.69774074607588,50.245324339146464,1923,49.514503217293196,49.49639738746594,48.95798232617882,1.347010905185628,0.889945145998998
1993,52.69774074607588,57.967514820683476,55.26985677306111,1153,55.315384363528025,55.29314136508403,55.306497903734794,1.5708825496980137,0.8652415759927032
1993,57.967514820683476,63.764266302751835,60.79684245036723,1472,60.732908632375754,60.71590163514427,60.33436134952887,1.441813002283461,0.8504297110851329
1993,63.764266302751835,70.14069293302701,66.87652669540395,2141,65.92017430120002,65.89762554023754,65.36222479532294,1.734503343355612,0.8315198540652339
1993,70.14069293302701,77.15476222632974,73.56417936494437,1787,73.50038304859254,73.47249583731633,73.43697348926823,2.0241556337698805,0.8040157753426769
1993,77.15476222632974,84.87023844896271,80.9205973014388,2193,80.47400904208261,80.44589647800159,80.44581513270515,2.1314997585594027,0.7810593116914816
1993,84.87023844896271,93.357262293859,89.01265703158269,1645,89.02928562536613,88.99902035883038,89.2445761628448,2.31996351714167,0.7528872217155043
1993,93.357262293859,102.69298852324489,97.91392273474098,4207,97.98411245935944,97.95932906802955,96.59531252059573,2.2064032873370967,0.7317549426409568
1993,102.69298852324489,112.96228737556939,107.70531500821507,1845,108.24692850597623,108.20820662675324,108.60185042915197,2.891821325960121,0.6777102629651992
1993,112.96228737556939,124.25851611312635,118.4758465090366,2465,118.93421790624882,118.89734852104976,120.66872269905774,2.95426014569949,0.654008709839035
1993,124.25851611312635,136.68436772443897,130.32343115994024,3013,130.27608676000463,130.2326511055676,129.11553328799178,3.368045094693844,0.6223424071528589
1993,136.68436772443897,150.3528044968829,143.3557742759343,2469,143.33070295902832,143.28187506146386,143.7968945497105,3.7395824212424875,0.5836362935652532
1993,150.3528044968829,165.3880849465712,157.69135170352774,2736,156.83643354519708,156.76748344745562,156.86933950877506,4.653262480564968,0.5519186053980448
1993,165.3880849465712,181.92689344122834,173.46048687388054,2503,173.86495551011024,173.7882020788276,173.9942424051497,5.16690295687846,0.5167709363719281
1993,181.92689344122834,200.11958278535118,190.8065355612686,4645,192.44594188570883,192.40972342257376,193.19062504119145,3.7150781182937465,0.4846164716159449
1993,200.11958278535118,220.13154106388632,209.88718911739545,2870,207.13642015494963,207.04230739320823,205.22230226697667,6.27639635605198,0.4249450817671467
1993,220.13154106388632,242.14469517027499,230.87590802913505,2588,232.25254766445914,232.14891942717426,232.1742839791902,6.931608884184756,0.3880759991264468
1993,242.14469517027499,266.3591646873025,253.96349883204857,2226,253.71583360135,253.63558911936795,252.05517431006655,6.391979213469893,0.3548295928985265
1993,266.3591646873025,292.99508115603277,279.35984871525346,2301,278.98065235470665,278.8616038173771,279.046421241571,8.155016903808901,0.32623357270403247
1993,292.99508115603277,322.2945892716361,307.2958335867788,2360,306.8897133789138,306.7670736365533,302.56784384030556,8.712987460646673,0.29667407474018215
1993,322.2945892716361,354.5240481987997,338.0254169454567,1927,339.50180161075167,339.37481348120076,338.29763715163455,9.284179867666348,0.2663566409311049
1993,354.5240481987997,389.9764530186797,371.8279586400024,1781,373.15553555671784,373.0102386133835,372.77249968910024,10.41061280053908,0.24160168544377786
1993,389.9764530186797,428.9740983205477,409.0107545040027,1930,406.459387127604,406.3419941572842,402.2290756635258,9.823540694995055,0.218722300014131
1993,428.9740983205477,471.87150815260253,449.911829954403,1428,450.4337481752632,450.25829780565243,451.3236482799821,12.574706093936665,0.1939288054160297
1993,471.87150815260253,519.0586589678628,494.90301294984334,1492,495.12274250780985,494.9637560336645,497.75848113361315,12.536094653678147,0.17558418868748635
1993,519.0586589678628,570.9645248646491,544.3933142448277,1240,544.0324997467106,543.8359575637082,543.0092521457599,14.641065047337156,0.15641740426242565
1993,570.9645248646491,628.0609773511142,598.8326456693105,1256,599.0433037291044,598.865321686529,603.3436134952887,14.586542976498441,0.140487905142402
1993,628.0609773511142,690.8670750862256,658.7159102362417,1025,659.2785708780641,659.0503111925549,657.6445387098647,17.35440554749771,0.12435286409824904
1993,690.8670750862256,759.9537825948481,724.5875012598658,975,724.5592174568345,724.2779800461417,724.0123361943464,20.2160953630191,0.11118533458371337
1993,759.9537825948481,835.9491608543331,797.0462513858524,991,796.8293704162695,796.5917468931412,804.4581513270516,19.440409480213283,0.09866012358208189
1993,835.9491608543331,919.5440769397665,876.7508765244378,735,878.2328989736767,877.9068766558945,874.1778577753961,23.929619333894976,0.08592937065632106
1993,919.5440769397665,1011.4984846337433,964.4259641768817,854,975.5625008801477,975.1131189046138,980.4333719298442,29.50074192734039,0.07648728851662963
1993,1011.4984846337433,1112.6483330971175,1060.86856059457,617,1065.3400292793162,1064.9453414573825,1065.9070505083434,28.986348456757955,0.06551648831622625
1993,1112.6483330971175,1223.9131664068295,1166.955416654027,599,1174.2155149729633,1173.746506473537,1178.6518604168298,33.11241545880557,0.057590277866988684
1993,1223.9131664068295,1346.3044830475123,1283.6509583194297,506,1286.2033711508764,1285.702002544993,1284.7699463037593,35.95598983032041,0.04989530208239662
1993,1346.3044830475123,1480.934931352264,1412.0160541513728,415,1411.8759288221042,1411.4142526380695,1407.8017648223404,36.16399800860801,0.04339503873180633
1993,1480.934931352264,1629.0284244874904,1553.2176595665103,508,1554.0654481783524,1553.4227529994862,1548.5819413045745,44.796537326818935,0.038063795074701645
1993,1629.0284244874904,1791.9312669362396,1708.5394255231615,332,1709.4818522562732,1708.8965222948234,1709.4735715699846,44.800429696496884,0.03153783898359518
1993,1791.9312669362396,1971.1243936298636,1879.3933680754778,305,1873.624176205687,1872.8598979490775,1869.1585146084044,53.664541040980524,0.027272844057911437
1993,1971.1243936298636,2168.23683299285,2067.3327048830256,329,2052.9925532892908,2052.325345410099,2027.23454134417,52.69985508967908,0.023354701129195944
1993,2168.23683299285,2385.0605162921356,2274.0659753713285,211,2272.967731446014,2272.1313900004934,2263.208932400105,61.875915919837745,0.01912824531428645
1993,2385.0605162921356,2623.5665679213494,2501.4725729084616,208,2500.173611118025,2499.088874840553,2513.9317228970363,73.89660523264384,0.016417661189830814
1993,2623.5665679213494,2885.9232247134846,2751.619830199308,160,2753.5004741736484,2752.458374893441,2755.2691682951518,76.02913491958827,0.013745616176149429
1993,2885.9232247134846,3174.515547184833,3026.781813219239,177,3025.0519901541156,3024.211617871658,3016.7180674764436,71.52740506579977,0.011690196934856057
1993,3174.515547184833,3491.9671019033162,3329.4599945411633,127,3329.014285462625,3327.7077971785498,3324.805427980921,93.71643150546899,0.009416389399175263
1993,3491.9671019033162,3841.1638120936486,3662.4059939952795,120,3634.1400729164566,3632.936177843607,3620.0616809717326,94.27487402154576,0.007784900376398648
1993,3841.1638120936486,4225.280193303013,4028.646593394808,118,4035.5182184562987,4034.327480090363,4022.290756635258,98.60228307989179,0.006243335945428619
1993,4225.280193303013,4647.808212633316,4431.511252734289,70,4433.317875062718,4432.006548145642,4424.5198322987835,108.61327187051702,0.004727464254974757
1993,4647.808212633316,5112.589033896647,4874.662378007719,65,4929.672454432839,4928.283224727001,4962.50122099875,117.46995171004272,0.0038282183369089066
1993,5112.589033896647,5623.847937286313,5362.128615808491,32,5332.010867755271,5330.061701593934,5306.499593378467,146.64551261406032,0.002993204270133474
1993,5623.847937286313,6186.232731014944,5898.34147738934,51,5893.256147346301,5890.816296826809,5983.157500494946,170.6877438428848,0.0025821204218747992
1993,6186.232731014944,6804.85600411644,6488.175625128275,33,6472.380243879084,6470.766512400706,6441.758981112715,146.69252550240134,0.0019269555387125368
1993,6804.85600411644,7485.341604528085,7136.993187641104,22,7177.487153292751,7175.393517959108,7146.0017582382,177.65543536770198,0.0015030253201957786
1993,7485.341604528085,8233.875764980894,7850.692506405215,19,7844.380882238564,7840.822510462328,7843.466975438753,242.8065685643434,0.00122040517451794
1993,8233.875764980894,9057.263341478983,8635.761757045737,11,8658.603089848684,8654.339388817574,8600.998401271727,285.30291532358586,0.000976324139614352
1993,9057.263341478983,9962.989675626883,9499.337932750312,7,9478.199680932526,9475.888317416604,9552.940547008739,225.27032857365572,0.0008350140667754326
1993,9962.989675626883,10959.288643189571,10449.271726025343,14,10239.43927576781,10237.070200903425,10164.127627479465,230.6230597302383,0.0007450894749688476
1993,10959.288643189571,12055.217507508529,11494.198898627877,6,11360.855215635418,11357.030490259729,11334.83546365194,324.01420214830705,0.0005652402913556775
1993,12055.217507508529,13260.739258259384,12643.618788490667,13,12586.567963851263,12580.694944885476,12593.626439531281,400.1058385409203,0.000488162069807176
1993,13260.739258259384,14586.813184085322,13907.980667339734,3,13888.076140271185,13879.122811243626,13675.788572559877,614.7197558058871,0.00032115925645208944
1993,14586.813184085322,16045.494502493857,15298.778734073709,4,14955.12842634218,14954.502903401039,14988.060931912132,157.78281458717674,0.00028262014567783874
1993,16045.494502493857,17650.043952743246,16828.656607481083,6,16624.30400758502,16619.215060213224,16715.132025542393,449.5076050525912,0.0002312346646455044
1993,17650.043952743246,19415.04834801757,18511.522268229193,2,18682.263487255543,18673.197296909642,18682.263487255543,823.0087702176227,0.00015415644309700293
1993,19415.04834801757,21356.55318281933,20362.674495052113,3,20042.424569974504,20042.15925947087,20111.45378317629,126.14986349581325,0.0001284637025808358
1993,21356.55318281933,23492.208501101264,22398.941944557326,3,22687.074038644252,22684.196960418038,22689.782381087058,442.45820006317246,8.992459180658505e-05
1993,31268.129514965785,34394.94246646237,32794.29090102639,1,34330.251607881924,34330.251607881895,34330.251607881924,,5.1385481032334316e-05
1993,34394.94246646237,37834.43671310861,36073.71999112903,1,36302.48802694704,36302.48802694706,36302.48802694704,,3.853911077425073e-05
1993,45779.668422861425,50357.63526514757,48014.12130819275,1,46859.68731480076,46859.68731480078,46859.68731480076,,2.5692740516167158e-05
1993,73728.61379170258,81101.47517087284,77327.22250805753,1,80797.76557391076,80797.76557391071,80797.76557391076,,1.2846370258083579e-05
1995,0.7409264484985298,0.8150190933483829,0.7770902150285441,1,0.7409264484985298,0.7409264484985298,0.7409264484985298,,0.9855131507998323
1995,1.084790413246698,1.1932694545713678,1.137737783823292,2,1.111389672747795,1.111389672747795,1.111389672747795,0.0,0.9855011682942904
1995,1.3125964000285046,1.4438560400313554,1.3766627184261835,2,1.3336676072973537,1.3336676072973537,1.3336676072973537,0.0,0.9854772032832065
1995,1.4438560400313554,1.588241644034491,1.5143289902688022,1,1.4818528969970597,1.4818528969970597,1.4818528969970597,,0.9854532382721227
1995,1.588241644034491,1.7470658084379402,1.6657618892956825,1,1.6670845091216921,1.6670845091216921,1.6670845091216921,,0.9854412557665808
1995,1.7470658084379402,1.9217723892817344,1.832338078225251,3,1.8523161212463248,1.8523161212463248,1.8523161212463248,0.0,0.9854292732610389
1995,2.113949628209908,2.3253445910308987,2.217129074652554,14,2.2227793454955895,2.22277934549559,2.22277934549559,4.608531526730982e-16,0.9853933257444132
1995,2.3253445910308987,2.557879050133989,2.4388419821178093,1,2.3937623720721737,2.3937623720721737,2.3937623720721737,,0.9852255706668265
1995,2.557879050133989,2.8136669551473883,2.6827261803295905,4,2.704381537019634,2.7032322998211873,2.7229046982320972,0.09074458678769601,0.9852135881612846
1995,3.095033650662127,3.40453701572834,3.2460986781988046,1,3.1118910836938256,3.1118910836938256,3.1118910836938256,,0.9851656581391169
1995,3.40453701572834,3.744990717301175,3.570708546018686,3,3.7046322424926497,3.7046322424926497,3.7046322424926497,0.0,0.985153675633575
1995,3.744990717301175,4.1194897890312925,3.927779400620555,3,3.8528175321923555,3.8524590007636794,3.889863854617282,0.06416611267355087,0.9851177281169493
1995,4.1194897890312925,4.531438767934422,4.320557340682611,4,4.314352965736232,4.312342746379547,4.3220709495747585,0.15202665068441343,0.9850817806003235
1995,4.531438767934422,4.9845826447278645,4.752613074750872,2,4.763098597490549,4.763098597490549,4.763098597490549,0.0,0.9850338505781558
1995,4.9845826447278645,5.483040909200652,5.227874382225959,4,5.25131620373333,5.249288152124945,5.334670429189415,0.16670845091216924,0.985009885567072
1995,5.483040909200652,6.031345000120717,5.750661820448556,12,5.575471524951438,5.575140366664973,5.556948363738974,0.06416611267355113,0.9849619555449044
1995,6.031345000120717,6.634479500132789,6.325728002493412,12,6.282438844560452,6.281434878157517,6.3507981299874,0.11684395526637574,0.9848181654784015
1995,6.634479500132789,7.2979274501460685,6.9583008027427535,12,6.764261549908454,6.762004605853755,6.668338036486769,0.1849844430951558,0.9846743754118986
1995,7.2979274501460685,8.027720195160677,7.6541308830170305,14,7.484113177231579,7.482438353465832,7.409264484985299,0.1666080297576609,0.9845305853453957
1995,8.027720195160677,8.830492214676744,8.419543971318733,14,8.326854008448956,8.325721555832247,8.335422545608461,0.14311954462706739,0.984362830267809
1995,8.830492214676744,9.71354143614442,9.261498368450606,31,9.14386890433307,9.139644872726931,8.89111738198236,0.2836255936996493,0.9841950751902223
1995,9.71354143614442,10.684895579758862,10.187648205295668,13,10.20028767086993,10.197153600036522,10.258981594595028,0.2636074821317039,0.9838236175184231
1995,10.684895579758862,11.75338513773475,11.206413025825237,49,11.121817224011945,11.121581330642814,11.113896727477949,0.07353940193272053,0.9836678449463783
1995,11.75338513773475,12.928723651508225,12.327054328407762,24,12.45110103725955,12.447658526907647,12.54944172144385,0.29753145857930735,0.9830807021748248
1995,12.928723651508225,14.22159601665905,13.559759761248538,47,13.464104912520268,13.461892958376648,13.336676072973537,0.2481152003901554,0.9827931220418189
1995,14.22159601665905,15.643755618324954,14.915735737373392,61,14.881889722964756,14.87882135685702,14.818528969970599,0.3065915938570368,0.9822299442813492
1995,15.643755618324954,17.20813118015745,16.407309311110733,85,16.44517434602966,16.44108785522617,16.670845091216922,0.3671884053515775,0.9814990114432928
1995,17.20813118015745,18.9289442981732,18.04804024222181,90,18.18499279458571,18.18042503497471,18.52316121246325,0.4085550099764033,0.9804804984722305
1995,18.9289442981732,20.82183872799052,19.85284426644399,75,19.673190252958136,19.66685817446076,19.758038626627464,0.5034308943498578,0.9794020729734587
1995,20.82183872799052,22.904022600789574,21.838128693088393,198,22.16723375765679,22.165085634943175,22.227793454955897,0.3056284062276606,0.9785033850578156
1995,22.904022600789574,25.194424860868534,24.021941562397235,84,24.362383976461054,24.355003700902962,24.69754828328433,0.5997029195501173,0.9761308489605176
1995,25.194424860868534,27.713867346955393,26.42413571863696,159,26.27622662113794,26.269115074119934,26.673352145947074,0.6119388331655459,0.9751243184949973
1995,27.713867346955393,30.485254081650933,29.06654929050066,290,28.65229739739225,28.638309804427532,28.40218052577698,0.8993406801482349,0.9732191001138338
1995,30.485254081650933,33.53377948981603,31.973204219550727,326,32.36716700426689,32.35306142590529,32.23030050968605,0.9544762566474644,0.9697441735066803
1995,33.53377948981603,36.88715743879764,35.1705246415058,186,35.391597534073135,35.38513230926351,35.56446952792944,0.6764370662626689,0.965837876700018
1995,36.88715743879764,40.5758731826774,38.68757710565639,506,37.928234730230145,37.91251533688062,37.0463224249265,1.101337052334816,0.9636091306692229
1995,40.5758731826774,44.63346050094515,42.55633481622203,937,43.952977799107735,43.9392752423321,44.455586909911794,1.0803724298330932,0.957545982865017
1995,44.63346050094515,49.09680655103967,46.81196829784424,301,47.473814717421654,47.461123645511925,47.63098597490549,1.0948022880642583,0.9463183751722485
1995,49.09680655103967,54.00648720614363,51.493165127628664,529,51.89704109033689,51.87775552917623,51.86485139489709,1.4122577162957164,0.942711641004134
1995,54.00648720614363,59.407135926758,56.64248164039153,1367,56.30711724825216,56.290575472596714,55.569483637389745,1.3793472792912047,0.9363728955724642
1995,59.407135926758,65.34784951943381,62.30672980443069,585,62.47539224673053,62.45872844771155,62.23782167387651,1.4417366318948783,0.9199928104966748
1995,65.34784951943381,71.8826344713772,68.53740278487378,1146,67.81939522773983,67.79740232449032,66.68338036486769,1.7417969975245644,0.9129830447546582
1995,71.8826344713772,79.07089791851492,75.39114306336116,1665,74.79619235061178,74.77805968382944,74.092644849853,1.6585157131888524,0.8992510934036307
1995,79.07089791851492,86.9779877103664,82.93025736969726,1269,82.80296832507797,82.78092765270553,83.35422545608462,1.9082701814231597,0.8793002216763526
1995,86.9779877103664,95.67578648140307,91.223283106667,1837,90.57508543678946,90.54420265423678,88.91117381982359,2.382700690862242,0.8640944221436703
1995,95.67578648140307,105.24336512954338,100.34561141733371,1255,100.45253725548568,100.41717060257446,100.02507054730154,2.665735470356916,0.8420825594631838
1995,105.24336512954338,115.76770164249773,110.38017255906709,3695,110.87983871881438,110.86559795815204,111.13896727477949,1.769444502599104,0.8270445150080882
1995,115.76770164249773,127.34447180674752,121.41818981497381,1465,121.74408513108703,121.69926929085683,122.25286400225744,3.303521341215467,0.7827691570307351
1995,127.34447180674752,140.07891898742227,133.5600087964712,2424,134.27083923620083,134.22653596545425,133.36676072973538,3.44748517031778,0.7652147864118387
1995,140.07891898742227,154.08681088616453,146.91600967611834,2278,147.29928104793063,147.26743063947475,148.185289699706,3.0535296646046794,0.7361691929782518
1995,154.08681088616453,169.49549197478098,161.6076106437302,3090,162.5262019639715,162.4555839177374,164.48567156667363,4.771842181476693,0.7088730453537835
1995,169.49549197478098,186.4450411722591,177.76837170810322,2677,179.2408295476371,179.17870482396694,177.82234763964718,4.711020561366719,0.6718471032292852
1995,186.4450411722591,205.08954528948502,195.54520887891354,2263,195.84462486842014,195.78040048932118,194.49319273086408,5.01264773069164,0.6397699358935953
1995,205.08954528948502,225.5984998184335,215.0997297668049,5691,219.68004869510142,219.6203490462476,222.27793454955898,5.0564628661341615,0.6126535258522557
1995,225.5984998184335,248.1583498002769,236.60970274348543,2006,237.42513616626528,237.34357469789367,237.09646351952958,6.213285704025639,0.5444610868132527
1995,248.1583498002769,272.97418478030465,260.270673017834,2888,260.24087733059736,260.14630676923633,259.3242569744855,7.0089174824176625,0.5204241806961836
1995,272.97418478030465,300.2716032583351,286.29774031961745,3292,286.34061865933825,286.2192577792911,285.9976091204325,8.34878894804139,0.4858187046911509
1995,300.2716032583351,330.2987635841687,314.9275143515792,2433,313.9785327850797,313.8936859291402,311.18910836938255,7.3174147404411825,0.4463722964471871
1995,330.2987635841687,363.32863994258554,346.42026578673716,3376,342.61057819744974,342.44482722208664,335.63968116983403,10.72081072800996,0.417218860463723
1995,363.32863994258554,399.66150393684416,381.0622923654109,2359,379.67633447403534,379.55917898823907,377.8724887342502,9.440583439406693,0.3767659217542388
1995,399.66150393684416,439.6276543305286,419.168521601952,2006,416.10361792459,415.93658836942114,415.81850756092496,11.81736784277051,0.3484991911808759
1995,439.6276543305286,483.5904197635815,461.0853737621473,3215,454.0381210596694,453.8505667408224,444.55586909911796,13.17219512431597,0.32446228506380687
1995,483.5904197635815,531.9494617399397,507.193911138362,1928,506.6076345199182,506.44490722660703,503.8299849790003,12.85138952351732,0.28593852974657
1995,531.9494617399397,585.1444079139336,557.9133022521983,2206,555.5571308488817,555.3862498448666,555.6948363738974,13.79844872698762,0.26283625906176983
1995,585.1444079139336,643.6588487053272,613.7046324774182,1744,611.3393468052949,611.1195617120909,611.2643200112872,16.429897479319695,0.23640285183631898
1995,643.6588487053272,708.02473357586,675.07509572516,1980,672.1875964130044,672.0062712075992,666.833803648677,15.679991293265212,0.21550536217123
1995,708.02473357586,778.827206933446,742.5826052976761,1777,747.2175834642954,746.8760346379173,741.9637455264279,22.601306785655854,0.19178000119825056
1995,778.827206933446,856.7099276267907,816.8408658274437,1228,819.8005068041251,819.5574369778274,822.4283578333681,19.938330759193022,0.1704870888502786
1995,856.7099276267907,942.3809203894697,898.5249524101881,1466,895.426442457049,895.2032880182506,889.1117381982359,20.070385720170243,0.15577257204481457
1995,942.3809203894697,1036.6190124284167,988.377447651207,1129,984.680456507461,984.3134425720348,985.4321765030447,26.90133422057491,0.13820621892037624
1995,1036.6190124284167,1140.2809136712585,1087.215192416328,1420,1090.7117912263507,1090.3262017435532,1111.3896727477947,28.87120178316804,0.1246779701635612
1995,1140.2809136712585,1254.3090050383846,1195.9367116579608,879,1198.51482809061,1198.1139110229765,1200.3008465676182,30.98159989336306,0.10766281229405068
1995,1254.3090050383846,1379.739905542223,1315.530382823757,964,1316.7756536353509,1316.3629544171363,1333.667607297354,32.90360195748884,0.09713018992271284
1995,1379.739905542223,1517.7138960964455,1447.0834211061326,890,1447.7956359871257,1447.2741490704789,1444.8065745721333,38.82946755679879,0.08557905458031274
1995,1517.7138960964455,1669.4852857060903,1591.7917632167462,879,1601.9222890810724,1601.1474884450206,1600.4011287568246,49.86893174529647,0.0749146246480139
1995,1669.4852857060903,1836.4338142766992,1750.970939538421,637,1764.130924630143,1763.5887791573014,1778.2234763964718,43.641965388108616,0.06438200227667605
1995,1836.4338142766992,2020.0771957043694,1926.068033492263,684,1932.1302177725893,1931.345933998081,1933.8180305811632,55.03805066061659,0.05674914624648014
1995,2020.0771957043694,2222.0849152748065,2118.6748368414897,396,2107.796367877102,2107.1468124142298,2111.6403782208104,52.499462550221395,0.048553112455814514
1995,2222.0849152748065,2444.2934068022873,2330.542320525639,669,2281.75576465668,2280.747675859539,2245.0071389505456,68.34617315068438,0.04380804026121862
1995,2444.2934068022873,2688.7227474825163,2563.596552578203,508,2559.116395556538,2557.8192451157274,2556.1962473199283,81.55652684271253,0.03579174405368162
1995,2688.7227474825163,2957.5950222307683,2819.956207836023,350,2812.40722208351,2811.60846702765,2800.701975324443,67.246506639033,0.029704631238391947
1995,2957.5950222307683,3253.3545244538454,3101.951828619626,299,3086.207202888632,3085.033792997481,3100.777186966348,85.35964097010893,0.02551075429872386
1995,3253.3545244538454,3578.6899768992303,3412.147011481589,349,3394.7996239635763,3393.5814823352275,3334.1690182433845,91.5565868659656,0.021927985141693127
1995,3578.6899768992303,3936.558974589153,3753.3617126297477,233,3757.2150338993233,3755.8137528285047,3756.4970938875467,102.84651863676942,0.017746090707566952
1995,3936.558974589153,4330.214872048069,4128.6978838927225,158,4107.95907178875,4106.465840823427,4084.357047348146,111.30183977765667,0.014954166916302199
1995,4330.214872048069,4763.236359252876,4541.567672281996,235,4514.289145286613,4512.953728243287,4445.558690991179,110.50812369268921,0.013060931040680606
1995,4763.236359252876,5239.559995178164,4995.724439510196,170,5005.060799712641,5003.211166354282,5001.253527365077,136.24076909605043,0.010245042238332036
1995,5239.559995178164,5763.515994695981,5495.296883461216,122,5484.781520338456,5483.202906301652,5556.948363738974,131.79630101095995,0.008208016296207536
1995,5763.515994695981,6339.86759416558,6044.826571807337,100,6020.3256169460765,6018.072434656934,6001.504232838091,165.6052167358725,0.006746150620094662
1995,6339.86759416558,6973.854353582138,6649.3092289880715,104,6671.157577127699,6670.05866227648,6668.338036486769,121.64932368513601,0.00554790006590378
1995,6973.854353582138,7671.239788940353,7314.24015188688,65,7287.140428196396,7284.983666958359,7335.171840135446,178.68464758511396,0.0043017194895452636
1995,7671.239788940353,8438.36376783439,8045.664167075569,54,7924.75445692604,7922.772966292839,7890.866676509343,179.97466811414185,0.003522856629321191
1995,8438.36376783439,9282.20014461783,8850.230583783126,58,8868.359442878907,8866.089530149451,8891.117381982358,202.2048099242793,0.0028758013300581153
1995,9282.20014461783,10210.420159079613,9735.25364216144,26,9724.3319190756,9719.757489330077,9684.09391348791,304.4216995066934,0.002180816008627404
1995,10210.420159079613,11231.462174987575,10708.779006377585,47,10851.561471531906,10847.471636491777,10987.198304784699,299.4046220532992,0.0018692708645377748
1995,11231.462174987575,12354.608392486334,11779.656907015344,23,11890.88696550231,11886.504007080835,12003.008465676183,328.0914466163096,0.0013060931040680607
1995,12354.608392486334,13590.069231734966,12957.622597716878,27,13068.474419477228,13064.24681409907,13114.39813842398,337.2083058904174,0.001030495476604158
1995,13590.069231734966,14949.076154908465,14253.384857488567,13,14306.862262940173,14301.111620218051,14448.065745721333,420.6295157041162,0.00070696782697262
1995,14949.076154908465,16443.983770399314,15678.723343237427,10,15634.103758155357,15628.681242593337,15559.455418469128,434.77861878430855,0.0005511952549278054
1995,16443.983770399314,18088.382147439246,17246.59567756117,6,17300.632572440674,17290.377266427564,17448.81786214038,650.5823649679267,0.00043137019950871726
1995,18088.382147439246,19897.220362183172,18971.255245317287,5,19148.503134996008,19141.131660090065,19115.902371262073,594.1888283203369,0.0003594751662572644
1995,19897.220362183172,21886.94239840149,20868.38076984902,7,20322.55401595968,20315.72273680213,20005.01410946031,575.4543892565505,0.0002995626385477203
1995,21886.94239840149,24075.63663824164,22955.218846833923,7,22431.81284488174,22426.408696107752,22227.793454955896,539.7845683789031,0.00021568509975435863
1995,24075.63663824164,26483.20030206581,25250.74073151732,2,25080.36028167524,25065.8823181207,25080.36028167524,1205.0024670156847,0.00013180756096099695
1995,26483.20030206581,29131.52033227239,27775.81480466905,5,28053.698119499837,28038.809769514563,28518.259002708415,1016.3717802864845,0.00010784254987717931
1995,29131.52033227239,32044.672365499635,30553.396285135957,1,31118.910836938256,31118.910836938263,31118.910836938256,,4.793002216763525e-05
1995,32044.672365499635,35249.139602049596,33608.73591364956,1,34508.64933881903,34508.64933881905,34508.64933881903,,3.594751662572644e-05
1995,46916.604810328026,51608.26529136084,49206.55025117433,2,50208.139856054375,50199.787305061596,50208.139856054375,1295.115694983814,2.3965011083817625e-05
1996,0.5042891039833435,0.5547180143816779,0.5289028742935283,2,0.5042891039833435,0.5042891039833435,0.5042891039833435,0.0,0.9796852854598975
1996,1.307996061167383,1.4387956672841216,1.3718378423240583,1,1.3447709439555826,1.3447709439555826,1.3447709439555826,,0.9796610580126225
1996,1.4387956672841216,1.5826752340125338,1.5090216265564642,1,1.5128673119500304,1.5128673119500304,1.5128673119500304,,0.979648944288985
1996,1.9150370331551663,2.106540736470683,2.008507784946654,1,2.017156415933374,2.017156415933374,2.017156415933374,,0.9796368305653474
1996,2.106540736470683,2.3171948101177513,2.2093585634413198,1,2.30532161820957,2.30532161820957,2.30532161820957,,0.9796247168417099
1996,2.548914291129527,2.80380572024248,2.673323861763998,2,2.689541887911165,2.689541887911165,2.689541887911165,0.0,0.9796126031180724
1996,2.80380572024248,3.084186292266728,2.9406562479403977,1,2.881652022761963,2.8816520227619624,2.881652022761963,,0.9795883756707975
1996,3.084186292266728,3.392604921493401,3.2347218727344376,1,3.3619273598889565,3.361927359888956,3.3619273598889565,,0.97957626194716
1996,3.392604921493401,3.7318654136427414,3.5581940600078816,1,3.698120095877852,3.698120095877852,3.698120095877852,,0.9795641482235224
1996,3.7318654136427414,4.105051955007016,3.91401346600867,3,4.034312831866748,4.034312831866749,4.034312831866748,0.0,0.9795520344998849
1996,4.105051955007016,4.515557150507718,4.305414812609538,1,4.482569813185275,4.482569813185275,4.482569813185275,,0.9795156933289724
1996,4.515557150507718,4.96711286555849,4.735956293870491,2,4.596789140155861,4.596420851957525,4.596789140155861,0.08228913348579386,0.9795035796053349
1996,4.96711286555849,5.46382415211434,5.209551923257541,13,5.094612999216342,5.093211323093294,5.042891039833434,0.12625173840126816,0.9794793521580598
1996,5.46382415211434,6.010206567325774,5.730507115583296,3,5.747294867619693,5.747250190650914,5.763304045523926,0.027728709517541215,0.9793218737507723
1996,6.010206567325774,6.611227224058352,6.303557827141626,7,6.099496781512821,6.098391099368962,6.051469247800122,0.12706891028757306,0.9792855325798597
1996,6.611227224058352,7.272349946464188,6.933913609855789,20,6.8434432787225346,6.840698340339331,6.723854719777913,0.20101568069883935,0.9792007365143972
1996,7.272349946464188,7.999584941110607,7.627304970841368,15,7.5409049448175915,7.539997245613046,7.564336559750152,0.12182363603135399,0.9789584620416469
1996,7.999584941110607,8.799543435221668,8.390035467925506,29,8.330292916375097,8.326877077099327,8.40481839972239,0.24298060764164062,0.9787767561870844
1996,8.799543435221668,9.679497778743837,9.229039014718058,11,9.148233021765368,9.147057948356805,9.168892799697154,0.15396226465419013,0.9784254582015965
1996,9.679497778743837,10.64744755661822,10.151942916189864,54,10.05838859747518,10.057907876217925,10.085782079666869,0.0981953152991458,0.9782922072415839
1996,10.64744755661822,11.712192312280042,11.16713720780885,14,11.358309009437082,11.35685833769672,11.42214820522273,0.18785610555630314,0.9776380661651585
1996,11.712192312280042,12.88341154350805,12.283850928589736,31,12.331818097121412,12.328620637225981,12.39110369787644,0.28476107675388906,0.9774684740342334
1996,12.88341154350805,14.171752697858857,13.512236021448713,51,13.55696423111599,13.553155482630656,13.447709439555826,0.32543817270905967,0.9770929486014706
1996,14.171752697858857,15.588927967644741,14.863459623593585,63,14.962078067295884,14.958569759241696,15.128673119500304,0.32474562774267407,0.9764751486959576
1996,15.588927967644741,17.147820764409218,16.349805585952943,78,16.47558888280332,16.471350700106694,16.449430296599537,0.3759942672250252,0.9757119841067946
1996,17.147820764409218,18.86260284085014,17.98478614454824,67,17.896235813625978,17.889891381315085,17.9302792527411,0.48189768198291644,0.9747671136630689
1996,18.86260284085014,20.748863124935156,19.783264759003064,158,20.129560367545224,20.12826280505343,20.171564159333737,0.2265926332698312,0.9739554941793558
1996,20.748863124935156,22.823749437428674,21.761591234903374,60,22.156821075476422,22.15080663879676,22.412849065926377,0.5164914328612735,0.9720415258446293
1996,22.823749437428674,25.106124381171544,23.937750358393714,121,24.044144740974954,24.03542383760238,24.205876991200487,0.6503457543973257,0.9713147024263789
1996,25.106124381171544,27.616736819288697,26.331525394233086,214,26.17367562907194,26.161211678606122,26.493188284267795,0.8083525202079401,0.9698489418662403
1996,27.616736819288697,30.378410501217573,28.964677933656397,279,29.258069541155656,29.244028059553848,28.816520227619627,0.9081657855296993,0.9672566050078133
1996,30.378410501217573,33.416251551339336,31.86114572702204,232,32.19168426992348,32.18815350291002,32.27450265493398,0.4758677231746761,0.9638768761129484
1996,33.416251551339336,36.75787670647327,35.04726029972425,314,34.49388150159486,34.479864841731974,34.29165907086736,0.9908799098229801,0.9610664922290463
1996,36.75787670647327,40.4336643771206,38.551986329696675,724,39.23700281507996,39.21511075900984,40.343128318667475,1.3051987594487673,0.9572627830068685
1996,40.4336643771206,44.47703081483266,42.40718496266634,217,43.02880357042266,43.016252078728044,43.22478034142944,1.0360766823742051,0.948492447093312
1996,44.47703081483266,48.924733896315935,46.64790345893298,684,46.26694639487582,46.24746259030379,45.38601935850091,1.3520607864529512,0.9458637690639726
1996,48.924733896315935,53.81720728594753,51.31269380482629,743,51.53703555313834,51.51521135712587,50.42891039833435,1.507483306209542,0.9375779820959165
1996,53.81720728594753,59.19892801454228,56.44396318530892,1048,56.57090679527432,56.56341517636295,56.480379646134466,0.921850666190891,0.9285774854332474
1996,59.19892801454228,65.11882081599653,62.08835950383982,864,61.86001343294738,61.83593139469475,60.514692478001216,1.7366839336503472,0.9158823030611379
1996,65.11882081599653,71.63070289759618,68.29719545422381,891,68.24420362052224,68.22060541481663,67.77645557536137,1.7990747685261599,0.9054160458383302
1996,71.63070289759618,78.7937731873558,75.12691499964619,1708,75.35779111745342,75.34511390107124,75.30717286151263,1.3810987357243998,0.8946227180773098
1996,78.7937731873558,86.67315050609139,82.6396064996108,1341,82.28168099474058,82.25447576284284,80.68625663733495,2.126984203131161,0.8739324781044445
1996,86.67315050609139,95.34046555670054,90.9035671495719,1310,90.76589469372185,90.73795967177313,90.36860743381516,2.2535241655146327,0.857687974706545
1996,95.34046555670054,104.8745121123706,99.9939238645291,1685,100.15033598608527,100.12906453425342,100.8578207966687,2.0552464228301153,0.8418189967414084
1996,104.8745121123706,115.36196332360767,109.99331625098202,2848,111.36196660871904,111.32806848688486,112.96075929226893,2.724493629595346,0.8214073724122057
1996,115.36196332360767,126.89815965596844,120.99264787608023,1868,121.02606556152413,120.97982289547254,121.02938495600243,3.3467122293207603,0.7869074874925803
1996,126.89815965596844,139.5879756215653,133.09191266368828,1869,133.42741372981723,133.38883628268434,134.47709439555825,3.2028265785452983,0.7642790517377137
1996,139.5879756215653,153.54677318372183,146.4011039300571,2836,147.72782684159537,147.66885205882946,150.27815298703638,4.153680856820526,0.7416385022592095
1996,153.54677318372183,168.90145050209404,161.0412143230628,2216,161.80159528346266,161.74359425310053,161.3725132746699,4.3300799675075075,0.7072839820232342
1996,168.90145050209404,185.79159555230345,177.1453357553691,2537,176.7024354700592,176.62985118895418,176.50118639417022,5.064805129716875,0.6804399704425144
1996,185.79159555230345,204.37075510753382,194.85986933090606,2921,197.202281066897,197.12435297467243,200.90877902696403,5.509966168204621,0.6497074535741542
1996,204.37075510753382,224.80783061828723,214.3458562639967,2027,214.82943443006886,214.7509339747206,215.16335103289322,5.803097539997098,0.6143232668289905
1996,224.80783061828723,247.28861368011596,235.78044189039636,5365,231.1979042264536,231.10288442656827,226.93009679250454,6.68495564397115,0.5897687490157599
1996,247.28861368011596,272.0174750481276,259.35848607943603,2786,259.6748992947828,259.5743068736591,259.3774985688043,7.231024760068443,0.5247786217005245
1996,272.0174750481276,299.2192225529404,285.29433468737966,2380,284.4378949533566,284.3412396403862,282.4018982306724,7.428302048808517,0.49102978764642463
1996,299.2192225529404,329.14114480823446,313.82376815611764,3045,312.0987440807517,311.9637791801161,310.6420880537396,9.207334075417695,0.46219912538915336
1996,329.14114480823446,362.0552592890579,345.20614497172943,2692,344.24216425473867,344.1333509420141,342.91659070867354,8.673190341206883,0.42531283691293864
1996,362.0552592890579,398.2607852179637,379.7267594689024,2213,378.300181610727,378.14767430231785,377.8806352515187,10.758894307315748,0.3927026928807646
1996,398.2607852179637,438.08686373976013,417.69943541579266,2870,414.2905357403547,414.1192798915092,410.7602848312327,11.975196292758602,0.36589502247095734
1996,438.08686373976013,481.8955501137362,459.469378957372,2367,459.15222068480267,459.00524357217137,457.22212094489805,11.632969762295424,0.33112863563130673
1996,481.8955501137362,530.0851051251099,505.4163168531092,2366,505.75322452961035,505.58323694135015,504.28910398334347,13.116442692493061,0.30245545178132305
1996,530.0851051251099,583.0936156376209,555.9579485384203,1980,555.678584424244,555.4838176728897,554.7180143816779,14.720081609642557,0.27379438165497694
1996,583.0936156376209,641.402977201383,611.5537433922623,2041,610.5156867738233,610.3467506205553,605.1469247800122,14.398257398691069,0.24980920885270924
1996,641.402977201383,705.5432749215214,672.7091177314885,1741,670.6343523388389,670.4442586263021,672.3854719777913,15.979800571915264,0.2250850989085535
1996,705.5432749215214,776.0976024136736,739.9800295046374,1798,734.9970733783705,734.6672596489439,735.0517979661214,22.036099759333617,0.20399510605565044
1996,776.0976024136736,853.707362655041,813.9780324551014,1620,812.4589994447435,812.2419895224212,806.8625663733496,18.831098599203198,0.18221463095540938
1996,853.707362655041,939.0780989205451,895.3758357006114,1320,894.3396712887256,894.0078165682733,897.6346050903513,24.358847288237996,0.1625903986626449
1996,939.0780989205451,1032.9859088125997,984.9134192706726,1510,991.060134966142,990.7193935148704,1008.5782079666869,25.86214427840291,0.14660028346113313
1996,1032.9859088125997,1136.28449969386,1083.40476119774,1099,1087.097028767769,1086.7020235396715,1088.6881341994695,29.289486521421612,0.12830856076849462
1996,1136.28449969386,1249.9129496632459,1191.745237317514,1084,1194.188934852004,1193.8256558085527,1210.2938495600245,29.378887716777445,0.11499557849087232
1996,1249.9129496632459,1374.9042446295705,1310.9197610492656,1073,1309.1452518767685,1308.6554822163691,1311.1516703566929,35.80657972779909,0.10186430206781262
1996,1374.9042446295705,1512.3946690925277,1442.0117371541921,758,1436.7648693519368,1436.3376416342064,1427.6424533768454,35.15564456707729,0.08886627660476554
1996,1512.3946690925277,1663.6341360017807,1586.2129108696115,978,1570.8329605616216,1570.1252669125186,1569.3476915961649,47.21258594297853,0.07968407408753377
1996,1663.6341360017807,1829.997549601959,1744.834201956573,727,1745.6072462052368,1744.838141293554,1748.2022271422572,51.859484821492416,0.06783685237005004
1996,1829.997549601959,2012.997304562155,1919.3176221522303,470,1911.1329835296115,1910.496569175356,1906.2128130570384,49.48087385679803,0.059030175285581035
1996,2012.997304562155,2214.297035018371,2111.249384367454,722,2070.1025988221486,2069.2540767136625,2050.1033040602856,59.69281986948607,0.05333672517595184
1996,2214.297035018371,2435.726738520208,2322.3743228041994,578,2323.796913028562,2322.6618694489184,2319.72987832338,72.6815924290133,0.044590616709670385
1996,2435.726738520208,2679.2994123722287,2554.6117550846193,432,2555.9910689846674,2555.232807605331,2539.196496376931,62.377460754141,0.03758888444719022
1996,2679.2994123722287,2947.229353609452,2810.0729305930813,390,2804.651364356529,2803.6256026699252,2824.0189823067235,75.98842620920635,0.032355755835786364
1996,2947.229353609452,3241.9522889703976,3091.0802236523896,436,3078.523173294756,3077.4453096526086,3025.734623900061,81.989242127817,0.02763140361715788
1996,3241.9522889703976,3566.1475178674373,3400.188246017629,289,3408.7357753159704,3407.6070222974377,3399.9171390557017,87.89424649871435,0.022349820111203983
1996,3566.1475178674373,3922.7622696541816,3740.207070619392,199,3730.335187588654,3729.00476289482,3731.7393694767416,100.01535318985034,0.0188489539799639
1996,3922.7622696541816,4315.038496619601,4114.227777681333,299,4095.835203040379,4094.719024115935,4034.3128318667477,96.22438473601142,0.016438322976099623
1996,4315.038496619601,4746.542346281561,4525.650555449466,179,4528.8580078525665,4527.118495438994,4538.601935850091,125.85926423738424,0.012816319608484452
1996,4746.542346281561,5221.196580909716,4978.215610994412,178,4990.736888686154,4989.229564033551,5042.891039833435,122.7830470247003,0.010647963077370353
1996,5221.196580909716,5743.316239000689,5476.037172093854,124,5460.471563672869,5458.321092131464,5446.322323020109,154.03215228694373,0.008491720269893763
1996,5743.316239000689,6317.647862900759,6023.640889303239,133,6043.00852968447,6041.594927877579,6051.469247800122,130.92044948176,0.006989618538842655
1996,6317.647862900759,6949.412649190835,6626.0049782335645,86,6580.191354332353,6578.1457089587975,6555.758351783465,165.24720046270653,0.005378493295053966
1996,6949.412649190835,7644.353914109919,7288.605476056921,82,7226.989698698076,7224.284234051757,7143.255157924061,199.90311133643644,0.004336713062228198
1996,7644.353914109919,8408.789305520913,8017.466023662615,66,8011.327724479389,8009.295114765283,8068.6256637334955,181.0574012409295,0.003343387723952466
1996,8408.789305520913,9249.668236073003,8819.212626028877,41,8803.55118442805,8799.85747025066,8774.630409310177,258.1459238565021,0.0025438819638768763
1996,9249.668236073003,10174.635059680304,9701.133888631764,42,9780.370990493338,9776.032543866884,9738.831176126329,294.28621111602814,0.00204721929473901
1996,10174.635059680304,11192.098565648337,10671.247277494942,19,10712.97617018594,10708.740153389965,10690.929004446882,309.34102954785897,0.0015384429019636345
1996,11192.098565648337,12311.308422213171,11738.372005244437,27,11914.07288747137,11910.381441283958,12102.938495600243,300.43592031356064,0.0013082821528509648
1996,12311.308422213171,13542.43926443449,12912.209205768882,14,12935.459771859603,12929.963642382048,13104.456656111162,390.1826948545865,0.0009812116146382236
1996,13542.43926443449,14896.683190877939,14203.430126345771,12,14119.254429693641,14116.655127033617,14120.094911533617,283.6636771092795,0.0008116194837130985
1996,14896.683190877939,16386.351509965734,15623.77313898035,11,15680.946095802065,15675.273931586258,15721.717105784715,441.8545993050776,0.0006662548000629914
1996,16386.351509965734,18024.98666096231,17186.150452878388,8,16892.844501602034,16888.25144662292,16722.22668808767,423.10608096226116,0.0005330038400503931
1996,18024.98666096231,19827.48532705854,18904.765498166224,8,18322.50411139481,18320.559386047542,18154.407743400363,287.52412205545045,0.00043609405095032164
1996,19827.48532705854,21810.2338597644,20795.24204798285,8,20425.662831603346,20423.929205699667,20350.586791247828,284.79822421042985,0.00033918426185025017
1996,21810.2338597644,23991.25724574084,22874.76625278114,7,22771.58272440443,22764.209991255702,22693.009679250456,626.7228276841215,0.0002422744727501787
1996,23991.25724574084,26390.382970314924,25162.242878059253,6,24811.023915980495,24797.561089269755,24407.59263279382,902.0997734553722,0.00015747840728761613
1996,26390.382970314924,29029.42126734642,27678.46716586518,1,27130.753794303877,27130.753794303895,27130.753794303877,,8.479606546256254e-05
1996,29029.42126734642,31932.363394081065,30446.3138824517,4,30925.109060858555,30919.033444523357,30920.486410738707,707.8239460341898,7.268234182505361e-05
1996,38638.159706838094,42501.975677521914,40524.04377754323,1,41200.41979543916,41200.41979543912,41200.41979543916,,2.422744727501787e-05
1996,56570.12962678167,62227.14258945985,59331.25249470105,1,60514.69247800122,60514.6924780012,60514.69247800122,,1.2113723637508934e-05
1997,0.4598220161258061,0.5058042177383867,0.4822653990961835,1,0.4598220161258061,0.4598220161258061,0.4598220161258061,,0.9827931081511115
1997,0.6120231034634481,0.6732254138097928,0.6418952461970204,1,0.6130960215010748,0.6130960215010748,0.6130960215010748,,0.9827817429649498
1997,0.8960630257808346,0.9856693283589182,0.939798829957058,1,0.9196440322516122,0.9196440322516122,0.9196440322516122,,0.9827703777787881
1997,0.9856693283589182,1.0842362611948102,1.033778712952764,1,1.0510217511446995,1.0510217511446995,1.0510217511446995,,0.9827590125926262
1997,1.1926598873142913,1.3119258760457202,1.2508722426728445,1,1.2261920430021496,1.2261920430021496,1.2261920430021496,,0.9827476474064645
1997,1.3119258760457202,1.4431184636502925,1.375959466940129,1,1.3794660483774184,1.3794660483774184,1.3794660483774184,,0.9827362822203027
1997,1.4431184636502925,1.587430310015322,1.513555413634142,2,1.4714304516025798,1.4714304516025798,1.4714304516025798,0.0,0.982724917034141
1997,1.587430310015322,1.7461733410168543,1.6649109549975565,1,1.6093770564403214,1.6093770564403214,1.6093770564403214,,0.9827021866618175
1997,1.7461733410168543,1.9207906751185397,1.831402050497312,1,1.8392880645032244,1.8392880645032244,1.8392880645032244,,0.9826908214756558
1997,2.112869742630394,2.324156716893434,2.2159964811017483,2,2.2991100806290308,2.2991100806290308,2.2991100806290308,0.0,0.982679456289494
1997,2.324156716893434,2.556572388582777,2.437596129211923,1,2.5081200879589423,2.5081200879589423,2.5081200879589423,,0.9826567259171706
1997,2.556572388582777,2.812229627441055,2.681355742133116,4,2.693243237308293,2.6924420344830944,2.693243237308293,0.07585096136844298,0.9826453607310087
1997,2.812229627441055,3.093452590185161,2.949491316346428,3,3.0654801075053744,3.0654801075053744,3.0654801075053744,0.0,0.9825998999863618
1997,3.093452590185161,3.4027978492036772,3.2444404479810705,1,3.310718516105804,3.3107185161058044,3.310718516105804,,0.9825658044278766
1997,3.4027978492036772,3.7430776341240453,3.568884492779178,4,3.6785761290064487,3.6785761290064483,3.6785761290064487,0.0,0.9825544392417148
1997,3.7430776341240453,4.11738539753645,3.9257729420570957,2,4.014319188399894,4.013655609721355,4.014319188399894,0.10322008436235806,0.9825089784970678
1997,4.11738539753645,4.529123937290095,4.3183502362628055,4,4.241563341057917,4.241097438464208,4.2680915342959445,0.07228077529011678,0.9824862481247443
1997,4.529123937290095,4.982036331019105,4.750185259889086,11,4.640022162724044,4.639192152873086,4.5982201612580615,0.09300358200887662,0.9824407873800973
1997,4.982036331019105,5.480239964121016,5.225203785877996,12,5.178803514952261,5.177797680003279,5.255108755723499,0.10610234409656412,0.9823157703323181
1997,5.480239964121016,6.028263960533119,5.747724164465796,10,5.623623257218609,5.622021599402503,5.5178641935096735,0.14222308090873573,0.982179388098377
1997,6.028263960533119,6.631090356586431,6.322496580912377,17,6.210817259828115,6.208825663557456,6.130960215010749,0.16449583880286778,0.9820657362367595
1997,6.631090356586431,7.294199392245074,6.954746239003614,14,6.944772195931818,6.944150947210593,6.897330241887092,0.09707205924420709,0.9818725280720099
1997,7.294199392245074,8.023619331469583,7.650220862903976,17,7.601016781971309,7.59687998197542,7.561517598513255,0.25922243584846133,0.9817134154657453
1997,8.023619331469583,8.82598126461654,8.415242949194374,7,8.308285235586505,8.30484265204668,8.17461362001433,0.2591017488828105,0.9815202073009955
1997,8.82598126461654,9.708579391078196,9.256767244113812,53,9.188673337877164,9.18836615497117,9.196440322516123,0.07533694130117131,0.9814406509978634
1997,9.708579391078196,10.679437330186015,10.182443968525194,19,10.329285038936343,10.32749291488047,10.300013161218056,0.19779060330033776,0.9808382961312906
1997,10.679437330186015,11.74738106320462,11.200688365377713,52,11.249025779115,11.246124706345576,11.035728387019347,0.2578552539124785,0.9806223575942173
1997,11.74738106320462,12.922119169525082,12.320757201915487,57,12.412439065375324,12.409899173502744,12.261920430021497,0.2552777588612665,0.9800313679138064
1997,12.922119169525082,14.214331086477591,13.552832922107036,62,13.69378452739472,13.691081667665523,13.794660483774184,0.27213330194476537,0.9793835523025867
1997,14.214331086477591,15.63576419512535,14.90811621431774,68,14.890904311434776,14.885947622364748,14.714304516025795,0.3875871494611441,0.9786789107605582
1997,15.63576419512535,17.19934061463789,16.398927835749518,53,16.27579123424643,16.26831478616269,16.093770564403215,0.5001431836180507,0.9779060781015593
1997,17.19934061463789,18.91927467610168,18.038820619324472,189,18.325033888337707,18.32336522777399,18.392880645032246,0.24472595536839123,0.9773037232349866
1997,18.91927467610168,20.81120214371185,19.84270268125692,62,20.023153351206904,20.01715198999365,20.064960703671538,0.4934545732412394,0.975155703050416
1997,20.81120214371185,22.892322358083035,21.826972949382615,146,21.834704723390548,21.829176463830603,22.071456774038694,0.4916253027412404,0.9744510615083876
1997,22.892322358083035,25.18155459389134,24.009670244320876,209,23.819469805391726,23.80757963975932,23.91074483854192,0.7538820827499481,0.9727917443287721
1997,25.18155459389134,27.699710053280477,26.410637268752968,285,26.99124931050453,26.979594267836966,27.589320967548367,0.7886378115315452,0.9704164204209665
1997,27.699710053280477,30.46968105860853,29.051700995628266,154,29.24017045097948,29.23455190381448,29.42860903205159,0.5722211096445197,0.967177342364868
1997,30.46968105860853,33.516649164469385,31.956871095191097,392,31.612438565302195,31.601272670582457,31.530652534340987,0.8444746107664219,0.9654271036959585
1997,33.516649164469385,36.86831408091633,35.15255820471021,735,36.42255367023913,36.412361743519426,36.78576129006449,0.8478667594674727,0.9609719507205527
1997,36.86831408091633,40.555145489007955,38.66781402518123,212,39.363050920745685,39.35354916502875,39.413315667926234,0.8630240092953708,0.952618538891667
1997,40.555145489007955,44.610660037908765,42.53459542769936,690,43.409954276282605,43.3957605459252,44.14291354807739,1.0999582719604013,0.9502091194253762
1997,44.610660037908765,49.07172604169964,46.788054970469304,745,46.963873188675784,46.94533396706158,45.98220161258061,1.3266214418225495,0.9423671409737692
1997,49.07172604169964,53.978898645869606,51.466860467516234,378,51.652765047388556,51.64040666503923,51.500065806090284,1.1301799409574367,0.9339000772832659
1997,53.978898645869606,59.37678851045658,56.61354651426786,1466,55.80013338877685,55.78649549705798,55.178641935096735,1.2488058311141699,0.9296040369141246
1997,59.37678851045658,65.31446736150224,62.27490116569465,931,62.257328453893145,62.238578718683954,62.075972176983825,1.5301729535646849,0.9129426740010002
1997,65.31446736150224,71.84591409765247,68.50239128226413,908,68.30122364905348,68.27898456672872,68.97330241887092,1.745553923683506,0.9023616856844116
1997,71.84591409765247,79.03050550741771,75.35263041049053,2161,74.40596657163508,74.38767358007445,73.57152258012898,1.669291455920186,0.8920420966495431
1997,79.03050550741771,86.9335560581595,82.8878934515396,1236,83.01167352160485,82.98593335541473,82.7679629026451,2.0671112128225273,0.8674819293540028
1997,86.9335560581595,95.62691166397545,91.17668279669357,1998,91.02311786551805,91.00105324975151,91.96440322516122,1.9992718057511685,0.8534345592580806
1997,95.62691166397545,105.189602830373,100.29435107636293,1411,100.28038638428362,100.24193410490379,100.7929859347767,2.77789501831417,0.8307269173069055
1997,105.189602830373,115.70856311341032,110.32378618399923,3604,110.67362154261642,110.65701890222765,110.35728387019347,1.921079093194847,0.8146906396326772
1997,115.70856311341032,127.27941942475137,121.35616480239916,1793,121.55011248587365,121.51624609930924,122.61920430021497,2.8658617900204097,0.7737305087057326
1997,127.27941942475137,140.0073613672265,133.4917812826391,2458,134.15835346544418,134.10417997352582,134.88112473023645,3.8036264556918624,0.7533527299177161
1997,140.0073613672265,154.00809750394916,146.840959410903,2735,147.5600556501394,147.5249099355663,147.14304516025797,3.221639277652459,0.7254171023321362
1997,154.00809750394916,169.40890725434411,161.52505535199333,2564,162.30942348818087,162.25313051511924,163.69663774078697,4.259233475205833,0.6943333181797517
1997,169.40890725434411,186.34979797977854,177.6775608871927,3155,180.0944808438461,180.02641470213146,183.92880645032244,4.917632926483677,0.6651929808610265
1997,186.34979797977854,204.98477777775642,195.44531697591196,2195,196.2599021360715,196.19484904009929,196.19072688034396,5.0498403054703935,0.6293358185207074
1997,204.98477777775642,225.48325555553205,214.9898486735032,5632,218.42468643155155,218.37448061532976,220.71456774038694,4.633206864432562,0.6043892348956675
1997,225.48325555553205,248.03158111108527,236.4888335408535,2846,235.94286570737333,235.8480525201516,235.42887225641272,6.698452556515437,0.5403805064326954
1997,248.03158111108527,272.83473922219383,260.1377168949389,2495,259.114283615788,259.0194138493275,257.50032903045144,7.02089900290528,0.5080351866163568
1997,272.83473922219383,300.11821314441323,286.1514885844328,3360,284.7223448476809,284.59603656723715,283.7101839496224,8.500946889533148,0.4796790471427922
1997,300.11821314441323,330.1300344588546,314.7666374428761,2516,313.7675616702094,313.6667736828411,312.6789709655481,7.959982595910109,0.44149202163931445
1997,330.1300344588546,363.1430379047401,346.24330118716375,2729,342.46674442524056,342.3166052357239,340.2682919330965,10.175984883837737,0.41289721325635315
1997,363.1430379047401,399.4573416952141,380.86763130588014,3217,377.2029926255481,377.0534588286131,373.3754770941545,10.680583365853037,0.38188162022093924
1997,399.4573416952141,439.40307586473557,418.9543944364682,2253,418.5814079704605,418.43490439474925,416.90529462073084,11.079148734624138,0.3453198163385916
1997,439.40307586473557,483.34338345120915,460.84983388011506,3063,456.99702541991155,456.81536576679497,459.8220161258061,12.922186227204168,0.31971405191617036
1997,483.34338345120915,531.6777217963302,506.9348172681266,2171,505.69782351029977,505.5233515246952,505.80421773838674,13.301791623166569,0.2849024867027322
1997,531.6777217963302,584.8454939759631,557.6282989949393,2328,555.540225208773,555.38590339246,551.7864193509673,13.138614895047185,0.2602286675455744
1997,584.8454939759631,643.3300433735595,613.3911288944332,1785,610.5743458599718,610.3827439125546,613.0960215010748,15.319776061598454,0.23377051416102196
1997,643.3300433735595,707.6630477109156,674.7302417838766,2101,670.8387009292691,670.5528176234066,668.581211446922,19.596467428003162,0.2134836568622994
1997,707.6630477109156,778.4293524820072,742.2032659622644,1827,740.7871875610473,740.5649225842101,735.7152258012898,18.18989321881392,0.18960540073646406
1997,778.4293524820072,856.272287730208,816.4235925584909,1517,815.1848137498519,814.8923112767053,815.4177085964295,21.84280705246581,0.16884120561894803
1997,856.272287730208,941.8995165032289,898.0659518143401,1671,903.5599886051073,903.2539464258144,919.6440322516122,23.397020631346965,0.1516002182115743
1997,941.8995165032289,1036.089468153552,987.8725469957742,1128,988.3908627511511,988.0434272177984,988.617334670483,26.21244900416545,0.13260899213529118
1997,1036.089468153552,1139.698414968907,1086.6598016953517,1268,1088.5135750002573,1088.1712877169202,1103.5728387019346,27.220500202930385,0.11978906214483794
1997,1139.698414968907,1253.6682564657979,1195.325781864887,1138,1193.8283477237394,1193.3309724378198,1195.537241927096,34.46169498112972,0.10537800609173978
1997,1253.6682564657979,1379.0350821123777,1314.8583600513757,802,1309.0965218794433,1308.7052070761504,1299.7635655822785,32.12317552002884,0.09244442423966905
1997,1379.0350821123777,1516.9385903236157,1446.3441960565133,1019,1433.4533174477424,1432.8221927581933,1434.6446903125152,42.551330888188204,0.08332954493794609
1997,1516.9385903236157,1668.6324493559773,1590.9786156621647,866,1592.6959647671654,1591.9787097422484,1594.0496559027945,47.82937133643394,0.07174842023912352
1997,1668.6324493559773,1835.4956942915753,1750.0764772283815,510,1745.262593885222,1744.722194718119,1747.3236612780634,43.495639030412825,0.061906169023048595
1997,1835.4956942915753,2019.045263720733,1925.0841249512198,769,1888.88758959009,1888.1016280327303,1866.8773854707729,54.85222219523779,0.05610992408055644
1997,2019.045263720733,2220.949790092807,2117.592537446342,634,2123.5255491682597,2122.4238106262246,2132.654510791489,68.35374325507291,0.04737009592217121
1997,2220.949790092807,2443.0447691020872,2329.351791190976,482,2330.1990005689827,2329.483074092766,2311.3720010590523,57.91508898054938,0.04016456789562213
1997,2443.0447691020872,2687.349246012296,2562.286970310074,456,2557.932935759371,2556.9613603678276,2573.164002240011,70.600371517154,0.034686548165658956
1997,2687.349246012296,2956.084170613526,2818.5156673410816,487,2811.904932867431,2810.8442827109916,2758.9320967548365,77.67489500188604,0.02950402327590126
1997,2956.084170613526,3251.6925876748787,3100.36723407519,322,3108.024551339718,3106.8819050318057,3096.6713675992414,84.43618756660531,0.023969177615129334
1997,3251.6925876748787,3576.861846442367,3410.4039574827093,238,3396.648265975994,3395.525076506199,3372.028118255911,87.71709925332807,0.020309587671046053
1997,3576.861846442367,3934.5480310866046,3751.444353230981,324,3725.1203353054057,3724.204186121299,3678.576129006449,83.27310965922061,0.01760467336454971
1997,3934.5480310866046,4328.002834195265,4126.588788554079,191,4128.519090944662,4126.941942844125,4138.398145132254,114.43445191760657,0.013922353048142929
1997,4328.002834195265,4760.8031176147915,4539.247667409487,216,4552.127971354586,4550.830627974898,4598.220161258061,108.78071568449604,0.011751602491248807
1997,4760.8031176147915,5236.883429376272,4993.172434150437,133,4976.345980082719,4974.74114389614,4966.077774158705,126.87468088697887,0.009296722280310952
1997,5236.883429376272,5760.571772313899,5492.489677565481,154,5491.966005213678,5490.593413130347,5517.864193509673,122.87977642426722,0.007785152520798291
1997,5760.571772313899,6336.628949545289,6041.738645322029,91,6046.7201479246105,6044.372621902017,6069.650612860641,169.15394798951593,0.006034913851888894
1997,6336.628949545289,6970.291844499819,6645.912509854232,84,6615.231259684449,6612.311407430836,6599.825397453696,198.03605298479752,0.005000681911169705
1997,6970.291844499819,7667.321028949802,7310.503760839656,71,7328.088484289417,7325.796571612733,7357.152258012898,184.16248364711578,0.004046006273582761
1997,7667.321028949802,8434.053131844781,8041.5541369236225,51,8081.645422322595,8078.856635486243,8111.26036445922,213.52375933041782,0.003239078056098559
1997,8434.053131844781,9277.45844502926,8845.709550615986,46,8939.579745855934,8935.459172655586,8989.520415259509,273.0895117543214,0.002659453561849343
1997,9277.45844502926,10205.204289532188,9730.280505677585,46,9755.637206822623,9751.934814630655,9748.22674186709,271.69022978295493,0.002136654998408874
1997,10205.204289532188,11225.724718485408,10703.308556245345,35,10678.030651046436,10672.694308212762,10575.906370893541,342.92368937420906,0.0016138564349684047
1997,11225.724718485408,12348.29719033395,11773.639411869879,17,12022.29906291217,12018.834103934407,12097.917244269958,295.197989682042,0.0012160749193071783
1997,12348.29719033395,13583.126909367345,12951.003353056869,20,12884.979261871962,12881.627965255266,12875.016451522572,302.2567558610995,0.0010228667545574396
1997,13583.126909367345,14941.439600304082,14246.103688362557,16,14326.818250811779,14323.00918880854,14346.44690312515,340.6577462094536,0.0007955630313224531
1997,14941.439600304082,16435.58356033449,15670.714057198813,16,15680.333094154099,15674.077667556783,15679.930749889989,457.2031332715494,0.0006137200527344638
1997,16435.58356033449,18079.141916367942,17237.785462918695,7,17307.700686975342,17303.089678434146,17289.30780633031,429.5174127549237,0.0004318770741464745
1997,18079.141916367942,19887.056108004737,18961.564009210568,13,18683.22877244543,18678.921972507575,18392.880645032245,420.12796949818386,0.00035232077101422923
1997,19887.056108004737,21875.761718805214,20857.720410131627,6,20265.888990718027,20264.781900999336,20232.16870953547,232.77472448124848,0.00020457335091148793
1997,21875.761718805214,24063.337890685736,22943.492451144793,1,22071.456774038692,22071.45677403871,22071.456774038692,,0.00013638223394099195
1997,24063.337890685736,26469.671679754312,25237.84169625927,3,24891.08537692214,24881.9136472748,24830.38887079353,828.4293103094401,0.0001250170477792426
1997,26469.671679754312,29116.638847729744,27761.625865885202,3,26976.531494058043,26973.07742118613,26670.596579329005,530.6914504226527,9.092148929399464e-05
1997,35231.13300575299,38754.24630632831,36950.72402749321,2,36813.35061103204,36813.34027278894,36813.35061103204,39.01719188897177,5.682593080874665e-05
1997,42629.670936961134,46892.638030657254,44710.376073266794,1,45982.20161258061,45982.20161258059,45982.20161258061,,3.409555848524799e-05
1997,62414.10121880482,68655.5113406853,65460.46160886993,1,68053.65838661931,68053.65838661934,68053.65838661931,,2.273037232349866e-05
1997,91380.48559445216,100518.53415389739,95840.6618415465,1,98990.48363156353,98990.48363156346,98990.48363156353,,1.136518616174933e-05
1998,0.41983864713192665,0.46182251184511935,0.44033048791575075,1,0.41983864713192665,0.41983864713192665,0.41983864713192665,,0.9838305367990786
1998,0.614685763265854,0.6761543395924394,0.6446878673574508,2,0.6717418354110827,0.6717418354110827,0.6717418354110827,0.0,0.9838192452744969
1998,0.818146750906852,0.8999614259975373,0.8580795514527674,2,0.8396772942638533,0.8396772942638533,0.8396772942638533,0.0,0.9837966622253337
1998,0.989957568597291,1.0889533254570203,1.0382762572578486,1,1.007612753116624,1.007612753116624,1.007612753116624,,0.9837740791761703
1998,1.197848658002722,1.3176335238029946,1.2563142712819968,1,1.1995389918055046,1.1995389918055046,1.1995389918055046,,0.9837627876515888
1998,1.3176335238029946,1.4493968761832943,1.3819456984101968,1,1.399462157106422,1.399462157106422,1.399462157106422,,0.9837514961270071
1998,1.5943365638016236,1.7537702201817862,1.6721542950763384,4,1.6793545885277066,1.6793545885277066,1.6793545885277066,0.0,0.9837402046024254
1998,1.7537702201817862,1.929147242199965,1.8393697245839722,1,1.8659495428085628,1.8659495428085628,1.8659495428085628,,0.9836950385040988
1998,2.122061966419962,2.334268163061958,2.225637366746607,1,2.239139451370275,2.239139451370275,2.239139451370275,,0.9836837469795172
1998,2.334268163061958,2.567694979368154,2.4482011034212676,1,2.399077983611009,2.399077983611009,2.399077983611009,,0.9836724554549355
1998,2.567694979368154,2.8244644773049696,2.693021213763395,1,2.798924314212844,2.7989243142128437,2.798924314212844,,0.9836611639303539
1998,2.8244644773049696,3.106910925035467,2.9623233351397342,1,2.938870529923486,2.938870529923486,2.938870529923486,,0.9836498724057722
1998,3.106910925035467,3.417602017539014,3.2585556686537083,9,3.358709177055413,3.3587091770554127,3.358709177055413,0.0,0.9836385808811906
1998,3.417602017539014,3.7593622192929157,3.5844112355190796,2,3.6216384308148015,3.6199596008183934,3.6216384308148015,0.15593211341758528,0.9835369571599557
1998,3.7593622192929157,4.135298441222207,3.9428523590709874,1,3.918494039897982,3.9184940398979826,3.918494039897982,,0.9835143741107925
1998,4.135298441222207,4.548828285344428,4.337137594978087,8,4.1983864713192665,4.1983864713192665,4.1983864713192665,0.0,0.9835030825862108
1998,4.548828285344428,5.003711113878872,4.770851354475895,1,4.798155967222018,4.798155967222018,4.798155967222018,,0.9834127503895576
1998,5.003711113878872,5.504082225266759,5.247936489923486,6,5.219993846006955,5.216752732539988,5.205999224435891,0.2016391387445172,0.983401458864976
1998,5.504082225266759,6.054490447793436,5.7727301389158345,9,5.735943703716878,5.733151195640126,5.597848628425688,0.1911442097898934,0.983333709717486
1998,6.054490447793436,6.6599394925727795,6.350003152807418,4,6.297579706978899,6.297579706978899,6.297579706978899,0.0,0.9832320859962512
1998,6.6599394925727795,7.325933441830058,6.985003468088161,12,6.947329994206881,6.944201742289919,6.997310785532111,0.2177569537377082,0.9831869198979246
1998,7.325933441830058,8.058526786013065,7.683503814896977,1,7.389160189521909,7.389160189521908,7.389160189521909,,0.9830514216029448
1998,8.058526786013065,8.864379464614371,8.451854196386677,27,8.38433327901981,8.384087237974738,8.396772942638533,0.06463838825008704,0.9830401300783632
1998,8.864379464614371,9.75081741107581,9.297039616025344,11,9.530882534891008,9.529059476417268,9.596311934444037,0.1919868119075861,0.9827352589146586
1998,9.75081741107581,10.725899152183391,10.226743577627879,27,10.279202381694121,10.277216124370565,10.262722485447096,0.20599467310500952,0.9826110521442605
1998,10.725899152183391,11.798489067401732,11.24941793539067,30,11.241479661705284,11.239162208955294,11.195697256851377,0.23329228323503912,0.982306180980556
1998,11.798489067401732,12.978337974141906,12.374359728929736,44,12.457403498659547,12.454781040187147,12.595159413957798,0.25675799679720873,0.9819674352431065
1998,12.978337974141906,14.276171771556097,13.611795701822711,50,13.629455245536585,13.625617470415143,13.434836708221653,0.32693661243959343,0.981470608161514
1998,14.276171771556097,15.70378894871171,14.972975272004984,34,14.967580975528689,14.963386829676002,14.927596342468503,0.3607245286767212,0.9809060319324315
1998,15.70378894871171,17.27416784358288,16.470272799205482,137,16.74233928768284,16.741112726503218,16.793545885277066,0.20071663212465266,0.9805221200966554
1998,17.27416784358288,19.001584627941174,18.117300079126036,37,18.35755577782096,18.352600713501527,18.320231874847707,0.4316314629456287,0.9789751812289695
1998,19.001584627941174,20.90174309073529,19.92903008703864,107,19.76461278085716,19.759317804285388,19.84691786441835,0.45934011925246887,0.9785573948194485
1998,20.90174309073529,22.99191739980882,21.921933095742503,194,21.829468114539015,21.82043107562505,21.831609650860184,0.6282842287536449,0.9773492016892121
1998,22.99191739980882,25.291109139789704,24.114126405316757,243,24.672390431435467,24.66242117951614,25.190318827915597,0.6968837352479003,0.9751586459203722
1998,25.291109139789704,27.82022005376868,26.525539045848433,196,26.94411980631107,26.940455575635355,26.869673416443305,0.4430470025809556,0.9724148054470314
1998,27.82022005376868,30.60224205914555,29.17809295043328,301,28.924827339006708,28.910764949543314,28.788935803332112,0.9064592220027611,0.9702016666290283
1998,30.60224205914555,33.662466265060104,32.09590224547661,586,32.871147562205536,32.85422931850332,33.58709177055413,1.0454044316274063,0.9668029177299519
1998,33.662466265060104,37.028712891566116,35.30549247002427,347,36.0510136186904,36.04482633980668,36.38601608476698,0.6635657230879172,0.9601860843251055
1998,37.028712891566116,40.731584180722734,38.8360417170267,400,39.02039776206797,39.00713795298242,39.18494039897982,1.0170948596892881,0.9562679252952734
1998,40.731584180722734,44.80474259879501,42.71964588872938,991,43.14003092373188,43.1261037551393,43.66321930172037,1.0952450398904598,0.9517513154626137
1998,44.80474259879501,49.28521685867452,46.991610477602315,448,47.201605439523405,47.19050116731197,47.02192847877578,1.0235323376072651,0.9405614146021996
1998,49.28521685867452,54.213738544541975,51.69077152536256,783,51.354649742725194,51.33620645898139,50.380637655831194,1.3869175714432085,0.9355028115896208
1998,54.213738544541975,59.63511239899618,56.85984867789882,1442,55.871657159349766,55.84923488472211,55.12608660674661,1.59674137557407,0.9266615478421897
1998,59.63511239899618,65.59862363889579,62.5458335456887,941,62.63630582390387,62.617101219483445,62.975797069788996,1.550845013914287,0.9103791693954518
1998,65.59862363889579,72.15848600278538,68.80041690025757,1189,68.37823742168008,68.35589662782006,67.17418354110826,1.759717128457037,0.89975384476412
1998,72.15848600278538,79.37433460306391,75.68045859028334,1939,74.50915611950529,74.47936458758691,72.77203216953396,2.1225927612305435,0.8863282220365394
1998,79.37433460306391,87.31176806337032,83.24850444931168,1697,83.38571225230088,83.36685811146629,83.96772942638533,1.7666985718859638,0.864433955872722
1998,87.31176806337032,96.04294486970736,91.57335489424285,1581,90.92893676231465,90.88397188385915,90.68514778049615,2.8644173739154497,0.8452722386576635
1998,96.04294486970736,105.64723935667811,100.73069038366715,1850,101.06716452573725,101.03175507421746,100.76127531166239,2.674386435613526,0.8274203382940765
1998,105.64723935667811,116.21196329234594,110.80375942203389,3391,110.05085266986941,110.03219454028552,109.15804825430092,2.036987457298512,0.8065310178180258
1998,116.21196329234594,127.83315962158052,121.88413536423728,2340,122.47522054963056,122.4200363464207,123.15266982536514,3.668277584658925,0.768241457961654
1998,127.83315962158052,140.6164755837386,134.072548900661,2381,134.4479508587438,134.40010218329533,134.34836708221653,3.5871588069028584,0.7418192904405952
1998,140.6164755837386,154.67812314211247,147.47980379072712,2835,147.47398107241347,147.43162868531914,146.34375700027155,3.5409843556199574,0.7149341704116889
1998,154.67812314211247,170.14593545632374,162.22778416979986,3380,164.23118655321758,164.1717065363923,166.25610426424294,4.393028281662339,0.682922698222714
1998,170.14593545632374,187.16052900195612,178.45056258677985,2300,178.98756260666588,178.92488654925037,179.13115610962203,4.73220503526731,0.6447573451367403
1998,187.16052900195612,205.87658190215174,196.29561884545785,2722,196.59524334934574,196.52369307469988,195.92470199489912,5.3003005005605415,0.6187868385989477
1998,205.87658190215174,226.46424009236694,215.92518073000363,5850,217.25158549199523,217.2095525888525,218.31609650860185,4.254806619311068,0.5880513086876991
1998,226.46424009236694,249.11066410160367,237.51769880300404,2588,237.15356465119936,237.0705664739501,235.10964239387891,6.278409275725012,0.5219958898850523
1998,249.11066410160367,274.0217305117641,261.26946868330447,3295,260.0128070573684,259.89835658059604,259.6282193863834,7.735139162768766,0.4927734242677446
1998,274.0217305117641,301.4239035629405,287.39641555163496,2750,286.5470628527473,286.4478459174693,285.4902800497101,7.545749353494539,0.45556785077121115
1998,301.4239035629405,331.5662939192345,316.13605710679843,2851,315.1872581087681,315.0528776894574,314.878985348945,9.206688698657256,0.4245161581716763
1998,331.5662939192345,364.722923311158,347.7496628174783,3290,345.0583345428061,344.9056210740008,341.468766333967,10.319619815066794,0.392324021589395
1998,364.722923311158,401.1952156422739,382.5246290992262,2332,383.00703050919384,382.88445524224784,382.89284618431714,9.687869295879038,0.35517490571576976
1998,401.1952156422739,441.3147372065013,420.7770920091489,3045,421.8074744874652,421.64220524718775,419.8386471319267,11.798863889051903,0.32884307039136423
1998,441.3147372065013,485.44621092715147,462.8548012100638,2186,461.64261087202726,461.4760929578705,461.82251184511927,12.417938055944791,0.294460378040243
1998,485.44621092715147,533.9908320198666,509.1402813310702,2479,508.1264586286745,507.9673923511404,503.80637655831197,12.749333817328749,0.26977710530475824
1998,533.9908320198666,587.3899152218534,560.0543094641772,1797,557.5061965171541,557.3360996019562,558.3854006854624,13.801314749384654,0.24178541586685035
1998,587.3899152218534,646.1289067440388,616.059740410595,2080,612.9497706834323,612.6771241510671,612.964424812613,18.283913156409092,0.22149454619362707
1998,646.1289067440388,710.7417974184427,677.6657144516546,1873,675.3031940107657,675.1091925891222,671.7418354110827,16.235771301272585,0.19800817506379711
1998,710.7417974184427,781.8159771602869,745.4322858968201,1475,745.0453431178871,744.7717164449554,747.3127918948294,20.193556175235077,0.1768591495223685
1998,781.8159771602869,859.9975748763159,819.9755144865022,1751,824.2587359692473,823.9713849909663,839.6772942638534,21.661390814879717,0.16020415076443623
1998,859.9975748763159,945.9973323639475,901.9730659351525,1209,902.3765044969887,902.0430493573618,901.2536291765357,24.54024045548139,0.1404326912219688
1998,945.9973323639475,1040.5970656003421,992.1703725286678,1295,992.7571234998156,992.4410245786921,1007.6127531166239,24.9955798261385,0.12678123800275512
1998,1040.5970656003421,1144.6567721603765,1091.3874097815346,1156,1089.879338174199,1089.465048507127,1091.5804825430093,30.05655655429082,0.11215871366951966
1998,1144.6567721603765,1259.1224493764144,1200.526150759688,874,1195.4679930312786,1195.0999100148974,1188.5632100304842,29.752165018129897,0.0991057112531334
1998,1259.1224493764144,1385.034694314056,1320.5787658356571,1052,1308.7447639699094,1308.1415906328969,1309.896579051611,39.76983214401275,0.08923691876877216
1998,1385.034694314056,1523.5381637454616,1452.636642419223,869,1452.0165324214122,1451.3683856146915,1450.1226871936744,43.433324200669155,0.0773582349088774
1998,1523.5381637454616,1675.891980120008,1597.9003066611454,595,1592.8140596472497,1592.3235304539976,1595.3868591013213,39.61067461979566,0.0675459000474244
1998,1675.891980120008,1843.4811781320088,1757.69033732726,907,1724.4599261397293,1723.7195158315858,1704.5449073556222,50.897263652744925,0.06082744292134324
1998,1843.4811781320088,2027.82929594521,1933.4593710599863,667,1934.6612993459032,1933.6997820489087,1931.2577768068625,61.015308457865174,0.050586030125787586
1998,2027.82929594521,2230.612225539731,2126.805308165985,506,2127.8888792538924,2127.2240356012576,2115.98678154491,53.28723850914474,0.04305458322982769
1998,2230.612225539731,2453.6734480937043,2339.4858389825836,440,2327.252078733846,2326.4184556596606,2334.092958729946,62.443915321073895,0.03734107179151329
1998,2453.6734480937043,2699.0407929030753,2573.4344228808422,464,2568.0929040406563,2567.063667378047,2519.03188279156,73.1366659441893,0.03237280097558772
1998,2699.0407929030753,2968.9448721933827,2830.777865168927,338,2840.556929303308,2839.509289156465,2854.902800497101,77.2036580158177,0.02713353356970258
1998,2968.9448721933827,3265.8393594127215,3113.85565168582,269,3107.523906173973,3106.468530222595,3100.5084090692785,81.2701354735274,0.023316998261105216
1998,3265.8393594127215,3592.423295353994,3425.241216854402,348,3402.5117642510436,3401.4592034678217,3358.7091770554134,85.22431112084111,0.02027957814864163
1998,3592.423295353994,3951.6656248893933,3767.7653385398426,233,3775.0906120945056,3773.659762770353,3778.5478241873398,104.1371370624454,0.016350127594227774
1998,3951.6656248893933,4346.8321873783325,4144.541872393826,207,4147.876620842782,4146.628337440093,4198.386471319267,101.75569365210438,0.013719202366703553
1998,4346.8321873783325,4781.515406116167,4558.996059633209,171,4549.581441188057,4547.805476289013,4534.257389024808,127.53054897137872,0.011381856778302207
1998,4781.515406116167,5259.666946727783,5014.895665596531,185,5020.31612151308,5019.082689888378,5038.06376558312,111.40653527356366,0.009451006074840226
1998,5259.666946727783,5785.633641400563,5516.385232156185,122,5516.666516952023,5514.778057944959,5516.679823313516,145.04627380569417,0.007362074027235157
1998,5785.633641400563,6364.19700554062,6068.023755371804,96,6011.539846477909,6009.162172824981,5933.71954613123,171.03675694594594,0.005984508028273977
1998,6364.19700554062,7000.616706094683,6674.826130908986,102,6651.584178452175,6649.068688428797,6717.418354110827,183.55903690123725,0.004900521668435672
1998,7000.616706094683,7700.678376704151,7342.308743999884,70,7326.206384000303,7323.053560083455,7320.306651392273,216.45288280048118,0.003748786161107473
1998,7700.678376704151,8470.746214374567,8076.539618399874,58,8153.898698138502,8150.019717947173,8228.837483785763,252.50540234684397,0.0029583794403920415
1998,8470.746214374567,9317.820835812025,8884.193580239862,41,8919.400378548757,8915.465631077497,8908.976092139483,267.72884291228814,0.002303471014656399
1998,9317.820835812025,10249.602919393226,9772.612938263848,43,9876.629318825986,9873.456025736454,9983.763028797215,252.16510575116743,0.0018405185068087894
1998,10249.602919393226,11274.563211332552,10749.874232090235,29,10814.898778171144,10811.348998037458,10915.804825430094,280.7816428410959,0.0013549829497978816
1998,11274.563211332552,12402.019532465807,11824.861655299259,19,11633.802567928693,11631.4923918762,11671.51439026756,238.53588489404854,0.0010275287369300604
1998,12402.019532465807,13642.221485712389,13007.347820829185,21,12883.448618321721,12879.417607849595,12763.09487281057,331.2683186590916,0.000812989769878729
1998,13642.221485712389,15006.443634283629,14308.082602912105,12,14350.971285002086,14347.713389185677,14274.514002485505,319.5029939075666,0.0005758677536640998
1998,15006.443634283629,16507.08799771199,15738.890863203314,9,15348.834451757537,15347.026098243234,15324.110620315321,250.27979026629868,0.00044036945868431153
1998,16507.08799771199,18157.796797483195,17312.77994952365,11,16958.046300653303,16954.946757569465,16793.545885277068,343.1539216991039,0.0003387457374494704
1998,18157.796797483195,19973.576477231516,19044.057944476015,3,18690.28359554197,18688.198011681972,18512.085414203753,343.14325054654876,0.00021453896705133128
1998,19973.576477231516,21970.934124954667,20948.46373892362,3,20734.43131968875,20717.203528847116,20152.25506233248,1044.9288284225681,0.00018066439330638424
1998,21970.934124954667,24168.027537450136,23043.310112815983,2,23091.125592255965,23087.308561798935,23091.125592255965,593.7415087823424,0.0001467898195614372
1998,24168.027537450136,26584.830291195154,25347.641124097583,1,25190.3188279156,25190.318827915577,25190.3188279156,,0.00012420677039813916
1998,26584.830291195154,29243.31332031467,27882.405236507344,3,27177.55509100672,27174.09314552002,26869.673416443307,533.2667030632152,0.00011291524581649014
1998,29243.31332031467,32167.644652346138,30670.64576015808,1,30228.382593498718,30228.3825934987,30228.382593498718,,7.90406720715431e-05
1998,32167.644652346138,35384.40911758076,33737.71033617389,1,33587.091770554136,33587.09177055413,33587.091770554136,,6.774914748989408e-05
1998,35384.40911758076,38922.850029338835,37111.48136979129,1,37431.13442369406,37431.13442369409,37431.13442369406,,5.645762290824507e-05
1998,38922.850029338835,42815.13503227272,40822.62950677041,1,41983.86471319266,41983.86471319269,41983.86471319266,,4.516609832659606e-05
1998,47096.6485355,51806.31338905,49395.38170319221,1,48684.48952141821,48684.489521418196,48684.48952141821,,3.387457374494704e-05
1998,56986.94472795501,62685.63920075051,59768.41186086258,1,62572.75196854234,62572.75196854232,62572.75196854234,,2.258304916329803e-05
1998,62685.63920075051,68954.20312082558,65745.25304694886,1,68013.86083537212,68013.8608353721,68013.86083537212,,1.1291524581649015e-05
1999,0.33934464182808294,0.37327910601089126,0.3559076629284243,1,0.33934464182808294,0.33934464182808294,0.33934464182808294,,0.9851205075378527
1999,0.37327910601089126,0.4106070166119804,0.39149842922126676,1,0.4072135701936996,0.4072135701936996,0.4072135701936996,,0.9851096068107743
1999,0.49683449010049635,0.546517939110546,0.5210844092935061,3,0.5090169627421245,0.5090169627421245,0.5090169627421245,0.0,0.9850987060836958
1999,0.727415376956137,0.8001569146517509,0.7629196836466227,1,0.7635254441131867,0.7635254441131867,0.7635254441131867,,0.9850660039024602
1999,0.9681898667286185,1.0650088534014805,1.0154460989336551,2,1.018033925484249,1.018033925484249,1.018033925484249,0.0,0.9850551031753818
1999,1.1715097387416287,1.2886607126157916,1.2286897797097227,1,1.272542406855311,1.272542406855311,1.272542406855311,,0.9850333017212248
1999,1.417526783877371,1.559279462265108,1.4867146334487649,4,1.4834208628484769,1.4827412824245276,1.490692533744793,0.051760132788656876,0.9850224009941463
1999,1.559279462265108,1.7152074084916191,1.6353860967936413,4,1.6967232091404147,1.6967232091404147,1.6967232091404147,0.0,0.9849787980858323
1999,1.7152074084916191,1.8867281493407813,1.7989247064730058,1,1.745201015115855,1.745201015115855,1.745201015115855,,0.9849351951775184
1999,1.8867281493407813,2.0754009642748596,1.9788171771203067,6,2.036067850968498,2.036067850968498,2.036067850968498,0.0,0.9849242944504398
1999,2.0754009642748596,2.2829410607023455,2.1766988948323376,1,2.26229761218722,2.26229761218722,2.26229761218722,,0.9848588900879689
1999,2.5112351667725803,2.762358683449839,2.6338056627471285,7,2.5693237166983423,2.568658463047649,2.545084813710622,0.06413010935852814,0.9848479893608904
1999,2.762358683449839,3.038594551794823,2.897186229021842,5,2.860410906214509,2.8597869298491183,2.9086683585264255,0.06658364340746029,0.9847716842713409
1999,3.038594551794823,3.342454006974305,3.186904851924026,7,3.0541017764527467,3.054101776452747,3.0541017764527467,0.0,0.9847171806359484
1999,3.342454006974305,3.676699407671736,3.5055953371164286,10,3.4618001247062002,3.460179461469397,3.3934464182808295,0.11280164964724869,0.9846408755463989
1999,3.676699407671736,4.04436934843891,3.8561548708280724,8,3.8137710314542503,3.813433594435203,3.817627220565933,0.054065288024128216,0.984531868275614
1999,4.04436934843891,4.448806283282801,4.241770357910879,11,4.24290979116866,4.240793593945294,4.326644183308058,0.1399211061587383,0.984444662458986
1999,4.448806283282801,4.893686911611082,4.665947393701968,10,4.610305454363441,4.60880251614734,4.627426934019313,0.124877340503635,0.9843247544611226
1999,4.893686911611082,5.38305560277219,5.132542133072166,40,5.095259797048665,5.095163077175901,5.090169627421244,0.032193059398523564,0.9842157471903376
1999,5.38305560277219,5.92136116304941,5.645796346379382,20,5.690475440400606,5.6883212014333875,5.734924446894602,0.15967179659290567,0.9837797181071978
1999,5.92136116304941,6.513497279354351,6.210375981017321,34,6.19140824873834,6.19005238809308,6.108203552905493,0.13205124790385264,0.9835617035656278
1999,6.513497279354351,7.1648470072897865,6.831413579119053,32,6.837188560261178,6.835952544204697,6.786892836561659,0.13283472433831908,0.9831910788449589
1999,7.1648470072897865,7.881331708018766,7.514554937030958,44,7.5720613507324055,7.570801730169707,7.635254441131866,0.1385407279021735,0.9828422555784471
1999,7.881331708018766,8.669464878820644,8.266010430734056,72,8.318216059012848,8.315798803589963,8.415747117336458,0.2015876043809086,0.9823626235869932
1999,8.669464878820644,9.53641136670271,9.092611473807464,58,9.051686523868458,9.047952024525376,9.04919044874888,0.2626993386169196,0.9815777712373416
1999,9.53641136670271,10.490052503372981,10.00187262118821,146,10.141736864935902,10.140910667774696,10.180339254842488,0.1284189717578963,0.9809455290667888
1999,10.490052503372981,11.53905775371028,11.00205988330703,41,11.143952164565912,11.13951028189939,11.198373180326737,0.3176663351587063,0.9793540229133283
1999,11.53905775371028,12.69296352908131,12.102265871637735,105,12.083178482702175,12.08089309255031,12.216407105810987,0.23495067681696125,0.97890709310311
1999,12.69296352908131,13.962259881989441,13.31249245880151,196,13.228171776426992,13.221188667541934,13.361695271980766,0.43039875514666526,0.9777625167598679
1999,13.962259881989441,15.358485870188387,14.643741704681663,224,14.907353874371742,14.900372305236111,15.270508882263732,0.4542754811700524,0.9756259742524827
1999,15.358485870188387,16.894334457207226,16.108115875149828,140,16.16977926590448,16.166110157266726,16.288542807747984,0.3434734865886658,0.9731842113868995
1999,16.894334457207226,18.58376790292795,17.718927462664816,309,17.45844390763855,17.45190687043199,17.30657673323223,0.4806891332295596,0.97165810959591
1999,18.58376790292795,20.442144693220747,19.490820208931297,582,20.050975751407005,20.044324451761128,20.360678509684977,0.5101234344725294,0.9682897849286547
1999,20.442144693220747,22.486359162542826,21.43990222982443,204,21.790095774688083,21.78503246898011,21.815012688948187,0.46859572457365833,0.96194556176897
1999,22.486359162542826,24.73499507879711,23.583892452806875,518,23.5211542229177,23.513062000976362,23.269346868211404,0.619905347061755,0.9597218134449568
1999,24.73499507879711,27.20849458667682,25.942281698087562,689,25.991668178849462,25.981469352460874,25.45084813710622,0.7322628514075726,0.9540752368182958
1999,27.20849458667682,29.929344045344504,28.53650986789632,679,28.237601310796382,28.22916704377472,27.8262606299028,0.6953930473847794,0.946564635861212
1999,29.929344045344504,32.92227844987896,31.390160854685956,793,31.079972676237205,31.069215307308216,30.541017764527464,0.8249042321340548,0.9391630421749131
1999,32.92227844987896,36.21450629486686,34.52917694015456,1474,34.48184020634458,34.4743122196626,34.61315346646446,0.7206378366553793,0.9305187656016656
1999,36.21450629486686,39.835956924353546,37.98209463417001,944,37.96257056112392,37.95113176032247,38.17627220565933,0.9322538178897318,0.9144510938879623
1999,39.835956924353546,43.819552616788904,41.78030409758701,1259,41.44311042594548,41.42876526727617,40.721357019369954,1.0981215351006397,0.9041608075258619
1999,43.819552616788904,48.2015078784678,45.958334507345725,1945,46.08004229056498,46.07000111894004,46.15087128861928,0.9604184256504403,0.8904367921340354
1999,48.2015078784678,53.02165866631458,50.5541679580803,2049,50.73949575305883,50.726783839361936,50.90169627421244,1.1334148441049399,0.8692348779663603
1999,53.02165866631458,58.32382453294605,55.609584753888335,1518,55.752092598355176,55.734530406884346,55.38104554634314,1.4012806485271667,0.8468992881825218
1999,58.32382453294605,64.15620698624065,61.17054322927717,1881,61.28502364716734,61.266648793036836,61.08203552905493,1.5024111036112564,0.8303519844773647
1999,64.15620698624065,70.57182768486473,67.28759755220489,3386,68.09807872739232,68.0801074255819,69.22630693292892,1.552910522596761,0.8098477168427134
1999,70.57182768486473,77.6290104533512,74.0163573074254,2422,74.291753251621,74.26044825205655,74.65582120217825,2.151772172786619,0.7729378549549255
1999,77.6290104533512,85.39191149868634,81.41799303816794,2338,81.73512782947124,81.70861988220547,81.44271403873991,2.080964623018001,0.7465362939708079
1999,85.39191149868634,93.93110264855498,89.55979234198475,2819,90.04498999115066,90.01223572523722,90.60501936809814,2.420261944089852,0.7210503940612839
1999,93.93110264855498,103.32421291341048,98.51577157618323,3468,99.56758619589809,99.5301685639229,101.43011344241398,2.713399864971336,0.6903212444270033
1999,103.32421291341048,113.65663420475153,108.36734873380155,2357,108.35851600750598,108.31660589617603,108.59028538498654,3.010716137689627,0.6525175229187787
1999,113.65663420475153,125.0222976252267,119.20408360718172,2989,119.25305231815985,119.20951674261457,119.44931392348519,3.2175491656452317,0.6268245091947633
1999,125.0222976252267,137.5245273877494,131.1244919678999,3385,131.29184189165503,131.2391232731886,131.3263763874681,3.7229577766815427,0.5942422359571383
1999,137.5245273877494,151.27698012652434,144.2369411646899,5429,141.1878115822897,141.13657187256447,138.45261386585784,3.842154181605693,0.5573432747964289
1999,151.27698012652434,166.40467813917678,158.6606352811589,3569,157.69345788334866,157.6212642536375,156.7772245245743,4.784869308861613,0.4981632274872734
1999,166.40467813917678,183.04514595309448,174.5266988092748,3055,174.27068443990342,174.21216965421152,173.57478429506443,4.5204914084193835,0.4592585325441207
1999,183.04514595309448,201.34966054840396,191.9793686902023,2680,191.04480449380486,190.96968526360703,190.88136102829665,5.3653698298042976,0.425956811319315
1999,201.34966054840396,221.48462660324435,211.17730555922256,3679,208.93915013361465,208.8544280803766,207.16990383604465,5.985823648218486,0.3967428627489454
1999,221.48462660324435,243.6330892635688,232.2950361151448,2477,232.145311425835,232.06094805047994,231.50091465511818,6.257806753823038,0.3566390878271581
1999,243.6330892635688,267.9963981899257,255.5245397266593,2835,255.14732439062547,255.05684054826492,254.5084813710622,6.799326921278194,0.32963798685372314
1999,267.9963981899257,294.7960380089183,281.07699369932527,2641,279.79713735004,279.70698175261776,278.262606299028,7.123110503175275,0.2987344255861866
1999,294.7960380089183,324.27564180981017,309.18469306925783,2458,308.4019132239756,308.3050466887207,305.41017764527464,7.758802842061641,0.2699456053718783
1999,324.27564180981017,356.7032059907912,340.10316237618366,2369,341.4462401518333,341.3047813544425,339.34464182808296,9.836208189602873,0.2431516182129348
1999,356.7032059907912,392.3735265898704,374.1134786138021,1791,376.0760613584499,375.96058754432045,376.6725524291721,9.306102818575269,0.21732779576397745
1999,392.3735265898704,431.61087924885743,411.5248264751823,1895,410.09225927157115,409.9833191661191,407.2135701936995,9.480552927879513,0.19780459356639088
1999,431.61087924885743,474.7719671737432,452.67730912270054,1570,451.1670721297341,451.00541675167284,452.0070629150065,12.08273177026164,0.1771477157526407
1999,474.7719671737432,522.2491638911176,497.94504003497065,1772,499.98959391750344,499.8119524872395,509.0169627421244,13.26934364648539,0.16003357423940176
1999,522.2491638911176,574.4740802802294,547.7395440384678,1216,547.8539736228018,547.665951001366,547.1932349477838,14.355438616996942,0.1407174858563066
1999,574.4740802802294,631.9214883082523,602.5134984423145,1366,603.1804210495043,602.9799892052133,610.8203552905493,15.51784537342864,0.1274622017288553
1999,631.9214883082523,695.1136371390777,662.764848286546,1211,663.3154852223556,663.062751291167,661.7220515647617,18.297331368310466,0.11257180853962959
1999,695.1136371390777,764.6250008529855,729.0413331152008,1175,733.7935725025233,733.4591736367913,732.9844263486592,22.16598704867812,0.09937102804757077
1999,764.6250008529855,841.087500938284,801.9454664267208,859,804.6001515712392,804.3487321261795,814.427140387399,20.087834570827475,0.08656267373033781
1999,841.087500938284,925.1962510321125,882.1400130693929,900,883.0665229324347,882.6975963754222,882.2960687530156,25.542481026436537,0.07719894916990963
1999,925.1962510321125,1017.7158761353238,970.3540143763323,570,967.5372449135136,967.2370923740173,967.1322292100365,24.152481455831783,0.06738829479926312
1999,1017.7158761353238,1119.4874637488565,1067.3894158139658,882,1044.8897863049358,1044.4319279731687,1026.602377690408,31.159342316609212,0.06117488036452031
1999,1119.4874637488565,1231.436210123742,1174.1283573953624,704,1174.9337676411722,1174.3470095646276,1173.5386076019677,37.107743841537605,0.05156043908128672
1999,1231.436210123742,1354.5798311361164,1291.5411931348988,546,1290.101238355064,1289.7136929043077,1282.7227461101534,31.711161626447833,0.04388632721802544
1999,1354.5798311361164,1490.0378142497282,1420.6953124483887,450,1411.624973650551,1411.0910891667381,1410.4132870494636,38.9311244324395,0.03793453023316655
1999,1490.0378142497282,1639.0415956747013,1562.764843693228,525,1555.8340407260907,1555.2698988962788,1527.0508882263732,42.146133738527126,0.03302920304784329
1999,1639.0415956747013,1802.9457552421713,1719.0413280625507,378,1725.162542629724,1724.5682025874266,1730.657673323223,45.33037096717456,0.02730632133163282
1999,1802.9457552421713,1983.2403307663888,1890.9454608688059,307,1887.9952902313025,1887.3438570538453,1883.3627621458604,49.711282697330525,0.023185846495961282
1999,1983.2403307663888,2181.564363843028,2080.0400069556867,393,2061.892366774182,2061.286490667597,2036.0678509684976,50.37867752555532,0.019839323282862968
1999,2181.564363843028,2399.7208002273305,2288.0440076512555,237,2291.519675670732,2290.733998178312,2290.57633233956,60.12056700032493,0.015555337541013986
1999,2399.7208002273305,2639.692880250064,2516.848408416381,222,2517.694503944905,2517.018686259062,2545.0848137106223,58.37134092548742,0.012971865223410402
1999,2639.692880250064,2903.662168275071,2768.5332492580196,150,2761.6727756210826,2760.75606743884,2765.6927653630587,71.40495109055634,0.010551903811984259
1999,2903.662168275071,3194.028385102578,3045.3865741838217,158,3057.0708426347305,3056.3555276031407,3054.1017764527464,66.31516705371017,0.00891679475020984
1999,3194.028385102578,3513.4312236128358,3349.925231602204,119,3348.141566181786,3346.8012867270604,3352.72506126146,95.1928403964065,0.007194479871807449
1999,3513.4312236128358,3864.77434597412,3684.917754762425,106,3662.6179496116374,3661.283487307115,3664.9221317432957,99.56032017868189,0.0058972933494664094
1999,3864.77434597412,4251.251780571532,4053.4095302386677,97,4030.8143695972794,4029.540662434693,4072.1357019369952,101.78122687064443,0.004741816279145819
1999,4251.251780571532,4676.376958628686,4458.7504832625345,66,4471.542288734456,4469.732213799705,4482.233701586234,127.9928863615022,0.003684445752531694
1999,4676.376958628686,5144.014654491555,4904.625531588789,66,4976.91078241838,4974.699290796565,5090.1696274212445,148.228336252985,0.002964997765350949
1999,5144.014654491555,5658.416119940712,5395.088084747668,45,5383.133397703468,5381.116355018485,5350.786312345212,149.31886888368174,0.002245549778170204
1999,5658.416119940712,6224.257731934782,5934.596893222436,40,5946.168183155793,5943.583472386319,5930.0476159457485,177.32095120776196,0.0017550170596378777
1999,6224.257731934782,6846.6835051282615,6528.056582544679,29,6511.953467444671,6509.9492329766645,6515.417123099192,164.78926681798447,0.0013189879764980324
1999,6846.6835051282615,7531.351855641089,7180.862240799149,30,7121.503620636241,7120.7897547243365,7126.237478389742,102.54919211300067,0.0010028668912216445
1999,7531.351855641089,8284.487041205197,7898.948464879064,16,7985.26723013742,7982.4578315063245,8144.2714038739905,216.98033471668015,0.0006758450788667605
1999,8284.487041205197,9112.935745325718,8688.84331136697,10,8687.443404816113,8683.852536729986,8704.190062890328,263.0260789452555,0.0005014334456108222
1999,9112.935745325718,10024.22931985829,9557.727642503667,8,9351.65963949831,9347.933532894851,9162.30532935824,284.70284517174065,0.0003924261748258609
1999,10024.22931985829,11026.652251844122,10513.500406754036,12,10343.754908922825,10341.772961434184,10219.151798251576,212.42170715659807,0.0003052203581978918
1999,11026.652251844122,12129.317477028533,11564.85044742944,3,11283.209340783758,11281.64460220694,11198.373180326738,230.8790817948576,0.00017441163325593816
1999,12129.317477028533,13342.249224731388,12721.335492172386,4,12752.995820701643,12749.131535028444,12636.346100073239,365.3130180274161,0.00014170945202044975
1999,13342.249224731388,14676.47414720453,13993.469041389626,2,13997.966475408422,13995.65257069381,13997.966475408422,359.92934609393717,9.810654370646523e-05
1999,14676.47414720453,16144.121561924982,15392.81594552859,2,15066.902097166883,15065.526312833339,15066.902097166883,287.9434768751497,7.630508954947295e-05
1999,16144.121561924982,17758.53371811748,16932.097540081446,3,16721.207226078786,16715.737840691974,16568.50213725615,525.9157741249693,5.450363539248068e-05
1999,23636.608378814373,26000.26921669581,24790.284008433257,1,25705.356618477286,25705.356618477283,25705.356618477286,,2.180145415699227e-05
1999,28600.2961383654,31460.32575220194,29996.24365020425,1,28957.97501039946,28957.975010399485,28957.97501039946,,1.0900727078496135e-05
2001,0.227143557687889,0.2498579134566779,0.23823017310790523,1,0.227143557687889,0.227143557687889,0.227143557687889,,0.98141447206255
2001,0.33256088281083834,0.36581697109192224,0.34879279644728417,1,0.3407153365318335,0.3407153365318335,0.3407153365318335,,0.9814046123660314
2001,0.589151890113252,0.6480670791245772,0.6179077152669474,1,0.6057161538343706,0.6057161538343706,0.6057161538343706,,0.9813947526695128
2001,0.6480670791245772,0.712873787037035,0.6796984867936423,4,0.681430673063667,0.681430673063667,0.681430673063667,0.0,0.9813848929729942
2001,0.712873787037035,0.7841611657407386,0.7476683354730066,1,0.7787779120727623,0.7787779120727623,0.7787779120727623,,0.9813454541869201
2001,0.7841611657407386,0.8625772823148125,0.8224351690203073,1,0.8177168076764003,0.8177168076764003,0.8177168076764003,,0.9813355944904015
2001,0.9488350105462938,1.043718511600923,0.9951465545145719,2,0.9978091998432268,0.9975123653283011,0.9978091998432268,0.034417446416559506,0.9813257347938831
2001,1.043718511600923,1.1480903627610157,1.0946612099660293,2,1.135717788439445,1.135717788439445,1.135717788439445,0.0,0.9813060154008459
2001,1.1480903627610157,1.2628993990371173,1.2041273309626324,1,1.192503677861417,1.192503677861417,1.192503677861417,,0.9812862960078089
2001,1.2628993990371173,1.3891893389408292,1.3245400640588958,7,1.3628613461273338,1.362861346127334,1.362861346127334,2.398355846665908e-16,0.9812764363112904
2001,1.3891893389408292,1.5281082728349122,1.4569940704647852,2,1.460208585136429,1.460208585136429,1.460208585136429,0.0,0.9812074184356605
2001,1.5281082728349122,1.6809191001184036,1.602693477511264,1,1.590004903815223,1.590004903815223,1.590004903815223,,0.9811876990426235
2001,1.6809191001184036,1.8490110101302442,1.7629628252623908,13,1.7210492640197745,1.72057575334088,1.7035766826591674,0.04265004260188998,0.9811778393461049
2001,1.8490110101302442,2.0339121111432688,1.9392591077886299,3,1.9339651483140265,1.9338776429703146,1.9469447801819058,0.022481381858707166,0.9810496632913639
2001,2.0339121111432688,2.2373033222575955,2.133185018567493,8,2.054939373457621,2.0547501889083146,2.0442920191910012,0.030115265614489465,0.9810200842018083
2001,2.2373033222575955,2.4610336544833555,2.3465035204242426,3,2.27143557687889,2.27143557687889,2.27143557687889,0.0,0.9809412066296599
2001,2.4610336544833555,2.7071370199316913,2.581153872466667,20,2.5600971814405815,2.5600158815214926,2.555365023988751,0.021162851485052696,0.9809116275401043
2001,2.7071370199316913,2.9778507219248604,2.8392692597133338,26,2.7987331215114892,2.797349626934945,2.725722692254668,0.09018859633648581,0.9807144336097335
2001,2.9778507219248604,3.275635794117347,3.1231961856846673,8,3.138981749466523,3.137370979779816,3.1159966231911316,0.10767332287963753,0.9804580815002514
2001,3.275635794117347,3.6031993735290815,3.435515804253134,50,3.407153365318335,3.407153365318335,3.407153365318335,0.0,0.9803792039281031
2001,3.6031993735290815,3.96351931088199,3.779067384678448,12,3.7743667350274124,3.7734185253484895,3.7667973316574925,0.08845820895150826,0.979886219102176
2001,3.96351931088199,4.35987124197019,4.156974123146293,33,4.11398609569919,4.113436863031239,4.0885840383820025,0.06876826772403563,0.9797679027439535
2001,4.35987124197019,4.7958583661672085,4.572671535460922,42,4.578796920534946,4.577301079737876,4.54287115375778,0.11893091188808455,0.9794425327588416
2001,4.7958583661672085,5.27544420278393,5.0299386890070155,70,5.05983521170985,5.058849652530165,5.110730047977502,0.09968016954460439,0.979028425505063
2001,5.27544420278393,5.802988623062324,5.532932557907718,53,5.572426277113197,5.571019385288643,5.6218030527752525,0.12634764304169677,0.9783382467487651
2001,5.802988623062324,6.383287485368557,6.086225813698491,46,6.054843247769099,6.052918916006582,6.057161538343706,0.15429942736652547,0.9778156828332824
2001,6.383287485368557,7.021616233905413,6.694848395068339,171,6.790637389770213,6.79003552182146,6.81430673063667,0.089296630247683,0.9773621367934295
2001,7.021616233905413,7.723777857295954,7.364333234575174,44,7.453786877312987,7.451583633357244,7.495737403700337,0.1825359184359001,0.975676128688759
2001,7.723777857295954,8.496155643025551,8.10076655803269,96,8.066014486713152,8.064473944267478,8.177168076764005,0.1579825079071493,0.9752423020419432
2001,8.496155643025551,9.345771207328108,8.910843213835962,179,8.78743192941672,8.783536962469304,8.761251510818576,0.26279037241119996,0.9742957711761632
2001,9.345771207328108,10.280348328060919,9.801927535219559,230,9.99903596043355,9.99450447018644,10.221460095955004,0.29925426025114493,0.9725308854993443
2001,10.280348328060919,11.308383160867011,10.782120288741517,119,10.889713236601246,10.888278514534804,10.902890769018672,0.17691499456019194,0.9702631553000799
2001,11.308383160867011,12.439221476953714,11.860332317615669,285,11.705333970190967,11.699400958354522,11.58432144208234,0.37514719167308075,0.9690898514143734
2001,12.439221476953714,13.683143624649086,13.046365549377237,485,13.47742355084617,13.473187822140533,13.62861346127334,0.3327258617768682,0.9662798379065892
2001,13.683143624649086,15.051457987113997,14.351002104314961,140,14.53321296341116,14.529443293486848,14.602085851364293,0.33152861402341205,0.9614978850950968
2001,15.051457987113997,16.5566037858254,15.78610231474646,376,15.820661657838652,15.814187183082995,15.900049038152229,0.4534458035400537,0.960117527582501
2001,16.5566037858254,18.212264164407937,17.364712546221106,685,17.381010019683462,17.375157870916784,17.035766826591676,0.45382833211399115,0.9564102816915295
2001,18.212264164407937,20.03349058084873,19.101183800843216,335,19.159278211071484,19.154389372669172,19.080058845782673,0.4328506901263161,0.9496563895763288
2001,20.03349058084873,22.03683963893361,21.01130218092754,867,20.705518423494446,20.699896948482998,20.44292019191001,0.48808264460355133,0.9463533912426175
2001,22.03683963893361,24.240523602826972,23.1124323990203,773,23.03765965152617,23.030303387394913,22.714355768788902,0.5840975141210933,0.9378050343610423
2001,24.240523602826972,26.66457596310967,25.42367563892233,1114,25.117994124830666,25.1093056377588,24.823545947319296,0.6645817520797531,0.93018348895221
2001,26.66457596310967,29.331033559420643,27.966043202814564,1201,27.718731082958307,27.709888888823155,27.25722692254668,0.706098584179596,0.9191997870305552
2001,29.331033559420643,32.264136915362705,30.762647523096025,1703,30.74507679104037,30.739219546156004,30.664380287865015,0.6009105576479388,0.9073582915117873
2001,32.264136915362705,35.49055060689898,33.838912275405626,1845,33.98604930049372,33.978186534247705,34.07153365318335,0.7291401994067102,0.8905672283407117
2001,35.49055060689898,39.03960566758888,37.22280350294619,1205,37.28603416254436,37.2736111892525,37.47868701850168,0.962337473557822,0.8723760882640033
2001,39.03960566758888,42.94356623434777,40.94508385324082,2826,41.02856474984135,41.01921865077943,40.88584038382002,0.8770084153647131,0.8604951539591611
2001,42.94356623434777,47.23792285778256,45.0395922385649,1764,45.1038157705727,45.091769578392054,45.428711537577804,1.0401214589826009,0.8326316515977639
2001,47.23792285778256,51.96171514356081,49.54355146242139,2569,49.753241985564145,49.73218318841982,49.97158269133558,1.444585766462404,0.8152391469390572
2001,51.96171514356081,57.1578866579169,54.49790660866354,2155,54.8126505750987,54.79383719723874,54.51445384509336,1.4342749433625823,0.789909586582925
2001,57.1578866579169,62.873675323708596,59.9476972695299,3848,60.68423244746835,60.670056912454534,61.32876057573003,1.3012275877677808,0.7686619405854688
2001,62.873675323708596,69.16104285607945,65.94246699648289,3405,66.71175708714361,66.686750929577,68.1430673063667,1.8149482953227858,0.7307218283821224
2001,69.16104285607945,76.0771471416874,72.53671369613117,2261,72.80656804066984,72.78269520099407,73.01042925682145,1.8610166827685812,0.6971495617364898
2001,76.0771471416874,83.68486185585616,79.79038506574432,3493,80.1592941188262,80.13171881753192,81.54453720995215,2.0935059824297517,0.6748567879080681
2001,83.68486185585616,92.05334804144178,87.76942357231874,3606,88.22194136110065,88.18185510974958,88.58598749827671,2.658887550396433,0.6404168679688039
2001,92.05334804144178,101.25868284558598,96.54636592955063,2698,96.52416664216294,96.49372440073957,95.74100956544521,2.4265955056265245,0.6048628023229445
2001,101.25868284558598,111.38455113014457,106.20100252250572,3699,105.56204680292149,105.51343648564944,104.94032365180472,3.2121269878766787,0.5782613411159204
2001,111.38455113014457,122.52300624315905,116.82110277475628,2805,116.53134213540983,116.49487653927649,115.84321442082339,2.917375360620827,0.5417903236938367
2001,122.52300624315905,134.77530686747497,128.50321305223193,6574,125.2677994393751,125.21410201361232,122.65752115146006,3.7070606432684023,0.5141338749593287
2001,134.77530686747497,148.25283755422248,141.35353435745515,4020,139.9508086110542,139.891255361079,138.5007843001903,4.105695551699802,0.44931623004643917
2001,148.25283755422248,163.07812130964473,155.48888779320066,3028,155.17755558336265,155.12813641165368,154.45761922776452,3.9195870383329887,0.4096802500419037
2001,163.07812130964473,179.3859334406092,171.03777657252073,3473,170.2252829947561,170.16323775863333,170.35766826591674,4.600318145533448,0.3798250889837611
2001,179.3859334406092,197.32452678467016,188.14155422977282,2950,187.35195609394793,187.2890635609264,187.3934350925084,4.864999589784924,0.3455823629748676
2001,197.32452678467016,217.0569794631372,206.95570965275013,2998,205.84710645238087,205.7835613371049,204.42920191910008,5.130854180335881,0.3164962582451712
2001,217.0569794631372,238.76267740945093,227.65128061802517,3008,228.4200011385887,228.3206279414009,227.143557687889,6.744408226419017,0.28693688808258483
2001,238.76267740945093,262.63894515039607,250.4164086798277,2640,250.37164948583933,250.29616677255302,249.85791345667792,6.159852694465911,0.25727892095481303
2001,262.63894515039607,288.90283966543564,275.4580495478105,2486,274.66027194537196,274.5834056801359,272.5722692254668,6.518428424660629,0.23124932214586436
2001,288.90283966543564,317.79312363197926,303.00385450259154,2022,302.1886272164508,302.0808640601382,303.2366495133318,8.069996592755896,0.20673811660077102
2001,317.79312363197926,349.5724359951772,333.30423995285076,2326,334.7764877651613,334.66470604200117,340.7153365318335,8.610642205127801,0.1868018102402808
2001,349.5724359951772,384.529679594695,366.6346639481359,1582,367.0358371172723,366.91656710295064,367.9725634543802,9.353660675259475,0.16386815613815406
2001,384.529679594695,422.9826475541645,403.2981303429495,1725,403.41882744918456,403.2881162759883,408.5176885016683,10.255574937482418,0.14827011624582195
2001,422.9826475541645,465.280912309581,443.62794337724443,1474,444.10523277360807,443.937780008382,442.9299374913835,12.186061335634152,0.13126213975133846
2001,465.280912309581,511.80900354053915,487.990737714969,1437,490.59206291456354,490.35248639571824,490.63008460584024,15.338774715172955,0.11672894708300878
2001,511.80900354053915,562.989903894593,536.7898114864659,1144,538.508866645788,538.3382971024258,544.0656065519161,13.542347516935806,0.10256056318586514
2001,562.989903894593,619.2888942840524,590.4687926351124,1071,591.7786595732853,591.5275166646016,590.5732499885113,17.239087834682277,0.09128107036865406
2001,619.2888942840524,681.2177837124576,649.5156718986237,734,647.6836302071805,647.4832772212458,647.3591394104836,16.134848909457677,0.08072133539729646
2001,681.2177837124576,749.3395620837035,714.4672390884862,1165,699.8940383108808,699.5877187977625,691.0680497255673,20.848530136308234,0.07348431815268726
2001,749.3395620837035,824.273518292074,785.9139629973349,925,784.7761709308202,784.352448642859,783.645274023217,25.782413841101032,0.06199777170858681
2001,824.273518292074,906.7008701212814,864.5053592970684,676,864.5513203888312,864.2781539221637,862.0098014255387,21.768624538293544,0.052877552428936235
2001,906.7008701212814,997.3709571334097,950.9558952267754,587,946.8158166393109,946.4361829729048,954.0029422891338,26.854175582273974,0.04621239758240241
2001,997.3709571334097,1097.1080528467508,1046.051484749453,698,1041.427226955164,1041.0570149781738,1022.1460095955005,27.944804278245627,0.04042475572601875
2001,1097.1080528467508,1206.8188581314257,1150.6566332243983,456,1151.8141223874807,1151.4144799250441,1149.0624724536083,30.40651072183449,0.033542687556077026
2001,1206.8188581314257,1327.5007439445685,1265.7222965468384,390,1256.4752994923683,1256.0681887431094,1249.2895672833893,32.149056586333,0.029046665943622256
2001,1327.5007439445685,1460.2508183390257,1392.2945262015223,442,1380.6269382725056,1380.2322227050606,1362.861346127334,33.246163598828076,0.025201384301391204
2001,1460.2508183390257,1606.2759001729282,1531.5239788216747,286,1536.432341236703,1535.8321463847108,1533.2190143932507,42.9773420040056,0.02084339844019601
2001,1606.2759001729282,1766.9034901902212,1684.6763767038424,301,1685.2292722862858,1684.8468065070358,1703.5766826591673,35.893184830745824,0.018023525235893238
2001,1766.9034901902212,1943.5938392092437,1853.1440143742268,249,1849.526224872211,1848.8411830131822,1845.9956933294739,50.50258544196171,0.015055756583812351
2001,1943.5938392092437,2137.9532231301678,2038.4584158116495,261,2042.4823240717437,2042.0097639506655,2044.292019191001,44.01970269708473,0.012600692150695602
2001,2137.9532231301678,2351.748545443185,2242.3042573928146,151,2246.539665186016,2245.8617297175447,2248.721221110101,55.39395932646235,0.01002731135935636
2001,2351.748545443185,2586.9233999875037,2466.5346831320962,128,2451.305768902509,2450.2924730728214,2442.0203887024945,70.97905255292306,0.008538497185056644
2001,2586.9233999875037,2845.615739986254,2713.188151445306,168,2712.764355095322,2711.8118514800008,2725.722692254668,71.92062018503447,0.007276456030683376
2001,2845.615739986254,3130.1773139848797,2984.5069665898363,103,2978.5516654986764,2977.4800783227174,2966.949150519206,80.24161221316893,0.005620027015568461
2001,3130.1773139848797,3443.1950453833683,3282.9576632488206,136,3328.9199465136494,3327.51985491753,3407.1533653183346,96.272100294675,0.004604478274158721
2001,3443.1950453833683,3787.5145499217056,3611.2534295737037,73,3614.972607047037,3613.3699197627575,3611.582567237435,108.35214239276253,0.0032635595476371237
2001,3787.5145499217056,4166.266004913876,3972.3787725310735,60,3976.6325502495647,3975.281868770003,3980.6908484802543,104.34025175644979,0.002543801701783619
2001,4166.266004913876,4582.8926054052645,4369.616649784181,40,4392.036474275137,4390.759945284447,4429.299374913836,107.09267902904162,0.0019522199106711496
2001,4582.8926054052645,5041.181865945791,4806.578314762601,38,4784.593741372004,4783.365754735433,4770.014711445669,110.2022139545941,0.0015578320499295031
2001,5041.181865945791,5545.30005254037,5287.236146238861,37,5305.941518765025,5303.29626855493,5366.266550376377,169.1193988817293,0.0011831635822249391
2001,5545.30005254037,6099.830057794408,5815.959760862747,16,5858.827355222565,5855.91670262141,5904.596782096674,190.19806723696595,0.0008183548110389162
2001,6099.830057794408,6709.81306357385,6397.5557369490225,11,6391.8551123332,6389.967373876155,6356.774707293923,163.31119190630298,0.0006605996667422576
2001,6709.81306357385,7380.794369931235,7037.311310643926,20,6933.386740754545,6930.543083509252,6814.306730636669,206.08268039391967,0.0005521430050383049
2001,7380.794369931235,8118.873806924359,7741.042441708319,10,7695.464733975297,7693.949376199789,7717.202372446029,160.51817538353976,0.00035494907466748174
2001,8118.873806924359,8930.761187616796,8515.14668587915,6,8590.569351755963,8585.997271166072,8654.169547908572,306.16390206525955,0.00025635210948207017
2001,8930.761187616796,9823.837306378477,9366.661354467067,4,9379.382141716578,9377.456771102183,9335.600220972237,219.87335060046416,0.00019719393037082318
2001,9823.837306378477,10806.221037016325,10303.327489913774,1,10357.746230567738,10357.746230567744,10357.746230567738,,0.00015775514429665856
2001,10806.221037016325,11886.843140717958,11333.660238905153,5,11157.291553629108,11154.040283191775,11039.176903631405,302.36553202378343,0.0001478954477781174
2001,11886.843140717958,13075.527454789755,12467.026262795669,3,12481.5384949495,12477.240075229261,12265.752115146006,403.61946587806455,9.859696518541159e-05
2001,13075.527454789755,14383.080200268732,13713.728889075237,2,13577.506160793564,13577.409973563608,13577.506160793564,72.27663747477408,6.901787562978811e-05
2001,14383.080200268732,15821.388220295607,15085.101777982762,1,14582.616403562473,14582.616403562462,14582.616403562473,,4.9298482592705796e-05
2001,15821.388220295607,17403.527042325168,16593.611955781038,1,16354.336153528007,16354.336153528,16354.336153528007,,3.943878607416464e-05
2001,17403.527042325168,19143.87974655769,18252.973151359147,2,18091.984369840357,18091.952287388518,18091.984369840357,48.18442498318529,2.957908955562348e-05
2001,25480.50394266829,28028.554336935118,26724.177990904933,1,27257.226922546677,27257.22692254666,27257.226922546677,,9.85969651854116e-06
2002,0.1073243859501458,0.1180568245451604,0.11256276560894121,1,0.1073243859501458,0.10732438595014583,0.1073243859501458,,0.9863831015734014
2002,0.17284699681656937,0.19013169649822634,0.181283459640856,1,0.17887397658357632,0.17887397658357632,0.17887397658357632,,0.9863734783236299
2002,0.25306528803913936,0.2783718168430533,0.26541711326017736,1,0.2683109648753645,0.26831096487536443,0.2683109648753645,,0.9863638550738585
2002,0.7942272811451091,0.8736500092596201,0.832992599923113,1,0.8049328946260935,0.8049328946260935,0.8049328946260935,,0.986354231824087
2002,0.8736500092596201,0.9610150101855822,0.9162918599154244,2,0.9167291299908287,0.9164564156816584,0.9167291299908287,0.03162075045501251,0.9863446085743155
2002,1.0571165112041405,1.1628281623245547,1.1087131504976637,4,1.114768175494074,1.113986030511561,1.1115739973407956,0.04823103242801777,0.9863253620747726
2002,1.27911097855701,1.4070220764127113,1.3415429121021731,12,1.3370829749622333,1.3369988328239744,1.3415548243768225,0.015490940779731994,0.9862868690756869
2002,1.4070220764127113,1.5477242840539827,1.4756972033123907,2,1.4820986631210609,1.4812172484352413,1.4820986631210609,0.07227600104002897,0.9861713900784295
2002,1.5477242840539827,1.7024967124593808,1.62326692364363,14,1.6098657892521868,1.6098657892521873,1.609865789252187,2.304265763365491e-16,0.9861521435788866
2002,1.7024967124593808,1.872746383705319,1.785593616007993,4,1.7887397658357636,1.7887397658357636,1.7887397658357636,0.0,0.9860174180820863
2002,1.872746383705319,2.0600210220758512,1.9641529776087925,15,2.0025367568951817,2.002215407679118,2.012332236565234,0.03676709099565895,0.9859789250830006
2002,2.0600210220758512,2.2660231242834366,2.160568275369672,6,2.19120621314881,2.190749854461543,2.19120621314881,0.04898665596273799,0.9858345763364288
2002,2.2660231242834366,2.4926254367117804,2.3766251029066394,5,2.3822180667148434,2.3811406845459295,2.4147986838782804,0.08005862023442101,0.9857768368378002
2002,2.4926254367117804,2.7418879803829586,2.6142876131973036,46,2.679221084045306,2.679088416442256,2.683109648753645,0.02637352901268772,0.9857287205889429
2002,2.7418879803829586,3.016076778421255,2.875716374517034,4,2.864219550044516,2.8635066155194897,2.8575117759226316,0.07388707838307373,0.9852860510994563
2002,3.016076778421255,3.3176844562633807,3.163288011968738,37,3.1709556148124247,3.16986602522064,3.219731578504374,0.08340838761333401,0.9852475581003705
2002,3.3176844562633807,3.6494529018897186,3.4796168131656118,33,3.5104493071524865,3.5090318693791858,3.577479531671527,0.100682227017589,0.9848914978588269
2002,3.6494529018897186,4.0143981920786915,3.8275784944821734,19,3.8270992052480435,3.82640399850319,3.833013783933779,0.07526719999765594,0.9845739306163691
2002,4.0143981920786915,4.415838011286561,4.210336343930392,83,4.11797086014901,4.116001095984497,4.024664473130468,0.12909999969262828,0.9843910888707117
2002,4.415838011286561,4.857421812415217,4.631369978323431,48,4.655603385573826,4.653099872001059,4.695441885318879,0.15405438643443084,0.9835923591396815
2002,4.857421812415217,5.34316399365674,5.094506976155774,11,4.998387244715738,4.997828589544292,4.982917919113913,0.07839137865097903,0.983130443150652
2002,5.34316399365674,5.877480393022413,5.603957673771352,104,5.391200339410594,5.390435907155281,5.36621929750729,0.0931048831472145,0.983024587403166
2002,5.877480393022413,6.465228432324656,6.164353441148488,94,6.246029618020122,6.243044069484507,6.260589180425171,0.19317521065062315,0.9820237694269355
2002,6.465228432324656,7.111751275557122,6.780788785263337,89,6.773935664955618,6.772827963815468,6.707774121884112,0.1238230540283851,0.9811191839484193
2002,7.111751275557122,7.8229264031128345,7.458867663789671,110,7.438545063314392,7.435837399156154,7.5127070165102054,0.20127858809708554,0.9802627147187605
2002,7.8229264031128345,8.60521904342412,8.20475443016864,183,8.199444846749753,8.196265884735322,8.049328946260935,0.23058844064443626,0.9792041572439013
2002,8.60521904342412,9.46574094776653,9.025229873185504,202,9.07184243913899,9.069133197170865,8.943698829178818,0.2227523542411238,0.9774431025357263
2002,9.46574094776653,10.412315042543186,9.927752860504055,146,9.9417248776225,9.938382834846527,9.965835838227825,0.25875834675538345,0.9754992060818939
2002,10.412315042543186,11.453546546797504,10.920528146554462,377,10.812641374920732,10.810783114941486,10.73243859501458,0.20294280877006637,0.9740942116152624
2002,11.453546546797504,12.598901201477256,12.012580961209908,265,12.039097540749315,12.034324553509997,12.073993419391403,0.33952761461226677,0.9704662464514267
2002,12.598901201477256,13.858791321624983,13.2138390573309,496,13.313375601947113,13.310593104392773,13.415548243768225,0.27094099371734237,0.967916085261993
2002,13.858791321624983,15.244670453787482,14.53522296306399,334,14.498590926788564,14.493212201013684,14.309918126686108,0.39632725769424115,0.9631429533753548
2002,15.244670453787482,16.76913749916623,15.988745259370392,525,15.921915285469215,15.917379526128721,16.09865789252187,0.37925089463966855,0.9599287879516912
2002,16.76913749916623,18.446051249082856,17.58761978530743,764,17.692769616914926,17.688244497302396,17.887397658357635,0.39802745825779634,0.9548765818216812
2002,18.446051249082856,20.290656373991144,19.346381763838178,672,19.515062114317082,19.507753041517894,19.54837029806227,0.5332331833537355,0.947524418996295
2002,20.290656373991144,22.31972201139026,21.281019940222,1176,21.386478935592873,21.382872887029492,21.46487719002916,0.39087638252468576,0.9410575951498821
2002,22.31972201139026,24.551694212529288,23.409121934244197,855,23.409278455465728,23.40011341186247,23.253616955864924,0.6552360804959211,0.9297406534186595
2002,24.551694212529288,27.00686363378222,25.75003412766862,2341,26.452005561255167,26.44290629014486,26.83109648753645,0.6844944893242385,0.9215127748640716
2002,27.00686363378222,29.707549997160445,28.325037540435485,971,28.580404708836753,28.571522870660896,28.619836253372217,0.7112279654469024,0.8989847471491123
2002,29.707549997160445,32.678304996876484,31.15754129447903,1622,31.438749168235553,31.42682867800874,31.750130843584795,0.8621828915747658,0.8896405716210364
2002,32.678304996876484,35.94613549656414,34.27329542392694,2779,35.0025541456212,34.98817419291534,35.77479531671527,0.9954329982283663,0.8740316604917481
2002,35.94613549656414,39.54074904622056,37.70062496631964,1553,37.84091443597971,37.82852151964419,37.563535082551034,0.9680462992255285,0.8472886493768946
2002,39.54074904622056,43.49482395084262,41.47068746295161,2722,41.55793873761344,41.539750121319,41.4825012967912,1.2297686051392729,0.8323437424818361
2002,43.49482395084262,47.84430634592689,45.61775620924677,2088,45.6288256802849,45.614759497723576,45.61286402881196,1.1339233806687448,0.8061492566039552
2002,47.84430634592689,52.62873698051958,50.17953183017145,1916,50.01058931635759,49.992088269606505,50.08471344340137,1.3619100888943754,0.7860559110811721
2002,52.62873698051958,57.89161067857154,55.1974850131886,5229,54.28952536853959,54.275567801762215,53.6621929750729,1.2462846454565162,0.767617764519078
2002,57.89161067857154,63.680771746428704,60.71723351450746,2415,60.737662224699484,60.71710691389872,60.4594040852488,1.5796364761782105,0.7172977914641775
2002,63.680771746428704,70.04884892107158,66.78895686595821,3343,66.71166943447646,66.68601307044615,67.07774121884113,1.8522830710637372,0.694057643266131
2002,70.04884892107158,77.05373381317874,73.46785255255405,3636,73.10509592850411,73.08093556704804,72.44396051634841,1.8877821179811987,0.661887119280181
2002,77.05373381317874,84.75910719449661,80.81463780780945,3600,80.66436638579194,80.64781785168122,80.49328946260935,1.637398202501124,0.6268969831111967
2002,84.75910719449661,93.2350179139463,88.8961015885904,3327,88.68003655678659,88.65149671505593,89.43698829178815,2.251906568754498,0.5922532839339845
2002,93.2350179139463,102.55851970534093,97.78571174744947,3236,97.22178668799793,97.1814124256063,96.59194735513123,2.8088089784193557,0.5602367319443776
2002,102.55851970534093,112.81437167587502,107.56428292219441,7510,107.59964507415188,107.58502912130591,107.3243859501458,1.7816915305011425,0.5290958956839725
2002,112.81437167587502,124.09580884346255,118.32071121441386,3065,118.74562272883135,118.70716794672926,118.5934464749111,3.019340965737685,0.4568252899003994
2002,124.09580884346255,136.5053897278088,130.15278233585525,4058,130.77373777061086,130.72140390770915,131.4723727889286,3.687932340470965,0.4273300293509118
2002,136.5053897278088,150.1559287005897,143.1680605694408,2946,143.3416503651721,143.3007516305805,143.09918126686108,3.4222796558488153,0.38827888177837655
2002,150.1559287005897,165.17152157064868,157.4848666263849,3921,158.29843739363866,158.24260875439634,160.9865789252187,4.175803505684037,0.3599287879516913
2002,165.17152157064868,181.68867372771356,173.2333532890234,2747,174.02477446511134,173.9662455467332,174.4021271689869,4.504677789323913,0.3221960255978444
2002,181.68867372771356,199.85754110048492,190.55668861792574,2674,190.14128175187045,190.08364606393494,187.81767541275514,4.6908157837647435,0.29576095847567724
2002,199.85754110048492,219.84329521053346,209.61235747971833,3488,210.84257627007457,210.76850259963874,214.6487719002916,5.5531786185379115,0.27002838858682576
2002,219.84329521053346,241.82762473158684,230.5735932276902,2454,232.28830035576684,232.1807377380704,232.5361695586492,7.061623746143107,0.2364624933840158
2002,241.82762473158684,266.0103872047455,253.63095255045923,1636,253.52816403221445,253.4573372417133,253.55386180721945,5.999501049378174,0.21284703844488284
2002,266.0103872047455,292.6114259252201,278.99404780550515,2559,274.91889140214624,274.80359826025415,268.84758680511527,8.017488222215189,0.1971034018187942
2002,292.6114259252201,321.8725685177421,306.89345258605573,1554,304.5001336201853,304.3976912644834,304.0857601920797,7.919350155072719,0.17247750565365924
2002,321.8725685177421,354.0598253695164,337.5827978446613,2117,332.3005691324099,332.1352566832125,330.55910872644904,10.5305906975764,0.15752297550882932
2002,354.0598253695164,389.465807906468,371.3410776291275,1650,369.94997311865853,369.8100502533685,371.34237538750443,10.186995490479559,0.1371505557426743
2002,389.465807906468,428.41238869711486,408.4751853920402,1252,405.9853448009838,405.8831236915721,402.46644731304673,9.145113243726561,0.1212721936197854
2002,428.41238869711486,471.2536275668264,449.32270393124435,1446,445.07271643147874,444.85911460950547,445.39620169310507,13.828303015738895,0.10922388490593274
2002,471.2536275668264,518.3789903235091,494.25497432436885,1021,493.1725123056929,493.007397783221,491.67984313410545,12.795461151817593,0.09530866573641919
2002,518.3789903235091,570.21688935586,543.6804717568057,1279,541.4630046821734,541.323950786232,536.621929750729,12.329636612773742,0.08548332771977096
2002,570.21688935586,627.2385782914461,598.0485189324862,874,598.5799262507591,598.3563751516,595.6503420233091,16.383566721471286,0.07317519126208921
2002,627.2385782914461,689.9624361205907,657.8533708257349,895,657.1287153494183,656.9286176574394,654.6787542958893,16.245094332224983,0.06476447096184382
2002,689.9624361205907,758.9586797326498,723.6387079083086,765,721.3189707701022,721.035074191477,716.9268981469739,20.288045984176897,0.05615166241639802
2002,758.9586797326498,834.8545477059149,796.0025786991395,722,800.4263852816924,800.2246750581984,804.9328946260935,17.923699119064572,0.048789876341240435
2002,834.8545477059149,918.3400024765066,875.6028365690536,600,877.7382998244585,877.4318402280282,876.482485259524,23.22150569430865,0.041841890006255114
2002,918.3400024765066,1010.1740027241572,963.163120225959,494,961.2520318058212,960.9413797949727,965.9194735513122,24.50362508400543,0.03606794014338642
2002,1010.1740027241572,1111.191402996573,1059.479432248555,589,1063.4641363308137,1063.1765406995476,1073.243859501458,24.647021273451404,0.0313140547562912
2002,1111.191402996573,1222.3105432962304,1165.4273754734104,389,1167.364803775221,1166.9501210067783,1168.4942520322124,31.14556183950405,0.025645960640908436
2002,1222.3105432962304,1344.5415976258535,1281.9701130207516,435,1295.0200867554586,1294.3598558687088,1293.2588506992568,41.31141337471551,0.021902516479815233
2002,1344.5415976258535,1478.995757388439,1410.1671243228268,268,1415.5248535639153,1415.006270330127,1420.706559015055,38.38642143390948,0.017716402829235433
2002,1478.995757388439,1626.895333127283,1551.1838367551095,312,1572.5728010592186,1571.9774062661218,1591.9783915938292,43.087582271538494,0.015137371890487418
2002,1626.895333127283,1789.5848664400116,1706.302220430621,213,1716.0553751809366,1715.3842346734384,1717.1901752023327,47.98705360867274,0.012134917961795699
2002,1789.5848664400116,1968.5433530840128,1876.932442473683,192,1879.4145713618627,1878.8316525657426,1878.1767541275515,46.94328689023069,0.010085165760477313
2002,1968.5433530840128,2165.3976883924142,2064.6256867210514,178,2080.9862867578963,2080.078377353042,2088.5325505898372,61.50657882031664,0.008237501804359332
2002,2165.3976883924142,2381.937457231656,2271.088255393157,102,2257.555393646361,2256.8789973191547,2253.812104953062,55.67537659620255,0.006524563345041621
2002,2381.937457231656,2620.1312029548217,2498.1970809324725,104,2470.8584761164066,2470.01191042186,2450.126294253537,65.32949196656489,0.005542991868353943
2002,2620.1312029548217,2882.1443232503043,2748.0167890257203,116,2719.413278814061,2718.679254752905,2683.1096487536447,63.90230842967748,0.00454217389212337
2002,2882.1443232503043,3170.3587555753347,3022.8184679282926,89,3013.2864610116812,3012.2245016443285,3005.082806604082,80.57306682271089,0.0034258769186354234
2002,3170.3587555753347,3487.3946311328687,3325.100314721122,73,3279.0577056831858,3278.1322856524735,3233.147126748142,79.00636965424724,0.0025694076889765673
2002,3487.3946311328687,3836.1340942461557,3657.6103461932344,53,3655.794271098576,3653.9781938687797,3685.5194135280067,115.92927334703626,0.0018669104556608767
2002,3836.1340942461557,4219.747503670772,4023.3713808125585,23,3988.955783413794,3987.449739941662,3971.002280155394,112.41368860217078,0.0013568782177741424
2002,4219.747503670772,4641.72225403785,4425.7085188938145,37,4371.377352271954,4370.094829220139,4321.416400282621,108.04137430356934,0.0011355434730308425
2002,4641.72225403785,5105.894479441635,4868.279370783197,24,4810.260345579641,4808.718509016141,4829.597367756561,125.1818324650766,0.0007794832314872732
2002,5105.894479441635,5616.483927385799,5355.107307861516,21,5350.30803139976,5349.437436263599,5366.219297507289,99.0793835318772,0.0005485252369725256
2002,5616.483927385799,6178.1323201243795,5890.618038647669,9,5873.028897827423,5870.907069217015,5902.841227258019,167.26151567016956,0.00034643699177212145
2002,6178.1323201243795,6795.945552136817,6479.679842512436,5,6466.652001449451,6466.16607887462,6439.463157008748,89.10007061527872,0.00025982774382909106
2002,6795.945552136817,7475.5401073505,7127.64782676368,5,7115.785662471249,7112.58233191801,7154.959063343054,239.37087709658326,0.000211711494971852
2002,7475.5401073505,8223.09411808555,7840.412609440049,4,8062.744494504703,8062.5330947821885,8049.328946260935,67.52344539922434,0.0001635952461146129
2002,8223.09411808555,9045.403529894107,8624.453870384055,3,8603.838273670022,8603.13308826281,8585.950876011664,135.04689079844928,0.00012510224702882164
2002,9045.403529894107,9949.943882883517,9486.899257422461,2,9471.377060100367,9464.952139696807,9471.377060100367,493.2837070981977,9.623249771447818e-05
2002,13243.375308117966,14567.712838929763,13889.76920279223,2,13415.548243768226,13415.548243768237,13415.548243768226,0.0,7.698599817158255e-05
2002,14567.712838929763,16024.48412282274,15278.746123071453,1,15562.035962771142,15562.035962771131,15562.035962771142,,5.773949862868691e-05
2002,16024.48412282274,17626.932535105017,16806.6207353786,3,16308.29819307782,16305.625960985273,16098.65789252187,363.1076518769188,4.811624885723909e-05
2002,19389.625788615518,21328.58836747707,20336.011089808107,1,20391.633330527704,20391.63333052771,20391.633330527704,,1.9246499542895637e-05
2002,80995.27883114877,89094.80671426366,84948.56509811741,1,82639.77718161227,82639.7771816122,82639.77718161227,,9.623249771447819e-06
2003,0.08561891658290027,0.09418080824119031,0.08979787728288793,1,0.08561891658290027,0.08561891658290026,0.08561891658290027,,0.9842632196525228
2003,0.13789012134592676,0.15167913348051945,0.1446203793428639,1,0.1498331040200755,0.1498331040200755,0.1498331040200755,,0.9842537567659639
2003,0.29557972112667097,0.3251376932393381,0.3100066268573184,1,0.299666208040151,0.29966620804015104,0.299666208040151,,0.9842442938794049
2003,0.39341660881959917,0.4327582697015591,0.4126188203470909,1,0.39955494405353464,0.39955494405353464,0.39955494405353464,,0.984234830992846
2003,0.4327582697015591,0.47603409667171503,0.4538807023818,1,0.44949931206022653,0.44949931206022653,0.44949931206022653,,0.9842253681062871
2003,0.5760012569727753,0.6336013826700528,0.6041152148701759,3,0.599332416080302,0.599332416080302,0.599332416080302,0.0,0.9842159052197282
2003,0.7666576730307642,0.8433234403338405,0.8040773509922043,3,0.8257468843773049,0.8255297029417302,0.8390653825124228,0.023068315450535434,0.9841875165600514
2003,0.9276557843672247,1.0204213628039474,0.9729335947005675,3,0.9988873601338368,0.9988873601338368,0.9988873601338368,0.0,0.9841591279003747
2003,1.122463499084342,1.2347098489927764,1.1772496495876867,5,1.1537149009545815,1.1531359968926937,1.1237482801505663,0.04103348546640662,0.9841307392406979
2003,1.2347098489927764,1.358180833892054,1.2949746145464556,6,1.2949861133163665,1.2947697278389532,1.2842837487435041,0.026215332244752986,0.9840834248079035
2003,1.4939989172812596,1.6433988090093858,1.5669192836012116,13,1.5088088796427181,1.5083932804580533,1.498331040200755,0.03777838736407771,0.98402664748855
2003,1.6433988090093858,1.8077386899103245,1.723611211961333,24,1.7881867473824489,1.787852194461562,1.7979972482409061,0.03455975020470655,0.983903629963284
2003,1.988512558901357,2.187363814791493,2.0855695664732132,5,2.0662698535339934,2.065450910590506,2.0976634562810568,0.06492375801027712,0.98367652068587
2003,2.187363814791493,2.4061001962706428,2.2941265231205348,37,2.2493863471986826,2.2492370783907387,2.2474965603011325,0.02672403174689117,0.9836292062530755
2003,2.4061001962706428,2.646710215897707,2.5235391754325884,12,2.5880695840420027,2.5879045554254474,2.5685674974870083,0.03063759465672235,0.9832790794503955
2003,2.9113812374874777,3.202519361236226,3.053482402273432,62,2.999884297692264,2.999783061583777,2.99666208040151,0.025371764319176423,0.9831655248116885
2003,3.202519361236226,3.522771297359849,3.3588306425007755,16,3.3590560363548274,3.358571487740498,3.371244840451699,0.059169106462566026,0.9825788258450358
2003,3.522771297359849,3.8750484270958343,3.694713706750854,41,3.667099962570782,3.6657565423407257,3.5959944964818122,0.10130511675442357,0.9824274196600931
2003,3.8750484270958343,4.262553269805418,4.06418507742594,13,4.033672656351107,4.032318816829735,3.9955494405353473,0.1094817559362989,0.9820394413111776
2003,4.262553269805418,4.68880859678596,4.470603585168534,84,4.481902671890226,4.481412612107478,4.494993120602265,0.06637290780907408,0.9819164237859117
2003,4.68880859678596,5.157689456464556,4.917663943685388,42,4.962499585753339,4.96121165323829,4.994436800669184,0.11401966754477806,0.9811215413149628
2003,5.157689456464556,5.673458402111013,5.409430338053927,43,5.409827322352869,5.4086777907755845,5.393991744722719,0.11294188609072404,0.9807241000794883
2003,5.673458402111013,6.240804242322114,5.95037337185932,95,6.001643215183283,6.0013068187125125,5.99332416080302,0.06413862368726776,0.9803171959574548
2003,6.240804242322114,6.864884666554326,6.545410709045252,55,6.640196696525366,6.638526920637092,6.7258415582345,0.14974094734737772,0.9794182217343579
2003,6.864884666554326,7.551373133209759,7.199951779949778,103,7.33878110148371,7.3366148803918945,7.491655201003775,0.1781961002894231,0.9788977629736175
2003,7.551373133209759,8.306510446530737,7.919946957944757,62,7.9952905533471945,7.993403195811198,7.991098881070695,0.17480809341545162,0.9779230856580491
2003,8.306510446530737,9.13716149118381,8.711941653739233,139,8.834242532556823,8.831121993796192,8.98998624120453,0.23351233902046686,0.9773363866913963
2003,9.13716149118381,10.050877640302192,9.583135819113156,157,9.799362081437298,9.796967116324563,9.888984865324982,0.21627121287859222,0.976021045459707
2003,10.050877640302192,11.055965404332413,10.541449401024474,134,10.576211237042571,10.57270877784041,10.488317281405285,0.27327894943183906,0.9745353722699572
2003,11.055965404332413,12.161561944765655,11.595594341126922,328,11.835677162166938,11.832535136241408,11.98664832160604,0.27006018866537224,0.9732673454710625
2003,12.161561944765655,13.377718139242221,12.755153775239615,141,12.814227772198837,12.810920010947612,12.842837487435043,0.2916910592926074,0.970163518679738
2003,13.377718139242221,14.715489953166445,14.030669152763577,255,14.05554372016965,14.050017342672307,14.12712123617855,0.3939165022987948,0.968829251674931
2003,14.715489953166445,16.18703894848309,15.433736068039936,443,15.35497217723384,15.348527378654383,14.98331040200755,0.44773604102386283,0.9664162156024073
2003,16.18703894848309,17.8057428433314,16.97710967484393,250,16.971729555900144,16.96695868100381,17.08097385828861,0.40275957639447596,0.9622241568568076
2003,17.8057428433314,19.58631712766454,18.674820642328324,518,18.437716642708256,18.429025409309947,17.97997248240906,0.5706719027052313,0.9598584352170786
2003,19.58631712766454,21.544948840430997,20.54230270656116,588,20.479429065668892,20.472288495509755,20.37730214673027,0.5430248834377954,0.9549566599795601
2003,21.544948840430997,23.6994437244741,22.59653297721728,548,22.470575358328468,22.46353403755036,22.474965603011324,0.5634274786445121,0.9493924826829176
2003,23.6994437244741,26.06938809692151,24.85618627493901,1059,24.55919287647441,24.54839412296385,23.97329664321208,0.7337169039170158,0.9442068208486316
2003,26.06938809692151,28.676326906613664,27.34180490243291,665,27.373038818513727,27.36375160687377,27.26962493165374,0.7141095966683808,0.9341856239827397
2003,28.676326906613664,31.543959597275034,30.075985392676206,1700,29.763828919215236,29.75426028976936,29.9666208040151,0.7565085621051421,0.9278928044210606
2003,31.543959597275034,34.69835555700254,33.08358393194383,978,33.14431766581624,33.131982639307154,32.96328288441661,0.9051882586881077,0.9118058972709036
2003,34.69835555700254,38.1681911127028,36.39194232513822,2103,36.236921183030205,36.22932242905681,35.95994496481812,0.7459737010303397,0.9025511942162837
2003,38.1681911127028,41.98501022397308,40.03113655765204,1833,40.26405378838704,40.246645350339435,39.95549440535347,1.1833914578305176,0.8826507437828836
2003,41.98501022397308,46.183511246370394,44.034250213417245,1740,44.39016673706477,44.37932937992711,44.94993120602265,0.9776564275225467,0.8653052727203906
2003,46.183511246370394,50.80186237100744,48.43767523475897,2913,48.3085336147445,48.29842528271636,47.94659328642416,0.9922960898129709,0.8488398501078769
2003,50.80186237100744,55.882048608108185,53.281442758234874,2038,53.036818342830045,53.018245003605365,52.94103008709334,1.4040812280884503,0.8212744615617548
2003,55.882048608108185,61.470253468919005,58.60958703405837,3176,59.01453052376413,58.99632201540272,59.9332416080302,1.4576241128418181,0.8019890987546842
2003,61.470253468919005,67.6172788158109,64.4705457374642,2043,64.71239056023175,64.68827121307031,64.72790093667261,1.7667361669636106,0.7719349710435671
2003,67.6172788158109,74.37900669739201,70.91760031121063,4311,71.46165526073787,71.4469560270765,71.91988992963624,1.4407583317087547,0.7526022938037019
2003,74.37900669739201,81.81690736713122,78.0093603423317,3230,77.93140996548308,77.89932809963327,77.91321409043925,2.2352199746021784,0.7118077898482152
2003,81.81690736713122,89.99859810384436,85.81029637656489,3847,87.10909036736572,87.06652016038029,87.90208769177762,2.711424613135279,0.6812426662629169
2003,89.99859810384436,98.9984579142288,94.39132601422139,3220,95.37267983489565,95.34877565344324,95.89318657284832,2.127112231607253,0.6448389416707673
2003,98.9984579142288,108.89830370565167,103.83045861564352,3705,104.04427592268618,104.0011044657003,104.58350660601269,2.9956393909827073,0.614368446951058
2003,108.89830370565167,119.78813407621685,114.21350447720788,2543,113.99489355185352,113.95715231330098,113.87315905525737,2.9349335815182602,0.5793084522502744
2003,119.78813407621685,131.76694748383855,125.63485492492869,4056,123.4517164074572,123.3950064992119,122.4350507135474,3.760588394774928,0.5552443317309512
2003,131.76694748383855,144.94364223222243,138.19834041742158,7211,141.16908202227432,141.11056239599716,143.83977985927248,4.0181419770337525,0.5168628638479882
2003,144.94364223222243,159.43800645544468,152.01817445916376,3560,151.6490609316925,151.6023630797942,149.8331040200755,3.774730426370607,0.4486259888716454
2003,159.43800645544468,175.38180710098916,167.21999190508012,3347,166.24204670943573,166.1758363207371,165.8153017822169,4.700572416237429,0.4149381127219047
2003,175.38180710098916,192.9199878110881,183.94199109558815,3764,183.28456694294928,183.21606518161116,179.7997248240906,5.032811595209542,0.38326583140921305
2003,192.9199878110881,212.2119865921969,202.33619020514698,3357,202.53372050005666,202.4593278515002,202.27469042710194,5.490367685376757,0.3476475264014535
2003,212.2119865921969,233.4331852514166,222.5698092256617,2990,221.7990598539758,221.72943768604694,221.75299394971174,5.5679122151889,0.3158806162231727
2003,233.4331852514166,256.7765037765583,244.82679014822787,3227,243.75434480058632,243.66810415879954,239.7329664321208,6.506987082570896,0.2875865854120141
2003,256.7765037765583,282.45415415421417,269.30946916305066,2461,269.42590642673537,269.3275945617768,269.69958723613587,7.283188662746769,0.2570498504863924
2003,282.45415415421417,310.69956956963557,296.2404160793558,3276,295.7259696264353,295.64015694285933,299.666208040151,7.122172985799177,0.23376168666490027
2003,310.69956956963557,341.7695265265992,325.86445768729135,2079,325.8881310234998,325.76553212385005,326.6361667637646,8.941191571892682,0.20276127029789168
2003,341.7695265265992,375.94647917925914,358.45090345602057,2168,359.7122269667213,359.60123862049926,359.5994496481812,8.935821564433496,0.18308792914190544
2003,375.94647917925914,413.5411270971851,394.29599380162267,1801,394.599889234169,394.47371340467276,395.5593946129993,9.973873905323494,0.1625723910821757
2003,413.5411270971851,454.8952398069036,433.7255931817849,1898,434.4631931423857,434.2829796690659,434.51600165821895,12.510140621126546,0.14552973238956812
2003,454.8952398069036,500.384763787594,477.0981524999634,1562,478.49265451610694,478.31598231945406,479.4659328642416,12.996591529510656,0.12756917370074566
2003,500.384763787594,550.4232401663535,524.8079677499599,1355,525.2976031539132,525.1130808190221,524.4158640702643,13.91771212816581,0.11278814489571899
2003,550.4232401663535,605.4655641829888,577.2887645249559,1506,585.1429491881548,584.9012408771231,593.9384243355793,16.72016660134806,0.0999659336083879
2003,605.4655641829888,666.0121206012878,635.0176409774516,962,637.9710034376672,637.7366680238146,639.2879104856555,17.27599498362331,0.0857148264506605
2003,666.0121206012878,732.6133326614167,698.5194050751968,1026,700.5444010725621,700.294889695705,699.2211520936856,18.67734813515256,0.07661152958098338
2003,732.6133326614167,805.8746659275583,768.3713455827165,952,767.4797253798586,767.1890896956558,764.1488305023851,21.169207496295485,0.06690260797153563
2003,805.8746659275583,886.4621325203143,845.2084801409882,691,842.4840161634942,842.1813001039175,839.0653825124228,22.626861781492384,0.05789393996744767
2003,886.4621325203143,975.1083457723458,929.7293281550872,913,921.3400911082581,920.9538656441347,907.7888328896307,26.85130289817459,0.05135508535523676
2003,975.1083457723458,1072.6191803495803,1022.7022609705958,590,1023.3104656716323,1022.9708210938061,1018.8651073365135,26.3685335510159,0.04271546992694652
2003,1072.6191803495803,1179.8810983845385,1124.9724870676555,521,1118.4461602970446,1118.0311529255296,1118.7538433498971,30.53810887033441,0.037132366857186114
2003,1179.8810983845385,1297.8692082229927,1237.4697357744212,609,1222.0191404339434,1221.5880975839905,1198.664832160604,32.746292456360734,0.03220220295999091
2003,1297.8692082229927,1427.6561290452921,1361.2167093518635,360,1358.7248779361832,1358.2083362936887,1348.4979361806795,37.53815731866213,0.026439305045611112
2003,1427.6561290452921,1570.4217419498211,1497.3383802870499,410,1497.9823797858555,1497.5071519844514,1498.331040200755,37.783803949927965,0.02303266588440138
2003,1570.4217419498211,1727.4639161448035,1647.072218315755,302,1640.157192609896,1639.6425483162836,1638.1752706194923,41.23655028295368,0.019152882395245846
2003,1727.4639161448035,1900.2103077592842,1811.779440147331,354,1808.045688260811,1807.6036855205928,1797.9972482409062,40.15591447852012,0.016295090654453233
2003,1900.2103077592842,2090.2313385352127,1992.957384162064,211,1981.4553151753792,1980.8547913922396,1977.7969730649966,48.9798584727992,0.012945228812596994
2003,2090.2313385352127,2299.254472388734,2192.2531225782704,238,2177.005855742545,2176.0318570342297,2174.977337955416,65.36469587647983,0.010948559748665734
2003,2299.254472388734,2529.179919627608,2411.478434836098,181,2414.7459789361133,2414.1273347703964,2397.329664321208,54.88942589017093,0.008696392747643741
2003,2529.179919627608,2782.0979115903688,2652.626278319708,130,2653.877746898843,2652.9958587742285,2674.520906758348,68.60471818056124,0.006983610280479957
2003,2782.0979115903688,3060.3077027494055,2917.888906151679,162,2947.3984356328356,2946.399089899488,2996.66208040151,76.4692202042663,0.0057534350278208865
2003,3060.3077027494055,3366.3384730243465,3209.6777967668468,100,3220.478276193578,3219.3418466306484,3236.395046833631,85.8274146445864,0.0042204474052765055
2003,3366.3384730243465,3702.9723203267818,3530.645576443532,80,3552.9187276852404,3551.9878657659447,3595.9944964818123,81.55237046993346,0.0032741587493849123
2003,3702.9723203267818,4073.26955235946,3883.7101340878853,40,3837.9350039798287,3836.935895620249,3856.7040974767433,88.71160579547893,0.002517127824671638
2003,4073.26955235946,4480.596507595406,4272.081147496674,45,4234.880949380823,4233.6511902742695,4195.326912562115,103.95038536514227,0.0021386123623150007
2003,4480.596507595406,4928.656158354947,4699.289262246342,51,4697.771171914768,4695.61683532323,4794.659328642416,143.173897950671,0.0017127824671637837
2003,4928.656158354947,5421.521774190443,5169.218188470977,25,5200.18362356011,5197.655790338143,5214.192019898628,165.25082277218613,0.0012301752526590712
2003,5421.521774190443,5963.673951609488,5686.140007318075,18,5645.378397023067,5643.675370708496,5693.657952762869,142.9146292388579,0.0009936030886861728
2003,5963.673951609488,6560.041346770437,6254.754008049883,38,6085.705469709714,6083.7974040961,5993.32416080302,156.47112222506323,0.000823271130625686
2003,6560.041346770437,7216.0454814474815,6880.2294088548715,17,6863.595959607624,6859.581685395465,6852.1675130460935,242.4460261272444,0.0004636814413868807
2003,7216.0454814474815,7937.650029592231,7568.25234974036,12,7577.393032748595,7574.624678395606,7571.566189814482,213.57843238849637,0.00030281236988530984
2003,7937.650029592231,8731.415032551453,8325.077584714396,5,8370.276522977498,8368.326824829976,8420.620445928243,201.71787674273133,0.00018925773117831862
2003,8731.415032551453,9604.5565358066,9157.585343185836,5,9245.0021842467,9242.609611400212,9216.234228274843,235.91078294482844,0.00014194329838373897
2003,9604.5565358066,10565.01218938726,10073.343877504421,1,9988.873601338368,9988.873601338373,9988.873601338368,,9.462886558915931e-05
2003,10565.01218938726,11621.513408325987,11080.678265254865,1,11307.404916715032,11307.404916715022,11307.404916715032,,8.516597903024338e-05
2003,11621.513408325987,12783.664749158586,12188.746091780351,3,11931.709516798679,11930.321496010069,11986.64832160604,222.40670657493015,7.570309247132746e-05
2003,14062.031224074448,15468.234346481893,14748.382771054228,1,14983.31040200755,14983.31040200755,14983.31040200755,,4.7314432794579656e-05
2003,15468.234346481893,17015.057781130083,16223.22104815965,1,16181.975234168152,16181.975234168149,16181.975234168152,,3.785154623566373e-05
2003,18716.563559243095,20588.219915167403,19630.097468273183,1,19478.303522609815,19478.303522609818,19478.303522609815,,2.8388659676747794e-05
2003,20588.219915167403,22647.041906684146,21593.1072151005,1,21486.067116478825,21486.06711647883,21486.067116478825,,1.8925773117831865e-05
2003,22647.041906684146,24911.746097352563,23752.417936610553,1,22774.631811051477,22774.631811051466,22774.631811051477,,9.462886558915933e-06
2004,0.5908999682989451,0.6499899651288397,0.6197411151353956,21,0.5908999682989451,0.5908999682989451,0.5908999682989451,0.0,0.9878841152323042
2004,1.151496872613613,1.2666465598749743,1.207700108637415,30,1.1817999365978902,1.1817999365978902,1.1817999365978902,0.0,0.9876938133773142
2004,1.685906571193591,1.8544972283129504,1.7681937290560399,25,1.7726999048968353,1.7726999048968355,1.7726999048968355,2.2662332591841974e-16,0.9874219535844714
2004,2.2439416462586705,2.4683358108845375,2.35346585337359,12,2.363599873195781,2.363599873195781,2.3635998731957804,4.638360521155014e-16,0.9871954037571024
2004,2.7151693919729913,2.9866863311702914,2.8476936825820443,39,2.954499841494725,2.9544998414947266,2.9544998414947257,4.498945439563665e-16,0.9870866598399652
2004,3.2853549642873205,3.613890460716053,3.445709355924274,22,3.54539980979367,3.5453998097936696,3.545399809793671,9.09079595102396e-16,0.9867332421092695
2004,3.975279506787658,4.372807457466425,4.169308320668372,66,4.136299778092616,4.136299778092615,4.136299778092616,0.0,0.9865338782611848
2004,4.372807457466425,4.810088203213067,4.58623915273521,42,4.727199746391561,4.72719974639156,4.727199746391561,0.0,0.9859357867169305
2004,5.291097023534374,5.820206725887812,5.549349374809604,36,5.318099714690506,5.318099714690507,5.318099714690506,0.0,0.9855551830069506
2004,5.820206725887812,6.402227398476594,6.104284312290566,86,5.908999682989454,5.908999682989446,5.908999682989451,2.68016316588696e-15,0.9852289512555391
2004,6.402227398476594,7.042450138324254,6.714712743519622,38,6.499899651288395,6.499899651288394,6.499899651288396,9.00100811146721e-16,0.9844496198493897
2004,7.042450138324254,7.74669515215668,7.386184017871585,140,7.352483891262589,7.346658620006466,7.090799619587342,0.29456808731927836,0.9841052641117888
2004,7.74669515215668,8.52136466737235,8.124802419658746,32,8.272599556185233,8.272599556185234,8.272599556185233,0.0,0.9828365850785221
2004,8.52136466737235,9.373501134109583,8.93728266162462,94,8.863499524484176,8.863499524484169,8.863499524484176,0.0,0.9825466012994898
2004,9.373501134109583,10.310851247520542,9.831010927787082,176,9.612196643408408,9.608707490685381,9.454399492783121,0.26216963688178035,0.9816947739485823
2004,10.310851247520542,11.341936372272599,10.81411202056579,121,10.909673794874736,10.905705251019178,10.636199429381012,0.295856660163233,0.9800998631639043
2004,11.341936372272599,12.476130009499858,11.895523222622371,270,12.004023430073017,12.000923507348258,11.817999365978903,0.27494844742586655,0.9790033619994382
2004,12.476130009499858,13.723743010449846,13.08507554488461,155,13.285718642076283,13.282439659188217,12.999799302576792,0.2962534266523769,0.9765566238638527
2004,13.723743010449846,15.096117311494833,14.393583099373073,256,14.629390621401226,14.627169350720354,14.772499207473627,0.25364166974456404,0.9751520149341646
2004,15.096117311494833,16.605729042644317,15.832941409310381,315,15.841746769157433,15.833533613135732,15.954299144071516,0.5128971535659792,0.9728321447019057
2004,16.605729042644317,18.26630194690875,17.41623555024142,282,17.60756182133346,17.605941073662024,17.726999048968352,0.23771957188757512,0.969977616877056
2004,18.26630194690875,20.092932141599626,19.157859105265565,480,19.180859179303884,19.172668687249992,19.499698953865188,0.5606730935361501,0.9674221348243333
2004,20.092932141599626,22.102225355759593,21.07364501579212,443,21.35909975704516,21.35302887468653,21.272398858762024,0.5086087026181335,0.9630723781388478
2004,22.102225355759593,24.31244789133555,23.181009517371336,663,23.52459225226344,23.5184183922992,23.635998731957805,0.5363590707081279,0.9590579151978686
2004,24.31244789133555,26.743692680469113,25.499110469108473,704,25.731847057018125,25.723509719145287,25.40869863685464,0.6560075540335623,0.9530498137760419
2004,26.743692680469113,29.418061948516023,28.049021516019323,494,27.9888023445891,27.981452730169668,27.772298510050415,0.6424012503380735,0.9466701706373299
2004,29.418061948516023,32.35986814336763,30.853923667621256,1397,30.272097230627917,30.262056301265925,30.1358983832462,0.7837292785057433,0.9421935460485179
2004,32.35986814336763,35.5958549577044,33.93931603438338,1346,34.2414678509518,34.22317414488501,34.272198161338814,1.1160900071484134,0.9295339416951365
2004,35.5958549577044,39.15544045347484,37.33324763782173,1887,38.031161181720655,38.01895699467499,38.408497939431435,0.9560864821946838,0.9173364989895878
2004,39.15544045347484,43.07098449882233,41.066572401603906,1301,41.20630255489761,41.19511179022984,41.36299778092616,0.958910912702904,0.9002365180197732
2004,43.07098449882233,47.37808294870456,45.173229641764294,2149,45.369239073674244,45.34797802486915,44.90839759071983,1.3909869867109592,0.8884468650034889
2004,47.37808294870456,52.115891243575014,49.69055260594073,2658,50.291856444116085,50.27886171633227,50.81739727370928,1.1368835622039561,0.868972641842847
2004,52.115891243575014,57.32748036793253,54.659607866534806,2069,54.85745089940134,54.83643096760882,54.95369705180189,1.5200118215328993,0.8448858641969715
2004,57.32748036793253,63.060228404725784,60.125568653188296,2996,60.016976085904204,60.00188404774237,59.08999682989451,1.3524179051013039,0.8261366004839105
2004,63.060228404725784,69.36625124519837,66.13812551850712,2395,66.33253067933732,66.30726638971714,66.18079644948186,1.8280732901124437,0.7989868691720057
2004,69.36625124519837,76.30287636971822,72.75193807035785,2714,72.73382048996146,72.7111953834395,72.68069610077025,1.8149959412848289,0.7772833957100524
2004,76.30287636971822,83.93316400669003,80.02713187739364,4994,79.04251400135682,79.0062009907568,78.5896957837597,2.4115508088230375,0.7526891464508704
2004,83.93316400669003,92.32648040735904,88.029845065133,3413,88.66061880045508,88.63442826323755,88.63499524484176,2.1514930451842846,0.7074335529356327
2004,92.32648040735904,101.55912844809497,96.83282957164631,3116,96.8421710240491,96.81343407697507,97.49849476932593,2.3601069512045605,0.6765049705032125
2004,101.55912844809497,111.71504129290446,106.51611252881095,4031,105.57715717392111,105.53544235706063,105.18019435721223,2.97811161978508,0.6482678000199363
2004,111.71504129290446,122.88654542219493,117.16772378169205,4361,117.34520010218989,117.31153335576964,118.17999365978902,2.8033853444144086,0.6117389058549537
2004,122.88654542219493,135.17519996441442,128.88449615986127,3203,128.9075123162409,128.86240852862974,129.40709305746898,3.408287420865347,0.5722195539686998
2004,135.17519996441442,148.6927199608559,141.77294577584743,3888,142.48911378053177,142.42308974819878,141.81599239174682,4.332784433664394,0.5431939900861795
2004,148.6927199608559,163.56199195694148,155.95024035343218,7493,154.9674399845997,154.93422852950906,153.63399175772574,3.2288766513132745,0.5079609609337478
2004,163.56199195694148,179.91819115263564,171.5452643887754,4191,172.60807031507017,172.5373371187638,173.1336907115909,4.925618430984454,0.44005944667470165
2004,179.91819115263564,197.91001026789922,188.69979082765295,3552,189.49074008743378,189.41243783526045,189.08798985566244,5.436788263879121,0.4020806336145572
2004,197.91001026789922,217.70101129468918,207.56976991041827,3449,207.59348976167644,207.52216735961866,206.81498890463078,5.440977776211342,0.3698924341419652
2004,217.70101129468918,239.47111242415812,228.32674690146013,4071,229.80681813049412,229.7171961647941,230.4509876365886,6.401591833778745,0.3386376199581336
2004,239.47111242415812,263.41822366657397,251.15942159160616,2777,251.25887996643573,251.17481162994093,251.13248652705164,6.496366599529712,0.3017462460693605
2004,263.41822366657397,289.76004603323133,276.27536375076676,2848,275.2404998053157,275.1304404487471,274.7684852590095,7.799993073353321,0.27658109124520847
2004,289.76004603323133,318.7360506365545,303.9029001258435,3633,302.52289249559084,302.42921265342034,301.358983832462,7.54730787172254,0.2507725349113284
2004,318.7360506365545,350.60965570021006,334.29319013842786,2210,333.1403113582022,333.0194583628409,332.6766821523061,8.985656918248367,0.21785031399806074
2004,350.60965570021006,385.67062127023104,367.72250915227073,2705,365.84266314563536,365.6806315805111,365.1761804087481,10.926106506086311,0.19782330925863834
2004,385.67062127023104,424.23768339725416,404.4947600674978,2075,404.1060941756279,403.96849271563156,403.5846783481795,10.546895979216679,0.17331061793730912
2004,424.23768339725416,466.6614517369796,444.94423607424756,1885,444.43169663424095,444.2961728721563,443.17497622420876,10.980297087688276,0.15450698226567952
2004,466.6614517369796,513.3275969106776,489.43865968167233,1834,487.07040244070186,486.8786418218029,487.49247384662976,13.702474641041182,0.13742512528205453
2004,513.3275969106776,564.6603566017454,538.3825256498396,1479,537.8687936592153,537.6594941352978,531.8099714690507,15.031314756463573,0.12080542994626238
2004,564.6603566017454,621.12639226192,592.2207782148237,1689,592.3392592815277,592.1870856034259,590.8999682989452,13.45461567041857,0.10740274215911047
2004,621.12639226192,683.2390314881121,651.4428560363061,1085,652.6443858159263,652.4179973320503,649.9899651288397,17.196192570834476,0.0920970358220587
2004,683.2390314881121,751.5629346369234,716.5871416399368,1237,716.9245531304442,716.6642350101228,709.0799619587341,19.330998466273797,0.08226477331424273
2004,751.5629346369234,826.7192281006157,788.2458558039306,835,784.7413414924088,784.5174660446698,787.078757774195,18.791545834356608,0.07105508785602305
2004,826.7192281006157,909.3911509106774,867.0704413843237,1057,866.8871498028852,866.50897821175,875.7137530190366,25.52030056305558,0.0634883236218974
2004,909.3911509106774,1000.3302660017453,953.7774855227561,726,953.001189919493,952.6819730593768,945.4399492783122,24.689056350664156,0.05390979692073475
2004,1000.3302660017453,1100.3632926019197,1049.1552340750318,739,1047.8463520387327,1047.4735337503937,1043.529344015937,27.991136127370883,0.04733078993393807
2004,1100.3632926019197,1210.399621862112,1154.070757482535,745,1163.1687416242764,1162.8002385003033,1181.7999365978903,29.11645494811629,0.0406339770369095
2004,1210.399621862112,1331.4395840483232,1269.4778332307887,528,1270.324138098676,1269.7981515266515,1270.434931842732,36.64865796566945,0.033882792181312356
2004,1331.4395840483232,1464.5835424531556,1396.4256165538675,359,1391.9973751817809,1391.549462854158,1388.6149255025211,35.42666668083387,0.02909805982727841
2004,1464.5835424531556,1611.0418966984712,1536.0681782092545,539,1520.6202243575196,1519.9363482531307,1506.7949191623102,45.84711513866684,0.025844804306259118
2004,1611.0418966984712,1772.1460863683185,1689.67499603018,306,1680.3804745555412,1679.823619579339,1674.0196101909114,43.43052571247615,0.0209603900281828
2004,1772.1460863683185,1949.3606950051508,1858.6424956331982,418,1820.7494023190388,1819.8408030886242,1787.4724041043091,58.04980097026916,0.018187420141185854
2004,1949.3606950051508,2144.296764505666,2044.5067451965185,294,2039.5153589498618,2038.7985205411703,2062.2408893633183,54.09973457555092,0.014399507027575646
2004,2144.296764505666,2358.7264409562326,2248.9574197161705,168,2242.3106201789897,2241.574381317074,2245.419879535991,57.62977781047939,0.011735281057715834
2004,2358.7264409562326,2594.599085051856,2473.853161687787,246,2421.6041513847354,2420.567748586162,2377.7814724349555,71.5998479201082,0.010212866217795942
2004,2594.599085051856,2854.058993557042,2721.238477856566,160,2707.62922098903,2706.679631070832,2688.5948557602005,72.15998844738365,0.007983615916484672
2004,2854.058993557042,3139.464892912746,2993.362325642223,173,2985.663837510677,2984.886960618239,2954.4998414947254,68.60468731317606,0.0065336970213228695
2004,3139.464892912746,3453.4113822040213,3292.698558206446,91,3270.2157465349787,3269.0454420304745,3249.949825644198,88.25862426907908,0.004965972215929171
2004,3453.4113822040213,3798.752520424424,3621.968414027091,105,3586.9428913744587,3586.216022456539,3545.39980979367,72.99068820101316,0.004141330844305896
2004,3798.752520424424,4178.627772466866,3984.1652554298,82,4002.6699120909607,4000.6771732003567,3997.4382855423637,126.89243367525327,0.003189821569355964
2004,4178.627772466866,4596.490549713553,4382.5817809727805,54,4408.814089398485,4407.320032653954,4431.749762242089,115.39549580396525,0.0024467381355855406
2004,4596.490549713553,5056.1396046849095,4820.839959070059,57,4824.791541155882,4823.023467980993,4771.517244013981,132.15033157643688,0.0019573905084684325
2004,5056.1396046849095,5561.753565153401,5302.9239549770655,29,5332.13868290285,5330.592759187139,5318.099714690506,130.3368062794262,0.0014408569020670405
2004,5561.753565153401,6117.928921668741,5833.216350474772,43,5885.597295872867,5884.48485032292,5908.999682989451,115.27837693656843,0.001178059102318964
2004,6117.928921668741,6729.721813835617,6416.537985522251,15,6351.780725901461,6348.461358212549,6302.539061876549,213.79029010984823,0.0007883933992442298
2004,6729.721813835617,7402.693995219178,7058.191784074475,23,7095.603893242641,7092.732676888631,7090.79961958734,206.58673752556618,0.0006524635028228109
2004,7402.693995219178,8142.963394741097,7764.010962481924,13,7702.653809839041,7700.292899700042,7681.699587886286,199.73068898928102,0.0004440376616433018
2004,8142.963394741097,8957.259734215208,8540.412058730117,9,8642.43728078834,8638.46319366768,8774.864529239336,275.88581712839533,0.00032623175141140544
2004,8957.259734215208,9852.98570763673,9394.453264603131,7,9461.574706683896,9459.483213325264,9454.399492783123,215.10339623203186,0.00024467381355855407
2004,9852.98570763673,10838.284278400402,10333.898591063444,3,10439.232773281363,10435.468317389079,10636.199429381011,341.15625576153735,0.00018123986189522522
2004,10838.284278400402,11922.112706240443,11367.288450169788,4,11670.274373904165,11667.420857702395,11817.999365978902,295.4499841494726,0.00015405388261094144
2004,11922.112706240443,13114.32397686449,12504.017295186768,2,12972.61790403504,12972.58942754544,12972.61790403504,38.44030246201403,0.00011780591023189641
2004,13114.32397686449,14425.756374550938,13754.419024705447,2,14181.59923917468,14181.599239174675,14181.59923917468,0.0,9.968192404237388e-05
2004,14425.756374550938,15868.332012006034,15129.86092717599,3,15198.932017929365,15195.809565516805,15342.717676882108,375.7716526072796,8.155793785285136e-05
2004,15868.332012006034,17455.165213206637,16642.84701989359,1,16769.741100324063,16769.741100324067,16769.741100324063,,5.437195856856757e-05
2004,17455.165213206637,19200.681734527305,18307.131721882954,1,17726.999048968355,17726.99904896836,17726.999048968355,,4.5309965473806306e-05
2004,21120.749907980036,23232.824898778043,22151.62938347838,1,21272.398858762022,21272.398858762037,21272.398858762022,,3.624797237904505e-05
2004,25556.10738865585,28111.718127521435,26803.471554008844,1,27181.398541751474,27181.39854175147,27181.398541751474,,2.7185979284283786e-05
2004,28111.718127521435,30922.88994027358,29483.818709409727,1,29692.723407021993,29692.72340702198,29692.723407021993,,1.8123986189522524e-05
2004,34015.178934300944,37416.69682773104,35675.420638385775,1,36192.62305831039,36192.62305831036,36192.62305831039,,9.061993094761262e-06
2005,0.7108660517764732,0.7819526569541206,0.7455626049669463,10,0.7108660517764732,0.7108660517764732,0.7108660517764732,0.0,0.9890640273704789
2005,1.3852768309062995,1.5238045139969296,1.4528905974196338,17,1.4217321035529464,1.4217321035529464,1.4217321035529464,0.0,0.9889767490573942
2005,2.028183808129914,2.2310021889429055,2.127177123682087,18,2.1325981553294198,2.1325981553294193,2.1325981553294198,0.0,0.9888283759251502
2005,2.699512648620916,2.9694639134830076,2.8312727516208582,7,2.843464207105893,2.843464207105893,2.843464207105893,0.0,0.9886712749615976
2005,3.2664103048313087,3.59305133531444,3.425840029461239,17,3.554330258882366,3.554330258882366,3.554330258882366,0.0,0.9886101801424382
2005,3.9523564688458843,4.347592115730473,4.145266435648099,30,4.265196310658839,4.2651963106588395,4.2651963106588395,9.033620566533923e-16,0.9884618070101941
2005,4.7823513273035205,5.260586460033873,5.015772387134201,37,4.976062362435311,4.9760623624353135,4.976062362435313,1.8008594705238024e-15,0.9881999720709398
2005,5.260586460033873,5.786645106037261,5.517349625847622,25,5.686928414211787,5.686928414211785,5.686928414211786,9.06493303673679e-16,0.9878770423125262
2005,6.365309616640988,7.001840578305087,6.6759930472756235,25,6.397794465988259,6.397794465988261,6.397794465988259,0.0,0.9876588465298143
2005,7.001840578305087,7.702024636135596,7.343592352003187,64,7.108660517764732,7.108660517764731,7.108660517764732,0.0,0.9874406507471024
2005,7.702024636135596,8.472227099749157,8.077951587203506,30,7.819526569541207,7.81952656954121,7.819526569541205,1.8067241133067846e-15,0.9868820695433599
2005,8.472227099749157,9.319449809724073,8.885746745923857,101,8.85415339737429,8.847106738084518,8.530392621317679,0.3557847657327352,0.9866202346041055
2005,9.319449809724073,10.251394790696482,9.774321420516245,25,9.952124724870625,9.952124724870618,9.952124724870625,0.0,0.9857387236419495
2005,10.251394790696482,11.27653426976613,10.751753562567869,85,10.662990776647097,10.662990776647094,10.662990776647097,0.0,0.9855205278592375
2005,11.27653426976613,12.404187696742744,11.826928918824656,172,11.55157334136769,11.547553734315214,11.373856828423571,0.30871275876994403,0.984778662198017
2005,12.404187696742744,13.64460646641702,13.009621810707124,85,13.197019172979699,13.192290088402391,13.50645498375299,0.35453584391237813,0.983277475212959
2005,13.64460646641702,15.009067113058721,14.310583991777836,256,14.458904420312875,14.455024131008088,14.217321035529464,0.3373655092891228,0.9825356095517386
2005,15.009067113058721,16.509973824364597,15.74164239095562,116,16.037383254301982,16.033487560234022,16.34991919085888,0.354365657034112,0.9803012847367686
2005,16.509973824364597,18.160971206801058,17.315806630051185,250,17.58398265674284,17.58115442868335,17.77165129441183,0.313977824431004,0.9792888563049853
2005,18.160971206801058,19.977068327481167,19.047387293056307,261,19.17159440020918,19.161113386438867,19.193383397964777,0.6354430331900704,0.9771068984778662
2005,19.977068327481167,21.97477516022928,20.952126022361938,266,21.213739545118962,21.212131191400864,21.325981553294195,0.2597004329060977,0.9748289345063539
2005,21.97477516022928,24.172252676252214,23.04733862459813,416,23.150993436220332,23.14226561457483,23.458579708623613,0.634010730683279,0.9725073313782991
2005,24.172252676252214,26.589477943877437,25.35207248705795,401,25.67804179546686,25.670526730866268,25.591177863953035,0.6207497818523942,0.968876553553973
2005,26.589477943877437,29.248425738265183,27.887279735763745,553,28.326662417624526,28.319193470711113,28.434642071058928,0.6469795955901589,0.9653766931992739
2005,29.248425738265183,32.17326831209171,30.676007709340126,473,30.875332278426775,30.863352212032105,30.567240226388346,0.862073179317855,0.9605502024856863
2005,32.17326831209171,35.39059514330088,33.74360848027414,386,33.74772124042453,33.73743827370247,33.41070443349424,0.834245811846123,0.956421938276777
2005,35.39059514330088,38.92965465763097,37.117969328301555,1173,36.187506009998756,36.1752166469512,35.54330258882366,0.9523887996824947,0.9530529953917051
2005,38.92965465763097,42.82262012339407,40.82976626113171,1354,41.49326194242984,41.47049965540518,42.65196310658839,1.3653995247653348,0.9428152492668622
2005,42.82262012339407,47.10488213573348,44.91274288724489,1195,45.64414406092785,45.62591328020361,46.206293365470756,1.2843687958756365,0.930997765675185
2005,47.10488213573348,51.81537034930683,49.40401717596938,894,49.581714383134205,49.57020352303733,49.76062362435312,1.0660662053199461,0.9205680072615556
2005,51.81537034930683,56.99690738423752,54.34441889356632,2630,54.32611354091449,54.30369866536602,53.31495388323549,1.5695069685035825,0.9127653260717777
2005,56.99690738423752,62.69659812266127,59.778860782922955,1524,60.1740649668136,60.155011090128816,60.423614401000215,1.5143078941427013,0.8898111297304846
2005,62.69659812266127,68.96625793492741,65.75674686121526,1613,65.95364987384039,65.92979675051637,66.110542815212,1.7768500973941557,0.8765099148163664
2005,68.96625793492741,75.86288372842016,72.33242154733679,3845,71.75032666682223,71.73676895706701,71.08660517764731,1.40835842237884,0.8624319229157938
2005,75.86288372842016,83.44917210126218,79.56566370207048,2287,79.83271316404277,79.80307352965005,79.616997798965,2.172413665938373,0.8288734115347018
2005,83.44917210126218,91.7940893113884,87.52223007227754,2936,87.43265043906872,87.40633161324361,87.4365243685062,2.147759171523382,0.8089128613322162
2005,91.7940893113884,100.97349824252726,96.27445307950529,2868,96.27153846040731,96.23500373766078,95.96691698982389,2.6569777201864144,0.7832879486105293
2005,100.97349824252726,111.07084806677997,105.90189838745583,5162,106.58005625334755,106.56605782941347,106.62990776647098,1.723756684122922,0.7582565284178188
2005,111.07084806677997,122.177932873458,116.49208822620143,3058,116.59388800757462,116.55856707043453,117.29289854311808,2.8691064197381433,0.7132034632034632
2005,122.177932873458,134.3957261608038,128.14129704882157,3379,127.84586181308298,127.80260659063212,127.95588931976516,3.3303528379290053,0.6865137550621422
2005,134.3957261608038,147.8352987768842,140.95542675370373,4865,141.47607943380942,141.44812488297674,142.17321035529463,2.798017584956883,0.6570224130708001
2005,147.8352987768842,162.6188286545726,155.05096942907412,3670,155.73428774411602,155.6772557630001,156.3905313908241,4.203105152523176,0.6145615137550622
2005,162.6188286545726,178.8807115200299,170.55606637198156,4330,171.97212422549038,171.89167462207865,171.31871847813002,5.249387041167045,0.5825303728529535
2005,178.8807115200299,196.76878267203293,187.61167300917973,3434,188.8746672606167,188.81086941643684,189.09036977254186,4.902164364003895,0.5447388632872504
2005,196.76878267203293,216.4456609392362,206.37284031009773,8657,211.15874938221944,211.1101922939429,213.25981553294196,4.468697018100477,0.5147674905739422
2005,216.4456609392362,238.09022703315986,227.0101243411075,3567,228.6914081842477,228.60833509556065,229.6097347238008,6.149315795411275,0.4392106549364614
2005,238.09022703315986,261.8992497364759,249.71113677521828,3708,250.20548736899994,250.11942705391627,248.8031181217656,6.562022531653115,0.40807848065912583
2005,261.8992497364759,288.0891747101235,274.68225045274016,4464,276.84665646899776,276.7300772004851,279.37035834815396,8.006909580171024,0.37571568216729506
2005,288.0891747101235,316.8980921811359,302.1504754980142,2684,302.4629109019508,302.37194195838646,302.11807200500107,7.414263279952607,0.3367546432062561
2005,316.8980921811359,348.58790139924946,332.36552304781566,3687,329.1115088314088,328.9789010240844,326.9983838171777,9.385576378074347,0.3133291439743053
2005,348.58790139924946,383.4466915391744,365.6020753525972,3611,362.6836233828306,362.56099595279505,355.43302588823656,9.486180315020313,0.2811496299399525
2005,383.4466915391744,421.791360693092,402.162282887857,2488,400.5167337563481,400.3788352630608,399.50672109837797,10.532340373566143,0.249633431085044
2005,421.791360693092,463.9704967624012,442.37851117664275,3908,437.98989500982475,437.7807214409854,429.3630952729898,13.62920502041756,0.22791858678955454
2005,463.9704967624012,510.3675464386413,486.616362294307,2250,487.1729341867247,487.0129053628937,488.0095445445489,12.479142986611558,0.1938102220360285
2005,510.3675464386413,561.4043010825054,535.2779985237377,1989,533.9558303420621,533.8114073423545,533.1495388323549,12.427216669862881,0.17417260159195644
2005,561.4043010825054,617.5447311907561,588.8057983761115,2149,585.1204960807054,584.8862148104009,584.3318945602609,16.617656570949297,0.15681294511939672
2005,617.5447311907561,679.2992043098318,647.6863782137228,1781,647.7203113377889,647.4907114013358,639.7794465988259,17.281306925286493,0.1380568356374808
2005,679.2992043098318,747.229124740815,712.4550160350951,1930,714.0196451108307,713.8181916122471,710.8660517764731,16.999938204906318,0.1225125680770842
2005,747.229124740815,821.9520372148966,783.7005176386048,1208,786.864576601619,786.6058443780819,781.9526569541205,20.185331944631315,0.10566785365172462
2005,821.9520372148966,904.1472409363862,862.0705694024651,1393,863.4006579072663,863.1148990679417,853.0392621317678,22.22354421701176,0.09512463343108504
2005,904.1472409363862,994.5619650300249,948.2776263427118,1036,944.0088456707344,943.7441250976538,947.5844470180386,22.395434606642212,0.08296676441837732
2005,994.5619650300249,1094.0181615330278,1043.105388976983,1321,1043.0482150612986,1042.587886601806,1056.3469529398392,30.8696607984351,0.0739247311827957
2005,1094.0181615330278,1203.4199776863304,1147.4159278746815,852,1147.7624916286763,1147.3889779045478,1139.8737140235748,29.273135212301806,0.06239526602429828
2005,1203.4199776863304,1323.7619754549635,1262.1575206621496,863,1257.6711380090026,1257.2066341083632,1255.3894474372516,34.22151025832676,0.05495915374947633
2005,1323.7619754549635,1456.1381730004603,1388.3732727283648,897,1398.4027001725717,1397.9480772425509,1421.7321035529462,35.45722307339838,0.04742703533026114
2005,1456.1381730004603,1601.7519903005063,1527.2106000012018,635,1531.5525124966819,1530.8562024468508,1528.3620113194174,46.22761495738907,0.03959817064655774
2005,1601.7519903005063,1761.9271893305568,1679.9316600013217,431,1679.3394049331412,1678.817083366737,1672.6678198300415,41.971992586898516,0.03405599776567519
2005,1761.9271893305568,1938.1199082636126,1847.9248260014538,577,1830.8102602774097,1829.989594372534,1823.3714228066538,55.074611486060405,0.030294302471721827
2005,1938.1199082636126,2131.931899089974,2032.7173086015994,334,2017.150528842859,2016.5148348793596,2013.8835246827484,50.85189419844112,0.025258343806730903
2005,2131.931899089974,2345.125088998972,2235.9890394617596,532,2196.3649781167815,2195.328435630959,2168.1414579182433,67.87512078210978,0.022343248149699763
2005,2345.125088998972,2579.637597898869,2459.5879434079357,348,2453.351948571078,2452.4266014199648,2465.283467560809,67.43527210688184,0.01770004189359028
2005,2579.637597898869,2837.6013576887563,2705.5467377487294,245,2686.066857266226,2685.314954679782,2677.121550990198,63.82493089715728,0.01466275659824047
2005,2837.6013576887563,3121.3614934576326,2976.101411523603,314,2918.3632276695002,2917.153324664958,2893.580263756134,84.73291163019918,0.012524437927663733
2005,3121.3614934576326,3433.497642803396,3273.7115526759635,179,3254.845171192045,3253.74244815568,3234.440535582953,85.28138098021306,0.009783898896802123
2005,3433.497642803396,3776.8474070837356,3601.0827079435603,214,3593.6637398126704,3592.676421489421,3554.330258882366,84.80510409637549,0.008221617092584834
2005,3776.8474070837356,4154.53214779211,3961.1909787379163,134,3963.4601965324046,3962.029297145327,3954.9032790584083,106.88731387366543,0.00635386119257087
2005,4154.53214779211,4569.985362571321,4357.310076611709,125,4325.7336636281225,4324.419104957077,4265.196310658839,107.77053341057402,0.005184331797235023
2005,4569.985362571321,5026.983898828453,4793.04108427288,109,4769.382949161475,4767.352021144744,4738.633101141971,140.24228677530508,0.004093352883675464
2005,5026.983898828453,5529.682288711299,5272.345192700168,55,5291.699814261372,5290.133507976863,5331.4953883235485,129.84940548391816,0.003142019271051529
2005,5529.682288711299,6082.65051758243,5799.5797119701865,74,5805.796745626408,5803.404760001894,5769.033443191968,168.00515688121106,0.0026619885490853233
2005,6082.65051758243,6690.915569340673,6379.537683167205,39,6385.3816510841625,6383.373818011827,6397.794465988259,162.0171304892632,0.0020161290322580645
2005,6690.915569340673,7360.007126274741,7017.491451483925,73,7051.800971513734,7050.1139356781205,7108.660517764732,154.5035421725886,0.0016757436112274822
2005,7360.007126274741,8096.0078389022165,7719.240596632319,31,7705.810932419929,7703.103276874594,7780.428936693498,207.59459205737002,0.0010386119257086998
2005,8096.0078389022165,8905.608622792437,8491.16465629555,24,8505.008779385493,8502.192769411344,8530.392621317678,223.7498532792277,0.0007680491551459293
2005,8905.608622792437,9796.169485071683,9340.281121925107,12,9405.172536866276,9402.105651132244,9404.757865002739,250.70621529907132,0.0005585812037424941
2005,9796.169485071683,10775.786433578853,10274.30923411762,10,10473.7582336642,10470.505611580591,10662.990776647097,274.08550733380457,0.00045384722804077643
2005,10775.786433578853,11853.36507693674,11301.740157529382,11,11391.693103904508,11389.062433501265,11373.85682842357,257.1656473317355,0.00036656891495601173
2005,11853.36507693674,13038.701584630411,12431.914173282321,9,12668.106953357936,12661.412337342757,12795.588931976517,431.13996738252433,0.00027056277056277056
2005,13038.701584630411,14342.571743093455,13675.105590610552,7,13671.477460058242,13665.180130664898,13595.31324022505,448.5026682853693,0.00019201228878648233
2005,14342.571743093455,15776.828917402803,15042.61614967161,5,15153.389452508723,15152.547341426513,15105.903600250054,178.65408903359673,0.00013091746962714705
2005,17354.511809143085,19089.962990057393,18201.565541102653,3,17771.65129441183,17771.65129441183,17771.65129441183,0.0,8.72783130847647e-05
2005,19089.962990057393,20998.959289063136,20021.722095212917,2,19371.099910908895,19370.28468039235,19371.099910908895,251.3291028632257,6.109481915933529e-05
2005,20998.959289063136,23098.85521796945,22023.89430473421,1,21183.8083429389,21183.808342938897,21183.8083429389,,4.363915654238235e-05
2005,27949.61481374304,30744.57629511735,29313.803319601244,1,28683.44518918069,28683.44518918071,28683.44518918069,,3.491132523390588e-05
2005,30744.57629511735,33819.03392462908,32245.183651561372,1,31775.712514408355,31775.71251440838,31775.712514408355,,2.618349392542941e-05
2005,33819.03392462908,37200.93731709199,35469.70201671751,1,36965.034692376605,36965.03469237659,36965.034692376605,,1.745566261695294e-05
2005,45013.13415368132,49514.44756904946,47210.173384251015,1,45874.318919291145,45874.318919291145,45874.318919291145,,8.72783130847647e-06
2006,0.7372348623166826,0.8109583485483509,0.7732184467772402,3,0.7372348623166826,0.7372348623166826,0.7372348623166826,0.0,0.9904928911582168
2006,1.4366621829126658,1.5803284012039325,1.5067840092702485,3,1.4744697246333651,1.4744697246333651,1.4744697246333651,0.0,0.990467103340382
2006,2.1034171020024344,2.3137588122026784,2.2060824679725717,15,2.2117045869500482,2.2117045869500482,2.211704586950048,4.596760034896314e-16,0.9904413155225471
2006,2.799648162765241,3.0796129790417655,2.9362957648714936,5,2.9489394492667302,2.9489394492667307,2.9489394492667302,0.0,0.9903123764333729
2006,3.387574276945942,3.726331704640537,3.552917875494508,24,3.6861743115834127,3.686174311583413,3.6861743115834127,0.0,0.9902693967369814
2006,4.098964875104591,4.50886136261505,4.299030629348356,16,4.423409173900096,4.423409173900096,4.423409173900096,0.0,0.9900630941943026
2006,4.959747498876555,5.455722248764212,5.20182706151151,47,5.160644036216779,5.160644036216775,5.1606440362167785,8.97780627622646e-16,0.98992555916585
2006,5.455722248764212,6.001294473640633,5.722009767662662,17,5.8978788985334605,5.8978788985334605,5.8978788985334605,0.0,0.9895215500197707
2006,6.601423921004697,7.261566313105167,6.923631818871822,14,6.635113760850144,6.635113760850143,6.635113760850143,9.217063053461964e-16,0.9893754190520399
2006,7.261566313105167,7.987722944415685,7.615995000759005,47,7.372348623166826,7.372348623166832,7.372348623166825,8.97780627622646e-16,0.9892550759021438
2006,7.987722944415685,8.786495238857254,8.377594500834906,37,8.109583485483505,8.109583485483505,8.109583485483508,3.601718941047605e-15,0.9888510667560645
2006,8.786495238857254,9.665144762742981,9.215353950918399,104,9.272146152982895,9.264930615757793,9.584053210116872,0.36599280298651365,0.9885330170027679
2006,9.665144762742981,10.63165923901728,10.13688934601024,13,10.321288072433559,10.321288072433562,10.321288072433557,1.8488908177493114e-15,0.9876390393178263
2006,10.63165923901728,11.694825162919008,11.150578280611263,91,11.058522934750242,11.058522934750243,11.058522934750238,3.5723964536767395e-15,0.9875272921072086
2006,11.694825162919008,12.864307679210908,12.265636108672389,133,11.945422017236474,11.941828204076128,11.795757797066921,0.29766508227986943,0.9867450616328847
2006,12.864307679210908,14.150738447132003,13.492199719539629,82,13.719760974332413,13.715009425284089,14.00746238401697,0.36183987076093627,0.9856018017088727
2006,14.150738447132003,15.565812291845203,14.841419691493595,246,14.996435979807641,14.99240239046599,14.74469724633365,0.3503099060803778,0.9848969346880534
2006,15.565812291845203,17.122393521029725,16.325561660642954,118,16.68150069818257,16.677661984283702,16.9564018332837,0.35802563815035005,0.9827823336255953
2006,17.122393521029725,18.8346328731327,17.95811782670725,190,18.25626330105259,18.253533790036077,18.430871557917065,0.3142595030219222,0.9817680127907576
2006,18.8346328731327,20.718096160445974,19.753929609377984,193,19.721987534409497,19.712368645341243,19.168106420233745,0.6206174119839513,0.9801347843278835
2006,20.718096160445974,22.78990577649057,21.72932257031578,182,21.967168452436105,21.965137642171833,22.117045869500476,0.2975197124757261,0.9784757680471745
2006,22.78990577649057,25.06889635413963,23.90225482734736,362,23.91940181742939,23.910936043043964,23.591515594133842,0.6368645139397432,0.9769113070985267
2006,25.06889635413963,27.575785989553594,26.292480310082098,309,26.547612663423067,26.540420972457362,26.540455043400573,0.6187728141396605,0.9737995770797875
2006,27.575785989553594,30.333364588508957,28.921728341090308,441,29.347297070225313,29.33993580766309,29.4893944926673,0.6543412773062245,0.9711434318427975
2006,30.333364588508957,33.366701047359854,31.813901175199344,359,32.16931509245357,32.157038052983665,31.70109907961735,0.8895402947252553,0.9673526226210738
2006,33.366701047359854,36.70337115209584,34.99529129271928,343,35.16158924967525,35.150341129598836,35.387273391200765,0.8886046462779986,0.9642666804201695
2006,36.70337115209584,40.37370826730543,38.49482042199121,851,37.526207439449756,37.51384038746415,36.86174311583413,0.9727124998485324,0.9613182732477178
2006,40.37370826730543,44.411079094035976,42.344302464190335,930,42.56144059976633,42.54014375756725,42.75962201436759,1.3451590049401063,0.9540031289218973
2006,44.411079094035976,48.85218700343958,46.57873271060937,926,47.26344233415752,47.2445707688889,47.92026605058437,1.3307775153843984,0.9460089053930923
2006,48.85218700343958,53.737405703783544,51.236605981670316,932,51.43716111266589,51.427892268471716,51.60644036216778,0.9733564418464185,0.9380490656214004
2006,53.737405703783544,59.1111462741619,56.36026657983735,1483,56.50311156501291,56.476133105523395,56.02984953606788,1.7498291330315117,0.9300376502140388
2006,59.1111462741619,65.0222609015781,61.996293237821085,1820,62.89990627501894,62.879713324567916,63.4021981592347,1.5856992765110098,0.9172898722643423
2006,65.0222609015781,71.52448699173591,68.1959225616032,1534,68.26823660835882,68.24140206595557,68.56284219545148,1.9161594316938064,0.9016452627778637
2006,71.52448699173591,78.6769356909095,75.01551481776353,2189,74.64326165834112,74.62454581909539,73.72348623166826,1.6822029071832039,0.8884590919249746
2006,78.6769356909095,86.54462926000046,82.51706629953989,3052,83.44112098793885,83.40347592031716,84.78200916641849,2.4895993004328885,0.8696425808448089
2006,86.54462926000046,95.19909218600053,90.76877292949389,2480,90.76550243605969,90.73827727907975,90.67988806495195,2.224433749540227,0.8434077741674832
2006,95.19909218600053,104.71900140460058,99.84565022244328,3022,100.20222042127462,100.16477672271841,100.26394127506883,2.73870658520251,0.8220898447573366
2006,104.71900140460058,115.19090154506064,109.83021524468762,3018,110.27401754677626,110.24359217128328,110.58522934750239,2.587849602465921,0.7961129162583596
2006,115.19090154506064,126.70999169956673,120.81323676915639,2759,120.90598299814377,120.86808695537967,121.64375228225263,3.0268332725990716,0.7701703715164956
2006,126.70999169956673,139.3809908695234,132.89456044607203,5135,131.47546472070374,131.43158395137877,129.01610090541945,3.4208711843838264,0.7464541750477075
2006,139.3809908695234,153.31908995647575,146.18401649067926,4095,146.5050401557319,146.4648942672813,147.44697246333652,3.4197823604708235,0.7023140268537144
2006,153.31908995647575,168.65099895212333,160.80241813974718,3428,160.79569786273387,160.73603251920787,160.7171999850368,4.379342381201254,0.6671136555091375
2006,168.65099895212333,185.5160988473357,176.8826599537219,5139,177.5629950701504,177.47958604931665,176.9363669560038,5.445877496706447,0.6376467756631767
2006,185.5160988473357,204.0677087320693,194.57092594909415,3939,195.69776828463714,195.63293776854826,196.10447337623756,5.033845655639062,0.5934722437120704
2006,204.0677087320693,224.4744796052762,214.02801854400357,4192,215.68551573557428,215.60352814702935,217.48428438342137,5.924631723500521,0.5596128388949061
2006,224.4744796052762,246.92192756580386,235.4308203984039,3532,236.75195508149343,236.6637011138147,236.6523908036551,6.454817242339725,0.5235786614403356
2006,246.92192756580386,271.6141203223843,258.97390243824435,8357,258.69771572747374,258.6551589932901,258.0322018108389,4.703972868028521,0.4932178039094332
2006,271.6141203223843,298.7755323546227,284.8712926820688,4948,286.7246138300761,286.6082818570246,287.5215963035062,8.147034802019881,0.42138153936080597
2006,298.7755323546227,328.653085590085,313.3584219502757,3384,313.6531300004031,313.55959461716594,313.3248164845901,7.657540999646468,0.3788488318118521
2006,328.653085590085,361.5183941490936,344.69426414530335,3789,343.15568555719034,343.0172354575978,343.5514458395741,9.764904825174023,0.34976017329413583
2006,361.5183941490936,397.67023356400296,379.1636905598337,4173,377.2283979506195,377.1031915026893,373.7780751945581,9.752178973830755,0.3171901593687142
2006,397.67023356400296,437.43725692040334,417.0800596158171,2796,415.5504985950081,415.4034244471107,415.0632274842923,11.074562317977,0.28131930476043115
2006,437.43725692040334,481.18098261244364,458.78806557739887,3566,457.01842413430927,456.8000626545386,454.8739100493931,14.175110415129792,0.2572850585383465
2006,481.18098261244364,529.299080873688,504.66687213513876,3267,507.5632981018756,507.4134892559732,516.0644036216778,12.288773824473642,0.2266319390719824
2006,529.299080873688,582.2289889610569,555.1335593486526,2505,554.4059139581619,554.2403941538136,552.9261467375119,13.557835989751842,0.1985490054498255
2006,582.2289889610569,640.4518878571627,610.646915283518,2433,607.1224540820969,606.881726772852,607.4815265489464,17.146536627995793,0.17701617755772173
2006,640.4518878571627,704.497076642879,671.71160681187,2022,671.9917646421972,671.7319023757008,663.5113760850143,18.70930782144392,0.15610225729365448
2006,704.497076642879,774.9467843071669,738.8827674930569,2237,740.743072021359,740.525620671791,737.2348623166826,17.9981537961311,0.13872126807296234
2006,774.9467843071669,852.4414627378837,812.7710442423627,1401,815.5238372460379,815.2520532510473,810.9583485483508,21.06430312837305,0.11949215190743892
2006,852.4414627378837,937.6856090116721,894.048148666599,1584,893.300128937543,892.9842651885307,884.6818347800191,23.78502042959728,0.10744924097856173
2006,937.6856090116721,1031.4541699128395,983.452963533259,1112,978.7170696418997,978.438217046592,980.8909843123461,23.401141313382297,0.09383327316175838
2006,1031.4541699128395,1134.5995869041235,1081.798259886585,1425,1082.1821394955762,1081.7289203670844,1094.0565356779568,31.196909565660327,0.08427458868430554
2006,1134.5995869041235,1248.059545594536,1189.9780858752438,937,1190.8522472058626,1190.4338380485985,1183.999188880592,31.555408357911556,0.0720253752127495
2006,1248.059545594536,1372.8655001539896,1308.975894462768,1048,1306.7727113812425,1306.3006146422806,1301.9567668512614,35.15500223918202,0.06397098010899652
2006,1372.8655001539896,1510.1520501693888,1439.873483909045,1013,1449.5165442540442,1449.054350303389,1474.469724633365,36.424658790220626,0.054962435745353894
2006,1510.1520501693888,1661.1672551863278,1583.8608322999496,701,1591.516538851158,1590.8105198347655,1596.8507117779343,47.38753405276376,0.046254749256451254
2006,1661.1672551863278,1827.2839807049604,1742.2469155299445,531,1739.3022585640292,1738.7714142637178,1732.5019264442042,43.06320331007203,0.04022899582237351
2006,1827.2839807049604,2010.0123787754567,1916.471607082939,721,1898.189582276288,1897.3784219874944,1879.9488989075405,55.75121172396424,0.03566455206560421
2006,2010.0123787754567,2211.0136166530024,2108.118767791233,421,2087.4288536747736,2086.721398703345,2064.257614486711,54.60606112667774,0.029466879845960768
2006,2211.0136166530024,2432.114978318303,2318.930644570357,556,2279.495719271635,2278.3154985313786,2248.5663300658816,73.82545157517409,0.025847989409802808
2006,2432.114978318303,2675.3264761501337,2550.823709027393,431,2540.6533088462397,2539.664572481898,2558.2049722388883,70.95885675594512,0.021068647171076385
2006,2675.3264761501337,2942.859123765147,2805.9060799301324,231,2796.7371523668057,2795.90816400357,2801.492476803394,68.29249255963961,0.017363797342135574
2006,2942.859123765147,3237.1450361416623,3086.4966879231456,391,3040.1925327233553,3038.7461472291766,3022.6629354983984,94.33326834932805,0.015378135368851754
2006,3237.1450361416623,3560.8595397558292,3395.146356715461,227,3380.140650455215,3378.9930876379285,3354.418623540906,88.56485531242593,0.012017123111042343
2006,3560.8595397558292,3916.9454937314117,3734.660992387007,264,3719.076209870591,3718.104998229449,3686.1743115834124,85.51851448997112,0.010065844894871662
2006,3916.9454937314117,4308.640043104553,4108.127091625707,151,4093.210955533608,4091.810536479831,4054.7917427417538,107.68009572886851,0.007796516925404439
2006,4308.640043104553,4739.50404741501,4518.939800788279,163,4495.821015284697,4494.443530411675,4423.409173900095,112.08957563213033,0.006498530094383413
2006,4739.50404741501,5213.45445215651,4970.833780867108,138,5013.613761719099,5011.248669233898,5055.956685767809,153.8968088828183,0.005097391992022969
2006,5213.45445215651,5734.799897372162,5467.917158953818,88,5463.815118006733,5462.0506047457275,5492.399724259285,139.6754991454528,0.003911152371619647
2006,5734.799897372162,6308.279887109379,6014.7088748492015,89,6012.233137570333,6010.097437462176,5897.87889853346,161.65023262416346,0.0031547097151305723
2006,6308.279887109379,6939.1078758203175,6616.179762334122,61,6609.926917357226,6608.252525714855,6635.113760850143,150.13350567215022,0.002389671119363213
2006,6939.1078758203175,7633.018663402349,7277.797738567534,59,7301.848977519525,7300.006781053267,7372.348623166825,164.28590703421887,0.0018653188233878316
2006,7633.018663402349,8396.320529742587,8005.577512424289,33,8008.761032949108,8006.767501184469,8035.85999925184,181.4023859875451,0.0013581584059690203
2006,8396.320529742587,9235.952582716844,8806.135263666718,37,8905.378706187994,8902.343335801817,8846.81834780019,234.80924195703363,0.0010744924097856174
2006,9235.952582716844,10159.547840988529,9686.748790033389,17,9714.153479937462,9711.848750934567,9657.776696348541,219.09308414094824,0.0007564426564890745
2006,10159.547840988529,11175.502625087383,10655.42366903673,24,10812.04074578236,10807.982718074954,10978.532952188878,300.55467969038267,0.0006103116887582306
2006,11175.502625087383,12293.052887596124,11720.966035940404,9,11719.904521233004,11715.874720644553,11795.75779706692,325.73674429170734,0.0004040091460793921
2006,12293.052887596124,13522.358176355736,12893.062639534446,8,12887.14185636898,12882.980903393698,12809.45573275236,352.12493125428057,0.00032664569257482765
2006,13522.358176355736,14874.593993991311,14182.368903487892,6,14167.196604185583,14162.836283906974,14081.185870248637,385.67085010346744,0.00025787817834854813
2006,14874.593993991311,16362.053393390446,15600.605793836683,3,15626.921631572613,15623.857273661662,15703.102567345337,378.10398817958975,0.00020630254267883853
2006,16362.053393390446,17998.25873272949,17160.666373220352,5,17320.00606737829,17314.18945300558,17398.74275067371,502.0949382486545,0.0001805147248439837
2006,17998.25873272949,19798.08460600244,18876.73301054239,7,18757.255963391264,18751.48347215637,18504.595044148733,506.8589698828115,0.000137535028452559
2006,19798.08460600244,21777.893066602686,20764.40631159663,1,20642.57614486711,20642.576144867104,20642.57614486711,,7.736345350456444e-05
2006,21777.893066602686,23955.682373262956,22840.846942756292,2,22798.98811714341,22776.441242231696,22798.98811714341,1433.58536879596,6.87675142262795e-05
2006,23955.682373262956,26351.250610589253,25124.931637031925,2,25559.564059088225,25558.402661059394,25559.564059088225,344.5817922815038,5.157563566970963e-05
2006,31885.013238813008,35073.514562694305,33441.2840088895,1,34108.90813994363,34108.9081399436,34108.90813994363,,3.438375711313975e-05
2006,38580.86601896374,42438.95262086012,40463.9536507563,1,39810.682565100855,39810.68256510083,39810.682565100855,,2.5787817834854816e-05
2006,56486.245938364824,62134.87053220133,59243.27454007232,1,58536.44806794459,58536.44806794461,58536.44806794459,,1.7191878556569876e-05
2006,68348.35758542146,75183.1933439636,71684.36219348753,1,73723.48623166826,73723.48623166823,73723.48623166826,,8.595939278284938e-06
2007,0.8184783325708467,0.9003261658279315,0.858427317235856,2,0.8184783325708467,0.8184783325708467,0.8184783325708467,0.0,0.983572520675516
2007,1.5949827226602968,1.7544809949263267,1.6728319922046384,2,1.6369566651416934,1.6369566651416934,1.6369566651416934,0.0,0.9835551462923067
2007,2.3352142042469413,2.5687356246716355,2.4491933197868114,6,2.45543499771254,2.4554349977125405,2.45543499771254,0.0,0.9835377719090972
2007,3.10817010585268,3.418987116437948,3.2598763086362474,5,3.2739133302833863,3.273913330283387,3.2739133302833867,4.965068306494546e-16,0.9834856487594691
2007,3.7608858280817428,4.136974410889918,3.9444503334498595,15,4.092391662854233,4.092391662854233,4.092391662854233,0.0,0.9834422128014455
2007,4.55067185197891,5.005739037176801,4.7727849034743315,18,4.910869995425079,4.910869995425081,4.91086999542508,9.139280539960854e-16,0.9833119049273751
2007,5.506312940894482,6.056944234983931,5.775069733203941,17,5.729348327995926,5.729348327995926,5.729348327995926,0.0,0.9831555354784905
2007,6.056944234983931,6.662638658482324,6.352576706524336,13,6.547826660566772,6.547826660566772,6.547826660566773,1.8488908177493114e-15,0.9830078532212106
2007,7.328902524330557,8.061792776763612,7.686617814894447,24,7.3663049931376205,7.366304993137619,7.36630499313762,9.072812162984597e-16,0.9828949197303496
2007,8.061792776763612,8.867972054439976,8.455279596383894,32,8.184783325708466,8.184783325708464,8.184783325708466,0.0,0.9826864271318368
2007,8.867972054439976,9.754769259883973,9.300807556022283,25,9.003261658279314,9.003261658279314,9.003261658279314,0.0,0.9824084370004865
2007,9.754769259883973,10.730246185872373,10.230888311624513,78,10.14703266148729,10.139210554084102,9.82173999085016,0.40312923913080567,0.982191257210369
2007,10.730246185872373,11.80327080445961,11.253977142786965,32,11.458696655991853,11.45869665599185,11.458696655991853,0.0,0.9815136562652026
2007,11.80327080445961,12.98359788490557,12.379374857065661,48,12.2771749885627,12.277174988562699,12.2771749885627,0.0,0.9812356661338523
2007,12.98359788490557,14.281957673396128,13.617312342772227,92,13.273583393431556,13.269386739368057,13.095653321133547,0.33944844467642743,0.9808186809368268
2007,14.281957673396128,15.710153440735745,14.979043577049453,145,14.97533114696866,14.970732537621524,14.73260998627524,0.3751252115976436,0.9800194593091945
2007,15.710153440735745,17.28116878480932,16.4769479347544,124,16.64019255170246,16.635785875004707,16.369566651416932,0.3866114954627262,0.9787598165265133
2007,17.28116878480932,19.009285663290253,18.12464272822984,204,18.411750334154977,18.40720343816328,18.006523316558628,0.41022618997146487,0.9776826047675308
2007,19.009285663290253,20.91021422961928,19.937107001052826,191,20.31626060061981,20.313805478756002,20.46195831427117,0.3139084362929078,0.9759104176801724
2007,20.91021422961928,23.00123565258121,21.930817701158112,172,22.198845473505813,22.187693495434637,22.09891497941286,0.7037924206645162,0.9742511640836751
2007,23.00123565258121,25.301359217839334,24.123899471273926,187,24.361766840049906,24.359263084412248,24.5543499771254,0.3481162275226685,0.972756967127667
2007,25.301359217839334,27.831495139623268,26.53628941840132,290,26.586434113163364,26.572733455432573,27.00978497483794,0.8537074286420923,0.9711324622975884
2007,27.831495139623268,30.6146446535856,29.189918360241453,209,29.5827049006707,29.57433956560152,29.46521997255048,0.7035640905493646,0.968613176732226
2007,30.6146446535856,33.67610911894416,32.108910196265604,340,32.356374317896325,32.34507855600543,32.739133302833864,0.8535146737850684,0.9667975536868442
2007,33.67610911894416,37.043720030838585,35.31980121589216,278,35.57730996685651,35.564063989140266,35.19456830054641,0.9726834296607924,0.9638439085412468
2007,37.043720030838585,40.74809203392244,38.851781337481384,250,38.92355558373918,38.9143892569465,39.28695996340064,0.8455053625103933,0.9614288692751407
2007,40.74809203392244,44.82290123731469,42.736959471229525,748,41.83978075202067,41.822350845763054,40.92391662854234,1.218795561409313,0.9592570713739662
2007,44.82290123731469,49.30519136104616,47.010655418352485,637,47.52827868413755,47.50553211040225,47.47174328910911,1.465490684968337,0.9527590520536521
2007,49.30519136104616,54.23571049715079,51.71172096018774,936,52.42021431904332,52.39966490601542,52.38261328453419,1.4648784038690454,0.9472253110014595
2007,54.23571049715079,59.65928154686587,56.88289305620652,563,57.104491835493526,57.089050180919656,57.29348327995927,1.3264155197986947,0.9390940996594621
2007,59.65928154686587,65.62520970155246,62.57118236182717,1460,62.77056088901213,62.74521911449817,62.20435327538435,1.7885942865000386,0.9342032107860171
2007,65.62520970155246,72.18773067170771,68.82830059800989,1065,69.09494175409816,69.07307304059087,68.75217993595112,1.7415454471740197,0.921519911043158
2007,72.18773067170771,79.4065037388785,75.7111306578109,1689,76.75184856477263,76.73084769965489,77.75544159423043,1.7853447505342805,0.9122680519841546
2007,79.4065037388785,87.34715411276635,83.28224372359199,2056,82.68979905153375,82.66783499995098,81.84783325708467,1.9185511389872052,0.8975953853638196
2007,87.34715411276635,96.08186952404299,91.61046809595119,1559,91.81447383792171,91.77872696906296,91.66957324793482,2.559114016222142,0.8797345194245604
2007,96.08186952404299,105.6900564764473,100.77151490554633,3335,101.52493588692955,101.49564396461898,102.30979157135583,2.4236991031902733,0.8661911877128362
2007,105.6900564764473,116.25906212409203,110.84866639610095,2384,110.99994406885301,110.95672791667458,110.4945748970643,3.102552285236731,0.8372194037111682
2007,116.25906212409203,127.88496833650125,121.93353303571106,2796,122.56537391121267,122.53298705905816,122.771749885627,2.813961434033783,0.8165091389255681
2007,127.88496833650125,140.6734651701514,134.12688633928218,2608,134.0986363806987,134.05640093245253,135.0489248741897,3.366567216233639,0.7922197511988325
2007,140.6734651701514,154.7408116871665,147.5395749732104,2457,147.09558012073407,147.04094653991712,147.32609986275241,4.016339061725381,0.76956355549378
2007,154.7408116871665,170.2148928558832,162.29353247053143,6008,160.1239513138793,160.06282246992197,159.6032748513151,4.437165466277187,0.7482191257210369
2007,170.2148928558832,187.23638214147152,178.52288571758461,3197,179.11618744183272,179.04833332298233,180.06523316558628,4.922224108249968,0.6960264785600111
2007,187.23638214147152,205.9600203556187,196.3751742893431,4007,197.75126920892214,197.66431260785865,197.25327814957404,5.8545756047808055,0.6682535269997915
2007,205.9600203556187,226.5560223911806,216.0126917182774,4316,215.4132187439477,215.31893960552745,216.07827979870353,6.3790313642014596,0.6334439502397665
2007,226.5560223911806,249.21162463029864,237.61396089010518,4350,239.54565291898714,239.46112709868885,239.81415144325805,6.339673605048016,0.5959500312738898
2007,249.21162463029864,274.13278709332855,261.3753569791157,3548,263.02313342840114,262.92544716215286,263.55002308781263,7.15369697322146,0.5581607477934534
2007,274.13278709332855,301.5460658026614,287.5128926770273,3562,287.54807434423225,287.44459733444296,286.4674163997963,7.7160072220234,0.5273385919799847
2007,301.5460658026614,331.7006723829276,316.26418194473007,9710,315.01494599060646,314.9309606940573,311.02176637692173,7.318611061152611,0.4963948154840503
2007,331.7006723829276,364.8707396212204,347.8906001392031,3551,349.0421708805992,348.9276224257717,348.67176967518066,8.934880204423061,0.4120421850024324
2007,364.8707396212204,401.3578135833425,382.6796601531235,4027,382.00560563535316,381.84242075339097,381.4109029780146,11.183033791706785,0.3811939676141497
2007,401.3578135833425,441.49359494167675,420.9476261684359,4139,418.4018127071847,418.25569682562576,413.3315579482775,11.104429138520588,0.3462106470220307
2007,441.49359494167675,485.6429544358445,463.04238878527946,3494,462.68739431948956,462.5127285884999,463.25873623509915,12.716441043473445,0.31025436097018555
2007,485.6429544358445,534.207249879429,509.3466276638075,3802,507.1590551324802,506.93261161873824,507.4565661939249,15.199549569806832,0.2799013135033706
2007,534.207249879429,587.6279748673719,560.2812904301883,2867,560.3393448215579,560.1571046162546,560.6576578110299,14.286449420495494,0.2468726110223087
2007,587.6279748673719,646.3907723541091,616.3094194732071,3173,616.0944102249807,615.9411138483777,613.858749428135,13.726162176410018,0.22196643269163946
2007,646.3907723541091,711.0298495895202,677.9403614205279,2814,673.7903274047601,673.5091431209446,673.6076677058069,19.516780490595846,0.1944019737299326
2007,711.0298495895202,782.1328345484723,745.7343975625807,2115,745.3911198777048,745.1120041254406,736.630499313762,20.429604959517984,0.1699562165543123
2007,782.1328345484723,860.3461180033195,820.3078373188389,2369,821.5297469369361,821.3055800461226,818.4783325708466,19.231688284718697,0.151582806310376
2007,860.3461180033195,946.3807298036515,902.3386210507228,1568,905.5763284994858,905.2774179920236,900.3261658279313,23.26429941373514,0.13100284939884635
2007,946.3807298036515,1041.0188027840168,992.5724831557952,1794,993.2969097584149,992.9497341833165,982.173999085016,26.282047476833146,0.11738133296267983
2007,1041.0188027840168,1145.1206830624185,1091.8297314713748,1249,1088.5283449146802,1088.2047372021498,1091.0316173169388,26.58828127764967,0.10179651122385155
2007,1145.1206830624185,1259.6327513686606,1201.0127046185125,1548,1202.2579583718052,1201.7696958544373,1222.806628860845,34.10507157082497,0.09094620890958371
2007,1259.6327513686606,1385.5960265055267,1321.1139750803638,1042,1322.466969937228,1322.0058989673855,1312.839245443638,34.9317265023873,0.07749843630551115
2007,1385.5960265055267,1524.1556291560794,1453.2253725884002,1043,1452.1045500694127,1451.5705960145663,1452.7990403132528,39.38807648045608,0.06844638265341581
2007,1524.1556291560794,1676.5711920716876,1598.5479098472404,1114,1608.9711717057653,1608.4517226824414,1636.9566651416933,40.66495592478816,0.059385641809715756
2007,1676.5711920716876,1844.2283112788566,1758.4027008319647,728,1763.616187107032,1762.8869942016768,1759.7284150273201,50.72074151659027,0.04970811036208215
2007,1844.2283112788566,2028.651142406742,1934.2429709151613,586,1927.9550435054143,1927.326447375047,1923.4240815414896,49.35731881441349,0.04338383487386198
2007,2028.651142406742,2231.5162566474164,2127.667268006677,720,2104.8204787729655,2103.861554924609,2086.7105088893736,63.876622053513934,0.03829314059350893
2007,2231.5162566474164,2454.6678823121583,2340.4339948073452,412,2323.2189614360345,2322.472641139578,2314.6567245103543,59.116874634081185,0.032038362638126344
2007,2454.6678823121583,2700.1346705433743,2574.4773942880797,603,2532.3855344125504,2531.062035039975,2496.3589143410827,82.3772876368691,0.028459239696990758
2007,2700.1346705433743,2970.1481375977123,2831.9251337168885,432,2826.9389025400615,2825.8780138094044,2864.6741639979637,77.42464110603872,0.023220863159357844
2007,2970.1481375977123,3267.1629513574835,3115.1176470885775,293,3096.4739320414064,3095.5158406068417,3085.663313792092,77.38598749882163,0.019467996386128294
2007,3267.1629513574835,3593.8792464932326,3426.6294117974358,396,3371.1489695656983,3369.5802599299454,3339.391596889054,103.52353981781012,0.016922649245951767
2007,3593.8792464932326,3953.267171142556,3769.2923529771797,243,3755.421101933584,3753.954536095633,3724.0764131973524,105.45519269449561,0.013482521370491347
2007,3953.267171142556,4348.593888256812,4146.221588274898,305,4126.349121281614,4125.3899603066875,4092.3916628542333,89.53573084599968,0.011371533810549726
2007,4348.593888256812,4783.4532770824935,4560.843747102388,167,4550.416058615167,4548.861181132899,4501.630829139657,119.49942237475001,0.008721940371116826
2007,4783.4532770824935,5261.798604790743,5016.928121812627,170,4980.012156213609,4978.416037517883,4910.86999542508,127.21381972520909,0.007271179373132253
2007,5261.798604790743,5787.978465269817,5518.62093399389,146,5534.92608791449,5532.251556407998,5525.956462352071,172.46422366023242,0.005794356800333588
2007,5787.978465269817,6366.7763117968,6070.4830273932785,101,6087.0881892963225,6085.468214600435,6138.58749428135,140.81027983107663,0.004526026826047675
2007,6366.7763117968,7003.453942976481,6677.531330132608,79,6642.2521228838705,6639.902992689026,6547.826660566773,178.61470865980414,0.003648620473973174
2007,7003.453942976481,7703.799337274129,7345.284463145869,68,7342.930214875081,7340.814933313007,7366.304993137621,177.62915609601936,0.002962332337202029
2007,7703.799337274129,8474.179271001543,8079.812909460457,85,8108.318191132644,8106.135049510499,8184.783325708467,188.45699536739295,0.0023716033080825633
2007,8474.179271001543,9321.5971981017,8887.794200406504,49,8826.48704208345,8823.637672329618,8839.565991765145,226.9530669309181,0.0016331920216832302
2007,9321.5971981017,10253.75691791187,9776.573620447156,29,9746.609324598312,9743.779034565603,9821.73999085016,239.53198547037204,0.0012075196330530267
2007,10253.75691791187,11279.132609703056,10754.23098249187,16,10867.294905813631,10864.884161307986,10858.342799051137,235.99536849087363,0.0009555910765167837
2007,11279.132609703056,12407.045870673364,11829.654080741058,33,11880.287404386983,11874.32449812064,11949.783655534362,381.8187913695474,0.0008165960108416151
2007,12407.045870673364,13647.750457740702,13012.619488815166,12,13075.123156291562,13070.1063997545,13013.805487876463,378.05733315878626,0.00052991868788658
2007,13647.750457740702,15012.525503514771,14313.881437696684,7,14582.594600462613,14577.27821858062,14784.992599559773,421.98351940541943,0.00042567238863020363
2007,15012.525503514771,16513.77805386625,15745.269581466351,12,16130.570978306248,16124.18627990077,16369.566651416933,468.15295538983247,0.0003648620473973174
2007,16513.77805386625,18165.155859252878,17319.796539612988,6,17108.925411839264,17103.287336408484,17032.53410079932,485.50784336449425,0.000260615748140941
2007,18165.155859252878,19981.671445178166,19051.776193574293,5,19300.537560353136,19297.714028676866,19254.70277372917,367.9103350169921,0.0002084925985127528
2007,19981.671445178166,21979.838589695984,20956.95381293172,6,20948.95292215082,20942.298898081433,20830.27356392805,580.6871603195227,0.00016505664048926263
2007,21979.838589695984,24177.822448665585,23052.649194224894,1,23735.871644554554,23735.87164455454,23735.871644554554,,0.00011293349086107443
2007,24177.822448665585,26595.604693532146,25357.914113647388,5,25438.961358967972,25428.333010873936,25209.132643182078,823.924863148642,0.0001042462992563764
2007,29255.16516288536,32180.6816791739,30683.076077513342,3,30392.828749464108,30369.63458014569,29628.91563906465,1467.1856696591897,6.0810341232886235e-05
2007,32180.6816791739,35398.7498470913,33751.38368526468,1,33966.85080169014,33966.85080169017,33966.85080169014,,3.474876641879213e-05
2007,38938.62483180043,42832.48731498047,40839.174259170264,2,40923.916628542334,40923.9166285423,40923.916628542334,0.0,2.60615748140941e-05
2007,47115.73604647852,51827.30965112638,49415.40085359603,1,49108.6999542508,49108.69995425077,49108.6999542508,,8.687191604698033e-06
2008,1.6463689828986683,1.8110058811885352,1.7267263566170163,3,1.6463689828986683,1.6463689828986683,1.6463689828986683,0.0,0.9862744073435404
2008,2.410448827861941,2.6514937106481353,2.5281000587229743,2,2.469553474348002,2.469553474348002,2.469553474348002,0.0,0.9862482799463518
2008,3.2083073898842445,3.529138128872669,3.3649011781602796,5,3.292737965797337,3.292737965797337,3.2927379657973366,4.965068306494546e-16,0.9862308616815593
2008,3.8820519417599364,4.270257135935931,4.07153042557394,14,4.115922457246669,4.115922457246671,4.11592245724667,9.217063053461964e-16,0.9861873160195781
2008,4.697282849529524,5.167011134482476,4.926551814944467,17,4.939106948696004,4.939106948696004,4.939106948696004,0.0,0.986065388166031
2008,5.683712247930725,6.252083472723798,5.961127696082807,11,5.762291440145339,5.762291440145338,5.762291440145339,0.0,0.9859173329152949
2008,6.252083472723798,6.877291819996178,6.557240465691088,10,6.585475931594674,6.585475931594674,6.585475931594673,9.362222582871203e-16,0.9858215324589364
2008,6.877291819996178,7.565021001995796,7.212964512260196,5,7.408660423044006,7.4086604230440045,7.408660423044006,0.0,0.9857344411349741
2008,7.565021001995796,8.321523102195377,7.934260963486217,40,8.23184491449334,8.231844914493339,8.23184491449334,0.0,0.9856908954729929
2008,8.321523102195377,9.153675412414914,8.727687059834839,8,9.055029405942676,9.055029405942676,9.055029405942676,0.0,0.9853425301771438
2008,9.153675412414914,10.069042953656407,9.600455765818324,25,9.878213897392008,9.87821389739201,9.878213897392008,0.0,0.9852728571179739
2008,10.069042953656407,11.075947249022049,10.560501342400157,17,10.701398388841342,10.701398388841342,10.701398388841342,0.0,0.9850551288080681
2008,11.075947249022049,12.183541973924255,11.616551476640174,7,11.524582880290678,11.52458288029068,11.524582880290678,0.0,0.9849070735573322
2008,12.183541973924255,13.40189617131668,12.778206624304193,105,12.849517918909132,12.84318130011944,13.170951863189346,0.40352251902226033,0.9848461096305586
2008,13.40189617131668,14.742085788448351,14.056027286734613,32,13.994136354638679,13.99413635463868,13.994136354638679,0.0,0.9839316507289544
2008,14.742085788448351,16.216294367293187,15.461630015408076,20,15.064276193522812,15.059620009646274,14.817320846088013,0.38703035167551253,0.983652958492275
2008,16.216294367293187,17.83792380402251,17.007793016948884,151,16.550914675762765,16.54902451322611,16.46368982898668,0.25420843223939016,0.9834787758443504
2008,17.83792380402251,19.62171618442476,18.708572318643775,52,18.489990115631198,18.4854459577108,18.110058811885352,0.41437644147377145,0.9821636968525196
2008,19.62171618442476,21.58388780286724,20.579429550508156,309,20.494363406859957,20.486955216429003,20.579612286233353,0.5523804055068228,0.9817108219679156
2008,21.58388780286724,23.742276583153963,22.63737250555897,111,22.552288635111932,22.54871173643439,22.22598126913202,0.4044856209272964,0.9790197000574803
2008,23.742276583153963,26.116504241469357,24.901109756114867,181,24.813782239489317,24.809995042700415,24.69553474348002,0.4350053578816189,0.9780529863614986
2008,26.116504241469357,28.728154665616298,27.391220731726357,196,27.249086635322854,27.243240110460338,27.165088217828025,0.5652979725397961,0.9764766333977809
2008,28.728154665616298,31.60097013217793,30.130342804898998,188,30.041855296988732,30.028221083227567,30.45782618362536,0.9069518204139007,0.9747696434481197
2008,31.60097013217793,34.76106714539573,33.1433770853889,291,33.32058462124298,33.31404277740554,32.92737965797336,0.6638570385718189,0.9731323265576284
2008,34.76106714539573,38.2371738599353,36.45771479392779,218,36.75632036590742,36.74616910963769,37.04330211522004,0.8648170252773594,0.9705979690303252
2008,38.2371738599353,42.060891245928836,40.10348627332057,488,40.855590948571454,40.84602971211407,41.159224572466705,0.8760873497908902,0.9686993781679469
2008,42.060891245928836,46.26698037052173,44.113834900652634,327,44.52244928370925,44.50673879717322,44.45196253826404,1.1832873119660337,0.9644493215585863
2008,46.26698037052173,50.8936784075739,48.52521839071791,440,48.79238985681508,48.782841276961,49.39106948696004,0.9617831773123966,0.9616014352650188
2008,50.8936784075739,55.98304624833129,53.377740229789694,649,53.43596215757935,53.413031367757306,53.50699194420672,1.5640130750321473,0.9577694170106774
2008,55.98304624833129,61.58135087316443,58.71551425276867,531,58.41664408059097,58.39993044565148,57.622914401453386,1.4042567218755182,0.9521171900855236
2008,61.58135087316443,67.73948596048088,64.58706567804555,941,64.1454049096853,64.1148042597029,64.20839033304806,1.9833071307857002,0.9474926407831252
2008,67.73948596048088,74.51343455652898,71.0457722458501,1099,70.79910947796407,70.76474617816767,70.79386626464273,2.2115380890384655,0.9392973471982721
2008,74.51343455652898,81.96477801218188,78.15034947043513,745,77.88540729299419,77.86293193725353,78.20252668768674,1.8741479208003067,0.9297260106948145
2008,81.96477801218188,90.16125581340006,85.96538441747863,2432,84.74840040484902,84.71973950929221,84.78800261928141,2.2143922258648843,0.9232377070596227
2008,90.16125581340006,99.17738139474008,94.5619228592265,1554,95.10747306839625,95.06488806719544,95.48940100812275,2.84335687189282,0.9020570970719897
2008,99.17738139474008,109.0951195342141,104.01811514514917,1655,104.16143823375364,104.13119731050615,103.7212459226161,2.5119702639448853,0.8885231053282472
2008,109.0951195342141,120.00463148763552,114.4199266596641,2852,113.91147329660585,113.88030544127845,113.59945982000811,2.670262068378945,0.8741094912124854
2008,120.00463148763552,132.0050946363991,125.86191932563052,2532,126.03013084313817,125.98132693351344,125.12404270029879,3.5198634569331264,0.8492710456184355
2008,132.0050946363991,145.20560410003898,138.44811125819356,2698,138.8866012087514,138.83734305765444,137.47181007203878,3.704304047185406,0.8272195223911794
2008,145.20560410003898,159.72616451004293,152.29292238401294,2271,152.30580484441774,152.2499688908306,152.2891309181268,4.129501395750898,0.803722283186149
2008,159.72616451004293,175.69878096104722,167.52221462241428,5300,168.35846878036068,168.32243293222825,170.39918973001215,3.475935543282702,0.7839438435143091
2008,175.69878096104722,193.26865905715195,184.2744360846557,3090,184.890700015245,184.82678530850936,185.21651057610018,4.8571239774462915,0.7377854418142865
2008,193.26865905715195,212.5955249628672,202.70187969312127,3695,203.29493415177828,203.2236622200178,205.79612286233353,5.3715210117448535,0.7108742227099336
2008,212.5955249628672,233.8550774591539,222.97206766243343,4325,224.3330956197266,224.26009685440087,226.37573514856686,5.708816329881766,0.6786939785058612
2008,233.8550774591539,257.2405852050693,245.2692744286768,4382,246.84582745339563,246.77226274837494,246.95534743480025,6.010043955569348,0.6410269808921635
2008,257.2405852050693,282.9646437255763,269.7962018715445,3629,270.8723841968379,270.7861954803901,271.65088217828026,6.822218528578747,0.6028635627318807
2008,282.9646437255763,311.2611080981339,296.77582205869896,3950,297.0993702300151,296.983095140079,296.3464169217603,8.320855532501861,0.5712581212659595
2008,311.2611080981339,342.3872189079474,326.45340426456886,8864,335.6932240150838,335.58617750515475,341.62156395147366,8.388277219105797,0.5368570483008482
2008,342.3872189079474,376.6259407987421,359.0987446910258,4482,360.0234657256332,359.87087445006324,359.73162276335904,10.472300480062586,0.45965929874065947
2008,376.6259407987421,414.28853487861636,395.00861916012843,4787,398.86478515110537,398.687809877875,399.244478352927,11.848651397350531,0.4206249673407535
2008,414.28853487861636,455.7173883664781,434.5094810761413,3858,435.7268286723927,435.54359583906506,436.28778046814705,12.632596761608154,0.3789343505599972
2008,455.7173883664781,501.2891272031259,477.9604291837555,4053,481.47335820086346,481.2768887046239,484.0324809722085,13.709885733379943,0.34533451777533924
2008,501.2891272031259,551.4180399234385,525.756472102131,3806,526.2223083039385,526.0086687217429,525.1917055446752,15.00577907504022,0.31003640417341627
2008,551.4180399234385,606.5598439157824,578.3321193123442,3178,578.1130398000313,577.9164165150979,576.2291440145339,15.077868766137504,0.27688944627336226
2008,606.5598439157824,667.2158283073608,636.1653312435787,3372,638.0934603597716,637.8143537070118,637.967980873234,18.87077819293986,0.2492118235181411
2008,667.2158283073608,733.9374111380969,699.7818643679367,3121,695.1485753797305,694.944506738955,688.1822348516433,16.916377754611897,0.21984462907805125
2008,733.9374111380969,807.3311522519066,769.7600508047303,2440,766.0254617510541,765.7201890745633,763.915208064982,21.673353622271623,0.19266342686941526
2008,807.3311522519066,888.0642674770974,846.7360558852034,2698,839.7546643722851,839.4736161674648,825.6540449236821,21.859489988179348,0.17141314382261238
2008,888.0642674770974,976.8706942248073,931.4096614737239,1701,930.3301074257395,930.0204888551517,928.5521063548488,24.02562924367017,0.147915904617582
2008,976.8706942248073,1074.5577636472879,1024.5506276210963,2155,1022.2366132923925,1021.7996595444457,1024.864691854421,29.97247750881466,0.1331016704115936
2008,1074.5577636472879,1182.0135400120168,1127.005690383206,1441,1129.4725320384732,1129.0797963234704,1131.8786757428343,29.787849989948274,0.11433349009771647
2008,1182.0135400120168,1300.2148940132186,1239.7062594215267,1505,1236.9208456168458,1236.6191710863313,1234.776737174001,27.379259822701194,0.10178363031474805
2008,1300.2148940132186,1430.2363834145406,1363.6768853636795,1225,1359.670288216694,1359.17780545241,1358.2544108914012,36.66473963640319,0.08867638605842086
2008,1430.2363834145406,1573.2600217559948,1500.0445739000477,1137,1495.758800824579,1495.1862043242859,1485.0248225745988,41.47665997389678,0.07800769887303827
2008,1573.2600217559948,1730.5860239315944,1650.0490312900524,1225,1653.2145179308268,1652.7567090220532,1646.3689828986683,39.000470598616076,0.06810541533852398
2008,1730.5860239315944,1903.644626324754,1815.053934419058,819,1822.455080873638,1821.8217416218454,1816.7681726286803,48.0247699662453,0.05743672815314138
2008,1903.644626324754,2094.0090889572293,1996.5593278609638,900,2012.8223643594288,2012.0693757403371,2043.555500022972,54.79290910487206,0.050303948720628454
2008,2094.0090889572293,2303.4099978529525,2196.2152606470604,574,2194.4219845726006,2193.727166404859,2194.6098542039244,55.23491045462073,0.04246572956402083
2008,2303.4099978529525,2533.7509976382485,2415.8367867117668,765,2426.6628721980946,2425.8184284576773,2469.553474348002,63.68858317173868,0.037466687568584414
2008,2533.7509976382485,2787.1260974020734,2657.420465382944,494,2657.069569130985,2656.0984880540977,2661.355460855697,71.8876136241826,0.03080420128546794
2008,2787.1260974020734,3065.838707142281,2923.162511921238,458,2914.0497342319773,2913.1184712893632,2881.145720072669,73.93404525493825,0.02650188988172998
2008,3065.838707142281,3372.422577856509,3215.478763113362,449,3223.729804866038,3222.566110329144,3272.1583535111026,86.34550753321192,0.022513107244256328
2008,3372.422577856509,3709.6648356421606,3537.0266394246987,371,3565.2009383364534,3563.335662820636,3566.8584014499643,115.26234639418774,0.01860270679834875
2008,3709.6648356421606,4080.6313192063762,3890.729303367169,203,3899.3965503233767,3898.247082515255,3896.1321980296984,94.96621870789164,0.015371618679347164
2008,4080.6313192063762,4488.694451127015,4279.802233703886,357,4207.759409418783,4206.11924257234,4115.922457246671,118.55266328556162,0.013603664802912334
2008,4488.694451127015,4937.563896239716,4707.782457074275,189,4671.872516646453,4670.263504304998,4664.1633285519265,123.17590574140566,0.01049450453745798
2008,4937.563896239716,5431.320285863689,5178.560702781703,244,5093.659836965617,5091.1234155011,5044.062971355795,161.90150844879548,0.00884847851457038
2008,5431.320285863689,5974.452314450058,5696.416773059874,159,5683.17771553001,5681.22103198856,5762.291440145338,149.41053539750888,0.006723450209890091
2008,5974.452314450058,6571.8975458950645,6266.058450365862,101,6218.286746359274,6216.579782709554,6173.883685870006,147.10616977828477,0.005338698158889411
2008,6571.8975458950645,7229.087300484572,6892.664295402448,109,6827.386441962609,6824.219954462945,6832.4312790294725,209.18303833502864,0.004459075786870112
2008,7229.087300484572,7951.99603053303,7581.930724942695,82,7550.74005850111,7548.094356413854,7421.008190415747,202.1681018894951,0.003509780355680967
2008,7951.99603053303,8747.195633586332,8340.123797436963,92,8302.45982760767,8300.42742579129,8231.844914493342,185.8438555643412,0.0027956314991900507
2008,8747.195633586332,9621.915196944967,9174.13617718066,38,9189.53341929554,9186.330437944442,9075.609018228908,246.21794427223892,0.0019943913187368276
2008,9621.915196944967,10584.106716639464,10091.549794898729,36,9979.92291455775,9976.92980081996,9878.213897392008,249.26618611867588,0.0016634442876800612
2008,10584.106716639464,11642.517388303411,11100.704774388601,30,11084.782845992344,11079.502464436664,11092.411022279777,348.2652446595384,0.0013499155214157566
2008,11642.517388303411,12806.769127133753,12210.775251827463,25,12240.852169990574,12237.282854200894,12347.767371740012,301.39958230638825,0.0010886415495288358
2008,12806.769127133753,14087.446039847131,13431.85277701021,29,13455.972396935647,13451.78491562136,13335.588761479212,342.4808354338676,0.0008709132396230687
2008,14087.446039847131,15496.190643831844,14775.038054711233,16,14792.98545455954,14789.962862145534,14817.320846088012,309.43970658176374,0.0006183484001323788
2008,15496.190643831844,17045.80970821503,16252.541860182357,14,16376.079479539574,16372.586900231534,16463.689828986684,347.1158665838281,0.00047900228179268784
2008,17045.80970821503,18750.390679036536,17877.796046200594,12,18221.18871823101,18215.40912040676,18295.27532246145,475.267948025124,0.00035707442824545817
2008,18750.390679036536,20625.42974694019,19665.575650820654,7,19913.185641512868,19903.502564351573,19756.427794784016,669.6735878481007,0.00025256483949068995
2008,20625.42974694019,22687.97272163421,21632.133215902722,2,22225.98126913202,22222.169903028505,22225.98126913202,582.0793360714262,0.00019160091271707512
2008,22687.97272163421,24956.769993797636,23795.346537492995,4,24232.493467039774,24218.869538089253,24695.534743480024,926.0825528805017,0.00017418264792461375
2008,24956.769993797636,27452.446993177404,26174.8811912423,5,26594.292091457057,26581.694517716805,26753.49597210336,906.1454700482062,0.000139346118339691
2008,27452.446993177404,30197.69169249514,28792.369310366532,2,27782.476586415025,27782.202190229513,27782.476586415025,174.62380082142658,9.580045635853756e-05
2008,30197.69169249514,33217.46086174466,31671.606241403184,3,32057.548045341904,32032.805731677454,32927.37965797337,1528.0293985612925,7.838219156607619e-05
2008,33217.46086174466,36539.206947919134,34838.76686554351,2,35294.0350708902,35281.88320782318,35294.0350708902,1309.6785061607018,5.225479437738412e-05
2008,40193.12764271104,44212.440406982154,42154.90790730765,1,43491.30623674267,43491.30623674266,43491.30623674267,,3.483652958492275e-05
2008,48633.684447680374,53497.05289244842,51007.43856784227,1,50173.094753836915,50173.09475383694,50173.094753836915,,2.612739718869206e-05
2008,64731.43399986259,71204.57739984886,67890.90073379807,1,69970.6817731934,69970.68177319337,69970.6817731934,,1.7418264792461376e-05
2008,114675.68394823062,126143.2523430537,120272.87199486811,1,123477.67371740012,123477.67371740022,123477.67371740012,,8.709132396230688e-06
2009,0.8254208696763147,0.9079629566439462,0.8657087115808204,3,0.8254208696763147,0.8254208696763147,0.8254208696763147,0.0,0.9862085939555449
2009,3.792786598538151,4.172065258391966,3.9779081437679853,7,4.127104348381573,4.127104348381573,4.127104348381573,0.0,0.9861831328982321
2009,4.589271784231164,5.04819896265428,4.813268853959263,7,4.952525218057887,4.952525218057888,4.952525218057888,9.593423386663633e-16,0.9861237237645022
2009,5.5530188589197085,6.10832074481168,5.824055313290709,19,5.777946087734202,5.7779460877342,5.777946087734201,9.125165812557182e-16,0.9860643146307723
2009,6.10832074481168,6.719152819292849,6.406460844619781,10,6.603366957410517,6.603366957410519,6.603366957410517,0.0,0.9859030612677909
2009,8.130174911344348,8.943192402478784,8.52699938418893,22,8.254208696763149,8.254208696763138,8.254208696763145,3.636318380409584e-15,0.9858181910767481
2009,8.943192402478784,9.837511642726662,9.379699322607824,28,9.07962956643946,9.07962956643946,9.07962956643946,0.0,0.985631476656454
2009,9.837511642726662,10.82126280699933,10.317669254868607,36,10.432402658408977,10.424753983404269,10.730471305792088,0.40209230956382064,0.9853938401215341
2009,10.82126280699933,11.903389087699264,11.34943618035547,17,11.555892175468403,11.555892175468404,11.555892175468403,0.0,0.9850883074337801
2009,11.903389087699264,13.093727996469191,12.484379798391016,34,12.38131304514472,12.381313045144722,12.381313045144719,1.8030704713202974e-15,0.9849440281090073
2009,13.093727996469191,14.40310079611611,13.732817778230118,70,13.466151902433591,13.460780338244279,13.206733914821035,0.385952482720536,0.9846554694594618
2009,14.40310079611611,15.843410875727724,15.106099556053131,45,15.041002514101729,15.037165223719986,14.857575654173662,0.34703787252499885,0.9840613781221621
2009,15.843410875727724,17.427751963300498,16.616709511658446,71,16.682802084302974,16.67946258107505,16.50841739352629,0.33934143645493975,0.9836794622624696
2009,17.427751963300498,19.17052715963055,18.27838046282429,122,18.301339774380583,18.29873823557926,18.15925913287892,0.31287666878037185,0.9830768839060656
2009,19.17052715963055,21.087579875593608,20.106218509106725,114,20.411065189627458,20.40771936245105,20.635521741907862,0.36889578323958805,0.9820414675753435
2009,21.087579875593608,23.19633786315297,22.1168403600174,247,22.346515609415043,22.333340115865383,22.286363481260494,0.7675022369448761,0.9810739473974556
2009,23.19633786315297,25.515971649468266,24.32852439601914,182,24.667385220711402,24.66595089873288,24.762626090289437,0.2644375039717117,0.9789776536786984
2009,25.515971649468266,28.067568814415093,26.761376835621054,251,27.08432781933915,27.073162307782912,27.238888699318377,0.7746638902121377,0.9774330162017195
2009,28.067568814415093,30.87432569585661,29.43751451918316,194,29.995964593907306,29.98865687739679,30.54057217802364,0.6604072369970755,0.9753027744065452
2009,30.87432569585661,33.96175826544227,32.381265971101485,228,32.71997289532689,32.71082410646458,33.01683478705258,0.7718845851080341,0.9736562927003148
2009,33.96175826544227,37.35793409198651,35.61939256821164,211,36.154216481272506,36.13965409096627,36.31851826575784,1.0247000724928117,0.971721252344539
2009,37.35793409198651,41.09372750118516,39.18133182503281,189,38.890861610939574,38.88303312130015,38.79478087478678,0.7836162023811614,0.9699304913135359
2009,41.09372750118516,45.203100251303674,43.09946500753609,471,42.22264333993938,42.20549974007097,41.271043483815724,1.2129926651330571,0.968326444702827
2009,45.203100251303674,49.723410276434045,47.40941150828969,446,47.746710799953455,47.72083101450691,47.874410441226246,1.5711648294335228,0.9643290587047112
2009,49.723410276434045,54.69575130407746,52.150352659118674,590,53.088552104418824,53.06867646581664,53.65235652896044,1.4468541414668374,0.9605438481842022
2009,54.69575130407746,60.16532643448521,57.36538792503055,406,57.610717202014094,57.595167848578214,57.77946087734202,1.3379050169501259,0.9555365069126771
2009,60.16532643448521,66.18185907793374,63.10192671753361,877,63.38046383679897,63.35158601503879,63.55740696507622,1.9155280024876116,0.9520907771563394
2009,66.18185907793374,72.80004498572711,69.41211938928697,691,69.8824482167927,69.86070770157974,70.16077392248674,1.7446077760728043,0.9446476614018858
2009,72.80004498572711,80.08004948429983,76.35333132821567,974,76.83024234584668,76.80501100629935,76.76414087989725,1.970603771986743,0.9387831312008283
2009,80.08004948429983,88.08805443272982,83.98866446103725,1406,83.79900452238037,83.77495938601164,82.54208696763145,2.018592080123627,0.9305167745932597
2009,88.08805443272982,96.89685987600281,92.38753090714097,1655,93.89399295838831,93.86054757498783,95.74882088245249,2.486382850256748,0.918584025732642
2009,96.89685987600281,106.5865458636031,101.62628399785508,1675,101.87812522695039,101.8418812665516,102.352187839863,2.716380381994215,0.9045380091150585
2009,106.5865458636031,117.24520044996342,111.7889123976406,1781,112.12515239846178,112.08030565892504,112.25723827597878,3.172526672387963,0.8903222521153895
2009,117.24520044996342,128.96972049495977,122.96780363740467,3154,124.89607007057228,124.85250432008212,125.46397219079981,3.2805749359234357,0.8752068710906669
2009,128.96972049495977,141.86669254445576,135.26458400114515,2084,135.55874268285365,135.51939485780798,136.1944434965919,3.2662706991194486,0.8484388128357677
2009,141.86669254445576,156.05336179890134,148.79104240125966,2573,148.88404626414584,148.8249603388265,148.5757565417366,4.194970036746346,0.8307518650224481
2009,156.05336179890134,171.6586979787915,163.67014664138566,2983,164.00777863420998,163.9664875212155,165.0841739352629,3.6720082163208003,0.8089147648671358
2009,171.6586979787915,188.82456777667065,180.03716130552425,2506,180.15288078555093,180.08665729919943,179.94174958943657,4.882755563462192,0.7835979868790685
2009,188.82456777667065,207.70702455433775,198.04087743607667,5848,196.2613138496477,196.1733999576254,192.3230626345813,5.915353268325775,0.7623295170037427
2009,207.70702455433775,228.47772700977154,217.84496517968435,3330,218.17410405182227,218.09733320921185,219.56195133389969,5.785201920901236,0.7126974292819133
2009,228.47772700977154,251.3254997107487,239.6294616976528,4040,241.10421015987276,241.00789738999885,241.84831481516014,6.790948852505869,0.6844356556646609
2009,251.3254997107487,276.4580496818236,263.5924078674181,4737,263.5830037189676,263.4741935441043,264.13467829642065,7.583587309359494,0.6501480984833697
2009,276.4580496818236,304.103854650006,289.95164865415995,3993,290.42638982948387,290.3325004467204,288.8973043867101,7.384685446318478,0.6099450889863953
2009,304.103854650006,334.5142401150066,318.946813519576,4566,320.85714490635195,320.72996034512425,321.08871830408634,9.015216770045246,0.5760564217030053
2009,334.5142401150066,367.9656641265073,350.8414948715336,3545,351.02367138985954,350.9110540754386,350.8038696124337,8.887595988353386,0.5373046924728627
2009,367.9656641265073,404.76223053915805,385.925644358687,9341,384.8650062769977,384.79309281830194,383.82070439948626,7.4622857096408195,0.5072182097481901
2009,404.76223053915805,445.2384535930739,424.51820879455573,4852,422.1985218464955,422.0465638367717,418.4883809258915,11.368187204222584,0.42794096429511064
2009,445.2384535930739,489.7622989523814,466.9700296740114,3861,466.350819450852,466.18068507020143,466.36279136711767,12.60784372520532,0.3867619476011441
2009,489.7622989523814,538.7385288476195,513.6670326414126,4589,511.8794731616416,511.6582995276672,511.76093919931503,15.085847097966427,0.35399356683951894
2009,538.7385288476195,592.6123817323816,565.0337359055538,4067,565.6974337212794,565.5005730944425,567.8895583373045,14.909421209833168,0.315046636169978
2009,592.6123817323816,651.8736199056196,621.5371094961092,3425,619.6891161374848,619.5030797925309,619.0656522572359,15.207956291059501,0.28052992947287125
2009,651.8736199056196,717.0609818961817,683.6908204457202,3377,681.3422758770045,681.0659630083476,680.9722174829595,19.45004304205003,0.2514618890407122
2009,717.0609818961817,788.7670800858,752.0599024902923,3439,755.1566481252061,754.9115535688558,760.2126209718857,19.199878259591838,0.22280122552555867
2009,788.7670800858,867.64378809438,827.2658927393217,3042,826.7840894163716,826.5351278851693,825.4208696763145,20.339667437665124,0.19361436682593972
2009,867.64378809438,954.4081669038181,909.9924820132538,2016,912.5183299554633,912.1985684359724,907.962956643946,24.171741424320714,0.16779685471071995
2009,954.4081669038181,1049.8489835942,1000.9917302145793,2256,1001.9229997640549,1001.5668244724704,994.6321479599591,26.711029673216757,0.15068702419649146
2009,1049.8489835942,1154.83388195362,1101.090903236037,1703,1097.439456291088,1097.0968459096823,1099.460598408851,27.47120770508707,0.13154030909723577
2009,1154.83388195362,1270.3172701489823,1211.1999935596411,1994,1211.0998059133017,1210.6117283191163,1221.6228871209455,34.25652724888684,0.11708691556264693
2009,1270.3172701489823,1397.3489971638805,1332.3199929156053,1353,1333.35607770509,1332.899255572631,1325.6259167001613,34.89654598268769,0.10016379946871261
2009,1397.3489971638805,1537.0838968802686,1465.551992207166,1269,1460.6443468536684,1460.0949857337175,1456.8678349786953,40.11773647597594,0.08868086262062176
2009,1537.0838968802686,1690.7922865682958,1612.1071914278828,1397,1623.9709517283345,1623.4677484409137,1650.841739352629,40.1788325686965,0.07791083537729043
2009,1690.7922865682958,1859.8715152251257,1773.3179105706713,1005,1778.4838370622163,1777.7106569125776,1778.781974152458,52.43090400213311,0.06605446968861127
2009,1859.8715152251257,2045.858666747638,1950.6497016277383,764,1949.1330679040457,1948.520022585862,1939.7390437393392,48.99787614902346,0.057525015488809866
2009,2045.858666747638,2250.444533422402,2145.714671790512,914,2123.760937190042,2122.8390904875887,2104.823217674602,62.88510568372698,0.05104093289313994
2009,2250.444533422402,2475.4889867646425,2360.2861389695636,574,2345.145798094768,2344.291557957392,2338.417323792999,63.51512016159929,0.04328379743182802
2009,2475.4889867646425,2723.037885441107,2596.3147528665204,810,2553.8633801977353,2552.546654569251,2518.771783817274,82.47486712712347,0.0384122484659713
2009,2723.037885441107,2995.3416739852178,2855.9462281531723,656,2854.008417149775,2852.9731268569885,2888.973043867101,76.80639352069193,0.031537762991504494
2009,2995.3416739852178,3294.87584138374,3141.5408509684903,374,3125.0412055868537,3124.030155347572,3109.360416070677,79.77792309103361,0.025970278459096812
2009,3294.87584138374,3624.3634255221145,3455.69493606534,491,3399.8261882199286,3398.139103386835,3359.4629395826005,107.82241750360839,0.02279613331409609
2009,3624.3634255221145,3986.7997680743265,3801.264429671874,346,3786.8758854606854,3785.4622002911415,3755.6649570272316,103.89845397037602,0.018629006933894608
2009,3986.7997680743265,4385.479744881759,4181.390872639062,388,4165.229006643091,4164.120673002805,4127.104348381573,96.63713425675965,0.01569249832381373
2009,4385.479744881759,4824.027719369935,4599.529959902968,244,4593.335207724439,4591.7070256626,4578.196853659679,122.68705374504637,0.012399534911353085
2009,4824.027719369935,5306.43049130693,5059.482955893265,252,5024.572668253921,5023.164763440872,4952.525218057887,119.87319470952862,0.010328702249908764
2009,5306.43049130693,5837.073540437623,5565.431251482592,199,5588.530663439535,5585.986448135742,5596.353496405412,168.73524076294714,0.008189973435630203
2009,5837.073540437623,6420.780894481386,6121.974376630852,117,6151.685369716873,6149.659478733588,6190.656522572359,158.16134705963796,0.0065010566338784825
2009,6420.780894481386,7062.8589839295255,6734.171814293938,152,6705.5345116347935,6703.509513822697,6603.366957410516,166.29586173761777,0.005508075398677722
2009,7062.8589839295255,7769.144882322477,7407.588995723332,95,7387.24743574028,7385.352924959929,7428.7878270868305,168.18667794092337,0.004218048494827162
2009,7769.144882322477,8546.059370554725,8148.347895295665,102,8149.598740073874,8147.06870735571,8254.208696763146,203.71263901359563,0.0034117816799205617
2009,8546.059370554725,9400.665307610201,8963.182684825233,64,8937.721662860577,8935.082858263451,8955.816435988014,218.9295529776058,0.002546105731284001
2009,9400.665307610201,10340.73183837122,9859.500953307757,62,9893.18833942414,9889.693193491898,9905.050436115775,265.2250630604217,0.002002936508610081
2009,10340.73183837122,11374.805022208344,10845.451048638533,28,10814.104127480367,10810.537216778932,10730.471305792089,283.30571441294404,0.0014767413241447206
2009,11374.805022208344,12512.285524429179,11929.996153502389,35,12037.678545371758,12032.693565395384,12133.686784241823,349.8538216361777,0.0012391047892248805
2009,12512.285524429179,13763.5140768721,13122.99576885263,25,13168.302319128905,13164.513401429489,13206.733914821032,321.0226743057859,0.0009420591205750804
2009,13763.5140768721,15139.865484559308,14435.295345737894,21,14484.642644102765,14479.885128334805,14444.865219335505,380.0469866001609,0.0007298836429680803
2009,15139.865484559308,16653.852033015242,15878.824880311684,13,16208.85311174684,16204.932086777515,16267.394499580807,366.9580603504949,0.0005516562417782002
2009,16653.852033015242,18319.237236316767,17466.707368342853,17,17826.76018490578,17821.753661732982,17994.17495894366,431.3608157452706,0.0004413249934225602
2009,18319.237236316767,20151.160959948444,19213.37810517714,9,18936.347024964187,18929.70063377739,18654.51165468471,536.4704041409001,0.00029704566864980015
2009,20151.160959948444,22166.277055943294,21134.715915694855,8,20992.61944565158,20984.832617129334,20742.826454965783,615.7603233696536,0.0002206624967112801
2009,22166.277055943294,24382.904761537622,23248.18750726434,4,23649.752402748345,23636.08722605389,24043.27180236653,916.6677826588707,0.00015276634387704008
2009,24382.904761537622,26821.195237691387,25573.00625799078,3,25764.136745496697,25757.465085109365,26000.75739480391,715.0895604976267,0.00011881826745992006
2009,26821.195237691387,29503.314761460526,28130.306883789857,1,27513.75384892059,27513.75384892058,27513.75384892059,,9.335721014708004e-05
2009,29503.314761460526,32453.646237606583,30943.337572168846,1,30210.403830153115,30210.40383015311,30210.403830153115,,8.487019104280003e-05
2009,32453.646237606583,35699.01086136725,34037.67132938574,1,33016.83478705258,33016.83478705258,33016.83478705258,,7.638317193852004e-05
2009,35699.01086136725,39268.91194750397,37441.43846232431,2,36902.50353105384,36897.88243340476,36902.50353105384,825.8798824076426,6.789615283424003e-05
2009,39268.91194750397,43195.80314225437,41185.582308556746,1,41271.04348381572,41271.04348381569,41271.04348381572,,5.092211462568002e-05
2009,43195.80314225437,47515.383456479816,45304.14053941242,1,47131.53165851756,47131.53165851759,47131.53165851756,,4.243509552140002e-05
2009,52266.9218021278,57493.61398234058,54818.01005268904,1,53652.35652896045,53652.35652896041,53652.35652896045,,3.3948076417120015e-05
2009,57493.61398234058,63242.975380574644,60299.81105795795,1,61081.144356047276,61081.14435604728,61081.144356047276,,2.546105731284001e-05
2009,69567.27291863212,76524.00021049535,72962.77138012914,1,70160.77392248674,70160.77392248678,70160.77392248674,,1.6974038208560008e-05
2009,76524.00021049535,84176.40023154487,80259.04851814205,1,78141.76831138703,78141.76831138699,78141.76831138703,,8.487019104280004e-06
2011,0.8177691469857601,0.8995460616843362,0.8576835171192224,3,0.8177691469857601,0.8177691469857601,0.8177691469857601,0.0,0.9839077868274948
2011,3.757627139475956,4.1333898534235525,3.941032592006679,2,4.0888457349288005,4.0888457349288005,4.0888457349288005,0.0,0.9838796043175605
2011,4.546728838765908,5.001401722642499,4.768649436328083,2,4.90661488191456,4.90661488191456,4.90661488191456,0.0,0.9838608159776043
2011,5.501541894906749,6.051696084397425,5.770065817956981,1,5.724384028900321,5.72438402890032,5.724384028900321,,0.983842027637648
2011,6.051696084397425,6.656865692837168,6.34707239975268,7,6.54215317588608,6.54215317588608,6.542153175886081,9.593423386663633e-16,0.9838326334676699
2011,8.054807488332974,8.860288237166273,8.44795336407082,21,8.1776914698576,8.177691469857594,8.177691469857601,1.820224107610997e-15,0.9837668742778232
2011,8.860288237166273,9.7463170608829,9.292748700477901,7,8.995460616843362,8.99546061684336,8.995460616843362,0.0,0.9835695967082828
2011,9.7463170608829,10.72094876697119,10.22202357052569,12,9.949524621660084,9.945019792083611,9.81322976382912,0.31831620874814265,0.9835038375184361
2011,10.72094876697119,11.79304364366831,11.244225927578261,12,11.44876805780064,11.448768057800642,11.448768057800642,1.8553442084620055e-15,0.9833911074786987
2011,11.79304364366831,12.972348008035143,12.368648520336087,10,12.266537204786403,12.266537204786404,12.266537204786403,0.0,0.9832783774389614
2011,12.972348008035143,14.269582808838658,13.605513372369698,49,13.468157175867518,13.46198757701404,13.084306351772161,0.41234682473582124,0.9831844357391802
2011,14.269582808838658,15.696541089722526,14.96606470960667,22,15.12872921923656,15.123202742625052,15.128729219236565,0.41850670346170116,0.9827241214102528
2011,15.696541089722526,17.266195198694778,16.462671180567337,73,16.489810744699163,16.487085474196903,16.355382939715202,0.3051817672439702,0.9825174496707343
2011,17.266195198694778,18.992814718564258,18.10893829862407,77,18.511319781768574,18.507105511045115,18.808690380672484,0.39596392295143085,0.9818316752623322
2011,18.992814718564258,20.892096190420688,19.919832128486483,85,20.309537285728695,20.30723047434529,20.444228674644002,0.3051229029812481,0.9811083241740176
2011,20.892096190420688,22.981305809462757,21.91181534133513,104,22.103356463240114,22.09098440595079,22.079766968615523,0.742506708328778,0.9803098197258782
2011,22.981305809462757,25.279436390409035,24.102996875468648,54,24.45735504411115,24.456185032406626,24.533074409572805,0.239264875892085,0.9793328260481545
2011,25.279436390409035,27.807380029449938,26.513296563015512,420,27.085682389806927,27.07929718031858,26.986381850530087,0.5855285409972646,0.9788255408693365
2011,27.807380029449938,30.588118032394938,29.164626219317068,161,29.048582308146347,29.041947843228698,28.621920144501605,0.6273877550381156,0.9748799894785296
2011,30.588118032394938,33.64692983563443,32.08108884124878,175,32.63599841456313,32.626504396532695,32.710765879430404,0.7854957903629075,0.9733675281120536
2011,33.64692983563443,37.01162281919788,35.289197725373654,162,35.82030782105527,35.81254400174909,35.98184246737345,0.7451597656401503,0.9717235483658841
2011,37.01162281919788,40.712785101117674,38.81811749791103,103,38.63363756536611,38.62152142232118,38.43514990833073,0.9747939751784499,0.97020169282943
2011,40.712785101117674,44.78406361122944,42.69992924770214,312,41.73505810081492,41.72161755089118,41.29734192278089,1.0701781349208337,0.9692340933216845
2011,44.78406361122944,49.26246997235239,46.96992217247235,233,47.38147418157837,47.35694547435795,47.430610525174096,1.52344752786265,0.9663031122885137
2011,49.26246997235239,54.18871696958764,51.666914389719594,247,52.45972523882337,52.43914479327124,52.337225407088646,1.4668204781349927,0.9641142706836138
2011,54.18871696958764,59.607588666546405,56.83360582869156,288,56.84063466791996,56.82533148497465,57.24384028900321,1.3184241328035609,0.9617939106990202
2011,59.607588666546405,65.56834753320105,62.516966411560716,411,62.58819048073983,62.55924215019772,62.15045517091777,1.9089895588604526,0.9590883897453241
2011,65.56834753320105,72.12518228652115,68.76866305271679,387,68.99900763960213,68.97816932827597,68.69260834680385,1.7023248584826656,0.9552273858843202
2011,72.12518228652115,79.33770051517328,75.64552935798848,449,75.71376661324061,75.68555794980684,75.23476152268994,2.0744844188372573,0.951591842102791
2011,79.33770051517328,87.27147056669062,83.21008229378734,724,82.90191203337962,82.8819321362597,81.77691469857601,1.8333391358841569,0.9473738597826189
2011,87.27147056669062,95.99861762335968,91.53109052316607,840,91.42269649421283,91.3862012186804,90.77237531541938,2.590752501079178,0.9405724807184661
2011,95.99861762335968,105.59847938569567,100.6841995754827,863,100.99591103596325,100.96051230938872,101.40337422623426,2.674753098213689,0.9326813779368524
2011,105.59847938569567,116.15832732426524,110.75261953303097,1611,111.35213742410757,111.32081083178636,111.21660399006338,2.6464043994153403,0.9245742092457421
2011,116.15832732426524,127.77416005669177,121.82788148633408,1368,122.6061913859111,122.5750155930217,122.66537204786401,2.758982622460895,0.9094402014110043
2011,127.77416005669177,140.55157606236097,134.01066963496748,1507,134.5488004153764,134.50503913434568,135.7496783996362,3.4273446335886764,0.8965889768809476
2011,140.55157606236097,154.60673366859706,147.41173659846424,2443,147.64431977048844,147.60829927080272,148.0162156044226,3.257727613617422,0.8824319627239335
2011,154.60673366859706,170.0674070354568,162.15291025831067,2193,162.6148678321223,162.57501479167223,163.55382939715201,3.5892583058700227,0.8594820054674069
2011,170.0674070354568,187.07414773900248,178.36820128414178,2206,178.21806870651864,178.15483843042773,177.45590489590995,4.750459917631862,0.8388805907054082
2011,187.07414773900248,205.78156251290275,196.20502141255596,2639,197.22026031989583,197.12971077974726,196.26459527658244,5.973512969975274,0.818157051733694
2011,205.78156251290275,226.35971876419305,215.8255235538116,4167,219.683368458273,219.63095345861623,222.43320798012675,4.753217883926812,0.7933658371614576
2011,226.35971876419305,248.99569064061234,237.40807590919275,3247,239.53181135493742,239.44148820043873,242.059667507785,6.546765299920501,0.7542203308626666
2011,248.99569064061234,273.8952597046736,261.148883500112,3050,262.1690130137126,262.06152814454776,263.32166532941477,7.499154661073794,0.7237174609437383
2011,273.8952597046736,301.284785675141,287.26377185012325,3816,289.5277805488717,289.4165406991214,290.71693175343773,7.992830898776502,0.695065242510498
2011,301.284785675141,331.41326424265515,315.99014903513563,4034,318.1618643750342,318.0334831727045,318.92996732444647,9.0126530475074,0.6592170898740242
2011,331.41326424265515,364.5545906669207,347.5891639386492,3206,346.68641937296474,346.5715733403719,347.55188746894805,8.926432792800226,0.621321008182322
2011,364.5545906669207,401.0100497336128,382.3480803325142,3494,379.9904537153092,379.83657325583243,381.08042249536425,10.83363945981477,0.5912032992324963
2011,401.0100497336128,441.1110547069741,420.58288836576565,4083,418.35411188854175,418.2087317484615,415.42672666876615,11.075073823707655,0.5583800693289744
2011,441.1110547069741,485.2221601776716,462.64117720234225,9130,452.14008289555176,452.0094092895227,445.6841851072393,10.997498064420798,0.5200236733083449
2011,485.2221601776716,533.7443761954388,508.90529492257656,4763,506.9602127607104,506.724128695634,507.0168711311713,15.512345313871991,0.43425490140818607
2011,533.7443761954388,587.1188138149827,559.7958244148342,3981,560.5069024797028,560.3288965623439,560.1718656852457,14.12801339815857,0.3895104698024406
2011,587.1188138149827,645.830695196481,615.7754068563177,3806,614.496575225182,614.3048892813346,613.3268602393201,15.353422109721091,0.3521122791195784
2011,645.830695196481,710.4137647161291,677.3529475419494,4114,674.2089184907152,673.9580922791888,672.2062388222948,18.435398830534474,0.3163580681828857
2011,710.4137647161291,781.4551411877421,745.0882422961445,3213,744.3788837538284,744.0990441125509,735.9922322871842,20.434303122630602,0.27771045289293467
2011,781.4551411877421,859.6006553065164,819.597066525759,3413,822.9620888910113,822.7265426577071,817.7691469857601,19.709553476163766,0.24752698475326212
2011,859.6006553065164,945.5607208371681,901.556773178335,2996,900.9621452405986,900.7211638386777,896.2749850963932,20.912667028791844,0.21546468261796728
2011,945.5607208371681,1040.116792920885,991.7124504961686,2572,992.5752509209472,992.2433509736302,981.3229763829121,25.68399972498826,0.18731974936354498
2011,1040.116792920885,1144.1284722129735,1090.8836955457855,1951,1085.7199473532635,1085.3538672400166,1090.0862729320181,28.215988469783124,0.163157944179842
2011,1144.1284722129735,1258.5413194342711,1199.972065100364,2212,1203.175390814253,1202.6840991726751,1226.6537204786403,34.20848782552202,0.1448299185525463
2011,1258.5413194342711,1384.3954513776982,1319.9692716104007,1559,1319.9622816989192,1319.511132550619,1308.4306351772161,34.49863253677379,0.12405001456096347
2011,1384.3954513776982,1522.8349965154682,1451.9661987714408,1436,1447.5180189880525,1446.9968177099424,1444.1803135768523,38.86982451848386,0.1094045035650875
2011,1522.8349965154682,1675.1184961670153,1597.1628186485852,1514,1610.031350491924,1609.522871088175,1635.5382939715203,40.23255852007717,0.09591447547651927
2011,1675.1184961670153,1842.630345783717,1756.879100513444,1043,1766.052838531824,1765.2771692953258,1771.2879723711567,52.30422045848874,0.08169170212965833
2011,1842.630345783717,2026.8933803620885,1932.5670105647882,781,1925.3573549905911,1924.7590178506307,1921.7574954165364,48.122616204485844,0.07189358284248795
2011,2026.8933803620885,2229.582718398298,2125.823711621267,1094,2100.5903022948482,2099.681798755128,2079.586940784788,62.140976930153485,0.0645567360895828
2011,2229.582718398298,2452.5409902381275,2338.406082783394,554,2314.6985227783816,2313.954884151955,2297.522418456493,58.930974806522265,0.05427951413352873
2011,2452.5409902381275,2697.7950892619406,2572.2466910617336,942,2519.2376911026954,2517.9771219116824,2456.987402118716,80.35359170615888,0.04907514396565491
2011,2697.7950892619406,2967.574598188135,2829.4713601679073,639,2830.3425296911078,2829.393862117992,2862.1920144501605,73.16133691942305,0.0402258358462738
2011,2967.574598188135,3264.3320580069485,3112.418496184698,410,3091.0357347190975,3090.078199082076,3066.6343011966005,77.1965934595342,0.0342229612302605
2011,3264.3320580069485,3590.7652638076443,3423.6603458031686,604,3366.3020141267316,3364.7398877251508,3335.271465981423,103.23194899163788,0.030371351539234752
2011,3590.7652638076443,3949.841790188409,3766.026380383486,362,3750.8450296517185,3749.513754235691,3716.76077305028,100.46700189704126,0.024697272872455354
2011,3949.841790188409,4344.82596920725,4142.629018421835,447,4120.491754402088,4119.46445872831,4088.845734928801,92.57499186377748,0.021296583340378962
2011,4344.82596920725,4779.308566127975,4556.891920264018,309,4545.682279859334,4544.058587264417,4497.730308421681,121.85843132592139,0.017097389360163084
2011,4779.308566127975,5257.239422740773,5012.581112290421,270,4980.544241576692,4979.215219497929,4906.614881914561,115.88659369338146,0.014194590836926603
2011,5257.239422740773,5782.963365014851,5513.839223519463,260,5537.442001899377,5534.818600649872,5519.941742153881,170.5783398409677,0.011658164942836476
2011,5782.963365014851,6361.2597015163365,6065.2231458714095,148,6077.726606004682,6075.878400316509,6133.268602393201,150.26813608668758,0.009215680748527464
2011,6361.2597015163365,6997.385671667971,6671.745460458551,172,6625.9127053189195,6623.782423617046,6542.153175886081,169.63195190539264,0.00782534359176695
2011,6997.385671667971,7697.124238834768,7338.920006504407,137,7341.459841327119,7339.635907458722,7359.922322871841,164.088885299044,0.006209546355531757
2011,7697.124238834768,8466.836662718246,8072.812007154848,133,8104.787042971809,8102.538003297553,8177.691469857602,190.84487613597406,0.00492254506853047
2011,8466.836662718246,9313.520328990071,8880.093207870334,73,8863.586940154097,8861.123777768998,8975.016388168717,210.2009638736895,0.0036731204614416295
2011,9313.520328990071,10244.872361889078,9768.102528657368,77,9797.607187008132,9794.065321170827,9813.229763829122,265.07134207006214,0.0029873460530394835
2011,10244.872361889078,11269.359598077988,10744.912781523106,49,10736.991805763993,10734.58419820928,10667.79852242924,229.97402667959713,0.0022639949647248916
2011,11269.359598077988,12396.29555788579,11819.404059675417,63,11984.757321567882,11979.909007555674,12266.537204786402,341.3647484546754,0.001803680635797424
2011,12396.29555788579,13635.92511367437,13001.344465642962,34,13050.465140307191,13046.532342251012,13084.306351772162,324.53364006254327,0.0012118479271763943
2011,13635.92511367437,14999.517625041804,14301.478912207258,17,14422.898237252914,14418.029810091713,14638.067731045105,384.1917053496385,0.0008924461479206004
2011,14999.517625041804,16499.46938754599,15731.626803427984,32,16100.928958573415,16095.204159489886,16355.382939715204,431.02278265929147,0.0007327452582927036
2011,16499.46938754599,18149.41632630059,17304.789483770786,10,17340.794761833044,17333.39828974652,17173.152086700964,533.6252644961972,0.00043213181899313285
2011,18149.41632630059,19964.357958930646,19035.268432147863,6,18890.467295371058,18883.18960881547,18624.692322600684,577.6715697549496,0.00033819011921201703
2011,19964.357958930646,21960.793754823717,20938.795275362652,6,21003.03759175094,20994.782222993705,20853.113248136884,646.8479860211704,0.0002818250993433475
2011,21960.793754823717,24156.87313030609,23032.67480289892,5,23447.240536205114,23443.075367573492,23360.393452795226,495.00654697359045,0.000225460079474678
2011,24156.87313030609,26572.5604433367,25335.942283188815,5,24778.405153668533,24771.346493008365,24533.074409572804,668.7481888784569,0.0001784892295841201
2011,26572.5604433367,29229.81648767037,27869.536511507697,2,27166.699947440444,27166.101513065612,27166.699947440444,255.0082981919392,0.00013151837969356216
2011,29229.81648767037,32152.79813643741,30656.49016265847,3,30934.843881892997,30925.585005872217,30870.785298712446,927.7836348107273,0.000112730039737339
2011,32152.79813643741,35368.07795008116,33722.13917892432,1,32710.765879430408,32710.765879430415,32710.765879430408,,8.454752980300426e-05
2011,35368.07795008116,38904.885745089276,37094.35309681676,2,36118.001030346575,36117.74438242015,36118.001030346575,192.5572863898275,7.515335982489268e-05
2011,38904.885745089276,42795.3743195982,40803.78840649843,1,40561.3496904937,40561.34969049367,40561.3496904937,,5.63650198686695e-05
2011,42795.3743195982,47074.91175155803,44884.167247148274,1,43505.318619642436,43505.318619642436,43505.318619642436,,4.697084989055792e-05
2011,47074.91175155803,51782.40292671384,49372.58397186311,1,48330.15658685842,48330.15658685843,48330.15658685842,,3.757667991244634e-05
2011,56960.64321938522,62656.70754132375,59740.82660595437,1,57243.84028900321,57243.84028900323,57243.84028900321,,2.818250993433475e-05
2011,75814.61612500176,83396.07773750194,79515.04021252529,1,81776.91469857602,81776.91469857597,81776.91469857602,,1.878833995622317e-05
2011,100909.25406237735,111000.1794686151,105834.51852287119,1,102221.14337322001,102221.14337322005,102221.14337322001,,9.394169978111585e-06
2012,0.6920599916402684,0.7612659908042954,0.7258386426968747,3,0.6920599916402684,0.6920599916402684,0.6920599916402684,0.0,0.9840917934285895
2012,3.1799969665256382,3.4979966631782027,3.335208955646331,3,3.460299958201342,3.4602999582013427,3.4602999582013423,5.438959822042073e-16,0.9840646463183994
2012,3.847796329496023,4.232575962445626,4.035602836332061,2,4.15235994984161,4.15235994984161,4.15235994984161,0.0,0.9840374992082093
2012,4.655833558690189,5.121416914559208,4.883079431961795,1,4.8444199414818785,4.8444199414818785,4.8444199414818785,,0.9840194011347492
2012,5.121416914559208,5.6335586060151295,5.371387375157974,1,5.5364799331221475,5.5364799331221475,5.5364799331221475,,0.9840103520980191
2012,6.816605913278307,7.498266504606139,7.149316596335266,10,6.920599916402685,6.9205999164026855,6.920599916402685,0.0,0.9840013030612891
2012,7.498266504606139,8.248093155066753,7.864248255968793,2,7.612659908042953,7.612659908042952,7.612659908042953,0.0,0.9839108126939887
2012,8.248093155066753,9.07290247057343,8.650673081565673,10,8.650749895503356,8.643826525130175,8.650749895503356,0.3647476418433897,0.9838927146205286
2012,9.07290247057343,9.980192717630773,9.515740389722241,3,9.688839882963757,9.688839882963759,9.688839882963757,0.0,0.9838022242532283
2012,9.980192717630773,10.97821198939385,10.467314428694465,9,10.380899874604026,10.380899874604024,10.380899874604026,0.0,0.9837750771430381
2012,10.97821198939385,12.076033188333236,11.514045871563912,35,11.369557005518695,11.364427351550562,11.072959866244295,0.3474808617046993,0.9836936358124677
2012,12.076033188333236,13.283636507166563,12.665450458720306,16,12.803109845344967,12.798432910085591,12.803109845344967,0.3573782429598941,0.9833769195269163
2012,13.283636507166563,14.612000157883218,13.931995504592336,31,13.97514692796155,13.97252494055934,13.84119983280537,0.2779379810227822,0.9832321349392357
2012,14.612000157883218,16.07320017367154,15.325195055051571,43,15.692057949982832,15.688671871047585,15.917379807726173,0.328131472148436,0.9829516148006044
2012,16.07320017367154,17.6805201910387,16.85771456055673,76,17.201333213269304,17.19957620535958,17.301499791006712,0.2451090440831866,0.9825625062212128
2012,17.6805201910387,19.448572210142572,18.54348601661241,51,18.699189578044898,18.688382989708927,18.685619774287247,0.641643690204733,0.9818747794297297
2012,19.448572210142572,21.39342943115683,20.39783461827365,40,20.640689250671006,20.638989397569855,20.761799749208052,0.2663099750660841,0.9814132785564976
2012,21.39342943115683,23.53277237427251,22.437618080101014,333,23.03125773981218,23.026621696430023,22.83797972412886,0.46054629106402867,0.9810513170872961
2012,23.53277237427251,25.886049611699768,24.681379888111117,149,24.593675541847123,24.587429438314754,24.222099707409395,0.5604074469363957,0.9780379878561927
2012,25.886049611699768,28.474654572869746,27.149517876922232,104,27.615855435645322,27.606986269286878,27.68239966561074,0.698874680786328,0.9766896813834167
2012,28.474654572869746,31.322120030156725,29.864469664614457,127,30.210870816170452,30.20265583581188,30.45063963217181,0.7050000161272271,0.9757485815634925
2012,31.322120030156725,34.4543320331724,32.85091663107591,91,32.4659791682671,32.458010626494314,32.52681960709261,0.7269254992717474,0.9745993538987775
2012,34.4543320331724,37.89976523648964,36.1360082941835,262,35.366378733097534,35.35392135384468,35.29505957365369,0.948457598658752,0.9737758915563438
2012,37.89976523648964,41.68974176013861,39.74960912360185,181,40.185361945520555,40.167247789345964,40.13947951513556,1.204445558834345,0.9714050439330734
2012,41.68974176013861,45.85871593615248,43.724570035962046,200,44.36450576409941,44.34775228960416,44.29183946497718,1.2183936508964406,0.969767168284936
2012,45.85871593615248,50.44458752976772,48.09702703955825,265,48.14909458819483,48.13886546398228,48.44419941481879,0.9905266893871737,0.967957360938928
2012,50.44458752976772,55.4890462827445,52.90672974351408,345,53.045896866479005,53.02095300956578,52.5965593646604,1.630112938421652,0.9655593662054675
2012,55.4890462827445,61.03795091101895,58.197402717865494,330,58.57763541362416,58.560397427094905,58.133039297782545,1.4254708282227706,0.9624374485336036
2012,61.03795091101895,67.14174600212087,64.01714298965206,336,64.27713142594601,64.25595478467336,64.36157922254496,1.6533505554209427,0.9594512664126904
2012,67.14174600212087,73.85592060233294,70.41885728861726,642,70.23330940083864,70.2171668264997,69.20599916402685,1.5146359594667715,0.956410790071397
2012,73.85592060233294,81.24151266256625,77.46074301747899,524,77.71014856511785,77.67847482632683,77.51071906371006,2.2191291018176376,0.9506013084907111
2012,81.24151266256625,89.36566392882288,85.2068173192269,792,85.37591096365205,85.35226804221804,85.81543896339329,2.009270707441131,0.9458596132441701
2012,89.36566392882288,98.30223032170518,93.7274990511496,862,93.70267487740024,93.67125316271215,93.42809887143623,2.4340153368018043,0.9386927761539784
2012,98.30223032170518,108.1324533538757,103.10024895626456,1433,104.74253117021378,104.70860913260482,104.50105873768052,2.6519569916681207,0.9308925064926838
2012,108.1324533538757,118.9456986892633,113.41027385189103,1140,113.52212143572824,113.47994347728714,114.1898986206443,3.093939802019441,0.9179252368585364
2012,118.9456986892633,130.84026855818962,124.75130123708014,1637,125.49284054886311,125.44093760496688,125.26285848688859,3.608289574360859,0.9076093349862907
2012,130.84026855818962,143.9242954140086,137.22643136078818,2753,139.5847044163217,139.53686918498852,139.10405831969396,3.633843906117474,0.8927960618592151
2012,143.9242954140086,158.31672495540946,150.94907449686698,1609,151.16456929893144,151.10641824770718,151.5611381692188,4.186637457147981,0.8678840637414147
2012,158.31672495540946,174.14839745095043,166.04398194655369,2724,167.1213093322143,167.05224723981976,166.78645798530468,4.796938102104019,0.8533241636427802
2012,174.14839745095043,191.5632371960455,182.6483801412091,2321,183.43078404879088,183.3672026311194,184.0879577763114,4.821333955009336,0.828674587590151
2012,191.5632371960455,210.71956091565005,200.91321815533001,2542,202.573745908638,202.49119720557712,204.15769753387917,5.759607401891577,0.807671773339728
2012,210.71956091565005,231.79151700721508,221.00453997086302,4863,219.1349687039793,219.05662321599198,215.23065740012348,5.904012394595611,0.784669121971966
2012,231.79151700721508,254.97066870793662,243.10499396794935,3154,243.50352423044694,243.41498212974588,242.22099707409393,6.565654588646685,0.7406636563537812
2012,254.97066870793662,280.4677355787303,267.41549336474435,3620,269.46024893290297,269.3438619691178,270.59545673134494,7.897669583315731,0.7121229945072347
2012,280.4677355787303,308.51450913660335,294.15704270121876,3814,292.8638569290556,292.76450869308496,291.35725648055296,7.649715692224784,0.6793654815444896
2012,308.51450913660335,339.3659600502637,323.5727469713407,3840,322.2945007943469,322.173069084114,322.4999561043651,8.863519625291065,0.6448524554561167
2012,339.3659600502637,373.3025560552901,355.93002166847475,4285,353.86343659365497,353.7453080306546,350.8744157616161,9.185796161007106,0.6101041544127628
2012,373.3025560552901,410.6328116608192,391.5230238353223,3214,389.37439783544824,389.23225034912696,388.24565531019056,10.539350146693875,0.571329032024541
2012,410.6328116608192,451.6960928269011,430.67532621885454,10753,430.07438420694825,429.9947626403122,430.46131480024695,8.285432559677243,0.5422454279741922
2012,451.6960928269011,496.86570210959127,473.74285884074004,4536,474.3290081504182,474.15367304311803,474.7531542652241,12.890966023302125,0.4449411360160711
2012,496.86570210959127,546.5522723205504,521.117144724814,4119,520.5384924594293,520.3812852648077,519.0449937302013,12.799060435114125,0.4038947054086093
2012,546.5522723205504,601.2074995526056,573.2288591972955,4163,570.1119725080055,569.9004931641524,568.8733131283007,15.577396036138335,0.3666217231175741
2012,601.2074995526056,661.3282495078662,630.5517451170252,4038,631.7474261132413,631.5227405054909,630.4666523842845,16.838486290027348,0.32895058321041726
2012,661.3282495078662,727.4610744586528,693.6069196287277,4030,694.2608454499114,694.0603128460688,692.0599916402684,16.711739999882266,0.2924105728945154
2012,727.4610744586528,800.2071819045182,762.9676115916005,2943,763.215657603714,762.9457750972887,761.2659908042951,20.31668355074287,0.25594295487245383
2012,800.2071819045182,880.22790009497,839.2643727507606,3989,844.7873437136753,844.5333400556077,848.465549750969,20.63907280708734,0.22931163977594585
2012,880.22790009497,968.250690104467,923.1908100258368,2288,918.9401239171546,918.6781034056401,920.439788881557,21.97696111341468,0.19321503225981596
2012,968.250690104467,1065.075759114914,1015.5098910284205,2775,1016.1662750982028,1015.7399432072465,1031.86144753564,29.315247933808966,0.17251083622148422
2012,1065.075759114914,1171.5833350264054,1117.0608801312628,1886,1114.647747988434,1114.2624293371748,1107.2959866244296,29.3229245695421,0.147399759295623
2012,1171.5833350264054,1288.741668529046,1228.766968144389,1727,1227.7769389849466,1227.3339732123513,1228.4064851614764,32.967721259443415,0.13033327602276737
2012,1288.741668529046,1417.6158353819508,1351.643664958828,1956,1357.8793752641766,1357.4166188104912,1384.1199832805369,35.26982813057334,0.11470558958998815
2012,1417.6158353819508,1559.377418920146,1486.808031454711,1312,1491.953690666985,1491.324336694086,1491.0432519889582,43.32909827592315,0.09700567374602974
2012,1559.377418920146,1715.3151608121605,1635.4888346001821,894,1633.8901627242908,1633.4167489606887,1626.3409803546308,39.40314911542955,0.08513333755621715
2012,1715.3151608121605,1886.8466768933768,1799.0377180602004,1307,1777.2275321203688,1776.459607874495,1757.8323787662816,52.538865934701576,0.0770434987195613
2012,1886.8466768933768,2075.5313445827146,1978.9414898662208,738,1962.310787027994,1961.6779239855541,1955.0694763837582,50.019640043196844,0.06521640771339891
2012,2075.5313445827146,2283.0844790409865,2176.8356388528427,1219,2134.6564894400335,2133.6162314320295,2099.017954644934,67.09121406497106,0.058538218606629326
2012,2283.0844790409865,2511.392926945085,2394.5192027381277,841,2392.052283970865,2391.172900151019,2422.2099707409393,64.81040827641074,0.04750744283271046
2012,2511.392926945085,2762.532219639594,2633.9711230119406,444,2621.8318696809606,2621.0494230196805,2602.145568567409,64.26004523557279,0.03989720294274674
2012,2762.532219639594,3038.785441603554,2897.368235313135,727,2844.5655209898564,2843.2117905948767,2801.458846159807,88.41576597454883,0.035879430634608946
2012,3038.785441603554,3342.6639857639093,3187.1050588444486,460,3168.8494240697423,3167.8292140763047,3114.2699623812077,80.80036381152908,0.029300780931869802
2012,3342.6639857639093,3676.9303843403004,3505.8155647288936,541,3491.955626506574,3491.081342988658,3460.299958201342,78.69059781452418,0.025138224036051364
2012,3676.9303843403004,4044.6234227743307,3856.397121201783,335,3849.6322509909437,3848.4812684574326,3813.250553937879,94.3747367012635,0.020242695165099675
2012,4044.6234227743307,4449.085765051765,4242.036833321962,398,4215.876450782906,4214.768277932272,4152.359949841611,97.26702533047475,0.017211267860536245
2012,4449.085765051765,4893.9943415569405,4666.2405166541585,288,4679.022409452019,4676.645211895171,4671.404943571812,149.31247994552504,0.013609751241980292
2012,4893.9943415569405,5383.393775712636,5132.864568319575,206,5143.5712716546905,5141.981900657647,5190.4499373020135,128.05125049988118,0.011003628663728745
2012,5383.393775712636,5921.7331532839,5646.151025151533,198,5631.6626487400645,5629.647672389452,5536.4799331221475,151.77135703035552,0.009139527097340488
2012,5921.7331532839,6513.90646861229,6210.766127666687,122,6202.014740164793,6200.445031028834,6228.5399247624155,140.0156779889661,0.007347817824792551
2012,6513.90646861229,7165.29711547352,6831.842740433355,184,6865.047057291127,6863.589192133157,6920.599916402684,141.09994982571067,0.006243835343727661
2012,7165.29711547352,7881.826827020873,7515.027014476692,82,7489.00060319523,7486.758999750879,7482.898659610402,184.4584399009389,0.0045788125854002845
2012,7881.826827020873,8670.00950972296,8266.529715924362,93,8288.586716222188,8285.307454073063,8304.719899683221,234.33508591129942,0.003836791573536997
2012,8670.00950972296,9537.010460695257,9093.182687516799,63,9113.562268642974,9110.958672567609,8996.77989132349,220.0860627038285,0.0029952311576432688
2012,9537.010460695257,10490.711506764785,10002.500956268479,73,10063.443424192164,10058.847550100896,10034.869878783893,305.5201992252193,0.0024251418436507435
2012,10490.711506764785,11539.782657441265,11002.75105189533,39,11010.284074180872,11006.108729944053,11072.959866244295,307.4555061629609,0.001764562162357817
2012,11539.782657441265,12693.76092318539,12103.026157084863,37,12260.310360009815,12257.216971680318,12457.079849524831,277.4414068183132,0.0014116497298862537
2012,12693.76092318539,13963.13701550393,13313.328772793348,32,13572.702182923684,13566.730593471297,13841.199832805369,404.9985184338066,0.0010768353708747703
2012,13963.13701550393,15359.450717054326,14644.661650072685,11,14559.117702315107,14553.81233884142,14533.259824445639,414.7088034349015,0.0007872661955134876
2012,15359.450717054326,16895.395788759757,16109.127815079955,15,16110.2799960627,16105.184176112307,15917.379807726173,420.0604187099486,0.0006877267914830466
2012,16895.395788759757,18584.93536763574,17720.04059658795,12,17553.81332962556,17551.51168256689,17396.658039857248,297.7081558898022,0.0005519912405324454
2012,18584.93536763574,20443.428904399312,19492.04465624675,6,19552.078883820865,19550.184433115126,19637.202262792616,296.88163721623476,0.0004434027997719643
2012,20443.428904399312,22487.771794839246,21441.249121871428,11,21265.116106764614,21258.147795343502,21177.035744192213,573.4842794415091,0.00038910857939172377
2012,22487.771794839246,24736.54897432317,23585.374034058572,9,23876.684876026276,23869.944412269546,24180.57610791098,598.852215771321,0.0002895691753612828
2012,27210.20387175549,29931.224258931044,28538.302581210875,5,28644.639877987367,28635.744103965677,28514.25577556234,799.7144143357935,0.000208127844790922
2012,29931.224258931044,32924.346684824144,31392.132839331964,2,30727.463628827914,30724.657852113076,30727.463628827914,587.2323756920872,0.00016288266114072156
2012,32924.346684824144,36216.781353306564,34531.34612326516,1,35987.11956529396,35987.11956529395,35987.11956529396,,0.0001447845876806414
2012,39838.45948863723,43822.30543750095,41782.92880915086,4,41373.59549522807,41366.303271472825,41627.40849716215,892.0656647847495,0.0001357355509506013
2012,43822.30543750095,48204.53598125105,45961.22169006594,1,45199.13011401757,45199.13011401758,45199.13011401757,,9.953940403044096e-05
2012,48204.53598125105,53024.98957937616,50557.34385907254,1,48824.83241022094,48824.832410220944,48824.83241022094,,9.049036730040088e-05
2012,53024.98957937616,58327.48853731379,55613.078244979806,1,57510.18530530631,57510.18530530626,57510.18530530631,,8.144133057036078e-05
2012,64160.23739104517,70576.2611301497,67291.82467642557,1,69205.99916402684,69205.99916402687,69205.99916402684,,7.23922938403207e-05
2012,103330.70392065219,113663.77431271742,108374.15655963018,2,104449.1542383075,104447.1925043631,104449.1542383075,905.316579191982,6.334325711028061e-05
2012,113663.77431271742,125030.15174398918,119211.57221559322,3,119195.79922684224,119169.74664309573,119726.37855376644,3045.3260958706355,4.524518365020044e-05
2012,125030.15174398918,137533.1669183881,131132.72943715256,1,125102.30056882804,125102.30056882795,125102.30056882804,,1.8098073460080174e-05
2012,151286.48361022692,166415.13197124962,158670.6026189546,1,152253.19816085906,152253.19816085897,152253.19816085906,,9.049036730040087e-06
2013,0.6114811490567046,0.6726292639623751,0.6413268396199231,1,0.6114811490567046,0.6114811490567046,0.6114811490567046,,0.9805005899359627
2013,1.1916037714944498,1.310764148643895,1.2497645790563026,1,1.2229622981134092,1.2229622981134092,1.2229622981134092,,0.9804915832800439
2013,2.322098645935728,2.5543085105293013,2.4354376061813197,1,2.4459245962268183,2.4459245962268183,2.4459245962268183,,0.9804825766241252
2013,4.113739399292546,4.525113339221801,4.314526281044187,1,4.280368043396932,4.280368043396932,4.280368043396932,,0.9804735699682066
2013,4.525113339221801,4.977624673143982,4.745978909148605,5,4.891849192453637,4.891849192453637,4.891849192453637,0.0,0.9804645633122878
2013,6.022925854504219,6.625218439954642,6.316897928076797,13,6.114811490567048,6.114811490567048,6.114811490567046,1.8488908177493114e-15,0.9804195300326941
2013,6.625218439954642,7.287740283950106,6.948587720884476,5,6.72629263962375,6.726292639623751,6.72629263962375,0.0,0.9803024435057508
2013,7.287740283950106,8.016514312345118,7.643446492972925,7,7.337773788680453,7.337773788680455,7.337773788680455,1.9186846773327266e-15,0.9802574102261571
2013,8.016514312345118,8.81816574357963,8.407791142270218,6,8.560736086793865,8.560736086793865,8.560736086793865,0.0,0.9801943636347261
2013,8.81816574357963,9.699982317937593,9.24857025649724,5,9.17221723585057,9.172217235850567,9.17221723585057,0.0,0.9801403236992137
2013,9.699982317937593,10.669980549731353,10.173427282146964,37,10.03159614803837,10.027137023623837,9.783698384907273,0.30436024885796514,0.9800952904196201
2013,10.669980549731353,11.736978604704492,11.190770010361662,11,11.451374245971012,11.448082190072272,11.618141832077388,0.2856224573491923,0.9797620441506273
2013,11.736978604704492,12.910676465174939,12.30984701139783,27,12.433450030819658,12.430144243243904,12.229622981134092,0.29374604245519004,0.9796629709355213
2013,12.910676465174939,14.201744111692435,13.540831712537612,27,13.95082917847889,13.948768939864244,14.064066428304205,0.24205321729405763,0.9794197912257158
2013,14.201744111692435,15.621918522861682,14.894914883791376,54,15.18511520157483,15.183373908814158,15.287028726417613,0.23002538692491878,0.9791766115159103
2013,15.621918522861682,17.184110375147853,16.384406372170517,37,16.543044059615173,16.532662008232375,16.509991024531026,0.5933073504706944,0.9786902520962991
2013,17.184110375147853,18.902521412662637,18.02284700938757,42,18.286198171790975,18.285300957903278,18.34443447170114,0.181672123870968,0.9783570058273063
2013,18.902521412662637,20.7927735539289,19.825131710326325,231,20.2847621005261,20.279960398951395,20.17887791887125,0.4399738698244324,0.97797872627872
2013,20.7927735539289,22.872050909321796,21.80764488135896,134,21.876422601327175,21.87000833316134,21.40184021698466,0.53361346371729,0.9758981887614947
2013,22.872050909321796,25.159256000253976,23.98840936949486,119,24.305091050741282,24.297878395785165,24.459245962268184,0.5915607080463363,0.9746912968683857
2013,25.159256000253976,27.675181600279377,26.387250306444347,142,26.685554089467594,26.67856896323707,26.905170558495,0.6107936021029534,0.9736195048140576
2013,27.675181600279377,30.442699760307317,29.025975337088788,81,28.679220805758273,28.67290933781777,28.739614005665114,0.6084539960623836,0.9723405596735988
2013,30.442699760307317,33.48696973633805,31.928572870797666,300,31.201844765866777,31.19118092387198,30.574057452835227,0.8246349859169119,0.9716110205441821
2013,33.48696973633805,36.83566670997186,35.121430157877434,204,35.44192699238468,35.423007455157816,35.46590664528887,1.1577296229031762,0.9689090237685649
2013,36.83566670997186,40.51923338096905,38.633573173665184,234,39.36213909504761,39.34770221099726,39.746274688685794,1.061880941971646,0.9670716659611452
2013,40.51923338096905,44.571156719065954,42.496930491031705,308,42.66470744554734,42.6557065663171,42.80368043396932,0.8746315494412216,0.9649641084761639
2013,44.571156719065954,49.02827239097255,46.74662354013488,299,46.7834206214755,46.76179501296073,45.861086179252844,1.4295500613196317,0.9621900584531969
2013,49.02827239097255,53.93109963006981,51.42128589414836,282,51.802427840300254,51.785213316364924,51.97589766981989,1.3379512372118378,0.9594970683334985
2013,53.93109963006981,59.3242095930768,56.56341448356321,272,56.86549876981376,56.84313190140557,56.86774686227353,1.5980898959205512,0.9569571913644183
2013,59.3242095930768,65.2566305523845,62.219755931919536,518,61.92958309230278,61.91520228192863,61.148114905670454,1.3451749565886404,0.9545073809545254
2013,65.2566305523845,71.78229360762293,68.44173152511149,486,68.76772362724948,68.74374018204645,69.09736984340762,1.8153816030488785,0.9498419331886264
2013,71.78229360762293,78.96052296838525,75.28590467762265,507,75.60898073839212,75.58459851219453,76.43514363208807,1.9197716301006447,0.9454646984121265
2013,78.96052296838525,86.85657526522377,82.81449514538492,793,82.8098153335405,82.78509757009834,82.54995512265512,2.0303551647782383,0.9408983238613335
2013,86.85657526522377,95.54223279174616,91.09594465992342,885,91.5480556923336,91.5219682518794,91.72217235850569,2.1847068781836674,0.9337560457177855
2013,95.54223279174616,105.09645607092078,100.20553912591576,1349,101.23616630776527,101.20493553470554,102.11735189246967,2.5024595035884634,0.9257851552297147
2013,105.09645607092078,115.60610167801286,110.22609303850736,1144,110.07783157157938,110.03428420346852,110.06660683020682,3.1005214184218555,0.9136351763953562
2013,115.60610167801286,127.16671184581416,121.2487023423581,1746,121.76880105390713,121.74115519927119,122.29622981134091,2.5868924553282198,0.903331562024336
2013,127.16671184581416,139.88338303039558,133.37357257659392,2262,135.37008604999227,135.32078361576652,137.58325853775852,3.624610573407125,0.887605940790244
2013,139.88338303039558,153.87172133343518,146.71092983425334,2148,147.85830536925423,147.79577614647806,147.9784380717225,4.293085995994998,0.8672328851020904
2013,153.87172133343518,169.25889346677872,161.3820228176787,2230,162.13326694860865,162.08325839328424,162.6539856490834,4.022757787970254,0.8478865881886715
2013,169.25889346677872,186.18478281345656,177.52022509944655,2600,179.0760174621732,179.0077637246291,180.38693897172786,4.921436806386738,0.827801745489917
2013,186.18478281345656,204.80326109480225,195.27224760939123,2204,196.86335957019904,196.7841510710691,198.11989229437228,5.5705439206702865,0.8043844401012348
2013,204.80326109480225,225.2835872042825,214.79947237033036,4778,211.72489993622477,211.6431171159417,207.29210953022286,5.932648329861489,0.7845337704563673
2013,225.2835872042825,247.81194592471078,236.27941960736342,3803,237.60038251306315,237.49745208379198,239.0891292811715,6.972130671424059,0.7414999684767043
2013,247.81194592471078,272.5931405171819,259.9073615680998,2718,260.224149541283,260.1376552909435,259.87948834909946,6.7057758877072455,0.7072476560177972
2013,272.5931405171819,299.8524545689001,285.8980977249098,4162,283.450015072866,283.3353970818545,281.28132856608414,8.102202277654225,0.6827675652307055
2013,299.8524545689001,329.8377000257901,314.48790749740084,4462,312.6779117599857,312.557292550294,310.63242372080595,8.726393695734943,0.6452818632969765
2013,329.8377000257901,362.82147002836916,345.9366982471409,3305,345.4013713680625,345.2713171130085,344.87536806798136,9.494322152218402,0.6050941645876302
2013,362.82147002836916,399.1036170312061,380.53036807185504,4028,379.38716373466514,379.21443930239496,379.1183124151569,11.474751491694402,0.5753271667762476
2013,399.1036170312061,439.0139787343267,418.5834048790406,10321,416.3806263776193,416.31956654208784,414.5842190604457,7.170964653471984,0.5390483567356277
2013,439.0139787343267,482.9153766077594,460.44174536694464,4564,459.3303301909584,459.1719102993962,458.6108617925284,12.086480422545778,0.4460906609984779
2013,482.9153766077594,531.2069142685355,506.4859199036391,4521,504.95831961787906,504.76457516652914,506.30639141895136,14.00350475868377,0.4049842833854218
2013,531.2069142685355,584.327605695389,557.1345118940031,4119,557.3908240972478,557.1863973300608,552.778958747261,15.108500644743293,0.3642651919768709
2013,584.327605695389,642.760366264928,612.8479630834036,4723,614.3303689693217,614.1670315267074,611.4811490567046,14.185188374058912,0.327166776247647
2013,642.760366264928,707.0364028914208,674.1327593917439,3090,675.0506501565038,674.827975069627,672.629263962375,17.34747618995616,0.28462834034351386
2013,707.0364028914208,777.740043180563,741.5460353309184,3405,741.5978725770386,741.3518748824313,733.7773788680455,19.11632416156486,0.2567977735546569
2013,777.740043180563,855.5140474986193,815.7006388640102,3515,816.9896124357813,816.7737879353145,821.830664332211,18.730252277083654,0.2261301101514019
2013,855.5140474986193,941.0654522484814,897.2707027504114,3120,896.5785511655076,896.2052799567126,903.7691383058094,25.7777642999619,0.19447171459708726
2013,941.0654522484814,1035.1719974733296,986.9977730254526,2078,988.6199457405312,988.2688626588068,982.0387253850676,26.329825286642365,0.16637094813066858
2013,1035.1719974733296,1138.6891972206627,1085.6975503279978,1898,1083.8281068825215,1083.4273870562533,1080.487190383197,29.480431596344342,0.1476551171315602
2013,1138.6891972206627,1252.5581169427292,1194.2673053607978,2277,1202.3883877965307,1202.0110409589345,1222.9622981134091,29.96381185285429,0.13056048419782218
2013,1252.5581169427292,1377.8139286370022,1313.694035896878,1404,1318.7183297329998,1318.1646861831787,1318.6590979407833,38.21530216845544,0.11005232867088778
2013,1377.8139286370022,1515.5953215007023,1445.0634394865656,1049,1442.2986626501238,1441.8509941627156,1436.9807002832558,36.01624720625211,0.09740698376099938
2013,1515.5953215007023,1667.1548536507726,1589.5697834352222,1491,1571.0324603806873,1570.3413862772763,1550.1047128587463,46.85920343365695,0.08795900170225797
2013,1667.1548536507726,1833.87033901585,1748.5267617787445,819,1733.5983344449126,1733.0084744721544,1732.3260952776443,45.3571152541615,0.07453007772744058
2013,1833.87033901585,2017.2573729174353,1923.379437956619,1305,1885.1396858222522,1884.22060564581,1849.7304758965315,59.285369008637694,0.06715362653000567
2013,2017.2573729174353,2218.983110209179,2115.717381752281,876,2107.718979733308,2106.970767652282,2140.184021698466,56.13864536008076,0.055399940556070934
2013,2218.983110209179,2440.881421230097,2327.2891199275095,586,2315.0196301019655,2314.3486294458307,2303.7552290711346,55.90310898384341,0.04751010997126877
2013,2440.881421230097,2684.9695633531073,2560.018031920261,798,2514.6020516971894,2513.3366057475796,2466.409214720218,80.38371153198233,0.04223220960289654
2013,2684.9695633531073,2953.466519688418,2816.019835112287,537,2800.7533287713445,2799.788508493469,2763.8947937363046,73.82263944712636,0.03504489817975484
2013,2953.466519688418,3248.8131716572598,3097.621818623516,634,3080.2986736021503,3079.532611285164,3057.4057452835227,69.14867344892312,0.030208323951400086
2013,3248.8131716572598,3573.6944888229864,3407.384000485868,380,3395.324710700525,3394.196763026156,3363.146319811875,87.82232808002979,0.024498104098929108
2013,3573.6944888229864,3931.0639377052858,3748.122400534455,387,3716.606124786381,3715.637403637209,3668.886894340227,85.51544461940892,0.021075574849814014
2013,3931.0639377052858,4324.170331475814,4122.934640587901,391,4139.943195990028,4137.996469827149,4127.497756132756,126.96936972217453,0.01758999900926785
2013,4324.170331475814,4756.587364623396,4535.2281046466915,232,4552.780259607086,4551.3467245772645,4586.108617925284,114.25960825052532,0.01406839654504679
2013,4756.587364623396,5232.246101085737,4988.750915111361,288,4983.393016143667,4981.758611605603,4891.8491924536365,128.4061585924694,0.011978852371902837
2013,5232.246101085737,5755.47071119431,5487.626006622498,175,5502.876098371043,5501.462471583177,5503.330341510341,125.14917400897077,0.009384935467310342
2013,5755.47071119431,6331.017782313741,6036.388607284747,233,6072.0865416114975,6070.772712530318,6114.811490567045,125.77931762280792,0.007808770681533654
2013,6331.017782313741,6964.119560545117,6640.0274680132225,126,6618.278862365377,6615.772997808013,6626.009731178451,183.09180038507364,0.005710219852470976
2013,6964.119560545117,7660.531516599628,7304.030214814546,121,7329.122088455783,7326.517503983437,7337.773788680454,196.0861028875552,0.00457538120671176
2013,7660.531516599628,8426.584668259591,8034.433236296,90,8037.002482626798,8034.391337695561,7969.433815656032,206.19607615771665,0.003485575840546164
2013,8426.584668259591,9269.243135085551,8837.876559925602,89,8916.700562441367,8912.193298988164,9062.150629020362,284.1125845033579,0.0026749768078610093
2013,9269.243135085551,10196.16744859411,9721.664215918163,46,9751.223418664978,9747.887358790502,9783.698384907273,257.1648730274684,0.001873384431094579
2013,10196.16744859411,11215.784193453519,10693.83063750998,39,10697.925418762332,10694.324049312496,10700.92010849233,281.0467408363869,0.0014590782588332779
2013,11215.784193453519,12337.362612798872,11763.213701260978,35,12034.385785685274,12029.95334936291,12229.62298113409,327.3321431534047,0.0011078186780030443
2013,12337.362612798872,13571.098874078762,12939.535071387078,16,13071.326782810645,13066.976382264738,13033.72069214366,347.60610313807,0.0007925857208477065
2013,13571.098874078762,14928.208761486638,14233.488578525787,11,14214.490790972153,14210.262599976371,14064.066428304204,365.1295210809315,0.0006484792261481234
2013,14928.208761486638,16421.029637635304,15656.837436378366,17,15501.191006504887,15496.43109571988,15287.028726417615,397.6693343986024,0.0005494060110421601
2013,16421.029637635304,18063.132601398836,17222.521180016203,12,17151.740490466036,17140.99121414076,17121.47217358773,635.7223571280464,0.0003962928604238532
2013,18063.132601398836,19869.445861538723,18944.773298017826,7,18907.87067333196,18902.697012127894,18894.76750585217,478.1874928736768,0.000288212989399166
2013,19869.445861538723,21856.390447692593,20839.250627819612,3,20621.38644373862,20616.64916791772,20331.748206135428,544.039672937901,0.00022516639796809842
2013,21856.390447692593,24042.029492461854,22923.175690601573,2,22609.515486371653,22609.510318342418,22609.515486371653,21.619123353289588,0.0001981464302119266
2013,24042.029492461854,26446.232441708045,25215.493259661733,3,25060.535758840608,25046.33143674812,24459.24596226818,1041.4644777361984,0.00018013311837447875
2013,26446.232441708045,29090.85568587885,27737.04258562791,3,27245.357904420216,27241.466820172293,27516.651707551704,561.77127369629,0.00015311315061830694
2013,29090.85568587885,31999.941254466736,30510.7468441907,5,30571.97841692844,30569.897437075415,30574.05745283523,399.50726733772706,0.00012609318286213513
2013,31999.941254466736,35199.93537991342,33561.82152860978,2,34752.308144339695,34752.15811148399,34752.308144339695,144.4157439999617,8.105990326851543e-05
2013,35199.93537991342,38719.92891790476,36918.00368147076,2,36681.22542903906,36669.563990694245,36681.22542903906,1307.9569628738582,6.304659143106756e-05
2013,38719.92891790476,42591.92180969524,40609.80404961784,1,38798.47890764791,38798.4789076479,38798.47890764791,,4.503327959361969e-05
2013,42591.92180969524,46851.113990664766,44670.78445457962,2,43091.68805517502,43089.05517662596,43091.68805517502,673.6518836884225,3.602662367489575e-05
2013,46851.113990664766,51536.225389731255,49137.86290003759,2,49529.973073593064,49526.198354761706,49529.973073593064,864.7649341314755,1.8013311837447874e-05
2014,0.5852691209249502,0.6437960330174453,0.6138354325868541,1,0.5852691209249502,0.5852691209249502,0.5852691209249502,,0.9932012415124195
2014,1.6698411064812906,1.83682521712942,1.751344127515814,1,1.7558073627748505,1.7558073627748505,1.7558073627748505,,0.9931925474478573
2014,2.6892958003991847,2.9582253804391034,2.8205572308054947,1,2.9263456046247507,2.926345604624751,2.9263456046247507,,0.9931838533832952
2014,3.254047918483014,3.5794527103313154,3.4128742492746493,1,3.511614725549701,3.5116147255497014,3.511614725549701,,0.9931751593187331
2014,3.9373979813644473,4.331137779500892,4.129577841622326,1,4.096883846474651,4.096883846474651,4.096883846474651,,0.993166465254171
2014,4.331137779500892,4.764251557450982,4.542535625784558,3,4.682152967399602,4.682152967399602,4.682152967399602,0.0,0.9931577711896089
2014,5.764744384515689,6.341218822967259,6.046114917919249,6,5.8526912092495005,5.852691209249501,5.852691209249501,9.729507111180987e-16,0.9931316889959225
2014,6.341218822967259,6.975340705263985,6.650726409711175,6,6.437960330174453,6.4379603301744535,6.437960330174453,0.0,0.9930795246085498
2014,6.975340705263985,7.672874775790384,7.315799050682293,4,7.023229451099402,7.023229451099402,7.023229451099402,0.0,0.993027360221177
2014,7.672874775790384,8.440162253369424,8.047378955750524,3,8.193767692949303,8.193767692949304,8.193767692949303,0.0,0.9929925839629286
2014,8.440162253369424,9.284178478706366,8.852116851325576,3,8.779036813874253,8.779036813874251,8.779036813874253,0.0,0.9929665017692422
2014,9.284178478706366,10.212596326577003,9.737328536458133,22,9.65694049526168,9.652505619943865,9.65694049526168,0.29952102171995276,0.9929404195755558
2014,10.212596326577003,11.233855959234706,10.711061390103948,8,10.973796017342817,10.97081617418894,11.120113297574054,0.2709269579642655,0.992749150155189
2014,11.233855959234706,12.357241555158176,11.782167529114345,17,12.049658371984266,12.046195312266109,12.290651539423953,0.29690682382729944,0.9926795976386921
2014,12.357241555158176,13.592965710673994,12.960384282025778,19,13.122349763896251,13.119182645341276,12.875920660348905,0.2968820185451777,0.9925317985411359
2014,13.592965710673994,14.952262281741397,14.256422710228358,38,14.431504376491533,14.428810023408674,14.631728023123756,0.28138739004962143,0.9923666113144556
2014,14.952262281741397,16.447488509915537,15.682064981251198,35,15.902598114275074,15.8936106583166,16.387535385898605,0.5402578773631387,0.9920362368610949
2014,16.447488509915537,18.09223736090709,17.250271479376316,24,17.41175634751727,17.409890982368324,17.558073627748506,0.25887967219869434,0.9917319446014206
2014,18.09223736090709,19.901461096997803,18.97529862731395,73,19.345950531395957,19.338058540619446,19.313880990523355,0.5508513507157838,0.9915232870519296
2014,19.901461096997803,21.891607206697586,20.872828490045347,184,21.25099454836735,21.246609053339267,21.069688353298208,0.4312184867402831,0.9908886203388947
2014,21.891607206697586,24.080767927367347,22.960111339049885,123,23.077684849479745,23.06836054064667,23.410764836998005,0.6579080664371065,0.9892889124594639
2014,24.080767927367347,26.488844720104083,25.256122472954875,89,25.666352572697537,25.658404278238955,25.75184132069781,0.6396139903124458,0.9882195425183228
2014,26.488844720104083,29.137729192114495,27.781734720250366,95,27.760238514608695,27.7526356574998,27.50764868347266,0.6538083057458255,0.9874457707722938
2014,29.137729192114495,32.051502111325945,30.559908192275405,210,29.820855209033176,29.812369899894897,29.263456046247512,0.7191153124586305,0.986619834638892
2014,32.051502111325945,35.25665232245854,33.61589901150295,238,33.78330749271834,33.765962369501416,33.36033989272216,1.08579040159788,0.9847940810808461
2014,35.25665232245854,38.782317554704406,36.97748891265325,205,37.56000270677388,37.54473380497999,38.04249286012176,1.0682973458461338,0.9827248937150608
2014,38.782317554704406,42.660549310174844,40.67523780391858,177,40.80020159939525,40.789458925883146,40.96883846474651,0.9361656518335,0.9809426104798254
2014,42.660549310174844,46.92660424119233,44.74276158431043,369,44.84842727174496,44.833280624398355,45.06572231122116,1.168204182472318,0.9794037610523296
2014,46.92660424119233,51.61926466531156,49.217037742741475,218,49.4310782315146,49.413714120677646,49.74787527862077,1.3129935801414774,0.9761956512289061
2014,51.61926466531156,56.78119113184273,54.138741517015625,246,54.36103310574873,54.341117955940916,54.43002824602037,1.4756995040236716,0.9743003451543631
2014,56.78119113184273,62.45931024502701,59.5526156687172,475,59.36846748110921,59.35344225415695,58.526912092495024,1.3454364460245076,0.9721616052720807
2014,62.45931024502701,68.70524126952971,65.50787723558892,352,65.72472466205215,65.6963915625394,65.55014154359442,1.9307030609252231,0.9680319246050721
2014,68.70524126952971,75.5757653964827,72.05866495914782,494,72.21675964773348,72.19314058601199,72.57337099469382,1.8484539109365423,0.9649716138792047
2014,75.5757653964827,83.13334193613098,79.26453145506261,566,79.50250240691659,79.4767017792018,79.59660044579323,2.0295789983732804,0.9606767459855157
2014,83.13334193613098,91.44667612974406,87.19098460056888,836,87.43402605435163,87.40315875277248,87.79036813874252,2.3249959655066186,0.9557559054433539
2014,91.44667612974406,100.5913437427185,95.91008306062578,810,96.03037931778961,96.00048308558127,96.5694049526168,2.3969245452570647,0.9484876674694186
2014,100.5913437427185,110.65047811699034,105.50109136668836,1438,105.71392971544138,105.6853675243492,105.93371088741598,2.4562162114198385,0.9414454751740986
2014,110.65047811699034,121.71552592868939,116.05120050335721,1362,116.65118309372231,116.62338684825983,117.05382418499005,2.5382407421325954,0.9289434103337652
2014,121.71552592868939,133.88707852155832,127.65632055369294,1489,127.6822170861389,127.63420954075632,127.58866836163915,3.501043199989142,0.917102094400153
2014,133.88707852155832,147.2757863737142,140.42195260906223,2736,141.41886005577686,141.3776109606933,141.049858142913,3.4128122006215493,0.9041566322671513
2014,147.2757863737142,162.00336501108563,154.46414786996849,1836,155.06188944976327,155.0079980159472,155.68158616603677,4.08288653931083,0.8803696716251815
2014,162.00336501108563,178.2037015121942,169.91056265696534,2703,170.81846878002915,170.7452949238277,170.89858331008546,4.985578756882262,0.8644073690891229
2014,178.2037015121942,196.02407166341362,186.9016189226619,2308,188.21423177336072,188.13652958367175,189.04192605875892,5.396313850017278,0.8409073125777032
2014,196.02407166341362,215.626478829755,205.5917808149281,4491,208.83968686357625,208.7769324886743,211.86742177483197,5.072003995347171,0.8208414115683224
2014,215.626478829755,237.18912671273054,226.15095889642092,3580,228.11665054723824,228.02337983166694,230.01076452350543,6.496910703861469,0.781796367619826
2014,237.18912671273054,260.90803938400364,248.76605478606308,2924,249.11027368485279,249.02211252192254,248.7393763931038,6.619092387837665,0.7506716164874241
2014,260.90803938400364,286.99884332240396,273.64266026466936,3976,274.97153289025493,274.8618845788168,277.4175633184264,7.740580214845525,0.7252501717077751
2014,286.99884332240396,315.6987276546444,301.0069262911363,4277,299.1390255372765,299.03652897162095,296.73144430894973,7.870555205465019,0.6906825710087723
2014,315.6987276546444,347.2686004201089,331.10761892025,3690,329.61992088602113,329.49736034030815,328.921245959822,9.001140776384238,0.6534980568765704
2014,347.2686004201089,381.9954604621198,364.21838081227503,4295,362.6256614125757,362.46355158548846,360.52577848976927,10.87915309936982,0.6214169586423349
2014,381.9954604621198,420.1950065083318,400.64021889350255,3777,400.5267612676486,400.38769488650144,399.15354047081604,10.561208191777448,0.5840759513480147
2014,420.1950065083318,462.214507159165,440.7042407828528,11452,430.4123901214465,430.2839283742382,423.73484354966394,10.633284836919358,0.5512384694968745
2014,462.214507159165,508.43595787508156,484.77466486113815,5007,484.1637926175316,483.9654688844089,482.84702476308394,13.874760674490513,0.45167404213143686
2014,508.43595787508156,559.2795536625898,533.252131347252,4243,532.7660805694134,532.5803350198248,530.2538235580048,14.083696047864912,0.4081428608688848
2014,559.2795536625898,615.2075090288488,586.5773444819773,5113,585.8405395542592,585.6623990070749,585.2691209249501,14.476648244907336,0.3712539449317951
2014,615.2075090288488,676.7282599317338,645.2350789301751,3891,645.1828696391179,644.9789998771925,643.7960330174452,16.24483792145844,0.32680119282565795
2014,676.7282599317338,744.4010859249072,709.7585868231927,4077,710.225154896439,709.9854450191672,702.3229451099402,18.458318624346138,0.2929725876144356
2014,744.4010859249072,818.841194517398,780.7344455055119,2972,777.9748868204549,777.748171202249,780.1637381929586,18.796433362439487,0.25752688639465837
2014,818.841194517398,900.7253139691379,858.8078900560632,4811,855.55968539711,855.257221031247,848.6402253411778,22.73208358194629,0.23168812651602752
2014,900.7253139691379,990.7978453660518,944.6886790616696,2389,944.7909509603242,944.4735007346893,941.1127464473199,24.487220783403377,0.18986098190765163
2014,990.7978453660518,1089.877629902657,1039.1575469678367,2490,1037.48847198,1037.0843285957362,1033.585267553462,28.99624623661324,0.16909086166873874
2014,1089.877629902657,1198.8653928929227,1143.0733016646204,2504,1151.5723903006938,1151.2331701814524,1170.5382418499003,27.793011054762818,0.1474426409090514
2014,1198.8653928929227,1318.7519321822151,1257.3806318310826,1777,1263.1764300172836,1262.642153437371,1266.5223776815922,36.715903672790304,0.1256727032454943
2014,1318.7519321822151,1450.6271254004366,1383.1186950141907,1223,1381.9716169422477,1381.5644125668193,1381.2351253828824,33.59059921548142,0.11022335051860095
2014,1450.6271254004366,1595.6898379404804,1521.43056451561,1624,1504.6742933391463,1503.98979810435,1491.5583546772355,45.64390554098708,0.09959050955912399
2014,1595.6898379404804,1755.2588217345285,1673.573620967171,997,1663.1575585448172,1662.6204336241287,1658.0674195803838,42.36035649666977,0.08547134871023553
2014,1755.2588217345285,1930.7847039079818,1840.9309830638883,1450,1809.5225554255896,1808.598441997417,1785.070818821098,58.14329507996423,0.07680336634179845
2014,1930.7847039079818,2123.86317429878,2025.0240813702774,1090,2023.3746857048657,2022.6309109514914,2048.4419232373257,54.818625738298174,0.06419697272671947
2014,2123.86317429878,2336.249491728658,2227.526489507305,717,2217.9152905290916,2217.2258773949743,2209.3909314916873,55.438293233463334,0.054720442354004924
2014,2336.249491728658,2569.8744409015244,2450.279138458036,975,2411.1028835354336,2409.9121484285783,2384.386398648247,76.2308496411152,0.04848679806296242
2014,2569.8744409015244,2826.861884991677,2695.30705230384,621,2683.7963209631043,2682.8775399319334,2662.3892310875985,70.50575154331356,0.04001008511489206
2014,2826.861884991677,3109.5480734908447,2964.8377575342242,712,2947.9019212358976,2947.1711999177064,2926.345604624751,66.03416703626577,0.034611071021813405
2014,3109.5480734908447,3420.5028808399297,3261.3215332876466,473,3257.1414440691424,3255.999899463024,3225.4181254174005,86.40686393936448,0.028420897053581518
2014,3420.5028808399297,3762.5531689239233,3587.453686616412,465,3567.2945865636316,3566.2176914150946,3511.6147255497012,88.21366131269964,0.024308604515697132
2014,3762.5531689239233,4138.808485816316,3946.1990552780535,464,3962.834513377285,3960.907929604318,3950.5665662434135,123.50492875689689,0.020265864494309734
2014,4138.808485816316,4552.689334397947,4340.818960805859,270,4339.811717263312,4338.499615166758,4383.665715727877,106.86249891365628,0.01623181853748446
2014,4552.689334397947,5007.958267837743,4774.900856886446,315,4762.321830985855,4760.628562946084,4682.152967399601,127.71960889338577,0.013884421105711132
2014,5007.958267837743,5508.754094621518,5252.390942575091,215,5245.132862454162,5243.686479896227,5267.422088324552,123.52816562686515,0.011145790768642248
2014,5508.754094621518,6059.629504083669,5777.6300368326,264,5795.361438540718,5794.079002572964,5852.691209249502,121.30803894826022,0.00927656688778571
2014,6059.629504083669,6665.592454492037,6355.393040515861,139,6323.853904440164,6321.86802261679,6350.169962035709,159.07165080420486,0.006981333843385121
2014,6665.592454492037,7332.1516999412415,6990.932344567447,146,7019.761931992553,7016.98633977416,7023.2294510994025,198.04138282346477,0.005772858869249963
2014,7332.1516999412415,8065.366869935366,7690.025579024192,103,7652.5358117055985,7650.351946195675,7608.498572024352,184.3939145636969,0.004503525443179941
2014,8065.366869935366,8871.903556928904,8459.028136926612,117,8550.601773907083,8546.719819114742,8698.26967518661,257.46670918531106,0.003608036793281227
2014,8871.903556928904,9759.093912621796,9304.930950619275,68,9275.181497340705,9272.267770520413,9364.305934799202,234.36591632465982,0.0025908312395127846
2014,9759.093912621796,10735.003303883974,10235.424045681202,55,10223.747035735634,10220.049218152342,10242.209616186628,277.66088014353636,0.0019996348492883906
2014,10735.003303883974,11808.503634272372,11258.966450249321,62,11484.547163419678,11480.764878983447,11705.382418499004,294.892029961316,0.0015214612983716017
2014,11808.503634272372,12989.353997699613,12384.863095274257,20,12507.874173655251,12501.627757992963,12607.282133844352,403.44395236517926,0.0009824292955199485
2014,12989.353997699613,14288.289397469574,13623.349404801686,23,13547.987736555375,13543.18617823291,13461.189781273855,369.0640198863919,0.0008085480042774798
2014,14288.289397469574,15717.118337216534,14985.684345281854,27,14905.373852107332,14902.099781150198,14924.362583586231,318.8011386673884,0.0006085845193486407
2014,15717.118337216534,17288.83017093819,16484.252779810042,7,16450.24279171199,16444.67864516038,16533.852666129842,461.5928951185127,0.00037384477617130786
2014,17288.83017093819,19017.71318803201,18132.678057791047,6,17723.89987867724,17718.25110342239,17558.073627748505,497.1917733837348,0.00031298632423644375
2014,19017.71318803201,20919.48450683521,19945.945863570152,6,19803.946334444514,19791.970406057357,19906.173340899404,753.7854275568895,0.00026082193686370315
2014,20919.48450683521,23011.432957518733,21940.540449927168,4,21654.957474223156,21651.001869441432,21654.957474223156,477.87023615779725,0.00020865754949096253
2014,23011.432957518733,25312.57625327061,24134.594494919886,3,24125.963702768302,24114.351045444746,23800.554071534025,922.0268135301768,0.00017388129124246878
2014,25312.57625327061,27843.83387859767,26548.053944411877,5,26395.637353715247,26387.6395080083,26337.110441622757,728.6541793318756,0.00014779909755609845
2014,27843.83387859767,30628.21726645744,29202.859338853068,4,29399.970068703256,29387.44425782611,29556.090606709986,986.2474568969292,0.00010432877474548126
2014,30628.21726645744,33691.03899310319,32123.145272738377,1,31487.478705762318,31487.478705762318,31487.478705762318,,6.95525164969875e-05
2014,33691.03899310319,37060.14289241351,35335.45980001222,1,35116.14725549701,35116.14725549704,35116.14725549701,,6.085845193486407e-05
2014,40766.15718165487,44842.77289982035,42755.90635801479,2,43602.54950890879,43586.834754329335,43602.54950890879,1655.3910569004906,5.216438737274063e-05
2014,44842.77289982035,49327.0501898024,47031.496993816276,1,46821.52967399602,46821.529673996,46821.52967399602,,3.477625824849375e-05
2014,49327.0501898024,54259.75520878264,51734.64669319791,1,53844.75912509542,53844.75912509543,53844.75912509542,,2.6082193686370316e-05
2014,54259.75520878264,59685.73072966091,56908.1113625177,1,58526.91209249502,58526.91209249505,58526.91209249502,,1.7388129124246875e-05
2014,187319.39100729657,206051.33010802625,196462.23472229697,1,193841.1328503435,193841.1328503435,193841.1328503435,,8.694064562123438e-06
2015,1.7474127708119866,1.9221540478931856,1.8327019754331328,1,1.7474127708119866,1.7474127708119866,1.7474127708119866,,0.9940757269126321
2015,1.9221540478931856,2.1143694526825043,2.015972172976446,1,2.0968953249743842,2.0968953249743842,2.0968953249743842,,0.9940670783387819
2015,2.325806397950755,2.55838703774583,2.4393263293015,3,2.4463778791367816,2.446377879136781,2.4463778791367816,0.0,0.9940584297649318
2015,2.55838703774583,2.8142257415204135,2.6832589622316503,8,2.795860433299179,2.7958604332991794,2.795860433299179,0.0,0.9940324840433813
2015,3.4052131472397016,3.745734461963672,3.5714176787303282,4,3.4948255416239733,3.4948255416239733,3.4948255416239733,0.0,0.9939632954525799
2015,3.745734461963672,4.120307908160039,3.928559446603361,4,3.8443080957863707,3.844308095786371,3.8443080957863707,0.0,0.9939287011571791
2015,4.120307908160039,4.5323386989760435,4.321415391263698,3,4.1937906499487685,4.19379064994877,4.1937906499487685,0.0,0.9938941068617785
2015,4.5323386989760435,4.985572568873648,4.753556930390068,6,4.892755758273563,4.892755758273563,4.892755758273563,0.0,0.993868161140228
2015,4.985572568873648,5.484129825761014,5.228912623429075,12,5.242238312435959,5.242238312435959,5.24223831243596,9.276721042310028e-16,0.993816269697127
2015,5.484129825761014,6.032542808337116,5.751803885771983,30,5.8713069099282755,5.8696017383496395,5.941203420760755,0.1421828190778227,0.9937124868109248
2015,6.032542808337116,6.635797089170827,6.326984274349182,3,6.290685974923153,6.290685974923154,6.290685974923153,0.0,0.9934530295954197
2015,6.635797089170827,7.299376798087911,6.9596827017841,18,6.892572595980615,6.890767699590102,6.989651083247947,0.16107252474973505,0.9934270838738692
2015,7.299376798087911,8.029314477896703,7.655650971962511,14,7.538837954074571,7.53684506970415,7.688616191572741,0.17947767120397345,0.993271409544566
2015,8.029314477896703,8.832245925686374,8.421216069158763,55,8.546437006334992,8.541700615747407,8.737063854059935,0.2839064845213353,0.9931503295106637
2015,8.832245925686374,9.715470518255012,9.26333767607464,28,9.186398566554443,9.185056351000467,9.08654640822233,0.16077724947897976,0.9926746579489042
2015,9.715470518255012,10.687017570080513,10.189671443682105,65,10.151124034747786,10.146034856382599,10.134994070709523,0.3235709359635524,0.9924324978810994
2015,10.687017570080513,11.755719327088565,11.208638588050315,58,11.346131887720594,11.343074661728568,11.532924287359114,0.26361400193398693,0.9918703405808382
2015,11.755719327088565,12.931291259797423,12.329502446855347,232,12.613006146559279,12.609180774146992,12.581371949846305,0.30944089078327197,0.9913687232975282
2015,12.931291259797423,14.224420385777167,13.562452691540884,127,13.63807510573891,13.634089646149114,13.629819612333497,0.3308592089827375,0.9893622541642884
2015,14.224420385777167,15.646862424354884,14.918697960694972,74,14.909681398522816,14.904992170429123,15.027749828983085,0.3761242100409203,0.9882638852853165
2015,15.646862424354884,17.211548666790375,16.410567756764472,146,16.392168019891074,16.383100863952496,16.425680045632678,0.5481093382663833,0.9876238908204037
2015,17.211548666790375,18.932703533469414,18.051624532440922,209,17.83364325426779,17.82768321991338,17.47412770811987,0.46600822490700283,0.9863611990382786
2015,18.932703533469414,20.825973886816357,19.856786985685016,173,19.791217243520276,19.78713826010679,19.571023033094253,0.4044181063844257,0.9845536471035926
2015,20.825973886816357,22.908571275497994,21.84246568425352,192,21.651536363342274,21.64263477165851,21.667918358068636,0.6248552712780329,0.9830574438275128
2015,22.908571275497994,25.199428403047797,24.026712252678873,273,23.936354570434087,23.92396276094086,24.114296237205416,0.7722843222492775,0.9813969176482799
2015,25.199428403047797,27.719371243352576,26.42938347794676,363,26.567413449342574,26.56173112338224,26.5606741163422,0.5500912756389057,0.9790358569871828
2015,27.719371243352576,30.491308367687836,29.072321825741437,260,29.156254162832926,29.14272147818131,29.00705199547898,0.889979583250914,0.9758964246795704
2015,30.491308367687836,33.540439204456625,31.979554008315585,239,31.969611220303324,31.95948028155797,31.80291242877816,0.807823128871255,0.9736477954785256
2015,33.540439204456625,36.89448312490229,35.17750940914715,533,35.04464178671229,35.0377291681391,34.94825541623974,0.6980543142268415,0.9715807863283344
2015,36.89448312490229,40.583931437392515,38.69526035006186,404,38.976820403205785,38.96043575723925,39.142046066188506,1.129129552560512,0.9669710964661927
2015,40.583931437392515,44.64232458113178,42.564786385068054,423,42.83681198158859,42.823382633462266,42.98635416197487,1.071324497702963,0.9634770726307232
2015,44.64232458113178,49.10655703924496,46.82126502357487,655,46.83546430812379,46.81860997575703,46.48117970359885,1.2586593166477178,0.9598187258921004
2015,49.10655703924496,54.01721274316946,51.50339152593236,635,51.81642990840244,51.802162680019094,52.422383124359605,1.2111221226407896,0.9541539100202376
2015,54.01721274316946,59.41893401748641,56.65373067852559,994,56.67524124825132,56.65196666906957,56.26669122014598,1.6268512623665776,0.9486620656253784
2015,59.41893401748641,65.36082741923506,62.31910374637816,846,62.83332795887584,62.81187496582295,62.90685974923153,1.641357523627436,0.9400653832183073
2015,65.36082741923506,71.89691016115857,68.55101412101598,1724,69.11564842027904,69.10357753438703,68.84806316999227,1.2860343950641295,0.9327486897410617
2015,71.89691016115857,79.08660117727443,75.40611553311759,1271,76.012867980228,75.9817170067946,75.83771425324022,2.1716453399692712,0.917838548423365
2015,79.08660117727443,86.99526129500188,82.94672708642935,1395,82.77851293644397,82.75586430158542,82.47788278232578,1.940194029560381,0.9068462110597962
2015,86.99526129500188,95.69478742450207,91.24139979507228,3023,90.89124463451515,90.8640047044772,91.56442919054811,2.2192866539667757,0.8947814505388062
2015,95.69478742450207,105.2642661669523,100.36553977457953,2707,101.85680014841093,101.80508616204483,103.44683603206961,3.2266479076046615,0.8686368117897358
2015,105.2642661669523,115.79069278364754,110.4020937520375,2025,110.7825179899327,110.74645814931652,110.43648711531758,2.8244400750341634,0.84522512237732
2015,115.79069278364754,127.3697620620123,121.44230312724126,2331,120.83490497309843,120.78635382630318,121.27044629435187,3.429406400848562,0.8277117603307215
2015,127.3697620620123,140.10673826821355,133.5865334399654,5898,136.3373632932742,136.28905025885075,137.69612633998454,3.5920447057048555,0.8075519346859703
2015,140.10673826821355,154.1174120950349,146.94518678396193,2614,148.01642370834867,147.9694576514324,148.53008551901888,3.7179565039255342,0.7565426461176552
2015,154.1174120950349,169.52915330453843,161.63970546235817,3098,161.29364414574454,161.234954971118,161.46094002302758,4.358639268338878,0.7339352740733053
2015,169.52915330453843,186.48206863499226,177.80367600859398,5185,178.4329856586391,178.37034208151803,176.13920729784826,4.73558333213901,0.7071419922854721
2015,186.48206863499226,205.1302754984915,195.5840436094534,3217,195.27090566540548,195.20878531055618,195.0112652226177,4.929736114307135,0.6622991368723298
2015,205.1302754984915,225.64330304834067,215.14244797039873,4464,213.54276555092514,213.46128883424814,209.68953249743842,5.929893672216201,0.6344766747963261
2015,225.64330304834067,248.20763335317477,236.65669276743864,4332,236.4934406629033,236.39983246910202,235.90072405961823,6.655583458252016,0.5958694411291579
2015,248.20763335317477,273.02839668849225,260.3223620441825,3939,261.5903091389544,261.5117515491315,262.111915621798,6.400222649449535,0.5584038192102122
2015,273.02839668849225,300.33123635734154,286.35459824860084,11903,279.58052348448547,279.4938374963498,275.3922526799691,7.051390155543796,0.5243370868143843
2015,300.33123635734154,330.36435999307565,314.9900580734609,4413,314.89835297264403,314.79032079107685,314.5342987461576,8.254472940265114,0.42139311227578574
2015,330.36435999307565,363.4007959923833,346.489063880807,5163,347.09344187319306,346.9992672570853,349.4825541623974,8.063537426222053,0.38322695587497624
2015,363.4007959923833,399.7408755916216,381.1379702688877,3595,380.2409074689294,380.1123042604226,382.33391425366267,9.891608467629949,0.33857436908653765
2015,399.7408755916216,439.71496315078383,419.2517672957765,4755,418.418373834949,418.2544973093691,419.37906499487684,11.72654402749488,0.3074827460951689
2015,439.71496315078383,483.6864594658623,461.17694402535426,3163,459.8937388733826,459.74209076256545,457.8221459527405,11.823089158468756,0.26635877743760056
2015,483.6864594658623,532.0551054124485,507.2946384278897,3905,509.4968780508587,509.2613090648942,512.3414244020745,15.439533757865032,0.23900333834950616
2015,532.0551054124485,585.2606159536934,558.0241022706787,3541,556.5220002261125,556.3606630560523,550.7845053599382,13.450259134901883,0.20523065746458408
2015,585.2606159536934,643.7866775490628,613.8265124977466,2388,614.4462357182023,614.2346555996759,611.5944697841953,16.118824326639977,0.17460605746112465
2015,643.7866775490628,708.1653453039692,675.2091637475213,2679,682.5848257889973,682.3137500276247,694.4218351206836,19.129402575381903,0.15395326310691368
2015,708.1653453039692,778.9818798343662,742.7300801222735,1515,744.0329021476324,743.7898956523898,744.3978403659064,19.00759234100763,0.1307837337623026
2015,778.9818798343662,856.8800678178028,817.003088134501,1711,813.8639831436691,813.57426608689,815.3427988608731,21.763478037036773,0.11768114437929185
2015,856.8800678178028,942.5680745995832,898.7033969479511,1624,892.0324844391927,891.727918499704,873.7063854059934,23.453482319357004,0.10288343452164737
2015,942.5680745995832,1036.8248820595418,988.5737366427464,1152,984.8418376296358,984.5011633021103,978.5511516547126,25.943912372842366,0.08883815058896788
2015,1036.8248820595418,1140.5073702654959,1087.431110307021,1484,1075.4282337693505,1074.9418159033085,1048.9718863184357,32.57976428656092,0.07887499351356961
2015,1140.5073702654959,1254.5581072920454,1196.1742213377233,1062,1196.6075334361235,1196.2173592955564,1199.77360843951,30.523053606027116,0.06604050991991421
2015,1254.5581072920454,1380.0139180212502,1315.7916434714957,775,1312.5392276738585,1312.0854440405164,1310.55957810899,34.56012232332081,0.05685572449103143
2015,1380.0139180212502,1518.0153098233754,1447.3708078186455,982,1426.7102117514273,1426.1687199456082,1397.9302166495895,39.658205940827244,0.05015307975714805
2015,1518.0153098233754,1669.8168408057131,1592.1078886005103,613,1591.8736501855085,1591.3044510475388,1572.6714937307884,42.660984894659066,0.041660180236279036
2015,1669.8168408057131,1836.7985248862844,1751.3186774605613,752,1750.9340863876364,1750.5201060342117,1747.4127708119868,38.16204605979709,0.03635860446612354
2015,1836.7985248862844,2020.4783773749132,1926.4505452066176,460,1927.0194528428724,1926.3695157285717,1922.1540478931856,50.171993389483255,0.02985487693079411
2015,2020.4783773749132,2222.5262151124043,2119.0955997272795,512,2109.3094640613986,2108.7049725668876,2096.895324974384,50.78818754944107,0.025876532959714944
2015,2222.5262151124043,2444.778836623645,2331.0051597000074,327,2322.401347744145,2321.707118519874,2321.962089854968,57.023491797664896,0.021448463148426824
2015,2444.778836623645,2689.25672028601,2564.1056756700086,431,2532.9425184689408,2531.664948030949,2533.7485176773807,80.69516144384829,0.018620379499420546
2015,2689.25672028601,2958.182392314611,2820.51624323701,323,2805.4100711413994,2804.700271130445,2795.860433299179,63.40617355554256,0.014892844169996368
2015,2958.182392314611,3254.0006315460723,3102.5678675607105,248,3093.04461427579,3091.9697146781486,3121.9276563326953,81.61483152491068,0.012099354816390778
2015,3254.0006315460723,3579.4006947006806,3412.824654316782,297,3449.9846941779588,3449.0053735208758,3494.8255416239735,81.68646202434395,0.009954508501548096
2015,3579.4006947006806,3937.3407641707486,3754.107119748461,153,3749.4064508335273,3747.98132959138,3732.823161008566,103.70203020914664,0.007385882068046979
2015,3937.3407641707486,4331.074840587823,4129.517831723307,143,4132.611651498787,4131.646741186927,4193.790649948768,89.29421846346075,0.006062650268970647
2015,4331.074840587823,4764.1823246466065,4542.469614895638,117,4501.902833383394,4500.115615187835,4543.273204111166,127.79142049453657,0.0048259042083960355
2015,4764.1823246466065,5240.600557111267,4996.716576385203,72,4950.274761979457,4949.066091647635,4892.755758273563,110.54649456262551,0.003814021067925899
2015,5240.600557111267,5764.660612822395,5496.388234023723,103,5399.393491670326,5397.00295181734,5358.616002972039,161.98908511677183,0.0031913237507135072
2015,5764.660612822395,6341.126674104635,6046.027057426097,63,6057.664321428775,6054.988018216121,6091.131436496424,181.39218363520982,0.0023005206441457805
2015,6341.126674104635,6975.239341515098,6650.629763168706,26,6654.0402981584575,6652.1563070188095,6640.16852908555,161.55588570770686,0.0017556604915849377
2015,6975.239341515098,7672.763275666609,7315.692739485577,62,7110.295843034041,7107.895878928552,6989.651083247947,188.4911556552028,0.001530797571480463
2015,7672.763275666609,8440.039603233272,8047.262013434136,37,7998.191616239567,7995.2851257419525,8038.098745735139,218.81980386392567,0.0009945859927697922
2015,8440.039603233272,9284.043563556597,8851.98821477755,24,8818.36223322196,8816.42443460073,8737.063854059934,189.69811290141553,0.0006745887603134244
2015,9284.043563556597,10212.447919912258,9737.187036255304,12,9603.139870366715,9600.655374825184,9499.809528519367,230.7146480411457,0.00046702298790929375
2015,10212.447919912258,11233.692711903486,10710.905739880836,16,10823.933398261785,10819.385647117071,10911.544306058371,323.94572648887936,0.0003632401017072285
2015,11233.692711903486,12357.061983093836,11781.996313868922,13,11960.368334373123,11956.919948640985,11917.35509693775,297.2841139051524,0.00022486292010447478
2015,12357.061983093836,13592.76818140322,12960.195945255815,1,12371.682417348866,12371.682417348859,12371.682417348866,,0.00011243146005223739
2015,13592.76818140322,14952.044999543545,14256.215539781399,4,14012.503009141321,14012.38538234597,13979.302166495894,66.4016852908553,0.00010378288620206528
2015,14952.044999543545,16447.2494994979,15681.83709375954,3,15843.209122028682,15842.356700174963,15726.714937307883,201.77384672273723,6.918859080137686e-05
2015,18091.97444944769,19901.17189439246,18975.022883449044,1,19020.238527734316,19020.238527734324,19020.238527734316,,4.324286925086053e-05
2015,19901.17189439246,21891.289083831707,20872.52517179395,1,20968.95324974384,20968.953249743852,20968.95324974384,,3.459429540068843e-05
2015,24080.41799221488,26488.459791436373,25255.755457870684,1,25046.016726602367,25046.016726602385,25046.016726602367,,2.594572155051632e-05
2015,35256.139982401815,38781.75398064201,36976.95156586848,1,37394.633295376516,37394.63329537653,37394.633295376516,,1.7297147700344214e-05
2015,51618.51454823452,56780.36600305798,54137.95478758806,1,52422.3831243596,52422.383124359585,52422.3831243596,,8.648573850172107e-06
2016,1.2385761531994013,1.3624337685193415,1.2990296286080814,2,1.2385761531994013,1.2385761531994013,1.2385761531994013,0.0,0.9901608304859736
2016,2.6549979823310843,2.920497780564193,2.784585375742741,6,2.8900110241319363,2.890011024131936,2.8900110241319363,0.0,0.9901564778341204
2016,3.2125475586206123,3.533802314482674,3.369348304648717,12,3.30286974186507,3.30286974186507,3.30286974186507,0.0,0.990143419878561
2016,3.533802314482674,3.8871825459309415,3.7062831351135888,25,3.715728459598204,3.7157284595982025,3.7157284595982034,4.532466518368395e-16,0.9901173039674421
2016,3.8871825459309415,4.275900800524036,4.076911448624949,20,4.1285871773313385,4.1285871773313385,4.128587177331338,9.112518314015307e-16,0.9900628958192779
2016,4.275900800524036,4.70349088057644,4.484602593487444,8,4.541445895064471,4.541445895064471,4.541445895064471,0.0,0.9900193693007465
2016,4.70349088057644,5.173839968634084,4.933062852836188,63,4.954304612797607,4.954304612797605,4.954304612797605,1.790624995032123e-15,0.990001958693334
2016,5.173839968634084,5.6912239654974925,5.4263691381198065,33,5.3671633305307385,5.3671633305307385,5.3671633305307385,0.0,0.98986485015996
2016,5.6912239654974925,6.260346362047243,5.969006051931788,59,5.982952604437784,5.979394135209346,5.780022048263873,0.2081714096572987,0.9897930314043831
2016,6.260346362047243,6.886380998251968,6.565906657124968,15,6.605739483730138,6.60573948373014,6.60573948373014,1.8387040139585255e-15,0.9896646281747155
2016,6.886380998251968,7.575019098077165,7.222497322837465,122,7.296093405185545,7.293484840025477,7.431456919196407,0.1946102814555845,0.9896319832858169
2016,7.575019098077165,8.332521007884882,7.944747055121212,186,8.135092475763093,8.13287971392777,8.257174354662675,0.18891920774968626,0.9893664715227752
2016,8.332521007884882,9.16577310867337,8.739221760633333,93,8.860924737584243,8.858539064708769,8.670033072395809,0.2069594689836125,0.9889616749004331
2016,9.16577310867337,10.08235041954071,9.613143936696668,120,9.654013016326445,9.651939720235845,9.495750507862077,0.20157289414713236,0.988759276589262
2016,10.08235041954071,11.090585461494781,10.574458330366337,304,10.50345172022387,10.501457636127192,10.321467943328344,0.20531477959452454,0.9884981174780735
2016,11.090585461494781,12.19964400764426,11.63190416340297,379,11.553508074611127,11.550628330590346,11.560044096527745,0.2582539701844269,0.987836514396396
2016,12.19964400764426,13.419608408408688,12.79509457974327,263,12.658907603802245,12.654082945057015,12.385761531994012,0.352398011536732,0.9870116868702257
2016,13.419608408408688,14.761569249249558,14.074604037717597,466,14.011503478432425,14.007551888592635,14.037196402926547,0.33337743458326397,0.9864393131515375
2016,14.761569249249558,16.237726174174515,15.482064441489358,1136,15.365903684645154,15.36054934327785,15.275772556125947,0.40715555135401826,0.9854251452697556
2016,16.237726174174515,17.861498791591966,17.030270885638295,1142,16.988304732922668,16.98104346274484,16.927207427058484,0.4991779651642433,0.9829528390171712
2016,17.861498791591966,19.647648670751163,18.733297974202124,656,18.736611106148057,18.731530290362723,18.578642297991017,0.4373339770443061,0.9804674748090274
2016,19.647648670751163,21.61241353782628,20.606627771622335,1389,20.687521061357888,20.681312868127428,20.642935886656687,0.5068353994720033,0.979039805001197
2016,21.61241353782628,23.773654891608913,22.667290548784575,1167,22.69803125196241,22.690088027229557,22.707229475322357,0.600340588280768,0.9760168882891902
2016,23.773654891608913,26.151020380769804,24.934019603663035,1635,24.972018367890232,24.963151593324636,24.771523063988024,0.6661855642783072,0.9734771159328821
2016,26.151020380769804,28.766122418846788,27.427421564029338,1469,27.434447740993768,27.42659876213091,27.66153408811996,0.6561199718852058,0.9699188230429389
2016,28.766122418846788,31.642734660731474,30.170163720432274,2354,30.22883481461852,30.216848970317617,30.13868639451876,0.8492349561974688,0.9667218002568064
2016,31.642734660731474,34.807008126804625,33.18718009247551,2998,32.98270181767577,32.96598423838559,33.0286974186507,1.0520006349410043,0.9615987290256589
2016,34.807008126804625,38.287708939485086,36.50589810172306,2525,36.261422055601905,36.24714658911574,36.33156716051577,1.0199411750456844,0.9550741038977998
2016,38.287708939485086,42.116479833433594,40.15648791189537,3273,40.58604281945348,40.5709270999368,41.285871773313374,1.1012909503283408,0.9495788809332085
2016,42.116479833433594,46.32812781677696,44.17213670308491,2687,44.45844594664934,44.44249863109221,44.58874151517845,1.1887560335341245,0.9424557661755425
2016,46.32812781677696,50.96094059845466,48.58935037339341,3564,48.67736341259454,48.66085694950949,48.71732869250978,1.2671872031325564,0.9366079784108468
2016,50.96094059845466,56.05703465830014,53.44828541073275,4089,53.38952832674383,53.368429480101774,53.25877458757425,1.5014248306826663,0.9288515528085486
2016,56.05703465830014,61.66273812413015,58.793113951806035,4518,58.79745978910657,58.77517316486193,59.03879663583813,1.617883480507818,0.9199525560948008
2016,61.66273812413015,67.82901193654317,64.67242534698663,5306,64.3493144430915,64.31976820623554,64.40595996636887,1.952524577482678,0.9101199155585541
2016,67.82901193654317,74.6119131301975,71.1396678816853,6792,71.53865354668741,71.5138649526552,72.2502756032984,1.8774219292795795,0.8985723301921695
2016,74.6119131301975,82.07310444321726,78.25363466985385,5598,78.43821504487809,78.40943164600571,78.44315636929541,2.1237987218411742,0.883790724498901
2016,82.07310444321726,90.280414887539,86.07899813683925,8249,85.45865149881064,85.41811921042489,85.04889585302554,2.6381608346114755,0.8716076519619578
2016,90.280414887539,99.3084563762929,94.68689795052317,11617,94.05175339745121,94.00330463268155,93.30607020768824,3.0297594131879944,0.8536551393936755
2016,99.3084563762929,109.23930201392218,104.15558774557549,10107,104.481277856233,104.44842843029046,104.0403968687497,2.6198194800461603,0.828372761104703
2016,109.23930201392218,120.16323221531442,114.57114652013306,9643,114.33138099925776,114.2888726398997,113.94900609434491,3.1218587017640633,0.8063766349648523
2016,120.16323221531442,132.17955543684587,126.02826117214637,16957,124.57815202410916,124.52425749759215,123.85761531994012,3.6913421213739683,0.7853903240549305
2016,132.17955543684587,145.39751098053046,138.631087289361,14181,139.54144286427197,139.48933000867217,139.13338787606608,3.8157703178449855,0.74848636531807
2016,145.39751098053046,159.93726207858353,152.49419601829712,11911,152.8232713454282,152.7776805387885,153.17058427899264,3.7282114663844825,0.71762388735337
2016,159.93726207858353,175.9309882864419,167.74361562012686,14329,167.2812821536853,167.22579514854547,165.1434870932535,4.325132548629013,0.6917016692419857
2016,175.9309882864419,193.5240871150861,184.51797718213956,21628,183.5060218665794,183.45866487221468,181.65783580257886,4.192160885818485,0.6605170950401532
2016,193.5240871150861,212.87649582659475,202.96977490035354,17697,203.52112765491447,203.4582721248518,206.42935886656687,5.0398720097992715,0.6134475179002807
2016,212.87649582659475,234.16414540925422,223.2667523903889,15198,223.23872308283933,223.1533309214627,222.9437075758922,6.181839982074409,0.574933077977758
2016,234.16414540925422,257.5805599501797,245.59342762942782,19602,245.16204425680476,245.10474268421942,244.82521961574832,5.309446334354943,0.5418572765457355
2016,257.5805599501797,283.33861594519766,270.15277039237066,18268,269.4948840066017,269.3940358316247,270.00960139746945,7.361118301519131,0.49919693573309537
2016,283.33861594519766,311.6724775397175,297.1680474316077,18029,297.7382087111838,297.60348536561776,297.2582767678563,8.957342421220034,0.45943981370650067
2016,311.6724775397175,342.83972529368924,326.8848521747685,15622,327.38142347949025,327.28009957392834,327.396963162375,8.14331630766153,0.4202028335763564
2016,342.83972529368924,377.12369782305814,359.5733373922454,30994,361.44438020921433,361.3640040897129,363.3156716051577,7.578096255648769,0.38620426995146795
2016,377.12369782305814,414.836067605364,395.53067113146994,19837,400.04721450985835,399.8663395452193,400.8858149188728,11.987330039778252,0.3187512241833337
2016,414.836067605364,456.3196743659005,435.083738244617,12798,437.2339957877519,437.07152407723436,436.80452336165547,11.917654504001009,0.2755794467779495
2016,456.3196743659005,501.95164180249054,478.5921120690787,12891,480.69921001126914,480.54207808824077,481.80612359456705,12.269497965205183,0.24772682756969683
2016,501.95164180249054,552.1468059827397,526.4513232759866,14001,527.9174677731374,527.7088352377694,528.046299980678,14.849231455198465,0.21967181005027314
2016,552.1468059827397,607.3614865810137,579.0964556035854,10020,579.2655030584928,579.0484830364668,578.0022048263872,15.861891558776248,0.18920107075235587
2016,607.3614865810137,668.0976352391151,637.006101163944,10669,633.4276653699645,633.1902376389623,627.5452509543633,17.416087188029692,0.1673942849681168
2016,668.0976352391151,734.9073987630267,700.7067112803384,10067,702.1074451525528,701.827767525747,701.8598201463274,19.809510594320137,0.14417506365753335
2016,734.9073987630267,808.3981386393294,770.7773824083723,6715,769.1688870276513,768.886693362439,769.1557911368282,20.86129116791242,0.12226599055474548
2016,808.3981386393294,889.2379525032624,847.8551206492095,7834,840.4120753851146,840.1228235884946,825.7174354662675,22.195634560722834,0.1076519619578228
2016,889.2379525032624,978.1617477535887,932.6406327141306,5527,931.9691326102214,931.6359923393255,928.9321148995509,24.928943726291735,0.09060262464906745
2016,978.1617477535887,1075.9779225289476,1025.9046959855436,5823,1026.1578968282006,1025.8279244541145,1032.1467943328344,26.00826752624918,0.07857407125291084
2016,1075.9779225289476,1183.5757147818426,1128.4951655840982,3841,1125.849492676017,1125.48319609502,1124.2142883873232,28.777120651404655,0.06590132538248929
2016,1183.5757147818426,1301.933286260027,1241.3446821425082,4353,1236.8046450142833,1236.4702329409993,1238.5761531994012,28.80672177878878,0.05754205749853098
2016,1301.933286260027,1432.1266148860298,1365.4791503567592,3003,1363.3225902343415,1362.9141166643608,1362.4337685193414,33.39178905776347,0.04806851074016845
2016,1432.1266148860298,1575.3392763746328,1502.0270653924351,2967,1496.0609819900483,1495.3959312482516,1496.6128517826098,44.66679156260859,0.041533003982676446
2016,1575.3392763746328,1732.873204012096,1652.2297719316787,2649,1651.333097907741,1650.9351745917731,1651.434870932535,36.27089455679501,0.03507584495854099
2016,1732.873204012096,1906.1605244133061,1817.4527491248468,1984,1812.8965489064074,1812.2333930802185,1816.5783580257885,49.04131854536688,0.02931075757905504
2016,1906.1605244133061,2096.776576854637,1999.1980240373318,2295,2017.2338112695395,2016.4399688063236,2050.669250980475,56.279719334563,0.024992926940738645
2016,2096.776576854637,2306.4542345401005,2199.117826441065,1447,2201.32216744656,2200.6282655010928,2201.7755416708023,55.275745805817465,0.019998258939258745
2016,2306.4542345401005,2537.099657994111,2419.0296090851716,1426,2427.215510021095,2426.3947959434017,2452.3807833348146,62.9161675843584,0.016849115323510848
2016,2537.099657994111,2790.8096237935224,2660.932569993689,1136,2677.4149516012008,2676.477218483612,2683.5816652653693,70.7433050878546,0.01374567455222094
2016,2790.8096237935224,3069.8905861728745,2927.025826993058,772,2924.466009374673,2923.623286680167,2890.011024131936,70.46723686443502,0.011273368299636554
2016,3069.8905861728745,3376.8796447901623,3219.728409692364,959,3195.0679825178695,3193.7759780266065,3179.01212654513,91.06145785577425,0.009593244684323925
2016,3376.8796447901623,3714.567609269179,3541.7012506616006,585,3530.7783401747274,3529.694426834444,3509.2991007316364,87.64238849979527,0.0075061481207425625
2016,3714.567609269179,4086.024370196097,3895.871375727761,505,3841.5841476035694,3839.778967729699,3825.9617372329503,118.35501557565127,0.006232997453698666
2016,4086.024370196097,4494.626807215707,4285.458513300538,646,4219.713276817372,4218.045316795157,4128.587177331337,119.77796555674796,0.00513395286078043
2016,4494.626807215707,4944.089487937278,4714.004364630591,409,4677.995130575264,4676.45888734572,4644.660574497755,120.39006717959136,0.0037280463122157173
2016,4944.089487937278,5438.498436731007,5185.404801093651,311,5145.602898787251,5143.354830256647,5160.733971664172,152.56983091259275,0.002837929008248275
2016,5438.498436731007,5982.348280404108,5703.945281203018,233,5679.518415346176,5677.612825734264,5676.807368830589,147.80557633919761,0.0021610916450847677
2016,5982.348280404108,6580.583108444519,6274.339809323319,198,6239.446225009209,6238.033192888314,6192.880765997005,133.6453196973404,0.00165400770419378
2016,6580.583108444519,7238.6414192889715,6901.773790255652,154,6897.984476068381,6894.8199896296765,6887.928417300737,209.60201811482665,0.0012230951707327688
2016,7238.6414192889715,7962.505561217869,7591.9511692812175,99,7591.137326287334,7588.847518310927,7568.938872201541,187.72148898994672,0.0008879409780408714
2016,7962.505561217869,8758.756117339657,8351.14628620934,102,8321.398171077102,8318.510114050056,8257.174354662675,220.5667929379942,0.0006724847113103659
2016,8758.756117339657,9634.631729073622,9186.260914830274,55,9199.475585494638,9196.681239208474,9206.749405448883,228.63535409050357,0.000450499466800148
2016,9634.631729073622,10598.094901980987,10104.887006313302,49,10148.488566286278,10143.671004929884,10321.467943328344,315.59527830400395,0.00033080154083875603
2016,10598.094901980987,11657.904392179085,11115.375706944633,22,11068.348130012932,11062.715640375909,11198.792718511253,361.3619280871866,0.0002241615704367886
2016,11657.904392179085,12823.694831396995,12226.913277639098,24,12149.22789162607,12146.082789523813,12076.11749369416,282.05869542368623,0.0001762824000522318
2016,12823.694831396995,14106.064314536698,13449.604605403008,8,13274.439921914582,13272.560916984816,13215.60755463761,239.43517509066936,0.0001240505778145335
2016,14106.064314536698,15516.670745990366,14794.565065943312,21,14767.897353497376,14763.23752912554,14862.913838392815,379.23740385452663,0.00010663997040196739
2016,15516.670745990366,17068.337820589404,16274.021572537644,4,16427.64837860139,16427.460064043345,16423.51979142406,90.82891790128915,6.093712594398137e-05
2016,17068.337820589404,18775.17160264835,17901.423729791408,6,18172.664558886772,18170.176250008317,17959.35422139132,330.716755727049,5.223182223769832e-05
2016,18775.17160264835,20652.688762913185,19691.566102770554,1,20436.50652779012,20436.50652779012,20436.50652779012,,3.9173866678273736e-05
2016,20652.688762913185,22717.957639204502,21660.72271304761,4,21675.082680989522,21675.08268098952,21675.082680989522,0.0,3.6997540751702976e-05
2016,22717.957639204502,24989.753403124956,23826.79498435237,3,23670.566483366332,23657.956423917207,23120.08819305549,953.4563672820319,2.8292237045419924e-05
2016,24989.753403124956,27488.728743437456,26209.474482787613,1,26835.81665265369,26835.81665265369,26835.81665265369,,2.1763259265707632e-05
2016,27488.728743437456,30237.6016177812,28830.421931066376,4,28260.179228833003,28260.17922883302,28260.179228833003,0.0,1.9586933339136868e-05
2016,30237.6016177812,33261.36177955933,31713.464124173017,3,31859.068671312732,31859.068671312743,31859.068671312732,0.0,1.0881629632853816e-05
2016,40246.24775326679,44270.87252859347,42210.62074927429,2,41285.871773313374,41285.87177331336,41285.871773313374,0.0,4.352651853141526e-06
2017,0.8394427073467229,0.9233869780813952,0.8804149389971501,6,0.8394427073467229,0.8394427073467229,0.8394427073467229,0.0,0.9880010485156949
2017,3.1877822841758365,3.5065605125934205,3.343374265683674,8,3.3577708293868915,3.3577708293868915,3.3577708293868915,0.0,0.9879879420695079
2017,3.5065605125934205,3.857216563852763,3.677711692252042,4,3.7774921830602533,3.7774921830602537,3.7774921830602533,0.0,0.987970466807925
2017,3.857216563852763,4.24293822023804,4.045482861477247,22,4.1972135367336145,4.197213536733614,4.1972135367336145,0.0,0.9879617291771337
2017,4.24293822023804,4.667232042261844,4.450031147624972,24,4.616934890406975,4.616934890406975,4.616934890406975,0.0,0.9879136722077808
2017,4.667232042261844,5.1339552464880285,4.895034262387469,18,5.036656244080337,5.036656244080337,5.036656244080337,0.0,0.9878612464230324
2017,5.1339552464880285,5.647350771136832,5.3845376886262155,46,5.456377597753698,5.456377597753695,5.456377597753699,8.979928438240789e-16,0.987821927084471
2017,5.647350771136832,6.212085848250515,5.9229914574888385,30,5.876098951427058,5.876098951427058,5.87609895142706,1.8067241133067846e-15,0.9877214443303698
2017,6.212085848250515,6.833294433075568,6.515290603237722,51,6.5838643713468485,6.580936836323759,6.715541658773783,0.19669122636459724,0.9876559120994343
2017,6.833294433075568,7.516623876383125,7.166819663561495,46,7.135263012447142,7.13526301244715,7.135263012447145,2.6939785314722364e-15,0.9875445073068437
2017,7.516623876383125,8.268286264021437,7.883501629917645,58,7.822737643463858,7.820110499099576,7.974705719793867,0.20347926004738698,0.9874440245527425
2017,8.268286264021437,9.095114890423583,8.67185179290941,225,8.416812212329807,8.41629901007035,8.394427073467229,0.09452054593649899,0.9873173289062671
2017,9.095114890423583,10.004626379465941,9.539036972200352,133,9.533670747723495,9.53176095554846,9.653591134487312,0.1903276475407158,0.9868258371742502
2017,10.004626379465941,11.005089017412537,10.492940669420388,369,10.53284481033964,10.529445690248274,10.493033841834036,0.26768211637872946,0.9865353109504358
2017,11.005089017412537,12.105597919153793,11.54223473636243,285,11.579891241872426,11.578042352717373,11.75219790285412,0.20683643159069737,0.9857292645099281
2017,12.105597919153793,13.31615771106917,12.69645820999867,426,12.596566917168838,12.592609113369157,12.591640610200843,0.3160255803817492,0.9851067083160401
2017,13.31615771106917,14.647773482176088,13.966104030998538,513,13.87044075794249,13.867678946149947,13.850804671220928,0.2769229179111805,0.9841761506367549
2017,14.647773482176088,16.1125508303937,15.362714434098395,540,15.399110109215993,15.391313865448712,15.529690085914373,0.48903855768780174,0.9830555494877564
2017,16.1125508303937,17.723805913433072,16.898985877508235,1650,17.0198280797438,17.01688498700036,16.788854146934458,0.31694922441974793,0.9818759693309159
2017,17.723805913433072,19.49618650477638,18.58888446525906,983,18.44937942102978,18.44415718376179,18.4677395616279,0.44120864115469616,0.9782716966294589
2017,19.49618650477638,21.44580515525402,20.44777291178497,1443,20.738830573049665,20.73195565358484,20.98606768366807,0.5306923400380936,0.9761244238624697
2017,21.44580515525402,23.590385670779426,22.49255020296347,1023,22.63746401654714,22.63117848302633,22.66495309836152,0.5340521798460103,0.9729723235544682
2017,23.590385670779426,25.949424237857368,24.741805223259817,1672,24.78640355284332,24.779545561714688,25.183281220401685,0.5817394987050336,0.9707376744795648
2017,25.949424237857368,28.544366661643107,27.2159857455858,2062,27.335014697453627,27.32151974626197,27.281887988768492,0.85777281968446,0.9670853448087551
2017,28.544366661643107,31.39880332780742,29.93758432014438,1624,29.98991775711177,29.981901740038197,29.80021611080866,0.6936080266740645,0.9625810961357828
2017,31.39880332780742,34.53868366058817,32.93134275215883,2787,32.78284309663605,32.76838171617836,32.738265586522196,0.9730128544655069,0.95903361803447
2017,34.53868366058817,37.99255202664699,36.22447702737471,3507,35.97348304660155,35.96227849598251,35.67631506223572,0.9037507290809286,0.9529456737805544
2017,37.99255202664699,41.79180722931169,39.846924730112185,1923,39.67228934359397,39.65882729471302,39.45380724529597,1.0359161218381798,0.9452849559841849
2017,41.79180722931169,45.97098795224286,43.8316172031234,3601,43.25379490773945,43.2346155980816,42.81157807468287,1.294398998751388,0.9410843399812141
2017,45.97098795224286,50.568086747467156,48.21477892343575,3202,48.3177664514484,48.2974715641859,48.267955672436564,1.400412631592957,0.9332182878612464
2017,50.568086747467156,55.624895422213875,53.03625681577933,3119,53.03130185902713,53.0157241604638,52.465169209170185,1.2871326550429523,0.926223814412722
2017,55.624895422213875,61.18738496443527,58.33988249735727,4016,58.120956254834425,58.09750221925223,57.92154680692388,1.6522455964085063,0.9194106468031193
2017,61.18738496443527,67.3061234608788,64.173870747093,4588,64.41487766184574,64.39014919379575,64.21736711202429,1.785713043391407,0.9106380654885428
2017,67.3061234608788,74.03673580696667,70.5912578218023,4991,70.80937227138992,70.78459789709916,70.51318741712473,1.8747608886812857,0.9006160029707945
2017,74.03673580696667,81.44040938766337,77.65038360398255,6359,77.9648750512907,77.94195804953377,78.48789313691859,1.8873837992651232,0.8897136241508115
2017,81.44040938766337,89.5844503264297,85.41542196438081,7006,85.42473806153157,85.39697517337054,84.783713442019,2.184826097296417,0.875822975600166
2017,89.5844503264297,98.54289535907267,93.9569641608189,9717,95.26737406848338,95.22448800649461,95.69646863752642,2.8457209072118066,0.8605190152690098
2017,98.54289535907267,108.39718489497996,103.35266057690079,9628,103.4300133136434,103.39386561109234,104.09089571099364,2.7316299118536755,0.8392931256689748
2017,108.39718489497996,119.23690338447796,113.68792663459088,9417,113.94309344545638,113.90247489923492,114.16420819915432,3.042275687276012,0.8182616483540488
2017,119.23690338447796,131.16059372292577,125.05671929804998,15863,126.94484645351382,126.89274835016221,125.91640610200842,3.6218794072171208,0.7976910810633697
2017,131.16059372292577,144.27665309521836,137.562391227855,11399,137.98323853132442,137.93665884037102,138.50804671220928,3.5797497501027022,0.7630398217523319
2017,144.27665309521836,158.70431840474018,151.3186303506405,13654,152.14419529637138,152.08087250764186,152.3588513834302,4.382515294551029,0.7381397584045086
2017,158.70431840474018,174.57475024521423,166.45049338570456,13290,166.72263829300448,166.67218384930047,167.88854146934457,4.093422156440227,0.7083138556980275
2017,174.57475024521423,192.03222526973565,183.09554272427502,11926,183.24191057740356,183.17591994588406,183.41823155525896,4.913377527249558,0.6792830773935647
2017,192.03222526973565,211.23544779670925,201.40509699670253,26533,201.68341083596172,201.599152943364,199.36764299484668,5.849174289874694,0.6532318311889731
2017,211.23544779670925,232.35899257638022,221.54560669637283,12947,222.4130263152949,222.33142380827366,223.71148150790165,6.0175064027391585,0.5952729417418468
2017,232.35899257638022,255.59489183401823,243.70016736601013,15312,244.92558353987232,244.83611635574974,245.9567132525898,6.603185917054749,0.5669914152777474
2017,255.59489183401823,281.15438101742006,268.0701841026111,21844,267.9289647156612,267.8212001621035,265.68361687523776,7.622400141235107,0.5335437646082265
2017,281.15438101742006,309.2698191191621,294.87720251287226,16006,295.5543984091837,295.453126903018,295.0641116323731,7.73543456197981,0.4858275628563315
2017,309.2698191191621,340.1968010310784,324.3649227641596,16539,323.95139129133787,323.8238063226973,322.76572097481494,9.105527458154363,0.45086393324450075
2017,340.1968010310784,374.21648113418627,356.80141504057553,15217,357.1030760979878,356.9673841108502,356.7631506223573,9.83979668491076,0.4147360143297145
2017,374.21648113418627,411.63812924760487,392.4815565446331,29991,393.14808397080867,393.057256413656,393.2789083919397,8.446074975819736,0.38149588239148957
2017,411.63812924760487,452.8019421723654,431.72971219909647,18348,428.797770757569,428.64192548169757,423.91856721009503,11.615406735938256,0.3159833111251884
2017,452.8019421723654,498.082136389602,474.90268341900617,13321,474.35139149361106,474.18787705114426,472.1865228825316,12.460056414867301,0.27590379868498655
2017,498.082136389602,547.8903500285622,522.3929517609068,15338,521.4739543035079,521.2741072094084,522.9728066770084,14.45610081473308,0.24680530374189039
2017,547.8903500285622,602.6793850314185,574.6322469369976,12178,573.5669450825272,573.3615458154501,573.7590904714851,15.368866258783221,0.21330085847222527
2017,602.6793850314185,662.9473235345604,632.0954716306974,11687,630.3318330617657,630.1478106183409,629.5820305100422,15.257413745825191,0.18669914152777475
2017,662.9473235345604,729.2420558880165,695.3050187937671,9568,695.7137182902262,695.4704624854152,699.6754965734935,18.407321254031572,0.16116996876296993
2017,729.2420558880165,802.1662614768182,764.835520673144,8851,764.2512699662842,763.9367434117802,763.4731423318445,21.92613110178588,0.14026955590991502
2017,802.1662614768182,882.3828876245001,841.3190727404583,8797,840.559499176373,840.3374253833084,839.442707346723,19.379698684227197,0.12093536337622053
2017,882.3828876245001,970.6211763869502,925.4509800145042,5709,928.9878945092979,928.670225220504,930.5222410938422,24.281400012861756,0.10171912885821009
2017,970.6211763869502,1067.6832940256452,1017.9960780159547,6528,1022.0821268987581,1021.6644594676062,1028.3173164997354,29.12144247212841,0.08924834531116888
2017,1067.6832940256452,1174.4516234282098,1119.7956858175503,4227,1120.9237145135774,1120.5714447449673,1119.396850246855,28.068804597118294,0.07498853185958627
2017,1174.4516234282098,1291.896785771031,1231.7752543993054,5207,1235.3249037813425,1234.884775410768,1250.3499125929438,32.81651897900217,0.0657550405207628
2017,1291.896785771031,1421.0864643481343,1354.9527798392362,3348,1362.1568864393143,1361.6827233440083,1364.0943994384247,35.854178070100815,0.054380829638043644
2017,1421.0864643481343,1563.1951107829477,1490.4480578231598,2966,1488.1940885011686,1487.7001689954288,1469.0247378567651,38.41942333163356,0.047067432665632715
2017,1563.1951107829477,1719.5146218612429,1639.492863605476,3104,1642.9145915421957,1642.3242200341258,1661.2571178391645,43.85838840605079,0.040588479433801526
2017,1719.5146218612429,1891.4660840473673,1803.4421499660239,2477,1817.097606143841,1816.240658267079,1818.652625466675,55.74551525816208,0.03380807793966666
2017,1891.4660840473673,2080.612692452104,1983.7863649626263,1512,1985.96654841611,1985.3832323391084,1993.6764299484669,48.16960092325192,0.028397300072085453
2017,2080.612692452104,2288.6739616973146,2182.165001458889,2259,2149.018108517321,2148.1376560465906,2098.6067683668075,61.944183728067976,0.025094475632932132
2017,2288.6739616973146,2517.541357867046,2400.381501604778,1244,2382.0013442600316,2381.142947506753,2378.560911266939,64.12426849884592,0.020159898643482818
2017,2517.541357867046,2769.2954936537512,2640.419651765256,1527,2605.7860129870264,2604.4531596370152,2596.816015177087,83.64912761364532,0.017442495467354026
2017,2769.2954936537512,3046.2250430191266,2904.4616169417823,1182,2899.899219305235,2898.814186574777,2931.3339340547564,79.36526638373647,0.014106904912732912
2017,3046.2250430191266,3350.847547321039,3194.9077786359603,854,3182.5351983202836,3181.5984581445523,3147.910152550211,77.46284488385876,0.01152493501387099
2017,3350.847547321039,3685.9323020531438,3514.398556499557,992,3475.740454778524,3474.0692880229685,3462.701167805232,108.18428203819073,0.00965945083990476
2017,3685.9323020531438,4054.5255322584585,3865.8384121495133,629,3847.0765117741767,3845.8388409873255,3819.4643184275888,98.01550375808907,0.007492518403634855
2017,4054.5255322584585,4459.978085484304,4252.422253364464,682,4247.586253446466,4246.246255201287,4197.213536733615,107.10385858912213,0.006118525961685489
2017,4459.978085484304,4905.975894032735,4677.664478700911,496,4679.736544162759,4678.262393029894,4658.9070257743115,117.64428263277925,0.004628759911749929
2017,4905.975894032735,5396.57348343601,5145.430926571003,366,5117.378063984895,5115.640459987271,5081.776289600223,133.74226557098277,0.0035452936936149764
2017,5396.57348343601,5936.2308317796105,5659.974019228104,313,5670.682225280711,5668.351005729847,5666.23827459038,162.76836373957633,0.0027458004762008783
2017,5936.2308317796105,6529.853914957573,6225.9714211509145,250,6234.732380401386,6232.88544806687,6295.820305100422,151.7981191307224,0.0020620808667729746
2017,6529.853914957573,7182.839306453331,6848.568563266007,162,6850.067534371203,6847.591441433652,6843.766532320995,184.89297976587216,0.0015159789423097928
2017,7182.839306453331,7901.123237098664,7533.425419592608,97,7501.190800462083,7498.776953526636,7502.099475557662,191.67154851403802,0.001162104895257651
2017,7901.123237098664,8691.23556080853,8286.76796155187,119,8318.676186804687,8315.712380465835,8394.42707346723,222.10538316952537,0.0009502173485659364
2017,8691.23556080853,9560.359116889385,9115.444757707057,87,9133.556377286019,9129.785317140622,9128.939442395611,263.6489071297154,0.0006902728325214618
2017,9560.359116889385,10516.395028578323,10026.989233477763,75,10114.366832834645,10108.92014930628,9999.861251267836,333.85874209165894,0.0005002293628082746
2017,10516.395028578323,11568.034531436157,11029.68815682554,29,10992.227262852928,10989.238149208328,10954.727330874734,260.5351334718788,0.00033639878546931997
2017,11568.034531436157,12724.837984579774,12132.656972508095,37,12216.727346987205,12212.289109782409,12213.891391894818,332.88740648598144,0.0002730509622315909
2017,12724.837984579774,13997.321783037754,13345.922669758906,13,13389.078895922257,13381.797735815351,13053.334099241541,460.90531286372,0.00019222787741103998
2017,13997.321783037754,15397.053961341528,14680.514936734799,17,14495.101638600929,14490.686828636293,14462.758404876688,372.22680890349613,0.00016383057733895454
2017,15397.053961341528,16936.759357475683,16148.566430408278,17,16317.26017184535,16314.295138832633,16369.132793261097,319.65039953267313,0.00012669564647545817
2017,16936.759357475683,18630.435293223254,17763.42307344911,6,17901.115734168863,17893.7812595096,17733.22719269952,563.5843544289586,8.956071561196182e-05
2017,18630.435293223254,20493.47882254558,19539.765380794022,7,19349.154404341964,19344.176301187486,19454.0847427603,474.70590247157895,7.645426942484545e-05
2017,20493.47882254558,22542.82670480014,21493.741918873424,6,21542.198477285277,21534.426933375365,21405.789037341434,635.118990604627,6.116341553987636e-05
2017,22542.82670480014,24797.109375280157,23643.11611076077,4,23294.535128871557,23286.15843297328,23084.674452034877,726.978709583849,4.8056969352759996e-05
2017,24797.109375280157,27276.820312808173,26007.427721836848,3,24931.44840819767,24930.8145918567,24805.53200209566,218.09361287515577,3.931933856134909e-05
2017,27276.820312808173,30004.502344088993,28608.170494020535,2,29821.20217849233,29821.202178492353,29821.20217849233,0.0,3.276611546779091e-05
2017,30004.502344088993,33004.9525784979,31468.98754342259,4,32066.711420644813,32066.2719188333,32066.711420644813,193.8609892223579,2.8397300072085455e-05
2017,33004.9525784979,36305.44783634769,34615.88629776485,5,34333.20673048097,34315.4776366501,33577.70829386892,1238.0001325305932,1.9659669280674544e-05
2017,36305.44783634769,39935.99261998246,38077.47492754134,1,36515.757769582444,36515.75776958242,36515.757769582444,,8.737630791410909e-06
2017,39935.99261998246,43929.59188198071,41885.22242029548,2,41329.54197486222,41329.54197486225,41329.54197486222,0.0,6.553223093558182e-06
2017,58470.28679491634,64317.31547440797,61324.15414555463,1,62958.20305100422,62958.20305100427,62958.20305100422,,2.184407697852727e-06
2018,0.6246850080776679,0.6871535088854348,0.6551751637911007,5,0.6246850080776679,0.6246850080776679,0.6246850080776679,0.0,0.9873000857564693
2018,0.9146013203265139,1.0060614523591653,0.9592419573065508,3,0.9370275121165018,0.9370275121165018,0.9370275121165018,0.0,0.9872890346650636
2018,1.7822992326028562,1.960529155863142,1.8692912052407467,7,1.8740550242330036,1.8740550242330039,1.8740550242330036,0.0,0.98728240401022
2018,2.1565820714494564,2.3722402785944023,2.261842358341304,9,2.1863975282718378,2.1863975282718378,2.1863975282718378,0.0,0.987266932482252
2018,2.3722402785944023,2.6094643064538428,2.4880265941754347,45,2.498740032310672,2.498740032310672,2.4987400323106717,4.491073263034831e-16,0.9872470405177215
2018,2.870410737099227,3.1574518108091505,3.0105121789522764,32,3.1234250403883395,3.1234250403883395,3.1234250403883395,0.0,0.9871475806950695
2018,3.1574518108091505,3.4731969918900654,3.3115633968475042,17,3.435767544427174,3.435767544427174,3.435767544427174,0.0,0.9870768537100724
2018,3.4731969918900654,3.820516691079072,3.642719736532255,16,3.7481100484660073,3.7481100484660077,3.7481100484660073,0.0,0.9870392799992928
2018,3.820516691079072,4.20256836018698,4.00699171018548,74,4.060452552504842,4.060452552504841,4.060452552504842,0.0,0.9870039165067942
2018,4.20256836018698,4.622825196205678,4.407690881204029,42,4.3727950565436755,4.3727950565436755,4.3727950565436755,0.0,0.9868403603539886
2018,4.622825196205678,5.085107715826246,4.848459969324432,63,4.828914268790862,4.826412728077725,4.6851375605825085,0.15692907891602387,0.98674753118618
2018,5.085107715826246,5.593618487408872,5.333305966256876,131,5.309822568660176,5.309822568660175,5.309822568660176,0.0,0.986608287434467
2018,5.593618487408872,6.152980336149759,5.866636562882564,124,5.717882936839942,5.716094663839573,5.622165072699011,0.14458016409631394,0.9863187488396354
2018,6.152980336149759,6.768278369764736,6.453300219170821,270,6.409962277330293,6.4080605419004995,6.559192584815513,0.15630665784954012,0.9860446817727718
2018,6.768278369764736,7.44510620674121,7.098630241087904,127,7.036314205158298,7.03458332033185,7.1838775928931815,0.15655140917326335,0.9854479228368593
2018,7.44510620674121,8.189616827415332,7.808493265196695,310,7.8357666255161655,7.833137491468325,7.808562600970848,0.20309717111203568,0.9851672251151524
2018,8.189616827415332,9.008578510156866,8.589342591716365,316,8.621048481730094,8.619685193851812,8.745590113087351,0.15317727616594107,0.9844820574479936
2018,9.008578510156866,9.909436361172553,9.448276850888004,470,9.401509371568899,9.399449583550918,9.370275121165017,0.1968571048871228,0.9837836284711479
2018,9.909436361172553,10.900379997289807,10.393104535976804,498,10.346188647840572,10.344193827365485,10.307302633281521,0.2031669396282923,0.9827448258790038
2018,10.900379997289807,11.99041799701879,11.432414989574484,557,11.414239981526867,11.40804500941201,11.556672649436855,0.3761037310513515,0.9816441371749874
2018,11.99041799701879,13.18945979672067,12.575656488531934,1595,12.6932468772998,12.690563012579675,12.806042665592193,0.26134673245061335,0.9804130455923827
2018,13.18945979672067,14.508405776392738,13.833222137385127,1368,13.753801243271432,13.74941444295357,13.743070177708695,0.3488655451829048,0.9768877474339366
2018,14.508405776392738,15.959246354032015,15.216544351123643,1562,15.442157409986525,15.437919984948792,15.617125201941697,0.3594044053161149,0.9738641688253132
2018,15.959246354032015,17.55517098943522,16.73819878623601,1186,16.837789203813532,16.83276282270696,16.866495218097032,0.4121161772953026,0.9704118078701452
2018,17.55517098943522,19.31068808837874,18.41201866485961,1636,18.46868243930357,18.46370097917888,18.740550242330034,0.4274765065318182,0.9677904889886926
2018,19.31068808837874,21.241756897216614,20.253220531345573,2414,20.324905653247814,20.31544449378846,20.302262762524208,0.6199526131667251,0.964174571880719
2018,21.241756897216614,23.36593258693828,22.27854258448013,1753,22.283401554542344,22.27715884895614,22.17631778675721,0.5283367716388014,0.9588391049500049
2018,23.36593258693828,25.70252584563211,24.506396842928147,2887,24.374075191344975,24.361668862332632,24.362715315029046,0.7781606816583094,0.9549645923031359
2018,25.70252584563211,28.272778430195324,26.957036527220964,2995,26.865418290629698,26.855248797803718,26.549112843300886,0.7411429878185627,0.9485836921254343
2018,28.272778430195324,31.100056273214857,29.652740179943063,1828,29.611709693624775,29.60223074006157,29.672537883689223,0.749947815106287,0.9419640883733678
2018,31.100056273214857,34.210061900536346,32.61801419793737,3235,32.18701572995919,32.171906732659906,31.858935411961063,0.9909273759231493,0.937923809355412
2018,34.210061900536346,37.631068090589984,35.87981561773111,2908,36.05901838236497,36.04305039309841,36.231730468504736,1.0710258833872208,0.9307737532158676
2018,37.631068090589984,41.39417489964899,39.467797179504224,2863,39.491853084010316,39.47951552283534,39.35515550889308,0.9873447457286454,0.9243464384542618
2018,41.39417489964899,45.53359238961389,43.41457689745465,3838,43.34944483685817,43.332166217626316,43.72795056543675,1.2232181907920296,0.918018583515308
2018,45.53359238961389,50.08695162857528,47.75603458720012,4558,48.088068271553226,48.06761093321543,48.10074562198043,1.4016842714709639,0.9095357657522257
2018,50.08695162857528,55.095646791432806,52.53163804592013,4296,52.79031821346293,52.77241711753884,52.4735406785241,1.3748104769834903,0.8994615908267101
2018,55.095646791432806,60.6052114705761,57.78480185051215,5873,58.38539238829097,58.36358474716459,58.72039075930078,1.5881961212445608,0.8899664930908576
2018,60.6052114705761,66.66573261763371,63.563282035563375,6174,63.47640487449268,63.456680460620184,62.78084331180562,1.5884429008660876,0.8769858811256199
2018,66.66573261763371,73.33230587939708,69.91961023911972,6273,70.13645202161733,70.1084866371076,70.27706340873765,1.9789466721200304,0.8633399934577539
2018,73.33230587939708,80.6655364673368,76.91157126303169,10786,76.32977811522576,76.30511556019347,75.58688597739781,1.9482724940718033,0.8494752941800532
2018,80.6655364673368,88.7320901140705,84.60272838933489,8755,84.8274078504544,84.7955274658224,84.644818594524,2.323767573137086,0.825635879799489
2018,88.7320901140705,97.60529912547754,93.06300122826838,9858,93.2902867444583,93.26220086758131,93.70275121165018,2.289157742261359,0.8062854187479556
2018,97.60529912547754,107.36582903802532,102.36930135109522,14826,101.6159546609659,101.58018149188933,100.57428630050453,2.7083448564017174,0.7844970869323055
2018,107.36582903802532,118.10241194182785,112.60623148620475,12375,112.99870321570745,112.95336210191662,112.75564395801905,3.198431816913968,0.7517283906958652
2018,118.10241194182785,129.91265313601065,123.86685463482523,13098,123.62596434365643,123.58709481939395,124.93700161553357,3.0991261056194963,0.7243769394665417
2018,129.91265313601065,142.90391844961172,136.25354009830775,11345,136.1583156010923,136.10890482455943,135.86898925689275,3.6663382036240826,0.6954275004199415
2018,142.90391844961172,157.19431029457292,149.87889410813855,25552,150.99677134981428,150.94751003172033,148.9873744265238,3.8597899073120807,0.6703525740202102
2018,157.19431029457292,172.91374132403024,164.86678351895245,12840,166.0042027189947,165.94779786833868,166.4785546526985,4.3213008789198835,0.6138770765000752
2018,172.91374132403024,190.20511545643325,181.3534618708477,14238,182.54712643355683,182.4839451619746,183.0327073667567,4.789174536287188,0.5854978737700135
2018,190.20511545643325,209.22562700207658,199.48880805793243,19893,200.05473794126092,199.98928704352738,198.6498325686984,5.123508830242585,0.5540287858828938
2018,209.22562700207658,230.14818970228427,219.4376888637257,15483,220.03406767906336,219.95538012348905,219.26443783526142,5.8778882160208505,0.5100609136158287
2018,230.14818970228427,253.16300867251275,241.38145775009832,16787,241.03305627439852,240.93684317648285,240.19138560586333,6.818289624136108,0.47584010396866794
2018,253.16300867251275,278.479309539764,265.5196035251082,14442,265.51924401639417,265.42456112569647,265.49112843300884,7.092178368646006,0.4387371696828779
2018,278.479309539764,306.3272404937404,292.071563877619,29440,295.20840640975285,295.13340704790215,297.9747488530476,6.603631573500605,0.40681719726640203
2018,306.3272404937404,336.9599645431145,321.2787202653809,19330,318.802483846888,318.67786260374055,312.96718904691164,8.965502155998982,0.3417483710691268
2018,336.9599645431145,370.655960997426,353.406592291919,13521,353.55196360376584,353.42931015029205,352.9470295638824,9.313257363849338,0.29902485169435333
2018,370.655960997426,407.72155709716867,388.747251521111,15165,388.4789398146336,388.3214817715484,390.4281300485424,11.074777286076706,0.2691404903148235
2018,407.72155709716867,448.4937128068855,427.62197667322215,12797,428.3297469825332,428.1736695008212,429.4709430533967,11.571979422179975,0.2356225300810708
2018,448.4937128068855,493.3430840875741,470.38417434054435,12488,469.00568049526527,468.8802152796878,468.5137560582509,10.876322157138542,0.20733836673709896
2018,493.3430840875741,542.6773924963315,517.4225917745988,9809,517.025205484604,516.8445589254628,516.9268441842702,13.678200209653271,0.17973716084200475
2018,542.6773924963315,596.9451317459648,569.1648509520587,9891,569.7125063176442,569.4434030050408,570.025069870872,17.51719121228935,0.15805712972213135
2018,596.9451317459648,656.6396449205613,626.0813360472647,9705,625.6869500494079,625.5211841338675,624.6850080776678,14.452155494116889,0.13619586070320305
2018,656.6396449205613,722.3036094126176,688.6894696519913,5975,690.3652785001872,690.1406731285122,688.40287890159,17.605092937904672,0.11474569228457003
2018,722.3036094126176,794.5339703538793,757.5584166171905,7095,759.980378895149,759.6803084347315,765.2391348951431,21.294563702609388,0.10153963805465428
2018,794.5339703538793,873.9873673892673,833.3142582789095,4594,833.4446345782475,833.1843954642178,833.0174582715701,20.812768630927668,0.0858581393498422
2018,873.9873673892673,961.3861041281942,916.6456841068006,5550,919.6226059549562,919.2922604631582,932.3423745559194,24.522278785919653,0.07570439656620488
2018,961.3861041281942,1057.5247145410137,1008.3102525174808,3819,1011.2295079077542,1010.8656770916339,1015.1131381262103,27.105592642188714,0.06343768510578104
2018,1057.5247145410137,1163.2771859951151,1109.141277769229,3351,1104.4267827509657,1104.1007483388005,1093.198764135919,26.913153985055857,0.05499686149004076
2018,1163.2771859951151,1279.6049045946268,1220.0554055461519,3603,1220.1014516462847,1219.6556231580737,1233.752890953394,32.880545369431665,0.047590420029882154
2018,1279.6049045946268,1407.5653950540895,1342.0609461007673,2722,1350.9529323641802,1350.3118309258489,1353.3800700002676,41.594215830413226,0.03962700356287187
2018,1407.5653950540895,1548.3219345594985,1476.267040710844,1628,1477.3044526131494,1476.8487927767958,1478.317071615801,36.732127465617154,0.0336107894015613
2018,1548.3219345594985,1703.1541280154486,1623.8937447819285,2605,1601.7919985694343,1601.1112381991402,1577.3296453961116,46.99704887493443,0.030012554039836974
2018,1703.1541280154486,1873.4695408169935,1786.2831192601216,1520,1773.5577961160611,1772.9437602096111,1770.044970388072,46.781631276332135,0.024254935417421825
2018,1873.4695408169935,2060.8164948986932,1964.9114311861338,1802,1941.5083519406885,1940.5444891837706,1936.5235250407704,61.365942344257476,0.020895403630062506
2018,2060.8164948986932,2266.8981443885627,2161.4025743047478,1435,2155.592503943191,2154.823759603601,2170.780403069896,57.62990929659664,0.016912590287416786
2018,2266.8981443885627,2493.587958827419,2377.542831735222,879,2367.652832674769,2366.949042793999,2342.568780291255,57.91892105944311,0.013740927053955848
2018,2493.587958827419,2742.9467547101613,2615.297114908745,1010,2593.8053390399405,2592.5894391357856,2598.0649485950207,79.58399651752504,0.011798145184818453
2018,2742.9467547101613,3017.2414301811777,2876.8268263996197,744,2865.733658437235,2864.7992520556736,2852.6240893866707,73.398266131132,0.009565824720849431
2018,3017.2414301811777,3318.9655731992952,3164.5095090395816,879,3154.5875124238314,3153.6331580571236,3123.4250403883393,77.88160514341881,0.007921422319668291
2018,3318.9655731992952,3650.862130519225,3480.9604599435397,585,3472.4434953458663,3471.108172016971,3435.7675444271736,96.60413736275612,0.005978640450530894
2018,3650.862130519225,4015.9483435711486,3829.056505937894,453,3817.4921437285143,3816.243658819338,3787.1528614708614,97.98771263956978,0.0046856627560537874
2018,4015.9483435711486,4417.5431779282635,4211.962156531685,406,4198.401004294781,4196.702390316177,4202.256049338472,119.7514659354531,0.0036844338746894645
2018,4417.5431779282635,4859.29749572109,4633.158372184853,306,4645.031149900503,4643.690891698811,4685.13756058251,111.49727887171039,0.002787085252539541
2018,4859.29749572109,5345.2272452932,5096.474209403339,226,5116.109406111065,5114.255559420541,5106.799941034935,138.14859863767782,0.002110758458505362
2018,5345.2272452932,5879.74996982252,5606.121630343673,159,5630.227045256089,5628.080445409608,5622.165072699011,155.78476260850368,0.001611249126963779
2018,5879.74996982252,6467.7249668047725,6166.733793378041,137,6142.876504888423,6141.275354079912,6168.764454766971,140.47083665830104,0.0012598244202597449
2018,6467.7249668047725,7114.497463485251,6783.407172715845,91,6776.1093053676705,6773.792752239213,6755.968362359978,178.38083924899476,0.0009570245157411746
2018,7114.497463485251,7825.947209833776,7461.74788998743,109,7530.434495998287,7527.323044726877,7496.220096932015,217.44111481412924,0.0007558946521558469
2018,7825.947209833776,8608.541930817155,8207.922678986173,45,8279.158640389356,8276.978308905365,8313.620430001643,192.02189155394453,0.0005149808595096852
2018,8608.541930817155,9469.39612389887,9028.714946884793,54,9213.965050254918,9210.564103680255,9370.27512116502,250.41646065473034,0.00041552103685760006
2018,9469.39612389887,10416.33573628876,9931.586441573272,41,9920.820684137663,9918.220620220784,9994.960129242685,229.86725316520497,0.0002961692496750979
2018,10416.33573628876,11457.969309917635,10924.745085730601,19,10931.987641359188,10930.84265923762,10931.987641359188,161.50285587056322,0.0002055503001476426
2018,11457.969309917635,12603.7662409094,12017.219594303662,22,12155.518413998583,12150.637362698151,12212.591907918406,350.56639800707165,0.00016355615280565108
2018,12603.7662409094,13864.142865000342,13218.94155373403,7,13198.701813526724,13194.238241407824,13461.961924073743,369.94555335369995,0.00011493135062018725
2018,13864.142865000342,15250.557151500376,14540.835709107434,15,14546.12357842614,14542.070293714389,14367.75518578636,355.99215422824756,9.945982265208512e-05
2018,15250.557151500376,16775.612866650416,15994.919280018177,8,15865.43749265257,15860.473114573206,15632.74232714364,428.2071387103431,6.630654843472341e-05
2018,16775.612866650416,18453.17415331546,17594.41120802,8,17659.064322095575,17652.926555191785,17475.56310097276,501.3316116704621,4.8624802185463835e-05
2018,20298.491568647005,22328.34072551171,21289.2375617042,3,20822.937716756944,20822.93771675695,20822.937716756944,0.0,3.094305593620426e-05
2018,22328.34072551171,24561.17479806288,23418.16131787462,1,23488.156303720312,23488.15630372031,23488.156303720312,,2.4312401092731917e-05
2018,24561.17479806288,27017.29227786917,25759.977449662085,5,25986.833867530182,25986.783885858567,26028.437889068147,56.968652698192905,2.210218281157447e-05
2018,27017.29227786917,29719.02150565609,28335.975194628296,2,28891.68162359214,28891.681623592147,28891.68162359214,0.0,1.1051091405787236e-05
2018,29719.02150565609,32690.9236562217,31169.572714091126,1,31234.250403883398,31234.2504038834,31234.250403883398,,6.630654843472342e-06
2018,43511.6193864311,47862.781325074204,45635.371410700835,1,47819.63736834548,47819.63736834547,47819.63736834548,,4.420436562314894e-06
2018,63705.361943673786,70075.89813804117,66814.74728240712,1,64967.24084007746,64967.240840077444,64967.24084007746,,2.210218281157447e-06
2019,1.2271824814020922,1.3499007295423016,1.287079844813917,5,1.2271824814020922,1.2271824814020922,1.2271824814020922,0.0,0.9877172972193169
2019,2.3914314863286905,2.63057463496156,2.508154502654228,10,2.4543649628041844,2.454364962804184,2.4543649628041844,0.0,0.9877060266166553
2019,2.63057463496156,2.893632098457716,2.7589699529196507,8,2.7611605831547075,2.7611605831547075,2.7611605831547075,0.0,0.9876834854113319
2019,2.893632098457716,3.182995308303488,3.034866948211616,69,3.0679562035052292,3.067956203505232,3.0679562035052306,1.3420279624484582e-15,0.9876654524470733
2019,3.182995308303488,3.5012948391338368,3.338353643032778,13,3.3747518238557537,3.374751823855755,3.374751823855754,4.622227044373279e-16,0.9875099181303423
2019,3.8514243230472207,4.2365667553519435,4.039407908069662,43,3.9883430645568,3.9883430645568008,3.9883430645568,0.0,0.987480614563422
2019,4.2365667553519435,4.660223430887138,4.443348698876628,91,4.406394239539931,4.403956043286086,4.295138684907323,0.14831264201211466,0.9873836873805316
2019,4.660223430887138,5.126245773975852,4.887683568764291,34,4.908729925608368,4.90872992560837,4.908729925608369,9.015352356601487e-16,0.9871785624120893
2019,5.126245773975852,5.638870351373438,5.376451925640721,91,5.3267811005915,5.324759976019616,5.215525545958893,0.14831264201211425,0.98710192231399
2019,5.638870351373438,6.202757386510783,5.9140971182047934,132,6.077807175883467,6.076592833142006,6.135912407010461,0.12066697771505902,0.9868967973455477
2019,6.202757386510783,6.823033125161861,6.505506830025274,203,6.5590787799077335,6.557401922084078,6.442708027360984,0.14922998214759656,0.9865992534352797
2019,6.823033125161861,7.505336437678047,7.156057513027801,112,7.190522351965385,7.188917200347326,7.0562992680620304,0.1528786959617127,0.9861416669672161
2019,7.505336437678047,8.255870081445853,7.871663264330581,249,7.783244713872507,7.781845549416295,7.6698905087630775,0.1483772717997996,0.9858892054675947
2019,8.255870081445853,9.081457089590439,8.65882959076364,324,8.61016227113366,8.606853519179607,8.590277369814647,0.23876765175148318,0.9853279294550438
2019,9.081457089590439,9.989602798549484,9.524712549840006,336,9.30795998170605,9.305709815884782,9.203868610515693,0.207552601187577,0.9845975944025679
2019,9.989602798549484,10.988563078404432,10.477183804824007,638,10.280538507012277,10.278334317528813,10.124255471567261,0.21452066097551495,0.983840209903704
2019,10.988563078404432,12.087419386244877,11.524902185306408,429,11.517350736002738,11.513783915253367,11.658233573319878,0.28622757473519617,0.9824020810040754
2019,12.087419386244877,13.296161324869367,12.67739240383705,1877,12.921538501231007,12.916011630995111,13.192211675072492,0.37447431100767825,0.9814350632957045
2019,13.296161324869367,14.625777457356303,13.945131644220757,991,13.869886360185808,13.86692268561426,13.805802915773539,0.2878925919111011,0.9772040790565153
2019,14.625777457356303,16.088355203091936,15.339644808642833,1494,15.344093405764012,15.341223496646528,15.339781017526155,0.29694928733881,0.9749702456089732
2019,16.088355203091936,17.697190723401132,16.87360928950712,1362,16.997423433208603,16.990443734018054,17.180554739629294,0.4851725036443121,0.9716025895336675
2019,17.697190723401132,19.466909795741245,18.560970218457832,1926,18.608763219412673,18.60179548854867,18.407737221031386,0.5096910991022566,0.9685324773686299
2019,19.466909795741245,21.41360077531537,20.417067240303616,2020,20.402212511349735,20.396622953296642,20.555306563485047,0.4776046165955032,0.9641910412233563
2019,21.41360077531537,23.55496085284691,22.45877396433398,2340,22.425448755228576,22.415963045458756,22.396080285588184,0.6505971140665181,0.9596377177480434
2019,23.55496085284691,25.910456938131603,24.70465136076738,2667,24.74127800290581,24.732550824799876,24.543649628041845,0.656652942707622,0.954363075702384
2019,25.910456938131603,28.501502631944764,27.17511649684412,2612,27.00999512425941,27.003122959063592,26.998014590846033,0.6101156065694188,0.9483513362426516
2019,28.501502631944764,31.351652895139246,29.892628146528534,2983,30.097956526141076,30.086064870213335,30.67956203505231,0.8404118195941759,0.9424635734121974
2019,31.351652895139246,34.486818184653174,32.88189096118139,2026,33.00702930296323,32.99598445752315,33.13392699785649,0.8530927346818883,0.9357395318642479
2019,34.486818184653174,37.93550000311849,36.17008005729953,2636,36.121227144873515,36.107752083365234,36.201883201361724,0.9867979425693452,0.931172683665741
2019,37.93550000311849,41.729050003430345,39.787088063029486,3042,39.72025006906335,39.70335613024806,39.883430645568005,1.158677908644357,0.9252308219425109
2019,41.729050003430345,45.90195500377338,43.76579686933244,3005,43.74874917683948,43.737341047506014,43.8717737101248,0.9997226606654618,0.9183737872831536
2019,45.90195500377338,50.49215050415072,48.14237655626569,4006,47.90744570463084,47.88472671355073,48.16691239503212,1.475484514944758,0.9116001550834926
2019,50.49215050415072,55.54136555456581,52.95661421189226,4724,52.746895616530765,52.724496974566364,52.46205107993944,1.5408147198737245,0.9025701482309662
2019,55.54136555456581,61.09550211002239,58.252275633081496,3884,58.29511734677897,58.277145083872426,58.29116786659938,1.447173874869946,0.8919216828362246
2019,61.09550211002239,67.20505232102462,64.07750319638964,7457,63.10876834349159,63.07787993844767,62.27951093115619,1.987231055884926,0.8831666786886428
2019,67.20505232102462,73.9255575531271,70.4852535160286,6043,70.8126226765269,70.78321426975248,70.86978830097084,2.03910573442903,0.8663577018790348
2019,73.9255575531271,81.31811330843982,77.5337788676315,10249,77.21452169027862,77.19381842241565,76.69890508763076,1.7955259084001245,0.8527360515021459
2019,81.31811330843982,89.44992463928381,85.28715675439464,7953,85.24007509862405,85.20992638564216,85.28918245744542,2.267469737753191,0.8296335701662639
2019,89.44992463928381,98.3949171032122,93.8158724298341,10511,93.49922706669433,93.46276161922688,92.03868610515693,2.6203501292794726,0.8117065495726188
2019,98.3949171032122,108.23440881353342,103.19745967281753,14212,102.93832800279866,102.91173106582065,102.16294157672418,2.349472954632226,0.7880134886572655
2019,108.23440881353342,119.05784969488678,113.51720564009929,10615,113.8388054212088,113.80463613392455,114.74156201109564,2.7855496072428534,0.7559779276517474
2019,119.05784969488678,130.96363466437546,124.86892620410924,12826,124.42894587732359,124.38989886387634,122.71824814020924,3.131675394228136,0.7320504382010314
2019,130.96363466437546,144.059998130813,137.35581882452016,10927,137.28538262378956,137.23273694853148,137.75123353738488,3.806480008546103,0.703139088253327
2019,144.059998130813,158.46599794389434,151.0914007069722,22488,152.30997358794787,152.28476296720098,153.091014554911,2.750208976746113,0.6785083131965233
2019,158.46599794389434,174.31259773828378,166.20054077766943,13353,166.499497268279,166.44015144431916,166.89681747068457,4.444263356578244,0.6278176506654164
2019,174.31259773828378,191.74385751211216,182.82059485543635,13494,182.95036325071882,182.90004435956382,184.07737221031385,4.286293968257413,0.5977183791971724
2019,191.74385751211216,210.9182432633234,201.10265434098002,19931,201.35668770957233,201.29042503364485,204.01908753309783,5.141214628920907,0.5673012767338695
2019,210.9182432633234,232.01006758965576,221.21291977507806,18006,223.25227297269538,223.1572598578887,224.88118971693342,6.490808074965577,0.5223744004039385
2019,232.01006758965576,255.21107434862137,243.33421175258587,12830,243.2638189565643,243.18980486681758,245.12970066006795,5.994236303210567,0.4817867060987485
2019,255.21107434862137,280.7321817834835,267.66763292784447,15164,266.43018635100947,266.3170184676074,265.9918028439035,7.7648075681931354,0.45286633966891476
2019,280.7321817834835,308.80539996183194,294.43439622062897,35161,302.29633226345595,302.2048170951493,306.182029109822,7.345154089040757,0.4186848559166156
2019,308.80539996183194,339.6859399580151,323.8778358426919,13293,326.7092017786853,326.58910703498555,327.3509269140081,8.83948409072133,0.3394277238792513
2019,339.6859399580151,373.6545339538166,356.2656194269611,13766,357.5273049074889,357.4104855744907,358.03048894906044,9.128574264569075,0.3094636996429473
2019,373.6545339538166,411.01998734919835,391.89218136965724,15848,392.7630131665854,392.6025679311056,390.85762032656635,11.244598266703683,0.2784334763948498
2019,411.01998734919835,452.12198608411825,431.08139950662303,10248,430.0959658796956,429.95666653024847,429.5138684907323,10.959598735326116,0.24271017419843474
2019,452.12198608411825,497.33418469253013,474.1895394572854,14335,469.15346777929625,468.9856688762864,460.19343052578466,12.634739131403352,0.21960994698308509
2019,497.33418469253013,547.0676031617832,521.608493403014,11058,521.256828920603,521.0680991353398,521.5525545958892,14.02814919056669,0.18729712915209001
2019,547.0676031617832,601.7743634779615,573.7693427433154,7944,570.8772497077501,570.681181414821,567.5718976484677,14.99305497459005,0.16237106430555054
2019,601.7743634779615,661.9517998257577,631.146277017647,11153,623.1762037726339,622.9831052748733,613.5912407010461,15.649279130877028,0.14446433079669635
2019,661.9517998257577,728.1469798083336,694.2609047194118,6802,693.4245849007967,693.1738518800266,690.2901457886769,18.64301738832345,0.11932412449958524
2019,728.1469798083336,800.961677789167,763.686995191353,6859,764.7521578928217,764.5303664189973,766.9890508763077,18.39608202761724,0.10399159663865547
2019,800.961677789167,881.0578455680837,840.0556947104883,4940,838.4475886673439,838.1760562981021,842.1539778621859,21.370379291523196,0.08853058390738269
2019,881.0578455680837,969.1636301248922,924.0612641815372,5466,921.503022358977,921.2874309843809,920.3868610515693,19.965091937983672,0.07739522847765716
2019,969.1636301248922,1066.0799931373815,1016.467390599691,3651,1011.368946737584,1011.0537400458818,1012.4255471567261,25.270150942200928,0.0650742056479244
2019,1066.0799931373815,1172.6879924511197,1118.1141296596602,4042,1109.3941398272932,1108.9123058874861,1104.464233261883,32.7676111828727,0.05684441158437624
2019,1172.6879924511197,1289.956791696232,1229.9255426256263,3301,1229.4212250867345,1229.0622814908165,1227.1824814020922,29.754429318012487,0.04773325639268583
2019,1289.956791696232,1418.9524708658553,1352.9180968881892,2409,1352.1762895856486,1351.715538407526,1349.9007295423014,35.30649341564997,0.04029240451545425
2019,1418.9524708658553,1560.8477179524407,1488.2099065770083,2827,1502.9566910426058,1502.401789810277,1533.9781017526154,40.58081812949102,0.0348622281530638
2019,1560.8477179524407,1716.932489747685,1637.030897234709,1784,1641.477464234663,1640.9201040404937,1636.1410433293395,42.722622807859125,0.028489829408158113
2019,1716.932489747685,1888.6257387224537,1800.7339869581801,1698,1802.9625169992669,1802.3294139402883,1820.2184155396535,47.66067355911883,0.024468478378475853
2019,1888.6257387224537,2077.4883125946994,1980.8073856539984,1563,1986.175021224363,1985.3694122224622,1994.1715322783998,56.55733659780268,0.020640981714574243
2019,2077.4883125946994,2285.237143854169,2178.8881242193984,1257,2171.4420444601096,2170.770480646129,2147.5693424536616,54.17246944935744,0.017117791322537598
2019,2285.237143854169,2513.7608582395865,2396.776936641338,1140,2387.2227412904726,2386.1793690506515,2377.666057716554,70.61013479980542,0.014284361813394885
2019,2513.7608582395865,2765.1369440635453,2636.454630305472,969,2648.407335380765,2647.1251271591273,2644.5782474215093,82.46881217761386,0.011714664406535145
2019,2765.1369440635453,3041.6506384698996,2900.1000933360197,527,2906.1910812781703,2905.214885393813,2914.558393329969,75.37532169093164,0.009530421610704368
2019,3041.6506384698996,3345.81570231689,3190.1101026696215,863,3140.5654483188027,3139.3660412390573,3086.363940726262,87.44615539774898,0.008342500090164821
2019,3345.81570231689,3680.397272548579,3509.1211129365843,516,3483.7011321198443,3482.5553279580713,3476.9147654324784,89.56113051870797,0.006397194070761352
2019,3680.397272548579,4048.436999803438,3860.033224230243,510,3822.4340086716365,3820.8722929278847,3834.9452543815387,109.5413119554299,0.0052340678760774695
2019,4048.436999803438,4453.2806997837815,4246.036546653268,413,4248.481979524815,4246.733588376901,4243.903816308785,122.11845226941739,0.004084466404587586
2019,4453.2806997837815,4898.608769762161,4670.640201318595,356,4632.669021561726,4631.609027350735,4601.934305257846,99.58943215844175,0.0031535146247340137
2019,4898.608769762161,5388.469646738377,5137.704221450455,253,5127.660735447595,5125.249276893402,5113.362604382169,157.74476986898588,0.0023510477152234284
2019,5388.469646738377,5927.316611412216,5651.474643595501,151,5637.747431128842,5635.848184408662,5628.1656553303455,147.01949779895818,0.001780755220543153
2019,5927.316611412216,6520.048272553437,6216.622107955051,191,6196.637058462562,6194.583289364946,6135.912407010462,160.54080528365333,0.001440383020160854
2019,6520.048272553437,7172.053099808782,6838.284318750557,100,6833.9736858626175,6831.572862597296,6810.8627717816125,182.15423898712575,0.001009845998485231
2019,7172.053099808782,7889.258409789661,7522.112750625613,89,7564.080491160163,7562.207037497033,7631.541056219262,168.95362615157293,0.0007844339452519205
2019,7889.258409789661,8678.184250768627,8274.324025688175,46,8254.489563340998,8251.586761620745,8206.782844376492,221.51350805481195,0.0005838172178742742
2019,8678.184250768627,9546.002675845491,9101.756428256995,63,9166.16196784309,9163.643537462623,9203.868610515692,216.08465319966922,0.00048012767338695135
2019,9546.002675845491,10500.602943430042,10011.932071082696,37,10062.465175273963,10059.875123379876,10073.020602968725,231.4941353746002,0.0003381180798499657
2019,10500.602943430042,11550.663237773046,11013.125278190964,25,10959.954469577271,10954.392077852495,10891.244522443569,357.62704447596303,0.00025471562015364087
2019,11550.663237773046,12705.72956155035,12114.43780601006,30,12198.848362460216,12193.1073166281,12271.824814020923,378.9127486779534,0.00019836260684531323
2019,12705.72956155035,13976.302517705388,13325.881586611069,19,13102.918002412574,13100.103823882117,13038.81386489723,280.356618052962,0.0001307389908753201
2019,13976.302517705388,15373.932769475927,14658.469745272178,11,15143.180805903352,15140.66668797504,15339.781017526155,287.9693849998164,8.79107007609911e-05
2019,15373.932769475927,16911.32604642352,16124.316719799395,5,15572.822970744412,15572.397914152036,15539.198170753994,129.0768697115047,6.311537490532694e-05
2019,16911.32604642352,18602.458651065874,17736.748391779336,2,18407.737221031384,18407.73722103137,18407.737221031384,0.0,5.184477224366141e-05
2019,20462.704516172467,22508.974967789713,21461.465554053004,1,22242.682475412923,22242.682475412927,22242.682475412923,,4.73365311789952e-05
2019,22508.974967789713,24759.872464568685,23607.612109458303,6,23889.152304627394,23880.955622650756,24328.89269379648,681.2428815626496,4.50824106466621e-05
2019,24759.872464568685,27235.859711025558,25968.373320404135,4,24927.144153480003,24927.14415348,24927.144153480003,0.0,3.155768745266347e-05
2019,27235.859711025558,29959.445682128113,28565.21065244455,1,28071.799262072862,28071.79926207288,28071.799262072862,,2.254120532333105e-05
2019,29959.445682128113,32955.39025034093,31421.73171768901,2,32827.13137750597,32827.13137750594,32827.13137750597,0.0,2.0287084790997944e-05
2019,32955.39025034093,36250.92927537503,34563.90488945792,7,35261.81759266195,35251.86085347827,35780.039223379754,898.254029292935,1.5778843726331735e-05
2020,0.6929033528689891,0.7621936881558881,0.7267231674157605,6,0.6929033528689891,0.6929033528689891,0.6929033528689891,0.0,0.9826433255467057
2020,1.4852998736214476,1.6338298609835924,1.5577956496401821,6,1.6167744900276408,1.6167744900276408,1.6167744900276408,0.0,0.9826264388843545
2020,1.7972128470819517,1.9769341317901468,1.8849327360646204,11,1.8477422743173042,1.847742274317304,1.847742274317304,2.3288234633381846e-16,0.9826095522220033
2020,2.174627544969162,2.392090299466078,2.2807686106381913,30,2.309677842896631,2.3096778428966296,2.30967784289663,9.033620566533923e-16,0.9825785933410262
2020,2.6312993294126863,2.894429262353955,2.759730018872212,11,2.7716134114759567,2.771613411475956,2.7716134114759563,4.657646926676369e-16,0.9824941600292703
2020,2.894429262353955,3.183872188589351,3.035703020759433,18,3.0025811957656194,3.0025811957656194,3.002581195765619,4.569640269980427e-16,0.982463201148293
2020,3.183872188589351,3.5022594074482862,3.3392733228353766,42,3.2720436107702247,3.2709455475861007,3.2335489800552817,0.08712000200379329,0.9824125411612394
2020,3.5022594074482862,3.852485348193115,3.6732006551189147,11,3.6954845486346084,3.6954845486346084,3.695484548634608,4.657646926676369e-16,0.9822943345247812
2020,3.852485348193115,4.237733883012427,4.0405207206308065,66,4.069932320134516,4.06837559641848,4.157420117213934,0.11289759610416769,0.982263375643804
2020,4.237733883012427,4.66150727131367,4.444572792693887,58,4.57953365401918,4.578683731596186,4.61935568579326,0.08800768600296961,0.9820776223579409
2020,4.66150727131367,5.127657998445037,4.889030071963276,85,4.986186872606254,4.984883896980233,5.081291254372585,0.11434609206058781,0.9819143846218795
2020,5.127657998445037,5.640423798289541,5.377933079159604,40,5.375775179341906,5.374798418409568,5.3122590386622495,0.10444422951777674,0.9816751569052377
2020,5.640423798289541,6.204466178118496,5.915726387075565,85,5.814953627998573,5.814298178154014,5.774194607241575,0.08857210205091168,0.9815625791562298
2020,6.204466178118496,6.824912795930346,6.507299025783122,135,6.479074067444102,6.475691509524312,6.467097960110563,0.20986947550474555,0.9813233514395879
2020,6.824912795930346,7.5074040755233815,7.158028928361436,191,6.999170342767377,6.997341462397049,6.92903352868989,0.16279149019101505,0.9809434015366862
2020,7.5074040755233815,8.25814448307572,7.873831821197579,359,7.797575335907285,7.795085126539527,7.621936881558879,0.1981145636621826,0.9804058427851735
2020,8.25814448307572,9.083958931383293,8.661215003317338,221,8.66181446241053,8.658744189828873,8.776775803007194,0.23057315826994915,0.9793954574878275
2020,9.083958931383293,9.992354824521623,9.527336503649073,766,9.667177718160426,9.66242497447259,9.816130832310677,0.3016559014895778,0.9787734654245588
2020,9.992354824521623,10.991590306973785,10.48007015401398,381,10.451140685443018,10.449215404920288,10.393550293034835,0.20153156885659487,0.9766176015310574
2020,10.991590306973785,12.090749337671165,11.52807716941538,669,11.53354375151685,11.531258074531562,11.54838921448315,0.22996917470764291,0.9755452984717571
2020,12.090749337671165,13.299824271438284,12.68088488635692,438,12.80289231682358,12.79784817571509,12.934195920221127,0.3582646943106234,0.9736624356195998
2020,13.299824271438284,14.629806698582112,13.948973374992612,840,13.973001026228685,13.967532479287547,13.85806705737978,0.39177672566353794,0.9724297092679632
2020,14.629806698582112,16.092787368440327,15.343870712491874,687,15.377008031791277,15.373430315860963,15.47484154740742,0.33156892002454746,0.9700655765387971
2020,16.092787368440327,17.70206610528436,16.878257783741063,1020,16.959375658979017,16.952898982446804,17.322583821724724,0.4660892381317598,0.9681320536995863
2020,17.70206610528436,19.4722727158128,18.56608356211517,953,18.701846844172227,18.695407467842124,18.708390527462704,0.48974131531453874,0.9652613210998846
2020,19.4722727158128,21.41949998739408,20.42269191832669,1069,20.2838976210457,20.278684762012702,20.32516501749034,0.4610086975966973,0.9625791562297712
2020,21.41949998739408,23.56144998613349,22.46496111015936,1631,22.863261643991653,22.856861526304904,23.0967784289663,0.5340860904699308,0.9595705158875348
2020,23.56144998613349,25.91759498474684,24.7114572211753,785,24.828595471423572,24.81985954243899,24.944520703283604,0.6581655152708045,0.9549801581717373
2020,25.91759498474684,28.509354483221525,27.18260294329283,1797,27.37038935140998,27.363036409895134,27.71613411475956,0.6309146670575457,0.9527708198474572
2020,28.509354483221525,31.360289931543683,29.900863237622115,1440,29.963739365628346,29.951911959749467,30.025811957656188,0.8401673811581742,0.9477132644732769
2020,31.360289931543683,34.49631892469805,32.89094956138433,1236,32.947666549204065,32.93573579923262,33.02839315342181,0.8885753495495943,0.9436604655089922
2020,34.49631892469805,37.94595081716786,36.18004451752277,3298,35.35459870920272,35.338696670414,34.64516764344945,1.0723396875497588,0.9401818130646478
2020,37.94595081716786,41.740545898884655,39.79804896927505,2607,39.83295037335567,39.8199382909177,39.9574266821117,1.0193920846752909,0.9308997776589457
2020,41.740545898884655,45.914600488773125,43.77785386620256,1542,43.66863860905397,43.65486098468681,43.421943446456645,1.0980595464501843,0.9235625228673553
2020,45.914600488773125,50.506060537650434,48.155639252822816,6116,47.18321378322608,47.164847054196464,46.1935568579326,1.3276332642329025,0.9192226506431004
2020,50.506060537650434,55.556666591415485,52.9712031781051,4583,53.62413771135536,53.59739584760514,53.81549373949148,1.6875640218959198,0.9020095128197911
2020,55.556666591415485,61.11233325055703,58.26832349591561,5805,58.890617895403274,58.87191401660335,59.35872056244339,1.4792288044831126,0.88911091722721
2020,61.11233325055703,67.22356657561275,64.09515584550718,5077,63.95719497721262,63.93493823987504,63.516140679657326,1.6903834202486634,0.8727730714024373
2020,67.22356657561275,73.94592323317403,70.50467143005791,8822,70.08835490069772,70.06937546237862,69.2903352868989,1.6460389020685817,0.8584841406096085
2020,73.94592323317403,81.34051555649143,77.5551385730637,10773,78.37727640461124,78.34842557546358,78.52904665848541,2.1195916841918083,0.8336551180659143
2020,81.34051555649143,89.47456711214059,85.31065243037007,7259,85.60453902600784,85.58139197312133,86.38195132433397,1.988735022640952,0.8033351158143593
2020,89.47456711214059,98.42202382335465,93.84171767340709,11992,93.82806224668835,93.80084494319665,92.3871137158652,2.266715047616796,0.782905068813149
2020,98.42202382335465,108.26422620569012,103.2258894407478,9175,103.6342756271538,103.6024102315766,103.93550293034835,2.5690482715349283,0.7491542596605781
2020,108.26422620569012,119.09064882625916,113.5484783848226,11022,114.27299816776944,114.24007323158851,115.4838921448315,2.7300191987733173,0.723331738481889
2020,119.09064882625916,130.99971370888505,124.90332622330486,18281,123.99000316785741,123.94063406052261,123.10582902639037,3.5144833226119583,0.6923109397427598
2020,130.99971370888505,144.0996850797736,137.39365884563534,12296,137.87208259992343,137.83794715395828,138.5806705737978,3.0587613198437804,0.6408600940024204
2020,144.0996850797736,158.50965358775096,151.1330247301989,14126,151.3339804259461,151.2749559751474,151.97680206259824,4.215892685527435,0.6062536939573894
2020,158.50965358775096,174.36061894652607,166.2463272032188,17224,166.5721584090987,166.49341996472342,166.29680468855736,5.127391959799743,0.5664968618952464
2020,174.36061894652607,191.7966808411787,182.8709599235407,14060,183.7121370245139,183.64858728660133,184.7742274317304,4.826146134099011,0.518020883172441
2020,191.7966808411787,210.97634892529658,201.1580559158948,13993,201.37621091337553,201.294569625615,201.86584346916547,5.726310516942234,0.4784498043961611
2020,210.97634892529658,232.07398381782625,221.2738615074843,15568,224.5644665521026,224.45940258135974,226.81036417244906,6.833297527406871,0.4390672933494695
2020,232.07398381782625,255.2813821996089,243.40124765823276,24616,242.69625819231126,242.64197581588667,241.36133458269782,5.160370159534169,0.39525203343559145
2020,255.2813821996089,280.8095204195698,267.74137242405607,12318,269.0331801841848,268.93510797054313,269.5394042660367,7.254847788548118,0.32597168669612453
2020,280.8095204195698,308.8904724615268,294.5155096664617,12841,294.9371189801421,294.82529454628076,294.021989400741,8.13478754770446,0.29130336888913905
2020,308.8904724615268,339.7795197076795,323.9670606331079,9877,322.9257239906382,322.8143069650822,323.3548980055282,8.496356223506691,0.2551630970138752
2020,339.7795197076795,373.75747167844753,356.3637666964187,12175,354.4410180863481,354.32197730047216,351.7639354731568,9.223141875636394,0.22736483634009738
2020,373.75747167844753,411.1332188462923,392.0001433660606,9240,392.18912191148195,392.0437255651589,392.1832977238478,10.685776817604783,0.1930989839858152
2020,411.1332188462923,452.2465407309216,431.20015770266673,6587,429.6132278480169,429.4652725712107,427.29040093587656,11.29618002461117,0.16709352396498833
2020,452.2465407309216,497.47119480401375,474.3201734729334,9064,471.2749843511236,471.1328954356391,467.24782761798826,11.633548062322845,0.14855478314711099
2020,497.47119480401375,547.2183142844152,521.7521908202268,5585,522.2294915542898,522.0474161279619,519.6775146517417,13.78893538022684,0.12304466522191888
2020,547.2183142844152,601.9401457128567,573.9274099022495,5695,575.3152407908678,575.1322047065652,577.4194607241575,14.489435585491705,0.10732599701668966
2020,601.9401457128567,662.1341602841426,631.3201508924745,4013,630.9171363463184,630.7106320706628,635.1614067965733,16.154788099481,0.09129774000168867
2020,662.1341602841426,728.3475763125568,694.452165981722,4422,693.8123902542845,693.6361850998388,692.903352868989,15.640556981396985,0.08000337733247023
2020,728.3475763125568,801.1823339438126,763.8973825798943,2948,763.2552938129858,763.0223232745119,767.9678827631294,18.861391525013143,0.06755790717964594
2020,801.1823339438126,881.3005673381939,840.2871208378839,3204,835.7673801140439,835.4022326459009,831.4840234427868,24.754949536354566,0.05926092707776308
2020,881.3005673381939,969.4306240720133,924.3158329216723,2736,922.8509450266563,922.6342339915913,923.871137158652,19.987994423362814,0.050243449382229605
2020,969.4306240720133,1066.373686479215,1016.7474162138396,2080,1013.8630705345521,1013.4760749696379,1013.4866374630412,28.012414051999624,0.04254313135008866
2020,1066.373686479215,1173.0110551271364,1118.4221578352237,2516,1131.4013829178848,1130.9816717615624,1154.838921448315,30.625724286161148,0.03668908840167741
2020,1173.0110551271364,1290.31216063985,1230.264373618746,1566,1234.2329911303373,1233.8124191224374,1231.7511936167728,32.19552428395051,0.02960794798907996
2020,1290.31216063985,1419.3433767038352,1353.2908109806208,1470,1357.7568467430613,1357.2743321571536,1370.3318641905707,36.08667515487472,0.025200529115420336
2020,1419.3433767038352,1561.277714374219,1488.619892078683,1207,1491.3815632731396,1490.7994746106738,1501.2905978828096,41.6372207983374,0.021063296839379696
2020,1561.277714374219,1717.4054858116408,1637.4818812865515,968,1634.1056635603518,1633.60825701574,1616.7744900276411,40.44478675297456,0.017666263263066057
2020,1717.4054858116408,1889.146034392805,1801.2300694152066,1140,1799.074728324318,1798.3713340472905,1801.5487174593713,50.26276711645129,0.014941881737074668
2020,1889.146034392805,2078.060637832086,1981.3530763567273,582,1970.979064458498,1970.472524077321,1963.2261664621356,44.82161345832791,0.011733415890349272
2020,2078.060637832086,2285.8667016152945,2179.4883839924005,617,2144.7193037329275,2143.7430036651094,2136.4520046793828,65.04831540998873,0.010095409642284203
2020,2285.8667016152945,2514.453371776824,2397.4372223916403,701,2356.9161912581035,2356.084055841506,2309.67784289663,63.15999223358162,0.008358897863837212
2020,2514.453371776824,2765.8987089545067,2637.180944630805,413,2622.1325155181635,2621.2161312680805,2617.5578993547506,69.53253514830051,0.006385972812473615
2020,2765.8987089545067,3042.4885798499577,2900.8990390938857,432,2880.9520635452654,2879.747150358638,2887.0973036207874,83.49858762612556,0.005223607553966958
2020,3042.4885798499577,3346.737437834954,3190.9889430032745,284,3178.183399707143,3177.3200443620017,3179.7334863157907,74.10629066764918,0.004007767864681546
2020,3346.737437834954,3681.411181618449,3510.087837303602,309,3488.9350671836983,3488.0519661699727,3464.516764344945,78.9339543128334,0.003208465846725395
2020,3681.411181618449,4049.5522997802946,3861.0966210339625,197,3846.849344690104,3845.3054210584896,3849.540060755813,109.40835179598443,0.002338802735639301
2020,4049.5522997802946,4454.507529758324,4247.20628313736,162,4257.10980494913,4255.7006747659925,4272.9040093587655,109.80017373637943,0.001784357321775351
2020,4454.507529758324,4899.958282734157,4671.926911451095,109,4665.578908238165,4664.327187089148,4619.35568579326,108.99334011704262,0.0013284174382933213
2020,4899.958282734157,5389.954111007573,5139.119602596205,88,5095.4091601872915,5093.373622160491,5081.291254372586,145.32883258640348,0.0010216430722467704
2020,5389.954111007573,5928.949522108332,5653.031562855826,61,5645.004102324145,5643.357669748837,5597.042316691403,137.28863096101966,0.0007739720244293716
2020,5928.949522108332,6521.844474319165,6218.33471914141,49,6188.060594919147,6185.780661281257,6120.64628367607,170.3058452670158,0.000602290957192311
2020,6521.844474319165,7174.028921751082,6840.168191055551,49,6881.449451497969,6879.661559096834,6929.03352868989,157.48297266725146,0.0004643832146576229
2020,7174.028921751082,7891.431813926191,7524.185010161107,39,7512.369318042391,7509.57435626243,7506.452989414048,207.5958817372216,0.0003264754721229349
2020,7891.431813926191,8680.57499531881,8276.603511177218,22,8225.644675549458,8222.080064355068,8083.872450138205,249.18493345714487,0.00021671216684022402
2020,8680.57499531881,9548.632494850692,9104.26386229494,12,9222.562874001602,9220.179905411422,9273.35653922997,217.81896246991258,0.0001547944048858743
2020,9548.632494850692,10503.495744335763,10014.690248524435,6,10085.670236576714,10081.429815906484,10224.250907150512,318.21517223625955,0.00012102108018350173
2020,10503.495744335763,11553.845318769341,11016.159273376881,6,11251.94206334737,11248.036241207152,11251.942063347367,324.7415835704225,0.00010413441783231545
2020,11553.845318769341,12709.229850646274,12117.77520071457,7,12472.2603516418,12472.260351641818,12472.2603516418,0.0,8.724775548112915e-05
2020,12709.229850646274,13980.152835710904,13329.552720786027,2,13511.615380945286,13507.172962485256,13511.615380945286,489.9566595205559,6.754664940474515e-05
2020,13980.152835710904,15378.168119281996,14662.507992864632,4,14926.293059719472,14918.529012182544,15070.647924900511,552.8370442433551,6.191776195434972e-05
2020,15378.168119281996,16915.984931210194,16128.758792151095,5,15976.041639315989,15972.765074917996,16167.74490027641,361.1157486660188,5.0659987053558866e-05
2020,16915.984931210194,18607.583424331217,17741.634671366206,1,18015.487174593713,18015.48717459372,18015.487174593713,,3.6587768427570293e-05
2020,18607.583424331217,20468.34176676434,19515.79813850283,5,19401.247686774834,19400.333176578177,19247.238368210485,210.88594460923085,3.377332470237258e-05
2020,20468.34176676434,22515.175943440776,21467.377952353112,4,21941.939507517982,21941.939507517993,21941.939507517982,0.0,1.9701106076384e-05
2020,22515.175943440776,24766.693537784857,23614.11574758843,2,23246.90748875458,23246.907488754594,23246.90748875458,0.0,8.443331175593144e-06
2020,43875.7083704917,48263.27920754087,46017.23115870488,1,46193.5568579326,46193.5568579326,46193.5568579326,,2.8144437251977146e-06
2021,0.6726318297335679,0.7398950127069248,0.7054622145854449,4,0.6726318297335679,0.6726318297335679,0.6726318297335679,0.0,0.9806867401187452
2021,0.8952729653753793,0.9848002619129171,0.9389702076132275,4,0.8968424396447573,0.8968424396447573,0.8968424396447573,0.0,0.9806747999271649
2021,1.7446337367947105,1.9190971104741814,1.8297872999664475,6,1.7936848792895146,1.7936848792895148,1.7936848792895146,0.0,0.9806628597355844
2021,1.9190971104741814,2.1110068215216,2.0127660299630925,9,2.0178954892007037,2.0178954892007037,2.0178954892007037,0.0,0.9806449494482139
2021,2.1110068215216,2.32210750367376,2.214042632959402,24,2.242106099111893,2.242106099111893,2.242106099111893,0.0,0.9806180840171581
2021,2.32210750367376,2.554318254041136,2.435446896255342,3,2.466316709023083,2.466316709023083,2.466316709023083,0.0,0.9805464428676758
2021,2.554318254041136,2.80975007944525,2.6789915858808766,4,2.6905273189342718,2.6905273189342718,2.6905273189342718,0.0,0.9805374877239905
2021,2.80975007944525,3.090725087389775,2.9468907444689645,6,2.914737928845461,2.9147379288454616,2.914737928845461,0.0,0.9805255475324102
2021,3.090725087389775,3.3997975961287534,3.241579818915861,29,3.2162625421743014,3.2145215510898657,3.13894853875665,0.1084563403530923,0.9805076372450396
2021,3.3997975961287534,3.7397773557416287,3.565737800807448,4,3.587369758579029,3.5873697585790296,3.587369758579029,0.0,0.9804210708560819
2021,3.7397773557416287,4.113755091315792,3.9223115808881928,43,3.9471495744830296,3.945614856861336,4.035790978401407,0.11091963243868737,0.9804091306645015
2021,4.113755091315792,4.525130600447372,4.314542738977012,66,4.392489675987391,4.391097549349502,4.484212198223786,0.11108149077109532,0.9802807736050125
2021,4.525130600447372,4.977643660492109,4.745997012874714,78,4.889515993063244,4.888702106988852,4.932633418046166,0.08893637019546195,0.9800837604439363
2021,4.977643660492109,5.47540802654132,5.220596714162186,35,5.284964376478034,5.283794788722406,5.3810546378685435,0.1125753502245125,0.979850926708119
2021,5.47540802654132,6.022948829195453,5.742656385578405,125,5.659075794158416,5.658276553411332,5.605265247779734,0.0961419089413444,0.9797464500317907
2021,6.022948829195453,6.625243712114998,6.316922024136246,93,6.251377543007679,6.247691315234215,6.053686467602112,0.21639635082539332,0.9793733190449041
2021,6.625243712114998,7.287768083326499,6.9486142265498705,177,6.802321893915742,6.800619591929381,6.72631829733568,0.15458288056055383,0.9790957095906604
2021,7.287768083326499,8.01654489165915,7.643475649204859,301,7.498764817195823,7.497033295831234,7.398950127069247,0.16289149757028054,0.9785673561132289
2021,8.01654489165915,8.818199380825066,8.407823214125346,325,8.433078447859625,8.430769222147457,8.520003176625194,0.1966141504801515,0.9776688566968057
2021,8.818199380825066,9.700019318907573,9.248605535537882,795,9.423332212531532,9.419593606264495,9.416845616269951,0.2634616863977474,0.9766987161309003
2021,9.700019318907573,10.67002125079833,10.173466089091669,343,10.119546507391027,10.117694797236569,10.089477446003519,0.19467518341030884,0.974325603054301
2021,10.67002125079833,11.737023375878163,11.190812698000837,1055,11.22158163462618,11.220218568783771,11.210530495559468,0.17518174934703817,0.973301731626284
2021,11.737023375878163,12.910725713465983,12.309893967800923,539,12.368605334135998,12.363810842717221,12.331583545115413,0.3442522195662816,0.9701525060969604
2021,12.910725713465983,14.20179828481258,13.540883364581015,1356,13.74050582170335,13.734341084258602,13.901057814493736,0.4100309000674919,0.968543565281505
2021,14.20179828481258,15.62197811329384,14.894971701039116,966,14.93251946091747,14.928607633893396,15.022110864049683,0.3415806255122169,0.9644958403357582
2021,15.62197811329384,17.184175924623226,16.38446887114303,1756,16.537192354486002,16.53204254831574,16.815795743339198,0.4095134853942845,0.9616122840690979
2021,17.184175924623226,18.902593517085553,18.022915758257337,1796,18.25618662148803,18.250647840038532,18.609480622628713,0.44738019754704483,0.9563705399653137
2021,18.902593517085553,20.792852868794107,19.82520733408307,1642,19.806453951789177,19.80194938810416,19.95474428209585,0.4217986200335002,0.9510093939457258
2021,20.792852868794107,22.872138155673518,21.80772806749138,2458,22.036126583541545,22.027756870425993,22.421060991118935,0.6024786808002122,0.9461079453019824
2021,22.872138155673518,25.159351971240874,23.98850087424052,1065,24.136430051735243,24.12791459118252,24.214745870408446,0.6401718989825815,0.9387706975758426
2021,25.159351971240874,27.675287168364964,26.387350961664573,1753,26.428457927649102,26.419676068309254,26.45685196952034,0.680475400004619,0.935591621567568
2021,27.675287168364964,30.442815885201465,29.026086057831034,2729,28.693535606098656,28.681902867094994,28.026326238898665,0.8219481936237,0.9303588326074692
2021,30.442815885201465,33.48709747372161,31.92869466361414,1556,31.817157039376536,31.806284976114537,31.837906607388884,0.8335586915108419,0.9222126369017591
2021,33.48709747372161,36.83580722109377,35.12156412997555,3406,34.65633798241753,34.637488541778644,34.080012706500774,1.1496967983576596,0.9175679023769936
2021,36.83580722109377,40.51938794320316,38.633720542973116,2694,38.70396121283179,38.68978822543033,39.01264612454694,1.0475912820124917,0.9074008292463053
2021,40.51938794320316,44.57132673752348,42.49709259727043,2988,42.185586432476875,42.17243042927607,42.15159466330359,1.0567999694684107,0.8993591102169234
2021,44.57132673752348,49.028459411275826,46.74680185699748,4155,46.258722928420426,46.23531367295659,45.96317503179382,1.4778224792833388,0.8904397871063842
2021,49.028459411275826,53.93130535240341,51.42148204269723,4862,51.18434933552782,51.157944037660045,50.895808449839976,1.6488431662448968,0.8780369131022707
2021,53.93130535240341,59.32443588764375,56.56363024696695,5100,56.69758770277717,56.68028691157178,56.05265247779733,1.402576808466843,0.8635236102363263
2021,59.32443588764375,65.25687947640814,62.219993271663654,7549,61.94696497099443,61.93097522781981,61.657917725577065,1.4125777774127524,0.8482998659713495
2021,65.25687947640814,71.78256742404896,68.44199259883003,6960,68.40517523217169,68.37893541073625,67.26318297335679,1.901060558352109,0.8257657394112888
2021,71.78256742404896,78.96082416645386,75.28619185871304,7327,75.72599362508447,75.6981407262072,75.78318614998199,2.052535641750752,0.8049898060614382
2021,78.96082416645386,86.85690658309926,82.81481104458435,10453,82.79862095080881,82.78469850137803,82.28529383740648,1.5215272545568908,0.7831183601340883
2021,86.85690658309926,95.5425972414092,91.0962921490428,9084,91.18683021614606,91.15301166051078,89.68424396447574,2.488392054889275,0.7519156544866762
2021,95.5425972414092,105.09685696555012,100.20592136394708,9381,100.39675969841922,100.36340015419948,100.8947744600352,2.5921629382803753,0.7247994794076471
2021,105.09685696555012,115.60654266210514,110.2265135003418,9770,110.62813110311122,110.59674466470406,112.10530495559466,2.624109330850803,0.6967967451037752
2021,115.60654266210514,127.16719692831565,121.24916485037598,16822,122.14978566999312,122.11574860024945,123.31583545115413,2.8692104329467343,0.667632827168712
2021,127.16719692831565,139.88391662114725,133.3740813354136,10010,133.5264000657071,133.48768106152073,134.52636594671358,3.2132720007588467,0.6174183514774495
2021,139.88391662114725,153.87230828326196,146.71148946895497,12489,146.44478727095495,146.38413326992276,145.73689644227306,4.209067112544513,0.5875380220475638
2021,153.87230828326196,169.2595391115882,161.38263841585047,15829,162.64579575115312,162.5872922014288,164.34637706490176,4.3478780771658245,0.5502577588857414
2021,169.2595391115882,186.18549302274704,177.52090225743555,11744,178.28233414667392,178.21893755215868,179.36848792895148,4.751452333446279,0.5030074357543067
2021,186.18549302274704,204.80404232502173,195.2729924831791,11566,194.77520353972758,194.7003101863904,194.39059879300115,5.40229841663862,0.4679510332743289
2021,204.80404232502173,225.28444655752392,214.800291731497,12407,217.21105356905176,217.10522733121894,218.60534466340957,6.75703562720546,0.43342596931967775
2021,225.28444655752392,247.81289121327634,236.28032090464674,25910,242.43984976152518,242.35714335250347,246.63167090230826,6.270552692217248,0.39639048008525296
2021,247.81289121327634,272.594180334604,259.90835299511144,10561,261.1055580584007,261.02396220439675,261.65378176635795,6.521255143602359,0.319047889123381
2021,272.594180334604,299.85359836806447,285.8991882946226,11502,286.18839130378365,286.07738846979737,285.8685276367664,7.979943661914732,0.2875227983032988
2021,299.85359836806447,329.8389582048709,314.4891071240849,9194,314.07580261675065,313.9642295611149,313.89485387566504,8.384935215397608,0.2531887774139336
2021,329.8389582048709,362.822854025358,345.93801783649343,10171,344.76700816566046,344.6489019089789,343.7148649938532,9.051243874705255,0.2257442470664442
2021,362.822854025358,399.1051394278939,380.5318196201428,9011,380.19806908284903,380.0578164890162,381.15803684902187,10.336385656834985,0.19538332492544844
2021,399.1051394278939,439.01565337068325,418.58500158215713,6383,417.6161292205074,417.46721207716195,415.91068138525617,11.171633833216429,0.16848505834276112
2021,439.01565337068325,482.9172187077516,460.4435017403728,7791,457.89219714924326,457.74373955154505,454.02648507015834,11.720683892209596,0.14943149762837946
2021,482.9172187077516,531.2089405785268,506.48785191441016,6015,505.09472881200986,504.91219054311273,504.47387230017597,13.617540206101843,0.12617498947770617
2021,531.2089405785268,584.3298346363796,557.1366371058513,5496,560.008466092518,559.8357654893632,560.5265247779733,13.888493085489579,0.10821992638871891
2021,584.3298346363796,642.7628181000176,612.8503008164364,4015,611.7458331190252,611.5559983734344,612.7675968872804,15.259392454045953,0.09181410315728517
2021,642.7628181000176,707.0390999100194,674.1353308980802,4384,673.896185276046,673.7045905107833,672.6318297335679,16.068734726032282,0.07982913585848485
2021,707.0390999100194,777.7430099010214,741.5488639878882,2937,740.0756331710206,739.8639175094959,739.8950127069247,17.708253839042158,0.06674268588639505
2021,777.7430099010214,855.5173108911235,815.703750386677,3083,812.2291516997067,811.8732557128717,807.1581956802816,24.090046756836642,0.05797560021850551
2021,855.5173108911235,941.069041980236,897.2741254253448,2320,896.7369060300921,896.5306936412379,896.8424396447573,19.21592759878093,0.048772697557932315
2021,941.069041980236,1035.17594617826,987.0015379678795,1848,986.9288795896742,986.5269724209535,986.526683609233,28.1367313787504,0.04184738644131545
2021,1035.17594617826,1138.693540796086,1085.7016917646677,2305,1096.0893137955964,1095.6640336272562,1115.4477843081668,30.378965379267655,0.03633101793118271
2021,1138.693540796086,1252.5628948756944,1194.2718609411343,1460,1197.8319765241918,1197.396242269475,1195.7151826563727,32.2880832583275,0.02945048253299224
2021,1252.5628948756944,1377.8191843632642,1313.6990470352478,1416,1318.8688771014893,1318.381057422157,1335.5104979359992,35.77388775299476,0.025092312606155767
2021,1377.8191843632642,1515.6011027995908,1445.0689517387727,1142,1450.4997167698648,1449.9475323133415,1457.3689644227304,40.00002036191474,0.020865484786703404
2021,1515.6011027995908,1667.1612130795495,1589.5758469126501,850,1590.8921857229827,1590.418055663711,1576.8732195053947,38.94420244978663,0.017456560090506654
2021,1667.1612130795495,1833.8773343875048,1748.533431603915,1009,1739.2303662631357,1738.4773335282518,1726.4216963161577,51.28512731383239,0.014919269379677197
2021,1833.8773343875048,2017.2650678262553,1923.3867747643067,633,1913.5621103156798,1913.0278580003162,1905.790184245109,45.28505397981789,0.01190735605352788
2021,2017.2650678262553,2218.9915746088814,2115.7254522407375,591,2083.7731947673,2082.9332852096,2073.948141678501,59.41887104247535,0.010017820735933708
2021,2218.9915746088814,2440.8907320697695,2327.297997464812,655,2295.329932535788,2294.4016589783114,2253.316629607453,65.79949052138294,0.008253657429933463
2021,2440.8907320697695,2684.9798052767464,2560.027797211293,418,2545.0328703285527,2544.1416447822735,2540.978842123509,67.51111700280273,0.006298451058647236
2021,2684.9798052767464,2953.4777858044217,2816.0305769324223,376,2798.2450130714446,2796.955464019174,2802.6326238898664,85.15675536700829,0.0050507010384981624
2021,2953.4777858044217,3248.8255643848643,3097.6336346256653,278,3086.0864516486686,3085.2379979433767,3082.895886278853,72.50935476994476,0.003928323029943015
2021,3248.8255643848643,3573.7081208233503,3407.3969980882316,284,3387.126789182959,3386.28203912818,3363.15914866784,75.99891163199727,0.003098479715107029
2021,3573.7081208233503,3931.078932905686,3748.136697897055,192,3743.965688675282,3742.352231058888,3736.9182353897927,110.32345976125009,0.0022507261129004817
2021,3931.078932905686,4324.186826196255,4122.950367686762,107,4111.710367258344,4110.430440529037,4098.569949176541,103.24733920085642,0.0016775969170425339
2021,4324.186826196255,4756.605508815881,4535.245404455438,154,4503.915069547996,4503.038849004923,4484.212198223787,89.42309923018935,0.0013581967922675318
2021,4756.605508815881,5232.266059697469,4988.7699449009815,74,5011.379820094703,5009.405418413676,5026.0171370741755,141.40809955419203,0.0008984994164231365
2021,5232.266059697469,5755.492665667218,5487.646939391081,53,5561.163443849087,5559.63242045999,5605.265247779733,130.59283569376913,0.0006776058721862193
2021,5755.492665667218,6331.0419322339385,6036.411633330189,37,6079.040445760718,6076.809675234987,6053.686467602111,167.04211563910076,0.0005193983337462649
2021,6331.0419322339385,6964.146125457333,6640.052796663208,46,6658.289873802407,6656.065168407845,6726.31829733568,173.71175157771583,0.00040895156162780634
2021,6964.146125457333,7660.560738003068,7304.05807632953,23,7204.959208059132,7201.713300056992,7100.077384057632,222.0339039325785,0.0002716393584535064
2021,7660.560738003068,8426.616811803375,8034.463883962484,10,8058.129320208143,8054.9377414615865,7959.476651847221,239.8459748461045,0.00020298325686635642
2021,8426.616811803375,9269.278492983713,8837.910272358731,17,8741.576014655075,8740.385865581662,8789.055908518621,148.64680534001073,0.00017313277791542166
2021,9269.278492983713,10196.206342282085,9721.701299594606,9,9540.161451721107,9535.379928797758,9360.792963792155,323.9920893813745,0.00012238696369883256
2021,10196.206342282085,11215.826976510296,10693.871429554069,8,11041.812011601296,11037.86364059771,11210.530495559466,312.40592730325324,9.552153264299126e-05
2021,11215.826976510296,12337.409674161325,11763.258572509478,16,11676.440142954918,11673.593083335714,11771.05702033744,266.2466141484754,7.164114948224344e-05
2021,16421.09227630873,18063.201503939603,17222.58687601113,4,16703.6904383836,16700.585164281798,16535.532480950213,374.61739587333614,2.3880383160747815e-05
2021,19869.521654333563,21856.47381976692,20839.33011997347,2,21300.007941562988,21300.007941562977,21300.007941562988,0.0,1.1940191580373907e-05
2021,24042.121201743616,26446.33332191798,25215.5894451679,1,26277.48348159139,26277.483481591367,26277.48348159139,,5.970095790186954e-06
2021,62359.07059183291,68594.9776510162,65402.745000381445,1,67263.1829733568,67263.18297335683,67263.1829733568,,2.985047895093477e-06
2022,0.20892348007796865,0.22981582808576553,0.21912079449627392,6,0.20892348007796865,0.20892348007796865,0.20892348007796865,0.0,0.9885127350150527
2022,0.7933865679124026,0.8727252247036429,0.8321108524458767,5,0.8356939203118745,0.8356939203118746,0.8356939203118746,1.2412670766236366e-16,0.9884968062907842
2022,0.9599977471740072,1.0559975218914082,1.006854131459511,4,1.0446174003898432,1.0446174003898432,1.0446174003898432,0.0,0.9884835323538937
2022,2.0578404284674123,2.263624471314154,2.158281249498878,7,2.089234800779686,2.0892348007796864,2.0892348007796864,4.796711693331816e-16,0.9884729132043815
2022,2.4899869184455694,2.7389856102901264,2.611520311893643,8,2.716005241013592,2.716005241013592,2.716005241013592,0.0,0.988454329692735
2022,3.0128841713191394,3.3141725884510533,3.159939577391308,2,3.1338522011695296,3.1338522011695296,3.1338522011695296,0.0,0.9884330913937103
2022,3.3141725884510533,3.6455898472961588,3.475933535130439,3,3.5516991613254674,3.5516991613254674,3.551699161325467,5.438959822042073e-16,0.9884277818189541
2022,3.6455898472961588,4.010148832025775,3.8235268886434834,4,3.760622641403436,3.760622641403436,3.760622641403436,0.0,0.9884198174568198
2022,4.010148832025775,4.411163715228353,4.205879577507832,31,4.225645871254398,4.224758879808379,4.178469601559373,0.08879743438537621,0.9884091983073076
2022,4.411163715228353,4.852280086751189,4.626467535258616,3,4.805240041793279,4.805240041793279,4.805240041793279,0.0,0.9883268998985871
2022,4.852280086751189,5.337508095426308,5.089114288784478,18,5.2230870019492155,5.223087001949216,5.223087001949216,9.139280539960854e-16,0.9883189355364529
2022,5.337508095426308,5.87125890496894,5.598025717662926,8,5.640933962105153,5.6370636810580255,5.640933962105153,0.2233485950012145,0.9882711493636475
2022,5.87125890496894,6.458384795465834,6.15782828942922,31,6.26770440233906,6.267704402339061,6.267704402339059,9.02860049358913e-16,0.9882499110646228
2022,6.458384795465834,7.1042232750124175,6.773611118372141,64,6.8487728313059115,6.84749012030129,6.894474842572966,0.13144480701910438,0.9881676126559024
2022,7.1042232750124175,7.814645602513661,7.450972230209356,31,7.460590078913264,7.459982576850787,7.521245282806872,0.09640029706219631,0.9879977062637053
2022,7.814645602513661,8.596110162765028,8.196069453230294,103,8.18655500577361,8.184182484695091,8.148015723040778,0.19787284216188583,0.9879154078549849
2022,8.596110162765028,9.455721179041532,9.015676398553325,56,9.132940700551199,9.131238550455025,9.19263312343062,0.17689331780745257,0.9876419647550427
2022,9.455721179041532,10.401293296945685,9.917244038408656,3,10.237250523820464,10.237250523820464,10.237250523820464,0.0,0.9874932966618704
2022,10.401293296945685,11.441422626640254,10.908968442249522,235,10.479068339059642,10.478351998895464,10.446174003898433,0.12455877795641732,0.9874853322997361
2022,11.441422626640254,12.585564889304282,11.999865286474476,324,12.023417313375935,12.01950160586635,11.908638364444213,0.3084871271339516,0.9868614572658876
2022,12.585564889304282,13.84412137823471,13.199851815121924,123,13.14349503124652,13.139517940325952,13.162179244912025,0.3254356451758717,0.9860013061553901
2022,13.84412137823471,15.228533516058183,14.519836996634119,674,14.152240959109399,14.148876789474944,13.997873165223899,0.31294943149162935,0.9856747673078863
2022,15.228533516058183,16.751386867664003,15.97182069629753,1249,16.4870567577301,16.481511367654427,16.71387840623749,0.42233585766149967,0.9838854406150611
2022,16.751386867664003,18.426525554430402,17.569002765927287,360,17.84554725665982,17.841370235443573,17.967419286705304,0.38632318905428026,0.9805696111798407
2022,18.426525554430402,20.269178109873447,19.325903042520014,332,19.2064865525894,19.200454484587652,19.220960167173114,0.48413519099776264,0.9796138877237323
2022,20.269178109873447,22.296095920860793,21.25849334677202,2806,20.956901342518037,20.955466028985043,20.892348007796866,0.248711344570767,0.97873249831421
2022,22.296095920860793,24.52570551294687,23.384342681449223,942,23.575750540135868,23.566604134816988,23.608353248810456,0.6552477406970116,0.9712831649313206
2022,24.52570551294687,26.978276064241562,25.722776949594145,1406,25.53190548893087,25.523959730887064,25.070817609356236,0.6410750130576266,0.9687823552211703
2022,26.978276064241562,29.67610367066572,28.295054644553563,2934,28.076780727287858,28.070243099819383,27.78682285036983,0.610771839320593,0.9650497241675914
2022,29.67610367066572,32.643714037732295,31.12456010900892,2416,31.243486041245923,31.23987704280442,31.338522011695296,0.4714819149911446,0.957260578000308
2022,32.643714037732295,35.90808544150553,34.23701611990982,1767,34.31370114536928,34.3031735950772,34.47237421286483,0.8493175614645891,0.9508466116948694
2022,35.90808544150553,39.49889398565608,37.6607177319008,2059,37.563812613804835,37.54974071220677,37.60622641403436,1.03184083343943,0.9461556023978039
2022,39.49889398565608,43.4487833842217,41.42678950509089,4904,41.74230636170353,41.73925142800773,41.78469601559373,0.5005263955126948,0.9406893951863395
2022,43.4487833842217,47.79366172264387,45.569468455599974,2221,45.86053818952362,45.8452700145633,45.96316561715311,1.1793772403181169,0.9276703178842407
2022,47.79366172264387,52.573027894908265,50.12641530115998,4905,50.60003164941565,50.57861738690708,50.559482178868414,1.4678262060392664,0.9217740351175274
2022,52.573027894908265,57.830330684399094,55.13905683127599,4065,55.72999138989026,55.71358963423665,55.782569180817624,1.3459095416220566,0.9087523030280504
2022,57.830330684399094,63.613363752839,60.65296251440358,8275,62.1612365674398,62.14142536640347,62.67704402339059,1.5490038120149423,0.8979605923361598
2022,63.613363752839,69.9747001281229,66.71825876584394,5354,67.57289301563979,67.55678040516663,67.2733605851059,1.4722279987905358,0.875992226782557
2022,69.9747001281229,76.9721701409352,73.39008464242835,5989,74.01238993974641,73.98694267388291,73.54106498744495,1.9368343120527771,0.8617784951603226
2022,76.9721701409352,84.66938715502874,80.72909310667119,13370,82.78549925795551,82.7548897745446,83.56939203118746,2.224546130834508,0.8458789735530081
2022,84.66938715502874,93.13632587053162,88.80200241733833,5633,89.38149266479267,89.35796692284372,89.41924947337058,2.0472698155982956,0.8103844663080934
2022,93.13632587053162,102.44995845758478,97.68220265907216,10107,97.59378630306416,97.55533559362584,97.56726519641136,2.7402344157356593,0.795430049007375
2022,102.44995845758478,112.69495430334328,107.45042292497938,11520,107.57241479158272,107.52549983055694,106.96882179991995,3.1847083747709717,0.7685981129771317
2022,112.69495430334328,123.96444973367763,118.19546521747733,8544,117.61205974646217,117.57498854476766,117.41499580381839,2.958978273678292,0.7380149623816629
2022,123.96444973367763,136.3608947070454,130.0150117392251,22337,128.18602678538022,128.145295886157,126.60762892724901,3.263633066395616,0.7153324590233568
2022,136.3608947070454,149.99698417774994,143.0165129131476,11642,143.04858959727056,142.999223484059,142.6947368932526,3.7548330595655104,0.6560324733592087
2022,149.99698417774994,164.99668259552493,157.31816420446236,12787,156.71898078631304,156.67180903404588,156.6926100584765,3.851563779324322,0.6251254387036143
2022,164.99668259552493,181.49635085507745,173.0499806249086,18963,171.56408811247445,171.5055678052609,168.81017190299866,4.510146445903615,0.5911786725001195
2022,181.49635085507745,199.64598594058523,190.3549786873995,14526,190.47471409514813,190.4117889974785,189.49359643071756,4.897905776076087,0.5408359394496095
2022,199.64598594058523,219.61058453464375,209.39047655613948,14996,209.37381633897428,209.31346702790594,208.92348007796863,5.03182928991705,0.5022724979956356
2022,219.61058453464375,241.57164298810815,230.3295242117534,13466,230.1513065062115,230.0698079247792,229.8158280857655,6.130720353742369,0.4624613064739645
2022,241.57164298810815,265.728807286919,253.36247663292878,30014,253.7144216699305,253.67403972266854,253.21525785449802,4.531936066999279,0.42671193964075416
2022,265.728807286919,292.3016880156109,278.6987242962217,11913,278.1762209621159,278.0996762407989,278.4949989439322,6.525624565947786,0.3470311512750944
2022,292.3016880156109,321.53185681717207,306.5685967258439,15170,306.0470893094999,305.9119256731072,308.16213311500377,9.07360780824287,0.31540466924004057
2022,321.53185681717207,353.6850424988893,337.2254563984283,11356,337.39771409197624,337.29272810485537,335.5311090052176,8.414225361668514,0.2751315447145838
2022,353.6850424988893,389.05354674877816,370.94800203827117,12066,371.22767507660996,371.0841902013933,371.88379453878423,10.314298141731973,0.24498377924911993
2022,389.05354674877816,427.9589014236561,408.0428022420983,10444,410.1063892282075,409.9708137549154,417.84696015593727,10.495078843492916,0.21295111474522005
2022,427.9589014236561,470.75479156602177,448.8470824663082,8907,449.9026055039326,449.71411346338107,449.18548216763264,13.02554346114221,0.18522451536856413
2022,470.75479156602177,517.8302707226238,493.731790712939,7799,495.9197010643195,495.76545499497786,497.44680606564333,12.346928874914186,0.16157832419201545
2022,517.8302707226238,569.6132977948863,543.1049697842328,7960,539.1667515504139,538.928237472622,536.5154968402235,16.08588600343764,0.1408736374303782
2022,569.6132977948863,626.574627574375,597.4154667626563,4994,592.9797238473107,592.7959755238095,591.8802190608852,14.794485938433315,0.11974152990087024
2022,626.574627574375,689.2320903318126,657.1570134389219,6438,646.7088406461185,646.4055913026264,642.4397012397536,19.89583601039805,0.10648352173474426
2022,689.2320903318126,758.1552993649939,722.8727147828142,5063,720.732362080941,720.4416573270904,724.3377054303173,20.4795433460819,0.08939200059467237
2022,758.1552993649939,833.9708293014934,795.1599862610957,3593,789.3833241927829,789.1536534035032,783.4630502923825,19.099837587620357,0.07595081209945895
2022,833.9708293014934,917.3679122316428,874.6759848872053,4301,863.5182434939395,863.104609706905,857.8398092001394,26.825412979368313,0.0664121610500215
2022,917.3679122316428,1009.1047034548072,962.143583375926,2820,959.4239616895818,959.0760484676416,955.8249213567066,25.88981891967339,0.054993920536904196
2022,1009.1047034548072,1110.0151738002878,1058.3579417135186,3162,1054.5674306834617,1054.2641235112997,1044.6174003898434,25.4042936503961,0.047507420130721734
2022,1110.0151738002878,1221.016691180317,1164.1937358848706,2102,1162.1600164355361,1161.7689703280073,1159.5253144327262,30.180746095672102,0.03911298244123628
2022,1221.016691180317,1343.1183602983488,1280.613109473358,2090,1277.0920546589168,1276.6955945344123,1264.6138249119442,31.921101535073294,0.033532619372514456
2022,1343.1183602983488,1477.4301963281835,1408.6744204206937,1867,1410.737391131961,1410.135659734524,1410.2334905262883,41.231334805394724,0.027984113752329575
2022,1477.4301963281835,1625.1732159610021,1549.5418624627632,1398,1551.2619206935972,1550.7649419830468,1566.926100584765,39.23885777778087,0.02302762571745629
2022,1625.1732159610021,1787.6905375571025,1704.4960487090398,1261,1706.8938973046606,1706.2575031872473,1697.5032756334954,46.68984665736299,0.019316232962902
2022,1787.6905375571025,1966.4595913128128,1874.9456535799438,1038,1874.9533794303543,1874.3484730425887,1880.311320701718,47.66912270616132,0.01596854607914452
2022,1966.4595913128128,2163.105550444094,2062.440218937938,1042,2067.1661053077655,2066.584496788282,2089.234800779687,48.94160205166938,0.013212876780698634
2022,2163.105550444094,2379.416105488504,2268.684240831732,761,2271.121496046146,2270.311409019308,2287.712106853757,60.64349628315717,0.01044658833274043
2022,2379.416105488504,2617.3577160373543,2495.5526649149056,675,2508.941025150184,2507.939719200174,2507.081760935624,70.894109085601,0.008426295138022396
2022,2617.3577160373543,2879.09348764109,2745.1079314063963,451,2743.025856688688,2742.1136116110333,2746.299145624898,70.78339982806921,0.006634313657819145
2022,2879.09348764109,3167.0028364051996,3019.6187245470364,531,3028.116854153121,3026.739194709632,3029.3904611305456,91.41374562058552,0.005437004550305566
2022,3167.0028364051996,3483.70312004572,3321.5805970017404,257,3352.717837517357,3351.4250639449024,3342.775681247498,93.08648741576272,0.004027312452545675
2022,3483.70312004572,3832.073432050292,3653.738656701915,275,3657.321756191939,3656.081378953557,3656.1609013644515,95.48004245577482,0.003345032096379401
2022,3832.073432050292,4215.280775255322,4019.1125223721065,258,4069.73869645461,4068.2907400407316,4084.454035524287,108.24345242413503,0.0026149655674077062
2022,4215.280775255322,4636.808852780855,4421.023774609318,143,4420.4848076776625,4418.685369855737,4387.393081637341,126.80195507682534,0.0019300304238633527
2022,4636.808852780855,5100.48973805894,4863.12615207025,123,4842.550717918424,4840.636105844961,4805.240041793279,136.9155409982685,0.0015503958287980716
2022,5100.48973805894,5610.538711864835,5349.4387672772755,136,5326.299809713912,5324.552445277493,5265.289544924965,137.41921843709554,0.0012238569812943682
2022,5610.538711864835,6171.592583051319,5884.382644005003,57,5844.550052724299,5843.156433663988,5849.857442183122,129.11991350514597,0.0008628058978756391
2022,6171.592583051319,6788.751841356451,6472.820908405504,63,6402.818201526626,6401.051785751182,6372.166142378043,152.4817941791172,0.0007114830173251425
2022,6788.751841356451,7467.627025492096,7120.102999246055,51,7151.729287708972,7149.534539694693,7155.629192670426,178.2789420026917,0.0005442314125061724
2022,7467.627025492096,8214.389728041306,7832.11329917066,21,7777.405366856755,7774.501191944133,7730.168762884839,219.00678123263947,0.000408837256224149
2022,8214.389728041306,9035.828700845439,8615.324629087727,30,8529.579638823176,8525.858294076495,8391.829424291767,258.2592295074828,0.0003530867212844923
2022,9035.828700845439,9939.411570929982,9476.857091996502,24,9531.367725797034,9529.409771813383,9558.249213567065,197.37522915892774,0.00027344309994212565
2022,9939.411570929982,10933.352728022981,10424.542801196152,29,10482.382604273327,10479.966430859602,10446.174003898434,229.5731934520737,0.00020972820286823229
2022,10933.352728022981,12026.688000825281,11466.997081315769,4,11475.122143282428,11472.514522684784,11490.791404288277,282.04669810525763,0.0001327393689039445
2022,12026.688000825281,13229.35680090781,12613.696789447346,10,12828.44487783548,12822.71016109934,13090.518491245282,401.8771675600429,0.00012212021939162892
2022,13229.35680090781,14552.292480998593,13875.066468392082,4,13710.603380116692,13710.329215152833,13736.718815126438,100.01450163671818,9.557234561084002e-05
2022,14552.292480998593,16007.521729098453,15262.573115231291,7,15481.588028314753,15480.06716564101,15669.26100584765,234.06932756127307,8.495319609852447e-05
2022,16007.521729098453,17608.273902008303,16788.830426754423,5,16943.69423432326,16940.984074000233,16818.340146276478,341.7032775846657,6.636968445197225e-05
2022,17608.273902008303,19369.101292209132,18467.713469429866,10,18627.617483751685,18620.718039338008,18625.528248950908,531.8961848867692,5.309574756157779e-05
2022,19369.101292209132,21306.011421430045,20314.484816372853,5,20942.991059367767,20942.747312247953,20892.348007796867,113.24130590055793,2.6547873780788896e-05
2022,21306.011421430045,23436.612563573053,22345.93329801014,2,21362.425837972296,21362.42583797229,21362.425837972296,0.0,1.3273936890394448e-05
2022,23436.612563573053,25780.27381993036,24580.526627811156,2,25070.81760935624,25070.81760935622,25070.81760935624,0.0,7.964362134236669e-06
2022,37744.89889976005,41519.38878973606,39587.18393935616,1,40740.078615203885,40740.0786152039,40740.078615203885,,2.65478737807889e-06
2023,1.709903129576842,1.8808934425345265,1.7933615318140252,6,1.709903129576842,1.709903129576842,1.709903129576842,0.0,0.9872590008278124
2023,2.0689827867879793,2.2758810654667774,2.1699674534949707,5,2.1373789119710525,2.1373789119710525,2.1373789119710525,0.0,0.9872433324541635
2023,2.753816089214801,3.0291976981362816,2.888226680601807,11,2.7785925855623685,2.7785925855623685,2.7785925855623685,0.0,0.9872302754761227
2023,3.0291976981362816,3.33211746794991,3.177049348661988,4,3.206068367956579,3.206068367956579,3.206068367956579,0.0,0.987201550124433
2023,3.33211746794991,3.6653292147449013,3.4947542835281875,21,3.6335441503507893,3.633544150350791,3.63354415035079,9.101120538054985e-16,0.9871911045420004
2023,3.6653292147449013,4.031862136219392,3.844229711881006,6,3.847282041547895,3.847282041547895,3.847282041547895,0.0,0.9871362652342291
2023,4.031862136219392,4.435048349841331,4.228652683069107,14,4.274757823942104,4.274757823942106,4.274757823942105,9.217063053461964e-16,0.9871205968605802
2023,4.435048349841331,4.878553184825464,4.651517951376018,11,4.702233606336316,4.702233606336317,4.702233606336317,9.315293853352739e-16,0.9870840373220661
2023,4.878553184825464,5.366408503308011,5.11666974651362,38,5.287200466454711,5.285626694140681,5.343447279927632,0.12847561816763547,0.9870553119703763
2023,5.903049353638814,6.493354289002695,6.191170393281482,13,6.28060572594571,6.277450857601198,6.412136735913158,0.2053527234935101,0.9869560789372664
2023,6.493354289002695,7.142689717902965,6.81028743260963,27,7.053350409504474,7.053350409504476,7.053350409504474,0.0,0.9869221307943604
2023,7.142689717902965,7.856958689693262,7.491316175870594,3,7.26708830070158,7.267088300701582,7.26708830070158,0.0,0.9868516231129403
2023,7.856958689693262,8.64265455866259,8.240447793457655,49,8.3750357367029,8.37238335315002,8.54951564788421,0.21227891242933863,0.9868437889261158
2023,8.64265455866259,9.506920014528848,9.06449257280342,24,9.34212699440681,9.341618607083108,9.404467212672634,0.09923970440770753,0.9867158305413162
2023,9.506920014528848,10.457612015981734,9.970941830083762,10,9.874690573306264,9.872456764619457,10.045680886263948,0.22074754481596867,0.9866531570467205
2023,10.457612015981734,11.50337321757991,10.96803601309214,141,10.708116761818097,10.707287504673454,10.686894559855263,0.1359138790878526,0.986627043090639
2023,11.50337321757991,12.6537105393379,12.064839614401356,37,12.015535505134567,12.00966642593047,11.75558401584079,0.3841179574226945,0.9862588363098891
2023,12.6537105393379,13.919081593271692,13.27132357584149,105,13.117399722610918,13.112494947404096,12.824273471826316,0.3621157464466562,0.9861622146723874
2023,13.919081593271692,15.310989752598863,14.598455933425642,116,14.54891714562365,14.545337716732547,14.320438710206055,0.32595113772323264,0.9858880181335311
2023,15.310989752598863,16.842088727858748,16.058301526768204,275,16.076975561498628,16.076007555334762,16.030341839782896,0.1784101439265971,0.9855850962429852
2023,16.842088727858748,18.52629760064463,17.66413167944503,318,17.955327124023494,17.947615367443028,18.381458642951056,0.5235470409195272,0.9848669624507426
2023,18.52629760064463,20.378927360709092,19.430544847389534,156,19.473440048618315,19.46562193363784,19.45014809893658,0.5528864164112481,0.9840365386473493
2023,20.378927360709092,22.416820096780004,21.373599332128492,954,21.375133383177175,21.37488624598388,21.373789119710526,0.10268550908776873,0.9836291609324771
2023,22.416820096780004,24.658502106458005,23.51095926534134,363,23.73609330561352,23.726045869493532,24.152381705272898,0.687377756857343,0.9811378895222974
2023,24.658502106458005,27.124352317103806,25.862055191875477,1628,25.747538571393797,25.743667787210914,25.648546943652633,0.44915345406604174,0.9801899529165372
2023,27.124352317103806,29.836787548814186,28.448260711063025,552,28.378738738635946,28.373075704886425,28.427139529215005,0.5683997304332938,0.9759386008664611
2023,29.836787548814186,32.82046630369561,31.29308678216933,3294,31.8421441478257,31.836321477422548,32.06068367956579,0.5995686980072077,0.9744971104907596
2023,32.82046630369561,36.102512934065174,34.42239546038626,1154,34.71221890519644,34.703208328530394,34.83927626512816,0.7907208310301591,0.9658951733574974
2023,36.102512934065174,39.712764227471695,37.8646350064249,1693,37.83047050974306,37.82021574993963,37.617868850690535,0.8804815590988844,0.9628816228256867
2023,39.712764227471695,43.68404065021887,41.65109850706739,5150,42.28225217415854,42.27068640771697,42.74757823942105,0.9767646601012545,0.9584605300610806
2023,43.68404065021887,48.05244471524076,45.81620835777413,1961,46.10536672188369,46.09600423505528,46.381122389771846,0.9263919811510428,0.945011842679083
2023,48.05244471524076,52.85768918676484,50.397829193551544,2962,49.99020430341911,49.96979154933552,49.80092864892553,1.428629421000534,0.9398908958914913
2023,52.85768918676484,58.143458105441326,55.437612112906706,4997,55.29451000892158,55.2708676361717,55.57185171124737,1.617089140165053,0.9321559421001365
2023,58.143458105441326,63.957803915985465,60.98137332419738,2767,60.28868468926285,60.271792944832384,59.84660953518948,1.4330489379769888,0.9191067982461867
2023,63.957803915985465,70.35358430758401,67.07951065661713,9143,66.04435381784126,66.00578770278078,64.12136735913158,2.270936290456964,0.9118810665984222
2023,70.35358430758401,77.38894273834244,73.78746172227885,6467,73.13319406655887,73.09833375079215,72.6708830070158,2.263787964797355,0.8880050765530623
2023,77.38894273834244,85.12783701217668,81.16620789450674,6020,80.68445621841822,80.66583041824866,80.5791849813087,1.7349557451406246,0.8711171811551247
2023,85.12783701217668,93.64062071339434,89.28282868395742,9492,88.88102858270355,88.83106024632903,89.1287006291929,2.9840104077704916,0.8553965795940325
2023,93.64062071339434,103.0046827847338,98.21111155235317,11923,98.03066957564512,97.97743835473223,97.46447838588001,3.2336390874088794,0.8306092124814265
2023,103.0046827847338,113.30515106320719,108.0322227075885,10809,108.73672487979178,108.69860110742579,107.72389716334106,2.879932656695676,0.7994735426453959
2023,113.30515106320719,124.63566616952792,118.83544497834737,8892,118.74969079292056,118.70090602157156,118.19705383199921,3.406175474026381,0.7712469675168501
2023,124.63566616952792,137.0992327864807,130.71898947618212,13454,131.39872862263616,131.34902893765226,129.7388999566429,3.6199086288766043,0.7480264377691369
2023,137.0992327864807,150.80915606512878,143.7908884238003,21115,142.91042790905254,142.86037585153403,141.0670081900895,3.8069520739588922,0.7128927212570214
2023,150.80915606512878,165.8900716716417,158.16997726618035,11847,159.08799725710415,159.03439899583375,160.30341839782895,4.119376180096143,0.6577531029908313
2023,165.8900716716417,182.4790788388059,173.98697499279842,13313,174.20397525807797,174.14623804166487,173.12769186965528,4.489391015177281,0.6268158992210207
2023,182.4790788388059,200.72698672268646,191.38567249207827,16326,190.42560178267075,190.36651986428612,188.08934425345265,4.761884589701312,0.5920503894896549
2023,200.72698672268646,220.79968539495516,210.52423974128612,17004,210.72228134052358,210.65338978919945,211.60051228513422,5.381523545546391,0.5494167447909186
2023,220.79968539495516,242.8796539344507,231.57666371541478,13028,231.8624640632399,231.77809341793983,231.0506603840708,6.254866217720244,0.5050125738698533
2023,242.8796539344507,267.16761932789575,254.73433008695625,12522,254.34718586809197,254.26976975198585,256.48546943652633,6.271382219128621,0.47099131188681165
2023,267.16761932789575,293.88438126068536,280.2077630956519,32038,279.9666562558027,279.9070111401914,282.134016380179,5.757281890081156,0.4382914160814964
2023,293.88438126068536,323.2728193867539,308.2285394052171,16356,309.7772542904626,309.64066168521316,309.9199422358027,9.18583344861798,0.3546275235874308
2023,323.2728193867539,355.60010132542936,339.0513933457388,12393,340.1497719400751,340.0235665615619,341.9806259153684,9.262722805662241,0.31191553702044983
2023,355.60010132542936,391.1601114579723,372.95653268031276,12925,372.0075336143635,371.85067611850485,374.04130959493426,10.802953973603366,0.2795525112485866
2023,391.1601114579723,430.2761226037696,410.25218594834405,13648,414.5041412819853,414.32044932656754,416.7888878343553,12.290655469594666,0.24580022301318494
2023,430.2761226037696,473.30373486414663,451.27740454317853,8676,453.3772377277928,453.2232089735384,454.1930187938487,11.802668982813577,0.21015989575308733
2023,473.30373486414663,520.6341083505613,496.4051449974964,8374,496.13084845454654,495.9606816950782,496.94059703326974,13.006949270985427,0.1875034274567357
2023,520.6341083505613,572.6975191856175,546.0456594972461,10621,547.4832189048636,547.2741550588079,545.0316225526185,15.141539141030798,0.16563560063404686
2023,572.6975191856175,629.9672711041793,600.6502254469708,5776,599.808728992183,599.6169312057098,598.4660953518948,15.191059087257996,0.13789996787983402
2023,629.9672711041793,692.9639982145973,660.7152479916679,7113,655.3074533793653,655.0788478791859,647.6258103272289,17.38904150970045,0.12281654684713152
2023,692.9639982145973,762.260398036057,726.7867727908347,5909,723.8984426620602,723.6143313605554,719.6554796606536,20.30014009282477,0.10424168988632596
2023,762.260398036057,838.4864378396628,799.4654500699182,4248,799.4619780141104,799.2064473095319,801.5170919891448,20.20989995723602,0.08881095323773884
2023,838.4864378396628,922.3350816236292,879.4119950769102,4337,872.985188052984,872.668821667308,859.2263226123632,23.62989035711986,0.07771774469429697
2023,922.3350816236292,1014.5685897859922,967.3531945846013,3484,965.424300554193,965.0678786808302,961.8205103869738,26.235434083813388,0.06639212194172932
2023,1014.5685897859922,1116.0254487645914,1064.0885140430614,4057,1063.0063040168043,1062.710706973061,1068.6894559855264,25.011073525055863,0.05729401964291776
2023,1116.0254487645914,1227.6279936410506,1170.4973654473677,2467,1168.1559834957611,1167.7502022041685,1175.558401584079,30.802184384392703,0.04669958766063347
2023,1227.6279936410506,1350.3907930051557,1287.5471019921044,2502,1284.2645362665983,1283.8225695589945,1282.4273471826316,33.718210182305725,0.04025727469531542
2023,1350.3907930051557,1485.4298723056716,1416.301812191315,1932,1411.3607473536606,1410.9085337330714,1416.0135291808224,35.74895988667086,0.03372356288371194
2023,1485.4298723056716,1633.972859536239,1557.9319934104467,2018,1551.633610447922,1550.9307904771365,1549.5997111790134,46.71493767720933,0.02867834656875674
2023,1633.972859536239,1797.370145489863,1713.7251927514917,1568,1716.1336981551822,1715.49418228196,1709.9031295768423,46.85934782996496,0.023408550231500222
2023,1797.370145489863,1977.1071600388495,1885.0977120266411,1229,1884.5264649487717,1883.8045860114787,1880.8934425345265,52.15867440385844,0.01931388191791339
2023,1977.1071600388495,2174.8178760427345,2073.607483229305,1269,2096.507477443251,2095.799904509251,2137.3789119710527,54.16776784275124,0.01610447671549106
2023,2174.8178760427345,2392.299663647008,2280.968231552236,862,2282.974088802722,2282.159651917274,2279.942085399522,60.96976863352715,0.012790615688742535
2023,2392.299663647008,2631.5296300117093,2509.0650547074597,739,2507.5223250035197,2506.5699701380518,2507.7866774156364,69.13965213026921,0.01053959267451304
2023,2631.5296300117093,2894.6825930128803,2759.971560178206,690,2757.014661268312,2755.8790607424708,2754.5470728026944,79.28635205417977,0.008609771320086593
2023,2894.6825930128803,3184.1508523141683,3035.9687161960264,477,3013.6401893206075,3012.8357111185237,2992.330476759474,69.95529098349718,0.006807908350459736
2023,3184.1508523141683,3502.5659375455857,3339.5655878156294,530,3296.4036794734357,3294.9900028941806,3261.6402196678264,97.1970797898579,0.005562272645369865
2023,3502.5659375455857,3852.822531300145,3673.522146597193,364,3675.941762152976,3674.3679654627335,3675.223039134225,107.70631329583983,0.004178232973047786
2023,3852.822531300145,4238.104784430159,4040.874361256913,230,4042.936777854547,4041.8207028705933,4061.0199327450005,95.12533501243776,0.0032276849716794146
2023,4238.104784430159,4661.915262873175,4444.961797382604,301,4389.130318697734,4387.330083804494,4324.558752591031,126.62817295260487,0.0026270639818037956
2023,4661.915262873175,5128.1067891604935,4889.457977120865,149,4872.236995340017,4870.490798131594,4862.537024734145,131.0494223225497,0.0018410339037491807
2023,5128.1067891604935,5640.917468076544,5378.403774832952,154,5329.201788270184,5327.324288994637,5343.447279927632,142.1649892549188,0.0014519359581341056
2023,5640.917468076544,6205.009214884198,5916.244152316247,96,5960.009850067548,5957.291231285898,5984.660953518948,180.7201096598533,0.0010497810344782563
2023,6205.009214884198,6825.510136372618,6507.868567547872,77,6449.557521773265,6448.454128332034,6412.136735913158,120.8598267170755,0.000799087056095389
2023,6825.510136372618,7508.061150009881,7158.65542430266,70,7145.495867797992,7142.476322458508,7124.52512727311,209.85183933837249,0.0005980095942674644
2023,7508.061150009881,8258.867265010871,7874.520966732927,38,7839.24213671084,7836.738888476749,7837.127256524259,200.83016880778104,0.00041521190169662375
2023,8258.867265010871,9084.753991511958,8661.973063406222,40,8727.420381622122,8724.294033757007,8667.071488042619,236.74032986770962,0.0003159788685867388
2023,9084.753991511958,9993.229390663153,9528.170369746844,11,9638.587926402988,9637.63365500357,9618.205103869737,142.7191543379439,0.00021152304426054415
2023,9993.229390663153,10992.552329729471,10480.987406721528,9,10724.892407179193,10724.616634457374,10686.894559855264,81.93285829222411,0.00018279769257084063
2023,10992.552329729471,12091.807562702417,11529.086147393682,12,11701.080853585527,11698.235293587197,11826.865602555024,268.2438325724488,0.00015929513209744683
2023,12091.807562702417,13300.98831897266,12681.99476213305,9,12901.789080367134,12896.57256633294,13144.880308621974,387.5020220917452,0.00012795838479958844
2023,13300.98831897266,14631.08715086993,13950.194238346357,3,13664.975843868264,13658.206856484052,13358.61819981908,530.6270047802888,0.00010445582432619465
2023,14631.08715086993,16094.195865956923,15345.213662180995,6,15317.88220245921,15309.721882116104,14961.652383797371,551.8688620399201,9.662163750173004e-05
2023,16094.195865956923,17703.615452552614,16879.735028399096,4,16820.1033477562,16815.174357238284,16820.1033477562,470.1602065611397,8.095326385280085e-05
2023,17703.615452552614,19473.97699780788,18567.708531239008,13,18853.326141209276,18845.266101700083,19220.37986589969,569.7285318463015,7.050768142018138e-05
2023,19473.97699780788,21421.374697588668,20424.47938436291,3,21373.789119710527,21373.789119710542,21373.789119710527,0.0,3.655953851416813e-05
2023,23563.512167347537,25919.863384082295,24713.62005507912,2,24259.25065087145,24259.250650871436,24259.25065087145,0.0,2.8725351689703527e-05
2023,25919.863384082295,28511.84972249053,27184.98206058704,2,27946.229274021513,27946.2292740215,27946.229274021513,0.0,2.3502560473393797e-05
2023,28511.84972249053,31363.03469473958,29903.480266645747,3,29638.320912665265,29637.638035284694,29495.82898520053,246.80325803734462,1.8279769257084063e-05
2023,34499.33816421354,37949.271980634905,36183.21112264136,4,35865.91279102066,35863.46803316308,35623.05311214795,485.71935774542,1.0445582432619465e-05
2024,0.7436305219580646,0.8179935741538711,0.7799262711990063,3,0.7436305219580644,0.7436305219580646,0.7436305219580646,1.3597399555105182e-16,0.9893402704097538
2024,1.7534418722081446,1.9287860594289592,1.8390253503239382,1,1.8590763048951613,1.8590763048951613,1.8590763048951613,,0.9893324111842019
2024,2.121664665371855,2.3338311319090406,2.2252206738919655,5,2.2308915658741935,2.230891565874194,2.2308915658741935,0.0,0.9893297914423512
2024,2.3338311319090406,2.567214245099945,2.447742741281162,4,2.4167991963637094,2.4167991963637094,2.4167991963637094,0.0,0.9893166927330981
2024,3.106329236570934,3.4169621602280276,3.2579455886452275,3,3.160429718321774,3.1604297183217738,3.160429718321774,0.0,0.9893062137656955
2024,3.4169621602280276,3.758658376250831,3.583740147509751,7,3.7181526097903226,3.718152609790322,3.7181526097903226,0.0,0.9892983545401436
2024,4.547976635263506,5.002774298789857,4.76995813633548,26,4.647690762237902,4.647690762237904,4.647690762237903,9.057678187205882e-16,0.9892800163471891
2024,5.002774298789857,5.503051728668843,5.246953949969027,3,5.205413653706452,5.205413653706452,5.205413653706452,0.0,0.9892119030590726
2024,5.503051728668843,6.053356901535728,5.7716493449659305,9,5.577228914685484,5.577228914685484,5.577228914685484,0.0,0.9892040438335207
2024,6.053356901535728,6.658692591689301,6.348814279462524,23,6.167283567978295,6.16642212851068,6.1349518061540325,0.10712148831045022,0.989180466156865
2024,6.658692591689301,7.324561850858232,6.983695707408778,19,6.927505388767233,6.9251611202237875,7.064489958601613,0.18426964586907366,0.9891202120943002
2024,7.324561850858232,8.057018035944056,7.682065278149656,11,7.436305219580645,7.43630521958064,7.436305219580645,0.0,0.9890704369991381
2024,8.057018035944056,8.862719839538462,8.450271805964622,16,8.272889556783468,8.272367327855337,8.272889556783468,0.09600228757583747,0.9890416198387811
2024,8.862719839538462,9.74899182349231,9.295298986561084,94,9.295381524475806,9.295140887976887,9.295381524475806,0.06677999224630327,0.9889997039691709
2024,9.74899182349231,10.72389100584154,10.224828885217194,13,10.325023785648511,10.324607447731301,10.410827307412903,0.09646273284370721,0.9887534482352109
2024,10.72389100584154,11.796280106425694,11.247311773738915,57,11.115319380846861,11.11311481480235,11.154457829370967,0.22423937781504466,0.9887193915911526
2024,11.796280106425694,12.975908117068265,12.372042951112805,69,12.372287524751567,12.3702471177604,12.455811242797582,0.2243981338238865,0.9885700663056662
2024,12.975908117068265,14.273498928775094,13.609247246224088,111,13.752140125670422,13.7480537869776,13.94307228671371,0.333937697178295,0.9883893041179722
2024,14.273498928775094,15.700848821652604,14.970171970846499,81,14.985073079827787,14.983712887487389,14.87261043916129,0.20508698426602237,0.9880985127725513
2024,15.700848821652604,17.270933703817867,16.46718916793115,113,16.172318652318083,16.169771595270802,15.988056222098388,0.2902434906982043,0.9878863136826497
2024,17.270933703817867,18.998027074199655,18.113908084724265,499,18.49315222893507,18.490255331515957,18.59076304895161,0.32183296732540484,0.9875902828535276
2024,18.998027074199655,20.897829781619624,19.925298893196697,137,20.114662822964213,20.11084715692095,20.078024092867743,0.39232768825335484,0.9862830316700593
2024,20.897829781619624,22.987612759781587,21.91782878251637,645,22.09706742864923,22.09250434431619,22.308915658741935,0.4458174335648617,0.9859241270365218
2024,22.987612759781587,25.286374035759746,24.109611660768003,545,24.11136688719442,24.101552486099106,24.167991963637096,0.6875847170682614,0.9842343935428602
2024,25.286374035759746,27.815011439335724,26.52057282684481,393,26.323668991984995,26.319332391007446,26.027068268532258,0.4806849182251309,0.9828066342342625
2024,27.815011439335724,30.5965125832693,29.17263010952929,2247,28.53975840558905,28.524202241078335,27.88614457342742,0.951650193587825,0.9817770756869618
2024,30.5965125832693,33.65616384159623,32.08989312048222,1526,32.27848645394447,32.267766290593336,32.53383533566532,0.8308464314239544,0.9758905157485781
2024,33.65616384159623,37.02178022575586,35.29888243253045,1074,35.10399967226527,35.096889731303285,34.950634532029035,0.7093831022449609,0.9718927896845045
2024,37.02178022575586,40.72395824833144,38.828770675783495,4153,38.01410399808971,37.994123754414545,37.18152609790322,1.2457249360757077,0.9690791869369192
2024,40.72395824833144,44.79635407316459,42.711647743361844,2713,42.949390850414666,42.93276914738068,43.31647790405726,1.1926317022839594,0.9581993990312194
2024,44.79635407316459,49.275989480481066,46.98281251769804,2811,47.032910984003145,47.02079533755762,46.47690762237904,1.072553500036128,0.9510920393904385
2024,49.275989480481066,54.20358842852917,51.68109376946785,3872,51.52075640609654,51.501327701828885,51.68232127608548,1.414381124470411,0.9437279450482949
2024,54.20358842852917,59.62394727138209,56.84920314641464,5639,56.553997929712956,56.53619591597933,55.77228914685484,1.4300736163307062,0.9335843046026244
2024,59.62394727138209,65.5863419985203,62.5341234610561,4880,62.7221106694373,62.69474653036724,62.27905621398791,1.8543557913222684,0.9188115803068766
2024,65.5863419985203,72.14497619837235,68.78753580716172,6765,68.29243294885063,68.25955570821269,68.22810038965243,2.120951432187282,0.906027240075763
2024,72.14497619837235,79.35947381820958,75.6662893878779,6555,75.63692361168243,75.61467755601859,74.73486745678548,1.84307417621003,0.8883046864561966
2024,79.35947381820958,87.29542120003055,83.2329183266657,6719,83.38002881211355,83.34992412548476,83.65843372028226,2.240675265711406,0.8711322786252642
2024,87.29542120003055,96.02496332003362,91.55621015933228,12491,90.7778282700996,90.73795579189664,91.09473893986289,2.691102648544584,0.8535302331308273
2024,96.02496332003362,105.62745965203698,100.71183117526552,9454,101.04142643318187,101.00173543543616,100.94784335580725,2.831136008403535,0.8208070376745076
2024,105.62745965203698,116.19020561724068,110.78301429279206,10318,110.64464338189927,110.61509308615969,111.54457829370968,2.552961746671407,0.7960399982185755
2024,116.19020561724068,127.80922617896476,121.86131572207128,12294,122.29835331154,122.24922823142464,122.88494375357016,3.4544304797421277,0.7690095018036923
2024,127.80922617896476,140.59014879686126,134.0474472942784,20569,133.5238872886035,133.47862303083315,131.25078712559838,3.497785488747963,0.7368023954919483
2024,140.59014879686126,154.6491636765474,147.4521920237063,10913,147.78155802671583,147.73734720673315,148.7261043916129,3.6109750932329883,0.6829169253661744
2024,154.6491636765474,170.11408004420213,162.19741122607692,13918,161.97009292657134,161.90826795853573,161.73963852587903,4.476471430844151,0.6543276825501615
2024,170.11408004420213,187.12548804862237,178.4171523486846,20900,179.80531481237003,179.72519589989363,179.40086342238305,5.367192296386455,0.6178661154729813
2024,187.12548804862237,205.83803685348462,196.2588675835531,13237,197.58793009520787,197.51769378878936,196.8761806883976,5.263326762277885,0.5631135107946463
2024,205.83803685348462,226.4218405388331,215.88475434190843,13969,216.506131325519,216.43018110666176,216.7682971507758,5.734128084964186,0.5284359879177506
2024,226.4218405388331,249.06402459271644,237.47322977609926,14438,238.67620703750396,238.5810031009165,238.89130517902822,6.735423963931183,0.49184081400618784
2024,249.06402459271644,273.9704270519881,261.2205527537092,30996,262.3988980114772,262.35722895112343,262.50157425119676,4.667884729038587,0.4540169811666758
2024,273.9704270519881,301.36746975718694,287.34260802908017,15613,286.58872800927486,286.47085888209904,284.99639754042823,8.240680074896508,0.3728154627642992
2024,301.36746975718694,331.50421673290566,316.07686883198824,14020,316.3697025037367,316.25937836063775,316.41478709315646,8.356558746330046,0.3319134332502875
2024,331.50421673290566,364.6546384061962,347.68455571518706,12358,347.78282603581437,347.646338345074,347.8331766458847,9.750975492603116,0.2951846525043422
2024,364.6546384061962,401.1201022468159,382.4530112867058,13458,380.8361462540314,380.69078187045653,376.46295174127016,10.559240309109484,0.26280988271415734
2024,401.1201022468159,441.2321124714976,420.69831241537645,10430,420.0330518576223,419.87962838153123,418.2921686014113,11.36095515430854,0.22755339688827064
2024,441.2321124714976,485.35532371864736,462.76814365691416,10638,463.1168260898712,462.96558584329966,464.7690762237903,11.841576304267768,0.2002294893861159
2024,485.35532371864736,533.8908560905121,509.04495802260556,9207,510.6053930372979,510.4241246905478,511.2459838461694,13.586591327412654,0.17236067557902846
2024,533.8908560905121,587.2799416995633,559.9494538248662,7811,558.4794219950801,558.3252725898977,557.7228914685484,13.149047206483761,0.14824071236020403
2024,587.2799416995633,646.0079358695198,615.9443992073528,6443,613.8769505764473,613.6735481575246,613.4951806154032,15.823836884537311,0.1277779087648703
2024,646.0079358695198,710.6087294564718,677.5388391280882,6267,673.9587970530503,673.6537353132176,673.915160524496,20.30366506512147,0.11089891202120943
2024,710.6087294564718,781.669602402119,745.292723040897,5313,744.6076129939744,744.3949286625455,743.6305219580646,17.82105833070355,0.09448098984326085
2024,781.669602402119,859.836562642331,819.8219953449868,4058,819.240914482934,818.9394964387759,819.6667428282766,22.208284379386193,0.08056230139082095
2024,859.836562642331,945.8202189065642,901.8041948794855,4706,910.3063517615799,909.9780191176966,929.5381524475806,24.304445263224213,0.06993138896093179
2024,945.8202189065642,1040.4022407972207,991.9846143674342,2944,991.7839928281319,991.4561420106878,991.4453934005895,25.489490076918152,0.05760288381182918
2024,1040.4022407972207,1144.442464876943,1091.1830758041776,3145,1091.151586588374,1090.7607648624094,1096.855019888145,29.144487462512117,0.049890363803550795
2024,1144.442464876943,1258.8867113646372,1200.3013833845957,2563,1204.212723329293,1203.7601855420507,1208.3995981818548,32.96958160663344,0.041651275683294166
2024,1258.8867113646372,1384.775382501101,1320.3315217230552,1907,1318.384677595155,1317.986076461406,1301.3534134266129,32.51289387248406,0.034936877320108875
2024,1384.775382501101,1523.2529207512114,1452.3646738953607,2152,1444.5775331164382,1443.9846015821352,1440.78413629375,41.40398335767593,0.029941029610942138
2024,1523.2529207512114,1675.5782128263327,1597.6011412848973,1709,1600.996590955122,1600.2247303269933,1598.8056222098387,49.769739162001,0.02430334514836908
2024,1675.5782128263327,1843.1360341089658,1757.361255413387,913,1758.3978545241707,1757.8823852407131,1766.1224896504032,42.627600429390306,0.019826206325628672
2024,1843.1360341089658,2027.4496375198626,1933.0973809547256,1560,1899.505970978079,1898.8111837370807,1859.0763048951612,51.805961547759594,0.017434382015996144
2024,2027.4496375198626,2230.194601271849,2126.4071190501986,922,2107.238795377777,2106.5933155521534,2106.8911763376864,52.28650001749309,0.013347584729000805
2024,2230.194601271849,2453.214061399034,2339.0478309552186,912,2316.7183104119285,2315.735716917166,2323.8453811189515,67.64091372955616,0.010932182742712532
2024,2453.214061399034,2698.535467538938,2572.9526140507405,591,2567.486610528761,2566.4567358442264,2571.6602525614767,72.82623575430854,0.008542978174930643
2024,2698.535467538938,2968.3890142928317,2830.2478754558147,518,2811.1458879260076,2810.5317202058795,2788.614457342742,59.22422536103112,0.0069947107412035615
2024,2968.3890142928317,3265.2279157221155,3113.2726630013967,459,3112.539264663647,3111.0427878086293,3098.5224773687655,96.57136014271269,0.005637684462573058
2024,3265.2279157221155,3591.7507072943276,3424.599929301537,337,3431.1890116257823,3430.0577145093557,3439.2911640560483,88.14235877468667,0.004435222953130199
2024,3591.7507072943276,3950.92577802376,3767.059922231691,372,3763.5080746094263,3762.320872261555,3718.1526097903225,94.8780687802702,0.0035523699494651798
2024,3950.92577802376,4346.018355826136,4143.76591445486,194,4135.967551587693,4134.292789411481,4117.854015342782,118.20573229763237,0.0025778259810278295
2024,4346.018355826136,4780.620191408751,4558.142505900346,197,4564.230504164335,4562.835138586858,4591.918473091048,112.90219386949218,0.0020695960620040503
2024,4780.620191408751,5258.682210549626,5013.956756490382,134,5009.553028133862,5007.950124979788,4978.234529248263,127.42007944708726,0.0015535069174283567
2024,5258.682210549626,5784.550431604589,5515.35243213942,120,5523.555832532906,5521.452596083911,5577.228914685484,152.85614267885094,0.0012024615094428596
2024,5784.550431604589,6363.005474765049,6066.887675353362,65,6082.405729425518,6080.535893184904,6125.656424629557,151.7757926237847,0.0008880924873662949
2024,6363.005474765049,6999.306022241554,6673.5764428887,62,6640.569586412639,6638.425034362393,6559.193018931108,171.1812229061356,0.0007178092670748225
2024,6999.306022241554,7699.23662446571,7340.93408717757,61,7381.60875655777,7379.701641559586,7436.305219580645,168.2505349334251,0.0005553852723352641
2024,7699.23662446571,8469.160286912282,8075.027495895327,32,8091.310088316286,8088.077325121415,8129.182958415072,231.72003565678563,0.0003955810194463438
2024,8469.160286912282,9316.07631560351,8882.53024548486,22,9085.500259999984,9081.292923139328,9265.636303597483,279.90721584846824,0.00031174928022592656
2024,9316.07631560351,10247.683947163863,9770.783270033347,24,9749.608088820589,9746.327434016357,9760.150600699597,258.71377517759856,0.0002541149595118897
2024,10247.683947163863,11272.452341880251,10747.861597036685,25,10934.796809489775,10930.226544661298,11154.457829370967,320.1742097243111,0.00019124115509657678
2024,11272.452341880251,12399.697576068276,11822.647756740353,9,11726.888080051574,11721.88995007879,11526.27309035,365.06801732544545,0.00012574760883062583
2024,12399.697576068276,13639.667333675105,13004.91253241439,14,13144.984108138682,13139.763985298461,13357.463250671735,381.639978853431,0.00010216993217488348
2024,13639.667333675105,15003.634067042616,14305.40378565583,4,14873.16816205276,14873.15001129032,14882.463543577234,26.819712878939907,6.549354626595095e-05
2024,15003.634067042616,16503.99747374688,15735.944164221413,5,15368.983812568298,15364.31079914182,15058.518069650805,425.12272682127633,5.50145788633988e-05
2024,16503.99747374688,18154.39722112157,17309.538580643555,5,17029.138952839676,17028.895048887047,17103.502005035483,101.82580283144367,4.191586961020861e-05
2024,18154.39722112157,19969.836943233728,19040.492438707915,3,18590.763048951612,18590.763048951605,18590.763048951612,0.0,2.881716035701842e-05
2024,24163.502701312813,26579.852971444096,25342.895435920236,2,25236.960838951814,25236.960838951803,25236.960838951814,0.0,2.0957934805104306e-05
2024,32161.622095447365,35377.7843049921,33731.393825209845,4,34392.91164056048,34388.15772068616,34625.296178672375,657.2827309672963,1.571845110382823e-05
2024,51796.61400093896,56976.27540103285,54324.74706943873,2,55772.28914685484,55772.289146854884,55772.28914685484,0.0,5.2394837012760765e-06
2025,1.8630994522487612,2.0494093974736374,1.9540351905394635,3,1.8630994522487612,1.8630994522487612,1.8630994522487612,0.0,0.9885313404026523
2025,2.0494093974736374,2.2543503372210014,2.1494387095934098,6,2.235719342698513,2.235719342698513,2.235719342698513,0.0,0.9885239918381944
2025,3.0005402988411536,3.300594328725269,3.1469932147157125,9,3.1672690688228937,3.167269068822894,3.1672690688228937,0.0,0.9885092947092785
2025,3.6306537615977965,3.9937191377575765,3.807861789806013,3,3.7261989044975223,3.7261989044975223,3.7261989044975223,0.0,0.9884872490159048
2025,3.9937191377575765,4.393091051533335,4.188647968786615,3,4.2851287401721505,4.2851287401721505,4.2851287401721505,0.0,0.9884799004514468
2025,4.393091051533335,4.832400156686669,4.607512765665277,6,4.657748630621903,4.657748630621903,4.657748630621903,0.0,0.9884725518869889
2025,4.832400156686669,5.3156401723553355,5.068264042231805,5,5.216678466296531,5.21667846629653,5.216678466296531,0.0,0.988457854758073
2025,5.3156401723553355,5.84720418959087,5.575090446454985,15,5.5892983567462835,5.589298356746283,5.5892983567462835,0.0,0.9884456071506431
2025,5.84720418959087,6.4319246085499575,6.132599491100485,35,6.15887447500519,6.158725304996564,6.148228192420912,0.043876757457391356,0.9884088643283535
2025,6.4319246085499575,7.075117069404953,6.745859440210534,4,6.520848082870664,6.520848082870664,6.520848082870664,0.0,0.9883231310763443
2025,7.075117069404953,7.782628776345449,7.420445384231588,55,7.343999295409661,7.342021023475949,7.452397808995045,0.17079694723760203,0.9883133329904004
2025,7.782628776345449,8.560891653979995,8.162489922654746,12,7.964750158363454,7.961156006071361,7.825017699444796,0.2527855294183288,0.9881786093086715
2025,8.560891653979995,9.416980819377995,8.978738914920223,101,9.298895384936637,9.298392187972969,9.315497261243806,0.0953608846243069,0.9881492150508399
2025,10.358678901315795,11.394546791447375,10.86427408705347,12,11.178596713492567,11.17859671349257,11.178596713492567,0.0,0.9879018133807561
2025,11.394546791447375,12.534001470592115,11.950701495758818,66,12.386788479496309,12.384284189359647,12.4827663300667,0.2472597163442804,0.9878724191229243
2025,12.534001470592115,13.787401617651327,13.145771645334701,33,13.188485819554867,13.187322027804298,13.228006110966204,0.1789301629725059,0.9877107507048498
2025,13.787401617651327,15.166141779416462,14.460348809868172,181,14.293369609904031,14.286410851280966,13.973245891865709,0.45097224282010007,0.9876299164958126
2025,15.166141779416462,16.682755957358108,15.906383690854991,136,16.018545511135855,16.014767471447772,16.022655289339344,0.3479758430546059,0.9871865531068506
2025,16.682755957358108,18.351031553093918,17.49702205994049,65,17.321092292214253,17.314475310155245,17.32682490591348,0.4828910989531049,0.9868534181847576
2025,18.351031553093918,20.186134708403316,19.246724265934542,536,18.768989015499322,18.764628773022316,18.63099452248761,0.4128433829336358,0.986694199288169
2025,20.186134708403316,22.204748179243648,21.171396692528,206,21.330679893828655,21.325903495298615,21.239333755635876,0.45141777040605297,0.985381255771685
2025,22.204748179243648,24.425222997168014,23.2885363617808,588,22.882536775935552,22.87291626448674,22.357193426985134,0.6697175256903332,0.9848766543455736
2025,24.425222997168014,26.86774529688482,25.617389997958885,543,25.603035198306173,25.591112171769673,25.89708238625778,0.7827285914752539,0.9834363357118187
2025,26.86774529688482,29.5545198265733,28.179128997754773,1271,28.066984919038134,28.064178757370367,27.946491783731418,0.401309736477885,0.9821062455449328
2025,29.5545198265733,32.509971809230635,30.997041897530252,1062,30.78306947143483,30.773508023547176,31.11376085255431,0.7680523583854926,0.9789929037362551
2025,32.509971809230635,35.7609689901537,34.09674608728328,1671,33.80471867900696,33.788315003920424,33.5357901404777,1.0552724254359087,0.9763915119181468
2025,35.7609689901537,39.33706588916907,37.50642069601161,3124,37.313933975286005,37.31005777962738,37.26198904497522,0.5400696997537939,0.972298361515078
2025,39.33706588916907,43.27077247808598,41.25706276561277,2249,41.13829627350452,41.1265288615773,40.988187949472746,0.9857192738156261,0.9646460563928837
2025,43.27077247808598,47.59784972589459,45.38276904217406,3482,45.51586206061112,45.495383565995496,46.57748630621903,1.359553966623978,0.9591370825709198
2025,47.59784972589459,52.357634698484055,49.92104594639147,2857,49.98864728793693,49.975924363398484,49.74475537504192,1.1306491105147323,0.9506078487567454
2025,52.357634698484055,57.59339816833246,54.913150541030625,5318,55.528771797895736,55.51663958031951,55.892983567462835,1.1497334650215534,0.9436095658713071
2025,57.59339816833246,63.35273798516571,60.404465595133686,4063,60.6995783910948,60.680807310263816,60.55073219808473,1.508257806861661,0.9305830106088776
2025,63.35273798516571,69.68801178368228,66.44491215464706,3839,66.52259927017556,66.50438231998739,66.32634050005589,1.5585895116636832,0.9206306048113501
2025,69.68801178368228,76.65681296205052,73.08940337011177,7630,72.51209928039432,72.4831252015501,71.91563885680218,2.053707901490801,0.9112268918266817
2025,76.65681296205052,84.32249425825559,80.39834370712296,6032,80.79649527766063,80.76340121431461,80.67220628237135,2.312682249104634,0.8925370428886717
2025,84.32249425825559,92.75474368408115,88.43817807783526,5807,88.18062220129625,88.15617330474842,88.31091403659127,2.0775265340712363,0.8777615292852541
2025,92.75474368408115,102.03021805248926,97.28199588561878,13339,95.8180916345639,95.78335295641112,94.27283228378731,2.595269438470422,0.8635371580161816
2025,102.03021805248926,112.23323985773821,107.01019547418068,11136,107.89559262945008,107.84314459582869,108.05976823042815,3.3556121732240176,0.8308629909147248
2025,112.23323985773821,123.45656384351204,117.71121502159876,9194,117.1562287070368,117.11181847091677,116.44371576554757,3.228775753819588,0.803585119646877
2025,123.45656384351204,135.80222022786324,129.48233652375865,11994,129.53549224339537,129.4846466536208,130.41696165741328,3.6239087398453447,0.7810642191047978
2025,135.80222022786324,149.3824422506496,142.43057017613452,21104,142.29664841544874,142.25836193842414,141.40924842568097,3.3181693720495558,0.7516846584019812
2025,149.3824422506496,164.32068647571455,156.673627193748,11742,157.27218680915814,157.2137252741603,156.68666393412082,4.285858543245208,0.6999899569619075
2025,164.32068647571455,180.75275512328605,172.3409899131228,13161,171.9985356697985,171.9410915068146,171.21883966166115,4.454190701203889,0.6712276756735571
2025,180.75275512328605,198.82803063561465,189.5750889044351,21020,189.27404604610413,189.2209010672603,188.54566456757462,4.505919916042855,0.6389895233966044
2025,198.82803063561465,218.71083369917613,208.53259779487863,14848,209.6991712740902,209.62440481359278,210.53023810411,5.592780158978152,0.5875005817613529
2025,218.71083369917613,240.58191706909378,229.3858575743665,14766,229.77130117336503,229.69984104158797,230.8380221336215,5.722687806462518,0.5511300867375558
2025,240.58191706909378,264.64010877600316,252.32444333180317,15244,252.99179501952008,252.88877398923984,252.07735588925738,7.21945079962783,0.5149604524756088
2025,264.64010877600316,291.1041196536035,277.5568876649835,36180,281.11513062716546,281.07483316630663,282.81849685136194,4.718859503706308,0.4776199469433646
2025,291.1041196536035,320.2145316189639,305.3125764314819,15216,305.93499881102514,305.83100518900153,307.41140962104555,7.969498829267047,0.3889962595806909
2025,320.2145316189639,352.2359847808603,335.84383407463014,15101,335.50561936876466,335.3925770733121,335.357901404777,8.722625901442104,0.35172434065005403
2025,352.2359847808603,387.45958325894634,369.4282174820931,15938,370.13167425570117,370.0297002675887,372.61989044975223,8.65557260452448,0.31473411669030454
2025,387.45958325894634,426.205541584841,406.3710392303025,12941,408.7154303739435,408.5545292943928,409.88187949472746,11.44669396801126,0.27569364324679174
2025,426.205541584841,468.8260957433252,447.00814315333275,13534,450.7772703893191,450.5548349420745,450.4974475537504,14.128359627464036,0.24399438569675413
2025,468.8260957433252,515.7087053176577,491.7089574686661,9635,494.17874721170773,493.9727278467516,496.8886239147446,14.241712619153153,0.21084256190553174
2025,515.7087053176577,567.2795758494235,540.8798532155328,12121,548.9278459809423,548.7175417450519,558.9298356746283,15.093136143230794,0.18724142238813649
2025,567.2795758494235,624.0075334343659,594.967838537086,8079,599.36218396452,599.1370949864303,603.4579125833737,16.383678833809732,0.1575507724566006
2025,624.0075334343659,686.4082867778026,654.4646223907947,6922,655.3759968860561,655.1705748412104,652.0848082870664,16.423352014455162,0.13776108837138665
2025,686.4082867778026,755.049115455583,719.9110846298743,7645,726.0174685861815,725.7178972895359,731.2665350076387,20.786185369385986,0.12080550064544891
2025,755.049115455583,830.5540270011413,791.9021930928618,4160,792.964999168771,792.7282379499252,791.8172672057234,19.365871850672587,0.10207890888514928
2025,830.5540270011413,913.6094297012555,871.092412402148,5049,865.2116882084727,864.8658245814447,864.4781458434252,24.532655265321484,0.09188889950348199
2025,913.6094297012555,1004.9703726713811,958.2016536423629,5726,949.4469340795067,949.1319100439828,931.5497261243805,24.61487387467082,0.07952126552078051
2025,1004.9703726713811,1105.4674099385195,1054.0218190065993,3394,1049.5070317896586,1049.157928925756,1047.9934418899281,27.129869389962174,0.06549530549207212
2025,1105.4674099385195,1216.0141509323714,1159.4240009072594,4156,1155.1562236684783,1154.5766871414744,1150.46391176361,36.723255407146,0.05718162956866376
2025,1216.0141509323714,1337.6155660256086,1275.3664009979852,2830,1277.4205118164614,1277.0165152709926,1279.390393859224,32.114887117577446,0.04700141827294038
2025,1337.6155660256086,1471.3771226281694,1402.903041097784,2532,1401.1404111215913,1400.74537136277,1397.3245891865708,33.29191983714795,0.04006927246762345
2025,1471.3771226281694,1618.5148348909868,1543.1933452075625,2380,1534.7331055237612,1534.1296308803046,1537.057048105228,43.14909945598804,0.033867084065127874
2025,1618.5148348909868,1780.3663183800857,1697.512679728319,1816,1697.7624052466192,1697.1413720775627,1676.7895070238849,46.02726596895667,0.02803722292850092
2025,1780.3663183800857,1958.4029502180942,1867.263947701151,1986,1870.0999593195143,1869.6110141310132,1863.099452248761,42.89010934297548,0.02358889190996539
2025,1958.4029502180942,2154.243245239904,2053.990342471266,1240,2059.249417330671,2058.5358584359847,2049.409397473637,54.25637626805261,0.01872414223881365
2025,2154.243245239904,2369.6675697638943,2259.3893767183927,1123,2260.1033826088574,2259.3368337105985,2235.719342698513,58.898381768520146,0.015686735596201283
2025,2369.6675697638943,2606.634326740284,2485.328314390232,919,2467.8921468553785,2467.22757596199,2468.6067742296086,57.413326925484704,0.01293592296744831
2025,2606.634326740284,2867.2977594143126,2733.8611458292557,1076,2729.464246013348,2728.274257300218,2757.387189328166,80.33293889001021,0.01068481272183479
2025,2867.2977594143126,3154.027535355744,3007.2472604121813,563,2998.128759829008,2997.1238525261947,2980.959123598018,77.65119548652017,0.008049127602922769
2025,3154.027535355744,3469.4302888913185,3307.9719864534,563,3301.82654563955,3300.6117315228325,3293.0282818496853,89.65906675547569,0.006670047006317316
2025,3469.4302888913185,3816.373317780451,3638.7691850987403,480,3652.9173808547903,3651.813369864377,3695.085143644968,89.5462375942145,0.005290966409711863
2025,3816.373317780451,4198.010649558497,4002.646103608615,380,3999.1768042157037,3997.4558609600913,3987.032827812349,117.82739326832845,0.00411519609644256
2025,4198.010649558497,4617.811714514346,4402.910713969477,211,4409.91313718222,4408.493236934493,4409.397473637143,112.2999102303657,0.0031843779317710283
2025,4617.811714514346,5079.5928859657815,4843.201785366425,246,4792.33636003685,4790.24092734162,4750.903603234341,142.7178964358941,0.002667528898229731
2025,5079.5928859657815,5587.55217456236,5327.521963903067,150,5270.728223472569,5268.858935785463,5216.678466296531,141.4374820417902,0.002064946612679213
2025,5587.55217456236,6146.307392018597,5860.274160293375,211,5743.743120439047,5741.228479423797,5682.453329358721,171.6441958061392,0.001697518389782556
2025,6146.307392018597,6760.938131220457,6446.301576322713,124,6394.97918737612,6392.054330954488,6371.800126690763,194.73593861023002,0.0011806693562412584
2025,6760.938131220457,7437.031944342503,7090.931733954984,77,7054.609138672187,7052.2364359095445,6986.622945932854,184.63380427850853,0.0008769286919800217
2025,7437.031944342503,8180.735138776754,7800.024907350484,97,7657.826611897945,7654.600966998066,7546.670641278832,224.59486557080302,0.0006883155375597377
2025,8180.735138776754,8998.80865265443,8580.027398085533,43,8572.207235585027,8568.527608063536,8532.995491299325,254.23926312724166,0.0004507119534198994
2025,8998.80865265443,9898.689517919873,9438.030137894086,46,9377.785536191923,9375.363980669019,9315.497261243805,216.58716837637732,0.0003453825295228577
2025,9898.689517919873,10888.558469711861,10381.833151683495,11,10255.515621242042,10252.706058841779,10107.31452844953,252.39512682331772,0.00023270454116788286
2025,10888.558469711861,11977.41431668305,11420.016466851846,21,11351.758499725858,11350.277632299621,11364.906658717442,188.47521051749814,0.000205759804822128
2025,11977.41431668305,13175.155748351355,12562.018113537033,9,12617.32351272911,12614.036125746221,12575.921302679137,305.50396998117805,0.00015431985361659598
2025,13175.155748351355,14492.671323186492,13818.219924890736,14,14099.670497554018,14093.785173367818,14283.824570555576,417.70233763376336,0.00013227416024279656
2025,14492.671323186492,15941.938455505144,15200.041917379813,11,15253.195215560607,15247.212783083814,14904.795617990088,450.86448581005243,9.798085943910856e-05
2025,15941.938455505144,17536.13230105566,16720.046109117797,2,16488.430152401535,16486.06163552478,16488.430152401535,395.22307701301315,7.103612309335371e-05
2025,17536.13230105566,19289.745531161225,18392.050720029576,17,18450.164281534053,18441.677757431306,18444.684577262735,578.2183518670262,6.613708012139828e-05
2025,21218.720084277353,23340.592092705087,22254.38137123579,2,23288.743153109514,23288.74315310951,23288.743153109514,0.0,2.449521485977714e-05
2025,23340.592092705087,25674.6513019756,24479.81950835937,2,25543.093490330513,25543.09349033049,25543.093490330513,0.0,1.9596171887821715e-05
2025,25674.6513019756,28242.11643217316,26927.80145919531,2,27435.81622387003,27424.33917256588,27435.81622387003,1122.1700566656125,1.4697128915866285e-05
2025,28242.11643217316,31066.32807539048,29620.581605114843,2,28966.538733837613,28966.538733837613,28966.538733837613,0.0,9.798085943910858e-06
2025,34172.960882929525,37590.25697122249,35840.903742188966,2,37544.80754182658,37544.80754182656,37544.80754182658,0.0,4.899042971955429e-06
