year,bin_left,bin_right,bin_center,count
1976,1.0,10000.98,5000.99,143808
1976,10000.98,20000.96,15000.97,3282
1976,20000.96,30000.94,25000.949999999997,756
1976,30000.94,40000.92,35000.93,247
1976,40000.92,50000.899999999994,45000.909999999996,101
1976,50000.899999999994,60000.88,55000.89,67
1976,60000.88,70000.86,65000.869999999995,27
1976,70000.86,80000.84,75000.85,29
1976,80000.84,90000.81999999999,85000.82999999999,12
1976,90000.81999999999,100000.79999999999,95000.81,19
1976,100000.79999999999,110000.78,105000.79,6
1976,110000.78,120000.76,115000.76999999999,3
1976,120000.76,130000.73999999999,125000.75,6
1976,130000.73999999999,140000.72,135000.72999999998,3
1976,140000.72,150000.69999999998,145000.71,2
1976,150000.69999999998,160000.68,155000.69,2
1976,160000.68,170000.66,165000.66999999998,0
1976,170000.66,180000.63999999998,175000.65,3
1976,180000.63999999998,190000.62,185000.63,1
1976,190000.62,200000.59999999998,195000.61,0
1976,200000.59999999998,210000.58,205000.58999999997,1
1976,210000.58,220000.56,215000.57,2
1976,220000.56,230000.53999999998,225000.55,0
1976,230000.53999999998,240000.52,235000.52999999997,0
1976,240000.52,250000.5,245000.51,1
1976,250000.5,260000.47999999998,255000.49,1
1976,260000.47999999998,270000.45999999996,265000.47,0
1976,270000.45999999996,280000.44,275000.44999999995,0
1976,280000.44,290000.42,285000.43,0
1976,290000.42,300000.39999999997,295000.41,1
1976,300000.39999999997,310000.38,305000.39,0
1976,310000.38,320000.36,315000.37,0
1976,320000.36,330000.33999999997,325000.35,0
1976,330000.33999999997,340000.32,335000.32999999996,0
1976,340000.32,350000.3,345000.31,4
1976,350000.3,360000.27999999997,355000.29,1
1976,360000.27999999997,370000.26,365000.27,0
1976,370000.26,380000.24,375000.25,0
1976,380000.24,390000.22,385000.23,0
1976,390000.22,400000.19999999995,395000.20999999996,1
1976,400000.19999999995,410000.18,405000.18999999994,1
1976,410000.18,420000.16,415000.17,0
1976,420000.16,430000.13999999996,425000.14999999997,0
1976,430000.13999999996,440000.12,435000.13,0
1976,440000.12,450000.1,445000.11,0
1976,450000.1,460000.07999999996,455000.08999999997,0
1976,460000.07999999996,470000.06,465000.06999999995,0
1976,470000.06,480000.04,475000.05,0
1976,480000.04,490000.01999999996,485000.02999999997,0
1976,490000.01999999996,500000.0,495000.01,0
1976,500000.0,509999.98,504999.99,1
1976,509999.98,519999.95999999996,514999.97,0
1976,519999.95999999996,529999.94,524999.95,0
1976,529999.94,539999.9199999999,534999.9299999999,0
1976,539999.9199999999,549999.9,544999.9099999999,0
1976,549999.9,559999.88,554999.89,0
1976,559999.88,569999.86,564999.87,0
1976,569999.86,579999.84,574999.85,0
1976,579999.84,589999.82,584999.83,0
1976,589999.82,599999.7999999999,594999.8099999999,0
1976,599999.7999999999,609999.78,604999.79,1
1976,609999.78,619999.76,614999.77,0
1976,619999.76,629999.74,624999.75,0
1976,629999.74,639999.72,634999.73,2
1976,639999.72,649999.7,644999.71,1
1976,649999.7,659999.6799999999,654999.69,0
1976,659999.6799999999,669999.6599999999,664999.6699999999,0
1976,669999.6599999999,679999.64,674999.6499999999,0
1976,679999.64,689999.62,684999.63,0
1976,689999.62,699999.6,694999.61,0
1976,699999.6,709999.58,704999.59,0
1976,709999.58,719999.5599999999,714999.57,0
1976,719999.5599999999,729999.5399999999,724999.5499999999,0
1976,729999.5399999999,739999.52,734999.53,0
1976,739999.52,749999.5,744999.51,0
1976,749999.5,759999.48,754999.49,0
1976,759999.48,769999.46,764999.47,0
1976,769999.46,779999.44,774999.45,0
1976,779999.44,789999.4199999999,784999.4299999999,0
1976,789999.4199999999,799999.3999999999,794999.4099999999,0
1976,799999.3999999999,809999.38,804999.3899999999,0
1976,809999.38,819999.36,814999.37,0
1976,819999.36,829999.34,824999.35,0
1976,829999.34,839999.32,834999.33,0
1976,839999.32,849999.2999999999,844999.3099999999,0
1976,849999.2999999999,859999.2799999999,854999.2899999999,0
1976,859999.2799999999,869999.26,864999.27,0
1976,869999.26,879999.24,874999.25,0
1976,879999.24,889999.22,884999.23,0
1976,889999.22,899999.2,894999.21,0
1976,899999.2,909999.1799999999,904999.19,0
1976,909999.1799999999,919999.1599999999,914999.1699999999,0
1976,919999.1599999999,929999.14,924999.1499999999,0
1976,929999.14,939999.12,934999.13,0
1976,939999.12,949999.1,944999.11,0
1976,949999.1,959999.08,954999.09,0
1976,959999.08,969999.0599999999,964999.07,0
1976,969999.0599999999,979999.0399999999,974999.0499999999,0
1976,979999.0399999999,989999.0199999999,984999.0299999999,0
1976,989999.0199999999,999999.0,994999.01,4
1977,1.0,11190.99,5595.995,183849
1977,11190.99,22380.98,16785.985,6060
1977,22380.98,33570.97,27975.975,1665
1977,33570.97,44760.96,39165.965,630
1977,44760.96,55950.95,50355.955,278
1977,55950.95,67140.94,61545.945,154
1977,67140.94,78330.93,72735.935,63
1977,78330.93,89520.92,83925.92499999999,53
1977,89520.92,100710.91,95115.91500000001,41
1977,100710.91,111900.9,106305.905,22
1977,111900.9,123090.89,117495.89499999999,21
1977,123090.89,134280.88,128685.88500000001,12
1977,134280.88,145470.87,139875.875,5
1977,145470.87,156660.86,151065.865,18
1977,156660.86,167850.85,162255.85499999998,3
1977,167850.85,179040.84,173445.845,5
1977,179040.84,190230.83,184635.835,6
1977,190230.83,201420.82,195825.825,5
1977,201420.82,212610.81,207015.815,4
1977,212610.81,223800.8,218205.805,6
1977,223800.8,234990.79,229395.79499999998,5
1977,234990.79,246180.78,240585.785,3
1977,246180.78,257370.77,251775.775,4
1977,257370.77,268560.76,262965.765,2
1977,268560.76,279750.75,274155.755,2
1977,279750.75,290940.74,285345.745,1
1977,290940.74,302130.73,296535.735,0
1977,302130.73,313320.72,307725.725,3
1977,313320.72,324510.71,318915.71499999997,3
1977,324510.71,335700.7,330105.705,3
1977,335700.7,346890.69,341295.695,1
1977,346890.69,358080.68,352485.685,2
1977,358080.68,369270.67,363675.675,2
1977,369270.67,380460.66,374865.665,0
1977,380460.66,391650.64999999997,386055.65499999997,1
1977,391650.64999999997,402840.64,397245.645,4
1977,402840.64,414030.63,408435.635,4
1977,414030.63,425220.62,419625.625,1
1977,425220.62,436410.61,430815.615,1
1977,436410.61,447600.6,442005.605,2
1977,447600.6,458790.58999999997,453195.595,2
1977,458790.58999999997,469980.58,464385.58499999996,1
1977,469980.58,481170.57,475575.575,0
1977,481170.57,492360.56,486765.565,0
1977,492360.56,503550.55,497955.555,1
1977,503550.55,514740.54,509145.545,1
1977,514740.54,525930.53,520335.53500000003,1
1977,525930.53,537120.52,531525.525,2
1977,537120.52,548310.51,542715.515,0
1977,548310.51,559500.5,553905.505,0
1977,559500.5,570690.49,565095.495,0
1977,570690.49,581880.48,576285.485,0
1977,581880.48,593070.47,587475.475,0
1977,593070.47,604260.46,598665.465,1
1977,604260.46,615450.45,609855.455,1
1977,615450.45,626640.44,621045.445,0
1977,626640.44,637830.4299999999,632235.4349999999,0
1977,637830.4299999999,649020.42,643425.425,1
1977,649020.42,660210.41,654615.415,2
1977,660210.41,671400.4,665805.405,1
1977,671400.4,682590.39,676995.395,0
1977,682590.39,693780.38,688185.385,1
1977,693780.38,704970.37,699375.375,0
1977,704970.37,716160.36,710565.365,0
1977,716160.36,727350.35,721755.355,0
1977,727350.35,738540.34,732945.345,0
1977,738540.34,749730.33,744135.335,1
1977,749730.33,760920.32,755325.325,1
1977,760920.32,772110.3099999999,766515.315,0
1977,772110.3099999999,783300.2999999999,777705.3049999999,0
1977,783300.2999999999,794490.29,788895.2949999999,0
1977,794490.29,805680.28,800085.285,0
1977,805680.28,816870.27,811275.275,0
1977,816870.27,828060.26,822465.265,0
1977,828060.26,839250.25,833655.255,1
1977,839250.25,850440.24,844845.245,0
1977,850440.24,861630.23,856035.235,0
1977,861630.23,872820.22,867225.225,0
1977,872820.22,884010.21,878415.215,0
1977,884010.21,895200.2,889605.205,0
1977,895200.2,906390.19,900795.195,1
1977,906390.19,917580.1799999999,911985.1849999999,0
1977,917580.1799999999,928770.1699999999,923175.1749999999,0
1977,928770.1699999999,939960.16,934365.165,0
1977,939960.16,951150.15,945555.155,0
1977,951150.15,962340.14,956745.145,0
1977,962340.14,973530.13,967935.135,0
1977,973530.13,984720.12,979125.125,0
1977,984720.12,995910.11,990315.115,0
1977,995910.11,1007100.1,1001505.105,919
1977,1007100.1,1018290.09,1012695.095,1
1977,1018290.09,1029480.08,1023885.085,1
1977,1029480.08,1040670.07,1035075.075,1
1977,1040670.07,1051860.06,1046265.065,0
1977,1051860.06,1063050.05,1057455.0550000002,0
1977,1063050.05,1074240.04,1068645.045,0
1977,1074240.04,1085430.03,1079835.0350000001,0
1977,1085430.03,1096620.02,1091025.025,0
1977,1096620.02,1107810.01,1102215.0150000001,0
1977,1107810.01,1119000.0,1113405.005,1
1978,1.0,11000.97,5500.985,198929
1978,11000.97,22000.94,16500.954999999998,10413
1978,22000.94,33000.909999999996,27500.924999999996,3235
1978,33000.909999999996,44000.88,38500.895,1380
1978,44000.88,55000.85,49500.865,776
1978,55000.85,66000.81999999999,60500.83499999999,358
1978,66000.81999999999,77000.79,71500.805,178
1978,77000.79,88000.76,82500.775,137
1978,88000.76,99000.73,93500.745,60
1978,99000.73,110000.7,104500.715,72
1978,110000.7,121000.67,115500.685,34
1978,121000.67,132000.63999999998,126500.655,15
1978,132000.63999999998,143000.61,137500.625,13
1978,143000.61,154000.58,148500.59499999997,20
1978,154000.58,165000.55,159500.565,11
1978,165000.55,176000.52,170500.53499999997,5
1978,176000.52,187000.49,181500.505,5
1978,187000.49,198000.46,192500.47499999998,4
1978,198000.46,209000.43,203500.445,11
1978,209000.43,220000.4,214500.41499999998,1
1978,220000.4,231000.37,225500.385,7
1978,231000.37,242000.34,236500.35499999998,1
1978,242000.34,253000.31,247500.325,1
1978,253000.31,264000.27999999997,258500.29499999998,1
1978,264000.27999999997,275000.25,269500.265,1
1978,275000.25,286000.22,280500.235,2
1978,286000.22,297000.19,291500.20499999996,0
1978,297000.19,308000.16,302500.175,1
1978,308000.16,319000.13,313500.145,0
1978,319000.13,330000.1,324500.115,2
1978,330000.1,341000.07,335500.08499999996,3
1978,341000.07,352000.04,346500.055,0
1978,352000.04,363000.00999999995,357500.02499999997,0
1978,363000.00999999995,373999.98,368499.995,0
1978,373999.98,384999.94999999995,379499.96499999997,0
1978,384999.94999999995,395999.92,390499.93499999994,0
1978,395999.92,406999.88999999996,401499.90499999997,2
1978,406999.88999999996,417999.86,412499.875,1
1978,417999.86,428999.82999999996,423499.845,1
1978,428999.82999999996,439999.8,434499.81499999994,2
1978,439999.8,450999.76999999996,445499.785,2
1978,450999.76999999996,461999.74,456499.755,1
1978,461999.74,472999.70999999996,467499.725,0
1978,472999.70999999996,483999.68,478499.69499999995,1
1978,483999.68,494999.64999999997,489499.665,0
1978,494999.64999999997,505999.62,500499.635,3
1978,505999.62,516999.58999999997,511499.605,1
1978,516999.58999999997,527999.5599999999,522499.57499999995,2
1978,527999.5599999999,538999.5299999999,533499.5449999999,0
1978,538999.5299999999,549999.5,544499.5149999999,0
1978,549999.5,560999.47,555499.485,0
1978,560999.47,571999.44,566499.455,0
1978,571999.44,582999.4099999999,577499.4249999999,0
1978,582999.4099999999,593999.38,588499.395,0
1978,593999.38,604999.35,599499.365,1
1978,604999.35,615999.32,610499.335,0
1978,615999.32,626999.2899999999,621499.3049999999,0
1978,626999.2899999999,637999.26,632499.2749999999,0
1978,637999.26,648999.23,643499.245,0
1978,648999.23,659999.2,654499.215,0
1978,659999.2,670999.1699999999,665499.1849999999,0
1978,670999.1699999999,681999.14,676499.155,0
1978,681999.14,692999.11,687499.125,0
1978,692999.11,703999.08,698499.095,1
1978,703999.08,714999.0499999999,709499.065,0
1978,714999.0499999999,725999.0199999999,720499.0349999999,0
1978,725999.0199999999,736998.99,731499.0049999999,0
1978,736998.99,747998.96,742498.975,0
1978,747998.96,758998.9299999999,753498.945,0
1978,758998.9299999999,769998.8999999999,764498.9149999999,0
1978,769998.8999999999,780998.87,775498.885,0
1978,780998.87,791998.84,786498.855,0
1978,791998.84,802998.8099999999,797498.825,0
1978,802998.8099999999,813998.7799999999,808498.7949999999,0
1978,813998.7799999999,824998.75,819498.7649999999,0
1978,824998.75,835998.72,830498.735,1
1978,835998.72,846998.69,841498.705,0
1978,846998.69,857998.6599999999,852498.6749999999,0
1978,857998.6599999999,868998.63,863498.645,0
1978,868998.63,879998.6,874498.615,0
1978,879998.6,890998.57,885498.585,0
1978,890998.57,901998.5399999999,896498.5549999999,0
1978,901998.5399999999,912998.5099999999,907498.5249999999,0
1978,912998.5099999999,923998.48,918498.4949999999,0
1978,923998.48,934998.45,929498.465,0
1978,934998.45,945998.4199999999,940498.4349999999,0
1978,945998.4199999999,956998.3899999999,951498.4049999999,0
1978,956998.3899999999,967998.36,962498.375,0
1978,967998.36,978998.33,973498.345,0
1978,978998.33,989998.2999999999,984498.315,0
1978,989998.2999999999,1000998.2699999999,995498.2849999999,629
1978,1000998.2699999999,1011998.24,1006498.2549999999,1
1978,1011998.24,1022998.21,1017498.225,1
1978,1022998.21,1033998.1799999999,1028498.195,0
1978,1033998.1799999999,1044998.1499999999,1039498.1649999999,0
1978,1044998.1499999999,1055998.1199999999,1050498.1349999998,1
1978,1055998.1199999999,1066998.0899999999,1061498.105,0
1978,1066998.0899999999,1077998.0599999998,1072498.0749999997,1
1978,1077998.0599999998,1088998.03,1083498.045,0
1978,1088998.03,1099998.0,1094498.0150000001,1
1979,1.0,10300.97,5150.985,145440
1979,10300.97,20600.94,15450.954999999998,14967
1979,20600.94,30900.909999999996,25750.924999999996,4703
1979,30900.909999999996,41200.88,36050.895,2246
1979,41200.88,51500.85,46350.865,1279
1979,51500.85,61800.81999999999,56650.83499999999,721
1979,61800.81999999999,72100.79,66950.805,442
1979,72100.79,82400.76,77250.775,329
1979,82400.76,92700.73,87550.745,153
1979,92700.73,103000.7,97850.715,172
1979,103000.7,113300.67,108150.685,65
1979,113300.67,123600.63999999998,118450.655,66
1979,123600.63999999998,133900.61,128750.62499999999,39
1979,133900.61,144200.58,139050.59499999997,35
1979,144200.58,154500.55,149350.565,37
1979,154500.55,164800.52,159650.53499999997,15
1979,164800.52,175100.49,169950.505,10
1979,175100.49,185400.46,180250.47499999998,16
1979,185400.46,195700.43,190550.445,8
1979,195700.43,206000.4,200850.41499999998,17
1979,206000.4,216300.37,211150.385,0
1979,216300.37,226600.34,221450.35499999998,5
1979,226600.34,236900.31,231750.325,3
1979,236900.31,247200.27999999997,242050.29499999998,2
1979,247200.27999999997,257500.24999999997,252350.26499999996,4
1979,257500.24999999997,267800.22,262650.235,3
1979,267800.22,278100.19,272950.20499999996,2
1979,278100.19,288400.16,283250.175,3
1979,288400.16,298700.13,293550.145,2
1979,298700.13,309000.1,303850.115,2
1979,309000.1,319300.07,314150.08499999996,3
1979,319300.07,329600.04,324450.055,0
1979,329600.04,339900.00999999995,334750.02499999997,0
1979,339900.00999999995,350199.98,345049.995,3
1979,350199.98,360499.94999999995,355349.96499999997,0
1979,360499.94999999995,370799.92,365649.93499999994,0
1979,370799.92,381099.88999999996,375949.90499999997,1
1979,381099.88999999996,391399.86,386249.875,0
1979,391399.86,401699.82999999996,396549.845,2
1979,401699.82999999996,411999.8,406849.81499999994,1
1979,411999.8,422299.76999999996,417149.785,1
1979,422299.76999999996,432599.74,427449.755,0
1979,432599.74,442899.70999999996,437749.725,2
1979,442899.70999999996,453199.68,448049.69499999995,2
1979,453199.68,463499.64999999997,458349.665,0
1979,463499.64999999997,473799.62,468649.635,0
1979,473799.62,484099.58999999997,478949.605,0
1979,484099.58999999997,494399.55999999994,489249.57499999995,0
1979,494399.55999999994,504699.52999999997,499549.5449999999,2
1979,504699.52999999997,514999.49999999994,509849.51499999996,0
1979,514999.49999999994,525299.47,520149.485,0
1979,525299.47,535599.44,530449.455,0
1979,535599.44,545899.4099999999,540749.4249999999,0
1979,545899.4099999999,556199.38,551049.395,0
1979,556199.38,566499.35,561349.365,0
1979,566499.35,576799.32,571649.335,0
1979,576799.32,587099.2899999999,581949.3049999999,0
1979,587099.2899999999,597399.26,592249.2749999999,0
1979,597399.26,607699.23,602549.245,0
1979,607699.23,617999.2,612849.215,0
1979,617999.2,628299.1699999999,623149.1849999999,0
1979,628299.1699999999,638599.14,633449.155,0
1979,638599.14,648899.11,643749.125,0
1979,648899.11,659199.08,654049.095,0
1979,659199.08,669499.0499999999,664349.065,0
1979,669499.0499999999,679799.0199999999,674649.0349999999,0
1979,679799.0199999999,690098.99,684949.0049999999,0
1979,690098.99,700398.96,695248.975,0
1979,700398.96,710698.9299999999,705548.945,0
1979,710698.9299999999,720998.8999999999,715848.9149999999,0
1979,720998.8999999999,731298.87,726148.885,0
1979,731298.87,741598.84,736448.855,0
1979,741598.84,751898.8099999999,746748.825,0
1979,751898.8099999999,762198.7799999999,757048.7949999999,0
1979,762198.7799999999,772498.75,767348.7649999999,0
1979,772498.75,782798.72,777648.735,0
1979,782798.72,793098.69,787948.705,0
1979,793098.69,803398.6599999999,798248.6749999999,0
1979,803398.6599999999,813698.63,808548.645,0
1979,813698.63,823998.6,818848.615,0
1979,823998.6,834298.57,829148.585,0
1979,834298.57,844598.5399999999,839448.5549999999,0
1979,844598.5399999999,854898.5099999999,849748.5249999999,0
1979,854898.5099999999,865198.48,860048.4949999999,0
1979,865198.48,875498.45,870348.465,0
1979,875498.45,885798.4199999999,880648.4349999999,0
1979,885798.4199999999,896098.3899999999,890948.4049999999,1
1979,896098.3899999999,906398.36,901248.375,1
1979,906398.36,916698.33,911548.345,0
1979,916698.33,926998.2999999999,921848.315,0
1979,926998.2999999999,937298.2699999999,932148.2849999999,0
1979,937298.2699999999,947598.24,942448.2549999999,0
1979,947598.24,957898.21,952748.225,0
1979,957898.21,968198.1799999999,963048.195,0
1979,968198.1799999999,978498.1499999999,973348.1649999999,0
1979,978498.1499999999,988798.1199999999,983648.1349999999,0
1979,988798.1199999999,999098.09,993948.105,0
1979,999098.09,1009398.0599999999,1004248.075,564
1979,1009398.0599999999,1019698.0299999999,1014548.0449999999,0
1979,1019698.0299999999,1029998.0,1024848.0149999999,2
1981,0.09090909090909091,8300.09,4150.090454545455,320608
1981,8300.09,16600.08909090909,12450.089545454544,81509
1981,16600.08909090909,24900.088181818177,20750.08863636363,27730
1981,24900.088181818177,33200.08727272727,29050.087727272723,14308
1981,33200.08727272727,41500.086363636365,37350.08681818182,8686
1981,41500.086363636365,49800.08545454545,45650.08590909091,4994
1981,49800.08545454545,58100.08454545454,53950.08499999999,3957
1981,58100.08454545454,66400.08363636363,62250.08409090909,2514
1981,66400.08363636363,74700.08272727272,70550.08318181818,1901
1981,74700.08272727272,83000.08181818182,78850.08227272728,1383
1981,83000.08181818182,91300.0809090909,87150.08136363636,923
1981,91300.0809090909,99600.07999999999,95450.08045454544,593
1981,99600.07999999999,107900.07909090909,103750.07954545453,749
1981,107900.07909090909,116200.07818181817,112050.07863636363,431
1981,116200.07818181817,124500.07727272727,120350.07772727273,303
1981,124500.07727272727,132800.07636363636,128650.07681818181,305
1981,132800.07636363636,141100.07545454544,136950.0759090909,163
1981,141100.07545454544,149400.07454545452,145250.07499999998,146
1981,149400.07454545452,157700.07363636364,153550.0740909091,174
1981,157700.07363636364,166000.07272727272,161850.07318181818,68
1981,166000.07272727272,174300.0718181818,170150.07227272727,106
1981,174300.0718181818,182600.0709090909,178450.07136363635,85
1981,182600.0709090909,190900.06999999998,186750.07045454544,49
1981,190900.06999999998,199200.06909090906,195050.06954545452,55
1981,199200.06909090906,207500.06818181818,203350.0686363636,83
1981,207500.06818181818,215800.06727272726,211650.06772727272,44
1981,215800.06727272726,224100.06636363635,219950.0668181818,34
1981,224100.06636363635,232400.06545454543,228250.0659090909,15
1981,232400.06545454543,240700.06454545452,236550.06499999997,33
1981,240700.06454545452,249000.06363636363,244850.0640909091,15
1981,249000.06363636363,257300.0627272727,253150.06318181817,28
1981,257300.0627272727,265600.06181818177,261450.06227272726,19
1981,265600.06181818177,273900.06090909085,269750.0613636363,19
1981,273900.06090909085,282200.05999999994,278050.0604545454,11
1981,282200.05999999994,290500.059090909,286350.05954545445,14
1981,290500.059090909,298800.0581818181,294650.0586363636,15
1981,298800.0581818181,307100.0572727272,302950.0577272726,29
1981,307100.0572727272,315400.05636363634,311250.05681818177,11
1981,315400.05636363634,323700.0554545454,319550.0559090909,10
1981,323700.0554545454,332000.0545454545,327850.05499999993,3
1981,332000.0545454545,340300.0536363636,336150.0540909091,10
1981,340300.0536363636,348600.0527272727,344450.0531818181,7
1981,348600.0527272727,356900.05181818176,352750.05227272725,2
1981,356900.05181818176,365200.05090909085,361050.0513636363,2
1981,365200.05090909085,373500.04999999993,369350.0504545454,0
1981,373500.04999999993,381800.049090909,377650.04954545444,3
1981,381800.049090909,390100.0481818181,385950.0486363636,4
1981,390100.0481818181,398400.0472727272,394250.0477272726,0
1981,398400.0472727272,406700.0463636363,402550.04681818176,3
1981,406700.0463636363,415000.0454545454,410850.0459090909,0
1981,415000.0454545454,423300.0445454545,419150.0449999999,3
1981,423300.0445454545,431600.0436363636,427450.04409090907,0
1981,431600.0436363636,439900.04272727267,435750.0431818181,3
1981,439900.04272727267,448200.04181818175,444050.04227272724,3
1981,448200.04181818175,456500.04090909084,452350.04136363626,0
1981,456500.04090909084,464800.0399999999,460650.0404545454,0
1981,464800.0399999999,473100.039090909,468950.03954545443,2
1981,473100.039090909,481400.0381818181,477250.0386363636,3
1981,481400.0381818181,489700.03727272723,485550.03772727266,0
1981,489700.03727272723,498000.0363636363,493850.03681818175,0
1981,498000.0363636363,506300.0354545454,502150.0359090909,6
1981,506300.0354545454,514600.0345454545,510450.0349999999,2
1981,514600.0345454545,522900.0336363636,518750.03409090906,0
1981,522900.0336363636,531200.0327272727,527050.0331818182,9
1981,531200.0327272727,539500.0318181819,535350.0322727272,0
1981,539500.0318181819,547800.0309090909,543650.0313636364,0
1981,547800.0309090909,556100.03,551950.0304545455,1
1981,556100.03,564400.029090909,560250.0295454545,0
1981,564400.029090909,572700.0281818182,568550.0286363636,2
1981,572700.0281818182,581000.0272727272,576850.0277272727,0
1981,581000.0272727272,589300.0263636364,585150.0268181819,0
1981,589300.0263636364,597600.0254545454,593450.0259090909,0
1981,597600.0254545454,605900.0245454545,601750.0249999999,0
1981,605900.0245454545,614200.0236363636,610050.024090909,0
1981,614200.0236363636,622500.0227272727,618350.0231818182,1
1981,622500.0227272727,630800.0218181818,626650.0222727272,0
1981,630800.0218181818,639100.0209090909,634950.0213636364,0
1981,639100.0209090909,647400.02,643250.0204545455,2
1981,647400.02,655700.019090909,651550.0195454545,0
1981,655700.019090909,664000.0181818182,659850.0186363636,0
1981,664000.0181818182,672300.0172727272,668150.0177272727,0
1981,672300.0172727272,680600.0163636364,676450.0168181818,0
1981,680600.0163636364,688900.0154545454,684750.0159090909,0
1981,688900.0154545454,697200.0145454545,693050.0149999999,3
1981,697200.0145454545,705500.0136363636,701350.014090909,1
1981,705500.0136363636,713800.0127272727,709650.0131818182,0
1981,713800.0127272727,722100.0118181818,717950.0122727272,0
1981,722100.0118181818,730400.0109090909,726250.0113636364,0
1981,730400.0109090909,738700.01,734550.0104545455,0
1981,738700.01,747000.009090909,742850.0095454545,0
1981,747000.009090909,755300.0081818182,751150.0086363635,0
1981,755300.0081818182,763600.0072727272,759450.0077272727,0
1981,763600.0072727272,771900.0063636363,767750.0068181818,0
1981,771900.0063636363,780200.0054545454,776050.0059090909,2
1981,780200.0054545454,788500.0045454545,784350.0049999999,0
1981,788500.0045454545,796800.0036363635,792650.004090909,0
1981,796800.0036363635,805100.0027272727,800950.0031818182,0
1981,805100.0027272727,813400.0018181818,809250.0022727272,0
1981,813400.0018181818,821700.0009090909,817550.0013636363,0
1981,821700.0009090909,830000.0,825850.0004545455,1
1982,1.0,51500.99,25750.995,158204
1982,51500.99,103000.98,77250.985,27966
1982,103000.98,154500.97,128750.975,8516
1982,154500.97,206000.96,180250.965,4432
1982,206000.96,257500.94999999998,231750.955,2217
1982,257500.94999999998,309000.94,283250.945,1747
1982,309000.94,360500.93,334750.935,932
1982,360500.93,412000.92,386250.925,838
1982,412000.92,463500.91,437750.915,421
1982,463500.91,515000.89999999997,489250.90499999997,483
1982,515000.89999999997,566500.89,540750.895,204
1982,566500.89,618000.88,592250.885,208
1982,618000.88,669500.87,643750.875,131
1982,669500.87,721000.86,695250.865,129
1982,721000.86,772500.85,746750.855,56
1982,772500.85,824000.84,798250.845,78
1982,824000.84,875500.83,849750.835,44
1982,875500.83,927000.82,901250.825,39
1982,927000.82,978500.8099999999,952750.815,29
1982,978500.8099999999,1030000.7999999999,1004250.8049999999,43
1982,1030000.7999999999,1081500.79,1055750.795,11
1982,1081500.79,1133000.78,1107250.7850000001,15
1982,1133000.78,1184500.77,1158750.775,9
1982,1184500.77,1236000.76,1210250.7650000001,14
1982,1236000.76,1287500.75,1261750.755,12
1982,1287500.75,1339000.74,1313250.745,2
1982,1339000.74,1390500.73,1364750.7349999999,6
1982,1390500.73,1442000.72,1416250.725,4
1982,1442000.72,1493500.71,1467750.7149999999,2
1982,1493500.71,1545000.7,1519250.705,14
1982,1545000.7,1596500.69,1570750.6949999998,1
1982,1596500.69,1648000.68,1622250.685,1
1982,1648000.68,1699500.67,1673750.6749999998,0
1982,1699500.67,1751000.66,1725250.665,3
1982,1751000.66,1802500.65,1776750.6549999998,3
1982,1802500.65,1854000.64,1828250.645,0
1982,1854000.64,1905500.63,1879750.6349999998,2
1982,1905500.63,1957000.6199999999,1931250.625,1
1982,1957000.6199999999,2008500.6099999999,1982750.6149999998,8
1982,2008500.6099999999,2060000.5999999999,2034250.605,1
1982,2060000.5999999999,2111500.59,2085750.5949999997,0
1982,2111500.59,2163000.58,2137250.585,0
1982,2163000.58,2214500.57,2188750.575,1
1982,2214500.57,2266000.56,2240250.565,2
1982,2266000.56,2317500.55,2291750.5549999997,0
1982,2317500.55,2369000.54,2343250.545,0
1982,2369000.54,2420500.53,2394750.535,0
1982,2420500.53,2472000.52,2446250.525,0
1982,2472000.52,2523500.51,2497750.5149999997,2
1982,2523500.51,2575000.5,2549250.505,2
1982,2575000.5,2626500.4899999998,2600750.495,0
1982,2626500.4899999998,2678000.48,2652250.485,0
1982,2678000.48,2729500.4699999997,2703750.4749999996,0
1982,2729500.4699999997,2781000.46,2755250.465,1
1982,2781000.46,2832500.4499999997,2806750.455,1
1982,2832500.4499999997,2884000.44,2858250.445,0
1982,2884000.44,2935500.4299999997,2909750.4349999996,0
1982,2935500.4299999997,2987000.42,2961250.425,0
1982,2987000.42,3038500.4099999997,3012750.415,5
1982,3038500.4099999997,3090000.4,3064250.405,0
1982,3090000.4,3141500.3899999997,3115750.3949999996,0
1982,3141500.3899999997,3193000.38,3167250.385,0
1982,3193000.38,3244500.3699999996,3218750.375,0
1982,3244500.3699999996,3296000.36,3270250.3649999998,0
1982,3296000.36,3347500.35,3321750.355,0
1982,3347500.35,3399000.34,3373250.3449999997,0
1982,3399000.34,3450500.33,3424750.335,0
1982,3450500.33,3502000.32,3476250.325,0
1982,3502000.32,3553500.31,3527750.315,0
1982,3553500.31,3605000.3,3579250.3049999997,0
1982,3605000.3,3656500.29,3630750.295,0
1982,3656500.29,3708000.28,3682250.285,0
1982,3708000.28,3759500.27,3733750.275,0
1982,3759500.27,3811000.26,3785250.2649999997,1
1982,3811000.26,3862500.25,3836750.255,0
1982,3862500.25,3914000.2399999998,3888250.245,0
1982,3914000.2399999998,3965500.23,3939750.235,0
1982,3965500.23,4017000.2199999997,3991250.2249999996,2
1982,4017000.2199999997,4068500.21,4042750.215,0
1982,4068500.21,4120000.1999999997,4094250.205,0
1982,4120000.1999999997,4171500.19,4145750.195,0
1982,4171500.19,4223000.18,4197250.185,0
1982,4223000.18,4274500.17,4248750.175,0
1982,4274500.17,4326000.16,4300250.165,0
1982,4326000.16,4377500.149999999,4351750.154999999,0
1982,4377500.149999999,4429000.14,4403250.145,0
1982,4429000.14,4480500.13,4454750.135,0
1982,4480500.13,4532000.12,4506250.125,0
1982,4532000.12,4583500.109999999,4557750.115,0
1982,4583500.109999999,4635000.1,4609250.1049999995,0
1982,4635000.1,4686500.09,4660750.095,0
1982,4686500.09,4738000.08,4712250.085,0
1982,4738000.08,4789500.069999999,4763750.074999999,0
1982,4789500.069999999,4841000.06,4815250.0649999995,0
1982,4841000.06,4892500.05,4866750.055,0
1982,4892500.05,4944000.04,4918250.045,0
1982,4944000.04,4995500.03,4969750.035,0
1982,4995500.03,5047000.02,5021250.025,1
1982,5047000.02,5098500.01,5072750.015,0
1982,5098500.01,5150000.0,5124250.005,1
1983,0.0,70000.0,35000.0,423138
1983,70000.0,140000.0,105000.0,46068
1983,140000.0,210000.0,175000.0,15218
1983,210000.0,280000.0,245000.0,6886
1983,280000.0,350000.0,315000.0,3347
1983,350000.0,420000.0,385000.0,1803
1983,420000.0,490000.0,455000.0,944
1983,490000.0,560000.0,525000.0,716
1983,560000.0,630000.0,595000.0,450
1983,630000.0,700000.0,665000.0,261
1983,700000.0,770000.0,735000.0,248
1983,770000.0,840000.0,805000.0,181
1983,840000.0,910000.0,875000.0,101
1983,910000.0,980000.0,945000.0,56
1983,980000.0,1050000.0,1015000.0,94
1983,1050000.0,1120000.0,1085000.0,43
1983,1120000.0,1190000.0,1155000.0,44
1983,1190000.0,1260000.0,1225000.0,32
1983,1260000.0,1330000.0,1295000.0,29
1983,1330000.0,1400000.0,1365000.0,9
1983,1400000.0,1470000.0,1435000.0,19
1983,1470000.0,1540000.0,1505000.0,16
1983,1540000.0,1610000.0,1575000.0,15
1983,1610000.0,1680000.0,1645000.0,0
1983,1680000.0,1750000.0,1715000.0,5
1983,1750000.0,1820000.0,1785000.0,8
1983,1820000.0,1890000.0,1855000.0,3
1983,1890000.0,1960000.0,1925000.0,5
1983,1960000.0,2030000.0,1995000.0,15
1983,2030000.0,2100000.0,2065000.0,3
1983,2100000.0,2170000.0,2135000.0,5
1983,2170000.0,2240000.0,2205000.0,0
1983,2240000.0,2310000.0,2275000.0,0
1983,2310000.0,2380000.0,2345000.0,3
1983,2380000.0,2450000.0,2415000.0,1
1983,2450000.0,2520000.0,2485000.0,1
1983,2520000.0,2590000.0,2555000.0,0
1983,2590000.0,2660000.0,2625000.0,5
1983,2660000.0,2730000.0,2695000.0,2
1983,2730000.0,2800000.0,2765000.0,0
1983,2800000.0,2870000.0,2835000.0,1
1983,2870000.0,2940000.0,2905000.0,0
1983,2940000.0,3010000.0,2975000.0,9
1983,3010000.0,3080000.0,3045000.0,0
1983,3080000.0,3150000.0,3115000.0,0
1983,3150000.0,3220000.0,3185000.0,0
1983,3220000.0,3290000.0,3255000.0,0
1983,3290000.0,3360000.0,3325000.0,5
1983,3360000.0,3430000.0,3395000.0,0
1983,3430000.0,3500000.0,3465000.0,0
1983,3500000.0,3570000.0,3535000.0,0
1983,3570000.0,3640000.0,3605000.0,0
1983,3640000.0,3710000.0,3675000.0,0
1983,3710000.0,3780000.0,3745000.0,0
1983,3780000.0,3850000.0,3815000.0,0
1983,3850000.0,3920000.0,3885000.0,0
1983,3920000.0,3990000.0,3955000.0,0
1983,3990000.0,4060000.0,4025000.0,0
1983,4060000.0,4130000.0,4095000.0,0
1983,4130000.0,4200000.0,4165000.0,0
1983,4200000.0,4270000.0,4235000.0,0
1983,4270000.0,4340000.0,4305000.0,3
1983,4340000.0,4410000.0,4375000.0,0
1983,4410000.0,4480000.0,4445000.0,0
1983,4480000.0,4550000.0,4515000.0,0
1983,4550000.0,4620000.0,4585000.0,0
1983,4620000.0,4690000.0,4655000.0,0
1983,4690000.0,4760000.0,4725000.0,0
1983,4760000.0,4830000.0,4795000.0,0
1983,4830000.0,4900000.0,4865000.0,0
1983,4900000.0,4970000.0,4935000.0,0
1983,4970000.0,5040000.0,5005000.0,0
1983,5040000.0,5110000.0,5075000.0,0
1983,5110000.0,5180000.0,5145000.0,0
1983,5180000.0,5250000.0,5215000.0,0
1983,5250000.0,5320000.0,5285000.0,3
1983,5320000.0,5390000.0,5355000.0,0
1983,5390000.0,5460000.0,5425000.0,0
1983,5460000.0,5530000.0,5495000.0,0
1983,5530000.0,5600000.0,5565000.0,0
1983,5600000.0,5670000.0,5635000.0,0
1983,5670000.0,5740000.0,5705000.0,0
1983,5740000.0,5810000.0,5775000.0,0
1983,5810000.0,5880000.0,5845000.0,1
1983,5880000.0,5950000.0,5915000.0,0
1983,5950000.0,6020000.0,5985000.0,0
1983,6020000.0,6090000.0,6055000.0,0
1983,6090000.0,6160000.0,6125000.0,0
1983,6160000.0,6230000.0,6195000.0,0
1983,6230000.0,6300000.0,6265000.0,0
1983,6300000.0,6370000.0,6335000.0,0
1983,6370000.0,6440000.0,6405000.0,0
1983,6440000.0,6510000.0,6475000.0,0
1983,6510000.0,6580000.0,6545000.0,0
1983,6580000.0,6650000.0,6615000.0,0
1983,6650000.0,6720000.0,6685000.0,0
1983,6720000.0,6790000.0,6755000.0,0
1983,6790000.0,6860000.0,6825000.0,0
1983,6860000.0,6930000.0,6895000.0,0
1983,6930000.0,7000000.0,6965000.0,1
1984,0.0,99999.98,49999.99,342015
1984,99999.98,199999.96,149999.97,85975
1984,199999.96,299999.94,249999.95,30495
1984,299999.94,399999.92,349999.93,15380
1984,399999.92,499999.89999999997,449999.91,8794
1984,499999.89999999997,599999.88,549999.89,6152
1984,599999.88,699999.86,649999.87,4169
1984,699999.86,799999.84,749999.85,2802
1984,799999.84,899999.82,849999.83,2183
1984,899999.82,999999.7999999999,949999.8099999999,1193
1984,999999.7999999999,1099999.78,1049999.79,1193
1984,1099999.78,1199999.76,1149999.77,787
1984,1199999.76,1299999.74,1249999.75,678
1984,1299999.74,1399999.72,1349999.73,466
1984,1399999.72,1499999.7,1449999.71,323
1984,1499999.7,1599999.68,1549999.69,372
1984,1599999.68,1699999.66,1649999.67,230
1984,1699999.66,1799999.64,1749999.65,199
1984,1799999.64,1899999.6199999999,1849999.63,174
1984,1899999.6199999999,1999999.5999999999,1949999.6099999999,103
1984,1999999.5999999999,2099999.58,2049999.5899999999,153
1984,2099999.58,2199999.56,2149999.5700000003,77
1984,2199999.56,2299999.54,2249999.55,90
1984,2299999.54,2399999.52,2349999.5300000003,75
1984,2399999.52,2499999.5,2449999.51,67
1984,2499999.5,2599999.48,2549999.49,61
1984,2599999.48,2699999.46,2649999.4699999997,26
1984,2699999.46,2799999.44,2749999.45,35
1984,2799999.44,2899999.42,2849999.4299999997,33
1984,2899999.42,2999999.4,2949999.41,12
1984,2999999.4,3099999.38,3049999.3899999997,48
1984,3099999.38,3199999.36,3149999.37,18
1984,3199999.36,3299999.34,3249999.3499999996,19
1984,3299999.34,3399999.32,3349999.33,14
1984,3399999.32,3499999.3,3449999.3099999996,20
1984,3499999.3,3599999.28,3549999.29,22
1984,3599999.28,3699999.26,3649999.2699999996,10
1984,3699999.26,3799999.2399999998,3749999.25,5
1984,3799999.2399999998,3899999.2199999997,3849999.2299999995,5
1984,3899999.2199999997,3999999.1999999997,3949999.21,4
1984,3999999.1999999997,4099999.1799999997,4049999.1899999995,8
1984,4099999.1799999997,4199999.16,4149999.17,2
1984,4199999.16,4299999.14,4249999.15,8
1984,4299999.14,4399999.12,4349999.13,3
1984,4399999.12,4499999.1,4449999.109999999,2
1984,4499999.1,4599999.08,4549999.09,7
1984,4599999.08,4699999.06,4649999.07,7
1984,4699999.06,4799999.04,4749999.05,4
1984,4799999.04,4899999.02,4849999.029999999,0
1984,4899999.02,4999999.0,4949999.01,0
1984,4999999.0,5099998.9799999995,5049998.99,6
1984,5099998.9799999995,5199998.96,5149998.97,1
1984,5199998.96,5299998.9399999995,5249998.949999999,0
1984,5299998.9399999995,5399998.92,5349998.93,0
1984,5399998.92,5499998.899999999,5449998.91,0
1984,5499998.899999999,5599998.88,5549998.89,0
1984,5599998.88,5699998.859999999,5649998.869999999,0
1984,5699998.859999999,5799998.84,5749998.85,0
1984,5799998.84,5899998.819999999,5849998.83,0
1984,5899998.819999999,5999998.8,5949998.81,0
1984,5999998.8,6099998.779999999,6049998.789999999,4
1984,6099998.779999999,6199998.76,6149998.77,0
1984,6199998.76,6299998.739999999,6249998.75,1
1984,6299998.739999999,6399998.72,6349998.7299999995,0
1984,6399998.72,6499998.7,6449998.71,0
1984,6499998.7,6599998.68,6549998.6899999995,1
1984,6599998.68,6699998.66,6649998.67,0
1984,6699998.66,6799998.64,6749998.65,0
1984,6799998.64,6899998.62,6849998.63,0
1984,6899998.62,6999998.6,6949998.609999999,0
1984,6999998.6,7099998.58,7049998.59,3
1984,7099998.58,7199998.56,7149998.57,0
1984,7199998.56,7299998.54,7249998.55,1
1984,7299998.54,7399998.52,7349998.529999999,0
1984,7399998.52,7499998.5,7449998.51,0
1984,7499998.5,7599998.4799999995,7549998.49,0
1984,7599998.4799999995,7699998.46,7649998.47,1
1984,7699998.46,7799998.4399999995,7749998.449999999,0
1984,7799998.4399999995,7899998.42,7849998.43,0
1984,7899998.42,7999998.399999999,7949998.41,0
1984,7999998.399999999,8099998.38,8049998.39,2
1984,8099998.38,8199998.359999999,8149998.369999999,1
1984,8199998.359999999,8299998.34,8249998.35,0
1984,8299998.34,8399998.32,8349998.33,0
1984,8399998.32,8499998.299999999,8449998.309999999,0
1984,8499998.299999999,8599998.28,8549998.29,1
1984,8599998.28,8699998.26,8649998.27,0
1984,8699998.26,8799998.24,8749998.25,0
1984,8799998.24,8899998.219999999,8849998.23,0
1984,8899998.219999999,8999998.2,8949998.209999999,0
1984,8999998.2,9099998.18,9049998.19,0
1984,9099998.18,9199998.16,9149998.17,0
1984,9199998.16,9299998.139999999,9249998.149999999,0
1984,9299998.139999999,9399998.12,9349998.129999999,0
1984,9399998.12,9499998.1,9449998.11,0
1984,9499998.1,9599998.08,9549998.09,0
1984,9599998.08,9699998.06,9649998.07,0
1984,9699998.06,9799998.04,9749998.05,1
1984,9799998.04,9899998.02,9849998.03,0
1984,9899998.02,9999998.0,9949998.01,2
1985,4.0,750003.96,375003.98,437280
1985,750003.96,1500003.92,1125003.94,45934
1985,1500003.92,2250003.88,1875003.9,14909
1985,2250003.88,3000003.84,2625003.86,6819
1985,3000003.84,3750003.8,3375003.82,3593
1985,3750003.8,4500003.76,4125003.78,1899
1985,4500003.76,5250003.72,4875003.74,1231
1985,5250003.72,6000003.68,5625003.699999999,653
1985,6000003.68,6750003.64,6375003.66,459
1985,6750003.64,7500003.6,7125003.619999999,336
1985,7500003.6,8250003.56,7875003.58,209
1985,8250003.56,9000003.52,8625003.54,163
1985,9000003.52,9750003.48,9375003.5,80
1985,9750003.48,10500003.44,10125003.46,131
1985,10500003.44,11250003.399999999,10875003.419999998,46
1985,11250003.399999999,12000003.36,11625003.379999999,64
1985,12000003.36,12750003.32,12375003.34,52
1985,12750003.32,13500003.28,13125003.3,31
1985,13500003.28,14250003.239999998,13875003.259999998,48
1985,14250003.239999998,15000003.2,14625003.219999999,27
1985,15000003.2,15750003.16,15375003.18,19
1985,15750003.16,16500003.12,16125003.14,21
1985,16500003.12,17250003.08,16875003.099999998,9
1985,17250003.08,18000003.04,17625003.06,14
1985,18000003.04,18750003.0,18375003.02,9
1985,18750003.0,19500002.96,19125002.98,10
1985,19500002.96,20250002.919999998,19875002.939999998,4
1985,20250002.919999998,21000002.88,20625002.9,4
1985,21000002.88,21750002.84,21375002.86,2
1985,21750002.84,22500002.799999997,22125002.82,18
1985,22500002.799999997,23250002.759999998,22875002.779999997,5
1985,23250002.759999998,24000002.72,23625002.74,4
1985,24000002.72,24750002.68,24375002.7,0
1985,24750002.68,25500002.64,25125002.66,14
1985,25500002.64,26250002.599999998,25875002.619999997,6
1985,26250002.599999998,27000002.56,26625002.58,0
1985,27000002.56,27750002.52,27375002.54,4
1985,27750002.52,28500002.479999997,28125002.5,0
1985,28500002.479999997,29250002.439999998,28875002.459999997,3
1985,29250002.439999998,30000002.4,29625002.419999998,4
1985,30000002.4,30750002.36,30375002.38,1
1985,30750002.36,31500002.32,31125002.34,0
1985,31500002.32,32250002.279999997,31875002.299999997,6
1985,32250002.279999997,33000002.24,32625002.259999998,4
1985,33000002.24,33750002.199999996,33375002.22,0
1985,33750002.199999996,34500002.16,34125002.17999999,0
1985,34500002.16,35250002.12,34875002.14,1
1985,35250002.12,36000002.08,35625002.099999994,0
1985,36000002.08,36750002.04,36375002.06,0
1985,36750002.04,37500002.0,37125002.019999996,2
1985,37500002.0,38250001.96,37875001.980000004,3
1985,38250001.96,39000001.92,38625001.94,0
1985,39000001.92,39750001.879999995,39375001.9,0
1985,39750001.879999995,40500001.839999996,40125001.86,2
1985,40500001.839999996,41250001.8,40875001.81999999,0
1985,41250001.8,42000001.76,41625001.78,0
1985,42000001.76,42750001.72,42375001.739999995,0
1985,42750001.72,43500001.68,43125001.7,1
1985,43500001.68,44250001.64,43875001.66,0
1985,44250001.64,45000001.599999994,44625001.62,0
1985,45000001.599999994,45750001.559999995,45375001.58,0
1985,45750001.559999995,46500001.519999996,46125001.53999999,0
1985,46500001.519999996,47250001.48,46875001.5,0
1985,47250001.48,48000001.44,47625001.45999999,0
1985,48000001.44,48750001.4,48375001.42,0
1985,48750001.4,49500001.36,49125001.379999995,0
1985,49500001.36,50250001.32,49875001.34,0
1985,50250001.32,51000001.28,50625001.3,0
1985,51000001.28,51750001.239999995,51375001.26,0
1985,51750001.239999995,52500001.199999996,52125001.22,0
1985,52500001.199999996,53250001.16,52875001.17999999,0
1985,53250001.16,54000001.12,53625001.14,2
1985,54000001.12,54750001.08,54375001.099999994,0
1985,54750001.08,55500001.04,55125001.06,0
1985,55500001.04,56250001.0,55875001.019999996,0
1985,56250001.0,57000000.95999999,56625000.98,0
1985,57000000.95999999,57750000.919999994,57375000.94,0
1985,57750000.919999994,58500000.879999995,58125000.89999999,0
1985,58500000.879999995,59250000.839999996,58875000.86,0
1985,59250000.839999996,60000000.8,59625000.81999999,0
1985,60000000.8,60750000.76,60375000.78,0
1985,60750000.76,61500000.72,61125000.739999995,0
1985,61500000.72,62250000.68,61875000.7,0
1985,62250000.68,63000000.64,62625000.66,0
1985,63000000.64,63750000.599999994,63375000.62,0
1985,63750000.599999994,64500000.559999995,64125000.58,0
1985,64500000.559999995,65250000.519999996,64875000.53999999,0
1985,65250000.519999996,66000000.48,65625000.5,0
1985,66000000.48,66750000.44,66375000.45999999,0
1985,66750000.44,67500000.39999999,67125000.41999999,0
1985,67500000.39999999,68250000.36,67875000.38,0
1985,68250000.36,69000000.32,68625000.34,0
1985,69000000.32,69750000.28,69375000.3,0
1985,69750000.28,70500000.24,70125000.25999999,0
1985,70500000.24,71250000.2,70875000.22,0
1985,71250000.2,72000000.16,71625000.18,0
1985,72000000.16,72750000.11999999,72375000.13999999,0
1985,72750000.11999999,73500000.08,73125000.1,0
1985,73500000.08,74250000.03999999,73875000.06,0
1985,74250000.03999999,75000000.0,74625000.02,1
1986,0.16666666666666666,3346.8316666666665,1673.4991666666665,260989
1986,3346.8316666666665,6693.496666666667,5020.1641666666665,15682
1986,6693.496666666667,10040.161666666665,8366.829166666666,4430
1986,10040.161666666665,13386.826666666666,11713.494166666665,1410
1986,13386.826666666666,16733.49166666667,15060.159166666668,659
1986,16733.49166666667,20080.156666666666,18406.824166666665,382
1986,20080.156666666666,23426.821666666667,21753.489166666666,113
1986,23426.821666666667,26773.486666666668,25100.154166666667,151
1986,26773.486666666668,30120.15166666667,28446.819166666668,93
1986,30120.15166666667,33466.816666666666,31793.48416666667,45
1986,33466.816666666666,36813.48166666667,35140.14916666667,27
1986,36813.48166666667,40160.14666666666,38486.81416666666,41
1986,40160.14666666666,43506.81166666666,41833.47916666666,11
1986,43506.81166666666,46853.47666666666,45180.144166666665,30
1986,46853.47666666666,50200.14166666666,48526.80916666666,19
1986,50200.14166666666,53546.806666666664,51873.47416666667,19
1986,53546.806666666664,56893.471666666665,55220.13916666666,2
1986,56893.471666666665,60240.136666666665,58566.80416666667,5
1986,60240.136666666665,63586.801666666666,61913.46916666666,2
1986,63586.801666666666,66933.46666666667,65260.13416666667,2
1986,66933.46666666667,70280.13166666667,68606.79916666666,5
1986,70280.13166666667,73626.79666666668,71953.46416666667,3
1986,73626.79666666668,76973.46166666667,75300.12916666668,3
1986,76973.46166666667,80320.12666666666,78646.79416666666,2
1986,80320.12666666666,83666.79166666667,81993.45916666667,0
1986,83666.79166666667,87013.45666666667,85340.12416666668,2
1986,87013.45666666667,90360.12166666667,88686.78916666667,0
1986,90360.12166666667,93706.78666666667,92033.45416666666,0
1986,93706.78666666667,97053.45166666668,95380.11916666667,0
1986,97053.45166666668,100400.11666666667,98726.78416666668,0
1986,100400.11666666667,103746.78166666668,102073.44916666667,0
1986,103746.78166666668,107093.44666666667,105420.11416666667,0
1986,107093.44666666667,110440.11166666666,108766.77916666667,2
1986,110440.11166666666,113786.77666666667,112113.44416666667,2
1986,113786.77666666667,117133.44166666667,115460.10916666666,0
1986,117133.44166666667,120480.10666666667,118806.77416666667,0
1986,120480.10666666667,123826.77166666667,122153.43916666668,0
1986,123826.77166666667,127173.43666666668,125500.10416666667,0
1986,127173.43666666668,130520.10166666667,128846.76916666667,0
1986,130520.10166666667,133866.76666666666,132193.43416666667,0
1986,133866.76666666666,137213.43166666664,135540.09916666665,0
1986,137213.43166666664,140560.09666666665,138886.76416666666,0
1986,140560.09666666665,143906.76166666666,142233.42916666664,0
1986,143906.76166666666,147253.42666666667,145580.09416666668,0
1986,147253.42666666667,150600.09166666665,148926.75916666666,0
1986,150600.09166666665,153946.75666666665,152273.42416666663,0
1986,153946.75666666665,157293.42166666666,155620.08916666667,3
1986,157293.42166666666,160640.08666666664,158966.75416666665,0
1986,160640.08666666664,163986.75166666665,162313.41916666663,0
1986,163986.75166666665,167333.41666666666,165660.08416666667,0
1986,167333.41666666666,170680.08166666667,169006.74916666665,0
1986,170680.08166666667,174026.74666666664,172353.41416666665,0
1986,174026.74666666664,177373.41166666665,175700.07916666666,0
1986,177373.41166666665,180720.07666666666,179046.74416666664,0
1986,180720.07666666666,184066.74166666667,182393.40916666668,0
1986,184066.74166666667,187413.40666666665,185740.07416666666,0
1986,187413.40666666665,190760.07166666666,189086.73916666664,0
1986,190760.07166666666,194106.73666666666,192433.40416666667,0
1986,194106.73666666666,197453.40166666664,195780.06916666665,0
1986,197453.40166666664,200800.06666666665,199126.73416666663,0
1986,200800.06666666665,204146.73166666666,202473.39916666667,0
1986,204146.73166666666,207493.39666666667,205820.06416666665,0
1986,207493.39666666667,210840.06166666665,209166.72916666666,0
1986,210840.06166666665,214186.72666666665,212513.39416666667,0
1986,214186.72666666665,217533.39166666666,215860.05916666664,2
1986,217533.39166666666,220880.05666666664,219206.72416666665,3
1986,220880.05666666664,224226.72166666665,222553.38916666666,0
1986,224226.72166666665,227573.38666666666,225900.05416666664,0
1986,227573.38666666666,230920.05166666667,229246.71916666668,0
1986,230920.05166666667,234266.71666666665,232593.38416666666,0
1986,234266.71666666665,237613.38166666665,235940.04916666663,0
1986,237613.38166666665,240960.04666666666,239286.71416666667,0
1986,240960.04666666666,244306.71166666664,242633.37916666665,0
1986,244306.71166666664,247653.37666666665,245980.04416666663,0
1986,247653.37666666665,251000.04166666666,249326.70916666667,0
1986,251000.04166666666,254346.70666666667,252673.37416666665,0
1986,254346.70666666667,257693.37166666664,256020.03916666665,0
1986,257693.37166666664,261040.03666666665,259366.70416666666,0
1986,261040.03666666665,264386.70166666666,262713.36916666664,0
1986,264386.70166666666,267733.3666666667,266060.0341666667,0
1986,267733.3666666667,271080.0316666667,269406.6991666667,0
1986,271080.0316666667,274426.69666666666,272753.36416666664,0
1986,274426.69666666666,277773.3616666667,276100.0291666667,0
1986,277773.3616666667,281120.0266666667,279446.6941666667,0
1986,281120.0266666667,284466.6916666667,282793.3591666667,0
1986,284466.6916666667,287813.3566666667,286140.02416666667,0
1986,287813.3566666667,291160.02166666667,289486.6891666667,0
1986,291160.02166666667,294506.6866666667,292833.3541666667,0
1986,294506.6866666667,297853.3516666667,296180.01916666667,0
1986,297853.3516666667,301200.01666666666,299526.6841666667,0
1986,301200.01666666666,304546.6816666667,302873.3491666667,0
1986,304546.6816666667,307893.3466666667,306220.01416666666,0
1986,307893.3466666667,311240.01166666666,309566.6791666667,0
1986,311240.01166666666,314586.6766666667,312913.3441666667,0
1986,314586.6766666667,317933.3416666667,316260.00916666666,0
1986,317933.3416666667,321280.00666666665,319606.6741666667,0
1986,321280.00666666665,324626.6716666667,322953.3391666667,0
1986,324626.6716666667,327973.33666666667,326300.00416666665,0
1986,327973.33666666667,331320.0016666667,329646.6691666667,0
1986,331320.0016666667,334666.6666666667,332993.3341666667,3
1987,3.0,5002.97,2502.985,234959
1987,5002.97,10002.94,7502.955,33473
1987,10002.94,15002.91,12502.925,10895
1987,15002.91,20002.88,17502.895,5212
1987,20002.88,25002.850000000002,22502.865,2801
1987,25002.850000000002,30002.82,27502.835,1616
1987,30002.82,35002.79,32502.805,1051
1987,35002.79,40002.76,37502.775,731
1987,40002.76,45002.73,42502.745,472
1987,45002.73,50002.700000000004,47502.715000000004,351
1987,50002.700000000004,55002.670000000006,52502.685000000005,185
1987,55002.670000000006,60002.64,57502.655,160
1987,60002.64,65002.61,62502.625,119
1987,65002.61,70002.58,67502.595,102
1987,70002.58,75002.55,72502.565,68
1987,75002.55,80002.52,77502.535,55
1987,80002.52,85002.49,82502.505,43
1987,85002.49,90002.46,87502.475,45
1987,90002.46,95002.43000000001,92502.445,22
1987,95002.43000000001,100002.40000000001,97502.41500000001,33
1987,100002.40000000001,105002.37000000001,102502.38500000001,28
1987,105002.37000000001,110002.34000000001,107502.35500000001,26
1987,110002.34000000001,115002.31000000001,112502.32500000001,16
1987,115002.31000000001,120002.28,117502.29500000001,14
1987,120002.28,125002.25,122502.265,21
1987,125002.25,130002.22,127502.235,14
1987,130002.22,135002.19,132502.20500000002,0
1987,135002.19,140002.16,137502.175,14
1987,140002.16,145002.13,142502.14500000002,9
1987,145002.13,150002.1,147502.115,9
1987,150002.1,155002.07,152502.08500000002,14
1987,155002.07,160002.04,157502.055,10
1987,160002.04,165002.01,162502.02500000002,0
1987,165002.01,170001.98,167501.995,3
1987,170001.98,175001.95,172501.96500000003,1
1987,175001.95,180001.92,177501.935,10
1987,180001.92,185001.89,182501.90500000003,3
1987,185001.89,190001.86000000002,187501.875,1
1987,190001.86000000002,195001.83000000002,192501.84500000003,0
1987,195001.83000000002,200001.80000000002,197501.815,7
1987,200001.80000000002,205001.77000000002,202501.78500000003,7
1987,205001.77000000002,210001.74000000002,207501.755,3
1987,210001.74000000002,215001.71000000002,212501.72500000003,0
1987,215001.71000000002,220001.68000000002,217501.695,0
1987,220001.68000000002,225001.65000000002,222501.66500000004,0
1987,225001.65000000002,230001.62000000002,227501.635,0
1987,230001.62000000002,235001.59000000003,232501.60500000004,0
1987,235001.59000000003,240001.56,237501.575,1
1987,240001.56,245001.53,242501.54499999998,0
1987,245001.53,250001.5,247501.515,1
1987,250001.5,255001.47,252501.485,0
1987,255001.47,260001.44,257501.45500000002,0
1987,260001.44,265001.41000000003,262501.42500000005,0
1987,265001.41000000003,270001.38,267501.395,1
1987,270001.38,275001.35000000003,272501.365,0
1987,275001.35000000003,280001.32,277501.335,0
1987,280001.32,285001.29000000004,282501.30500000005,0
1987,285001.29000000004,290001.26,287501.275,0
1987,290001.26,295001.23000000004,292501.245,0
1987,295001.23000000004,300001.2,297501.215,0
1987,300001.2,305001.17000000004,302501.18500000006,0
1987,305001.17000000004,310001.14,307501.155,0
1987,310001.14,315001.11000000004,312501.125,0
1987,315001.11000000004,320001.08,317501.09500000003,0
1987,320001.08,325001.05,322501.065,0
1987,325001.05,330001.02,327501.03500000003,0
1987,330001.02,335000.99,332501.005,0
1987,335000.99,340000.96,337500.975,0
1987,340000.96,345000.93,342500.945,0
1987,345000.93,350000.9,347500.91500000004,0
1987,350000.9,355000.87,352500.885,0
1987,355000.87,360000.84,357500.855,0
1987,360000.84,365000.81,362500.825,0
1987,365000.81,370000.78,367500.79500000004,1
1987,370000.78,375000.75,372500.765,0
1987,375000.75,380000.72000000003,377500.735,0
1987,380000.72000000003,385000.69,382500.705,0
1987,385000.69,390000.66000000003,387500.67500000005,0
1987,390000.66000000003,395000.63,392500.645,0
1987,395000.63,400000.60000000003,397500.615,0
1987,400000.60000000003,405000.57,402500.585,3
1987,405000.57,410000.54000000004,407500.55500000005,0
1987,410000.54000000004,415000.51,412500.525,0
1987,415000.51,420000.48000000004,417500.495,3
1987,420000.48000000004,425000.45,422500.465,0
1987,425000.45,430000.42000000004,427500.43500000006,0
1987,430000.42000000004,435000.39,432500.405,0
1987,435000.39,440000.36000000004,437500.375,0
1987,440000.36000000004,445000.33,442500.34500000003,0
1987,445000.33,450000.30000000005,447500.31500000006,0
1987,450000.30000000005,455000.27,452500.28500000003,0
1987,455000.27,460000.24000000005,457500.255,0
1987,460000.24000000005,465000.21,462500.22500000003,0
1987,465000.21,470000.18000000005,467500.19500000007,0
1987,470000.18000000005,475000.15,472500.16500000004,0
1987,475000.15,480000.12,477500.135,0
1987,480000.12,485000.09,482500.105,0
1987,485000.09,490000.06,487500.075,0
1987,490000.06,495000.03,492500.04500000004,0
1987,495000.03,500000.0,497500.015,2
1988,2.5,45002.475,22502.4875,244492
1988,45002.475,90002.45,67502.4625,25975
1988,90002.45,135002.425,112502.4375,8686
1988,135002.425,180002.4,157502.41249999998,4122
1988,180002.4,225002.375,202502.3875,2295
1988,225002.375,270002.35,247502.3625,1293
1988,270002.35,315002.325,292502.3375,883
1988,315002.325,360002.3,337502.3125,484
1988,360002.3,405002.27499999997,382502.2875,347
1988,405002.27499999997,450002.25,427502.26249999995,248
1988,450002.25,495002.225,472502.2375,117
1988,495002.225,540002.2,517502.21249999997,131
1988,540002.2,585002.1749999999,562502.1875,115
1988,585002.1749999999,630002.15,607502.1625,59
1988,630002.15,675002.125,652502.1375,67
1988,675002.125,720002.1,697502.1125,55
1988,720002.1,765002.075,742502.0874999999,36
1988,765002.075,810002.0499999999,787502.0625,29
1988,810002.0499999999,855002.025,832502.0375,34
1988,855002.025,900002.0,877502.0125,15
1988,900002.0,945001.975,922501.9875,24
1988,945001.975,990001.95,967501.9624999999,7
1988,990001.95,1035001.9249999999,1012501.9375,22
1988,1035001.9249999999,1080001.9,1057501.9124999999,5
1988,1080001.9,1125001.875,1102501.8875,14
1988,1125001.875,1170001.8499999999,1147501.8624999998,9
1988,1170001.8499999999,1215001.825,1192501.8375,3
1988,1215001.825,1260001.8,1237501.8125,8
1988,1260001.8,1305001.775,1282501.7875,7
1988,1305001.775,1350001.75,1327501.7625,2
1988,1350001.75,1395001.7249999999,1372501.7374999998,1
1988,1395001.7249999999,1440001.7,1417501.7125,0
1988,1440001.7,1485001.675,1462501.6875,0
1988,1485001.675,1530001.65,1507501.6625,5
1988,1530001.65,1575001.625,1552501.6375,4
1988,1575001.625,1620001.5999999999,1597501.6124999998,2
1988,1620001.5999999999,1665001.575,1642501.5875,5
1988,1665001.575,1710001.55,1687501.5625,6
1988,1710001.55,1755001.525,1732501.5375,0
1988,1755001.525,1800001.5,1777501.5125,3
1988,1800001.5,1845001.4749999999,1822501.4874999998,2
1988,1845001.4749999999,1890001.45,1867501.4625,4
1988,1890001.45,1935001.425,1912501.4375,0
1988,1935001.425,1980001.4,1957501.4125,2
1988,1980001.4,2025001.375,2002501.3875,3
1988,2025001.375,2070001.3499999999,2047501.3624999998,2
1988,2070001.3499999999,2115001.3249999997,2092501.3375,0
1988,2115001.3249999997,2160001.3,2137501.3125,0
1988,2160001.3,2205001.275,2182501.2874999996,0
1988,2205001.275,2250001.25,2227501.2625,0
1988,2250001.25,2295001.225,2272501.2375,0
1988,2295001.225,2340001.1999999997,2317501.2125,0
1988,2340001.1999999997,2385001.175,2362501.1875,0
1988,2385001.175,2430001.15,2407501.1624999996,0
1988,2430001.15,2475001.125,2452501.1375,1
1988,2475001.125,2520001.1,2497501.1125,4
1988,2520001.1,2565001.0749999997,2542501.0875,0
1988,2565001.0749999997,2610001.05,2587501.0625,0
1988,2610001.05,2655001.025,2632501.0374999996,0
1988,2655001.025,2700001.0,2677501.0125,0
1988,2700001.0,2745000.975,2722500.9875,0
1988,2745000.975,2790000.9499999997,2767500.9625,0
1988,2790000.9499999997,2835000.925,2812500.9375,0
1988,2835000.925,2880000.9,2857500.9124999996,0
1988,2880000.9,2925000.875,2902500.8875,0
1988,2925000.875,2970000.85,2947500.8625,0
1988,2970000.85,3015000.8249999997,2992500.8375,2
1988,3015000.8249999997,3060000.8,3037500.8125,0
1988,3060000.8,3105000.775,3082500.7874999996,0
1988,3105000.775,3150000.75,3127500.7625,0
1988,3150000.75,3195000.725,3172500.7375,0
1988,3195000.725,3240000.6999999997,3217500.7125,0
1988,3240000.6999999997,3285000.675,3262500.6875,0
1988,3285000.675,3330000.65,3307500.6624999996,0
1988,3330000.65,3375000.625,3352500.6375,0
1988,3375000.625,3420000.6,3397500.6125,0
1988,3420000.6,3465000.5749999997,3442500.5875,0
1988,3465000.5749999997,3510000.55,3487500.5625,0
1988,3510000.55,3555000.525,3532500.5374999996,0
1988,3555000.525,3600000.5,3577500.5125,0
1988,3600000.5,3645000.475,3622500.4875,0
1988,3645000.475,3690000.4499999997,3667500.4625,0
1988,3690000.4499999997,3735000.425,3712500.4375,0
1988,3735000.425,3780000.4,3757500.4124999996,0
1988,3780000.4,3825000.375,3802500.3875,0
1988,3825000.375,3870000.35,3847500.3625,0
1988,3870000.35,3915000.3249999997,3892500.3375,0
1988,3915000.3249999997,3960000.3,3937500.3125,0
1988,3960000.3,4005000.275,3982500.2874999996,0
1988,4005000.275,4050000.25,4027500.2625,0
1988,4050000.25,4095000.225,4072500.2375,0
1988,4095000.225,4140000.1999999997,4117500.2125,0
1988,4140000.1999999997,4185000.175,4162500.1875,0
1988,4185000.175,4230000.149999999,4207500.1625,0
1988,4230000.149999999,4275000.125,4252500.137499999,0
1988,4275000.125,4320000.1,4297500.1125,0
1988,4320000.1,4365000.075,4342500.0875,0
1988,4365000.075,4410000.05,4387500.0625,0
1988,4410000.05,4455000.024999999,4432500.0375,0
1988,4455000.024999999,4500000.0,4477500.012499999,3
1989,0.0,6250.02,3125.01,101765
1989,6250.02,12500.04,9375.03,6829
1989,12500.04,18750.06,15625.050000000001,2346
1989,18750.06,25000.08,21875.07,933
1989,25000.08,31250.100000000002,28125.090000000004,725
1989,31250.100000000002,37500.12,34375.11,195
1989,37500.12,43750.14,40625.130000000005,210
1989,43750.14,50000.16,46875.15,54
1989,50000.16,56250.18000000001,53125.170000000006,172
1989,56250.18000000001,62500.200000000004,59375.19,74
1989,62500.200000000004,68750.22,65625.21,39
1989,68750.22,75000.24,71875.23000000001,22
1989,75000.24,81250.26000000001,78125.25,52
1989,81250.26000000001,87500.28,84375.27,6
1989,87500.28,93750.3,90625.29000000001,15
1989,93750.3,100000.32,96875.31,8
1989,100000.32,106250.34000000001,103125.33000000002,35
1989,106250.34000000001,112500.36000000002,109375.35,3
1989,112500.36000000002,118750.38,115625.37000000001,3
1989,118750.38,125000.40000000001,121875.39000000001,7
1989,125000.40000000001,131250.42,128125.41,10
1989,131250.42,137500.44,134375.43,1
1989,137500.44,143750.46000000002,140625.45,4
1989,143750.46000000002,150000.48,146875.47000000003,1
1989,150000.48,156250.5,153125.49,17
1989,156250.5,162500.52000000002,159375.51,2
1989,162500.52000000002,168750.54,165625.53000000003,3
1989,168750.54,175000.56,171875.55,1
1989,175000.56,181250.58000000002,178125.57,4
1989,181250.58000000002,187500.6,184375.59000000003,0
1989,187500.6,193750.62000000002,190625.61000000002,1
1989,193750.62000000002,200000.64,196875.63,1
1989,200000.64,206250.66,203125.65000000002,10
1989,206250.66,212500.68000000002,209375.67,0
1989,212500.68000000002,218750.7,215625.69,0
1989,218750.7,225000.72000000003,221875.71000000002,1
1989,225000.72000000003,231250.74000000002,228125.73000000004,0
1989,231250.74000000002,237500.76,234375.75,0
1989,237500.76,243750.78000000003,240625.77000000002,0
1989,243750.78000000003,250000.80000000002,246875.79000000004,0
1989,250000.80000000002,256250.82,253125.81,5
1989,256250.82,262500.84,259375.83000000002,0
1989,262500.84,268750.86000000004,265625.85000000003,1
1989,268750.86000000004,275000.88,271875.87,0
1989,275000.88,281250.9,278125.89,0
1989,281250.9,287500.92000000004,284375.91000000003,0
1989,287500.92000000004,293750.94,290625.93000000005,0
1989,293750.94,300000.96,296875.95,0
1989,300000.96,306250.98000000004,303125.97000000003,4
1989,306250.98000000004,312501.0,309375.99,0
1989,312501.0,318751.02,315626.01,0
1989,318751.02,325001.04000000004,321876.03,0
1989,325001.04000000004,331251.06,328126.05000000005,0
1989,331251.06,337501.08,334376.07,2
1989,337501.08,343751.10000000003,340626.09,0
1989,343751.10000000003,350001.12,346876.11,0
1989,350001.12,356251.14,353126.13,2
1989,356251.14,362501.16000000003,359376.15,0
1989,362501.16000000003,368751.18000000005,365626.17000000004,0
1989,368751.18000000005,375001.2,371876.19000000006,0
1989,375001.2,381251.22000000003,378126.21,0
1989,381251.22000000003,387501.24000000005,384376.23000000004,0
1989,387501.24000000005,393751.26,390626.25,0
1989,393751.26,400001.28,396876.27,0
1989,400001.28,406251.30000000005,403126.29000000004,0
1989,406251.30000000005,412501.32,409376.31000000006,0
1989,412501.32,418751.34,415626.33,0
1989,418751.34,425001.36000000004,421876.35000000003,0
1989,425001.36000000004,431251.38,428126.37,0
1989,431251.38,437501.4,434376.39,0
1989,437501.4,443751.42000000004,440626.41000000003,0
1989,443751.42000000004,450001.44000000006,446876.43000000005,0
1989,450001.44000000006,456251.46,453126.45000000007,0
1989,456251.46,462501.48000000004,459376.47000000003,0
1989,462501.48000000004,468751.50000000006,465626.49000000005,0
1989,468751.50000000006,475001.52,471876.51,0
1989,475001.52,481251.54000000004,478126.53,0
1989,481251.54000000004,487501.56000000006,484376.55000000005,0
1989,487501.56000000006,493751.58,490626.57000000007,0
1989,493751.58,500001.60000000003,496876.59,0
1989,500001.60000000003,506251.62000000005,503126.61000000004,3
1989,506251.62000000005,512501.64,509376.63,0
1989,512501.64,518751.66000000003,515626.65,0
1989,518751.66000000003,525001.68,521876.67000000004,0
1989,525001.68,531251.7000000001,528126.6900000001,0
1989,531251.7000000001,537501.7200000001,534376.7100000001,0
1989,537501.7200000001,543751.74,540626.73,0
1989,543751.74,550001.76,546876.75,0
1989,550001.76,556251.78,553126.77,0
1989,556251.78,562501.8,559376.79,0
1989,562501.8,568751.8200000001,565626.81,0
1989,568751.8200000001,575001.8400000001,571876.8300000001,0
1989,575001.8400000001,581251.86,578126.8500000001,0
1989,581251.86,587501.88,584376.87,0
1989,587501.88,593751.9,590626.89,0
1989,593751.9,600001.92,596876.91,0
1989,600001.92,606251.9400000001,603126.93,1
1989,606251.9400000001,612501.9600000001,609376.9500000001,0
1989,612501.9600000001,618751.9800000001,615626.9700000001,0
1989,618751.9800000001,625002.0,621876.99,1
1990,0.0,250000.04,125000.02,108044
1990,250000.04,500000.08,375000.06,4895
1990,500000.08,750000.12,625000.1,1535
1990,750000.12,1000000.16,875000.14,511
1990,1000000.16,1250000.2,1125000.18,350
1990,1250000.2,1500000.24,1375000.22,117
1990,1500000.24,1750000.28,1625000.26,130
1990,1750000.28,2000000.32,1875000.3,38
1990,2000000.32,2250000.36,2125000.34,56
1990,2250000.36,2500000.4,2375000.38,12
1990,2500000.4,2750000.44,2625000.42,26
1990,2750000.44,3000000.48,2875000.46,7
1990,3000000.48,3250000.52,3125000.5,16
1990,3250000.52,3500000.56,3375000.54,3
1990,3500000.56,3750000.6,3625000.58,4
1990,3750000.6,4000000.64,3875000.62,2
1990,4000000.64,4250000.68,4125000.66,8
1990,4250000.68,4500000.72,4375000.699999999,2
1990,4500000.72,4750000.76,4625000.74,3
1990,4750000.76,5000000.8,4875000.779999999,1
1990,5000000.8,5250000.84,5125000.82,10
1990,5250000.84,5500000.88,5375000.859999999,0
1990,5500000.88,5750000.92,5625000.9,0
1990,5750000.92,6000000.96,5875000.9399999995,0
1990,6000000.96,6250001.0,6125000.98,4
1990,6250001.0,6500001.04,6375001.02,1
1990,6500001.04,6750001.08,6625001.0600000005,0
1990,6750001.08,7000001.12,6875001.1,0
1990,7000001.12,7250001.16,7125001.140000001,0
1990,7250001.16,7500001.2,7375001.18,0
1990,7500001.2,7750001.24,7625001.220000001,2
1990,7750001.24,8000001.28,7875001.26,0
1990,8000001.28,8250001.32,8125001.300000001,1
1990,8250001.32,8500001.36,8375001.34,0
1990,8500001.36,8750001.4,8625001.379999999,0
1990,8750001.4,9000001.44,8875001.42,0
1990,9000001.44,9250001.48,9125001.46,0
1990,9250001.48,9500001.52,9375001.5,0
1990,9500001.52,9750001.56,9625001.54,0
1990,9750001.56,10000001.6,9875001.58,0
1990,10000001.6,10250001.64,10125001.620000001,3
1990,10250001.64,10500001.68,10375001.66,0
1990,10500001.68,10750001.72,10625001.7,2
1990,10750001.72,11000001.76,10875001.74,0
1990,11000001.76,11250001.8,11125001.780000001,0
1990,11250001.8,11500001.84,11375001.82,0
1990,11500001.84,11750001.88,11625001.86,0
1990,11750001.88,12000001.92,11875001.9,0
1990,12000001.92,12250001.96,12125001.940000001,0
1990,12250001.96,12500002.0,12375001.98,0
1990,12500002.0,12750002.040000001,12625002.02,0
1990,12750002.040000001,13000002.08,12875002.06,0
1990,13000002.08,13250002.120000001,13125002.100000001,0
1990,13250002.120000001,13500002.16,13375002.14,0
1990,13500002.16,13750002.200000001,13625002.18,0
1990,13750002.200000001,14000002.24,13875002.22,0
1990,14000002.24,14250002.280000001,14125002.260000002,0
1990,14250002.280000001,14500002.32,14375002.3,0
1990,14500002.32,14750002.360000001,14625002.34,0
1990,14750002.360000001,15000002.4,14875002.38,0
1990,15000002.4,15250002.440000001,15125002.420000002,1
1990,15250002.440000001,15500002.48,15375002.46,0
1990,15500002.48,15750002.520000001,15625002.5,0
1990,15750002.520000001,16000002.56,15875002.540000001,0
1990,16000002.56,16250002.6,16125002.58,0
1990,16250002.6,16500002.64,16375002.620000001,0
1990,16500002.64,16750002.68,16625002.66,0
1990,16750002.68,17000002.72,16875002.7,0
1990,17000002.72,17250002.76,17125002.740000002,0
1990,17250002.76,17500002.8,17375002.78,0
1990,17500002.8,17750002.84,17625002.82,0
1990,17750002.84,18000002.88,17875002.86,0
1990,18000002.88,18250002.92,18125002.9,0
1990,18250002.92,18500002.96,18375002.94,0
1990,18500002.96,18750003.0,18625002.98,0
1990,18750003.0,19000003.04,18875003.02,0
1990,19000003.04,19250003.080000002,19125003.060000002,0
1990,19250003.080000002,19500003.12,19375003.1,0
1990,19500003.12,19750003.16,19625003.14,0
1990,19750003.16,20000003.2,19875003.18,0
1990,20000003.2,20250003.240000002,20125003.22,0
1990,20250003.240000002,20500003.28,20375003.26,0
1990,20500003.28,20750003.32,20625003.3,0
1990,20750003.32,21000003.36,20875003.34,0
1990,21000003.36,21250003.400000002,21125003.380000003,0
1990,21250003.400000002,21500003.44,21375003.42,0
1990,21500003.44,21750003.48,21625003.46,0
1990,21750003.48,22000003.52,21875003.5,0
1990,22000003.52,22250003.560000002,22125003.54,0
1990,22250003.560000002,22500003.6,22375003.580000002,0
1990,22500003.6,22750003.64,22625003.62,0
1990,22750003.64,23000003.68,22875003.66,0
1990,23000003.68,23250003.720000003,23125003.700000003,0
1990,23250003.720000003,23500003.76,23375003.740000002,0
1990,23500003.76,23750003.8,23625003.78,0
1990,23750003.8,24000003.84,23875003.82,0
1990,24000003.84,24250003.88,24125003.86,0
1990,24250003.88,24500003.92,24375003.9,0
1990,24500003.92,24750003.96,24625003.94,0
1990,24750003.96,25000004.0,24875003.98,1
1992,0.0,1255000.0,627500.0,65171
1992,1255000.0,2510000.0,1882500.0,7090
1992,2510000.0,3765000.0,3137500.0,2073
1992,3765000.0,5020000.0,4392500.0,918
1992,5020000.0,6275000.0,5647500.0,457
1992,6275000.0,7530000.0,6902500.0,250
1992,7530000.0,8785000.0,8157500.0,129
1992,8785000.0,10040000.0,9412500.0,103
1992,10040000.0,11295000.0,10667500.0,58
1992,11295000.0,12550000.0,11922500.0,47
1992,12550000.0,13805000.0,13177500.0,25
1992,13805000.0,15060000.0,14432500.0,29
1992,15060000.0,16315000.0,15687500.0,13
1992,16315000.0,17570000.0,16942500.0,13
1992,17570000.0,18825000.0,18197500.0,7
1992,18825000.0,20080000.0,19452500.0,10
1992,20080000.0,21335000.0,20707500.0,8
1992,21335000.0,22590000.0,21962500.0,3
1992,22590000.0,23845000.0,23217500.0,5
1992,23845000.0,25100000.0,24472500.0,2
1992,25100000.0,26355000.0,25727500.0,3
1992,26355000.0,27610000.0,26982500.0,4
1992,27610000.0,28865000.0,28237500.0,0
1992,28865000.0,30120000.0,29492500.0,3
1992,30120000.0,31375000.0,30747500.0,3
1992,31375000.0,32630000.0,32002500.0,1
1992,32630000.0,33885000.0,33257500.0,0
1992,33885000.0,35140000.0,34512500.0,2
1992,35140000.0,36395000.0,35767500.0,0
1992,36395000.0,37650000.0,37022500.0,0
1992,37650000.0,38905000.0,38277500.0,1
1992,38905000.0,40160000.0,39532500.0,2
1992,40160000.0,41415000.0,40787500.0,0
1992,41415000.0,42670000.0,42042500.0,1
1992,42670000.0,43925000.0,43297500.0,1
1992,43925000.0,45180000.0,44552500.0,0
1992,45180000.0,46435000.0,45807500.0,0
1992,46435000.0,47690000.0,47062500.0,0
1992,47690000.0,48945000.0,48317500.0,0
1992,48945000.0,50200000.0,49572500.0,1
1992,50200000.0,51455000.0,50827500.0,0
1992,51455000.0,52710000.0,52082500.0,0
1992,52710000.0,53965000.0,53337500.0,0
1992,53965000.0,55220000.0,54592500.0,0
1992,55220000.0,56475000.0,55847500.0,0
1992,56475000.0,57730000.0,57102500.0,1
1992,57730000.0,58985000.0,58357500.0,1
1992,58985000.0,60240000.0,59612500.0,0
1992,60240000.0,61495000.0,60867500.0,0
1992,61495000.0,62750000.0,62122500.0,0
1992,62750000.0,64005000.0,63377500.0,0
1992,64005000.0,65260000.0,64632500.0,0
1992,65260000.0,66515000.0,65887500.0,0
1992,66515000.0,67770000.0,67142500.0,0
1992,67770000.0,69025000.0,68397500.0,0
1992,69025000.0,70280000.0,69652500.0,0
1992,70280000.0,71535000.0,70907500.0,0
1992,71535000.0,72790000.0,72162500.0,0
1992,72790000.0,74045000.0,73417500.0,0
1992,74045000.0,75300000.0,74672500.0,1
1992,75300000.0,76555000.0,75927500.0,1
1992,76555000.0,77810000.0,77182500.0,0
1992,77810000.0,79065000.0,78437500.0,0
1992,79065000.0,80320000.0,79692500.0,1
1992,80320000.0,81575000.0,80947500.0,0
1992,81575000.0,82830000.0,82202500.0,0
1992,82830000.0,84085000.0,83457500.0,0
1992,84085000.0,85340000.0,84712500.0,0
1992,85340000.0,86595000.0,85967500.0,0
1992,86595000.0,87850000.0,87222500.0,0
1992,87850000.0,89105000.0,88477500.0,0
1992,89105000.0,90360000.0,89732500.0,0
1992,90360000.0,91615000.0,90987500.0,1
1992,91615000.0,92870000.0,92242500.0,0
1992,92870000.0,94125000.0,93497500.0,0
1992,94125000.0,95380000.0,94752500.0,0
1992,95380000.0,96635000.0,96007500.0,0
1992,96635000.0,97890000.0,97262500.0,0
1992,97890000.0,99145000.0,98517500.0,0
1992,99145000.0,100400000.0,99772500.0,0
1992,100400000.0,101655000.0,101027500.0,0
1992,101655000.0,102910000.0,102282500.0,0
1992,102910000.0,104165000.0,103537500.0,0
1992,104165000.0,105420000.0,104792500.0,0
1992,105420000.0,106675000.0,106047500.0,0
1992,106675000.0,107930000.0,107302500.0,0
1992,107930000.0,109185000.0,108557500.0,0
1992,109185000.0,110440000.0,109812500.0,0
1992,110440000.0,111695000.0,111067500.0,0
1992,111695000.0,112950000.0,112322500.0,0
1992,112950000.0,114205000.0,113577500.0,0
1992,114205000.0,115460000.0,114832500.0,0
1992,115460000.0,116715000.0,116087500.0,0
1992,116715000.0,117970000.0,117342500.0,0
1992,117970000.0,119225000.0,118597500.0,0
1992,119225000.0,120480000.0,119852500.0,0
1992,120480000.0,121735000.0,121107500.0,0
1992,121735000.0,122990000.0,122362500.0,0
1992,122990000.0,124245000.0,123617500.0,0
1992,124245000.0,125500000.0,124872500.0,1
1993,0.0,40175.0,20087.5,70919
1993,40175.0,80350.0,60262.5,4444
1993,80350.0,120525.0,100437.5,1261
1993,120525.0,160700.0,140612.5,516
1993,160700.0,200875.0,180787.5,293
1993,200875.0,241050.0,220962.5,134
1993,241050.0,281225.0,261137.5,81
1993,281225.0,321400.0,301312.5,62
1993,321400.0,361575.0,341487.5,30
1993,361575.0,401750.0,381662.5,24
1993,401750.0,441925.0,421837.5,11
1993,441925.0,482100.0,462012.5,9
1993,482100.0,522275.0,502187.5,13
1993,522275.0,562450.0,542362.5,5
1993,562450.0,602625.0,582537.5,6
1993,602625.0,642800.0,622712.5,8
1993,642800.0,682975.0,662887.5,4
1993,682975.0,723150.0,703062.5,0
1993,723150.0,763325.0,743237.5,5
1993,763325.0,803500.0,783412.5,2
1993,803500.0,843675.0,823587.5,2
1993,843675.0,883850.0,863762.5,2
1993,883850.0,924025.0,903937.5,1
1993,924025.0,964200.0,944112.5,1
1993,964200.0,1004375.0,984287.5,3
1993,1004375.0,1044550.0,1024462.5,0
1993,1044550.0,1084725.0,1064637.5,0
1993,1084725.0,1124900.0,1104812.5,1
1993,1124900.0,1165075.0,1144987.5,2
1993,1165075.0,1205250.0,1185162.5,0
1993,1205250.0,1245425.0,1225337.5,0
1993,1245425.0,1285600.0,1265512.5,0
1993,1285600.0,1325775.0,1305687.5,0
1993,1325775.0,1365950.0,1345862.5,0
1993,1365950.0,1406125.0,1386037.5,0
1993,1406125.0,1446300.0,1426212.5,0
1993,1446300.0,1486475.0,1466387.5,0
1993,1486475.0,1526650.0,1506562.5,0
1993,1526650.0,1566825.0,1546737.5,0
1993,1566825.0,1607000.0,1586912.5,0
1993,1607000.0,1647175.0,1627087.5,0
1993,1647175.0,1687350.0,1667262.5,0
1993,1687350.0,1727525.0,1707437.5,1
1993,1727525.0,1767700.0,1747612.5,0
1993,1767700.0,1807875.0,1787787.5,1
1993,1807875.0,1848050.0,1827962.5,0
1993,1848050.0,1888225.0,1868137.5,0
1993,1888225.0,1928400.0,1908312.5,0
1993,1928400.0,1968575.0,1948487.5,0
1993,1968575.0,2008750.0,1988662.5,0
1993,2008750.0,2048925.0,2028837.5,0
1993,2048925.0,2089100.0,2069012.5,0
1993,2089100.0,2129275.0,2109187.5,0
1993,2129275.0,2169450.0,2149362.5,0
1993,2169450.0,2209625.0,2189537.5,0
1993,2209625.0,2249800.0,2229712.5,0
1993,2249800.0,2289975.0,2269887.5,0
1993,2289975.0,2330150.0,2310062.5,1
1993,2330150.0,2370325.0,2350237.5,0
1993,2370325.0,2410500.0,2390412.5,0
1993,2410500.0,2450675.0,2430587.5,0
1993,2450675.0,2490850.0,2470762.5,0
1993,2490850.0,2531025.0,2510937.5,0
1993,2531025.0,2571200.0,2551112.5,0
1993,2571200.0,2611375.0,2591287.5,0
1993,2611375.0,2651550.0,2631462.5,0
1993,2651550.0,2691725.0,2671637.5,0
1993,2691725.0,2731900.0,2711812.5,0
1993,2731900.0,2772075.0,2751987.5,0
1993,2772075.0,2812250.0,2792162.5,0
1993,2812250.0,2852425.0,2832337.5,0
1993,2852425.0,2892600.0,2872512.5,0
1993,2892600.0,2932775.0,2912687.5,0
1993,2932775.0,2972950.0,2952862.5,0
1993,2972950.0,3013125.0,2993037.5,0
1993,3013125.0,3053300.0,3033212.5,0
1993,3053300.0,3093475.0,3073387.5,0
1993,3093475.0,3133650.0,3113562.5,0
1993,3133650.0,3173825.0,3153737.5,0
1993,3173825.0,3214000.0,3193912.5,0
1993,3214000.0,3254175.0,3234087.5,0
1993,3254175.0,3294350.0,3274262.5,0
1993,3294350.0,3334525.0,3314437.5,0
1993,3334525.0,3374700.0,3354612.5,0
1993,3374700.0,3414875.0,3394787.5,0
1993,3414875.0,3455050.0,3434962.5,0
1993,3455050.0,3495225.0,3475137.5,0
1993,3495225.0,3535400.0,3515312.5,0
1993,3535400.0,3575575.0,3555487.5,0
1993,3575575.0,3615750.0,3595662.5,0
1993,3615750.0,3655925.0,3635837.5,0
1993,3655925.0,3696100.0,3676012.5,0
1993,3696100.0,3736275.0,3716187.5,0
1993,3736275.0,3776450.0,3756362.5,0
1993,3776450.0,3816625.0,3796537.5,0
1993,3816625.0,3856800.0,3836712.5,0
1993,3856800.0,3896975.0,3876887.5,0
1993,3896975.0,3937150.0,3917062.5,0
1993,3937150.0,3977325.0,3957237.5,0
1993,3977325.0,4017500.0,3997412.5,1
1995,0.0,230.0,115.0,60675
1995,230.0,460.0,345.0,12229
1995,460.0,690.0,575.0,4352
1995,690.0,920.0,805.0,2192
1995,920.0,1150.0,1035.0,1252
1995,1150.0,1380.0,1265.0,760
1995,1380.0,1610.0,1495.0,512
1995,1610.0,1840.0,1725.0,314
1995,1840.0,2070.0,1955.0,254
1995,2070.0,2300.0,2185.0,170
1995,2300.0,2530.0,2415.0,169
1995,2530.0,2760.0,2645.0,86
1995,2760.0,2990.0,2875.0,53
1995,2990.0,3220.0,3105.0,99
1995,3220.0,3450.0,3335.0,43
1995,3450.0,3680.0,3565.0,48
1995,3680.0,3910.0,3795.0,18
1995,3910.0,4140.0,4025.0,42
1995,4140.0,4370.0,4255.0,19
1995,4370.0,4600.0,4485.0,12
1995,4600.0,4830.0,4715.0,16
1995,4830.0,5060.0,4945.0,31
1995,5060.0,5290.0,5175.0,7
1995,5290.0,5520.0,5405.0,16
1995,5520.0,5750.0,5635.0,6
1995,5750.0,5980.0,5865.0,9
1995,5980.0,6210.0,6095.0,16
1995,6210.0,6440.0,6325.0,1
1995,6440.0,6670.0,6555.0,7
1995,6670.0,6900.0,6785.0,4
1995,6900.0,7130.0,7015.0,4
1995,7130.0,7360.0,7245.0,3
1995,7360.0,7590.0,7475.0,2
1995,7590.0,7820.0,7705.0,1
1995,7820.0,8050.0,7935.0,2
1995,8050.0,8280.0,8165.0,1
1995,8280.0,8510.0,8395.0,2
1995,8510.0,8740.0,8625.0,1
1995,8740.0,8970.0,8855.0,2
1995,8970.0,9200.0,9085.0,5
1995,9200.0,9430.0,9315.0,1
1995,9430.0,9660.0,9545.0,1
1995,9660.0,9890.0,9775.0,0
1995,9890.0,10120.0,10005.0,6
1995,10120.0,10350.0,10235.0,0
1995,10350.0,10580.0,10465.0,0
1995,10580.0,10810.0,10695.0,1
1995,10810.0,11040.0,10925.0,1
1995,11040.0,11270.0,11155.0,0
1995,11270.0,11500.0,11385.0,0
1995,11500.0,11730.0,11615.0,1
1995,11730.0,11960.0,11845.0,0
1995,11960.0,12190.0,12075.0,1
1995,12190.0,12420.0,12305.0,1
1995,12420.0,12650.0,12535.0,0
1995,12650.0,12880.0,12765.0,1
1995,12880.0,13110.0,12995.0,2
1995,13110.0,13340.0,13225.0,0
1995,13340.0,13570.0,13455.0,0
1995,13570.0,13800.0,13685.0,0
1995,13800.0,14030.0,13915.0,1
1995,14030.0,14260.0,14145.0,0
1995,14260.0,14490.0,14375.0,0
1995,14490.0,14720.0,14605.0,0
1995,14720.0,14950.0,14835.0,0
1995,14950.0,15180.0,15065.0,0
1995,15180.0,15410.0,15295.0,0
1995,15410.0,15640.0,15525.0,1
1995,15640.0,15870.0,15755.0,0
1995,15870.0,16100.0,15985.0,0
1995,16100.0,16330.0,16215.0,0
1995,16330.0,16560.0,16445.0,0
1995,16560.0,16790.0,16675.0,0
1995,16790.0,17020.0,16905.0,0
1995,17020.0,17250.0,17135.0,0
1995,17250.0,17480.0,17365.0,0
1995,17480.0,17710.0,17595.0,0
1995,17710.0,17940.0,17825.0,0
1995,17940.0,18170.0,18055.0,0
1995,18170.0,18400.0,18285.0,0
1995,18400.0,18630.0,18515.0,0
1995,18630.0,18860.0,18745.0,0
1995,18860.0,19090.0,18975.0,0
1995,19090.0,19320.0,19205.0,0
1995,19320.0,19550.0,19435.0,0
1995,19550.0,19780.0,19665.0,0
1995,19780.0,20010.0,19895.0,0
1995,20010.0,20240.0,20125.0,0
1995,20240.0,20470.0,20355.0,0
1995,20470.0,20700.0,20585.0,0
1995,20700.0,20930.0,20815.0,0
1995,20930.0,21160.0,21045.0,0
1995,21160.0,21390.0,21275.0,0
1995,21390.0,21620.0,21505.0,0
1995,21620.0,21850.0,21735.0,0
1995,21850.0,22080.0,21965.0,0
1995,22080.0,22310.0,22195.0,1
1995,22310.0,22540.0,22425.0,0
1995,22540.0,22770.0,22655.0,0
1995,22770.0,23000.0,22885.0,1
1996,0.0,300.0,150.0,62364
1996,300.0,600.0,450.0,11197
1996,600.0,900.0,750.0,3965
1996,900.0,1200.0,1050.0,1795
1996,1200.0,1500.0,1350.0,1005
1996,1500.0,1800.0,1650.0,695
1996,1800.0,2100.0,1950.0,420
1996,2100.0,2400.0,2250.0,250
1996,2400.0,2700.0,2550.0,218
1996,2700.0,3000.0,2850.0,101
1996,3000.0,3300.0,3150.0,148
1996,3300.0,3600.0,3450.0,81
1996,3600.0,3900.0,3750.0,50
1996,3900.0,4200.0,4050.0,54
1996,4200.0,4500.0,4350.0,25
1996,4500.0,4800.0,4650.0,32
1996,4800.0,5100.0,4950.0,24
1996,5100.0,5400.0,5250.0,11
1996,5400.0,5700.0,5550.0,11
1996,5700.0,6000.0,5850.0,9
1996,6000.0,6300.0,6150.0,20
1996,6300.0,6600.0,6450.0,5
1996,6600.0,6900.0,6750.0,7
1996,6900.0,7200.0,7050.0,8
1996,7200.0,7500.0,7350.0,1
1996,7500.0,7800.0,7650.0,6
1996,7800.0,8100.0,7950.0,5
1996,8100.0,8400.0,8250.0,5
1996,8400.0,8700.0,8550.0,2
1996,8700.0,9000.0,8850.0,1
1996,9000.0,9300.0,9150.0,7
1996,9300.0,9600.0,9450.0,1
1996,9600.0,9900.0,9750.0,0
1996,9900.0,10200.0,10050.0,5
1996,10200.0,10500.0,10350.0,3
1996,10500.0,10800.0,10650.0,0
1996,10800.0,11100.0,10950.0,3
1996,11100.0,11400.0,11250.0,1
1996,11400.0,11700.0,11550.0,2
1996,11700.0,12000.0,11850.0,2
1996,12000.0,12300.0,12150.0,3
1996,12300.0,12600.0,12450.0,0
1996,12600.0,12900.0,12750.0,1
1996,12900.0,13200.0,13050.0,1
1996,13200.0,13500.0,13350.0,1
1996,13500.0,13800.0,13650.0,0
1996,13800.0,14100.0,13950.0,0
1996,14100.0,14400.0,14250.0,0
1996,14400.0,14700.0,14550.0,0
1996,14700.0,15000.0,14850.0,0
1996,15000.0,15300.0,15150.0,2
1996,15300.0,15600.0,15450.0,0
1996,15600.0,15900.0,15750.0,2
1996,15900.0,16200.0,16050.0,0
1996,16200.0,16500.0,16350.0,0
1996,16500.0,16800.0,16650.0,0
1996,16800.0,17100.0,16950.0,0
1996,17100.0,17400.0,17250.0,0
1996,17400.0,17700.0,17550.0,0
1996,17700.0,18000.0,17850.0,0
1996,18000.0,18300.0,18150.0,0
1996,18300.0,18600.0,18450.0,0
1996,18600.0,18900.0,18750.0,0
1996,18900.0,19200.0,19050.0,0
1996,19200.0,19500.0,19350.0,0
1996,19500.0,19800.0,19650.0,0
1996,19800.0,20100.0,19950.0,0
1996,20100.0,20400.0,20250.0,0
1996,20400.0,20700.0,20550.0,1
1996,20700.0,21000.0,20850.0,0
1996,21000.0,21300.0,21150.0,0
1996,21300.0,21600.0,21450.0,0
1996,21600.0,21900.0,21750.0,0
1996,21900.0,22200.0,22050.0,0
1996,22200.0,22500.0,22350.0,0
1996,22500.0,22800.0,22650.0,0
1996,22800.0,23100.0,22950.0,0
1996,23100.0,23400.0,23250.0,0
1996,23400.0,23700.0,23550.0,0
1996,23700.0,24000.0,23850.0,0
1996,24000.0,24300.0,24150.0,0
1996,24300.0,24600.0,24450.0,0
1996,24600.0,24900.0,24750.0,0
1996,24900.0,25200.0,25050.0,0
1996,25200.0,25500.0,25350.0,0
1996,25500.0,25800.0,25650.0,0
1996,25800.0,26100.0,25950.0,0
1996,26100.0,26400.0,26250.0,0
1996,26400.0,26700.0,26550.0,0
1996,26700.0,27000.0,26850.0,0
1996,27000.0,27300.0,27150.0,0
1996,27300.0,27600.0,27450.0,0
1996,27600.0,27900.0,27750.0,0
1996,27900.0,28200.0,28050.0,0
1996,28200.0,28500.0,28350.0,0
1996,28500.0,28800.0,28650.0,0
1996,28800.0,29100.0,28950.0,0
1996,29100.0,29400.0,29250.0,0
1996,29400.0,29700.0,29550.0,0
1996,29700.0,30000.0,29850.0,1
1997,0.0,538.2,269.1,76905
1997,538.2,1076.4,807.3000000000001,6858
1997,1076.4,1614.6000000000001,1345.5,2123
1997,1614.6000000000001,2152.8,1883.7000000000003,893
1997,2152.8,2691.0,2421.9,446
1997,2691.0,3229.2000000000003,2960.1000000000004,259
1997,3229.2000000000003,3767.4000000000005,3498.3,145
1997,3767.4000000000005,4305.6,4036.5000000000005,89
1997,4305.6,4843.8,4574.700000000001,58
1997,4843.8,5382.0,5112.9,54
1997,5382.0,5920.200000000001,5651.1,36
1997,5920.200000000001,6458.400000000001,6189.300000000001,20
1997,6458.400000000001,6996.6,6727.5,17
1997,6996.6,7534.800000000001,7265.700000000001,16
1997,7534.800000000001,8073.000000000001,7803.9000000000015,15
1997,8073.000000000001,8611.2,8342.1,11
1997,8611.2,9149.400000000001,8880.300000000001,6
1997,9149.400000000001,9687.6,9418.5,6
1997,9687.6,10225.800000000001,9956.7,9
1997,10225.800000000001,10764.0,10494.900000000001,4
1997,10764.0,11302.2,11033.1,6
1997,11302.2,11840.400000000001,11571.300000000001,0
1997,11840.400000000001,12378.6,12109.5,1
1997,12378.6,12916.800000000001,12647.7,0
1997,12916.800000000001,13455.000000000002,13185.900000000001,1
1997,13455.000000000002,13993.2,13724.100000000002,1
1997,13993.2,14531.400000000001,14262.300000000001,3
1997,14531.400000000001,15069.600000000002,14800.500000000002,1
1997,15069.600000000002,15607.800000000001,15338.7,0
1997,15607.800000000001,16146.000000000002,15876.900000000001,0
1997,16146.000000000002,16684.2,16415.100000000002,0
1997,16684.2,17222.4,16953.300000000003,0
1997,17222.4,17760.600000000002,17491.5,0
1997,17760.600000000002,18298.800000000003,18029.700000000004,0
1997,18298.800000000003,18837.0,18567.9,0
1997,18837.0,19375.2,19106.1,0
1997,19375.2,19913.4,19644.300000000003,0
1997,19913.4,20451.600000000002,20182.5,2
1997,20451.600000000002,20989.800000000003,20720.700000000004,0
1997,20989.800000000003,21528.0,21258.9,0
1997,21528.0,22066.2,21797.1,0
1997,22066.2,22604.4,22335.300000000003,0
1997,22604.4,23142.600000000002,22873.5,0
1997,23142.600000000002,23680.800000000003,23411.700000000004,0
1997,23680.800000000003,24219.000000000004,23949.9,0
1997,24219.000000000004,24757.2,24488.100000000002,0
1997,24757.2,25295.4,25026.300000000003,1
1997,25295.4,25833.600000000002,25564.5,0
1997,25833.600000000002,26371.800000000003,26102.700000000004,0
1997,26371.800000000003,26910.000000000004,26640.9,0
1997,26910.000000000004,27448.2,27179.100000000002,0
1997,27448.2,27986.4,27717.300000000003,0
1997,27986.4,28524.600000000002,28255.5,0
1997,28524.600000000002,29062.800000000003,28793.700000000004,0
1997,29062.800000000003,29601.000000000004,29331.9,0
1997,29601.000000000004,30139.200000000004,29870.100000000006,0
1997,30139.200000000004,30677.4,30408.300000000003,0
1997,30677.4,31215.600000000002,30946.5,0
1997,31215.600000000002,31753.800000000003,31484.700000000004,0
1997,31753.800000000003,32292.000000000004,32022.9,0
1997,32292.000000000004,32830.200000000004,32561.100000000006,0
1997,32830.200000000004,33368.4,33099.3,0
1997,33368.4,33906.600000000006,33637.5,0
1997,33906.600000000006,34444.8,34175.700000000004,0
1997,34444.8,34983.0,34713.9,0
1997,34983.0,35521.200000000004,35252.100000000006,0
1997,35521.200000000004,36059.4,35790.3,0
1997,36059.4,36597.600000000006,36328.5,0
1997,36597.600000000006,37135.8,36866.700000000004,1
1997,37135.8,37674.0,37404.9,0
1997,37674.0,38212.200000000004,37943.100000000006,0
1997,38212.200000000004,38750.4,38481.3,0
1997,38750.4,39288.600000000006,39019.5,0
1997,39288.600000000006,39826.8,39557.700000000004,0
1997,39826.8,40365.0,40095.9,0
1997,40365.0,40903.200000000004,40634.100000000006,0
1997,40903.200000000004,41441.4,41172.3,0
1997,41441.4,41979.600000000006,41710.5,0
1997,41979.600000000006,42517.8,42248.700000000004,0
1997,42517.8,43056.0,42786.9,0
1997,43056.0,43594.200000000004,43325.100000000006,0
1997,43594.200000000004,44132.4,43863.3,0
1997,44132.4,44670.600000000006,44401.5,0
1997,44670.600000000006,45208.8,44939.700000000004,0
1997,45208.8,45747.00000000001,45477.90000000001,0
1997,45747.00000000001,46285.200000000004,46016.100000000006,0
1997,46285.200000000004,46823.4,46554.3,0
1997,46823.4,47361.600000000006,47092.5,0
1997,47361.600000000006,47899.8,47630.700000000004,0
1997,47899.8,48438.00000000001,48168.90000000001,0
1997,48438.00000000001,48976.200000000004,48707.100000000006,0
1997,48976.200000000004,49514.4,49245.3,0
1997,49514.4,50052.600000000006,49783.5,0
1997,50052.600000000006,50590.8,50321.700000000004,0
1997,50590.8,51129.00000000001,50859.90000000001,0
1997,51129.00000000001,51667.200000000004,51398.100000000006,0
1997,51667.200000000004,52205.4,51936.3,0
1997,52205.4,52743.600000000006,52474.5,0
1997,52743.600000000006,53281.8,53012.700000000004,0
1997,53281.8,53820.0,53550.9,1
1998,0.0,405.0,202.5,72300
1998,405.0,810.0,607.5,9296
1998,810.0,1215.0,1012.5,3169
1998,1215.0,1620.0,1417.5,1406
1998,1620.0,2025.0,1822.5,816
1998,2025.0,2430.0,2227.5,425
1998,2430.0,2835.0,2632.5,309
1998,2835.0,3240.0,3037.5,233
1998,3240.0,3645.0,3442.5,147
1998,3645.0,4050.0,3847.5,107
1998,4050.0,4455.0,4252.5,68
1998,4455.0,4860.0,4657.5,50
1998,4860.0,5265.0,5062.5,48
1998,5265.0,5670.0,5467.5,31
1998,5670.0,6075.0,5872.5,35
1998,6075.0,6480.0,6277.5,16
1998,6480.0,6885.0,6682.5,22
1998,6885.0,7290.0,7087.5,12
1998,7290.0,7695.0,7492.5,12
1998,7695.0,8100.0,7897.5,9
1998,8100.0,8505.0,8302.5,7
1998,8505.0,8910.0,8707.5,4
1998,8910.0,9315.0,9112.5,8
1998,9315.0,9720.0,9517.5,2
1998,9720.0,10125.0,9922.5,9
1998,10125.0,10530.0,10327.5,2
1998,10530.0,10935.0,10732.5,0
1998,10935.0,11340.0,11137.5,2
1998,11340.0,11745.0,11542.5,1
1998,11745.0,12150.0,11947.5,2
1998,12150.0,12555.0,12352.5,0
1998,12555.0,12960.0,12757.5,0
1998,12960.0,13365.0,13162.5,1
1998,13365.0,13770.0,13567.5,1
1998,13770.0,14175.0,13972.5,1
1998,14175.0,14580.0,14377.5,0
1998,14580.0,14985.0,14782.5,0
1998,14985.0,15390.0,15187.5,1
1998,15390.0,15795.0,15592.5,0
1998,15795.0,16200.0,15997.5,2
1998,16200.0,16605.0,16402.5,1
1998,16605.0,17010.0,16807.5,0
1998,17010.0,17415.0,17212.5,0
1998,17415.0,17820.0,17617.5,0
1998,17820.0,18225.0,18022.5,1
1998,18225.0,18630.0,18427.5,0
1998,18630.0,19035.0,18832.5,0
1998,19035.0,19440.0,19237.5,0
1998,19440.0,19845.0,19642.5,0
1998,19845.0,20250.0,20047.5,1
1998,20250.0,20655.0,20452.5,0
1998,20655.0,21060.0,20857.5,0
1998,21060.0,21465.0,21262.5,0
1998,21465.0,21870.0,21667.5,0
1998,21870.0,22275.0,22072.5,0
1998,22275.0,22680.0,22477.5,1
1998,22680.0,23085.0,22882.5,0
1998,23085.0,23490.0,23287.5,0
1998,23490.0,23895.0,23692.5,0
1998,23895.0,24300.0,24097.5,0
1998,24300.0,24705.0,24502.5,0
1998,24705.0,25110.0,24907.5,1
1998,25110.0,25515.0,25312.5,0
1998,25515.0,25920.0,25717.5,0
1998,25920.0,26325.0,26122.5,0
1998,26325.0,26730.0,26527.5,0
1998,26730.0,27135.0,26932.5,0
1998,27135.0,27540.0,27337.5,0
1998,27540.0,27945.0,27742.5,0
1998,27945.0,28350.0,28147.5,0
1998,28350.0,28755.0,28552.5,0
1998,28755.0,29160.0,28957.5,1
1998,29160.0,29565.0,29362.5,0
1998,29565.0,29970.0,29767.5,0
1998,29970.0,30375.0,30172.5,0
1998,30375.0,30780.0,30577.5,0
1998,30780.0,31185.0,30982.5,0
1998,31185.0,31590.0,31387.5,0
1998,31590.0,31995.0,31792.5,0
1998,31995.0,32400.0,32197.5,0
1998,32400.0,32805.0,32602.5,0
1998,32805.0,33210.0,33007.5,0
1998,33210.0,33615.0,33412.5,0
1998,33615.0,34020.0,33817.5,0
1998,34020.0,34425.0,34222.5,0
1998,34425.0,34830.0,34627.5,0
1998,34830.0,35235.0,35032.5,0
1998,35235.0,35640.0,35437.5,0
1998,35640.0,36045.0,35842.5,0
1998,36045.0,36450.0,36247.5,0
1998,36450.0,36855.0,36652.5,0
1998,36855.0,37260.0,37057.5,0
1998,37260.0,37665.0,37462.5,1
1998,37665.0,38070.0,37867.5,0
1998,38070.0,38475.0,38272.5,0
1998,38475.0,38880.0,38677.5,0
1998,38880.0,39285.0,39082.5,0
1998,39285.0,39690.0,39487.5,0
1998,39690.0,40095.0,39892.5,0
1998,40095.0,40500.0,40297.5,1
1999,0.0,284.45,142.225,66626
1999,284.45,568.9,426.67499999999995,13552
1999,568.9,853.3499999999999,711.125,4820
1999,853.3499999999999,1137.8,995.5749999999999,2272
1999,1137.8,1422.25,1280.025,1341
1999,1422.25,1706.6999999999998,1564.475,856
1999,1706.6999999999998,1991.1499999999999,1848.9249999999997,501
1999,1991.1499999999999,2275.6,2133.375,493
1999,2275.6,2560.0499999999997,2417.825,295
1999,2560.0499999999997,2844.5,2702.2749999999996,160
1999,2844.5,3128.95,2986.725,157
1999,3128.95,3413.3999999999996,3271.1749999999997,111
1999,3413.3999999999996,3697.85,3555.625,92
1999,3697.85,3982.2999999999997,3840.075,69
1999,3982.2999999999997,4266.75,4124.525,72
1999,4266.75,4551.2,4408.975,43
1999,4551.2,4835.65,4693.424999999999,27
1999,4835.65,5120.099999999999,4977.875,50
1999,5120.099999999999,5404.55,5262.325,27
1999,5404.55,5689.0,5546.775,22
1999,5689.0,5973.45,5831.225,12
1999,5973.45,6257.9,6115.674999999999,25
1999,6257.9,6542.349999999999,6400.125,17
1999,6542.349999999999,6826.799999999999,6684.574999999999,8
1999,6826.799999999999,7111.25,6969.025,23
1999,7111.25,7395.7,7253.475,4
1999,7395.7,7680.15,7537.924999999999,4
1999,7680.15,7964.599999999999,7822.375,3
1999,7964.599999999999,8249.05,8106.824999999999,11
1999,8249.05,8533.5,8391.275,3
1999,8533.5,8817.949999999999,8675.724999999999,3
1999,8817.949999999999,9102.4,8960.175,7
1999,9102.4,9386.85,9244.625,1
1999,9386.85,9671.3,9529.075,1
1999,9671.3,9955.75,9813.525,1
1999,9955.75,10240.199999999999,10097.974999999999,8
1999,10240.199999999999,10524.65,10382.425,4
1999,10524.65,10809.1,10666.875,0
1999,10809.1,11093.55,10951.325,2
1999,11093.55,11378.0,11235.775,1
1999,11378.0,11662.449999999999,11520.224999999999,0
1999,11662.449999999999,11946.9,11804.675,0
1999,11946.9,12231.35,12089.125,0
1999,12231.35,12515.8,12373.575,3
1999,12515.8,12800.25,12658.025,0
1999,12800.25,13084.699999999999,12942.474999999999,1
1999,13084.699999999999,13369.15,13226.925,0
1999,13369.15,13653.599999999999,13511.375,1
1999,13653.599999999999,13938.05,13795.824999999999,0
1999,13938.05,14222.5,14080.275,1
1999,14222.5,14506.949999999999,14364.724999999999,0
1999,14506.949999999999,14791.4,14649.175,1
1999,14791.4,15075.849999999999,14933.625,1
1999,15075.849999999999,15360.3,15218.074999999999,0
1999,15360.3,15644.75,15502.525,0
1999,15644.75,15929.199999999999,15786.974999999999,0
1999,15929.199999999999,16213.65,16071.425,1
1999,16213.65,16498.1,16355.875,1
1999,16498.1,16782.55,16640.324999999997,0
1999,16782.55,17067.0,16924.775,1
1999,17067.0,17351.45,17209.225,0
1999,17351.45,17635.899999999998,17493.675,0
1999,17635.899999999998,17920.35,17778.125,0
1999,17920.35,18204.8,18062.574999999997,0
1999,18204.8,18489.25,18347.025,0
1999,18489.25,18773.7,18631.475,0
1999,18773.7,19058.149999999998,18915.925,0
1999,19058.149999999998,19342.6,19200.375,0
1999,19342.6,19627.05,19484.824999999997,0
1999,19627.05,19911.5,19769.275,0
1999,19911.5,20195.95,20053.725,0
1999,20195.95,20480.399999999998,20338.175,0
1999,20480.399999999998,20764.85,20622.625,0
1999,20764.85,21049.3,20907.074999999997,0
1999,21049.3,21333.75,21191.525,0
1999,21333.75,21618.2,21475.975,0
1999,21618.2,21902.649999999998,21760.425,0
1999,21902.649999999998,22187.1,22044.875,0
1999,22187.1,22471.55,22329.324999999997,0
1999,22471.55,22756.0,22613.775,0
1999,22756.0,23040.45,22898.225,0
1999,23040.45,23324.899999999998,23182.675,0
1999,23324.899999999998,23609.35,23467.125,0
1999,23609.35,23893.8,23751.574999999997,0
1999,23893.8,24178.25,24036.025,0
1999,24178.25,24462.7,24320.475,0
1999,24462.7,24747.149999999998,24604.925,0
1999,24747.149999999998,25031.6,24889.375,0
1999,25031.6,25316.05,25173.824999999997,1
1999,25316.05,25600.5,25458.275,0
1999,25600.5,25884.95,25742.725,0
1999,25884.95,26169.399999999998,26027.175,0
1999,26169.399999999998,26453.85,26311.625,0
1999,26453.85,26738.3,26596.074999999997,0
1999,26738.3,27022.75,26880.525,0
1999,27022.75,27307.199999999997,27164.975,0
1999,27307.199999999997,27591.649999999998,27449.424999999996,0
1999,27591.649999999998,27876.1,27733.875,0
1999,27876.1,28160.55,28018.324999999997,0
1999,28160.55,28445.0,28302.775,1
2001,0.0,400.0,200.0,78582
2001,400.0,800.0,600.0,13015
2001,800.0,1200.0,1000.0,4249
2001,1200.0,1600.0,1400.0,2075
2001,1600.0,2000.0,1800.0,1001
2001,2000.0,2400.0,2200.0,696
2001,2400.0,2800.0,2600.0,477
2001,2800.0,3200.0,3000.0,325
2001,3200.0,3600.0,3400.0,205
2001,3600.0,4000.0,3800.0,116
2001,4000.0,4400.0,4200.0,167
2001,4400.0,4800.0,4600.0,87
2001,4800.0,5200.0,5000.0,119
2001,5200.0,5600.0,5400.0,54
2001,5600.0,6000.0,5800.0,39
2001,6000.0,6400.0,6200.0,32
2001,6400.0,6800.0,6600.0,29
2001,6800.0,7200.0,7000.0,30
2001,7200.0,7600.0,7400.0,18
2001,7600.0,8000.0,7800.0,7
2001,8000.0,8400.0,8200.0,21
2001,8400.0,8800.0,8600.0,6
2001,8800.0,9200.0,9000.0,9
2001,9200.0,9600.0,9400.0,5
2001,9600.0,10000.0,9800.0,4
2001,10000.0,10400.0,10200.0,15
2001,10400.0,10800.0,10600.0,2
2001,10800.0,11200.0,11000.0,5
2001,11200.0,11600.0,11400.0,7
2001,11600.0,12000.0,11800.0,0
2001,12000.0,12400.0,12200.0,2
2001,12400.0,12800.0,12600.0,1
2001,12800.0,13200.0,13000.0,3
2001,13200.0,13600.0,13400.0,2
2001,13600.0,14000.0,13800.0,1
2001,14000.0,14400.0,14200.0,1
2001,14400.0,14800.0,14600.0,0
2001,14800.0,15200.0,15000.0,0
2001,15200.0,15600.0,15400.0,1
2001,15600.0,16000.0,15800.0,0
2001,16000.0,16400.0,16200.0,3
2001,16400.0,16800.0,16600.0,1
2001,16800.0,17200.0,17000.0,1
2001,17200.0,17600.0,17400.0,0
2001,17600.0,18000.0,17800.0,1
2001,18000.0,18400.0,18200.0,1
2001,18400.0,18800.0,18600.0,0
2001,18800.0,19200.0,19000.0,1
2001,19200.0,19600.0,19400.0,0
2001,19600.0,20000.0,19800.0,1
2001,20000.0,20400.0,20200.0,1
2001,20400.0,20800.0,20600.0,0
2001,20800.0,21200.0,21000.0,0
2001,21200.0,21600.0,21400.0,1
2001,21600.0,22000.0,21800.0,0
2001,22000.0,22400.0,22200.0,0
2001,22400.0,22800.0,22600.0,0
2001,22800.0,23200.0,23000.0,0
2001,23200.0,23600.0,23400.0,0
2001,23600.0,24000.0,23800.0,0
2001,24000.0,24400.0,24200.0,1
2001,24400.0,24800.0,24600.0,0
2001,24800.0,25200.0,25000.0,0
2001,25200.0,25600.0,25400.0,0
2001,25600.0,26000.0,25800.0,0
2001,26000.0,26400.0,26200.0,0
2001,26400.0,26800.0,26600.0,2
2001,26800.0,27200.0,27000.0,0
2001,27200.0,27600.0,27400.0,0
2001,27600.0,28000.0,27800.0,0
2001,28000.0,28400.0,28200.0,0
2001,28400.0,28800.0,28600.0,0
2001,28800.0,29200.0,29000.0,0
2001,29200.0,29600.0,29400.0,0
2001,29600.0,30000.0,29800.0,0
2001,30000.0,30400.0,30200.0,0
2001,30400.0,30800.0,30600.0,0
2001,30800.0,31200.0,31000.0,0
2001,31200.0,31600.0,31400.0,0
2001,31600.0,32000.0,31800.0,0
2001,32000.0,32400.0,32200.0,0
2001,32400.0,32800.0,32600.0,0
2001,32800.0,33200.0,33000.0,0
2001,33200.0,33600.0,33400.0,0
2001,33600.0,34000.0,33800.0,0
2001,34000.0,34400.0,34200.0,0
2001,34400.0,34800.0,34600.0,0
2001,34800.0,35200.0,35000.0,0
2001,35200.0,35600.0,35400.0,0
2001,35600.0,36000.0,35800.0,0
2001,36000.0,36400.0,36200.0,0
2001,36400.0,36800.0,36600.0,0
2001,36800.0,37200.0,37000.0,0
2001,37200.0,37600.0,37400.0,0
2001,37600.0,38000.0,37800.0,0
2001,38000.0,38400.0,38200.0,0
2001,38400.0,38800.0,38600.0,0
2001,38800.0,39200.0,39000.0,0
2001,39200.0,39600.0,39400.0,0
2001,39600.0,40000.0,39800.0,1
2002,0.0,1540.0,770.0,99504
2002,1540.0,3080.0,2310.0,3181
2002,3080.0,4620.0,3850.0,717
2002,4620.0,6160.0,5390.0,295
2002,6160.0,7700.0,6930.0,95
2002,7700.0,9240.0,8470.0,63
2002,9240.0,10780.0,10010.0,26
2002,10780.0,12320.0,11550.0,11
2002,12320.0,13860.0,13090.0,5
2002,13860.0,15400.0,14630.0,5
2002,15400.0,16940.0,16170.0,3
2002,16940.0,18480.0,17710.0,2
2002,18480.0,20020.0,19250.0,0
2002,20020.0,21560.0,20790.0,0
2002,21560.0,23100.0,22330.0,0
2002,23100.0,24640.0,23870.0,0
2002,24640.0,26180.0,25410.0,2
2002,26180.0,27720.0,26950.0,0
2002,27720.0,29260.0,28490.0,1
2002,29260.0,30800.0,30030.0,2
2002,30800.0,32340.0,31570.0,1
2002,32340.0,33880.0,33110.0,0
2002,33880.0,35420.0,34650.0,0
2002,35420.0,36960.0,36190.0,0
2002,36960.0,38500.0,37730.0,1
2002,38500.0,40040.0,39270.0,0
2002,40040.0,41580.0,40810.0,0
2002,41580.0,43120.0,42350.0,0
2002,43120.0,44660.0,43890.0,0
2002,44660.0,46200.0,45430.0,0
2002,46200.0,47740.0,46970.0,0
2002,47740.0,49280.0,48510.0,0
2002,49280.0,50820.0,50050.0,0
2002,50820.0,52360.0,51590.0,0
2002,52360.0,53900.0,53130.0,0
2002,53900.0,55440.0,54670.0,0
2002,55440.0,56980.0,56210.0,0
2002,56980.0,58520.0,57750.0,0
2002,58520.0,60060.0,59290.0,0
2002,60060.0,61600.0,60830.0,0
2002,61600.0,63140.0,62370.0,0
2002,63140.0,64680.0,63910.0,0
2002,64680.0,66220.0,65450.0,0
2002,66220.0,67760.0,66990.0,0
2002,67760.0,69300.0,68530.0,0
2002,69300.0,70840.0,70070.0,0
2002,70840.0,72380.0,71610.0,0
2002,72380.0,73920.0,73150.0,0
2002,73920.0,75460.0,74690.0,0
2002,75460.0,77000.0,76230.0,0
2002,77000.0,78540.0,77770.0,0
2002,78540.0,80080.0,79310.0,0
2002,80080.0,81620.0,80850.0,0
2002,81620.0,83160.0,82390.0,0
2002,83160.0,84700.0,83930.0,0
2002,84700.0,86240.0,85470.0,0
2002,86240.0,87780.0,87010.0,0
2002,87780.0,89320.0,88550.0,0
2002,89320.0,90860.0,90090.0,0
2002,90860.0,92400.0,91630.0,0
2002,92400.0,93940.0,93170.0,0
2002,93940.0,95480.0,94710.0,0
2002,95480.0,97020.0,96250.0,0
2002,97020.0,98560.0,97790.0,0
2002,98560.0,100100.0,99330.0,0
2002,100100.0,101640.0,100870.0,0
2002,101640.0,103180.0,102410.0,0
2002,103180.0,104720.0,103950.0,0
2002,104720.0,106260.0,105490.0,0
2002,106260.0,107800.0,107030.0,0
2002,107800.0,109340.0,108570.0,0
2002,109340.0,110880.0,110110.0,0
2002,110880.0,112420.0,111650.0,0
2002,112420.0,113960.0,113190.0,0
2002,113960.0,115500.0,114730.0,0
2002,115500.0,117040.0,116270.0,0
2002,117040.0,118580.0,117810.0,0
2002,118580.0,120120.0,119350.0,0
2002,120120.0,121660.0,120890.0,0
2002,121660.0,123200.0,122430.0,0
2002,123200.0,124740.0,123970.0,0
2002,124740.0,126280.0,125510.0,0
2002,126280.0,127820.0,127050.0,0
2002,127820.0,129360.0,128590.0,0
2002,129360.0,130900.0,130130.0,0
2002,130900.0,132440.0,131670.0,0
2002,132440.0,133980.0,133210.0,0
2002,133980.0,135520.0,134750.0,0
2002,135520.0,137060.0,136290.0,0
2002,137060.0,138600.0,137830.0,0
2002,138600.0,140140.0,139370.0,0
2002,140140.0,141680.0,140910.0,0
2002,141680.0,143220.0,142450.0,0
2002,143220.0,144760.0,143990.0,0
2002,144760.0,146300.0,145530.0,0
2002,146300.0,147840.0,147070.0,0
2002,147840.0,149380.0,148610.0,0
2002,149380.0,150920.0,150150.0,0
2002,150920.0,152460.0,151690.0,0
2002,152460.0,154000.0,153230.0,1
2003,0.0,380.0,190.0,74627
2003,380.0,760.0,570.0,17571
2003,760.0,1140.0,950.0,5610
2003,1140.0,1520.0,1330.0,2905
2003,1520.0,1900.0,1710.0,1363
2003,1900.0,2280.0,2090.0,1010
2003,2280.0,2660.0,2470.0,595
2003,2660.0,3040.0,2850.0,530
2003,3040.0,3420.0,3230.0,284
2003,3420.0,3800.0,3610.0,235
2003,3800.0,4180.0,3990.0,193
2003,4180.0,4560.0,4370.0,128
2003,4560.0,4940.0,4750.0,81
2003,4940.0,5320.0,5130.0,137
2003,5320.0,5700.0,5510.0,64
2003,5700.0,6080.0,5890.0,67
2003,6080.0,6460.0,6270.0,32
2003,6460.0,6840.0,6650.0,20
2003,6840.0,7220.0,7030.0,33
2003,7220.0,7600.0,7410.0,24
2003,7600.0,7980.0,7790.0,10
2003,7980.0,8360.0,8170.0,32
2003,8360.0,8740.0,8550.0,8
2003,8740.0,9120.0,8930.0,15
2003,9120.0,9500.0,9310.0,5
2003,9500.0,9880.0,9690.0,9
2003,9880.0,10260.0,10070.0,30
2003,10260.0,10640.0,10450.0,6
2003,10640.0,11020.0,10830.0,8
2003,11020.0,11400.0,11210.0,2
2003,11400.0,11780.0,11590.0,5
2003,11780.0,12160.0,11970.0,7
2003,12160.0,12540.0,12350.0,3
2003,12540.0,12920.0,12730.0,3
2003,12920.0,13300.0,13110.0,4
2003,13300.0,13680.0,13490.0,1
2003,13680.0,14060.0,13870.0,2
2003,14060.0,14440.0,14250.0,2
2003,14440.0,14820.0,14630.0,0
2003,14820.0,15200.0,15010.0,2
2003,15200.0,15580.0,15390.0,1
2003,15580.0,15960.0,15770.0,1
2003,15960.0,16340.0,16150.0,1
2003,16340.0,16720.0,16530.0,1
2003,16720.0,17100.0,16910.0,0
2003,17100.0,17480.0,17290.0,0
2003,17480.0,17860.0,17670.0,0
2003,17860.0,18240.0,18050.0,0
2003,18240.0,18620.0,18430.0,0
2003,18620.0,19000.0,18810.0,1
2003,19000.0,19380.0,19190.0,0
2003,19380.0,19760.0,19570.0,1
2003,19760.0,20140.0,19950.0,1
2003,20140.0,20520.0,20330.0,1
2003,20520.0,20900.0,20710.0,0
2003,20900.0,21280.0,21090.0,0
2003,21280.0,21660.0,21470.0,0
2003,21660.0,22040.0,21850.0,0
2003,22040.0,22420.0,22230.0,0
2003,22420.0,22800.0,22610.0,0
2003,22800.0,23180.0,22990.0,0
2003,23180.0,23560.0,23370.0,0
2003,23560.0,23940.0,23750.0,0
2003,23940.0,24320.0,24130.0,0
2003,24320.0,24700.0,24510.0,0
2003,24700.0,25080.0,24890.0,1
2003,25080.0,25460.0,25270.0,0
2003,25460.0,25840.0,25650.0,0
2003,25840.0,26220.0,26030.0,0
2003,26220.0,26600.0,26410.0,0
2003,26600.0,26980.0,26790.0,0
2003,26980.0,27360.0,27170.0,1
2003,27360.0,27740.0,27550.0,0
2003,27740.0,28120.0,27930.0,0
2003,28120.0,28500.0,28310.0,0
2003,28500.0,28880.0,28690.0,0
2003,28880.0,29260.0,29070.0,0
2003,29260.0,29640.0,29450.0,0
2003,29640.0,30020.0,29830.0,0
2003,30020.0,30400.0,30210.0,0
2003,30400.0,30780.0,30590.0,0
2003,30780.0,31160.0,30970.0,0
2003,31160.0,31540.0,31350.0,0
2003,31540.0,31920.0,31730.0,0
2003,31920.0,32300.0,32110.0,0
2003,32300.0,32680.0,32490.0,1
2003,32680.0,33060.0,32870.0,0
2003,33060.0,33440.0,33250.0,0
2003,33440.0,33820.0,33630.0,0
2003,33820.0,34200.0,34010.0,0
2003,34200.0,34580.0,34390.0,0
2003,34580.0,34960.0,34770.0,0
2003,34960.0,35340.0,35150.0,0
2003,35340.0,35720.0,35530.0,0
2003,35720.0,36100.0,35910.0,1
2003,36100.0,36480.0,36290.0,0
2003,36480.0,36860.0,36670.0,0
2003,36860.0,37240.0,37050.0,0
2003,37240.0,37620.0,37430.0,0
2003,37620.0,38000.0,37810.0,1
2004,0.0,612.5,306.25,89738
2004,612.5,1225.0,918.75,12268
2004,1225.0,1837.5,1531.25,3776
2004,1837.5,2450.0,2143.75,1684
2004,2450.0,3062.5,2756.25,1115
2004,3062.5,3675.0,3368.75,502
2004,3675.0,4287.5,3981.25,359
2004,4287.5,4900.0,4593.75,198
2004,4900.0,5512.5,5206.25,218
2004,5512.5,6125.0,5818.75,111
2004,6125.0,6737.5,6431.25,70
2004,6737.5,7350.0,7043.75,56
2004,7350.0,7962.5,7656.25,46
2004,7962.5,8575.0,8268.75,51
2004,8575.0,9187.5,8881.25,21
2004,9187.5,9800.0,9493.75,14
2004,9800.0,10412.5,10106.25,41
2004,10412.5,11025.0,10718.75,7
2004,11025.0,11637.5,11331.25,8
2004,11637.5,12250.0,11943.75,13
2004,12250.0,12862.5,12556.25,11
2004,12862.5,13475.0,13168.75,5
2004,13475.0,14087.5,13781.25,4
2004,14087.5,14700.0,14393.75,3
2004,14700.0,15312.5,15006.25,5
2004,15312.5,15925.0,15618.75,2
2004,15925.0,16537.5,16231.25,4
2004,16537.5,17150.0,16843.75,2
2004,17150.0,17762.5,17456.25,0
2004,17762.5,18375.0,18068.75,2
2004,18375.0,18987.5,18681.25,0
2004,18987.5,19600.0,19293.75,1
2004,19600.0,20212.5,19906.25,3
2004,20212.5,20825.0,20518.75,0
2004,20825.0,21437.5,21131.25,0
2004,21437.5,22050.0,21743.75,2
2004,22050.0,22662.5,22356.25,0
2004,22662.5,23275.0,22968.75,0
2004,23275.0,23887.5,23581.25,0
2004,23887.5,24500.0,24193.75,2
2004,24500.0,25112.5,24806.25,1
2004,25112.5,25725.0,25418.75,0
2004,25725.0,26337.5,26031.25,2
2004,26337.5,26950.0,26643.75,0
2004,26950.0,27562.5,27256.25,0
2004,27562.5,28175.0,27868.75,0
2004,28175.0,28787.5,28481.25,1
2004,28787.5,29400.0,29093.75,0
2004,29400.0,30012.5,29706.25,1
2004,30012.5,30625.0,30318.75,0
2004,30625.0,31237.5,30931.25,0
2004,31237.5,31850.0,31543.75,0
2004,31850.0,32462.5,32156.25,0
2004,32462.5,33075.0,32768.75,0
2004,33075.0,33687.5,33381.25,0
2004,33687.5,34300.0,33993.75,0
2004,34300.0,34912.5,34606.25,0
2004,34912.5,35525.0,35218.75,0
2004,35525.0,36137.5,35831.25,1
2004,36137.5,36750.0,36443.75,0
2004,36750.0,37362.5,37056.25,0
2004,37362.5,37975.0,37668.75,0
2004,37975.0,38587.5,38281.25,0
2004,38587.5,39200.0,38893.75,0
2004,39200.0,39812.5,39506.25,0
2004,39812.5,40425.0,40118.75,0
2004,40425.0,41037.5,40731.25,0
2004,41037.5,41650.0,41343.75,0
2004,41650.0,42262.5,41956.25,0
2004,42262.5,42875.0,42568.75,0
2004,42875.0,43487.5,43181.25,0
2004,43487.5,44100.0,43793.75,0
2004,44100.0,44712.5,44406.25,0
2004,44712.5,45325.0,45018.75,0
2004,45325.0,45937.5,45631.25,0
2004,45937.5,46550.0,46243.75,1
2004,46550.0,47162.5,46856.25,0
2004,47162.5,47775.0,47468.75,0
2004,47775.0,48387.5,48081.25,0
2004,48387.5,49000.0,48693.75,0
2004,49000.0,49612.5,49306.25,0
2004,49612.5,50225.0,49918.75,0
2004,50225.0,50837.5,50531.25,1
2004,50837.5,51450.0,51143.75,0
2004,51450.0,52062.5,51756.25,0
2004,52062.5,52675.0,52368.75,0
2004,52675.0,53287.5,52981.25,0
2004,53287.5,53900.0,53593.75,0
2004,53900.0,54512.5,54206.25,0
2004,54512.5,55125.0,54818.75,0
2004,55125.0,55737.5,55431.25,0
2004,55737.5,56350.0,56043.75,0
2004,56350.0,56962.5,56656.25,0
2004,56962.5,57575.0,57268.75,0
2004,57575.0,58187.5,57881.25,0
2004,58187.5,58800.0,58493.75,0
2004,58800.0,59412.5,59106.25,0
2004,59412.5,60025.0,59718.75,0
2004,60025.0,60637.5,60331.25,0
2004,60637.5,61250.0,60943.75,1
2005,0.0,645.33,322.665,91798
2005,645.33,1290.66,967.9950000000001,13386
2005,1290.66,1935.9900000000002,1613.3250000000003,4219
2005,1935.9900000000002,2581.32,2258.655,2014
2005,2581.32,3226.65,2903.985,1065
2005,3226.65,3871.9800000000005,3549.3150000000005,613
2005,3871.9800000000005,4517.31,4194.645,443
2005,4517.31,5162.64,4839.975,259
2005,5162.64,5807.97,5485.305,179
2005,5807.97,6453.3,6130.635,134
2005,6453.3,7098.63,6775.965,107
2005,7098.63,7743.960000000001,7421.295,50
2005,7743.960000000001,8389.29,8066.625000000001,59
2005,8389.29,9034.62,8711.955000000002,42
2005,9034.62,9679.95,9357.285,32
2005,9679.95,10325.28,10002.615000000002,57
2005,10325.28,10970.61,10647.945,17
2005,10970.61,11615.94,11293.275000000001,18
2005,11615.94,12261.27,11938.605,16
2005,12261.27,12906.6,12583.935000000001,6
2005,12906.6,13551.93,13229.265,8
2005,13551.93,14197.26,13874.595000000001,3
2005,14197.26,14842.59,14519.925,3
2005,14842.59,15487.920000000002,15165.255000000001,6
2005,15487.920000000002,16133.250000000002,15810.585000000003,7
2005,16133.250000000002,16778.58,16455.915,5
2005,16778.58,17423.91,17101.245000000003,1
2005,17423.91,18069.24,17746.575,4
2005,18069.24,18714.57,18391.905,5
2005,18714.57,19359.9,19037.235,2
2005,19359.9,20005.23,19682.565000000002,3
2005,20005.23,20650.56,20327.895,0
2005,20650.56,21295.890000000003,20973.225000000002,3
2005,21295.890000000003,21941.22,21618.555,2
2005,21941.22,22586.550000000003,22263.885000000002,0
2005,22586.550000000003,23231.88,22909.215000000004,0
2005,23231.88,23877.210000000003,23554.545000000002,0
2005,23877.210000000003,24522.54,24199.875,0
2005,24522.54,25167.870000000003,24845.205,3
2005,25167.870000000003,25813.2,25490.535000000003,0
2005,25813.2,26458.530000000002,26135.865,0
2005,26458.530000000002,27103.86,26781.195,1
2005,27103.86,27749.190000000002,27426.525,1
2005,27749.190000000002,28394.52,28071.855000000003,0
2005,28394.52,29039.850000000002,28717.185,0
2005,29039.850000000002,29685.18,29362.515,0
2005,29685.18,30330.510000000002,30007.845,1
2005,30330.510000000002,30975.840000000004,30653.175000000003,0
2005,30975.840000000004,31621.170000000002,31298.505000000005,0
2005,31621.170000000002,32266.500000000004,31943.835000000003,0
2005,32266.500000000004,32911.83,32589.165,0
2005,32911.83,33557.16,33234.495,0
2005,33557.16,34202.490000000005,33879.825000000004,0
2005,34202.490000000005,34847.82,34525.155,0
2005,34847.82,35493.15,35170.485,0
2005,35493.15,36138.48,35815.815,0
2005,36138.48,36783.810000000005,36461.145000000004,0
2005,36783.810000000005,37429.14,37106.475000000006,0
2005,37429.14,38074.47,37751.805,0
2005,38074.47,38719.8,38397.135,0
2005,38719.8,39365.130000000005,39042.465000000004,0
2005,39365.130000000005,40010.46,39687.795,0
2005,40010.46,40655.79,40333.125,1
2005,40655.79,41301.12,40978.455,0
2005,41301.12,41946.450000000004,41623.785,0
2005,41946.450000000004,42591.780000000006,42269.115000000005,0
2005,42591.780000000006,43237.11,42914.44500000001,0
2005,43237.11,43882.44,43559.775,0
2005,43882.44,44527.770000000004,44205.105,0
2005,44527.770000000004,45173.100000000006,44850.435000000005,1
2005,45173.100000000006,45818.43,45495.765,0
2005,45818.43,46463.76,46141.095,0
2005,46463.76,47109.090000000004,46786.425,0
2005,47109.090000000004,47754.420000000006,47431.755000000005,0
2005,47754.420000000006,48399.75,48077.08500000001,0
2005,48399.75,49045.08,48722.415,0
2005,49045.08,49690.41,49367.745,0
2005,49690.41,50335.740000000005,50013.075000000004,0
2005,50335.740000000005,50981.07,50658.405,0
2005,50981.07,51626.4,51303.735,0
2005,51626.4,52271.73,51949.065,1
2005,52271.73,52917.060000000005,52594.395000000004,0
2005,52917.060000000005,53562.39000000001,53239.725000000006,0
2005,53562.39000000001,54207.72,53885.05500000001,0
2005,54207.72,54853.05,54530.385,0
2005,54853.05,55498.380000000005,55175.715000000004,0
2005,55498.380000000005,56143.71000000001,55821.045000000006,0
2005,56143.71000000001,56789.04,56466.375,0
2005,56789.04,57434.37,57111.705,0
2005,57434.37,58079.700000000004,57757.035,0
2005,58079.700000000004,58725.030000000006,58402.365000000005,0
2005,58725.030000000006,59370.36,59047.69500000001,0
2005,59370.36,60015.69,59693.025,0
2005,60015.69,60661.020000000004,60338.355,0
2005,60661.020000000004,61306.350000000006,60983.685000000005,0
2005,61306.350000000006,61951.68000000001,61629.01500000001,0
2005,61951.68000000001,62597.01,62274.345,0
2005,62597.01,63242.340000000004,62919.675,0
2005,63242.340000000004,63887.670000000006,63565.005000000005,0
2005,63887.670000000006,64533.0,64210.33500000001,1
2006,0.0,1000.0,500.0,100751
2006,1000.0,2000.0,1500.0,9651
2006,2000.0,3000.0,2500.0,2925
2006,3000.0,4000.0,3500.0,1220
2006,4000.0,5000.0,4500.0,658
2006,5000.0,6000.0,5500.0,397
2006,6000.0,7000.0,6500.0,220
2006,7000.0,8000.0,7500.0,154
2006,8000.0,9000.0,8500.0,106
2006,9000.0,10000.0,9500.0,53
2006,10000.0,11000.0,10500.0,60
2006,11000.0,12000.0,11500.0,23
2006,12000.0,13000.0,12500.0,31
2006,13000.0,14000.0,13500.0,15
2006,14000.0,15000.0,14500.0,11
2006,15000.0,16000.0,15500.0,16
2006,16000.0,17000.0,16500.0,5
2006,17000.0,18000.0,17500.0,6
2006,18000.0,19000.0,18500.0,3
2006,19000.0,20000.0,19500.0,4
2006,20000.0,21000.0,20500.0,2
2006,21000.0,22000.0,21500.0,2
2006,22000.0,23000.0,22500.0,1
2006,23000.0,24000.0,23500.0,3
2006,24000.0,25000.0,24500.0,2
2006,25000.0,26000.0,25500.0,4
2006,26000.0,27000.0,26500.0,2
2006,27000.0,28000.0,27500.0,0
2006,28000.0,29000.0,28500.0,1
2006,29000.0,30000.0,29500.0,1
2006,30000.0,31000.0,30500.0,0
2006,31000.0,32000.0,31500.0,0
2006,32000.0,33000.0,32500.0,1
2006,33000.0,34000.0,33500.0,0
2006,34000.0,35000.0,34500.0,1
2006,35000.0,36000.0,35500.0,1
2006,36000.0,37000.0,36500.0,0
2006,37000.0,38000.0,37500.0,0
2006,38000.0,39000.0,38500.0,0
2006,39000.0,40000.0,39500.0,0
2006,40000.0,41000.0,40500.0,0
2006,41000.0,42000.0,41500.0,0
2006,42000.0,43000.0,42500.0,0
2006,43000.0,44000.0,43500.0,0
2006,44000.0,45000.0,44500.0,0
2006,45000.0,46000.0,45500.0,0
2006,46000.0,47000.0,46500.0,1
2006,47000.0,48000.0,47500.0,0
2006,48000.0,49000.0,48500.0,0
2006,49000.0,50000.0,49500.0,0
2006,50000.0,51000.0,50500.0,0
2006,51000.0,52000.0,51500.0,0
2006,52000.0,53000.0,52500.0,0
2006,53000.0,54000.0,53500.0,0
2006,54000.0,55000.0,54500.0,1
2006,55000.0,56000.0,55500.0,0
2006,56000.0,57000.0,56500.0,0
2006,57000.0,58000.0,57500.0,0
2006,58000.0,59000.0,58500.0,0
2006,59000.0,60000.0,59500.0,0
2006,60000.0,61000.0,60500.0,0
2006,61000.0,62000.0,61500.0,0
2006,62000.0,63000.0,62500.0,0
2006,63000.0,64000.0,63500.0,0
2006,64000.0,65000.0,64500.0,0
2006,65000.0,66000.0,65500.0,0
2006,66000.0,67000.0,66500.0,0
2006,67000.0,68000.0,67500.0,0
2006,68000.0,69000.0,68500.0,0
2006,69000.0,70000.0,69500.0,0
2006,70000.0,71000.0,70500.0,0
2006,71000.0,72000.0,71500.0,0
2006,72000.0,73000.0,72500.0,0
2006,73000.0,74000.0,73500.0,0
2006,74000.0,75000.0,74500.0,0
2006,75000.0,76000.0,75500.0,0
2006,76000.0,77000.0,76500.0,0
2006,77000.0,78000.0,77500.0,0
2006,78000.0,79000.0,78500.0,0
2006,79000.0,80000.0,79500.0,1
2006,80000.0,81000.0,80500.0,0
2006,81000.0,82000.0,81500.0,0
2006,82000.0,83000.0,82500.0,0
2006,83000.0,84000.0,83500.0,0
2006,84000.0,85000.0,84500.0,0
2006,85000.0,86000.0,85500.0,0
2006,86000.0,87000.0,86500.0,0
2006,87000.0,88000.0,87500.0,0
2006,88000.0,89000.0,88500.0,0
2006,89000.0,90000.0,89500.0,0
2006,90000.0,91000.0,90500.0,0
2006,91000.0,92000.0,91500.0,0
2006,92000.0,93000.0,92500.0,0
2006,93000.0,94000.0,93500.0,0
2006,94000.0,95000.0,94500.0,0
2006,95000.0,96000.0,95500.0,0
2006,96000.0,97000.0,96500.0,0
2006,97000.0,98000.0,97500.0,0
2006,98000.0,99000.0,98500.0,0
2006,99000.0,100000.0,99500.0,1
2007,0.0,600.0,300.0,83055
2007,600.0,1200.0,900.0,19052
2007,1200.0,1800.0,1500.0,5726
2007,1800.0,2400.0,2100.0,2683
2007,2400.0,3000.0,2700.0,1320
2007,3000.0,3600.0,3300.0,990
2007,3600.0,4200.0,3900.0,601
2007,4200.0,4800.0,4500.0,352
2007,4800.0,5400.0,5100.0,354
2007,5400.0,6000.0,5700.0,166
2007,6000.0,6600.0,6300.0,189
2007,6600.0,7200.0,6900.0,112
2007,7200.0,7800.0,7500.0,94
2007,7800.0,8400.0,8100.0,64
2007,8400.0,9000.0,8700.0,39
2007,9000.0,9600.0,9300.0,56
2007,9600.0,10200.0,9900.0,65
2007,10200.0,10800.0,10500.0,30
2007,10800.0,11400.0,11100.0,25
2007,11400.0,12000.0,11700.0,14
2007,12000.0,12600.0,12300.0,15
2007,12600.0,13200.0,12900.0,6
2007,13200.0,13800.0,13500.0,10
2007,13800.0,14400.0,14100.0,14
2007,14400.0,15000.0,14700.0,5
2007,15000.0,15600.0,15300.0,16
2007,15600.0,16200.0,15900.0,5
2007,16200.0,16800.0,16500.0,5
2007,16800.0,17400.0,17100.0,2
2007,17400.0,18000.0,17700.0,0
2007,18000.0,18600.0,18300.0,6
2007,18600.0,19200.0,18900.0,2
2007,19200.0,19800.0,19500.0,0
2007,19800.0,20400.0,20100.0,10
2007,20400.0,21000.0,20700.0,3
2007,21000.0,21600.0,21300.0,1
2007,21600.0,22200.0,21900.0,1
2007,22200.0,22800.0,22500.0,0
2007,22800.0,23400.0,23100.0,1
2007,23400.0,24000.0,23700.0,3
2007,24000.0,24600.0,24300.0,1
2007,24600.0,25200.0,24900.0,3
2007,25200.0,25800.0,25500.0,0
2007,25800.0,26400.0,26100.0,2
2007,26400.0,27000.0,26700.0,1
2007,27000.0,27600.0,27300.0,0
2007,27600.0,28200.0,27900.0,0
2007,28200.0,28800.0,28500.0,0
2007,28800.0,29400.0,29100.0,1
2007,29400.0,30000.0,29700.0,0
2007,30000.0,30600.0,30300.0,2
2007,30600.0,31200.0,30900.0,1
2007,31200.0,31800.0,31500.0,0
2007,31800.0,32400.0,32100.0,2
2007,32400.0,33000.0,32700.0,0
2007,33000.0,33600.0,33300.0,0
2007,33600.0,34200.0,33900.0,0
2007,34200.0,34800.0,34500.0,0
2007,34800.0,35400.0,35100.0,0
2007,35400.0,36000.0,35700.0,0
2007,36000.0,36600.0,36300.0,2
2007,36600.0,37200.0,36900.0,0
2007,37200.0,37800.0,37500.0,0
2007,37800.0,38400.0,38100.0,0
2007,38400.0,39000.0,38700.0,0
2007,39000.0,39600.0,39300.0,1
2007,39600.0,40200.0,39900.0,0
2007,40200.0,40800.0,40500.0,0
2007,40800.0,41400.0,41100.0,0
2007,41400.0,42000.0,41700.0,1
2007,42000.0,42600.0,42300.0,0
2007,42600.0,43200.0,42900.0,0
2007,43200.0,43800.0,43500.0,0
2007,43800.0,44400.0,44100.0,0
2007,44400.0,45000.0,44700.0,0
2007,45000.0,45600.0,45300.0,0
2007,45600.0,46200.0,45900.0,0
2007,46200.0,46800.0,46500.0,0
2007,46800.0,47400.0,47100.0,0
2007,47400.0,48000.0,47700.0,0
2007,48000.0,48600.0,48300.0,0
2007,48600.0,49200.0,48900.0,0
2007,49200.0,49800.0,49500.0,0
2007,49800.0,50400.0,50100.0,2
2007,50400.0,51000.0,50700.0,0
2007,51000.0,51600.0,51300.0,0
2007,51600.0,52200.0,51900.0,0
2007,52200.0,52800.0,52500.0,0
2007,52800.0,53400.0,53100.0,0
2007,53400.0,54000.0,53700.0,0
2007,54000.0,54600.0,54300.0,0
2007,54600.0,55200.0,54900.0,0
2007,55200.0,55800.0,55500.0,0
2007,55800.0,56400.0,56100.0,0
2007,56400.0,57000.0,56700.0,0
2007,57000.0,57600.0,57300.0,0
2007,57600.0,58200.0,57900.0,0
2007,58200.0,58800.0,58500.0,0
2007,58800.0,59400.0,59100.0,0
2007,59400.0,60000.0,59700.0,1
2008,0.0,1500.0,750.0,103559
2008,1500.0,3000.0,2250.0,7318
2008,3000.0,4500.0,3750.0,2080
2008,4500.0,6000.0,5250.0,849
2008,6000.0,7500.0,6750.0,431
2008,7500.0,9000.0,8250.0,190
2008,9000.0,10500.0,9750.0,153
2008,10500.0,12000.0,11250.0,57
2008,12000.0,13500.0,12750.0,45
2008,13500.0,15000.0,14250.0,25
2008,15000.0,16500.0,15750.0,32
2008,16500.0,18000.0,17250.0,18
2008,18000.0,19500.0,18750.0,12
2008,19500.0,21000.0,20250.0,13
2008,21000.0,22500.0,21750.0,6
2008,22500.0,24000.0,23250.0,8
2008,24000.0,25500.0,24750.0,4
2008,25500.0,27000.0,26250.0,1
2008,27000.0,28500.0,27750.0,2
2008,28500.0,30000.0,29250.0,0
2008,30000.0,31500.0,30750.0,4
2008,31500.0,33000.0,32250.0,2
2008,33000.0,34500.0,33750.0,4
2008,34500.0,36000.0,35250.0,0
2008,36000.0,37500.0,36750.0,1
2008,37500.0,39000.0,38250.0,0
2008,39000.0,40500.0,39750.0,2
2008,40500.0,42000.0,41250.0,1
2008,42000.0,43500.0,42750.0,0
2008,43500.0,45000.0,44250.0,1
2008,45000.0,46500.0,45750.0,0
2008,46500.0,48000.0,47250.0,0
2008,48000.0,49500.0,48750.0,0
2008,49500.0,51000.0,50250.0,0
2008,51000.0,52500.0,51750.0,0
2008,52500.0,54000.0,53250.0,1
2008,54000.0,55500.0,54750.0,0
2008,55500.0,57000.0,56250.0,0
2008,57000.0,58500.0,57750.0,0
2008,58500.0,60000.0,59250.0,0
2008,60000.0,61500.0,60750.0,1
2008,61500.0,63000.0,62250.0,0
2008,63000.0,64500.0,63750.0,0
2008,64500.0,66000.0,65250.0,0
2008,66000.0,67500.0,66750.0,0
2008,67500.0,69000.0,68250.0,0
2008,69000.0,70500.0,69750.0,0
2008,70500.0,72000.0,71250.0,0
2008,72000.0,73500.0,72750.0,0
2008,73500.0,75000.0,74250.0,0
2008,75000.0,76500.0,75750.0,0
2008,76500.0,78000.0,77250.0,0
2008,78000.0,79500.0,78750.0,0
2008,79500.0,81000.0,80250.0,0
2008,81000.0,82500.0,81750.0,0
2008,82500.0,84000.0,83250.0,0
2008,84000.0,85500.0,84750.0,1
2008,85500.0,87000.0,86250.0,0
2008,87000.0,88500.0,87750.0,0
2008,88500.0,90000.0,89250.0,0
2008,90000.0,91500.0,90750.0,0
2008,91500.0,93000.0,92250.0,0
2008,93000.0,94500.0,93750.0,0
2008,94500.0,96000.0,95250.0,0
2008,96000.0,97500.0,96750.0,0
2008,97500.0,99000.0,98250.0,0
2008,99000.0,100500.0,99750.0,0
2008,100500.0,102000.0,101250.0,0
2008,102000.0,103500.0,102750.0,0
2008,103500.0,105000.0,104250.0,0
2008,105000.0,106500.0,105750.0,0
2008,106500.0,108000.0,107250.0,0
2008,108000.0,109500.0,108750.0,0
2008,109500.0,111000.0,110250.0,0
2008,111000.0,112500.0,111750.0,0
2008,112500.0,114000.0,113250.0,0
2008,114000.0,115500.0,114750.0,0
2008,115500.0,117000.0,116250.0,0
2008,117000.0,118500.0,117750.0,0
2008,118500.0,120000.0,119250.0,0
2008,120000.0,121500.0,120750.0,0
2008,121500.0,123000.0,122250.0,0
2008,123000.0,124500.0,123750.0,0
2008,124500.0,126000.0,125250.0,0
2008,126000.0,127500.0,126750.0,0
2008,127500.0,129000.0,128250.0,0
2008,129000.0,130500.0,129750.0,0
2008,130500.0,132000.0,131250.0,0
2008,132000.0,133500.0,132750.0,0
2008,133500.0,135000.0,134250.0,0
2008,135000.0,136500.0,135750.0,0
2008,136500.0,138000.0,137250.0,0
2008,138000.0,139500.0,138750.0,0
2008,139500.0,141000.0,140250.0,0
2008,141000.0,142500.0,141750.0,0
2008,142500.0,144000.0,143250.0,0
2008,144000.0,145500.0,144750.0,0
2008,145500.0,147000.0,146250.0,0
2008,147000.0,148500.0,147750.0,0
2008,148500.0,150000.0,149250.0,1
2009,0.0,946.69,473.345,94665
2009,946.69,1893.38,1420.035,14124
2009,1893.38,2840.07,2366.7250000000004,4245
2009,2840.07,3786.76,3313.415,1933
2009,3786.76,4733.450000000001,4260.1050000000005,943
2009,4733.450000000001,5680.14,5206.795,643
2009,5680.14,6626.83,6153.485000000001,366
2009,6626.83,7573.52,7100.175,225
2009,7573.52,8520.210000000001,8046.865000000001,185
2009,8520.210000000001,9466.900000000001,8993.555,100
2009,9466.900000000001,10413.59,9940.245,102
2009,10413.59,11360.28,10886.935000000001,60
2009,11360.28,12306.970000000001,11833.625,50
2009,12306.970000000001,13253.66,12780.315,32
2009,13253.66,14200.35,13727.005000000001,18
2009,14200.35,15147.04,14673.695,25
2009,15147.04,16093.730000000001,15620.385000000002,14
2009,16093.730000000001,17040.420000000002,16567.075,16
2009,17040.420000000002,17987.11,17513.765,10
2009,17987.11,18933.800000000003,18460.455,7
2009,18933.800000000003,19880.49,19407.145000000004,7
2009,19880.49,20827.18,20353.835,6
2009,20827.18,21773.870000000003,21300.525,6
2009,21773.870000000003,22720.56,22247.215000000004,15
2009,22720.56,23667.25,23193.905,2
2009,23667.25,24613.940000000002,24140.595,3
2009,24613.940000000002,25560.63,25087.285000000003,4
2009,25560.63,26507.32,26033.975,2
2009,26507.32,27454.010000000002,26980.665,2
2009,27454.010000000002,28400.7,27927.355000000003,0
2009,28400.7,29347.390000000003,28874.045000000002,2
2009,29347.390000000003,30294.08,29820.735,2
2009,30294.08,31240.77,30767.425000000003,0
2009,31240.77,32187.460000000003,31714.115,2
2009,32187.460000000003,33134.15,32660.805,0
2009,33134.15,34080.840000000004,33607.495,1
2009,34080.840000000004,35027.53,34554.185,0
2009,35027.53,35974.22,35500.875,0
2009,35974.22,36920.91,36447.565,1
2009,36920.91,37867.600000000006,37394.255000000005,0
2009,37867.600000000006,38814.29,38340.94500000001,0
2009,38814.29,39760.98,39287.635,0
2009,39760.98,40707.670000000006,40234.325000000004,1
2009,40707.670000000006,41654.36,41181.015,0
2009,41654.36,42601.05,42127.705,0
2009,42601.05,43547.740000000005,43074.395000000004,0
2009,43547.740000000005,44494.43,44021.08500000001,1
2009,44494.43,45441.12,44967.775,1
2009,45441.12,46387.810000000005,45914.465000000004,0
2009,46387.810000000005,47334.5,46861.155,0
2009,47334.5,48281.19,47807.845,0
2009,48281.19,49227.880000000005,48754.535,0
2009,49227.880000000005,50174.57,49701.225000000006,1
2009,50174.57,51121.26,50647.915,0
2009,51121.26,52067.950000000004,51594.605,0
2009,52067.950000000004,53014.64,52541.295,0
2009,53014.64,53961.33,53487.985,0
2009,53961.33,54908.020000000004,54434.675,0
2009,54908.020000000004,55854.71000000001,55381.365000000005,0
2009,55854.71000000001,56801.4,56328.05500000001,0
2009,56801.4,57748.090000000004,57274.745,1
2009,57748.090000000004,58694.780000000006,58221.435000000005,0
2009,58694.780000000006,59641.47,59168.125,0
2009,59641.47,60588.16,60114.815,0
2009,60588.16,61534.850000000006,61061.505000000005,0
2009,61534.850000000006,62481.54,62008.19500000001,0
2009,62481.54,63428.23,62954.885,0
2009,63428.23,64374.920000000006,63901.575000000004,0
2009,64374.920000000006,65321.61,64848.265,1
2009,65321.61,66268.3,65794.955,0
2009,66268.3,67214.99,66741.645,0
2009,67214.99,68161.68000000001,67688.335,0
2009,68161.68000000001,69108.37000000001,68635.02500000001,0
2009,69108.37000000001,70055.06,69581.715,0
2009,70055.06,71001.75,70528.405,0
2009,71001.75,71948.44,71475.095,0
2009,71948.44,72895.13,72421.785,0
2009,72895.13,73841.82,73368.475,0
2009,73841.82,74788.51000000001,74315.16500000001,1
2009,74788.51000000001,75735.20000000001,75261.85500000001,0
2009,75735.20000000001,76681.89,76208.54500000001,0
2009,76681.89,77628.58,77155.235,0
2009,77628.58,78575.27,78101.925,0
2009,78575.27,79521.96,79048.615,0
2009,79521.96,80468.65000000001,79995.30500000001,0
2009,80468.65000000001,81415.34000000001,80941.99500000001,0
2009,81415.34000000001,82362.03,81888.685,0
2009,82362.03,83308.72,82835.375,0
2009,83308.72,84255.41,83782.065,0
2009,84255.41,85202.1,84728.755,1
2009,85202.1,86148.79000000001,85675.445,0
2009,86148.79000000001,87095.48000000001,86622.13500000001,0
2009,87095.48000000001,88042.17,87568.82500000001,0
2009,88042.17,88988.86,88515.515,0
2009,88988.86,89935.55,89462.205,0
2009,89935.55,90882.24,90408.895,0
2009,90882.24,91828.93000000001,91355.585,0
2009,91828.93000000001,92775.62000000001,92302.27500000001,0
2009,92775.62000000001,93722.31000000001,93248.96500000001,0
2009,93722.31000000001,94669.0,94195.655,1
2011,0.0,1250.0,625.0,88400
2011,1250.0,2500.0,1875.0,11201
2011,2500.0,3750.0,3125.0,3337
2011,3750.0,5000.0,4375.0,1311
2011,5000.0,6250.0,5625.0,897
2011,6250.0,7500.0,6875.0,388
2011,7500.0,8750.0,8125.0,277
2011,8750.0,10000.0,9375.0,158
2011,10000.0,11250.0,10625.0,159
2011,11250.0,12500.0,11875.0,68
2011,12500.0,13750.0,13125.0,60
2011,13750.0,15000.0,14375.0,31
2011,15000.0,16250.0,15625.0,58
2011,16250.0,17500.0,16875.0,14
2011,17500.0,18750.0,18125.0,15
2011,18750.0,20000.0,19375.0,7
2011,20000.0,21250.0,20625.0,28
2011,21250.0,22500.0,21875.0,4
2011,22500.0,23750.0,23125.0,4
2011,23750.0,25000.0,24375.0,2
2011,25000.0,26250.0,25625.0,4
2011,26250.0,27500.0,26875.0,2
2011,27500.0,28750.0,28125.0,3
2011,28750.0,30000.0,29375.0,3
2011,30000.0,31250.0,30625.0,3
2011,31250.0,32500.0,31875.0,1
2011,32500.0,33750.0,33125.0,2
2011,33750.0,35000.0,34375.0,0
2011,35000.0,36250.0,35625.0,0
2011,36250.0,37500.0,36875.0,1
2011,37500.0,38750.0,38125.0,1
2011,38750.0,40000.0,39375.0,1
2011,40000.0,41250.0,40625.0,1
2011,41250.0,42500.0,41875.0,0
2011,42500.0,43750.0,43125.0,0
2011,43750.0,45000.0,44375.0,2
2011,45000.0,46250.0,45625.0,0
2011,46250.0,47500.0,46875.0,0
2011,47500.0,48750.0,48125.0,0
2011,48750.0,50000.0,49375.0,1
2011,50000.0,51250.0,50625.0,0
2011,51250.0,52500.0,51875.0,0
2011,52500.0,53750.0,53125.0,1
2011,53750.0,55000.0,54375.0,0
2011,55000.0,56250.0,55625.0,0
2011,56250.0,57500.0,56875.0,0
2011,57500.0,58750.0,58125.0,0
2011,58750.0,60000.0,59375.0,1
2011,60000.0,61250.0,60625.0,0
2011,61250.0,62500.0,61875.0,0
2011,62500.0,63750.0,63125.0,0
2011,63750.0,65000.0,64375.0,0
2011,65000.0,66250.0,65625.0,0
2011,66250.0,67500.0,66875.0,0
2011,67500.0,68750.0,68125.0,0
2011,68750.0,70000.0,69375.0,0
2011,70000.0,71250.0,70625.0,1
2011,71250.0,72500.0,71875.0,0
2011,72500.0,73750.0,73125.0,0
2011,73750.0,75000.0,74375.0,0
2011,75000.0,76250.0,75625.0,0
2011,76250.0,77500.0,76875.0,0
2011,77500.0,78750.0,78125.0,0
2011,78750.0,80000.0,79375.0,0
2011,80000.0,81250.0,80625.0,0
2011,81250.0,82500.0,81875.0,0
2011,82500.0,83750.0,83125.0,0
2011,83750.0,85000.0,84375.0,0
2011,85000.0,86250.0,85625.0,0
2011,86250.0,87500.0,86875.0,0
2011,87500.0,88750.0,88125.0,0
2011,88750.0,90000.0,89375.0,0
2011,90000.0,91250.0,90625.0,0
2011,91250.0,92500.0,91875.0,0
2011,92500.0,93750.0,93125.0,0
2011,93750.0,95000.0,94375.0,0
2011,95000.0,96250.0,95625.0,0
2011,96250.0,97500.0,96875.0,0
2011,97500.0,98750.0,98125.0,0
2011,98750.0,100000.0,99375.0,0
2011,100000.0,101250.0,100625.0,1
2011,101250.0,102500.0,101875.0,0
2011,102500.0,103750.0,103125.0,0
2011,103750.0,105000.0,104375.0,0
2011,105000.0,106250.0,105625.0,0
2011,106250.0,107500.0,106875.0,0
2011,107500.0,108750.0,108125.0,0
2011,108750.0,110000.0,109375.0,0
2011,110000.0,111250.0,110625.0,0
2011,111250.0,112500.0,111875.0,0
2011,112500.0,113750.0,113125.0,0
2011,113750.0,115000.0,114375.0,0
2011,115000.0,116250.0,115625.0,0
2011,116250.0,117500.0,116875.0,0
2011,117500.0,118750.0,118125.0,0
2011,118750.0,120000.0,119375.0,0
2011,120000.0,121250.0,120625.0,0
2011,121250.0,122500.0,121875.0,0
2011,122500.0,123750.0,123125.0,0
2011,123750.0,125000.0,124375.0,1
2012,0.0,2200.0,1100.0,100620
2012,2200.0,4400.0,3300.0,6654
2012,4400.0,6600.0,5500.0,1824
2012,6600.0,8800.0,7700.0,629
2012,8800.0,11000.0,9900.0,324
2012,11000.0,13200.0,12100.0,164
2012,13200.0,15400.0,14300.0,104
2012,15400.0,17600.0,16500.0,46
2012,17600.0,19800.0,18700.0,36
2012,19800.0,22000.0,20900.0,30
2012,22000.0,24200.0,23100.0,17
2012,24200.0,26400.0,25300.0,12
2012,26400.0,28600.0,27500.0,5
2012,28600.0,30800.0,29700.0,8
2012,30800.0,33000.0,31900.0,4
2012,33000.0,35200.0,34100.0,6
2012,35200.0,37400.0,36300.0,3
2012,37400.0,39600.0,38500.0,0
2012,39600.0,41800.0,40700.0,3
2012,41800.0,44000.0,42900.0,3
2012,44000.0,46200.0,45100.0,1
2012,46200.0,48400.0,47300.0,0
2012,48400.0,50600.0,49500.0,0
2012,50600.0,52800.0,51700.0,1
2012,52800.0,55000.0,53900.0,0
2012,55000.0,57200.0,56100.0,0
2012,57200.0,59400.0,58300.0,1
2012,59400.0,61600.0,60500.0,3
2012,61600.0,63800.0,62700.0,0
2012,63800.0,66000.0,64900.0,1
2012,66000.0,68200.0,67100.0,0
2012,68200.0,70400.0,69300.0,0
2012,70400.0,72600.0,71500.0,1
2012,72600.0,74800.0,73700.0,0
2012,74800.0,77000.0,75900.0,0
2012,77000.0,79200.0,78100.0,0
2012,79200.0,81400.0,80300.0,0
2012,81400.0,83600.0,82500.0,1
2012,83600.0,85800.0,84700.0,0
2012,85800.0,88000.0,86900.0,0
2012,88000.0,90200.0,89100.0,0
2012,90200.0,92400.0,91300.0,0
2012,92400.0,94600.0,93500.0,0
2012,94600.0,96800.0,95700.0,0
2012,96800.0,99000.0,97900.0,0
2012,99000.0,101200.0,100100.0,1
2012,101200.0,103400.0,102300.0,0
2012,103400.0,105600.0,104500.0,0
2012,105600.0,107800.0,106700.0,0
2012,107800.0,110000.0,108900.0,0
2012,110000.0,112200.0,111100.0,0
2012,112200.0,114400.0,113300.0,0
2012,114400.0,116600.0,115500.0,0
2012,116600.0,118800.0,117700.0,0
2012,118800.0,121000.0,119900.0,0
2012,121000.0,123200.0,122100.0,0
2012,123200.0,125400.0,124300.0,0
2012,125400.0,127600.0,126500.0,0
2012,127600.0,129800.0,128700.0,0
2012,129800.0,132000.0,130900.0,0
2012,132000.0,134200.0,133100.0,0
2012,134200.0,136400.0,135300.0,0
2012,136400.0,138600.0,137500.0,0
2012,138600.0,140800.0,139700.0,0
2012,140800.0,143000.0,141900.0,0
2012,143000.0,145200.0,144100.0,0
2012,145200.0,147400.0,146300.0,0
2012,147400.0,149600.0,148500.0,0
2012,149600.0,151800.0,150700.0,1
2012,151800.0,154000.0,152900.0,1
2012,154000.0,156200.0,155100.0,0
2012,156200.0,158400.0,157300.0,0
2012,158400.0,160600.0,159500.0,0
2012,160600.0,162800.0,161700.0,0
2012,162800.0,165000.0,163900.0,0
2012,165000.0,167200.0,166100.0,0
2012,167200.0,169400.0,168300.0,1
2012,169400.0,171600.0,170500.0,0
2012,171600.0,173800.0,172700.0,1
2012,173800.0,176000.0,174900.0,0
2012,176000.0,178200.0,177100.0,1
2012,178200.0,180400.0,179300.0,0
2012,180400.0,182600.0,181500.0,1
2012,182600.0,184800.0,183700.0,0
2012,184800.0,187000.0,185900.0,0
2012,187000.0,189200.0,188100.0,0
2012,189200.0,191400.0,190300.0,0
2012,191400.0,193600.0,192500.0,0
2012,193600.0,195800.0,194700.0,0
2012,195800.0,198000.0,196900.0,0
2012,198000.0,200200.0,199100.0,0
2012,200200.0,202400.0,201300.0,0
2012,202400.0,204600.0,203500.0,0
2012,204600.0,206800.0,205700.0,0
2012,206800.0,209000.0,207900.0,0
2012,209000.0,211200.0,210100.0,0
2012,211200.0,213400.0,212300.0,0
2012,213400.0,215600.0,214500.0,0
2012,215600.0,217800.0,216700.0,0
2012,217800.0,220000.0,218900.0,1
2013,0.0,820.0,410.0,67962
2013,820.0,1640.0,1230.0,25919
2013,1640.0,2460.0,2050.0,7322
2013,2460.0,3280.0,2870.0,3664
2013,3280.0,4100.0,3690.0,1909
2013,4100.0,4920.0,4510.0,972
2013,4920.0,5740.0,5330.0,877
2013,5740.0,6560.0,6150.0,551
2013,6560.0,7380.0,6970.0,371
2013,7380.0,8200.0,7790.0,327
2013,8200.0,9020.0,8610.0,236
2013,9020.0,9840.0,9430.0,103
2013,9840.0,10660.0,10250.0,229
2013,10660.0,11480.0,11070.0,83
2013,11480.0,12300.0,11890.0,91
2013,12300.0,13120.0,12710.0,75
2013,13120.0,13940.0,13530.0,44
2013,13940.0,14760.0,14350.0,40
2013,14760.0,15580.0,15170.0,57
2013,15580.0,16400.0,15990.0,25
2013,16400.0,17220.0,16810.0,24
2013,17220.0,18040.0,17630.0,22
2013,18040.0,18860.0,18450.0,7
2013,18860.0,19680.0,19270.0,7
2013,19680.0,20500.0,20090.0,25
2013,20500.0,21320.0,20910.0,7
2013,21320.0,22140.0,21730.0,8
2013,22140.0,22960.0,22550.0,2
2013,22960.0,23780.0,23370.0,6
2013,23780.0,24600.0,24190.0,5
2013,24600.0,25420.0,25010.0,8
2013,25420.0,26240.0,25830.0,5
2013,26240.0,27060.0,26650.0,7
2013,27060.0,27880.0,27470.0,0
2013,27880.0,28700.0,28290.0,3
2013,28700.0,29520.0,29110.0,4
2013,29520.0,30340.0,29930.0,2
2013,30340.0,31160.0,30750.0,3
2013,31160.0,31980.0,31570.0,1
2013,31980.0,32800.0,32390.0,1
2013,32800.0,33620.0,33210.0,2
2013,33620.0,34440.0,34030.0,0
2013,34440.0,35260.0,34850.0,1
2013,35260.0,36080.0,35670.0,0
2013,36080.0,36900.0,36490.0,0
2013,36900.0,37720.0,37310.0,2
2013,37720.0,38540.0,38130.0,0
2013,38540.0,39360.0,38950.0,0
2013,39360.0,40180.0,39770.0,2
2013,40180.0,41000.0,40590.0,0
2013,41000.0,41820.0,41410.0,0
2013,41820.0,42640.0,42230.0,0
2013,42640.0,43460.0,43050.0,1
2013,43460.0,44280.0,43870.0,1
2013,44280.0,45100.0,44690.0,1
2013,45100.0,45920.0,45510.0,1
2013,45920.0,46740.0,46330.0,0
2013,46740.0,47560.0,47150.0,0
2013,47560.0,48380.0,47970.0,0
2013,48380.0,49200.0,48790.0,1
2013,49200.0,50020.0,49610.0,3
2013,50020.0,50840.0,50430.0,0
2013,50840.0,51660.0,51250.0,1
2013,51660.0,52480.0,52070.0,0
2013,52480.0,53300.0,52890.0,0
2013,53300.0,54120.0,53710.0,0
2013,54120.0,54940.0,54530.0,0
2013,54940.0,55760.0,55350.0,0
2013,55760.0,56580.0,56170.0,0
2013,56580.0,57400.0,56990.0,2
2013,57400.0,58220.0,57810.0,0
2013,58220.0,59040.0,58630.0,1
2013,59040.0,59860.0,59450.0,0
2013,59860.0,60680.0,60270.0,0
2013,60680.0,61500.0,61090.0,0
2013,61500.0,62320.0,61910.0,1
2013,62320.0,63140.0,62730.0,0
2013,63140.0,63960.0,63550.0,1
2013,63960.0,64780.0,64370.0,0
2013,64780.0,65600.0,65190.0,0
2013,65600.0,66420.0,66010.0,0
2013,66420.0,67240.0,66830.0,0
2013,67240.0,68060.0,67650.0,0
2013,68060.0,68880.0,68470.0,0
2013,68880.0,69700.0,69290.0,1
2013,69700.0,70520.0,70110.0,0
2013,70520.0,71340.0,70930.0,1
2013,71340.0,72160.0,71750.0,0
2013,72160.0,72980.0,72570.0,0
2013,72980.0,73800.0,73390.0,0
2013,73800.0,74620.0,74210.0,0
2013,74620.0,75440.0,75030.0,0
2013,75440.0,76260.0,75850.0,0
2013,76260.0,77080.0,76670.0,0
2013,77080.0,77900.0,77490.0,0
2013,77900.0,78720.0,78310.0,0
2013,78720.0,79540.0,79130.0,0
2013,79540.0,80360.0,79950.0,1
2013,80360.0,81180.0,80770.0,0
2013,81180.0,82000.0,81590.0,1
2014,0.0,3312.0,1656.0,107709
2014,3312.0,6624.0,4968.0,5129
2014,6624.0,9936.0,8280.0,1194
2014,9936.0,13248.0,11592.0,544
2014,13248.0,16560.0,14904.0,211
2014,16560.0,19872.0,18216.0,86
2014,19872.0,23184.0,21528.0,68
2014,23184.0,26496.0,24840.0,36
2014,26496.0,29808.0,28152.0,9
2014,29808.0,33120.0,31464.0,8
2014,33120.0,36432.0,34776.0,4
2014,36432.0,39744.0,38088.0,3
2014,39744.0,43056.0,41400.0,3
2014,43056.0,46368.0,44712.0,4
2014,46368.0,49680.0,48024.0,2
2014,49680.0,52992.0,51336.0,3
2014,52992.0,56304.0,54648.0,1
2014,56304.0,59616.0,57960.0,0
2014,59616.0,62928.0,61272.0,1
2014,62928.0,66240.0,64584.0,0
2014,66240.0,69552.0,67896.0,0
2014,69552.0,72864.0,71208.0,1
2014,72864.0,76176.0,74520.0,0
2014,76176.0,79488.0,77832.0,1
2014,79488.0,82800.0,81144.0,1
2014,82800.0,86112.0,84456.0,0
2014,86112.0,89424.0,87768.0,0
2014,89424.0,92736.0,91080.0,1
2014,92736.0,96048.0,94392.0,0
2014,96048.0,99360.0,97704.0,0
2014,99360.0,102672.0,101016.0,1
2014,102672.0,105984.0,104328.0,0
2014,105984.0,109296.0,107640.0,0
2014,109296.0,112608.0,110952.0,0
2014,112608.0,115920.0,114264.0,0
2014,115920.0,119232.0,117576.0,0
2014,119232.0,122544.0,120888.0,0
2014,122544.0,125856.0,124200.0,0
2014,125856.0,129168.0,127512.0,0
2014,129168.0,132480.0,130824.0,0
2014,132480.0,135792.0,134136.0,0
2014,135792.0,139104.0,137448.0,0
2014,139104.0,142416.0,140760.0,0
2014,142416.0,145728.0,144072.0,0
2014,145728.0,149040.0,147384.0,0
2014,149040.0,152352.0,150696.0,0
2014,152352.0,155664.0,154008.0,0
2014,155664.0,158976.0,157320.0,0
2014,158976.0,162288.0,160632.0,0
2014,162288.0,165600.0,163944.0,0
2014,165600.0,168912.0,167256.0,0
2014,168912.0,172224.0,170568.0,0
2014,172224.0,175536.0,173880.0,0
2014,175536.0,178848.0,177192.0,0
2014,178848.0,182160.0,180504.0,0
2014,182160.0,185472.0,183816.0,0
2014,185472.0,188784.0,187128.0,0
2014,188784.0,192096.0,190440.0,0
2014,192096.0,195408.0,193752.0,0
2014,195408.0,198720.0,197064.0,0
2014,198720.0,202032.0,200376.0,0
2014,202032.0,205344.0,203688.0,0
2014,205344.0,208656.0,207000.0,0
2014,208656.0,211968.0,210312.0,0
2014,211968.0,215280.0,213624.0,0
2014,215280.0,218592.0,216936.0,0
2014,218592.0,221904.0,220248.0,0
2014,221904.0,225216.0,223560.0,0
2014,225216.0,228528.0,226872.0,0
2014,228528.0,231840.0,230184.0,0
2014,231840.0,235152.0,233496.0,0
2014,235152.0,238464.0,236808.0,0
2014,238464.0,241776.0,240120.0,0
2014,241776.0,245088.0,243432.0,0
2014,245088.0,248400.0,246744.0,0
2014,248400.0,251712.0,250056.0,0
2014,251712.0,255024.0,253368.0,0
2014,255024.0,258336.0,256680.0,0
2014,258336.0,261648.0,259992.0,0
2014,261648.0,264960.0,263304.0,0
2014,264960.0,268272.0,266616.0,0
2014,268272.0,271584.0,269928.0,0
2014,271584.0,274896.0,273240.0,0
2014,274896.0,278208.0,276552.0,0
2014,278208.0,281520.0,279864.0,0
2014,281520.0,284832.0,283176.0,0
2014,284832.0,288144.0,286488.0,0
2014,288144.0,291456.0,289800.0,0
2014,291456.0,294768.0,293112.0,0
2014,294768.0,298080.0,296424.0,0
2014,298080.0,301392.0,299736.0,0
2014,301392.0,304704.0,303048.0,0
2014,304704.0,308016.0,306360.0,0
2014,308016.0,311328.0,309672.0,0
2014,311328.0,314640.0,312984.0,0
2014,314640.0,317952.0,316296.0,0
2014,317952.0,321264.0,319608.0,0
2014,321264.0,324576.0,322920.0,0
2014,324576.0,327888.0,326232.0,0
2014,327888.0,331200.0,329544.0,1
2015,0.0,1500.0,750.0,90301
2015,1500.0,3000.0,2250.0,16235
2015,3000.0,4500.0,3750.0,4420
2015,4500.0,6000.0,5250.0,1794
2015,6000.0,7500.0,6750.0,1015
2015,7500.0,9000.0,8250.0,591
2015,9000.0,10500.0,9750.0,447
2015,10500.0,12000.0,11250.0,186
2015,12000.0,13500.0,12750.0,184
2015,13500.0,15000.0,14250.0,84
2015,15000.0,16500.0,15750.0,103
2015,16500.0,18000.0,17250.0,47
2015,18000.0,19500.0,18750.0,37
2015,19500.0,21000.0,20250.0,54
2015,21000.0,22500.0,21750.0,22
2015,22500.0,24000.0,23250.0,25
2015,24000.0,25500.0,24750.0,20
2015,25500.0,27000.0,26250.0,7
2015,27000.0,28500.0,27750.0,11
2015,28500.0,30000.0,29250.0,1
2015,30000.0,31500.0,30750.0,9
2015,31500.0,33000.0,32250.0,8
2015,33000.0,34500.0,33750.0,6
2015,34500.0,36000.0,35250.0,7
2015,36000.0,37500.0,36750.0,0
2015,37500.0,39000.0,38250.0,0
2015,39000.0,40500.0,39750.0,4
2015,40500.0,42000.0,41250.0,0
2015,42000.0,43500.0,42750.0,0
2015,43500.0,45000.0,44250.0,0
2015,45000.0,46500.0,45750.0,3
2015,46500.0,48000.0,47250.0,0
2015,48000.0,49500.0,48750.0,0
2015,49500.0,51000.0,50250.0,0
2015,51000.0,52500.0,51750.0,0
2015,52500.0,54000.0,53250.0,0
2015,54000.0,55500.0,54750.0,1
2015,55500.0,57000.0,56250.0,0
2015,57000.0,58500.0,57750.0,0
2015,58500.0,60000.0,59250.0,0
2015,60000.0,61500.0,60750.0,1
2015,61500.0,63000.0,62250.0,0
2015,63000.0,64500.0,63750.0,0
2015,64500.0,66000.0,65250.0,0
2015,66000.0,67500.0,66750.0,0
2015,67500.0,69000.0,68250.0,0
2015,69000.0,70500.0,69750.0,0
2015,70500.0,72000.0,71250.0,1
2015,72000.0,73500.0,72750.0,0
2015,73500.0,75000.0,74250.0,0
2015,75000.0,76500.0,75750.0,0
2015,76500.0,78000.0,77250.0,0
2015,78000.0,79500.0,78750.0,0
2015,79500.0,81000.0,80250.0,0
2015,81000.0,82500.0,81750.0,0
2015,82500.0,84000.0,83250.0,0
2015,84000.0,85500.0,84750.0,0
2015,85500.0,87000.0,86250.0,0
2015,87000.0,88500.0,87750.0,0
2015,88500.0,90000.0,89250.0,0
2015,90000.0,91500.0,90750.0,0
2015,91500.0,93000.0,92250.0,0
2015,93000.0,94500.0,93750.0,0
2015,94500.0,96000.0,95250.0,0
2015,96000.0,97500.0,96750.0,0
2015,97500.0,99000.0,98250.0,0
2015,99000.0,100500.0,99750.0,0
2015,100500.0,102000.0,101250.0,0
2015,102000.0,103500.0,102750.0,0
2015,103500.0,105000.0,104250.0,0
2015,105000.0,106500.0,105750.0,0
2015,106500.0,108000.0,107250.0,1
2015,108000.0,109500.0,108750.0,0
2015,109500.0,111000.0,110250.0,0
2015,111000.0,112500.0,111750.0,0
2015,112500.0,114000.0,113250.0,0
2015,114000.0,115500.0,114750.0,0
2015,115500.0,117000.0,116250.0,0
2015,117000.0,118500.0,117750.0,0
2015,118500.0,120000.0,119250.0,0
2015,120000.0,121500.0,120750.0,0
2015,121500.0,123000.0,122250.0,0
2015,123000.0,124500.0,123750.0,0
2015,124500.0,126000.0,125250.0,0
2015,126000.0,127500.0,126750.0,0
2015,127500.0,129000.0,128250.0,0
2015,129000.0,130500.0,129750.0,0
2015,130500.0,132000.0,131250.0,0
2015,132000.0,133500.0,132750.0,0
2015,133500.0,135000.0,134250.0,0
2015,135000.0,136500.0,135750.0,0
2015,136500.0,138000.0,137250.0,0
2015,138000.0,139500.0,138750.0,0
2015,139500.0,141000.0,140250.0,0
2015,141000.0,142500.0,141750.0,0
2015,142500.0,144000.0,143250.0,0
2015,144000.0,145500.0,144750.0,0
2015,145500.0,147000.0,146250.0,0
2015,147000.0,148500.0,147750.0,0
2015,148500.0,150000.0,149250.0,1
2016,6.0,1655.94,830.97,162577
2016,1655.94,3305.88,2480.91,43690
2016,3305.88,4955.82,4130.85,9195
2016,4955.82,6605.76,5780.79,6828
2016,6605.76,8255.7,7430.7300000000005,2664
2016,8255.7,9905.64,9080.67,704
2016,9905.64,11555.58,10730.61,1733
2016,11555.58,13205.52,12380.55,583
2016,13205.52,14855.460000000001,14030.490000000002,157
2016,14855.460000000001,16505.4,15680.43,635
2016,16505.4,18155.34,17330.370000000003,195
2016,18155.34,19805.28,18980.309999999998,69
2016,19805.28,21455.22,20630.25,352
2016,21455.22,23105.16,22280.190000000002,76
2016,23105.16,24755.100000000002,23930.13,22
2016,24755.100000000002,26405.04,25580.07,130
2016,26405.04,28054.98,27230.010000000002,32
2016,28054.98,29704.920000000002,28879.95,13
2016,29704.920000000002,31354.86,30529.89,114
2016,31354.86,33004.8,32179.83,12
2016,33004.8,34654.74,33829.770000000004,5
2016,34654.74,36304.68,35479.71,27
2016,36304.68,37954.62,37129.65,3
2016,37954.62,39604.56,38779.59,4
2016,39604.56,41254.5,40429.53,22
2016,41254.5,42904.44,42079.47,3
2016,42904.44,44554.380000000005,43729.41,2
2016,44554.380000000005,46204.32,45379.350000000006,7
2016,46204.32,47854.26,47029.29,1
2016,47854.26,49504.200000000004,48679.23,1
2016,49504.200000000004,51154.14,50329.17,13
2016,51154.14,52804.08,51979.11,0
2016,52804.08,54454.020000000004,53629.05,0
2016,54454.020000000004,56103.96,55278.990000000005,2
2016,56103.96,57753.9,56928.93,3
2016,57753.9,59403.840000000004,58578.87,2
2016,59403.840000000004,61053.78,60228.81,1
2016,61053.78,62703.72,61878.75,0
2016,62703.72,64353.66,63528.69,0
2016,64353.66,66003.6,65178.630000000005,1
2016,66003.6,67653.54000000001,66828.57,0
2016,67653.54000000001,69303.48,68478.51000000001,0
2016,69303.48,70953.42,70128.45,3
2016,70953.42,72603.36,71778.39,0
2016,72603.36,74253.3,73428.33,0
2016,74253.3,75903.24,75078.27,0
2016,75903.24,77553.18000000001,76728.21,0
2016,77553.18000000001,79203.12,78378.15,0
2016,79203.12,80853.06,80028.09,0
2016,80853.06,82503.0,81678.03,0
2016,82503.0,84152.94,83327.97,0
2016,84152.94,85802.88,84977.91,0
2016,85802.88,87452.82,86627.85,0
2016,87452.82,89102.76000000001,88277.79000000001,0
2016,89102.76000000001,90752.7,89927.73000000001,0
2016,90752.7,92402.64,91577.67,0
2016,92402.64,94052.58,93227.61,0
2016,94052.58,95702.52,94877.55,0
2016,95702.52,97352.46,96527.49,0
2016,97352.46,99002.40000000001,98177.43000000001,0
2016,99002.40000000001,100652.34,99827.37,5
2016,100652.34,102302.28,101477.31,0
2016,102302.28,103952.22,103127.25,0
2016,103952.22,105602.16,104777.19,0
2016,105602.16,107252.1,106427.13,0
2016,107252.1,108902.04000000001,108077.07,0
2016,108902.04000000001,110551.98000000001,109727.01000000001,2
2016,110551.98000000001,112201.92,111376.95000000001,0
2016,112201.92,113851.86,113026.89,0
2016,113851.86,115501.8,114676.83,0
2016,115501.8,117151.74,116326.77,0
2016,117151.74,118801.68000000001,117976.71,0
2016,118801.68000000001,120451.62000000001,119626.65000000001,0
2016,120451.62000000001,122101.56,121276.59,0
2016,122101.56,123751.5,122926.53,0
2016,123751.5,125401.44,124576.47,0
2016,125401.44,127051.38,126226.41,0
2016,127051.38,128701.32,127876.35,0
2016,128701.32,130351.26000000001,129526.29000000001,0
2016,130351.26000000001,132001.2,131176.23,0
2016,132001.2,133651.14,132826.17,0
2016,133651.14,135301.08000000002,134476.11000000002,0
2016,135301.08000000002,136951.02000000002,136126.05000000002,0
2016,136951.02000000002,138600.96,137775.99,0
2016,138600.96,140250.9,139425.93,0
2016,140250.9,141900.84,141075.87,0
2016,141900.84,143550.78,142725.81,0
2016,143550.78,145200.72,144375.75,0
2016,145200.72,146850.66,146025.69,0
2016,146850.66,148500.6,147675.63,0
2016,148500.6,150150.54,149325.57,0
2016,150150.54,151800.48,150975.51,0
2016,151800.48,153450.42,152625.45,0
2016,153450.42,155100.36000000002,154275.39,0
2016,155100.36000000002,156750.30000000002,155925.33000000002,0
2016,156750.30000000002,158400.24,157575.27000000002,0
2016,158400.24,160050.18,159225.21,0
2016,160050.18,161700.12,160875.15,0
2016,161700.12,163350.06,162525.09,0
2016,163350.06,165000.0,164175.03,1
2017,5.0,2004.95,1004.975,179607
2017,2004.95,4004.9,3004.925,31088
2017,4004.9,6004.85,5004.875,8995
2017,6004.85,8004.8,7004.825000000001,3323
2017,8004.8,10004.75,9004.775,2319
2017,10004.75,12004.7,11004.725,795
2017,12004.7,14004.65,13004.675,377
2017,14004.65,16004.6,15004.625,725
2017,16004.6,18004.55,17004.575,225
2017,18004.55,20004.5,19004.525,425
2017,20004.5,22004.45,21004.475,86
2017,22004.45,24004.4,23004.425000000003,60
2017,24004.4,26004.350000000002,25004.375,142
2017,26004.350000000002,28004.3,27004.325,35
2017,28004.3,30004.25,29004.275,137
2017,30004.25,32004.2,31004.225,17
2017,32004.2,34004.15,33004.175,20
2017,34004.15,36004.1,35004.125,47
2017,36004.1,38004.05,37004.075,7
2017,38004.05,40004.0,39004.025,47
2017,40004.0,42003.950000000004,41003.975000000006,5
2017,42003.950000000004,44003.9,43003.925,3
2017,44003.9,46003.85,45003.875,8
2017,46003.85,48003.8,47003.825,2
2017,48003.8,50003.75,49003.775,20
2017,50003.75,52003.700000000004,51003.725000000006,5
2017,52003.700000000004,54003.65,53003.675,6
2017,54003.65,56003.6,55003.625,5
2017,56003.6,58003.55,57003.575,3
2017,58003.55,60003.5,59003.525,9
2017,60003.5,62003.450000000004,61003.475000000006,0
2017,62003.450000000004,64003.4,63003.425,0
2017,64003.4,66003.35,65003.375,2
2017,66003.35,68003.3,67003.32500000001,0
2017,68003.3,70003.25,69003.275,3
2017,70003.25,72003.2,71003.225,0
2017,72003.2,74003.15000000001,73003.175,0
2017,74003.15000000001,76003.1,75003.125,2
2017,76003.1,78003.05,77003.07500000001,0
2017,78003.05,80003.0,79003.025,7
2017,80003.0,82002.95,81002.975,0
2017,82002.95,84002.90000000001,83002.925,0
2017,84002.90000000001,86002.85,85002.875,0
2017,86002.85,88002.8,87002.82500000001,0
2017,88002.8,90002.75,89002.775,0
2017,90002.75,92002.7,91002.725,0
2017,92002.7,94002.65000000001,93002.675,0
2017,94002.65000000001,96002.6,95002.625,0
2017,96002.6,98002.55,97002.57500000001,0
2017,98002.55,100002.5,99002.525,4
2017,100002.5,102002.45,101002.475,0
2017,102002.45,104002.40000000001,103002.425,0
2017,104002.40000000001,106002.35,105002.375,0
2017,106002.35,108002.3,107002.32500000001,0
2017,108002.3,110002.25,109002.275,0
2017,110002.25,112002.2,111002.225,0
2017,112002.2,114002.15000000001,113002.175,0
2017,114002.15000000001,116002.1,115002.125,1
2017,116002.1,118002.05,117002.07500000001,0
2017,118002.05,120002.0,119002.025,0
2017,120002.0,122001.95,121001.975,0
2017,122001.95,124001.90000000001,123001.925,0
2017,124001.90000000001,126001.85,125001.875,0
2017,126001.85,128001.8,127001.82500000001,0
2017,128001.8,130001.75,129001.775,0
2017,130001.75,132001.7,131001.725,0
2017,132001.7,134001.65,133001.675,0
2017,134001.65,136001.6,135001.625,0
2017,136001.6,138001.55000000002,137001.575,0
2017,138001.55000000002,140001.5,139001.52500000002,0
2017,140001.5,142001.45,141001.475,0
2017,142001.45,144001.4,143001.425,0
2017,144001.4,146001.35,145001.375,0
2017,146001.35,148001.30000000002,147001.325,0
2017,148001.30000000002,150001.25,149001.27500000002,2
2017,150001.25,152001.2,151001.225,0
2017,152001.2,154001.15,153001.175,0
2017,154001.15,156001.1,155001.125,0
2017,156001.1,158001.05000000002,157001.075,0
2017,158001.05000000002,160001.0,159001.02500000002,0
2017,160001.0,162000.95,161000.975,0
2017,162000.95,164000.9,163000.925,0
2017,164000.9,166000.85,165000.875,0
2017,166000.85,168000.80000000002,167000.825,0
2017,168000.80000000002,170000.75,169000.77500000002,0
2017,170000.75,172000.7,171000.725,0
2017,172000.7,174000.65,173000.675,0
2017,174000.65,176000.6,175000.625,0
2017,176000.6,178000.55000000002,177000.575,0
2017,178000.55000000002,180000.5,179000.52500000002,0
2017,180000.5,182000.45,181000.475,0
2017,182000.45,184000.4,183000.425,0
2017,184000.4,186000.35,185000.375,0
2017,186000.35,188000.30000000002,187000.325,0
2017,188000.30000000002,190000.25,189000.27500000002,0
2017,190000.25,192000.2,191000.225,0
2017,192000.2,194000.15,193000.175,0
2017,194000.15,196000.1,195000.125,0
2017,196000.1,198000.05000000002,197000.075,0
2017,198000.05000000002,200000.0,199000.02500000002,2
2018,5.0,2654.95,1329.975,187402
2018,2654.95,5304.9,3979.9249999999997,27355
2018,5304.9,7954.849999999999,6629.875,5094
2018,7954.849999999999,10604.8,9279.824999999999,3826
2018,10604.8,13254.75,11929.775,1047
2018,13254.75,15904.699999999999,14579.724999999999,875
2018,15904.699999999999,18554.649999999998,17229.675,386
2018,18554.649999999998,21204.6,19879.625,488
2018,21204.6,23854.55,22529.574999999997,100
2018,23854.55,26504.5,25179.525,201
2018,26504.5,29154.449999999997,27829.475,68
2018,29154.449999999997,31804.399999999998,30479.424999999996,193
2018,31804.399999999998,34454.35,33129.375,29
2018,34454.35,37104.299999999996,35779.325,39
2018,37104.299999999996,39754.25,38429.274999999994,11
2018,39754.25,42404.2,41079.225,51
2018,42404.2,45054.149999999994,43729.174999999996,12
2018,45054.149999999994,47704.1,46379.125,1
2018,47704.1,50354.049999999996,49029.075,34
2018,50354.049999999996,53004.0,51679.024999999994,3
2018,53004.0,55653.95,54328.975,4
2018,55653.95,58303.899999999994,56978.924999999996,0
2018,58303.899999999994,60953.85,59628.875,6
2018,60953.85,63603.799999999996,62278.825,2
2018,63603.799999999996,66253.75,64928.774999999994,2
2018,66253.75,68903.7,67578.725,0
2018,68903.7,71553.65,70228.67499999999,6
2018,71553.65,74203.59999999999,72878.625,0
2018,74203.59999999999,76853.54999999999,75528.57499999998,1
2018,76853.54999999999,79503.5,78178.525,0
2018,79503.5,82153.45,80828.475,6
2018,82153.45,84803.4,83478.42499999999,0
2018,84803.4,87453.34999999999,86128.375,2
2018,87453.34999999999,90103.29999999999,88778.32499999998,4
2018,90103.29999999999,92753.25,91428.275,0
2018,92753.25,95403.2,94078.225,0
2018,95403.2,98053.15,96728.17499999999,0
2018,98053.15,100703.09999999999,99378.125,9
2018,100703.09999999999,103353.04999999999,102028.07499999998,0
2018,103353.04999999999,106003.0,104678.025,0
2018,106003.0,108652.95,107327.975,0
2018,108652.95,111302.9,109977.92499999999,0
2018,111302.9,113952.84999999999,112627.875,0
2018,113952.84999999999,116602.79999999999,115277.82499999998,0
2018,116602.79999999999,119252.74999999999,117927.775,0
2018,119252.74999999999,121902.7,120577.72499999999,3
2018,121902.7,124552.65,123227.67499999999,0
2018,124552.65,127202.59999999999,125877.625,0
2018,127202.59999999999,129852.54999999999,128527.57499999998,0
2018,129852.54999999999,132502.5,131177.525,0
2018,132502.5,135152.44999999998,133827.47499999998,0
2018,135152.44999999998,137802.4,136477.425,0
2018,137802.4,140452.34999999998,139127.375,0
2018,140452.34999999998,143102.3,141777.32499999998,0
2018,143102.3,145752.25,144427.275,0
2018,145752.25,148402.19999999998,147077.22499999998,0
2018,148402.19999999998,151052.15,149727.175,1
2018,151052.15,153702.09999999998,152377.125,0
2018,153702.09999999998,156352.05,155027.07499999998,0
2018,156352.05,159002.0,157677.025,1
2018,159002.0,161651.94999999998,160326.97499999998,1
2018,161651.94999999998,164301.9,162976.925,0
2018,164301.9,166951.84999999998,165626.875,0
2018,166951.84999999998,169601.8,168276.82499999998,0
2018,169601.8,172251.75,170926.775,0
2018,172251.75,174901.69999999998,173576.72499999998,0
2018,174901.69999999998,177551.65,176226.675,0
2018,177551.65,180201.59999999998,178876.625,0
2018,180201.59999999998,182851.55,181526.57499999998,0
2018,182851.55,185501.5,184176.525,0
2018,185501.5,188151.44999999998,186826.47499999998,0
2018,188151.44999999998,190801.4,189476.425,0
2018,190801.4,193451.34999999998,192126.375,0
2018,193451.34999999998,196101.3,194776.32499999998,0
2018,196101.3,198751.25,197426.275,0
2018,198751.25,201401.19999999998,200076.22499999998,1
2018,201401.19999999998,204051.15,202726.175,0
2018,204051.15,206701.09999999998,205376.125,0
2018,206701.09999999998,209351.05,208026.07499999998,0
2018,209351.05,212001.0,210676.025,0
2018,212001.0,214650.94999999998,213325.97499999998,0
2018,214650.94999999998,217300.9,215975.925,0
2018,217300.9,219950.84999999998,218625.875,0
2018,219950.84999999998,222600.8,221275.82499999998,0
2018,222600.8,225250.74999999997,223925.77499999997,0
2018,225250.74999999997,227900.69999999998,226575.72499999998,0
2018,227900.69999999998,230550.65,229225.675,0
2018,230550.65,233200.59999999998,231875.625,0
2018,233200.59999999998,235850.55,234525.57499999998,0
2018,235850.55,238500.49999999997,237175.52499999997,0
2018,238500.49999999997,241150.44999999998,239825.47499999998,0
2018,241150.44999999998,243800.4,242475.425,0
2018,243800.4,246450.34999999998,245125.375,0
2018,246450.34999999998,249100.3,247775.32499999998,0
2018,249100.3,251750.24999999997,250425.27499999997,0
2018,251750.24999999997,254400.19999999998,253075.22499999998,0
2018,254400.19999999998,257050.15,255725.175,0
2018,257050.15,259700.09999999998,258375.125,0
2018,259700.09999999998,262350.05,261025.07499999998,0
2018,262350.05,265000.0,263675.025,1
2019,4.0,2603.96,1303.98,183699
2019,2603.96,5203.92,3903.94,28343
2019,5203.92,7803.88,6503.9,5202
2019,7803.88,10403.84,9103.86,3945
2019,10403.84,13003.8,11703.82,1203
2019,13003.8,15603.76,14303.779999999999,931
2019,15603.76,18203.72,16903.74,436
2019,18203.72,20803.68,19503.7,547
2019,20803.68,23403.64,22103.66,122
2019,23403.64,26003.6,24703.62,253
2019,26003.6,28603.56,27303.58,65
2019,28603.56,31203.52,29903.54,213
2019,31203.52,33803.48,32503.5,37
2019,33803.48,36403.44,35103.46000000001,48
2019,36403.44,39003.4,37703.42,14
2019,39003.4,41603.36,40303.380000000005,53
2019,41603.36,44203.32,42903.34,5
2019,44203.32,46803.28,45503.3,12
2019,46803.28,49403.24,48103.259999999995,4
2019,49403.24,52003.2,50703.22,31
2019,52003.2,54603.16,53303.18,2
2019,54603.16,57203.12,55903.14,2
2019,57203.12,59803.08,58503.100000000006,3
2019,59803.08,62403.04,61103.06,10
2019,62403.04,65003.0,63703.020000000004,4
2019,65003.0,67602.96,66302.98000000001,1
2019,67602.96,70202.92,68902.94,5
2019,70202.92,72802.88,71502.9,0
2019,72802.88,75402.84,74102.86,2
2019,75402.84,78002.8,76702.82,0
2019,78002.8,80602.76,79302.78,10
2019,80602.76,83202.72,81902.73999999999,0
2019,83202.72,85802.68000000001,84502.70000000001,1
2019,85802.68000000001,88402.64,87102.66,1
2019,88402.64,91002.6,89702.62,0
2019,91002.6,93602.56,92302.58,0
2019,93602.56,96202.52,94902.54000000001,0
2019,96202.52,98802.48,97502.5,0
2019,98802.48,101402.44,100102.45999999999,10
2019,101402.44,104002.4,102702.42,0
2019,104002.4,106602.36,105302.38,0
2019,106602.36,109202.32,107902.34,0
2019,109202.32,111802.28,110502.3,1
2019,111802.28,114402.24,113102.26000000001,0
2019,114402.24,117002.2,115702.22,0
2019,117002.2,119602.16,118302.18,0
2019,119602.16,122202.12,120902.14,0
2019,122202.12,124802.08,123502.1,0
2019,124802.08,127402.04000000001,126102.06,0
2019,127402.04000000001,130002.0,128702.02,0
2019,130002.0,132601.96,131301.97999999998,0
2019,132601.96,135201.92,133901.94,0
2019,135201.92,137801.88,136501.90000000002,0
2019,137801.88,140401.84,139101.86,0
2019,140401.84,143001.8,141701.82,0
2019,143001.8,145601.76,144301.78,0
2019,145601.76,148201.72,146901.74,0
2019,148201.72,150801.68,149501.7,2
2019,150801.68,153401.64,152101.66,0
2019,153401.64,156001.6,154701.62,0
2019,156001.6,158601.56,157301.58000000002,0
2019,158601.56,161201.52,159901.53999999998,0
2019,161201.52,163801.48,162501.5,0
2019,163801.48,166401.44,165101.46000000002,0
2019,166401.44,169001.4,167701.41999999998,0
2019,169001.4,171601.36000000002,170301.38,0
2019,171601.36000000002,174201.32,172901.34000000003,0
2019,174201.32,176801.28,175501.3,0
2019,176801.28,179401.24,178101.26,0
2019,179401.24,182001.2,180701.22,0
2019,182001.2,184601.16,183301.18,0
2019,184601.16,187201.12,185901.14,0
2019,187201.12,189801.08000000002,188501.1,0
2019,189801.08000000002,192401.04,191101.06,0
2019,192401.04,195001.0,193701.02000000002,0
2019,195001.0,197600.96,196300.97999999998,0
2019,197600.96,200200.92,198900.94,1
2019,200200.92,202800.88,201500.90000000002,0
2019,202800.88,205400.84,204100.86,0
2019,205400.84,208000.8,206700.82,0
2019,208000.8,210600.76,209300.78,0
2019,210600.76,213200.72,211900.74,0
2019,213200.72,215800.68,214500.7,0
2019,215800.68,218400.64,217100.66,0
2019,218400.64,221000.6,219700.62,0
2019,221000.6,223600.56,222300.58000000002,0
2019,223600.56,226200.52,224900.53999999998,0
2019,226200.52,228800.48,227500.5,0
2019,228800.48,231400.44,230100.46000000002,0
2019,231400.44,234000.4,232700.41999999998,0
2019,234000.4,236600.36000000002,235300.38,0
2019,236600.36000000002,239200.32,237900.34000000003,0
2019,239200.32,241800.28,240500.3,0
2019,241800.28,244400.24,243100.26,0
2019,244400.24,247000.2,245700.22,1
2019,247000.2,249600.16,248300.18,0
2019,249600.16,252200.12,250900.14,1
2019,252200.12,254800.08000000002,253500.1,0
2019,254800.08000000002,257400.04,256100.06,0
2019,257400.04,260000.0,258700.02000000002,1
2020,10.0,3209.9,1609.95,112886
2020,3209.9,6409.8,4809.85,12879
2020,6409.8,9609.7,8009.75,2970
2020,9609.7,12809.6,11209.650000000001,2010
2020,12809.6,16009.5,14409.55,907
2020,16009.5,19209.4,17609.45,266
2020,19209.4,22409.3,20809.35,416
2020,22409.3,25609.2,24009.25,200
2020,25609.2,28809.100000000002,27209.15,62
2020,28809.100000000002,32009.0,30409.050000000003,167
2020,32009.0,35208.9,33608.95,47
2020,35208.9,38408.8,36808.850000000006,18
2020,38408.8,41608.700000000004,40008.75,46
2020,41608.700000000004,44808.6,43208.65,8
2020,44808.6,48008.5,46408.55,10
2020,48008.5,51208.4,49608.45,30
2020,51208.4,54408.3,52808.350000000006,3
2020,54408.3,57608.200000000004,56008.25,3
2020,57608.200000000004,60808.1,59208.15,13
2020,60808.1,64008.0,62408.05,2
2020,64008.0,67207.90000000001,65607.95000000001,2
2020,67207.90000000001,70407.8,68807.85,4
2020,70407.8,73607.7,72007.75,0
2020,73607.7,76807.6,75207.65,0
2020,76807.6,80007.5,78407.55,5
2020,80007.5,83207.40000000001,81607.45000000001,0
2020,83207.40000000001,86407.3,84807.35,2
2020,86407.3,89607.2,88007.25,0
2020,89607.2,92807.1,91207.15,2
2020,92807.1,96007.0,94407.05,0
2020,96007.0,99206.90000000001,97606.95000000001,0
2020,99206.90000000001,102406.8,100806.85,3
2020,102406.8,105606.7,104006.75,0
2020,105606.7,108806.6,107206.65,0
2020,108806.6,112006.5,110406.55,0
2020,112006.5,115206.40000000001,113606.45000000001,0
2020,115206.40000000001,118406.3,116806.35,0
2020,118406.3,121606.2,120006.25,1
2020,121606.2,124806.1,123206.15,1
2020,124806.1,128006.0,126406.05,0
2020,128006.0,131205.9,129605.95,0
2020,131205.9,134405.80000000002,132805.85,0
2020,134405.80000000002,137605.7,136005.75,0
2020,137605.7,140805.6,139205.65000000002,0
2020,140805.6,144005.5,142405.55,0
2020,144005.5,147205.4,145605.45,0
2020,147205.4,150405.30000000002,148805.35,2
2020,150405.30000000002,153605.2,152005.25,0
2020,153605.2,156805.1,155205.15000000002,0
2020,156805.1,160005.0,158405.05,0
2020,160005.0,163204.9,161604.95,0
2020,163204.9,166404.80000000002,164804.85,0
2020,166404.80000000002,169604.7,168004.75,0
2020,169604.7,172804.6,171204.65000000002,0
2020,172804.6,176004.5,174404.55,0
2020,176004.5,179204.4,177604.45,0
2020,179204.4,182404.30000000002,180804.35,0
2020,182404.30000000002,185604.2,184004.25,0
2020,185604.2,188804.1,187204.15000000002,0
2020,188804.1,192004.0,190404.05,0
2020,192004.0,195203.9,193603.95,0
2020,195203.9,198403.80000000002,196803.85,0
2020,198403.80000000002,201603.7,200003.75,0
2020,201603.7,204803.6,203203.65000000002,0
2020,204803.6,208003.5,206403.55,0
2020,208003.5,211203.4,209603.45,0
2020,211203.4,214403.30000000002,212803.35,0
2020,214403.30000000002,217603.2,216003.25,0
2020,217603.2,220803.1,219203.15000000002,0
2020,220803.1,224003.0,222403.05,0
2020,224003.0,227202.9,225602.95,0
2020,227202.9,230402.80000000002,228802.85,0
2020,230402.80000000002,233602.7,232002.75,0
2020,233602.7,236802.6,235202.65000000002,0
2020,236802.6,240002.5,238402.55,0
2020,240002.5,243202.4,241602.45,0
2020,243202.4,246402.30000000002,244802.35,0
2020,246402.30000000002,249602.2,248002.25,0
2020,249602.2,252802.1,251202.15000000002,1
2020,252802.1,256002.0,254402.05,0
2020,256002.0,259201.9,257601.95,0
2020,259201.9,262401.8,260801.84999999998,0
2020,262401.8,265601.7,264001.75,0
2020,265601.7,268801.60000000003,267201.65,0
2020,268801.60000000003,272001.5,270401.55000000005,0
2020,272001.5,275201.4,273601.45,0
2020,275201.4,278401.3,276801.35,0
2020,278401.3,281601.2,280001.25,0
2020,281601.2,284801.10000000003,283201.15,0
2020,284801.10000000003,288001.0,286401.05000000005,0
2020,288001.0,291200.9,289600.95,0
2020,291200.9,294400.8,292800.85,0
2020,294400.8,297600.7,296000.75,0
2020,297600.7,300800.60000000003,299200.65,0
2020,300800.60000000003,304000.5,302400.55000000005,0
2020,304000.5,307200.4,305600.45,0
2020,307200.4,310400.3,308800.35,0
2020,310400.3,313600.2,312000.25,0
2020,313600.2,316800.10000000003,315200.15,0
2020,316800.10000000003,320000.0,318400.05000000005,1
2021,2.0,3001.98,1501.99,146705
2021,3001.98,6001.96,4501.97,17272
2021,6001.96,9001.94,7501.950000000001,3700
2021,9001.94,12001.92,10501.93,2257
2021,12001.92,15001.9,13501.91,1005
2021,15001.9,18001.88,16501.89,387
2021,18001.88,21001.86,19501.870000000003,534
2021,21001.86,24001.84,22501.85,110
2021,24001.84,27001.82,25501.83,185
2021,27001.82,30001.8,28501.809999999998,161
2021,30001.8,33001.78,31501.79,34
2021,33001.78,36001.76,34501.770000000004,55
2021,36001.76,39001.74,37501.75,14
2021,39001.74,42001.72,40501.729999999996,54
2021,42001.72,45001.7,43501.71,9
2021,45001.7,48001.68,46501.69,5
2021,48001.68,51001.66,49501.67,36
2021,51001.66,54001.64,52501.65,4
2021,54001.64,57001.62,55501.630000000005,11
2021,57001.62,60001.6,58501.61,13
2021,60001.6,63001.58,61501.59,5
2021,63001.58,66001.56,64501.57,1
2021,66001.56,69001.54,67501.54999999999,0
2021,69001.54,72001.52,70501.53,4
2021,72001.52,75001.5,73501.51000000001,2
2021,75001.5,78001.48,76501.48999999999,0
2021,78001.48,81001.46,79501.47,5
2021,81001.46,84001.44,82501.45000000001,0
2021,84001.44,87001.42,85501.43,0
2021,87001.42,90001.4,88501.41,2
2021,90001.4,93001.38,91501.39,0
2021,93001.38,96001.36,94501.37,1
2021,96001.36,99001.34,97501.35,0
2021,99001.34,102001.32,100501.33,4
2021,102001.32,105001.3,103501.31,0
2021,105001.3,108001.28,106501.29000000001,0
2021,108001.28,111001.26,109501.26999999999,2
2021,111001.26,114001.24,112501.25,0
2021,114001.24,117001.22,115501.23000000001,1
2021,117001.22,120001.2,118501.20999999999,0
2021,120001.2,123001.18000000001,121501.19,0
2021,123001.18000000001,126001.16,124501.17000000001,0
2021,126001.16,129001.14,127501.15,0
2021,129001.14,132001.12,130501.13,4
2021,132001.12,135001.1,133501.11,1
2021,135001.1,138001.08,136501.09,0
2021,138001.08,141001.06,139501.07,0
2021,141001.06,144001.04,142501.05,0
2021,144001.04,147001.02,145501.03,0
2021,147001.02,150001.0,148501.01,1
2021,150001.0,153000.98,151500.99,1
2021,153000.98,156000.96,154500.97,0
2021,156000.96,159000.94,157500.95,0
2021,159000.94,162000.92,160500.93,0
2021,162000.92,165000.9,163500.91,0
2021,165000.9,168000.88,166500.89,0
2021,168000.88,171000.86000000002,169500.87,0
2021,171000.86000000002,174000.84,172500.85,0
2021,174000.84,177000.82,175500.83000000002,0
2021,177000.82,180000.8,178500.81,0
2021,180000.8,183000.78,181500.78999999998,0
2021,183000.78,186000.76,184500.77000000002,0
2021,186000.76,189000.74,187500.75,0
2021,189000.74,192000.72,190500.72999999998,0
2021,192000.72,195000.7,193500.71000000002,0
2021,195000.7,198000.68,196500.69,0
2021,198000.68,201000.66,199500.66999999998,1
2021,201000.66,204000.64,202500.65000000002,0
2021,204000.64,207000.62,205500.63,0
2021,207000.62,210000.6,208500.61,0
2021,210000.6,213000.58,211500.59,0
2021,213000.58,216000.56,214500.57,0
2021,216000.56,219000.54,217500.55,0
2021,219000.54,222000.52,220500.53,0
2021,222000.52,225000.5,223500.51,0
2021,225000.5,228000.48,226500.49,0
2021,228000.48,231000.46,229500.47,0
2021,231000.46,234000.44,232500.45,0
2021,234000.44,237000.42,235500.43,0
2021,237000.42,240000.4,238500.41,0
2021,240000.4,243000.38,241500.39,0
2021,243000.38,246000.36000000002,244500.37,0
2021,246000.36000000002,249000.34,247500.35,0
2021,249000.34,252000.32,250500.33000000002,1
2021,252000.32,255000.3,253500.31,0
2021,255000.3,258000.28,256500.28999999998,0
2021,258000.28,261000.26,259500.27000000002,0
2021,261000.26,264000.24,262500.25,0
2021,264000.24,267000.22000000003,265500.23,0
2021,267000.22000000003,270000.2,268500.21,0
2021,270000.2,273000.18,271500.19,0
2021,273000.18,276000.16,274500.17,0
2021,276000.16,279000.14,277500.15,0
2021,279000.14,282000.12,280500.13,0
2021,282000.12,285000.1,283500.11,0
2021,285000.1,288000.08,286500.08999999997,0
2021,288000.08,291000.06,289500.07,0
2021,291000.06,294000.04,292500.05,0
2021,294000.04,297000.02,295500.03,0
2021,297000.02,300000.0,298500.01,1
2022,4.0,9003.96,4503.98,197668
2022,9003.96,18003.92,13503.939999999999,5708
2022,18003.92,27003.879999999997,22503.899999999998,1196
2022,27003.879999999997,36003.84,31503.859999999997,433
2022,36003.84,45003.799999999996,40503.81999999999,145
2022,45003.799999999996,54003.759999999995,49503.78,83
2022,54003.759999999995,63003.719999999994,58503.73999999999,34
2022,63003.719999999994,72003.68,67503.7,20
2022,72003.68,81003.63999999998,76503.65999999999,17
2022,81003.63999999998,90003.59999999999,85503.62,7
2022,90003.59999999999,99003.56,94503.57999999999,1
2022,99003.56,108003.51999999999,103503.54,11
2022,108003.51999999999,117003.47999999998,112503.49999999999,1
2022,117003.47999999998,126003.43999999999,121503.45999999999,4
2022,126003.43999999999,135003.4,130503.41999999998,0
2022,135003.4,144003.36,139503.38,0
2022,144003.36,153003.31999999998,148503.33999999997,3
2022,153003.31999999998,162003.27999999997,157503.3,2
2022,162003.27999999997,171003.24,166503.25999999998,1
2022,171003.24,180003.19999999998,175503.21999999997,0
2022,180003.19999999998,189003.15999999997,184503.18,0
2022,189003.15999999997,198003.12,193503.13999999998,0
2022,198003.12,207003.08,202503.09999999998,4
2022,207003.08,216003.03999999998,211503.06,1
2022,216003.03999999998,225002.99999999997,220503.01999999996,0
2022,225002.99999999997,234002.95999999996,229502.97999999998,0
2022,234002.95999999996,243002.91999999998,238502.93999999997,0
2022,243002.91999999998,252002.87999999998,247502.89999999997,0
2022,252002.87999999998,261002.83999999997,256502.86,0
2022,261002.83999999997,270002.8,265502.81999999995,0
2022,270002.8,279002.75999999995,274502.77999999997,0
2022,279002.75999999995,288002.72,283502.74,0
2022,288002.72,297002.68,292502.69999999995,0
2022,297002.68,306002.63999999996,301502.66,1
2022,306002.63999999996,315002.6,310502.62,0
2022,315002.6,324002.55999999994,319502.57999999996,0
2022,324002.55999999994,333002.51999999996,328502.5399999999,0
2022,333002.51999999996,342002.48,337502.5,0
2022,342002.48,351002.43999999994,346502.45999999996,0
2022,351002.43999999994,360002.39999999997,355502.4199999999,0
2022,360002.39999999997,369002.36,364502.38,0
2022,369002.36,378002.31999999995,373502.33999999997,0
2022,378002.31999999995,387002.27999999997,382502.29999999993,0
2022,387002.27999999997,396002.24,391502.26,0
2022,396002.24,405002.19999999995,400502.22,0
2022,405002.19999999995,414002.16,409502.17999999993,0
2022,414002.16,423002.11999999994,418502.13999999996,0
2022,423002.11999999994,432002.07999999996,427502.1,0
2022,432002.07999999996,441002.04,436502.05999999994,0
2022,441002.04,450001.99999999994,445502.01999999996,0
2022,450001.99999999994,459001.95999999996,454501.98,0
2022,459001.95999999996,468001.9199999999,463501.93999999994,0
2022,468001.9199999999,477001.87999999995,472501.8999999999,0
2022,477001.87999999995,486001.83999999997,481501.86,0
2022,486001.83999999997,495001.79999999993,490501.81999999995,0
2022,495001.79999999993,504001.75999999995,499501.7799999999,0
2022,504001.75999999995,513001.72,508501.74,0
2022,513001.72,522001.67999999993,517501.69999999995,0
2022,522001.67999999993,531001.6399999999,526501.6599999999,0
2022,531001.6399999999,540001.6,535501.6199999999,0
2022,540001.6,549001.5599999999,544501.58,0
2022,549001.5599999999,558001.5199999999,553501.5399999999,0
2022,558001.5199999999,567001.48,562501.5,0
2022,567001.48,576001.44,571501.46,0
2022,576001.44,585001.3999999999,580501.4199999999,0
2022,585001.3999999999,594001.36,589501.3799999999,0
2022,594001.36,603001.32,598501.34,0
2022,603001.32,612001.2799999999,607501.2999999999,0
2022,612001.2799999999,621001.24,616501.26,0
2022,621001.24,630001.2,625501.22,0
2022,630001.2,639001.1599999999,634501.1799999999,0
2022,639001.1599999999,648001.1199999999,643501.1399999999,0
2022,648001.1199999999,657001.08,652501.0999999999,0
2022,657001.08,666001.0399999999,661501.0599999999,0
2022,666001.0399999999,675000.9999999999,670501.0199999999,0
2022,675000.9999999999,684000.96,679500.98,0
2022,684000.96,693000.9199999999,688500.94,0
2022,693000.9199999999,702000.8799999999,697500.8999999999,0
2022,702000.8799999999,711000.84,706500.8599999999,0
2022,711000.84,720000.7999999999,715500.82,0
2022,720000.7999999999,729000.7599999999,724500.7799999999,0
2022,729000.7599999999,738000.72,733500.74,0
2022,738000.72,747000.6799999999,742500.7,0
2022,747000.6799999999,756000.6399999999,751500.6599999999,0
2022,756000.6399999999,765000.6,760500.6199999999,0
2022,765000.6,774000.5599999999,769500.58,0
2022,774000.5599999999,783000.5199999999,778500.5399999999,0
2022,783000.5199999999,792000.48,787500.5,0
2022,792000.48,801000.44,796500.46,0
2022,801000.44,810000.3999999999,805500.4199999999,0
2022,810000.3999999999,819000.3599999999,814500.3799999999,0
2022,819000.3599999999,828000.32,823500.3399999999,0
2022,828000.32,837000.2799999999,832500.2999999999,0
2022,837000.2799999999,846000.2399999999,841500.2599999999,0
2022,846000.2399999999,855000.2,850500.22,0
2022,855000.2,864000.1599999999,859500.1799999999,0
2022,864000.1599999999,873000.1199999999,868500.1399999999,0
2022,873000.1199999999,882000.08,877500.0999999999,0
2022,882000.08,891000.0399999999,886500.0599999999,0
2022,891000.0399999999,900000.0,895500.02,1
2023,8.0,3007.92,1507.96,160743
2023,3007.92,6007.84,4507.88,26249
2023,6007.84,9007.76,7507.8,6054
2023,9007.76,12007.68,10507.720000000001,4062
2023,12007.68,15007.6,13507.64,1896
2023,15007.6,18007.52,16507.56,570
2023,18007.52,21007.440000000002,19507.480000000003,895
2023,21007.440000000002,24007.36,22507.4,183
2023,24007.36,27007.28,25507.32,328
2023,27007.28,30007.2,28507.239999999998,374
2023,30007.2,33007.12,31507.160000000003,52
2023,33007.12,36007.04,34507.08,93
2023,36007.04,39006.96,37507.0,30
2023,39006.96,42006.880000000005,40506.92,114
2023,42006.880000000005,45006.8,43506.840000000004,24
2023,45006.8,48006.72,46506.76,7
2023,48006.72,51006.64,49506.68,71
2023,51006.64,54006.56,52506.6,7
2023,54006.56,57006.48,55506.520000000004,10
2023,57006.48,60006.4,58506.44,28
2023,60006.4,63006.32,61506.36,1
2023,63006.32,66006.24,64506.28,0
2023,66006.24,69006.16,67506.20000000001,1
2023,69006.16,72006.08,70506.12,10
2023,72006.08,75006.0,73506.04000000001,4
2023,75006.0,78005.92,76505.95999999999,3
2023,78005.92,81005.84,79505.88,11
2023,81005.84,84005.76000000001,82505.8,1
2023,84005.76000000001,87005.68000000001,85505.72,0
2023,87005.68000000001,90005.6,88505.64000000001,2
2023,90005.6,93005.52,91505.56,0
2023,93005.52,96005.44,94505.48000000001,0
2023,96005.44,99005.36,97505.4,0
2023,99005.36,102005.28,100505.32,16
2023,102005.28,105005.2,103505.23999999999,0
2023,105005.2,108005.12,106505.16,0
2023,108005.12,111005.04000000001,109505.08,1
2023,111005.04000000001,114004.96,112505.0,0
2023,114004.96,117004.88,115504.92000000001,0
2023,117004.88,120004.8,118504.84,3
2023,120004.8,123004.72,121504.76000000001,0
2023,123004.72,126004.64,124504.68,1
2023,126004.64,129004.56,127504.6,0
2023,129004.56,132004.48,130504.52,2
2023,132004.48,135004.4,133504.44,0
2023,135004.4,138004.32,136504.36,0
2023,138004.32,141004.24,139504.28,0
2023,141004.24,144004.16,142504.2,0
2023,144004.16,147004.08000000002,145504.12,0
2023,147004.08000000002,150004.0,148504.04,6
2023,150004.0,153003.92,151503.96000000002,0
2023,153003.92,156003.84,154503.88,0
2023,156003.84,159003.76,157503.8,0
2023,159003.76,162003.68,160503.72,0
2023,162003.68,165003.6,163503.64,0
2023,165003.6,168003.52000000002,166503.56,0
2023,168003.52000000002,171003.44,169503.48,0
2023,171003.44,174003.36000000002,172503.40000000002,0
2023,174003.36000000002,177003.28,175503.32,0
2023,177003.28,180003.2,178503.24,0
2023,180003.2,183003.12,181503.16,0
2023,183003.12,186003.04,184503.08000000002,0
2023,186003.04,189002.96,187503.0,0
2023,189002.96,192002.88,190502.91999999998,0
2023,192002.88,195002.80000000002,193502.84000000003,0
2023,195002.80000000002,198002.72,196502.76,0
2023,198002.72,201002.64,199502.68,4
2023,201002.64,204002.56,202502.6,0
2023,204002.56,207002.48,205502.52000000002,0
2023,207002.48,210002.4,208502.44,1
2023,210002.4,213002.32,211502.36,0
2023,213002.32,216002.24,214502.28,0
2023,216002.24,219002.16,217502.2,0
2023,219002.16,222002.08000000002,220502.12,0
2023,222002.08000000002,225002.0,223502.04,0
2023,225002.0,228001.92,226501.96000000002,0
2023,228001.92,231001.84,229501.88,0
2023,231001.84,234001.76,232501.8,0
2023,234001.76,237001.68,235501.72,0
2023,237001.68,240001.6,238501.64,0
2023,240001.6,243001.52000000002,241501.56,0
2023,243001.52000000002,246001.44,244501.48,0
2023,246001.44,249001.36000000002,247501.40000000002,0
2023,249001.36000000002,252001.28,250501.32,0
2023,252001.28,255001.2,253501.24,0
2023,255001.2,258001.12,256501.16,0
2023,258001.12,261001.04,259501.08000000002,0
2023,261001.04,264000.96,262501.0,0
2023,264000.96,267000.88,265500.92000000004,0
2023,267000.88,270000.8,268500.83999999997,0
2023,270000.8,273000.72000000003,271500.76,0
2023,273000.72000000003,276000.64,274500.68000000005,0
2023,276000.64,279000.56,277500.6,0
2023,279000.56,282000.48,280500.52,0
2023,282000.48,285000.4,283500.44,0
2023,285000.4,288000.32,286500.36,0
2023,288000.32,291000.24,289500.28,0
2023,291000.24,294000.16000000003,292500.2,0
2023,294000.16000000003,297000.08,295500.12,0
2023,297000.08,300000.0,298500.04000000004,1
2024,8.0,3007.92,1507.96,160618
2024,3007.92,6007.84,4507.88,30260
2024,6007.84,9007.76,7507.8,7081
2024,9007.76,12007.68,10507.720000000001,4678
2024,12007.68,15007.6,13507.64,2159
2024,15007.6,18007.52,16507.56,680
2024,18007.52,21007.440000000002,19507.480000000003,1069
2024,21007.440000000002,24007.36,22507.4,229
2024,24007.36,27007.28,25507.32,367
2024,27007.28,30007.2,28507.239999999998,456
2024,30007.2,33007.12,31507.160000000003,69
2024,33007.12,36007.04,34507.08,128
2024,36007.04,39006.96,37507.0,27
2024,39006.96,42006.880000000005,40506.92,127
2024,42006.880000000005,45006.8,43506.840000000004,46
2024,45006.8,48006.72,46506.76,13
2024,48006.72,51006.64,49506.68,142
2024,51006.64,54006.56,52506.6,11
2024,54006.56,57006.48,55506.520000000004,14
2024,57006.48,60006.4,58506.44,30
2024,60006.4,63006.32,61506.36,4
2024,63006.32,66006.24,64506.28,7
2024,66006.24,69006.16,67506.20000000001,1
2024,69006.16,72006.08,70506.12,24
2024,72006.08,75006.0,73506.04000000001,5
2024,75006.0,78005.92,76505.95999999999,1
2024,78005.92,81005.84,79505.88,14
2024,81005.84,84005.76000000001,82505.8,2
2024,84005.76000000001,87005.68000000001,85505.72,0
2024,87005.68000000001,90005.6,88505.64000000001,4
2024,90005.6,93005.52,91505.56,1
2024,93005.52,96005.44,94505.48000000001,0
2024,96005.44,99005.36,97505.4,0
2024,99005.36,102005.28,100505.32,26
2024,102005.28,105005.2,103505.23999999999,0
2024,105005.2,108005.12,106505.16,0
2024,108005.12,111005.04000000001,109505.08,1
2024,111005.04000000001,114004.96,112505.0,0
2024,114004.96,117004.88,115504.92000000001,0
2024,117004.88,120004.8,118504.84,3
2024,120004.8,123004.72,121504.76000000001,0
2024,123004.72,126004.64,124504.68,0
2024,126004.64,129004.56,127504.6,0
2024,129004.56,132004.48,130504.52,0
2024,132004.48,135004.4,133504.44,0
2024,135004.4,138004.32,136504.36,0
2024,138004.32,141004.24,139504.28,0
2024,141004.24,144004.16,142504.2,0
2024,144004.16,147004.08000000002,145504.12,0
2024,147004.08000000002,150004.0,148504.04,2
2024,150004.0,153003.92,151503.96000000002,1
2024,153003.92,156003.84,154503.88,0
2024,156003.84,159003.76,157503.8,0
2024,159003.76,162003.68,160503.72,0
2024,162003.68,165003.6,163503.64,0
2024,165003.6,168003.52000000002,166503.56,0
2024,168003.52000000002,171003.44,169503.48,0
2024,171003.44,174003.36000000002,172503.40000000002,0
2024,174003.36000000002,177003.28,175503.32,0
2024,177003.28,180003.2,178503.24,1
2024,180003.2,183003.12,181503.16,0
2024,183003.12,186003.04,184503.08000000002,0
2024,186003.04,189002.96,187503.0,0
2024,189002.96,192002.88,190502.91999999998,0
2024,192002.88,195002.80000000002,193502.84000000003,0
2024,195002.80000000002,198002.72,196502.76,0
2024,198002.72,201002.64,199502.68,0
2024,201002.64,204002.56,202502.6,0
2024,204002.56,207002.48,205502.52000000002,0
2024,207002.48,210002.4,208502.44,0
2024,210002.4,213002.32,211502.36,0
2024,213002.32,216002.24,214502.28,0
2024,216002.24,219002.16,217502.2,0
2024,219002.16,222002.08000000002,220502.12,0
2024,222002.08000000002,225002.0,223502.04,0
2024,225002.0,228001.92,226501.96000000002,0
2024,228001.92,231001.84,229501.88,0
2024,231001.84,234001.76,232501.8,0
2024,234001.76,237001.68,235501.72,0
2024,237001.68,240001.6,238501.64,0
2024,240001.6,243001.52000000002,241501.56,0
2024,243001.52000000002,246001.44,244501.48,0
2024,246001.44,249001.36000000002,247501.40000000002,0
2024,249001.36000000002,252001.28,250501.32,1
2024,252001.28,255001.2,253501.24,0
2024,255001.2,258001.12,256501.16,0
2024,258001.12,261001.04,259501.08000000002,0
2024,261001.04,264000.96,262501.0,0
2024,264000.96,267000.88,265500.92000000004,0
2024,267000.88,270000.8,268500.83999999997,0
2024,270000.8,273000.72000000003,271500.76,0
2024,273000.72000000003,276000.64,274500.68000000005,0
2024,276000.64,279000.56,277500.6,0
2024,279000.56,282000.48,280500.52,0
2024,282000.48,285000.4,283500.44,0
2024,285000.4,288000.32,286500.36,0
2024,288000.32,291000.24,289500.28,0
2024,291000.24,294000.16000000003,292500.2,0
2024,294000.16000000003,297000.08,295500.12,0
2024,297000.08,300000.0,298500.04000000004,1
2025,10.0,4009.9,2009.95,175635
2025,4009.9,8009.8,6009.85,25813
2025,8009.8,12009.7,10009.75,7005
2025,12009.7,16009.6,14009.650000000001,2916
2025,16009.6,20009.5,18009.55,1769
2025,20009.5,24009.4,22009.45,358
2025,24009.4,28009.3,26009.35,538
2025,28009.3,32009.2,30009.25,558
2025,32009.2,36009.1,34009.15,186
2025,36009.1,40009.0,38009.05,228
2025,40009.0,44008.9,42008.95,27
2025,44008.9,48008.8,46008.850000000006,46
2025,48008.8,52008.700000000004,50008.75,144
2025,52008.700000000004,56008.6,54008.65,15
2025,56008.6,60008.5,58008.55,55
2025,60008.5,64008.4,62008.45,3
2025,64008.4,68008.3,66008.35,9
2025,68008.3,72008.2,70008.25,26
2025,72008.2,76008.1,74008.15,5
2025,76008.1,80008.0,78008.05,26
2025,80008.0,84007.90000000001,82007.95000000001,0
2025,84007.90000000001,88007.8,86007.85,2
2025,88007.8,92007.7,90007.75,4
2025,92007.7,96007.6,94007.65,0
2025,96007.6,100007.5,98007.55,15
2025,100007.5,104007.40000000001,102007.45000000001,0
2025,104007.40000000001,108007.3,106007.35,1
2025,108007.3,112007.2,110007.25,0
2025,112007.2,116007.1,114007.15,1
2025,116007.1,120007.0,118007.05,3
2025,120007.0,124006.90000000001,122006.95000000001,0
2025,124006.90000000001,128006.8,126006.85,0
2025,128006.8,132006.7,130006.75,1
2025,132006.7,136006.6,134006.65000000002,0
2025,136006.6,140006.5,138006.55,0
2025,140006.5,144006.4,142006.45,1
2025,144006.4,148006.30000000002,146006.35,0
2025,148006.30000000002,152006.2,150006.25,3
2025,152006.2,156006.1,154006.15000000002,0
2025,156006.1,160006.0,158006.05,0
2025,160006.0,164005.9,162005.95,0
2025,164005.9,168005.80000000002,166005.85,0
2025,168005.80000000002,172005.7,170005.75,0
2025,172005.7,176005.6,174005.65000000002,0
2025,176005.6,180005.5,178005.55,0
2025,180005.5,184005.4,182005.45,0
2025,184005.4,188005.30000000002,186005.35,0
2025,188005.30000000002,192005.2,190005.25,3
2025,192005.2,196005.1,194005.15000000002,0
2025,196005.1,200005.0,198005.05,2
2025,200005.0,204004.9,202004.95,0
2025,204004.9,208004.80000000002,206004.85,0
2025,208004.80000000002,212004.7,210004.75,1
2025,212004.7,216004.6,214004.65000000002,2
2025,216004.6,220004.5,218004.55,0
2025,220004.5,224004.4,222004.45,0
2025,224004.4,228004.30000000002,226004.35,0
2025,228004.30000000002,232004.2,230004.25,1
2025,232004.2,236004.1,234004.15000000002,0
2025,236004.1,240004.0,238004.05,0
2025,240004.0,244003.9,242003.95,0
2025,244003.9,248003.80000000002,246003.85,0
2025,248003.80000000002,252003.7,250003.75,2
2025,252003.7,256003.6,254003.65000000002,0
2025,256003.6,260003.5,258003.55,0
2025,260003.5,264003.4,262003.45,0
2025,264003.4,268003.3,266003.35,0
2025,268003.3,272003.2,270003.25,0
2025,272003.2,276003.10000000003,274003.15,0
2025,276003.10000000003,280003.0,278003.05000000005,0
2025,280003.0,284002.9,282002.95,0
2025,284002.9,288002.8,286002.85,0
2025,288002.8,292002.7,290002.75,0
2025,292002.7,296002.60000000003,294002.65,0
2025,296002.60000000003,300002.5,298002.55000000005,0
2025,300002.5,304002.4,302002.45,0
2025,304002.4,308002.3,306002.35,0
2025,308002.3,312002.2,310002.25,0
2025,312002.2,316002.10000000003,314002.15,0
2025,316002.10000000003,320002.0,318002.05000000005,0
2025,320002.0,324001.9,322001.95,0
2025,324001.9,328001.8,326001.85,0
2025,328001.8,332001.7,330001.75,0
2025,332001.7,336001.60000000003,334001.65,0
2025,336001.60000000003,340001.5,338001.55000000005,0
2025,340001.5,344001.4,342001.45,0
2025,344001.4,348001.3,346001.35,0
2025,348001.3,352001.2,350001.25,0
2025,352001.2,356001.10000000003,354001.15,0
2025,356001.10000000003,360001.0,358001.05000000005,0
2025,360001.0,364000.9,362000.95,0
2025,364000.9,368000.8,366000.85,0
2025,368000.8,372000.7,370000.75,0
2025,372000.7,376000.60000000003,374000.65,0
2025,376000.60000000003,380000.5,378000.55000000005,0
2025,380000.5,384000.4,382000.45,0
2025,384000.4,388000.3,386000.35,0
2025,388000.3,392000.2,390000.25,0
2025,392000.2,396000.10000000003,394000.15,0
2025,396000.10000000003,400000.0,398000.05000000005,1
