year,x,ccdf,ccdf_pct,ln_ln_ccdf_pct
1976,0.49759157606293647,1.0,100.0,1.5271796258079011
1976,0.5473507336692301,0.9999326127388879,99.99326127388879,1.5271649922499457
1976,0.6020858070361532,0.9999326127388879,99.99326127388879,1.5271649922499457
1976,0.6622943877397687,0.9999326127388879,99.99326127388879,1.5271649922499457
1976,0.7285238265137455,0.9999326127388879,99.99326127388879,1.5271649922499457
1976,0.8013762091651201,0.9999326127388879,99.99326127388879,1.5271649922499457
1976,0.8815138300816322,0.9999326127388879,99.99326127388879,1.5271649922499457
1976,0.9696652130897956,0.9999326127388879,99.99326127388879,1.5271649922499457
1976,1.0666317343987752,0.9999191352866654,99.99191352866654,1.5271620653943148
1976,1.1732949078386528,0.9999191352866654,99.99191352866654,1.5271620653943148
1976,1.2906243986225183,0.9999191352866654,99.99191352866654,1.5271620653943148
1976,1.41968683848477,0.9999191352866654,99.99191352866654,1.5271620653943148
1976,1.5616555223332471,0.9999191352866654,99.99191352866654,1.5271620653943148
1976,1.717821074566572,0.9999191352866654,99.99191352866654,1.5271620653943148
1976,1.8896031820232295,0.9999191352866654,99.99191352866654,1.5271620653943148
1976,2.0785635002255525,0.9999191352866654,99.99191352866654,1.5271620653943148
1976,2.286419850248108,0.9999191352866654,99.99191352866654,1.5271620653943148
1976,2.515061835272919,0.9999191352866654,99.99191352866654,1.5271620653943148
1976,2.766568018800211,0.9999191352866654,99.99191352866654,1.5271620653943148
1976,3.0432248206802326,0.9998921803822205,99.98921803822205,1.5271562115390014
1976,3.347547302748256,0.9998921803822205,99.98921803822205,1.5271562115390014
1976,3.682302033023082,0.9998921803822205,99.98921803822205,1.5271562115390014
1976,4.050532236325391,0.9998921803822205,99.98921803822205,1.5271562115390014
1976,4.45558545995793,0.9998921803822205,99.98921803822205,1.5271562115390014
1976,4.901144005953723,0.9998921803822205,99.98921803822205,1.5271562115390014
1976,5.391258406549096,0.9998382705733309,99.98382705733309,1.5271445032521274
1976,5.930384247204006,0.9998315318472196,99.98315318472196,1.5271430396622414
1976,6.523422671924408,0.9998247931211084,99.98247931211084,1.5271415760603488
1976,7.175764939116848,0.9998247931211084,99.98247931211084,1.5271415760603488
1976,7.893341433028533,0.9997910994905523,99.97910994905523,1.5271342578707818
1976,8.682675576331388,0.9997910994905523,99.97910994905523,1.5271342578707818
1976,9.550943133964529,0.9997843607644411,99.97843607644411,1.5271327941968462
1976,10.506037447360981,0.9995687215288822,99.95687215288822,1.5270859502897784
1976,11.556641192097079,0.9995687215288822,99.95687215288822,1.5270859502897784
1976,12.712305311306789,0.9994676406372139,99.94676406372139,1.527063987973887
1976,13.98353584243747,0.9994406857327691,99.94406857327691,1.5270581308997178
1976,15.381889426681218,0.9989285425483166,99.89285425483166,1.5269468099450512
1976,16.92007836934934,0.9989083263699831,99.89083263699831,1.5269424142716894
1976,18.61208620628428,0.9988274616566484,99.88274616566484,1.52692483049535
1976,20.473294826912706,0.9980255532494138,99.80255532494138,1.5267503641983078
1976,22.520624309603978,0.9979581659883016,99.79581659883016,1.526735695393371
1976,24.772686740564378,0.9979446885360791,99.79446885360791,1.5267327614877002
1976,27.249955414620818,0.9962195746516078,99.62195746516078,1.5263568228500433
1976,29.974950956082903,0.9950200814038114,99.50200814038114,1.5260949606339993
1976,32.9724460516912,0.9949526941426993,99.49526941426993,1.52608023787365
1976,36.26969065686032,0.9944338122321357,99.44338122321356,1.52596683194288
1976,39.89665972254635,0.9925200140165503,99.25200140165504,1.525547931822142
1976,43.88632569480099,0.9923582845898812,99.23582845898812,1.5255124867546006
1976,48.274958264281096,0.9920954742715437,99.20954742715436,1.5254548735168567
1976,53.10245409070921,0.9838135798808593,98.38135798808592,1.5236297388908646
1976,58.41269949978013,0.9835912019191893,98.35912019191892,1.5235804743171044
1976,64.25396944975816,0.9801679290546915,98.01679290546915,1.5228203822771407
1976,70.67936639473398,0.9789616970807838,97.89616970807839,1.5225517837976534
1976,77.74730303420738,0.9705045958112078,97.05045958112079,1.5206571991162579
1976,85.52203333762812,0.9684695005256206,96.84695005256206,1.520198287011323
1976,94.07423667139093,0.9662794145394754,96.62794145394754,1.5197031099364058
1976,103.48166033853005,0.9447020135313621,94.4702013531362,1.5147501190459751
1976,113.82982637238305,0.9427208280546645,94.27208280546645,1.514288441541021
1976,125.21280900962138,0.9312043451305965,93.12043451305965,1.5115810957305795
1976,137.73408991058352,0.9296409606727944,92.96409606727944,1.5112104194669098
1976,151.50749890164187,0.8992223510067657,89.92223510067657,1.5038429787209824
1976,166.65824879180607,0.8926588317744414,89.26588317744414,1.5022132976667721
1976,183.3240736709867,0.8776179950942073,87.76179950942074,1.4984228444747947
1976,201.6564810380854,0.8221784953772339,82.21784953772338,1.4837323723366571
1976,221.82212914189395,0.8176163777999407,81.76163777999406,1.482469657014824
1976,244.00434205608337,0.7993139976818782,79.93139976818782,1.4773155298680198
1976,268.4047762616917,0.7613143211407316,76.13143211407316,1.4661357908237533
1976,295.24525388786094,0.745410927518262,74.5410927518262,1.4612512085996587
1976,324.76977927664706,0.6880037197768134,68.80037197768134,1.4424878036470983
1976,357.24675720431173,0.6514056982667996,65.14056982667996,1.4294849596893975
1976,392.97143292474294,0.5989379767648724,59.89379767648724,1.4091738566472929
1976,432.26857621721734,0.5444418987034692,54.44418987034692,1.3855881462855746
1976,475.4954338389391,0.5170018059785978,51.70018059785978,1.3725658738749131
1976,523.044977222833,0.46110407288606164,46.11040728860616,1.3431359620281287
1976,575.3494749451164,0.4443246448691339,44.43246448691339,1.3334130655763048
1976,632.8844224396281,0.40077899673845657,40.07789967384566,1.3058500244027988
1976,696.1728646835909,0.38212620286261084,38.212620286261085,1.2928530385486703
1976,765.7901511519501,0.3315183697673792,33.15183697673792,1.253076670478939
1976,842.3691662671453,0.3141459338526645,31.41459338526645,1.237583350971493
1976,926.6060828938597,0.28876789131782526,28.876789131782527,1.212844770248514
1976,1019.2666911832459,0.24132052076875388,24.13205207687539,1.1579940737226335
1976,1121.1933603015705,0.2275869969540958,22.75869969540958,1.139417475524857
1976,1233.3126963317275,0.21607725275613898,21.607725275613898,1.1226708474097296
1976,1356.6439659649004,0.18886627671904904,18.886627671904904,1.0778836407077355
1976,1492.3083625613906,0.17999811315668887,17.999811315668886,1.0613815030928417
1976,1641.53919881753,0.14548235801504084,14.548235801504084,0.984872220011758
1976,1805.6931186992829,0.13042804388258444,13.042804388258444,0.9432195131358853
1976,1986.2624305692113,0.12434297420415645,12.434297420415644,0.9244408593694089
1976,2184.888673626133,0.1053801989271948,10.53801989271948,0.8565363365875316
1976,2403.377540988746,0.09699048491873097,9.699048491873096,0.8206727310114547
1976,2643.715295087621,0.07913959945011995,7.913959945011994,0.7268857217564075
1976,2908.0868245963834,0.07414620340170894,7.414620340170893,0.6948725775479871
1976,3198.8955070560223,0.06264319792986334,6.264319792986334,0.6069736397087757
1976,3518.7850577616246,0.05440173589584625,5.440173589584625,0.5269810021692727
1976,3870.6635635377875,0.051369309145799076,5.136930914579907,0.4925328074462873
1976,4257.729919891567,0.04269656864066417,4.269656864066417,0.372620559199978
1976,4683.502911880723,0.03909135017116364,3.9091350171163644,0.30992005999636923
1976,5151.853203068796,0.03051295183158576,3.051295183158576,0.10936203451888991
1976,5667.038523375677,0.027851155017655463,2.7851155017655462,0.02399905049819208
1976,6233.742375713244,0.023336208523140785,2.3336208523140787,-0.16555757065256052
1976,6857.116613284569,0.021179816167551685,2.1179816167551686,-0.2870641732422761
1976,7542.828274613027,0.015856222539691097,1.5856222539691096,-0.7744073033099758
1976,8297.11110207433,0.014333270438556296,1.4333270438556296,-1.0216558419478705
1976,9126.822212281764,0.011866896681851263,1.1866896681851262,-1.7651118558632222
1976,10039.504433509941,0.008773821396803149,0.8773821396803149,
1976,11043.454876860937,0.0075271570662282005,0.7527157066228201,
1976,12147.80036454703,0.006651122671770129,0.6651122671770129,
1976,13362.580401001736,0.00532359362786059,0.532359362786059,
1976,14698.83844110191,0.004696892099517507,0.46968920995175073,
1976,16168.722285212103,0.0033019757944958085,0.33019757944958084,
1976,17785.594513733315,0.00273592280115367,0.273592280115367,
1976,19564.153965106645,0.0023922477694816573,0.23922477694816574,
1976,21520.569361617316,0.0019137982155853258,0.1913798215585326,
1976,23672.626297779047,0.0016981589800264159,0.16981589800264157,
1976,26039.888927556953,0.001253403056686164,0.1253403056686164,
1976,28643.877820312653,0.0010781961777945497,0.10781961777945497,
1976,31508.26560234392,0.0008760343944580716,0.08760343944580716,
1976,34659.092162578316,0.0008019084072346963,0.08019084072346963,
1976,38125.00137883615,0.000633440254454298,0.0633440254454298,
1976,41937.50151671977,0.0005054044583411952,0.05054044583411952,
1976,46131.25166839175,0.0004312784711178199,0.04312784711178199,
1976,50744.37683523093,0.00030998140111593303,0.030998140111593304,
1976,55818.81451875402,0.0002830264966710693,0.02830264966710693,
1976,61400.69597062943,0.0002628103183374215,0.02628103183374215,
1976,67540.76556769238,0.00020216178333647809,0.02021617833364781,
1976,74294.84212446162,0.00020216178333647809,0.02021617833364781,
1976,81724.32633690779,0.00017520687889161434,0.017520687889161436,
1976,89896.75897059857,0.00015499070055796651,0.015499070055796652,
1976,98886.43486765843,0.0001482519744467506,0.01482519744467506,
1976,108775.0783544243,0.00012803579611310277,0.012803579611310277,
1976,119652.58618986674,0.00012803579611310277,0.012803579611310277,
1976,131617.8448088534,0.00011455834389067091,0.01145583438906709,
1976,144779.62928973878,0.00011455834389067091,0.01145583438906709,
1976,159257.59221871267,0.00010781961777945497,0.010781961777945498,
1976,175183.35144058394,7.41259872233753e-05,0.00741259872233753,
1976,192701.68658464233,7.41259872233753e-05,0.00741259872233753,
1976,211971.8552431066,6.064853500094342e-05,0.006064853500094342,
1976,233169.04076741726,6.064853500094342e-05,0.006064853500094342,
1976,256485.94484415904,5.3909808889727486e-05,0.005390980888972749,
1976,282134.53932857496,5.3909808889727486e-05,0.005390980888972749,
1976,310347.9932614325,4.717108277851155e-05,0.004717108277851155,
1976,341382.79258757574,2.6954904444863743e-05,0.0026954904444863744,
1976,375521.07184633333,2.6954904444863743e-05,0.0026954904444863744,
1976,413073.1790309667,2.6954904444863743e-05,0.0026954904444863744,
1976,454380.49693406344,2.6954904444863743e-05,0.0026954904444863744,
1977,0.35428520150617615,1.0,100.0,1.5271796258079011
1977,0.3897137216567938,0.9999535809702609,99.99535809702608,1.5271695457589085
1977,0.4286850938224732,0.9999535809702609,99.99535809702608,1.5271695457589085
1977,0.4715536032047206,0.9999535809702609,99.99535809702608,1.5271695457589085
1977,0.5187089635251927,0.9999535809702609,99.99535809702608,1.5271695457589085
1977,0.570579859877712,0.9999535809702609,99.99535809702608,1.5271695457589085
1977,0.6276378458654832,0.9999535809702609,99.99535809702608,1.5271695457589085
1977,0.6904016304520316,0.9999535809702609,99.99535809702608,1.5271695457589085
1977,0.759441793497235,0.9999535809702609,99.99535809702608,1.5271695457589085
1977,0.8353859728469585,0.9999535809702609,99.99535809702608,1.5271695457589085
1977,0.9189245701316544,0.9999535809702609,99.99535809702608,1.5271695457589085
1977,1.0108170271448198,0.9999535809702609,99.99535809702608,1.5271695457589085
1977,1.111898729859302,0.9999535809702609,99.99535809702608,1.5271695457589085
1977,1.2230886028452321,0.9999535809702609,99.99535809702608,1.5271695457589085
1977,1.3453974631297556,0.9999535809702609,99.99535809702608,1.5271695457589085
1977,1.4799372094427312,0.9999535809702609,99.99535809702608,1.5271695457589085
1977,1.6279309303870044,0.9999535809702609,99.99535809702608,1.5271695457589085
1977,1.7907240234257051,0.9999535809702609,99.99535809702608,1.5271695457589085
1977,1.9697964257682756,0.9999535809702609,99.99535809702608,1.5271695457589085
1977,2.1667760683451034,0.9999535809702609,99.99535809702608,1.5271695457589085
1977,2.383453675179614,0.9999535809702609,99.99535809702608,1.5271695457589085
1977,2.6217990426975755,0.9999535809702609,99.99535809702608,1.5271695457589085
1977,2.8839789469673334,0.9999432656303189,99.99432656303189,1.5271673056706763
1977,3.1723768416640667,0.9999432656303189,99.99432656303189,1.5271673056706763
1977,3.489614525830474,0.9999432656303189,99.99432656303189,1.5271673056706763
1977,3.838575978413522,0.9998916889306088,99.98916889306088,1.5271561048076014
1977,4.222433576254874,0.9998916889306088,99.98916889306088,1.5271561048076014
1977,4.644676933880362,0.9998916889306088,99.98916889306088,1.5271561048076014
1977,5.109144627268399,0.9998916889306088,99.98916889306088,1.5271561048076014
1977,5.620059089995238,0.9998762159206956,99.98762159206956,1.5271527444115485
1977,6.182064998994763,0.9998762159206956,99.98762159206956,1.5271527444115485
1977,6.80027149889424,0.9998710582507246,99.98710582507246,1.5271516242654655
1977,7.4802986487836645,0.9997885355311884,99.97885355311884,1.527133700971615
1977,8.228328513662031,0.9997730625212754,99.97730625212753,1.5271303401535548
1977,9.051161365028236,0.9997472741714203,99.97472741714203,1.527124738649432
1977,9.95627750153106,0.9997369588314783,99.97369588314783,1.52712249799854
1977,10.951905251684167,0.9995100213527537,99.95100213527537,1.5270731965583626
1977,12.047095776852585,0.9994945483428407,99.94945483428407,1.527069834600392
1977,13.251805354537845,0.9994687599929856,99.94687599929856,1.5270642311963296
1977,14.57698588999163,0.9991644574646957,99.91644574646958,1.5269980977355442
1977,16.034684478990794,0.9991025654250436,99.91025654250436,1.5269846438619388
1977,17.638152926889877,0.9990974077550726,99.90974077550726,1.5269835226600141
1977,19.401968219578862,0.998138081140464,99.8138081140464,1.5267748564920496
1977,21.342165041536752,0.9975294760838843,99.75294760838842,1.5266423502778568
1977,23.47638154569043,0.9974830570541452,99.74830570541452,1.5266322398328158
1977,25.824019700259473,0.9971942275357685,99.71942275357685,1.5265693175256476
1977,28.406421670285425,0.9963277389806381,99.6327738980638,1.5263804174134161
1977,31.247063837313966,0.9962245855812178,99.62245855812178,1.5263579159844298
1977,34.371770221045374,0.9958532333433048,99.58532333433048,1.5262768873497634
1977,37.80894724314991,0.9900818006457403,99.00818006457402,1.525012818740252
1977,41.5898419674649,0.9898187594772185,98.98187594772185,1.5249549933930082
1977,45.7488261642114,0.9877247454689869,98.77247454689869,1.5244939898564078
1977,50.32370878063254,0.987012987012987,98.7012987012987,1.5243370229921764
1977,55.3560796586958,0.9812673426652775,98.12673426652775,1.5230648444092618
1977,60.891687624565385,0.9801378129416255,98.01378129416256,1.522813681054165
1977,66.98085638702192,0.9786988230197126,97.86988230197126,1.5224931946426457
1977,73.67894202572413,0.9626429963999463,96.26429963999463,1.5188778893111798
1977,81.04683622829654,0.9614309439567581,96.1430943956758,1.5186019908170425
1977,89.15151985112621,0.9523328141278896,95.23328141278895,1.5165173597778163
1977,98.06667183623884,0.9512342304240636,95.12342304240636,1.5162640016082711
1977,107.87333901986271,0.9279421928349649,92.79421928349649,1.5108067804098049
1977,118.660672921849,0.9255645069783275,92.55645069783274,1.510240308339212
1977,130.5267402140339,0.918328296008995,91.8328296008995,1.5085053244900755
1977,143.57941423543733,0.8926585725632589,89.26585725632589,1.502213233017244
1977,157.9373556589811,0.8900848952477229,89.0084895247723,1.5015702015210526
1977,173.73109122487918,0.878248042664246,87.82480426642461,1.498583213459406
1977,191.1042003473671,0.8430675757919602,84.30675757919602,1.489406305783015
1977,210.21462038210387,0.8117553613979349,81.1755361397935,1.4808346816375406
1977,231.23608242031426,0.7743777271179971,77.43777271179971,1.4700550748392327
1977,254.35969066234568,0.7547992119080285,75.47992119080284,1.4641500659049318
1977,279.7956597285803,0.7391405258760303,73.91405258760302,1.4592899034459796
1977,307.77522570143833,0.6904830673694852,69.04830673694852,1.4433376026855842
1977,338.55274827158223,0.6647359788741838,66.47359788741838,1.4343234844801365
1977,372.4080230987405,0.6088526247382482,60.88526247382482,1.4131775360723573
1977,409.6488254086146,0.5647442311461375,56.47442311461375,1.3947058470288842
1977,450.613707949476,0.5154214332133316,51.54214332133316,1.3717896216372891
1977,495.6750787444237,0.49437298206162383,49.43729820616238,1.3611573480021404
1977,545.2425866188661,0.44000598289716636,44.000598289716635,1.3308353578127796
1977,599.7668452807528,0.4186738598970529,41.86738598970529,1.3176158544565224
1977,659.743529808828,0.3887542163952013,38.87542163952013,1.2975621087659612
1977,725.717882789711,0.33713625532529423,33.71362553252942,1.2578648102589052
1977,798.2896710686822,0.318862630617992,31.886263061799202,1.2418970886389407
1977,878.1186381755502,0.30340509371486335,30.340509371486334,1.2274404022744676
1977,965.9305019931054,0.27110776435637435,27.110776435637433,1.1939016510720095
1977,1062.523552192416,0.25893566322478156,25.893566322478158,1.1798833288047932
1977,1168.775907411658,0.21519346420061272,21.51934642006127,1.1213362538545055
1977,1285.6534981528237,0.19363440372177465,19.363440372177465,1.086332793732858
1977,1414.2188479681063,0.1854079201180075,18.54079201180075,1.0715744649740635
1977,1555.640732764917,0.15859319393870625,15.859319393870624,1.0165910952161614
1977,1711.2048060414088,0.1459569025097222,14.59569025097222,0.9860877640937912
1977,1882.3252866455496,0.12318063191772485,12.318063191772485,0.9207076577939057
1977,2070.557815310105,0.11606304735772567,11.606304735772568,0.8967198502873513
1977,2277.613596841116,0.10028573491639417,10.028573491639417,0.835270839579239
1977,2505.3749565252274,0.08849014369268539,8.84901436926854,0.7794652715844279
1977,2755.9124521777503,0.08360583023013524,8.360583023013524,0.7530789338147796
1977,3031.5036973955257,0.07210422619477425,7.210422619477424,0.6808354843623989
1977,3334.6540671350785,0.06671961874503574,6.671961874503573,0.640755362377621
1977,3668.1194738485865,0.05533664111900808,5.533664111900808,0.5369904306830031
1977,4034.9314212334457,0.05142712728097954,5.142712728097954,0.49321997486010327
1977,4438.424563356791,0.04549064914434255,4.549064914434255,0.41536375348767585
1977,4882.26701969247,0.04225679007251684,4.225679007251684,0.3654621944883838
1977,5370.493721661717,0.034705961234952495,3.4705961234952496,0.21859431739798135
1977,5907.5430938278905,0.03179703537130066,3.1797035371300657,0.14564716877951756
1977,6498.297403210679,0.027923625223069227,2.792362522306923,0.02653288868640025
1977,7148.127143531748,0.022807216611823444,2.280721661182344,-0.19298794788869802
1977,7862.939857884923,0.02060489153420051,2.060489153420051,-0.32442433411864724
1977,8649.233843673415,0.018866756753968827,1.8866756753968827,-0.45441948965307294
1977,9514.157228040758,0.01626213341860681,1.626213341860681,-0.7210237278912113
1977,10465.572950844835,0.014869562526433058,1.4869562526433058,-0.9244961868085955
1977,11512.13024592932,0.012244308511186986,1.2244308511186985,-1.597133302104006
1977,12663.343270522251,0.010887841308810332,1.088784130881033,-2.464379609901573
1977,13929.677597574479,0.010093560133274192,1.009356013327419,-4.6763958777005366
1977,15322.645357331929,0.008835088660346801,0.8835088660346802,
1977,16854.909893065123,0.00826258729356426,0.826258729356426,
1977,18540.400882371636,0.0075044098078252165,0.7504409807825216,
1977,20394.4409706088,0.007107269220057147,0.7107269220057147,
1977,22433.885067669682,0.006606975232868799,0.6606975232868799,
1977,24677.273574436655,0.00639551076405723,0.639551076405723,
1977,27145.00093188032,0.006132469595535521,0.6132469595535521,
1977,29859.50102506836,0.005946793476579021,0.5946793476579021,
1977,32845.451127575194,0.005797221047419618,0.5797221047419617,
1977,36129.996240332715,0.005616702598434132,0.5616702598434131,
1977,39742.99586436599,0.0055187068689848675,0.5518706868984867,
1977,43717.295450802594,0.0054155534695645895,0.5415553469564589,
1977,48089.02499588286,0.0053536614299124225,0.5353661429912423,
1977,52897.92749547114,0.0053175577401153255,0.5317557740115325,
1977,58187.72024501827,0.005224719680637075,0.5224719680637075,
1977,64006.4922695201,0.005188615990839978,0.5188615990839979,
1977,70407.1414964721,0.005157669971013894,0.5157669971013894,
1977,77447.85564611934,0.005106093271303755,0.5106093271303755,
1977,85192.64121073128,0.005049358901622603,0.5049358901622604,
1977,93711.9053318044,0.005018412881796519,0.5018412881796519,
1977,103083.09586498486,0.004997782201912464,0.4997782201912464,
1977,113391.40545148334,0.004971993852057394,0.4971993852057394,
1977,124730.5459966317,0.004941047832231311,0.4941047832231311,
1977,137203.60059629485,0.004925574822318269,0.49255748223182694,
1977,150923.96065592437,0.00487399812260813,0.487399812260813,
1977,166016.35672151682,0.004843052102782047,0.4843052102782047,
1977,182617.99239366854,0.004832736762840019,0.4832736762840019,
1977,200879.79163303538,0.004817263752926977,0.48172637529269774,
1977,220967.77079633894,0.00480694841298495,0.48069484129849505,
1977,243064.54787597284,0.004786317733100894,0.47863177331008944,
1977,267371.00266357017,0.004770844723187852,0.4770844723187852,
1977,294108.10292992723,0.004770844723187852,0.4770844723187852,
1977,323518.91322292,0.004760529383245825,0.4760529383245825,
1977,355870.804545212,2.063067988405558e-05,0.002063067988405558,
1977,391457.8849997332,5.157669971013895e-06,0.0005157669971013895,
1978,0.25595089967394596,1.0,100.0,1.5271796258079011
1978,0.2815459896413406,0.999907548225157,99.9907548225157,1.527159549030464
1978,0.30970058860547467,0.999907548225157,99.9907548225157,1.527159549030464
1978,0.34067064746602216,0.999907548225157,99.9907548225157,1.527159549030464
1978,0.37473771221262436,0.999907548225157,99.9907548225157,1.527159549030464
1978,0.41221148343388686,0.999907548225157,99.9907548225157,1.527159549030464
1978,0.4534326317772756,0.999907548225157,99.9907548225157,1.527159549030464
1978,0.49877589495500324,0.999907548225157,99.9907548225157,1.527159549030464
1978,0.5486534844505037,0.9999029256364149,99.99029256364149,1.527158545132283
1978,0.6035188328955541,0.9999029256364149,99.99029256364149,1.527158545132283
1978,0.6638707161851095,0.9999029256364149,99.99029256364149,1.527158545132283
1978,0.7302577878036204,0.9999029256364149,99.99029256364149,1.527158545132283
1978,0.8032835665839826,0.9999029256364149,99.99029256364149,1.527158545132283
1978,0.8836119232423809,0.9999029256364149,99.99029256364149,1.527158545132283
1978,0.971973115566619,0.9999029256364149,99.99029256364149,1.527158545132283
1978,1.0691704271232811,0.9998983030476728,99.98983030476728,1.5271575412284537
1978,1.1760874698356092,0.9998983030476728,99.98983030476728,1.5271575412284537
1978,1.2936962168191704,0.9998798126927042,99.98798126927042,1.5271535255566453
1978,1.4230658385010875,0.9998798126927042,99.98798126927042,1.5271535255566453
1978,1.5653724223511962,0.999875190103962,99.9875190103962,1.5271525216245705
1978,1.721909664586316,0.999875190103962,99.9875190103962,1.5271525216245705
1978,1.8941006310449477,0.999875190103962,99.9875190103962,1.5271525216245705
1978,2.083510694149443,0.9998705675152199,99.98705675152199,1.5271515176868464
1978,2.291861763564387,0.9998705675152199,99.98705675152199,1.5271515176868464
1978,2.521047939920826,0.9998659449264777,99.98659449264777,1.527150513743473
1978,2.773152733912909,0.9998058512728298,99.98058512728298,1.5271374619655051
1978,3.0504680073042,0.9998012286840877,99.98012286840877,1.5271364579430353
1978,3.3555148080346204,0.9997550027966662,99.97550027966662,1.5271264174075672
1978,3.691066288838083,0.9997503802079241,99.97503802079241,1.527125413322942
1978,4.060172917721891,0.9996995317317604,99.96995317317604,1.5271143680190975
1978,4.46619020949408,0.9996764187880497,99.96764187880497,1.5271093472003865
1978,4.912809230443489,0.9996671736105653,99.96671736105654,1.5271073388333403
1978,5.4040901534878385,0.9996163251344018,99.96163251344018,1.5270962924104614
1978,5.944499168836622,0.9996024573681753,99.96024573681753,1.5270932796309762
1978,6.538949085720286,0.9995562314807539,99.95562314807539,1.5270832366652567
1978,7.192843994292315,0.9995423637145274,99.95423637145274,1.5270802236653036
1978,7.912128393721547,0.9994175538184894,99.94175538184894,1.527053104375875
1978,8.703341233093703,0.9993759505198101,99.937595051981,1.5270440636966667
1978,9.573675356403074,0.9993389698098729,99.93389698098729,1.52703602715279
1978,10.53104289204338,0.9991078403727656,99.91078403727656,1.5269857905510418
1978,11.584147181247722,0.9990708596628284,99.90708596628284,1.5269777513820577
1978,12.742561899372495,0.9990569918966019,99.9056991896602,1.5269747366003086
1978,14.016818089309744,0.9984468101826385,99.84468101826384,1.526842035752898
1978,15.41849989824072,0.9980169094296187,99.80169094296187,1.5267484826859545
1978,16.960349888064794,0.9979337028322601,99.79337028322601,1.5267303699748922
1978,18.656384876871275,0.9976933282176684,99.76933282176684,1.5266780340371309
1978,20.522023364558404,0.9968982429540191,99.6898242954019,1.5265048134479646
1978,22.574225701014242,0.9967826782354654,99.67826782354653,1.5264796220387686
1978,24.831648271115675,0.9965515487983581,99.6551548798358,1.5264292285528345
1978,27.31481309822724,0.9928534778046402,99.28534778046402,1.5256209924746231
1978,30.046294408049967,0.9925899902463378,99.25899902463378,1.5255632658263827
1978,33.05092384885497,0.9912217039786622,99.12217039786621,1.5252631920545436
1978,36.35601623374047,0.9907132192170259,99.07132192170259,1.5251515495907573
1978,39.99161785711451,0.9870659966994716,98.70659966994715,1.5243487181748383
1978,43.99077964282598,0.9863125147345017,98.63125147345016,1.524182410473976
1978,48.38985760710857,0.985540542414563,98.5540542414563,1.5240118610638373
1978,53.22884336781944,0.9754771667229082,97.54771667229082,1.5217735936086068
1978,58.55172770460138,0.9747560428791332,97.47560428791331,1.5216121241045741
1978,64.40690047506153,0.9697497792713876,96.97497792713877,1.5204871256143302
1978,70.84759052256769,0.9691164846137134,96.91164846137134,1.5203443086409927
1978,77.93234957482446,0.9538110932884634,95.38110932884634,1.5168577223680972
1978,85.72558453230691,0.952479787730725,95.24797877307249,1.5165512281720026
1978,94.29814298553761,0.9484442677588303,94.84442677588302,1.5156189661876232
1978,103.72795728409139,0.932029455135465,93.2029455135465,1.5117764220556382
1978,114.10075301250053,0.9309523919585446,93.09523919585446,1.5115214093521727
1978,125.5108283137506,0.9264315001687244,92.64315001687244,1.5104470708212165
1978,138.06191114512566,0.9049364625177392,90.49364625177392,1.5052499626251699
1978,151.86810225963825,0.9014741435498708,90.14741435498708,1.5043987379521373
1978,167.05491248560207,0.8766647097707658,87.66647097707659,1.4981799322692957
1978,183.76040373416228,0.8596813187321164,85.96813187321163,1.493797330376352
1978,202.13644410757854,0.8225711763101572,82.25711763101572,1.4838406576889127
1978,222.35008851833643,0.7930235890703512,79.30235890703511,1.47551052708778
1978,244.5850973701701,0.7781111177881838,77.81111177881837,1.471160244536851
1978,269.04360710718714,0.7397066505184233,73.97066505184233,1.4594678209152048
1978,295.94796781790586,0.7232687249513473,72.32687249513474,1.4542323492054383
1978,325.54276459969645,0.6774727382828932,67.74727382828932,1.4388356287749386
1978,358.09704105966614,0.6609700964734271,66.0970096473427,1.4329688378491867
1978,393.9067451656328,0.602129164374633,60.212916437463306,1.410471447693993
1978,433.2974196821961,0.55441942596693,55.441942596692996,1.390121128170628
1978,476.6271616504157,0.5198517073531519,51.98517073531519,1.373958207639183
1978,524.2898778154574,0.4635578216512812,46.35578216512812,1.344520360014282
1978,576.7188655970032,0.44309362128979474,44.30936212897947,1.3326815338164386
1978,634.3907521567035,0.4226247983395661,42.26247983395661,1.3201277662885553
1978,697.8298273723739,0.3853944686103111,38.53944686103111,1.2951879684090655
1978,767.6128101096112,0.36824004178820224,36.824004178820225,1.2826406990682677
1978,844.3740911205725,0.3177382597802421,31.773825978024213,1.2408762775636046
1978,928.8115002326299,0.290289327829371,29.0289327829371,1.2144060922403188
1978,1021.6926502558929,0.27802559989645403,27.802559989645403,1.2015082004078979
1978,1123.8619152814824,0.2423438373958184,24.23438373958184,1.1593223783439979
1978,1236.2481068096308,0.22209227611647075,22.209227611647076,1.131565924104889
1978,1359.8729174905939,0.19068178561357932,19.068178561357932,1.0811340644478376
1978,1495.8602092396534,0.17896814574097786,17.896814574097785,1.0593941254670647
1978,1645.446230163619,0.15553162081829067,15.553162081829067,1.0095129032202697
1978,1809.9908531799808,0.13772078639479682,13.772078639479682,0.9641826853669184
1978,1990.989938497979,0.12983465000069339,12.983465000069339,0.9414424097352044
1978,2190.0889323477772,0.11129344655594026,11.129344655594025,0.8794546508088418
1978,2409.097825582555,0.10260760230944534,10.260760230944534,0.8451499553960481
1978,2650.0076081408106,0.08554100467343721,8.554100467343721,0.7637970307426516
1978,2915.0083689548924,0.07933749058147543,7.933749058147543,0.7280922724712723
1978,3206.5092058503815,0.069537602448123,6.9537602448123,0.6623180880190065
1978,3527.16012643542,0.06425398351584855,6.425398351584855,0.6207155259653069
1978,3879.8761390789623,0.05265128577305863,5.265128577305863,0.5074833845588624
1978,4267.863752986859,0.04880066935084986,4.880066935084986,0.46068467736634433
1978,4694.650128285545,0.043480069708638235,4.348006970863824,0.3850702547754742
1978,5164.1151411141,0.03563091402447199,3.5630914024471987,0.23951169105049794
1978,5680.526655225511,0.03224717906522011,3.224717906522011,0.15772611653674193
1978,6248.579320748062,0.02951060652986886,2.951060652986886,0.07896333993513302
1978,6873.43725282287,0.02535952183942051,2.5359521839420514,-0.07195885694267622
1978,7560.7809781051565,0.022844833563692338,2.284483356369234,-0.19099115353591636
1978,8316.859075915672,0.01785706031091532,1.7857060310915318,-0.54504813616213
1978,9148.544983507241,0.015314636502734262,1.5314636502734262,-0.8527904551028229
1978,10063.399481857965,0.013821540339020659,1.382154033902066,-1.1281136775684546
1978,11069.739430043765,0.011177419578512359,1.117741957851236,-2.1954313157336096
1978,12176.71337304814,0.009846114020773913,0.9846114020773913,
1978,13394.384710352955,0.007881513805361279,0.7881513805361279,
1978,14733.823181388252,0.007077183364227635,0.7077183364227635,
1978,16207.20549952708,0.006037100897244475,0.6037100897244475,
1978,17827.92604947979,0.005547106490576853,0.5547106490576853,
1978,19610.71865442777,0.004927679599129104,0.4927679599129104,
1978,21571.79051987055,0.00442381742623504,0.44238174262350405,
1978,23728.969571857604,0.004077123270573987,0.4077123270573987,
1978,26101.866529043367,0.0038136357122715864,0.38136357122715864,
1978,28712.053181947707,0.0036425999288121334,0.36425999288121336,
1978,31583.258500142478,0.0034854319115791227,0.34854319115791227,
1978,34741.58435015673,0.0034114704917047644,0.34114704917047645,
1978,38215.742785172406,0.003355999426798996,0.3355999426798996,
1978,42037.317063689654,0.003235812119503164,0.3235812119503164,
1978,46241.04877005862,0.0031803410545973958,0.3180341054597396,
1978,50865.15364706448,0.003161850699628806,0.3161850699628806,
1978,55951.66901177094,0.0031063796347230374,0.31063796347230377,
1978,61546.83591294804,0.0030693989247858587,0.3069398924785859,
1978,67701.51950424284,0.003060153747301564,0.3060153747301564,
1978,74471.67145466714,0.003046285981075122,0.3046285981075122,
1978,81918.83860013385,0.003037040803590827,0.3037040803590827,
1978,90110.72246014726,0.0030185504486222375,0.30185504486222375,
1978,99121.79470616198,0.0030185504486222375,0.30185504486222375,
1978,109033.9741767782,0.003000060093653648,0.3000060093653648,
1978,119937.37159445601,0.002976947149942911,0.2976947149942911,
1978,131931.10875390164,0.002953834206232174,0.2953834206232174,
1978,145124.2196292918,0.0029445890287478796,0.29445890287478793,
1978,159636.641592221,0.002939966440005732,0.2939966440005732,
1978,175600.3057514431,0.002939966440005732,0.2939966440005732,
1978,193160.33632658742,0.0029353438512635848,0.2935343851263585,
1978,212476.3699592462,0.002930721262521437,0.29307212625214374,
1978,233724.00695517086,0.002930721262521437,0.29307212625214374,
1978,257096.40765068796,2.3112943710736887e-05,0.002311294371073689,
1979,0.1513660610401351,1.0,100.0,1.5271796258079011
1979,0.16650266714414863,0.9999416470698076,99.99416470698075,1.527166954180109
1979,0.18315293385856352,0.9999416470698076,99.99416470698075,1.527166954180109
1979,0.2014682272444199,0.9999416470698076,99.99416470698075,1.527166954180109
1979,0.2216150499688619,0.9999416470698076,99.99416470698075,1.527166954180109
1979,0.2437765549657481,0.9999416470698076,99.99416470698075,1.527166954180109
1979,0.2681542104623229,0.9999416470698076,99.99416470698075,1.527166954180109
1979,0.29496963150855526,0.9999416470698076,99.99416470698075,1.527166954180109
1979,0.3244665946594108,0.9999299764837691,99.99299764837691,1.5271644197465453
1979,0.35691325412535196,0.9999299764837691,99.99299764837691,1.5271644197465453
1979,0.3926045795378872,0.9999299764837691,99.99299764837691,1.5271644197465453
1979,0.4318650374916759,0.9999299764837691,99.99299764837691,1.5271644197465453
1979,0.47505154124084353,0.9998891294326344,99.98891294326344,1.5271555489455335
1979,0.5225566953649279,0.9998891294326344,99.98891294326344,1.5271555489455335
1979,0.5748123649014207,0.9998891294326344,99.98891294326344,1.5271555489455335
1979,0.6322936013915629,0.9998716235535767,99.98716235535767,1.5271517470386458
1979,0.6955229615307192,0.9998716235535767,99.98716235535767,1.5271517470386458
1979,0.7650752576837913,0.9998424470884806,99.98424470884805,1.5271454103471211
1979,0.8415827834521704,0.9998424470884806,99.98424470884805,1.5271454103471211
1979,0.9257410617973875,0.9998132706233843,99.98132706233844,1.5271390734305268
1979,1.0183151679771263,0.9998132706233843,99.98132706233844,1.5271390734305268
1979,1.120146684774839,0.9998074353303651,99.9807435330365,1.527137806020198
1979,1.232161353252323,0.9997840941582882,99.97840941582882,1.5271327362888476
1979,1.3553774885775556,0.9997840941582882,99.97840941582882,1.5271327362888476
1979,1.490915237435311,0.9997549176931919,99.97549176931919,1.5271263989220694
1979,1.6400067611788425,0.9996498824188457,99.96498824188457,1.527103582537615
1979,1.8040074372967267,0.9996440471258264,99.96440471258265,1.5271023148751435
1979,1.9844081810263996,0.9995740236095956,99.95740236095956,1.5270871022229204
1979,2.18284899912904,0.9995506824375185,99.95506824375185,1.5270820310505921
1979,2.4011338990419437,0.9994981648003455,99.94981648003454,1.5270706203858322
1979,2.6412472889461385,0.9994339765771338,99.94339765771339,1.527056673026707
1979,2.9053720178407527,0.9994164706980762,99.94164706980762,1.5270528690122647
1979,3.195909219624828,0.9992472472005182,99.92472472005181,1.527016092690866
1979,3.515500141587311,0.9992355766144797,99.92355766144797,1.5270135561134102
1979,3.8670501557460426,0.9991072001680564,99.91072001680564,1.5269856513811904
1979,4.253755171320647,0.9990780237029603,99.90780237029603,1.5269793087879429
1979,4.679130688452712,0.9989554825495562,99.89554825495563,1.5269526674341238
1979,5.1470437572979835,0.9988912943263446,99.88912943263446,1.5269387108516692
1979,5.661748133027783,0.9988154355170945,99.88154355170946,1.526922215301302
1979,6.227922946330562,0.9986753884846328,99.86753884846328,1.5268917579708365
1979,6.850715240963619,0.9986403767265173,99.86403767265173,1.5268841428258957
1979,7.535786765059981,0.9986053649684019,99.8605364968402,1.5268765273559737
1979,8.289365441565979,0.9983602826615938,99.83602826615939,1.5268232099648853
1979,9.118301985722578,0.9981735532849783,99.81735532849783,1.5267825764961556
1979,10.030132184294837,0.998097694475728,99.8097694475728,1.5267660665064458
1979,11.033145402724323,0.9979226356851509,99.7922635685151,1.5267279607000321
1979,12.136459942996755,0.9977242357224968,99.77242357224968,1.5266847642816583
1979,13.35010593729643,0.9975900239830543,99.75900239830543,1.5266555372457669
1979,14.685116531026075,0.9974791534156888,99.74791534156888,1.5266313895622663
1979,16.153628184128685,0.9959794831097444,99.59794831097443,1.5263044390310065
1979,17.768991002541554,0.9957927537331287,99.57927537331287,1.526263687284763
1979,19.545890102795713,0.9950750126917624,99.50750126917623,1.5261069611168983
1979,21.500479113075283,0.9947715774547619,99.47715774547619,1.5260406615057587
1979,23.650527024382814,0.9934819776975101,99.34819776975101,1.525758613237399
1979,26.015579726821098,0.9931026836512595,99.31026836512595,1.5256755730282994
1979,28.617137699503207,0.9927525660701052,99.27525660701052,1.5255988862487628
1979,31.478851469453534,0.9881426845849064,98.81426845849064,1.5245860954257173
1979,34.62673661639889,0.9878159081758291,98.78159081758291,1.5245140843722027
1979,38.089410278038784,0.9857093673958838,98.57093673958838,1.524049172930503
1979,41.89835130584267,0.9852717204194409,98.52717204194408,1.5239524328735288
1979,46.08818643642693,0.9784911099310852,97.84911099310852,1.5224468861600888
1979,50.69700508006963,0.9778550629919881,97.78550629919881,1.5223050085059178
1979,55.7667055880766,0.9761744986024473,97.61744986024473,1.5219295975163134
1979,61.34337614688426,0.9684077235938403,96.84077235938403,1.5201843379963693
1979,67.4777137615727,0.9678241942919164,96.78241942919163,1.5200525255999626
1979,74.22548513772996,0.9661611357814333,96.61611357814333,1.5196763282604802
1979,81.64803365150297,0.9538603380968775,95.38603380968776,1.5168690495395363
1979,89.81283701665329,0.9525707383396257,95.25707383396256,1.516572183512793
1979,98.79412071831861,0.9409468346453017,94.09468346453018,1.513874040619391
1979,108.67353279015047,0.9351757298492743,93.51757298492743,1.5125193000949195
1979,119.54088606916554,0.9326082009208092,93.26082009208092,1.511913301274843
1979,131.4949746760821,0.9169462744571719,91.69462744571719,1.5081720664222253
1979,144.64447214369034,0.9115836401724913,91.15836401724913,1.5068730980342164
1979,159.10891935805938,0.8807149401007172,88.07149401007172,1.4992097727747293
1979,175.01981129386533,0.8425229472897982,84.25229472897982,1.4892605690594425
1979,192.52179242325187,0.8192342928500155,81.92342928500155,1.48291845504366
1979,211.77397166557708,0.8089583418431356,80.89583418431357,1.4800493161304795
1979,232.95136883213482,0.7754695952057232,77.54695952057233,1.470378969792588
1979,256.2465057153483,0.7545792461968478,75.45792461968477,1.4640826551513475
1979,281.87115628688315,0.7288280981029462,72.88280981029462,1.4560192860222685
1979,310.05827191557154,0.6782652840912406,67.82652840912407,1.43911292250731
1979,341.0640991071287,0.6530568182481283,65.30568182481284,1.430090897763302
1979,375.17050901784154,0.6041512274538866,60.41512274538866,1.4112892329475475
1979,412.68755991962576,0.5632925057331754,56.32925057331754,1.3940675585386777
1979,453.9563159115883,0.5416844156829336,54.16844156829336,1.384317027478474
1979,499.35194750274724,0.47954438032105784,47.954438032105784,1.3533194538888136
1979,549.287142253022,0.4453028808841636,44.530288088416356,1.333992555421038
1979,604.2158564783242,0.4295417544391992,42.954175443919915,1.324454557857021
1979,664.6374421261568,0.38186741047201683,38.186741047201686,1.2926670641216849
1979,731.1011863387725,0.3544181921095168,35.44181921095168,1.2719750731639856
1979,804.2113049726497,0.31402045853732546,31.402045853732545,1.2374674563862669
1979,884.6324354699149,0.2979208850972452,29.79208850972452,1.2220807234777205
1979,973.0956790169065,0.26198715068477163,26.198715068477163,1.1834773091634527
1979,1070.4052469185972,0.2346196264245409,23.46196264245409,1.1491090905675525
1979,1177.4457716104569,0.22195120527977313,22.195120527977313,1.1313609715101813
1979,1295.1903487715028,0.19304316366246332,19.304316366246333,1.0853003151515697
1979,1424.709383648653,0.17834989584001962,17.834989584001963,1.0581937664886811
1979,1567.1803220135184,0.1511515950773468,15.11515950773468,0.9990490772765598
1979,1723.8983542148706,0.14068891469385136,14.068891469385136,0.972280093313495
1979,1896.2881896363576,0.1235331532172888,12.35331532172888,0.9218450676133868
1979,2085.9170085999936,0.11493193130693058,11.493193130693058,0.8927170260375153
1979,2294.5087094599935,0.09527866441813376,9.527866441813376,0.8128043764416412
1979,2523.959580405993,0.08828214808806624,8.828214808806624,0.7783853625534628
1979,2776.355538446592,0.07871810282953358,7.871810282953358,0.7243008555703525
1979,3053.991092291252,0.06477758780657171,6.477758780657171,0.6250688461256493
1979,3359.3902015203776,0.05848130663881287,5.848130663881287,0.5687862195795282
1979,3695.3292216724153,0.05408149570230669,5.40814957023067,0.5234892972479203
1979,4064.862143839657,0.04666483827485397,4.666483827485397,0.4320459273885662
1979,4471.348358223623,0.04290107427744484,4.290107427744484,0.37590705738662766
1979,4918.483194045986,0.0344632405716253,3.44632405716253,0.21293819118407198
1979,5410.331513450585,0.03005175904908065,3.005175904908065,0.09561568193464524
1979,5951.364664795644,0.02752507717175018,2.7525077171750176,0.012434760227263404
1979,6546.501131275209,0.022121595835934902,2.21215958359349,-0.23071057725253116
1979,7201.15124440273,0.019635761009739103,1.9635761009739103,-0.3933873110723631
1979,7921.266368843004,0.015586067654387265,1.5586067654387266,-0.8123985666658997
1979,8713.393005727305,0.013952185609000356,1.3952185609000356,-1.0994594149338368
1979,9584.732306300037,0.011367150801477497,1.1367150801477497,-2.054611617731677
1979,10543.205536930041,0.010200092197629703,1.0200092197629704,-3.921484310822806
1979,11597.526090623045,0.008577880738281272,0.8577880738281273,
1979,12757.278699685352,0.007142398655548488,0.7142398655548489,
1979,14033.00656965389,0.006366304683989707,0.6366304683989706,
1979,15436.307226619278,0.005455998972988429,0.5455998972988428,
1979,16979.937949281208,0.005000846117487789,0.5000846117487789,
1979,18677.93174420933,0.004598210899160301,0.4598210899160301,
1979,20545.724918630265,0.00432395212725607,0.432395212725607,
1979,22600.29741049329,0.004148893336678902,0.41488933366789016,
1979,24860.327151542624,0.0038629639787361924,0.38629639787361925,
1979,27346.35986669689,0.003728752239293696,0.3728752239293696,
1979,30080.995853366578,0.0036645640160820675,0.36645640160820675,
1979,33089.09543870324,0.0035653640347550054,0.35653640347550053,
1979,36398.00498257357,0.0035128463975818546,0.35128463975818547,
1979,40037.805480830924,0.003471999346447182,0.3471999346447182,
1979,44041.586028914026,0.003431152295312509,0.3431152295312509,
1979,48445.74463180543,0.003396140537197075,0.33961405371970754,
1979,53290.31909498598,0.0033786346581393583,0.33786346581393584,
1979,58619.351004484575,0.0033727993651201196,0.33727993651201194,
1979,64481.286104933046,0.0033494581930431635,0.33494581930431633,
1979,70929.41471542635,0.003326117020966208,0.3326117020966208,
1979,78022.356186969,0.00331444643492773,0.33144464349277303,
1979,85824.5918056659,0.00331444643492773,0.33144464349277303,
1979,94407.0509862325,0.00331444643492773,0.33144464349277303,
1979,103847.75608485575,0.00331444643492773,0.33144464349277303,
1979,114232.53169334133,0.00331444643492773,0.33144464349277303,
1979,125655.78486267549,0.00331444643492773,0.33144464349277303,
1979,138221.36334894306,0.003302775848889252,0.33027758488892517,
1979,152043.49968383738,1.1670586038477921e-05,0.0011670586038477922,
1981,0.0030072432533670675,1.0,100.0,1.5271796258079011
1981,0.0033079675787037743,0.9999534093748809,99.99534093748808,1.5271695084953358
1981,0.0036387643365741523,0.9999110542611362,99.99110542611362,1.5271603104405578
1981,0.004002640770231568,0.9999110542611362,99.99110542611362,1.5271603104405578
1981,0.004402904847254725,0.9999110542611362,99.99110542611362,1.5271603104405578
1981,0.0048431953319801975,0.9998962299713255,99.98962299713256,1.5271570910093488
1981,0.005327514865178218,0.9998962299713255,99.98962299713256,1.5271570910093488
1981,0.005860266351696041,0.999845403834832,99.9845403834832,1.5271460525184224
1981,0.006446292986865646,0.999845403834832,99.9845403834832,1.5271460525184224
1981,0.007090922285552211,0.999781871164215,99.97818711642151,1.527132253444281
1981,0.007800014514107432,0.999781871164215,99.97818711642151,1.527132253444281
1981,0.008580015965518176,0.9997564580959682,99.97564580959683,1.527126733515776
1981,0.009438017562069993,0.9997564580959682,99.97564580959683,1.527126733515776
1981,0.010381819318276994,0.9997564580959682,99.97564580959683,1.527126733515776
1981,0.011420001250104695,0.9997246917606597,99.97246917606597,1.527119833364977
1981,0.012562001375115166,0.9997246917606597,99.97246917606597,1.527119833364977
1981,0.013818201512626683,0.9997141029822235,99.97141029822235,1.5271175332554068
1981,0.015200021663889353,0.9997141029822235,99.97141029822235,1.5271175332554068
1981,0.016720023830278288,0.9996886899139767,99.96886899139767,1.5271120128714528
1981,0.018392026213306118,0.9996886899139767,99.96886899139767,1.5271120128714528
1981,0.02023122883463673,0.9996886899139767,99.96886899139767,1.5271120128714528
1981,0.022254351718100408,0.9996886899139767,99.96886899139767,1.5271120128714528
1981,0.02447978688991045,0.9996886899139767,99.96886899139767,1.5271120128714528
1981,0.0269277655789015,0.9996886899139767,99.96886899139767,1.5271120128714528
1981,0.029620542136791647,0.9996886899139767,99.96886899139767,1.5271120128714528
1981,0.03258259635047082,0.9996886899139767,99.96886899139767,1.5271120128714528
1981,0.0358408559855179,0.9996865721582895,99.96865721582896,1.5271115528317465
1981,0.03942494158406969,0.9996865721582895,99.96865721582896,1.5271115528317465
1981,0.043367435742476666,0.9996865721582895,99.96865721582896,1.5271115528317465
1981,0.047704179316724334,0.9996865721582895,99.96865721582896,1.5271115528317465
1981,0.05247459724839677,0.9996781011355406,99.96781011355405,1.5271097126610595
1981,0.05772205697323646,0.9996781011355406,99.96781011355405,1.5271097126610595
1981,0.0634942626705601,0.9996781011355406,99.96781011355405,1.5271097126610595
1981,0.06984368893761612,0.9996781011355406,99.96781011355405,1.5271097126610595
1981,0.07682805783137775,0.9996781011355406,99.96781011355405,1.5271097126610595
1981,0.08451086361451553,0.9996781011355406,99.96781011355405,1.5271097126610595
1981,0.09296194997596709,0.9996781011355406,99.96781011355405,1.5271097126610595
1981,0.1022581449735638,0.9996696301127916,99.96696301127916,1.527107872471393
1981,0.1124839594709202,0.9996696301127916,99.96696301127916,1.527107872471393
1981,0.12373235541801222,0.9996653946014172,99.96653946014172,1.5271069523694423
1981,0.13610559095981348,0.9996653946014172,99.96653946014172,1.5271069523694423
1981,0.1497161500557948,0.9996653946014172,99.96653946014172,1.5271069523694423
1981,0.1646877650613743,0.9996653946014172,99.96653946014172,1.5271069523694423
1981,0.18115654156751176,0.9996653946014172,99.96653946014172,1.5271069523694423
1981,0.19927219572426297,0.9996653946014172,99.96653946014172,1.5271069523694423
1981,0.21919941529668927,0.9996653946014172,99.96653946014172,1.5271069523694423
1981,0.2411193568263582,0.9996590413343555,99.96590413343554,1.5271055722076192
1981,0.265231292508994,0.9996505703116065,99.96505703116065,1.5271037319752474
1981,0.29175442175989347,0.9996463348002321,99.96463348002321,1.527102811851944
1981,0.32092986393588285,0.9996463348002321,99.96463348002321,1.527102811851944
1981,0.3530228503294711,0.9996442170445449,99.96442170445448,1.5271023517885127
1981,0.3883251353624183,0.9996442170445449,99.96442170445448,1.5271023517885127
1981,0.42715764889866015,0.9996442170445449,99.96442170445448,1.5271023517885127
1981,0.4698734137885262,0.9996442170445449,99.96442170445448,1.5271023517885127
1981,0.516860755167379,0.9996442170445449,99.96442170445448,1.5271023517885127
1981,0.5685468306841168,0.9996378637774832,99.96378637774832,1.527100971591101
1981,0.6254015137525285,0.9996378637774832,99.96378637774832,1.527100971591101
1981,0.6879416651277814,0.9996251572433598,99.96251572433597,1.5270982111642468
1981,0.7567358316405597,0.9996124507092364,99.96124507092364,1.5270954506946837
1981,0.8324094148046157,0.9996124507092364,99.96124507092364,1.5270954506946837
1981,0.9156503562850773,0.9996103329535492,99.96103329535492,1.5270949906122708
1981,1.0072153919135851,0.9996039796864874,99.96039796864873,1.5270936103579136
1981,1.1079369311049438,0.9995891553966768,99.95891553966769,1.5270903897228891
1981,1.2187306242154383,0.9995891553966768,99.95891553966769,1.5270903897228891
1981,1.3406036866369822,0.9995849198853024,99.95849198853024,1.5270894695307755
1981,1.4746640553006805,0.9995849198853024,99.95849198853024,1.5270894695307755
1981,1.6221304608307487,0.9995806843739279,99.95806843739278,1.527088549333916
1981,1.7843435069138238,0.99956374232843,99.956374232843,1.5270848684990184
1981,1.9627778576052062,0.99956374232843,99.956374232843,1.5270848684990184
1981,2.159055643365727,0.9995446825272449,99.9544682527245,1.5270807274689895
1981,2.3749612077022997,0.9995213872146854,99.95213872146854,1.5270756660795413
1981,2.61245732847253,0.999481149856628,99.9481149856628,1.5270669233413894
1981,2.8737030613197834,0.9994536190326939,99.94536190326939,1.5270609412210763
1981,3.161073367451762,0.9994536190326939,99.94536190326939,1.5270609412210763
1981,3.4771807041969387,0.9993625555381429,99.93625555381429,1.5270411527787344
1981,3.8248987746166323,0.9993074938902748,99.93074938902748,1.5270291866092955
1981,4.207388652078296,0.9992164303957238,99.92164303957239,1.5270093946447179
1981,4.628127517286127,0.9991613687478558,99.91613687478558,1.526997426345204
1981,5.090940269014739,0.9990215968724984,99.90215968724983,1.5269670416714156
1981,5.600034295916213,0.9988415876390836,99.88415876390836,1.5269279022704907
1981,6.160037725507836,0.9987039335194134,99.87039335194135,1.5268979663468114
1981,6.77604149805862,0.998517571018937,99.8517571018937,1.526857429708179
1981,7.453645647864481,0.9982740291149051,99.82740291149051,1.5268044418087239
1981,8.199010212650931,0.9980940198814904,99.80940198814903,1.5267652667251697
1981,9.018911233916024,0.9975306968686865,99.75306968686864,1.526642616167061
1981,9.920802357307629,0.99724479985091,99.724479985091,1.5265803364459996
1981,10.912882593038391,0.9966687703039826,99.66687703039825,1.5264547883053525
1981,12.00417085234223,0.9957877839380938,99.57877839380937,1.526262602551549
1981,13.204587937576456,0.9949089153278922,99.49089153278922,1.5260706724331763
1981,14.525046731334104,0.9934497816593887,99.34497816593887,1.5257515659422463
1981,15.977551404467514,0.9919313508316426,99.19313508316426,1.5254188849751784
1981,17.575306544914266,0.988396816589651,98.83968165896509,1.524642077937145
1981,19.332837199405695,0.985660676241746,98.56606762417461,1.5240384125382687
1981,21.266120919346267,0.9824649829097116,98.24649829097116,1.5233307685337218
1981,23.392733011280896,0.977922396960597,97.7922396960597,1.5223200334492872
1981,25.732006312408988,0.9722235164062533,97.22235164062532,1.521043901540673
1981,28.305206943649885,0.965173507723455,96.5173507723455,1.519452545064683
1981,31.135727638014878,0.9573568714818783,95.73568714818784,1.5176714958663804
1981,34.24930040181637,0.9452178958826594,94.52178958826593,1.514870141802234
1981,37.674230441998006,0.9366007479913088,93.66007479913088,1.5128547632713834
1981,41.441653486197815,0.9212067819008128,92.12067819008128,1.5091974749885262
1981,45.5858188348176,0.907742091241386,90.77420912413861,1.5059368235873811
1981,50.144400718299366,0.888027903548935,88.8027903548935,1.5010546266775975
1981,55.158840790129304,0.8680193478159586,86.80193478159586,1.4959620924856962
1981,60.67472486914224,0.8486058814310946,84.86058814310947,1.4908817763742435
1981,66.74219735605648,0.819338497833536,81.9338497833536,1.4829473234743364
1981,73.41641709166213,0.7956048098467169,79.56048098467168,1.4762533167032041
1981,80.75805880082835,0.769118039466495,76.9118039466495,1.4684869166952768
1981,88.83386468091118,0.7359836339840491,73.59836339840491,1.458294689782797
1981,97.71725114900231,0.7091177853358125,70.91177853358126,1.4496063214087649
1981,107.48897626390254,0.6722540120881495,67.22540120881494,1.4369996356005648
1981,118.2378738902928,0.6370611480777132,63.70611480777132,1.4241392609233656
1981,130.06166127932212,0.6054769397583217,60.547693975832175,1.4118235467700087
1981,143.06782740725433,0.5600574335342378,56.005743353423775,1.3926377604925353
1981,157.37461014797975,0.5261267519133923,52.61267519133923,1.3769904799163644
1981,173.11207116277777,0.4842989593348553,48.429895933485525,1.3558653870982842
1981,190.42327827905555,0.4502645076853354,45.026450768533536,1.3369071731522209
1981,209.46560610696113,0.4145337337303419,41.45337337303419,1.314951210895756
1981,230.41216671765724,0.38294740765526325,38.29474076552633,1.2934421148514703
1981,253.45338338942304,0.3463398828457554,34.63398828457554,1.2654917612394818
1981,278.79872172836536,0.3142749439853621,31.42749439853621,1.2377024482223071
1981,306.6785939012019,0.28776911380395515,28.776911380395514,1.2118139949128293
1981,337.3464532913221,0.2561616101720041,25.61616101720041,1.1765677247482964
1981,371.0810986204543,0.23426401636601596,23.426401636601597,1.1486282604055562
1981,408.1892084824998,0.21103223647707106,21.103223647707107,1.1149533133305605
1981,449.0081293307498,0.18754632590565823,18.754632590565823,1.075494040525742
1981,493.9089422638249,0.17034591421395262,17.034591421395263,1.0421287292402985
1981,543.2998364902074,0.14981215507054244,14.981215507054243,0.9957660602025348
1981,597.6298201392282,0.1323258463610604,13.23258463610604,0.9488285180900126
1981,657.392802153151,0.12093867403080912,12.093867403080912,0.9133658577696636
1981,723.1320823684662,0.10520374927466868,10.520374927466868,0.855824482137405
1981,795.4452906053128,0.09253957026501594,9.253957026501594,0.7997799475770259
1981,874.9898196658443,0.08072672904163083,8.072672904163083,0.7364387514841547
1981,962.4888016324287,0.07120741722751897,7.120741722751897,0.6744799746452474
1981,1058.7376817956717,0.0618109352432666,6.18109352432666,0.5996577030959974
1981,1164.6114499752389,0.053240377977035055,5.324037797703506,0.514159261018359
1981,1281.072594972763,0.04643179344258129,4.643179344258129,0.4287905003630655
1981,1409.1798544700393,0.03925048390717453,3.9250483907174534,0.31289553474486875
1981,1550.0978399170435,0.03328264838055223,3.3282648380552224,0.184362055672161
1981,1705.1076239087479,0.027325401632366082,2.7325401632366084,0.00521800182744066
1981,1875.618386299623,0.02301788656453437,2.3017886564534367,-0.18189784966633882
1981,2063.180224929585,0.0189899152474174,1.89899152474174,-0.4442220974559204
1981,2269.498247422544,0.015353728732438511,1.5353728732438512,-0.8468270179376859
1981,2496.4480721647988,0.012030970059170094,1.2030970059170094,-1.6879451681080593
1981,2746.0928793812786,0.009758618206769194,0.9758618206769194,
1981,3020.7021673194067,0.007797576440391531,0.7797576440391532,
1981,3322.7723840513477,0.005953011236811676,0.5953011236811676,
1981,3655.0496224564827,0.004582823307171992,0.45828233071719915,
1981,4020.5545847021313,0.003570536088674666,0.3570536088674666,
1981,4422.610043172344,0.002640841341979424,0.2640841341979424,
1981,4864.87104748958,0.0021304622213562953,0.21304622213562954,
1981,5351.358152238538,0.0016497316803544275,0.16497316803544276,
1981,5886.493967462393,0.0012770066794014375,0.12770066794014376,
1981,6475.143364208631,0.0010249937526207226,0.10249937526207226,
1981,7122.6577006294965,0.000707330399535788,0.0707330399535788,
1981,7834.923470692447,0.0005675585241784167,0.05675585241784167,
1981,8618.415817761692,0.00041508011469764804,0.04150801146976481,
1981,9480.257399537863,0.0003197811087721676,0.03197811087721676,
1981,10428.283139491648,0.00018636250047649502,0.018636250047649502,
1981,11471.111453440815,0.00012706534123397387,0.012706534123397388,
1981,12618.222598784896,0.0001080055400488778,0.01080055400488778,
1981,13880.044858663388,8.682798317654881e-05,0.008682798317654882,
1981,15268.049344529727,7.412144905315144e-05,0.007412144905315144,
1981,16794.854278982704,5.0826136493589554e-05,0.005082613649358955,
1981,18474.339706880975,2.5413068246794777e-05,0.0025413068246794776,
1981,20321.773677569076,2.117755687232898e-05,0.002117755687232898,
1981,22353.951045325983,1.4824289810630286e-05,0.0014824289810630286,
1981,24589.346149858582,6.353267061698694e-06,0.0006353267061698694,
1981,27048.280764844443,2.1177556872328982e-06,0.00021177556872328983,
1982,0.016422459102401747,1.0,100.0,1.5271796258079011
1982,0.018064705012641923,0.9999613236964877,99.99613236964878,1.5271712271576199
1982,0.019871175513906117,0.9999613236964877,99.99613236964878,1.5271712271576199
1982,0.02185829306529673,0.9999613236964877,99.99613236964878,1.5271712271576199
1982,0.024044122371826404,0.9999613236964877,99.99613236964878,1.5271712271576199
1982,0.026448534609009047,0.9999613236964877,99.99613236964878,1.5271712271576199
1982,0.029093388069909954,0.9999613236964877,99.99613236964878,1.5271712271576199
1982,0.03200272687690096,0.9999613236964877,99.99613236964878,1.5271712271576199
1982,0.03520299956459105,0.999864632937707,99.9864632937707,1.5271502288020118
1982,0.038723299521050164,0.999864632937707,99.9864632937707,1.5271502288020118
1982,0.042595629473155185,0.999864632937707,99.9864632937707,1.5271502288020118
1982,0.046855192420470704,0.999864632937707,99.9864632937707,1.5271502288020118
1982,0.05154071166251778,0.9998404602480118,99.98404602480117,1.527144978826924
1982,0.05669478282876956,0.9998404602480118,99.98404602480117,1.527144978826924
1982,0.06236426111164652,0.9998404602480118,99.98404602480117,1.527144978826924
1982,0.06860068722281118,0.9998307911721337,99.98307911721336,1.5271428787936319
1982,0.0754607559450923,0.9998307911721337,99.98307911721336,1.5271428787936319
1982,0.08300683153960155,0.9997147622615968,99.97147622615968,1.5271176764658791
1982,0.0913075146935617,0.9997147622615968,99.97147622615968,1.5271176764658791
1982,0.10043826616291787,0.9997002586477798,99.97002586477798,1.5271145259245826
1982,0.11048209277920967,0.9997002586477798,99.97002586477798,1.5271145259245826
1982,0.12153030205713065,0.9996519132683894,99.96519132683895,1.527104023718446
1982,0.13368333226284373,0.9996277405786942,99.96277405786942,1.5270987723835463
1982,0.14705166548912812,0.9996277405786942,99.96277405786942,1.5270987723835463
1982,0.16175683203804092,0.999608402426938,99.9608402426938,1.52709457120434
1982,0.17793251524184506,0.9994391935990717,99.94391935990717,1.5270578066659908
1982,0.19572576676602957,0.9994391935990717,99.94391935990717,1.5270578066659908
1982,0.21529834344263254,0.9994005172955595,99.94005172955595,1.5270494022791818
1982,0.23682817778689583,0.9993956827576205,99.93956827576204,1.5270483517029956
1982,0.2605109955655854,0.9992409775435712,99.92409775435712,1.5270147299985297
1982,0.286562095122144,0.9992313084676931,99.92313084676931,1.5270126284316312
1982,0.3152183046343584,0.9992023012400589,99.9202301240059,1.5270063235824176
1982,0.3467401350977942,0.9991056104812782,99.91056104812782,1.526985305809266
1982,0.38141414860757367,0.9991007759433392,99.91007759433393,1.526984254855619
1982,0.4195555634683311,0.998936401653412,99.8936401653412,1.5269485187481413
1982,0.4615111198151643,0.9989025598878387,99.89025598878388,1.5269411604257452
1982,0.5076622317966808,0.9987575237496676,99.87575237496677,1.5269096213210724
1982,0.5584284549763489,0.9987285165220334,99.87285165220334,1.5269033128311607
1982,0.6142713004739838,0.9986318257632527,99.86318257632527,1.5268822829206266
1982,0.6756984305213822,0.998535135004472,99.8535135004472,1.5268612505314791
1982,0.7432682735735205,0.9984867896250815,99.84867896250816,1.526850733407256
1982,0.8175951009308726,0.9984722860112645,99.84722860112645,1.5268475781491204
1982,0.89935461102396,0.9981193647417148,99.81193647417147,1.5267707830013875
1982,0.9892900721263561,0.9979308177620924,99.79308177620923,1.5267297419094776
1982,1.0882190793389919,0.9978631342309459,99.78631342309458,1.5267150069074689
1982,1.197040987272891,0.9978292924653727,99.78292924653726,1.526707638950239
1982,1.3167450860001801,0.9976794217892625,99.76794217892625,1.5266750057686609
1982,1.4484195946001983,0.9976455800236892,99.76455800236891,1.5266676361598814
1982,1.5932615540602184,0.9975730619546037,99.75730619546037,1.5266518431163285
1982,1.7525877094662403,0.9971621262297856,99.71621262297856,1.5265623227977625
1982,1.9278464804128643,0.9971137808503953,99.71137808503953,1.5265517880432364
1982,2.1206311284541512,0.9970170900916145,99.70170900916145,1.5265307166687654
1982,2.3326942412995666,0.996954241098407,99.6954241098407,1.5265170189413757
1982,2.565963665429523,0.996683506973821,99.6683506973821,1.5264580013273843
1982,2.822560031972476,0.9966109889047354,99.66109889047354,1.5264421897241947
1982,3.1048160351697236,0.9965336362977109,99.65336362977109,1.5264253224703408
1982,3.4152976386866962,0.9962242258696125,99.62242258696125,1.5263578375135596
1982,3.756827402555366,0.996166211414344,99.61662114143441,1.5263451812436537
1982,4.1325101428109035,0.9958568009862457,99.58568009862458,1.526277665980364
1982,4.545761157091994,0.9958181246827335,99.58181246827334,1.5262692247769796
1982,5.000337272801193,0.9955763977857817,99.55763977857816,1.526216458212091
1982,5.500371000081313,0.9955232178684522,99.55232178684523,1.5262048474747547
1982,6.050408100089445,0.9953491745026469,99.53491745026469,1.5261668434182663
1982,6.65544891009839,0.9950059223089753,99.50059223089754,1.5260918672574677
1982,7.32099380110823,0.994967246005463,99.4967246005463,1.5260834172655644
1982,8.053093181219053,0.9948898933984385,99.48898933984384,1.5260665160820794
1982,8.85840249934096,0.9941308709420097,99.41308709420098,1.5259005883076004
1982,9.744242749275058,0.9940825255626193,99.40825255626193,1.5258900144352463
1982,10.718667024202563,0.9935458918513863,99.35458918513864,1.5257726023928797
1982,11.79053372662282,0.9932944958785564,99.32944958785565,1.5257175719937741
1982,12.969587099285102,0.993105948898934,99.3105948898934,1.5256762880654744
1982,14.266545809213614,0.9925499770359448,99.25499770359448,1.5255544978281017
1982,15.693200390134978,0.9923807682080785,99.23807682080785,1.5255174147473147
1982,17.262520429148477,0.9902439024390244,99.02439024390245,1.5250484448829837
1982,18.988772472063328,0.9901133699146704,99.01133699146703,1.5250197574762627
1982,20.88764971926966,0.989122289637168,98.9122289637168,1.5248017953568112
1982,22.976414691196627,0.9889289081196064,98.89289081196064,1.5247592351559487
1982,25.274056160316295,0.9870482728613212,98.70482728613213,1.524344807964715
1982,27.801461776347924,0.9865889917571128,98.65889917571128,1.524243452139182
1982,30.58160795398272,0.9861103725011482,98.61103725011482,1.5241377675422378
1982,33.639768749381,0.9797481205733762,97.97481205733763,1.5227269468572937
1982,37.0037456243191,0.9793033430829848,97.93033430829848,1.5226279009453176
1982,40.704120186751005,0.978394449950446,97.8394449950446,1.5224253322696972
1982,44.77453220542611,0.976156058884672,97.6156058884672,1.5219254740145653
1982,49.251985425968726,0.9755469071043535,97.55469071043535,1.521789201722389
1982,54.17718396856561,0.9670187821798931,96.70187821798932,1.5198704333056352
1982,59.59490236542217,0.9650704633904614,96.50704633904614,1.5194291805307927
1982,65.5543926019644,0.9646691967415214,96.46691967415214,1.5193381673277593
1982,72.10983186216085,0.9527762334114916,95.27762334114917,1.5166195213186777
1982,79.32081504837693,0.949778819889289,94.9778819889289,1.5159278010653898
1982,87.25289655321463,0.9343469747878846,93.43469747878846,1.5123239160417599
1982,95.9781862085361,0.9328772752544175,93.28772752544175,1.5119769047704166
1982,105.57600482938973,0.9156711547293868,91.56711547293868,1.5078640418970444
1982,116.1336053123287,0.9067707703836206,90.67707703836206,1.5056993232560243
1982,127.74696584356158,0.9028161183494887,90.28161183494888,1.504729141127493
1982,140.52166242791776,0.8402088520389663,84.02088520389664,1.4886400520540086
1982,154.57382867070953,0.8302690420363074,83.02690420363074,1.485950696851189
1982,170.0312115377805,0.7932026396577148,79.32026396577147,1.4755621477214598
1982,187.03433269155857,0.7853755227344147,78.53755227344146,1.4732921071095484
1982,205.73776596071443,0.7532983635089077,75.32983635089077,1.463689634215019
1982,226.3115425567859,0.7415649399308661,74.15649399308661,1.4600506530580373
1982,248.94269681246453,0.6890231816094177,68.90231816094176,1.4428376828677456
1982,273.83696649371103,0.6481519978728033,64.81519978728033,1.4282853058645224
1982,301.2206631430821,0.6186999927481931,61.86999927481931,1.4170746010399728
1982,331.34272945739036,0.5683144383475549,56.83144383475549,1.396266909843444
1982,364.47700240312946,0.5417921632140008,54.179216321400084,1.3843668477089373
1982,400.9247026434424,0.5029466508738427,50.294665087384274,1.3655555431818995
1982,441.0171729077867,0.46413014576131884,46.413014576131886,1.3448419352262433
1982,485.11889019856534,0.4374966762551669,43.74966762551669,1.3293228751252983
1982,533.6307792184219,0.3814595470037951,38.145954700379505,1.292373637315087
1982,586.9938571402641,0.3529116004737847,35.291160047378476,1.270780392336777
1982,645.6932428542906,0.3323019652396722,33.23019652396722,1.253750765149744
1982,710.2625671397199,0.2885784041190263,28.85784041190263,1.2126495683221845
1982,781.2888238536918,0.26797360342285287,26.797360342285288,1.190371744219148
1982,859.4177062390611,0.2316903961903841,23.169039619038408,1.1451194959387507
1982,945.3594768629673,0.21767023616717832,21.767023616717832,1.1250582076791207
1982,1039.8954245492641,0.1872078126133095,18.72078126133095,1.0748775702604705
1982,1143.8849670041907,0.17516014406923058,17.51601440692306,1.0519103925522237
1982,1258.2734637046096,0.15448282530397156,15.448282530397156,1.007044303939965
1982,1384.100810075071,0.13312867122724745,13.312867122724745,0.9511678021250298
1982,1522.5108910825782,0.11993038265367788,11.993038265367788,0.9100015310003317
1982,1674.761980190836,0.10112403007082599,10.112403007082598,0.8388750699040313
1982,1842.2381782099196,0.09208344412482777,9.208344412482777,0.797556777688609
1982,2026.461996030912,0.08050472576083541,8.050472576083541,0.7351192949479654
1982,2229.108195634003,0.0731755662452561,7.3175566245256105,0.6882735626477028
1982,2452.019015197404,0.0675820058497909,6.7582005849790905,0.6474993253701196
1982,2697.2209167171445,0.05464961686286833,5.464961686286833,0.5296613784152088
1982,2966.943008388859,0.04766370954096062,4.766370954096062,0.44570146498167806
1982,3263.637309227745,0.044448741811501366,4.444874181150136,0.3999509750898574
1982,3590.00104015052,0.03534530687229568,3.534530687229568,0.2331576653129047
1982,3949.0011441655724,0.03102322995479707,3.102322995479707,0.12411952585147117
1982,4343.90125858213,0.025806763518576713,2.5806763518576714,-0.05334643594564471
1982,4778.291384440343,0.022862529913703498,2.28625299137035,-0.1900543025898181
1982,5256.120522884378,0.017007904469530325,1.7007904469530326,-0.6328179213355415
1982,5781.732575172817,0.014141023471681695,1.4141023471681695,-1.0598870458495104
1982,6359.905832690098,0.01237641712393338,1.237641712393338,-1.545488358595837
1982,6995.896415959109,0.009055089559815321,0.9055089559815321,
1982,7695.48605755502,0.0075177064952017215,0.7517706495201721,
1982,8465.034663310524,0.005264811815610723,0.5264811815610724,
1982,9311.538129641576,0.004273731538108246,0.4273731538108246,
1982,10242.691942605736,0.0031617878121298557,0.3161787812129856,
1982,11266.961136866308,0.002504290652420895,0.25042906524208947,
1982,12393.65725055294,0.0018129517271386786,0.18129517271386786,
1982,13633.022975608237,0.0013536706229302134,0.13536706229302134,
1982,14996.32527316906,0.0009910802775024777,0.09910802775024777,
1982,16495.95780048597,0.0006574971597089608,0.06574971597089609,
1982,18145.553580534564,0.0005221300974159395,0.052213009741593944,
1982,19960.108938588022,0.00038192849718388165,0.03819284971838816,
1982,21956.119832446828,0.00031424496603737096,0.0314244966037371,
1982,24151.731815691513,0.00026106504870796973,0.026106504870796972,
1982,26566.90499726067,0.00017887790374434962,0.017887790374434963,
1982,29223.595496986734,0.00015953975198820374,0.015953975198820376,
1982,32145.955046685413,0.00013536706229302133,0.013536706229302134,
1982,35360.550551353954,9.185622084169306e-05,0.009185622084169306,
1982,38896.60560648936,7.735260702458362e-05,0.007735260702458362,
1982,42786.266167138296,5.801445526843772e-05,0.005801445526843772,
1982,47064.89278385213,4.8345379390364765e-05,0.004834537939036477,
1982,51771.382062237346,2.4172689695182383e-05,0.0024172689695182385,
1982,56948.520268461085,2.4172689695182383e-05,0.0024172689695182385,
1982,62643.3722953072,1.9338151756145905e-05,0.0019338151756145905,
1982,68907.70952483792,9.669075878072953e-06,0.0009669075878072953,
1982,75798.48047732172,9.669075878072953e-06,0.0009669075878072953,
1982,83378.32852505389,4.834537939036476e-06,0.00048345379390364764,
1983,0.0230226639023554,0.9999939975630106,99.99939975630106,1.5271783223905087
1983,0.025324930292590943,0.9999819926890318,99.99819926890318,1.5271757155271555
1983,0.02785742332185004,0.9999819926890318,99.99819926890318,1.5271757155271555
1983,0.03064316565403505,0.9999819926890318,99.99819926890318,1.5271757155271555
1983,0.033707482219438555,0.9999819926890318,99.99819926890318,1.5271757155271555
1983,0.03707823044138241,0.9999819926890318,99.99819926890318,1.5271757155271555
1983,0.040786053485520654,0.9999759902520423,99.99759902520424,1.5271744120811945
1983,0.04486465883407273,0.9999759902520423,99.99759902520424,1.5271744120811945
1983,0.04935112471748001,0.9999759902520423,99.99759902520424,1.5271744120811945
1983,0.05428623718922801,0.9999659861903933,99.99659861903933,1.527172239650097
1983,0.05971486090815082,0.9999659861903933,99.99659861903933,1.527172239650097
1983,0.0656863469989659,0.9999659861903933,99.99659861903933,1.527172239650097
1983,0.07225498169886249,0.9999659861903933,99.99659861903933,1.527172239650097
1983,0.07948047986874876,0.9999599837534039,99.99599837534039,1.5271709361787413
1983,0.08742852785562363,0.9999599837534039,99.99599837534039,1.5271709361787413
1983,0.09617138064118601,0.9999599837534039,99.99599837534039,1.5271709361787413
1983,0.1057885187053046,0.9999599837534039,99.99599837534039,1.5271709361787413
1983,0.11636737057583509,0.9999559821287443,99.99559821287443,1.5271700671925466
1983,0.1280041076334186,0.9999519805040846,99.99519805040846,1.5271691982021192
1983,0.14080451839676048,0.9999519805040846,99.99519805040846,1.5271691982021192
1983,0.15488497023643652,0.9999459780670953,99.99459780670954,1.5271678947085416
1983,0.1703734672600802,0.9999459780670953,99.99459780670954,1.5271678947085416
1983,0.18741081398608825,0.9999279707561269,99.9927970756127,1.5271639841706666
1983,0.20615189538469708,0.9999279707561269,99.9927970756127,1.5271639841706666
1983,0.2267670849231668,0.9999279707561269,99.9927970756127,1.5271639841706666
1983,0.2494437934154835,0.9998939569465203,99.98939569465203,1.5271565973652528
1983,0.27438817275703187,0.9998939569465203,99.98939569465203,1.5271565973652528
1983,0.3018269900327351,0.9998939569465203,99.98939569465203,1.5271565973652528
1983,0.33200968903600864,0.9998879545095308,99.98879545095308,1.5271552937796073
1983,0.3652106579396095,0.9998819520725415,99.98819520725415,1.5271539901844373
1983,0.40173172373357047,0.9998819520725415,99.98819520725415,1.5271539901844373
1983,0.44190489610692757,0.9998819520725415,99.98819520725415,1.5271539901844373
1983,0.48609538571762034,0.9998799512602117,99.98799512602116,1.527153555650597
1983,0.5347049242893824,0.9998619439492434,99.98619439492434,1.52714964479841
1983,0.5881754167183207,0.9998619439492434,99.98619439492434,1.52714964479841
1983,0.6469929583901529,0.9998519398875944,99.98519398875943,1.5271474720657074
1983,0.7116922542291683,0.9998479382629347,99.98479382629347,1.5271466029652174
1983,0.7828614796520851,0.9998359333889559,99.98359333889559,1.5271439956383452
1983,0.8611476276172937,0.9998359333889559,99.98359333889559,1.5271439956383452
1983,0.9472623903790232,0.9997959171423598,99.97959171423598,1.527135304273568
1983,1.0419886294169256,0.9997779098313916,99.97779098313916,1.5271313930212802
1983,1.1461874923586182,0.9997679057697425,99.97679057697425,1.527129220066292
1983,1.26080624159448,0.9997518992711041,99.9751899271104,1.527125743283263
1983,1.3868868657539282,0.9997518992711041,99.9751899271104,1.527125743283263
1983,1.5255755523293213,0.999741895209455,99.9741895209455,1.5271235702594637
1983,1.6781331075622534,0.9997018789628589,99.97018789628589,1.5271148778995918
1983,1.8459464183184788,0.9996718667779119,99.96718667779119,1.5271083583517624
1983,2.030541060150327,0.9996338513436456,99.96338513436456,1.5271000999158366
1983,2.23359516616536,0.9995718261614215,99.95718261614215,1.5270866248049535
1983,2.456954682781896,0.9994357709229947,99.94357709229948,1.5270570629321398
1983,2.7026501510600855,0.9993737457407708,99.93737457407707,1.5270435845704338
1983,2.9729151661660946,0.9992116799420565,99.92116799420565,1.5270083621091455
1983,3.2702066827827045,0.9990696222666402,99.90696222666402,1.5269774823804982
1983,3.597227351060975,0.9989375686528731,99.89375686528732,1.5269487724871222
1983,3.956950086167073,0.9987474914815415,99.87474914815415,1.5269074395293039
1983,4.352645094783781,0.9986334451787425,99.86334451787425,1.5268826351583842
1983,4.787909604262159,0.998195267278515,99.81952672785151,1.5267873020710143
1983,5.266700564688375,0.9978931446167144,99.78931446167144,1.5267215404503802
1983,5.793370621157213,0.9974629699658061,99.74629699658061,1.526627864522835
1983,6.372707683272935,0.9970588058751854,99.70588058751854,1.5265398079036105
1983,7.009978451600229,0.996216463884337,99.6216463884337,1.5263561442327387
1983,7.710976296760252,0.9952840853386475,99.52840853386475,1.5261526284897042
1983,8.482073926436279,0.9944297384738203,99.44297384738204,1.525965941304337
1983,9.330281319079909,0.9922908700932579,99.2290870093258,1.5254977099305544
1983,10.263309450987899,0.9904181097525595,99.04181097525596,1.525086723617503
1983,11.28964039608669,0.9889175005052051,98.89175005052051,1.5247567242046547
1983,12.41860443569536,0.9849859042771365,98.49859042771365,1.5238892261427741
1983,13.660464879264898,0.981898650852246,98.1898650852246,1.5232050693619765
1983,15.026511367191388,0.9759842496053398,97.59842496053398,1.5218870493493333
1983,16.529162503910527,0.9690614389442114,96.90614389442113,1.5203318896856777
1983,18.182078754301582,0.9604339361780883,96.04339361780883,1.5183747247401478
1983,20.000286629731743,0.9491613595119619,94.9161359511962,1.5157849775377676
1983,22.00031529270492,0.9386370866571828,93.86370866571828,1.5133330578709232
1983,24.200346821975412,0.9209298975384006,92.09298975384006,1.5091310112334335
1983,26.620381504172958,0.9071202908380802,90.71202908380802,1.5057848212496945
1983,29.282419654590253,0.8883066525009153,88.83066525009153,1.5011245792269416
1983,32.21066162004928,0.8690968533224489,86.90968533224489,1.496239982059457
1983,35.43172778205422,0.8430002581047905,84.30002581047906,1.4893882985448117
1983,38.97490056025964,0.8166715686568747,81.66715686568747,1.48220706943463
1983,42.8723906162856,0.7902768524020752,79.02768524020752,1.4747168380539233
1983,47.15962967791417,0.7544403027629217,75.44403027629217,1.4640400620376364
1983,51.875592645705595,0.7287258627002563,72.87258627002564,1.4559865766185132
1983,57.06315191027615,0.6952242610499862,69.52242610499863,1.444952197915275
1983,62.76946710130377,0.6600499802919986,66.00499802919985,1.4326364041499842
1983,69.04641381143415,0.6317584939485431,63.17584939485431,1.42212522423126
1983,75.95105519257758,0.5903536835955397,59.03536835955398,1.4056401997952994
1983,83.54616071183534,0.5486367465190868,54.86367465190868,1.3875064925965341
1983,91.90077678301888,0.5204873178510475,52.04873178510475,1.374267434067225
1983,101.09085446132079,0.4766435172680108,47.66435172680108,1.3517504760993266
1983,111.19993990745287,0.44224355088165795,44.224355088165794,1.3321748814149916
1983,122.31993389819816,0.40791761455150793,40.79176145515079,1.3106221258100728
1983,134.551927288018,0.3771331160451143,37.71331160451143,1.2892362639972694
1983,148.0071200168198,0.3443778173938619,34.43778173938619,1.2638877912750033
1983,162.80783201850178,0.31463174048663756,31.463174048663756,1.238031501044671
1983,179.08861522035198,0.2879168942590692,28.79168942590692,1.2119668021830905
1983,196.99747674238722,0.2603296938557054,26.032969385570542,1.1815320192814964
1983,216.69722441662594,0.23695220259425326,23.695220259425327,1.1522394186863565
1983,238.36694685828854,0.2112677747165349,21.12677747165349,1.1153190536828348
1983,262.20364154411743,0.19287630778095907,19.287630778095906,1.0850081702241439
1983,288.4240056985292,0.17200583436875372,17.200583436875373,1.0455431390818954
1983,317.2664062683821,0.15509496855723423,15.509496855723423,1.0084879028068314
1983,348.9930468952204,0.13770590859889115,13.770590859889115,0.9641414915260167
1983,383.89235158474247,0.12250173570469611,12.250173570469611,0.9185043224371181
1983,422.2815867432167,0.10920633777313589,10.920633777313588,0.8715669715426866
1983,464.5097454175384,0.09499656860685439,9.49965686068544,0.811488139670892
1983,510.96071995929236,0.0846943859206838,8.46943859206838,0.759152231070122
1983,562.0567919552216,0.07437419592354495,7.4374195923544955,0.6964038516958068
1983,618.2624711507439,0.06441015052111157,6.441015052111157,0.6220196096244134
1983,680.0887182658182,0.0566209881211772,5.66209881211772,0.5503124390159916
1983,748.0975900924002,0.047943465046809006,4.794346504680901,0.4494420643219871
1983,822.9073491016402,0.040766551219795236,4.076655121979524,0.3402343147890579
1983,905.1980840118043,0.03541437823756445,3.541437823756445,0.23470273347849954
1983,995.717892412985,0.028939749538312555,2.8939749538312554,0.060747883542723057
1983,1095.2896816542834,0.02395172440010644,2.395172440010644,-0.1352984062735004
1983,1204.8186498197117,0.019273825173020245,1.9273825173020245,-0.4213462376514098
1983,1325.3005148016832,0.016106539254937505,1.6106539254937504,-0.7409932415180576
1983,1457.8305662818516,0.012881229779290392,1.2881229779290393,-1.3736304761471922
1983,1603.6136229100368,0.010356204619075344,1.0356204619075344,-3.3523864404281785
1983,1763.9749852010405,0.008305371981024295,0.8305371981024295,
1983,1940.372483721145,0.006590675814380638,0.6590675814380639,
1983,2134.4097320932597,0.005224120993123208,0.5224120993123208,
1983,2347.8507053025855,0.004081657152804038,0.40816571528040385,
1983,2582.6357758328445,0.0033333533414566315,0.33333533414566313,
1983,2840.899353416129,0.0025370300341938825,0.25370300341938823,
1983,3124.989288757742,0.0020628375120298843,0.20628375120298842,
1983,3437.488217633517,0.0016506701720898685,0.16506701720898687,
1983,3781.237039396869,0.0011564695266278108,0.11564695266278108,
1983,4159.360743336556,0.0008783566127847906,0.08783566127847907,
1983,4575.296817670212,0.0007483038113474071,0.0748303811347407,
1983,5032.826499437234,0.0005042047071110871,0.05042047071110871,
1983,5536.109149380957,0.00037415190567370354,0.03741519056737035,
1983,6089.720064319054,0.00027611210151321435,0.027611210151321435,
1983,6698.69207075096,0.00022409098093826094,0.022409098093826095,
1983,7368.561277826056,0.00015806417405466618,0.01580641740546662,
1983,8105.417405608663,0.00014005686308641308,0.014005686308641309,
1983,8915.959146169529,0.00011604711512874227,0.011604711512874228,
1983,9807.555060786484,7.002843154320654e-05,0.007002843154320654,
1983,10788.310566865131,6.402599455378884e-05,0.006402599455378884,
1983,11867.141623551646,6.0024369894177035e-05,0.006002436989417704,
1983,13053.855785906811,4.601868358553573e-05,0.004601868358553573,
1983,14359.241364497495,2.6010560287476716e-05,0.002601056028747672,
1983,15795.165500947245,1.600649863844721e-05,0.001600649863844721,
1983,17374.68205104197,1.600649863844721e-05,0.001600649863844721,
1983,19112.15025614617,1.600649863844721e-05,0.001600649863844721,
1983,21023.36528176079,1.0004061649029505e-05,0.0010004061649029506,
1983,23125.70180993687,1.0004061649029505e-05,0.0010004061649029506,
1983,25438.271990930556,4.001624659611802e-06,0.00040016246596118025,
1983,27982.099190023615,2.000812329805901e-06,0.00020008123298059013,
1983,30780.30910902598,2.000812329805901e-06,0.00020008123298059013,
1984,0.003512897502867209,0.9999345942764046,99.99345942764046,1.527165422570126
1984,0.00386418725315393,0.9999306302931564,99.99306302931565,1.5271645617314944
1984,0.004250605978469323,0.9999306302931564,99.99306302931565,1.5271645617314944
1984,0.004675666576316256,0.9999306302931564,99.99306302931565,1.5271645617314944
1984,0.0051432332339478816,0.9999306302931564,99.99306302931565,1.5271645617314944
1984,0.0056575565573426705,0.9999306302931564,99.99306302931565,1.5271645617314944
1984,0.006223312213076938,0.9999306302931564,99.99306302931565,1.5271645617314944
1984,0.0068456434343846335,0.9999306302931564,99.99306302931565,1.5271645617314944
1984,0.007530207777823097,0.9999306302931564,99.99306302931565,1.5271645617314944
1984,0.008283228555605407,0.9999306302931564,99.99306302931565,1.5271645617314944
1984,0.00911155141116595,0.9999306302931564,99.99306302931565,1.5271645617314944
1984,0.010022706552282544,0.9999306302931564,99.99306302931565,1.5271645617314944
1984,0.0110249772075108,0.9999306302931564,99.99306302931565,1.5271645617314944
1984,0.012127474928261881,0.9999306302931564,99.99306302931565,1.5271645617314944
1984,0.01334022242108807,0.9999306302931564,99.99306302931565,1.5271645617314944
1984,0.014674244663196879,0.9999306302931564,99.99306302931565,1.5271645617314944
1984,0.016141669129516565,0.9999306302931564,99.99306302931565,1.5271645617314944
1984,0.017755836042468227,0.9999306302931564,99.99306302931565,1.5271645617314944
1984,0.01953141964671505,0.9999306302931564,99.99306302931565,1.5271645617314944
1984,0.021484561611386555,0.9999306302931564,99.99306302931565,1.5271645617314944
1984,0.023633017772525213,0.9999306302931564,99.99306302931565,1.5271645617314944
1984,0.025996319549777738,0.9999306302931564,99.99306302931565,1.5271645617314944
1984,0.028595951504755513,0.9999306302931564,99.99306302931565,1.5271645617314944
1984,0.031455546655231065,0.9999306302931564,99.99306302931565,1.5271645617314944
1984,0.034601101320754175,0.9999306302931564,99.99306302931565,1.5271645617314944
1984,0.0380612114528296,0.9999306302931564,99.99306302931565,1.5271645617314944
1984,0.04186733259811256,0.9999306302931564,99.99306302931565,1.5271645617314944
1984,0.04605406585792382,0.9999286483015323,99.99286483015322,1.527164131310621
1984,0.05065947244371621,0.9999286483015323,99.99286483015322,1.527164131310621
1984,0.05572541968808783,0.9999167563517877,99.99167563517877,1.527161548763573
1984,0.06129796165689661,0.9999127923685395,99.99127923685394,1.5271606879062496
1984,0.06742775782258628,0.9999127923685395,99.99127923685394,1.5271606879062496
1984,0.07417053360484492,0.9999028824104189,99.9902882410419,1.5271585357447681
1984,0.08158758696532942,0.9999028824104189,99.9902882410419,1.5271585357447681
1984,0.08974634566186238,0.9998949544439225,99.98949544439225,1.5271568139968903
1984,0.09872098022804862,0.9998949544439225,99.98949544439225,1.5271568139968903
1984,0.10859307825085349,0.9998909904606743,99.98909904606744,1.5271559531167203
1984,0.11945238607593883,0.9998890084690502,99.98890084690501,1.527155522675078
1984,0.13139762468353275,0.9998890084690502,99.98890084690501,1.527155522675078
1984,0.14453738715188602,0.9998751345276815,99.98751345276816,1.5271525095545004
1984,0.15899112586707465,0.9998572966030645,99.98572966030646,1.5271486354675547
1984,0.17489023845378213,0.9998533326198163,99.98533326198164,1.5271477745479203
1984,0.19237926229916033,0.9998414406700717,99.98414406700718,1.5271451917640906
1984,0.2116171885290764,0.9998335127035753,99.98335127035753,1.5271434698874318
1984,0.23277890738198406,0.9998196387622066,99.98196387622066,1.5271404565632911
1984,0.2560567981201825,0.999809728804086,99.9809728804086,1.5271383041577449
1984,0.2816624779322007,0.9997938728710932,99.97938728710932,1.5271348602548585
1984,0.3098287257254208,0.999787926896221,99.9787926896221,1.5271335687741374
1984,0.340811598297963,0.999787926896221,99.9787926896221,1.5271335687741374
1984,0.3748927581277593,0.9997601790134835,99.97601790134834,1.527127541740492
1984,0.41238203394053524,0.9997562150302353,99.97562150302353,1.5271266807190649
1984,0.45362023733458884,0.9997324311307461,99.9732431130746,1.5271215145032402
1984,0.4989822610680477,0.9997264851558737,99.97264851558737,1.5271202229259093
1984,0.5488804871748525,0.9996967552815121,99.96967552815121,1.527113764899004
1984,0.6037685358923378,0.9996650434155265,99.96650434155265,1.5271068760793094
1984,0.6641453894815716,0.999655133457406,99.9655133457406,1.5271047232686066
1984,0.7305599284297289,0.9996115296416758,99.96115296416758,1.5270952505929063
1984,0.8036159212727019,0.9996115296416758,99.96115296416758,1.5270952505929063
1984,0.8839775133999721,0.9996036016751794,99.96036016751793,1.5270935282341986
1984,0.9723752647399695,0.9995837817589383,99.95837817589383,1.5270892222646868
1984,1.0696127912139664,0.9995481059097044,99.95481059097044,1.527081471257678
1984,1.176574070335363,0.9995045020939741,99.95045020939742,1.5270719973473694
1984,1.2942314773688997,0.9994608982782439,99.9460898278244,1.5270625229339865
1984,1.4236546251057898,0.9993617986970387,99.93617986970386,1.527040988305099
1984,1.5660200876163688,0.9993340508143013,99.93340508143012,1.5270349581432303
1984,1.7226220963780057,0.9992924289901951,99.92924289901951,1.527025912518293
1984,1.8948843060158065,0.9992508071660889,99.92508071660889,1.5270168664347565
1984,2.0843727366173876,0.9992250412749756,99.92250412749756,1.5270112662484434
1984,2.2928100102791262,0.9991873834341176,99.91873834341176,1.527003081044572
1984,2.522091011307039,0.9991160317356499,99.91160317356498,1.5269875712074592
1984,2.774300112437743,0.9990446800371822,99.90446800371822,1.5269720600220895
1984,3.051730123681518,0.9988147690087862,99.88147690087862,1.526922070361853
1984,3.35690313604967,0.9986641376453543,99.86641376453544,1.5268893109205943
1984,3.692593449654637,0.9983470189854977,99.83470189854977,1.5268203240120513
1984,4.061852794620101,0.9980814321078679,99.8081432107868,1.5267625269490652
1984,4.468038074082111,0.9979189087946915,99.79189087946915,1.526727149363161
1984,4.914841881490323,0.9975581863191046,99.75581863191046,1.5266486033156992
1984,5.4063260696393565,0.9971181841785537,99.71181841785537,1.5265527475811707
1984,5.946958676603292,0.9962738557466856,99.62738557466857,1.5263686639154879
1984,6.541654544263621,0.9954969150300371,99.54969150300371,1.5261991045137862
1984,7.195819998689985,0.9939945653789667,99.39945653789667,1.5258707745947566
1984,7.915401998558984,0.9930214074915319,99.3021407491532,1.5256577739229231
1984,8.706942198414882,0.991239597021463,99.12395970214631,1.5252671193650331
1984,9.577636418256372,0.988536160446186,98.8536160446186,1.5246727664307778
1984,10.53540006008201,0.9866790342944011,98.6679034294401,1.52426332758163
1984,11.588940066090212,0.9826674832472158,98.26674832472158,1.5233756926989384
1984,12.747834072699233,0.97807124467092,97.807124467092,1.5223532429475826
1984,14.022617479969158,0.9746542911109658,97.46542911109658,1.5215893287738378
1984,15.424879227966075,0.9661436190770658,96.61436190770658,1.519672361640536
1984,16.967367150762684,0.9562832107471514,95.62832107471515,1.5174254738810333
1984,18.664103865838953,0.9480262336411366,94.80262336411366,1.5155221179515246
1984,20.53051425242285,0.9351928378750671,93.51928378750671,1.5125233311899409
1984,22.58356567766514,0.9199969080930664,91.99969080930664,1.5089068752210986
1984,24.841922245431654,0.9030488977153582,90.30488977153583,1.504786391879998
1984,27.326114469974822,0.8859423280077219,88.59423280077219,1.5005303942494614
1984,30.058725916972307,0.862291221957296,86.2291221957296,1.4944776810642508
1984,33.06459850866954,0.8388422790525287,83.88422790525287,1.4882726254281333
1984,36.37105835953649,0.8062702287020135,80.62702287020134,1.4792913823309202
1984,40.00816419549015,0.7789405461972517,77.89405461972517,1.4714048893536775
1984,44.008980615039164,0.7474922850976031,74.74922850976031,1.4618977429234057
1984,48.40987867654309,0.7115409390279916,71.15409390279916,1.4504065090112763
1984,53.2508665441974,0.6795595221814592,67.95595221814592,1.4395648862728987
1984,58.57595319861715,0.6437627714585278,64.37627714585278,1.4266550967836702
1984,64.43354851847886,0.6102829689441732,61.02829689441732,1.4137484354426373
1984,70.87690337032676,0.5614506593095138,56.145065930951375,1.3932547821693182
1984,77.96459370735944,0.5286704998384677,52.86704998384677,1.3782068126742872
1984,85.76105307809539,0.4923247374356596,49.232473743565954,1.3600924293900274
1984,94.33715838590494,0.45563410849025754,45.56341084902576,1.3400161021750596
1984,103.77087422449544,0.4234148526488327,42.341485264883275,1.3206264943954202
1984,114.14796164694499,0.3871087300785067,38.71087300785067,1.2964026171760943
1984,125.5627578116395,0.3557892984344248,35.57892984344248,1.2730566808787231
1984,138.11903359280345,0.3268363647895224,32.68363647895224,1.249005787455437
1984,151.93093695208384,0.29292845208436147,29.292845208436148,1.217089393140842
1984,167.12403064729222,0.2680604031767362,26.80604031767362,1.1904702275854597
1984,183.83643371202146,0.23992206808934025,23.992206808934025,1.15616681001879
1984,202.22007708322363,0.21733330954943383,21.733330954943384,1.124555199254597
1984,222.442084791546,0.19498437199604393,19.498437199604393,1.0886745117146341
1984,244.68629327070062,0.17444697478708454,17.444697478708456,1.050484411707604
1984,269.1549225977707,0.15734833304594456,15.734833304594456,1.01373569922829
1984,296.0704148575478,0.13867598995526645,13.867598995526645,0.9668146727906396
1984,325.6774563433026,0.12456024560840206,12.456024560840206,0.9251332835596532
1984,358.2452019776329,0.10949710926521625,10.949710926521625,0.8726786221456692
1984,394.0697221753962,0.0976824571939359,9.76824571939359,0.8237968151731214
1984,433.4766943929359,0.08550311866382053,8.550311866382053,0.7635906198103152
1984,476.8243638322295,0.07549802494534658,7.549802494534657,0.7038503978509386
1984,524.5068002154525,0.06679113574066035,6.679113574066036,0.6413196804837417
1984,576.9574802369978,0.056908925502880826,5.6908925502880825,0.553233808532517
1984,634.6532282606977,0.04943681708001102,4.943681708001102,0.46882189291615767
1984,698.1185510867674,0.04360579772189883,4.360579772189883,0.3870329574592394
1984,767.9304061954442,0.03595927403610792,3.595927403610792,0.2467053224502531
1984,844.7234468149887,0.030259066125186557,3.025906612518656,0.10184401789830924
1984,929.1957914964877,0.025514178177083024,2.5514178177083022,-0.06544644079839648
1984,1022.1153706461365,0.02093775951702828,2.093775951702828,-0.30249915679982464
1984,1124.3269077107502,0.016825126897013733,1.6825126897013734,-0.6533721505330556
1984,1236.7595984818254,0.013620246440838542,1.3620246440838542,-1.1745036449221442
1984,1360.435558330008,0.011120955002844157,1.1120955002844157,-2.241997425352032
1984,1496.479114163009,0.008778240903153944,0.8778240903153943,
1984,1646.12702557931,0.0070261603074465405,0.7026160307446541,
1984,1810.7397281372412,0.005507954723383339,0.5507954723383339,
1984,1991.8137009509653,0.00428308389968744,0.428308389968744,
1984,2190.995071046062,0.0032861421127634315,0.32861421127634316,
1984,2410.0945781506684,0.0025607331783415884,0.2560733178341588,
1984,2651.1040359657354,0.0019225318753802946,0.19225318753802947,
1984,2916.2144395623095,0.0014210879944821352,0.14210879944821353,
1984,3207.835883518541,0.0010821674267604544,0.10821674267604545,
1984,3528.619471870395,0.000719462959549533,0.07194629595495329,
1984,3881.481419057435,0.0005569396463730545,0.05569396463730545,
1984,4269.629560963178,0.00036666845045912834,0.03666684504591283,
1984,4696.5925170594965,0.00026955086087806194,0.026955086087806196,
1984,5166.251768765446,0.0001625233131764785,0.01625233131764785,
1984,5682.876945641992,0.00011495551419799699,0.0114955514197997,
1984,6251.1646402061915,8.918962308465285e-05,0.008918962308465285,
1984,6876.281104226811,4.9549790602584914e-05,0.004954979060258492,
1984,7563.909214649492,3.567584923386114e-05,0.0035675849233861136,
1984,8320.300136114443,3.567584923386114e-05,0.0035675849233861136,
1984,9152.330149725889,2.3783899489240757e-05,0.002378389948924076,
1984,10067.563164698478,1.783792461693057e-05,0.0017837924616930568,
1984,11074.319481168326,1.3873941368723776e-05,0.0013873941368723775,
1984,12181.751429285161,5.945974872310189e-06,0.000594597487231019,
1984,13399.926572213677,5.945974872310189e-06,0.000594597487231019,
1985,0.0016079469879319557,1.0,100.0,1.5271796258079011
1985,0.0017687416867251515,0.9999961099862488,99.99961099862487,1.527178781100148
1985,0.0019456158553976667,0.9999961099862488,99.99961099862487,1.527178781100148
1985,0.0021401774409374338,0.9999961099862488,99.99961099862487,1.527178781100148
1985,0.002354195185031177,0.9999961099862488,99.99961099862487,1.527178781100148
1985,0.0025896147035342947,0.9999961099862488,99.99961099862487,1.527178781100148
1985,0.0028485761738877248,0.9999961099862488,99.99961099862487,1.527178781100148
1985,0.0031334337912764976,0.9999922199724977,99.99922199724976,1.5271779363883955
1985,0.0034467771704041477,0.9999922199724977,99.99922199724976,1.5271779363883955
1985,0.003791454887444563,0.9999922199724977,99.99922199724976,1.5271779363883955
1985,0.004170600376189019,0.9999922199724977,99.99922199724976,1.5271779363883955
1985,0.0045876604138079214,0.9999922199724977,99.99922199724976,1.5271779363883955
1985,0.005046426455188714,0.9999922199724977,99.99922199724976,1.5271779363883955
1985,0.005551069100707586,0.9999922199724977,99.99922199724976,1.5271779363883955
1985,0.006106176010778345,0.9999922199724977,99.99922199724976,1.5271779363883955
1985,0.006716793611856181,0.9999922199724977,99.99922199724976,1.5271779363883955
1985,0.007388472973041798,0.9999922199724977,99.99922199724976,1.5271779363883955
1985,0.00812732027034598,0.9999922199724977,99.99922199724976,1.5271779363883955
1985,0.008940052297380577,0.9999922199724977,99.99922199724976,1.5271779363883955
1985,0.009834057527118637,0.9999922199724977,99.99922199724976,1.5271779363883955
1985,0.0108174632798305,0.9999922199724977,99.99922199724976,1.5271779363883955
1985,0.011899209607813552,0.9999922199724977,99.99922199724976,1.5271779363883955
1985,0.013089130568594908,0.9999922199724977,99.99922199724976,1.5271779363883955
1985,0.014398043625454401,0.9999922199724977,99.99922199724976,1.5271779363883955
1985,0.01583784798799984,0.9999922199724977,99.99922199724976,1.5271779363883955
1985,0.017421632786799826,0.9999922199724977,99.99922199724976,1.5271779363883955
1985,0.01916379606547981,0.9999922199724977,99.99922199724976,1.5271779363883955
1985,0.021080175672027794,0.9999922199724977,99.99922199724976,1.5271779363883955
1985,0.023188193239230576,0.9999922199724977,99.99922199724976,1.5271779363883955
1985,0.025507012563153634,0.9999863849518708,99.99863849518708,1.5271766693132676
1985,0.028057713819468998,0.9999863849518708,99.99863849518708,1.5271766693132676
1985,0.030863485201415904,0.9999824949381196,99.99824949381197,1.5271758245915161
1985,0.03394983372155749,0.9999824949381196,99.99824949381197,1.5271758245915161
1985,0.03734481709371325,0.9999824949381196,99.99824949381197,1.5271758245915161
1985,0.04107929880308458,0.9999766599174928,99.99766599174929,1.5271745575013898
1985,0.04518722868339304,0.9999766599174928,99.99766599174929,1.5271745575013898
1985,0.049705951551732346,0.9999572098487368,99.99572098487369,1.5271703338026401
1985,0.05467654670690558,0.9999572098487368,99.99572098487369,1.5271703338026401
1985,0.06014420137759615,0.9999572098487368,99.99572098487369,1.5271703338026401
1985,0.06615862151535577,0.9999552648418613,99.99552648418613,1.5271699114272654
1985,0.07277448366689136,0.9999377597799808,99.99377597799808,1.527166110003895
1985,0.08005193203358049,0.9999377597799808,99.99377597799808,1.527166110003895
1985,0.08805712523693855,0.9999338697662297,99.99338697662297,1.527165265232146
1985,0.09686283776063241,0.9999338697662297,99.99338697662297,1.527165265232146
1985,0.10654912153669567,0.9999260897387272,99.99260897387272,1.5271635756766477
1985,0.11720403369036524,0.9999260897387272,99.99260897387272,1.5271635756766477
1985,0.12892443705940176,0.9999046946630956,99.99046946630956,1.527158929316525
1985,0.14181688076534196,0.9998871896012153,99.98871896012153,1.527155127659145
1985,0.15599856884187618,0.9998638495187081,99.9863849518708,1.5271500586566236
1985,0.1715984257260638,0.9998638495187081,99.9863849518708,1.5271500586566236
1985,0.18875826829867018,0.9998541244843301,99.98541244843301,1.5271479465297328
1985,0.20763409512853725,0.9998268943880717,99.98268943880717,1.5271420324414118
1985,0.22839750464139097,0.9998171693536937,99.98171693536936,1.5271399202195002
1985,0.2512372551055301,0.9998074443193157,99.98074443193157,1.5271378079725815
1985,0.2763609806160831,0.9997996642918132,99.97996642918132,1.5271361181570413
1985,0.30399707867769143,0.9997918842643109,99.9791884264311,1.5271344283254962
1985,0.3343967865454606,0.9997763242093061,99.9776324209306,1.5271310486143899
1985,0.36783646520000673,0.9997704891886793,99.97704891886792,1.527129781206219
1985,0.40462011172000745,0.9997452040992965,99.97452040992965,1.5271242890001044
1985,0.4450821228920082,0.9997452040992965,99.97452040992965,1.5271242890001044
1985,0.48959033518120904,0.9997238090236649,99.97238090236648,1.5271196416167196
1985,0.53854936869933,0.9996868538930285,99.96868538930285,1.527111614033004
1985,0.592404305569263,0.9996868538930285,99.96868538930285,1.527111614033004
1985,0.6516447361261894,0.9996849088861529,99.96849088861529,1.5271111915185926
1985,0.7168092097388085,0.9996615688036458,99.96615688036458,1.5271061212676091
1985,0.7884901307126894,0.9996615688036458,99.96615688036458,1.5271061212676091
1985,0.8673391437839584,0.9996498987623921,99.9649898762392,1.527103586088084
1985,0.9540730581623543,0.9996304486936362,99.96304486936361,1.5270993607088228
1985,1.0494803639785897,0.9995934935629998,99.95934935629998,1.5270913322125315
1985,1.154428400376449,0.9995565384323634,99.95565384323633,1.527083303354959
1985,1.2698712404140937,0.999529308336105,99.9529308336105,1.527077387123445
1985,1.3968583644555033,0.9994340029992006,99.94340029992006,1.527056678768141
1985,1.536544200901054,0.9993211926004159,99.93211926004159,1.5270321637307978
1985,1.6901986209911593,0.9992258872635115,99.92258872635115,1.5270114501258536
1985,1.8592184830902754,0.9991461419816119,99.91461419816119,1.5269941164860135
1985,2.045140331399303,0.9989496962871763,99.89496962871763,1.5269514093595025
1985,2.2496543645392335,0.9988621709777744,99.88621709777745,1.526932378139779
1985,2.4746198009931573,0.9987902057233772,99.87902057233772,1.5269167287273342
1985,2.722081781092473,0.9986871203589704,99.86871203589705,1.5268943096101537
1985,2.9942899592017205,0.9985431898501761,99.85431898501761,1.5268630027341055
1985,3.2937189551218933,0.9983136790388554,99.83136790388554,1.5268130695943123
1985,3.6230908506340826,0.9980744431931566,99.80744431931566,1.5267610057674266
1985,3.9853999356974907,0.9979285676774867,99.79285676774867,1.5267292520757247
1985,4.38393992926724,0.9973761857248166,99.73761857248165,1.5266089602041997
1985,4.822333922193964,0.9969813493290699,99.698134932907,1.526522927218289
1985,5.304567314413362,0.9963317170326197,99.63317170326197,1.5263812851113914
1985,5.8350240458546985,0.9955498242686288,99.55498242686288,1.526210656527466
1985,6.418526450440169,0.994752371449633,99.4752371449633,1.526036464227731
1985,7.060379095484187,0.9930932805847469,99.30932805847469,1.5256735138906787
1985,7.766417005032606,0.9918037410262245,99.18037410262245,1.5253908980336996
1985,8.543058705535866,0.9897964939306061,98.97964939306061,1.5249500978137074
1985,9.397364576089453,0.9877445116768487,98.77445116768487,1.5244983470093514
1985,10.337101033698401,0.984272674403904,98.4272674403904,1.5237314016572059
1985,11.370811137068241,0.9816041249705818,98.16041249705818,1.5231396635125434
1985,12.507892250775067,0.9774262502017944,97.74262502017945,1.5222092933739104
1985,13.758681475852576,0.971589284568121,97.1589284568121,1.5209013166190537
1985,15.134549623437833,0.9651532568167629,96.51532568167629,1.5194479535626901
1985,16.648004585781617,0.9576552553113276,95.76552553113275,1.517739808741491
1985,18.31280504435978,0.9485390080853936,94.85390080853936,1.5156409079573547
1985,20.14408554879576,0.9336499804526809,93.3649980452681,1.5121594315771785
1985,22.158494103675338,0.9233803441495165,92.33803441495165,1.5097183743842735
1985,24.374343514042874,0.9063148538230082,90.63148538230082,1.5055877386252634
1985,26.811777865447166,0.8869503653695415,88.69503653695415,1.5007839637925786
1985,29.49295565199188,0.86993933523555,86.993933523555,1.4964569652596114
1985,32.44225121719107,0.8450315771866254,84.50315771866254,1.489930894775576
1985,35.68647633891019,0.8199584935532747,81.99584935532746,1.4831189909214086
1985,39.25512397280121,0.7967701215823798,79.67701215823799,1.4765876853771582
1985,43.18063637008133,0.7655508162221354,76.55508162221354,1.467415833551357
1985,47.49870000708947,0.7347808074501543,73.47808074501543,1.4579141121390355
1985,52.24857000779842,0.7034195165879912,70.34195165879912,1.4477112273182688
1985,57.47342700857826,0.6707064459472865,67.07064459472865,1.4364517951119815
1985,63.22076970943609,0.6372309326113468,63.72309326113468,1.424203403941222
1985,69.54284668037971,0.595281024318421,59.5281024318421,1.407676258072642
1985,76.49713134841768,0.5603778759357915,56.03778759357915,1.3927798452369187
1985,84.14684448325946,0.5222713012290499,52.22713012290499,1.3751328257969249
1985,92.56152893158541,0.4891458891307181,48.91458891307181,1.3584286159928076
1985,101.81768182474397,0.45247861951192,45.247861951192,1.3381947560343477
1985,111.99945000721837,0.42005340988880396,42.0053409888804,1.3184963406748398
1985,123.19939500794021,0.3863697808171752,38.63697808171752,1.2958798726433847
1985,135.51933450873426,0.3529428926531255,35.29428926531255,1.2708052724474699
1985,149.0712679596077,0.32427154629991617,32.42715462999162,1.2467437974763629
1985,163.97839475556847,0.2924940239663747,29.24940239663747,1.216649852695314
1985,180.37623423112532,0.2684887491077281,26.848874910772807,1.190955622434684
1985,198.4138576542379,0.24515450162116323,24.515450162116323,1.1629331416352
1985,218.2552434196617,0.2172611580181936,21.72611580181936,1.1244473476376795
1985,240.08076776162787,0.19889640309878495,19.889640309878494,1.095339943292875
1985,264.0888445377907,0.17688087027387642,17.688087027387642,1.0553189664316505
1985,290.4977289915698,0.15785870303051522,15.785870303051523,1.0149100686666797
1985,319.5475018907268,0.14098382337781565,14.098382337781565,0.9730717649761284
1985,351.5022520797995,0.12571746441123668,12.571746441123668,0.9287930314823781
1985,386.6524772877795,0.11224634679083591,11.224634679083591,0.8829866104485753
1985,425.31772501655746,0.09730674897935764,9.730674897935764,0.8221045529494396
1985,467.84949751821324,0.08714214304747567,8.714214304747566,0.7723998164615393
1985,514.6344472700346,0.07531455623695629,7.53145562369563,0.7026460892649834
1985,566.0978919970381,0.06645893993235266,6.6458939932352665,0.6386905825906511
1985,622.7076811967419,0.05757414852461504,5.757414852461504,0.5598949281868725
1985,684.9784493164162,0.049624905424040675,4.962490542404067,0.47119525659995615
1985,753.4762942480579,0.043011882047003035,4.301188204700304,0.37767677135984873
1985,828.8239236728638,0.036105162631749906,3.6105162631749907,0.24986397679208303
1985,911.7063160401501,0.03067859344882784,3.067859344882784,0.11420333535691574
1985,1002.8769476441654,0.026187572573069046,2.6187572573069047,-0.03801357103263089
1985,1103.1646424085818,0.02141647070722395,2.141647070722395,-0.27236636928383884
1985,1213.48110664944,0.017450601687876967,1.7450601687876968,-0.5855688617136855
1985,1334.8292173143843,0.014486411209463625,1.4486411209463625,-0.9925619215576018
1985,1468.312139045823,0.011734226480490608,1.1734226480490608,-1.8330514582957167
1985,1615.1433529504054,0.009194047500957916,0.9194047500957916,
1985,1776.657688245446,0.007509671546688918,0.7509671546688917,
1985,1954.3234570699906,0.006033411328109045,0.6033411328109045,
1985,2149.75580277699,0.004656346460184737,0.4656346460184737,
1985,2364.731383054689,0.003816103489925837,0.38161034899258367,
1985,2601.204521360158,0.002962245471537742,0.2962245471537742,
1985,2861.324973496174,0.0023165031888387724,0.23165031888387724,
1985,3147.457470845792,0.00184775653181934,0.184775653181934,
1985,3462.203217930371,0.0013751198610487088,0.1375119861048709,
1985,3808.4235397234092,0.0011747841528619803,0.11747841528619804,
1985,4189.2658936957505,0.0008927581559000812,0.08927581559000812,
1985,4608.192483065326,0.0007274325714741401,0.07274325714741402,
1985,5069.011731371858,0.0005582169732970006,0.055821697329700055,
1985,5575.912904509045,0.00043762654700984366,0.043762654700984366,
1985,6133.50419495995,0.00032092613447388534,0.032092613447388535,
1985,6746.854614455945,0.0002470158732011118,0.024701587320111178,
1985,7421.540075901541,0.00020033570818672844,0.020033570818672845,
1985,8163.694083491695,0.00016921559817713956,0.016921559817713955,
1985,8980.063491840867,0.00013031546066515345,0.013031546066515345,
1985,9878.069841024953,0.00010503037128236248,0.010503037128236248,
1985,10865.87682512745,6.613023377037638e-05,0.006613023377037638,
1985,11952.464507640196,4.862517188998263e-05,0.0048625171889982634,
1985,13147.710958404215,2.334008250719166e-05,0.002334008250719166,
1985,14462.482054244638,2.1395075631592356e-05,0.0021395075631592355,
1985,15908.730259669104,1.167004125359583e-05,0.001167004125359583,
1985,17499.603285636014,5.835020626797915e-06,0.0005835020626797915,
1985,19249.56361419962,5.835020626797915e-06,0.0005835020626797915,
1985,21174.519975619583,5.835020626797915e-06,0.0005835020626797915,
1985,23291.971973181542,1.945006875599305e-06,0.0001945006875599305,
1985,25621.1691704997,1.945006875599305e-06,0.0001945006875599305,
1985,28183.28608754967,1.945006875599305e-06,0.0001945006875599305,
1986,0.03549713231006227,1.0,100.0,1.5271796258079011
1986,0.0390468455410685,0.9999788837975379,99.99788837975379,1.5271750404238713
1986,0.04295153009517535,0.9999788837975379,99.99788837975379,1.5271750404238713
1986,0.04724668310469289,0.9999788837975379,99.99788837975379,1.5271750404238713
1986,0.05197135141516218,0.9999788837975379,99.99788837975379,1.5271750404238713
1986,0.0571684865566784,0.9999788837975379,99.99788837975379,1.5271750404238713
1986,0.06288533521234625,0.9999788837975379,99.99788837975379,1.5271750404238713
1986,0.06917386873358089,0.9999788837975379,99.99788837975379,1.5271750404238713
1986,0.07609125560693898,0.9999788837975379,99.99788837975379,1.5271750404238713
1986,0.08370038116763288,0.9999788837975379,99.99788837975379,1.5271750404238713
1986,0.09207041928439619,0.9999612869621527,99.99612869621527,1.5271712191804847
1986,0.1012774612128358,0.9999612869621527,99.99612869621527,1.5271712191804847
1986,0.11140520733411939,0.9999542482279987,99.99542482279988,1.527169690660213
1986,0.12254572806753135,0.9999542482279987,99.99542482279988,1.527169690660213
1986,0.1348003008742845,0.9999542482279987,99.99542482279988,1.527169690660213
1986,0.14828033096171295,0.9999542482279987,99.99542482279988,1.527169690660213
1986,0.16310836405788426,0.9999542482279987,99.99542482279988,1.527169690660213
1986,0.1794192004636727,0.9999542482279987,99.99542482279988,1.527169690660213
1986,0.19736112051003998,0.9999542482279987,99.99542482279988,1.527169690660213
1986,0.217097232561044,0.9999472094938446,99.99472094938446,1.5271681621268456
1986,0.23880695581714842,0.9999472094938446,99.99472094938446,1.5271681621268456
1986,0.2626876513988633,0.9999472094938446,99.99472094938446,1.5271681621268456
1986,0.28895641653874965,0.9999472094938446,99.99472094938446,1.5271681621268456
1986,0.31785205819262463,0.9999472094938446,99.99472094938446,1.5271681621268456
1986,0.3496372640118871,0.9999472094938446,99.99472094938446,1.5271681621268456
1986,0.3846009904130759,0.9999472094938446,99.99472094938446,1.5271681621268456
1986,0.4230610894543835,0.9999472094938446,99.99472094938446,1.5271681621268456
1986,0.4653671983998219,0.9999260932913825,99.99260932913825,1.5271635764481664
1986,0.5119039182398041,0.9999260932913825,99.99260932913825,1.5271635764481664
1986,0.5630943100637845,0.9999260932913825,99.99260932913825,1.5271635764481664
1986,0.619403741070163,0.9999260932913825,99.99260932913825,1.5271635764481664
1986,0.6813441151771794,0.9999260932913825,99.99260932913825,1.5271635764481664
1986,0.7494785266948973,0.9999155351901514,99.99155351901514,1.5271612835646262
1986,0.8244263793643871,0.9999155351901514,99.99155351901514,1.5271612835646262
1986,0.906869017300826,0.9999155351901514,99.99155351901514,1.5271612835646262
1986,0.9975559190309088,0.9999155351901514,99.99155351901514,1.5271612835646262
1986,1.0973115109339997,0.9999155351901514,99.99155351901514,1.5271612835646262
1986,1.2070426620273997,0.9999155351901514,99.99155351901514,1.5271612835646262
1986,1.3277469282301397,0.9999155351901514,99.99155351901514,1.5271612835646262
1986,1.460521621053154,0.999859225316919,99.9859225316919,1.5271490543547113
1986,1.6065737831584694,0.9998099541778407,99.98099541778407,1.5271383531083633
1986,1.7672311614743166,0.9998064348107636,99.98064348107636,1.5271375887090624
1986,1.9439542776217482,0.9997853186083014,99.97853186083015,1.5271330022444807
1986,2.1383497053839235,0.9997501249375312,99.97501249375313,1.5271253578748256
1986,2.352184675922316,0.9997360474692232,99.97360474692232,1.5271223000352525
1986,2.5874031435145475,0.9996832569630678,99.96832569630678,1.5271108326700729
1986,2.8461434578660025,0.99957415658368,99.95741565836799,1.5270871311128515
1986,3.1307578036526027,0.9995143273433705,99.95143273433705,1.527074132147832
1986,3.443833584017864,0.9994720949384462,99.94720949384462,1.5270649558375935
1986,3.7882169424196506,0.9994157850652139,99.9415785065214,1.5270527200231054
1986,4.167038636661616,0.9991940649393614,99.91940649393614,1.5270045333454259
1986,4.583742500327778,0.9989547479781237,99.89547479781237,1.526952507720863
1986,5.042116750360556,0.998725989118117,99.8725989118117,1.5269027631609646
1986,5.546328425396611,0.998454997853186,99.84549978531861,1.5268438170410827
1986,6.100961267936274,0.9981030611454836,99.81030611454837,1.5267672345642078
1986,6.711057394729901,0.9976173884888542,99.76173884888541,1.526661496750728
1986,7.382163134202893,0.9970050186174518,99.70050186174518,1.5265280858129924
1986,8.120379447623181,0.9963856100118954,99.63856100118954,1.5263930399039507
1986,8.932417392385501,0.9958189919124945,99.58189919124945,1.5262694140564945
1986,9.825659131624052,0.9950024987506247,99.50024987506248,1.5260911192951798
1986,10.808225044786457,0.993492690274581,99.34926902745809,1.5257609580199263
1986,11.889047549265104,0.9926726777456343,99.26726777456342,1.5255813835752456
1986,13.077952304191616,0.9912156597757459,99.12156597757459,1.5252618654042496
1986,14.385747534610779,0.9888506450999852,98.88506450999853,1.524742007827565
1986,15.824322288071858,0.9871543101688592,98.71543101688593,1.5243682005032613
1986,17.406754516879044,0.9830753637265874,98.30753637265875,1.5234661456873881
1986,19.14742996856695,0.9787465422218469,97.87465422218469,1.5225038316832542
1986,21.06217296542365,0.9760155133700755,97.60155133700755,1.5218940420162677
1986,23.168390261966014,0.9668721977039649,96.6872197703965,1.5198372727464289
1986,25.485229288162618,0.9608118475973281,96.0811847597328,1.518460902779866
1986,28.033752216978883,0.9519958330693808,95.19958330693808,1.5164396822605837
1986,30.837127438676774,0.9383934793166797,93.83934793166797,1.51327590615979
1986,33.92084018254445,0.9274271315046702,92.74271315046701,1.5106842200166293
1986,37.3129242007989,0.9088026409330546,90.88026409330546,1.5061957871631975
1986,41.0442166208788,0.8953269843951264,89.53269843951264,1.5028775448531406
1986,45.14863828296668,0.8682560128386511,86.82560128386511,1.4960231647651254
1986,49.66350211126335,0.8498638004941191,84.98638004941192,1.4912152571703527
1986,54.629852322389695,0.8249607590570912,82.49607590570912,1.4844982427255804
1986,60.092837554628666,0.7975589669953755,79.75589669953756,1.4768136919159705
1986,66.10212131009153,0.7699671291115006,76.99671291115006,1.4687409613141529
1986,72.7123334411007,0.7403622132595674,74.03622132595675,1.4596736367807803
1986,79.98356678521077,0.710011191587305,71.0011191587305,1.4499017394369709
1986,87.98192346373185,0.6687712481787276,66.87712481787275,1.435764526818953
1986,96.78011581010504,0.6360974442356286,63.609744423562866,1.423774780266774
1986,106.45812739111555,0.6087378845788374,60.873788457883734,1.413131667106796
1986,117.10394013022713,0.5654989406705098,56.54989406705098,1.3950368661367678
1986,128.81433414324985,0.5257195345988978,52.57195345988978,1.3767950788012138
1986,141.69576755757484,0.4948124529284653,49.48124529284653,1.3613851144854958
1986,155.86534431333234,0.4578696567209353,45.78696567209353,1.341296853532161
1986,171.4518787446656,0.4169570144505212,41.695701445052116,1.3165149412702766
1986,188.59706661913216,0.38518768784621776,38.51876878462178,1.295040987773189
1986,207.4567732810454,0.35609308022045316,35.60930802204532,1.2732955995754338
1986,228.20245060914996,0.3193016167972352,31.93016167972352,1.242294383653113
1986,251.02269567006496,0.2920335606844465,29.203356068444652,1.216183045949312
1986,276.1249652370715,0.2630797277417629,26.307972774176292,1.1847508528135242
1986,303.7374617607787,0.23622695694406318,23.622695694406318,1.151270496232449
1986,334.11120793685654,0.21254513588276283,21.254513588276282,1.1172931356870193
1986,367.5223287305422,0.19045758810735477,19.045758810735478,1.0807349172177803
1986,404.2745616035965,0.172656629431763,17.2656629431763,1.0468696751776716
1986,444.7020177639562,0.15072393380774401,15.072393380774402,0.9980052047898953
1986,489.1722195403518,0.1357067944900789,13.57067944900789,0.9585497257466942
1986,538.0894414943871,0.11840910530650167,11.840910530650167,0.9048497444322108
1986,591.8983856438259,0.10582032927198373,10.582032927198373,0.8583045875553199
1986,651.0882242082084,0.09232355653159335,9.232355653159335,0.798729076552089
1986,716.1970466290294,0.08103342694849758,8.103342694849758,0.7382527816879579
1986,787.8167512919324,0.07156281014422367,7.156281014422366,0.6770129381701824
1986,866.5984264211256,0.06018469638420226,6.0184696384202265,0.5849119892652889
1986,953.2582690632383,0.05335008552061997,5.335008552061997,0.5153894861425443
1986,1048.5840959695622,0.047525533008143814,4.752553300814381,0.44384059918677904
1986,1153.4425055665185,0.03885733189743157,3.885733189743157,0.3055060444133612
1986,1268.7867561231706,0.033472700269583516,3.3472700269583515,0.18908620511876434
1986,1395.6654317354876,0.027658705858338437,2.7658705858338437,0.01720655912073097
1986,1535.2319749090368,0.022819576127429242,2.281957612742924,-0.19233107328825758
1986,1688.7551723999404,0.01865968424238585,1.865968424238585,-0.4719572472720256
1986,1857.6306896399344,0.015259975645979827,1.5259975645979826,-0.8612148004958617
1986,2043.3937586039283,0.012504311224669355,1.2504311224669356,-1.4983958133734514
1986,2247.733134464321,0.009657143259356238,0.9657143259356238,
1986,2472.5064479107536,0.008024156935616698,0.8024156935616698,
1986,2719.7570927018287,0.006338380105721787,0.6338380105721787,
1986,2991.7328019720126,0.005138275932456307,0.5138275932456307,
1986,3290.9060821692137,0.004124698214273145,0.4124698214273145,
1986,3619.9966903861355,0.003385631128097923,0.3385631128097923,
1986,3981.9963594247492,0.0025691379662281535,0.2569137966228153,
1986,4380.195995367225,0.0020236360692892992,0.20236360692892993,
1986,4818.215594903947,0.0017456060702043346,0.17456060702043347,
1986,5300.037154394343,0.001488692273581519,0.1488692273581519,
1986,5830.040869833777,0.0010980425280317588,0.10980425280317588,
1986,6413.044956817156,0.0008200125289467942,0.08200125289467942,
1986,7054.349452498871,0.0006897959470968741,0.06897959470968741,
1986,7759.78439774876,0.0005947730360172026,0.05947730360172026,
1986,8535.762837523636,0.00042232404924298417,0.04223240492429842,
1986,9389.339121276,0.0003519367077024868,0.03519367077024868,
1986,10328.2730334036,0.00027802999908496456,0.027802999908496457,
1986,11361.100336743963,0.00014429405015801958,0.014429405015801958,
1986,12497.21037041836,0.00013725531600396984,0.013725531600396985,
1986,13746.931407460195,0.00010558101231074604,0.010558101231074604,
1986,15121.624548206219,8.79841769256217e-05,0.00879841769256217,
1986,16633.78700302684,6.686797446347249e-05,0.006686797446347249,
1986,18297.165703329527,5.279050615537302e-05,0.005279050615537302,
1986,20126.88227366248,5.279050615537302e-05,0.005279050615537302,
1986,22139.57050102873,5.279050615537302e-05,0.005279050615537302,
1986,24353.527551131603,3.871303784727355e-05,0.0038713037847273547,
1986,26788.880306244766,3.871303784727355e-05,0.0038713037847273547,
1986,29467.76833686925,3.871303784727355e-05,0.0038713037847273547,
1986,32414.545170556175,3.871303784727355e-05,0.0038713037847273547,
1986,35655.999687611795,2.815493661619894e-05,0.002815493661619894,
1986,39221.59965637298,2.815493661619894e-05,0.002815493661619894,
1986,43143.75962201027,2.815493661619894e-05,0.002815493661619894,
1986,47458.13558421131,1.0558101231074604e-05,0.0010558101231074603,
1986,52203.94914263244,1.0558101231074604e-05,0.0010558101231074603,
1986,57424.344056895694,1.0558101231074604e-05,0.0010558101231074603,
1986,63166.778462585266,1.0558101231074604e-05,0.0010558101231074603,
1986,69483.4563088438,1.0558101231074604e-05,0.0010558101231074603,
1987,0.1700695661251953,1.0,100.0,1.5271796258079011
1987,0.18707652273771486,0.9999931650803957,99.99931650803957,1.5271781416177934
1987,0.20578417501148635,0.9999692428617808,99.99692428617809,1.52717294685518
1987,0.22636259251263502,0.9999692428617808,99.99692428617809,1.52717294685518
1987,0.24899885176389852,0.9999692428617808,99.99692428617809,1.52717294685518
1987,0.2738987369402884,0.9999692428617808,99.99692428617809,1.52717294685518
1987,0.3012886106343173,0.9999213984245511,99.9921398424551,1.527162556876159
1987,0.33141747169774904,0.9999213984245511,99.9921398424551,1.527162556876159
1987,0.36455921886752396,0.9998906412863319,99.98906412863319,1.5271558772843978
1987,0.4010151407542764,0.9998906412863319,99.98906412863319,1.5271558772843978
1987,0.4411166548297041,0.9998701365275191,99.98701365275191,1.5271514240842858
1987,0.4852283203126745,0.9998393793892999,99.98393793892998,1.5271447440756984
1987,0.533751152343942,0.9998222920902893,99.98222920902893,1.5271410328517414
1987,0.5871262675783363,0.9997915349520701,99.979153495207,1.5271343524540724
1987,0.6458388943361699,0.9997915349520701,99.979153495207,1.5271343524540724
1987,0.710422783769787,0.9997368555952361,99.9736855595236,1.5271224755738941
1987,0.7814650621467657,0.9997129333766211,99.97129333766212,1.5271172791901892
1987,0.8596115683614424,0.9996992635374127,99.96992635374127,1.5271143097601199
1987,0.9455727251975867,0.9996582540197871,99.96582540197872,1.5271054011733747
1987,1.0401299977173455,0.9996206619619636,99.96206619619636,1.5270972345780813
1987,1.14414299748908,0.9995181381678998,99.95181381678998,1.5270749601453812
1987,1.2585572972379881,0.9994805461100764,99.94805461100765,1.5270667921566017
1987,1.3844130269617871,0.9994087794542317,99.94087794542317,1.5270511976850787
1987,1.522854329657966,0.9993165080395742,99.93165080395741,1.5270311456473356
1987,1.6751397626237625,0.9991729747278848,99.91729747278848,1.5269999491088173
1987,1.842653738886139,0.9990841207730294,99.90841207730294,1.526980634232235
1987,2.026919112774753,0.9988893255643081,99.8889325564308,1.5269382827622806
1987,2.229611024052229,0.998861985885891,99.88619858858911,1.526932337891849
1987,2.4525721264574516,0.9986603557575654,99.86603557575654,1.5268884883549187
1987,2.697829339103197,0.9985270748252824,99.85270748252823,1.5268594971514164
1987,2.9676122730135166,0.9983903764331972,99.83903764331971,1.526829757690368
1987,3.264373500314869,0.998198998684278,99.8198998684278,1.5267881141171111
1987,3.590810850346356,0.9979256019001076,99.79256019001076,1.526728606436676
1987,3.949891935380992,0.9976829622541565,99.76829622541565,1.526675776746348
1987,4.344881128919091,0.9972797019975053,99.72797019975053,1.526587940683817
1987,4.779369241811001,0.9968320147634263,99.68320147634263,1.5264903771112337
1987,5.257306165992102,0.9963159783333049,99.63159783333049,1.5263778521407543
1987,5.783036782591312,0.9956017292346598,99.56017292346598,1.5262219885456538
1987,6.361340460850444,0.9950139261486937,99.50139261486936,1.5260936158850078
1987,6.997474506935489,0.9940091929668677,99.40091929668678,1.5258739742822136
1987,7.697221957629039,0.9924371614578884,99.24371614578884,1.5255297745052396
1987,8.466944153391943,0.9914939425525007,99.14939425525007,1.525322935857585
1987,9.313638568731138,0.9893648650957743,98.93648650957742,1.5248551680390146
1987,10.245002425604254,0.9869247987970542,98.69247987970542,1.5243175649043255
1987,11.26950266816468,0.9849836816294448,98.49836816294449,1.5238887345284504
1987,12.396452934981149,0.9806093330827196,98.06093330827196,1.5229185715903377
1987,13.636098228479264,0.9766792543102711,97.66792543102711,1.5220424344809271
1987,14.99970805132719,0.9708183107496198,97.08183107496198,1.5207278372229498
1987,16.499678856459912,0.9643524768039916,96.43524768039916,1.5192662979773708
1987,18.149646742105904,0.9578046238231123,95.78046238231123,1.5177739958636007
1987,19.964611416316497,0.9477060301078208,94.77060301078208,1.5154478994227003
1987,21.96107255794815,0.938601917194949,93.8601917194949,1.5133248080266744
1987,24.157179813742964,0.9261350238367821,92.61350238367821,1.5103763930679572
1987,26.572897795117264,0.9131008321514619,91.3100832151462,1.5072415460110564
1987,29.230187574628992,0.8922543273584744,89.22543273584745,1.5021123828011396
1987,32.15320633209189,0.8767253900176,87.67253900176,1.4981954041870222
1987,35.368526965301086,0.8572834612032876,85.72834612032875,1.4931700227892437
1987,38.9053796618312,0.8328417886984605,83.28417886984604,1.4866505614128513
1987,42.79591762801432,0.8094492763528869,80.94492763528869,1.480187404919001
1987,47.07550939081576,0.7854997180595663,78.54997180595663,1.4733283433430693
1987,51.78306032989733,0.757401363566461,75.7401363566461,1.4649456911526673
1987,56.96136636288707,0.7180048869675171,71.80048869675171,1.4525247196039546
1987,62.65750299917579,0.6930095859747449,69.30095859747449,1.4441996981305534
1987,68.92325329909337,0.6620405652478513,66.20405652478513,1.433354872653467
1987,75.81557862900272,0.62621191668233,62.621191668233,1.419995964726119
1987,83.397136491903,0.5973275464347351,59.732754643473505,1.4085157578768197
1987,91.7368501410933,0.5621755549100353,56.21755549100354,1.3935750632191302
1987,100.91053515520265,0.5260188302035097,52.60188302035097,1.3769387126952148
1987,111.00158867072291,0.4937477572920049,49.374775729200486,1.360832871279899
1987,122.1017475377952,0.4536541188934265,45.36541188934265,1.3388751218368757
1987,134.31192229157475,0.423324163149531,42.3324163149531,1.3205693058501888
1987,147.74311452073223,0.3865557131384242,38.655571313842415,1.2960115239570922
1987,162.51742597280548,0.35697759855099703,35.697759855099704,1.273989773790275
1987,178.76916857008604,0.32485689387078587,32.48568938707859,1.2472620564153827
1987,196.64608542709465,0.29533687609999487,29.533687609999486,1.2195109293958568
1987,216.31069396980413,0.26792201356731543,26.792201356731542,1.1903131904388928
1987,237.94176336678456,0.24145720485962785,24.145720485962784,1.158171922832146
1987,261.73593970346303,0.21909334791449517,21.909334791449517,1.1271714951016327
1987,287.9095336738094,0.19286092647335235,19.286092647335234,1.0849812223517779
1987,316.70048704119034,0.17625207183500505,17.625207183500503,1.0540785891889297
1987,348.37053574530944,0.15722707311655246,15.722707311655245,1.0134559148288642
1987,383.2075893198404,0.13912478854467475,13.912478854467475,0.9680426758141926
1987,421.5283482518244,0.1255677255096287,12.556772550962869,0.928322129672549
1987,463.6811830770069,0.10962869299249868,10.962869299249869,0.873180306155524
1987,510.04930138470763,0.09781453445653845,9.781453445653845,0.8243894933365411
1987,561.0542315231785,0.0874664661756916,8.74664661756916,0.7741142531257424
1987,617.1596546754963,0.0744664490883926,7.44664490883926,0.6970214574216013
1987,678.875620143046,0.06605608051535294,6.605608051535294,0.6354751605611333
1987,746.7631821573507,0.05584812808639338,5.584812808639338,0.5423538922207333
1987,821.4395003730859,0.048958529125301166,4.895852912530117,0.4627199817593122
1987,903.5834504103944,0.04186046511627907,4.186046511627907,0.35890217645163847
1987,993.941795451434,0.03511098200707414,3.511098200707414,0.227875431279895
1987,1093.3359749965775,0.030459819216376468,3.045981921637647,0.10779852869306465
1987,1202.6695724962353,0.024988466073167813,2.498846607316781,-0.08792531995234994
1987,1322.936529745859,0.021061804760521503,2.1061804760521503,-0.29453737487336396
1987,1455.230182720445,0.01718640534490713,1.718640534490713,-0.6133501805206535
1987,1600.7532009924896,0.014247389915076123,1.4247389915076123,-1.038490476279831
1987,1760.8285210917386,0.011820993455564479,1.182099345556448,-1.788014704742296
1987,1936.911373200913,0.009637236642003999,0.9637236642003999,
1987,2130.602510521004,0.007610682979341456,0.7610682979341455,
1987,2343.662761573105,0.005922457837089691,0.5922457837089691,
1987,2578.0290377304154,0.0047126770671359975,0.47126770671359974,
1987,2835.8319415034575,0.003588332792235531,0.3588332792235531,
1987,3119.415135653803,0.0029697725680501684,0.29697725680501685,
1987,3431.356649219184,0.0023614647232711927,0.23614647232711927,
1987,3774.4923141411027,0.0019479520872135742,0.19479520872135742,
1987,4151.941545555213,0.0015993711873964083,0.15993711873964084,
1987,4567.135700110735,0.001237120448370726,0.1237120448370726,
1987,5023.849270121809,0.001011568101430207,0.10115681014302069,
1987,5526.23419713399,0.000837277651521624,0.0837277651521624,
1987,6078.857616847389,0.0006356475231960084,0.06356475231960083,
1987,6686.743378532129,0.0004955316713087162,0.04955316713087162,
1987,7355.417716385344,0.00035883327922355316,0.03588332792235532,
1987,8090.959488023877,0.0002904840831809716,0.029048408318097158,
1987,8900.055436826266,0.00017429044990858295,0.017429044990858296,
1987,9790.060980508893,0.00015036823129367942,0.015036823129367941,
1987,10769.067078559783,9.910633426174324e-05,0.009910633426174324,
1987,11845.973786415763,5.126189703193616e-05,0.005126189703193616,
1987,13030.57116505734,4.100951762554893e-05,0.004100951762554893,
1987,14333.628281563077,3.4174598021290774e-05,0.0034174598021290774,
1987,15766.991109719385,3.07571382191617e-05,0.00307571382191617,
1987,17343.690220691326,3.07571382191617e-05,0.00307571382191617,
1987,19078.059242760457,3.07571382191617e-05,0.00307571382191617,
1987,20985.865167036507,2.733967841703262e-05,0.002733967841703262,
1987,23084.451683740157,1.7087299010645387e-05,0.0017087299010645387,
1987,25392.896852114176,6.834919604258155e-06,0.0006834919604258155,
1987,27932.186537325597,6.834919604258155e-06,0.0006834919604258155,
1988,0.020792889057430836,1.0,100.0,1.5271796258079011
1988,0.022872177963173923,0.9999930947095117,99.99930947095118,1.5271781263368223
1988,0.025159395759491315,0.9999827367737792,99.99827367737792,1.5271758771065735
1988,0.027675335335440452,0.9999827367737792,99.99827367737792,1.5271758771065735
1988,0.030442868868984497,0.9999827367737792,99.99827367737792,1.5271758771065735
1988,0.03348715575588295,0.9999827367737792,99.99827367737792,1.5271758771065735
1988,0.036835871331471245,0.9999827367737792,99.99827367737792,1.5271758771065735
1988,0.04051945846461838,0.9999827367737792,99.99827367737792,1.5271758771065735
1988,0.04457140431108022,0.9999620209023143,99.99620209023144,1.5271713785610046
1988,0.04902854474218825,0.9999620209023143,99.99620209023144,1.5271713785610046
1988,0.05393139921640708,0.999955115611826,99.99551156118261,1.5271698790206076
1988,0.059324539138047784,0.999955115611826,99.99551156118261,1.5271698790206076
1988,0.06525699305185256,0.999934399740361,99.99343997403611,1.527165380323793
1988,0.07178269235703784,0.999934399740361,99.99343997403611,1.527165380323793
1988,0.07896096159274162,0.9999205891593844,99.99205891593844,1.527162381129561
1988,0.08685705775201578,0.9999205891593844,99.99205891593844,1.527162381129561
1988,0.09554276352721737,0.9999205891593844,99.99205891593844,1.527162381129561
1988,0.10509703987993912,0.9999205891593844,99.99205891593844,1.527162381129561
1988,0.11560674386793304,0.9999205891593844,99.99205891593844,1.527162381129561
1988,0.12716741825472636,0.9998929679974312,99.98929679974312,1.5271563825898364
1988,0.139884160080199,0.9998860627069429,99.98860627069429,1.5271548829233916
1988,0.15387257608821892,0.9998860627069429,99.98860627069429,1.5271548829233916
1988,0.1692598336970408,0.9998791574164546,99.98791574164547,1.527153383244341
1988,0.18618581706674492,0.9998791574164546,99.98791574164547,1.527153383244341
1988,0.2048043987734194,0.9998791574164546,99.98791574164547,1.527153383244341
1988,0.2252848386507614,0.9998066518663273,99.98066518663273,1.5271376358531799
1988,0.24781332251583754,0.9998066518663273,99.98066518663273,1.5271376358531799
1988,0.27259465476742134,0.9997928412853507,99.97928412853507,1.527134636192507
1988,0.29985412024416347,0.9997928412853507,99.97928412853507,1.527134636192507
1988,0.3298395322685798,0.9997790307043741,99.9779030704374,1.5271316364813996
1988,0.36282348549543786,0.9997686727686417,99.97686727686417,1.527129386664971
1988,0.3991058340449817,0.9997686727686417,99.97686727686417,1.527129386664971
1988,0.43901641744947983,0.9997134304447353,99.97134304447353,1.5271173871648518
1988,0.4829180591944279,0.9996927145732704,99.96927145732704,1.5271128871442345
1988,0.5312098651138708,0.9996789039922936,99.96789039922936,1.5271098870674333
1988,0.5843308516252579,0.9996719987018053,99.96719987018054,1.527108387010115
1988,0.6427639367877838,0.9996616407660729,99.96616407660728,1.5271061369004901
1988,0.7070403304665621,0.999640924894608,99.9640924894608,1.527101636596107
1988,0.7777443635132184,0.999571871989725,99.95718719897249,1.5270866347616316
1988,0.8555187998645403,0.9994682926324003,99.94682926324003,1.5270641296445793
1988,0.9410706798509945,0.9994303135347147,99.94303135347147,1.5270558770570353
1988,1.035177747836094,0.9994130503084938,99.94130503084938,1.5270521257546925
1988,1.1386955226197033,0.9992853024344601,99.928530243446,1.5270243636658454
1988,1.252565074881674,0.9991506492699381,99.91506492699381,1.5269950962467098
1988,1.3778215823698414,0.9990885016555434,99.90885016555434,1.526981586587808
1988,1.5156037406068257,0.9989365852648007,99.89365852648007,1.52694855867052
1988,1.6671641146675085,0.9988157426812553,99.88157426812553,1.5269222820974355
1988,1.8338805261342592,0.9987743109383254,99.87743109383254,1.5269132720958527
1988,2.0172685787476854,0.998608583966606,99.8608583966606,1.526877227539578
1988,2.2189954366224542,0.9983289197018296,99.83289197018296,1.526816385837045
1988,2.4408949802846998,0.9978938864010661,99.78938864010661,1.5267217019407733
1988,2.68498447831317,0.9976142221362897,99.76142221362898,1.5266608071853698
1988,2.953482926144487,0.9971412097378406,99.71412097378406,1.526557765042258
1988,3.248831218758936,0.9969582195399005,99.69582195399005,1.5265178860605262
1988,3.5737143406348304,0.9965577126915787,99.65577126915787,1.5264305726600491
1988,3.931085774698313,0.9962745957815581,99.62745957815581,1.5263688253438228
1988,4.324194352168145,0.9953700027275898,99.53700027275897,1.5261713918892508
1988,4.75661378738496,0.9947174527764446,99.47174527764446,1.5260288328523908
1988,5.232275166123457,0.9939854919846841,99.39854919846842,1.5258687898213643
1988,5.755502682735803,0.9930601830592508,99.30601830592508,1.5256662658152422
1988,6.331052951009383,0.9918310413523321,99.18310413523321,1.5253968858154956
1988,6.964158246110322,0.9907952477790859,99.07952477790859,1.5251695644282206
1988,7.660574070721355,0.9895937272341204,98.95937272341205,1.5249055088404444
1988,8.426631477793492,0.987363318406397,98.7363318406397,1.5244143001584018
1988,9.269294625572842,0.9861341766994783,98.61341766994784,1.5241430252570736
1988,10.196224088130126,0.984217958588973,98.4217958588973,1.523719288314455
1988,11.21584649694314,0.9812417783885123,98.12417783885124,1.5230591638067892
1988,12.337431146637455,0.9780826079901116,97.80826079901117,1.5223557779713122
1988,13.571174261301202,0.9730935356123094,97.30935356123094,1.5212393107666384
1988,14.928291687431322,0.9679974312319384,96.79974312319384,1.5200916678908305
1988,16.421120856174454,0.9626285678772791,96.26285678772791,1.5188746074493567
1988,18.063232941791902,0.9529093715149862,95.29093715149862,1.516650184341169
1988,19.869556235971096,0.9457934696667852,94.57934696667853,1.5150039578112744
1988,21.856511859568208,0.9345102250088906,93.45102250088905,1.51236241999879
1988,24.04216304552503,0.9243490900553459,92.43490900553459,1.509950054557631
1988,26.44637935007753,0.910814720698263,91.08147206982629,1.5066860808543032
1988,29.09101728508529,0.8970248555931126,89.70248555931126,1.5032989779696542
1988,32.000119013593824,0.8797271029199021,87.97271029199021,1.498959133242838
1988,35.200130914953206,0.859632707598927,85.9632707598927,1.49378463442195
1988,38.72014400644853,0.8410989079283093,84.10989079283094,1.4888789652051602
1988,42.592158407093386,0.8102253541550859,81.02253541550859,1.4804054884808164
1988,46.85137424780273,0.7896510411451734,78.96510411451733,1.4745355312479447
1988,51.536511672583,0.7637527491687757,76.37527491687757,1.4668736210661852
1988,56.69016283984131,0.7319090020819451,73.1909002081945,1.4570023507507328
1988,62.35917912382544,0.7070706721955026,70.70706721955025,1.4489276767663062
1988,68.595097036208,0.6724682615585931,67.24682615585931,1.4370753571867723
1988,75.4546067398288,0.6401135229756277,64.01135229756278,1.425289194744884
1988,83.00006741381169,0.6097992977319573,60.97992977319573,1.4135555720165098
1988,91.30007415519287,0.5725694240642468,57.256942406424685,1.3981114879848549
1988,100.43008157071216,0.5369139566278704,53.691395662787045,1.3820987616219962
1988,110.47308972778337,0.5040654897749911,50.406548977499114,1.3661225478826933
1988,121.52039870056173,0.46940438416893104,46.9404384168931,1.3477820748566276
1988,133.6724385706179,0.43435312965028156,43.43531296502815,1.3274125500677736
1988,147.0396824276797,0.4012146405968933,40.12146405968933,1.3061443332663607
1988,161.7436506704477,0.37341048844572267,37.34104884457226,1.2864997787530956
1988,177.9180157374925,0.33867342464429123,33.86734246442912,1.2591571111633022
1988,195.70981731124175,0.3097471627887706,30.97471627887706,1.2334844018976667
1988,215.28079904236594,0.2808692379666682,28.086923796666817,1.2045638664298965
1988,236.80887894660256,0.2563485514426878,25.63485514426878,1.1767926338416772
1988,260.48976684126285,0.23031215365652394,23.031215365652393,1.1432192664821537
1988,286.5387435253891,0.2091923226980351,20.91923226980351,1.1120775373099487
1988,315.1926178779281,0.18879064195033024,18.879064195033024,1.0777473190924165
1988,346.71187966572097,0.16973894549308954,16.973894549308955,1.040868956400814
1988,381.38306763229303,0.15313862715919802,15.313862715919802,1.0038467358081893
1988,419.52137439552234,0.13538167266851497,13.538167266851497,0.9576295469454275
1988,461.4735118350747,0.12266903287954066,12.266903287954065,0.9190488631704729
1988,507.62086301858216,0.10891024158158773,10.891024158158773,0.8704306417145182
1988,558.3829493204405,0.09657739276947033,9.657739276947034,0.818792380041508
1988,614.2212442524846,0.08718619770537198,8.718619770537197,0.77263324511991
1988,675.6433686777331,0.07599962711431363,7.599962711431363,0.7071207641432095
1988,743.2077055455064,0.06727824522758111,6.727824522758111,0.6451389269837551
1988,817.5284761000571,0.05908511806320412,5.908511806320412,0.5745854613448822
1988,899.2813237100629,0.0505881581173416,5.05881581173416,0.4831249338082789
1988,989.2094560810692,0.04478426146191905,4.4784261461919055,0.4049794422253548
1988,1088.1304016891763,0.03822078285278266,3.8220782852782658,0.29326222073425295
1988,1196.943441858094,0.03263785549298595,3.263785549298595,0.16795868035378664
1988,1316.6377860439036,0.027724741310555082,2.772474131055508,0.019547800370553283
1988,1448.301564648294,0.02367133579391851,2.367133579391851,-0.1488715819981445
1988,1593.1317211131234,0.019845804863396092,1.9845804863396093,-0.37774165426978296
1988,1752.444893224436,0.01576477818480629,1.5764778184806287,-0.7870334889910072
1988,1927.6893825468799,0.013420432064025854,1.3420432064025853,-1.2235184705279225
1988,2120.458320801568,0.010841306066642959,1.084130606664296,-2.516045903557484
1988,2332.5041528817246,0.008686855434290982,0.8686855434290982,
1988,2565.7545681698975,0.0067809952595180795,0.678099525951808,
1988,2822.3300249868876,0.005589832650285016,0.5589832650285016,
1988,3104.5630274855766,0.0045505864317947195,0.4550586431794719,
1988,3415.0193302341345,0.003587298408675807,0.3587298408675807,
1988,3756.5212632575485,0.002744852969102278,0.27448529691022777,
1988,4132.173389583303,0.0023857778637102816,0.23857778637102817,
1988,4545.390728541634,0.001909312820017056,0.19093128200170562,
1988,4999.929801395798,0.0013948686786381386,0.13948686786381387,
1988,5499.922781535378,0.001191162609233064,0.11911626092330639,
1988,6049.915059688917,0.000866613956282606,0.0866613956282606,
1988,6654.906565657809,0.0007077922750515308,0.07077922750515307,
1988,7320.397222223591,0.0005489705938204556,0.05489705938204555,
1988,8052.436944445949,0.00043158065551922607,0.04315806555192261,
1988,8857.680638890546,0.0003176433624621504,0.03176433624621504,
1988,9743.4487027796,0.00023823252184661278,0.02382325218466128,
1988,10717.793573057563,0.00019334813367261327,0.01933481336726133,
1988,11789.572930363318,0.0001657269717193828,0.01657269717193828,
1988,12968.530223399652,0.00013465316452199852,0.013465316452199852,
1988,14265.383245739618,8.976877634799902e-05,0.008976877634799901,
1988,15691.92157031358,5.8694969150614745e-05,0.005869496915061475,
1988,17261.113727344942,3.4526452441538086e-05,0.0034526452441538086,
1988,18987.22510007944,3.4526452441538086e-05,0.0034526452441538086,
1988,20885.947610087384,2.7621161953230468e-05,0.0027621161953230466,
1988,22974.542371096122,1.7263226220769043e-05,0.0017263226220769043,
1988,25271.996608205733,1.0357935732461425e-05,0.0010357935732461425,
1988,27799.19626902631,1.0357935732461425e-05,0.0010357935732461425,
1988,30579.115895928942,1.0357935732461425e-05,0.0010357935732461425,
1988,33637.027485521845,1.0357935732461425e-05,0.0010357935732461425,
1988,37000.73023407403,1.0357935732461425e-05,0.0010357935732461425,
1989,1.249695507469442,0.9995597351366582,99.95597351366582,1.5270839978839883
1989,1.3746650582163864,0.9995509298393914,99.95509298393914,1.5270820848026132
1989,1.512131564038025,0.9995509298393914,99.95509298393914,1.5270820848026132
1989,1.663344720441828,0.9995509298393914,99.95509298393914,1.5270820848026132
1989,1.8296791924860105,0.9995509298393914,99.95509298393914,1.5270820848026132
1989,2.0126471117346116,0.9995509298393914,99.95509298393914,1.5270820848026132
1989,2.213911822908073,0.9995333192448577,99.95333192448577,1.5270782585783238
1989,2.435303005198881,0.9995245139475909,99.9524513947591,1.5270763454354088
1989,2.6788333057187694,0.9995245139475909,99.9524513947591,1.5270763454354088
1989,2.9467166362906463,0.9995245139475909,99.9524513947591,1.5270763454354088
1989,3.2413882999197114,0.999515708650324,99.95157086503241,1.5270744322719798
1989,3.565527129911682,0.9994892927585235,99.94892927585235,1.5270686926586043
1989,3.922079842902851,0.9994892927585235,99.94892927585235,1.5270686926586043
1989,4.314287827193136,0.9994804874612567,99.94804874612568,1.527066779413115
1989,4.745716609912451,0.9994540715694562,99.94540715694562,1.527061039553549
1989,5.220288270903696,0.9994188503803888,99.94188503803888,1.5270533861202165
1989,5.742317097994066,0.9993836291913215,99.93836291913215,1.527045732358581
1989,6.316548807793474,0.999357213299521,99.9357213299521,1.52703999182189
1989,6.948203688572821,0.9993131868131868,99.93131868131869,1.5270304238502965
1989,7.643024057430104,0.9992603550295858,99.92603550295857,1.527018941607093
1989,8.407326463173115,0.999198717948718,99.9198717948718,1.5270055447227369
1989,9.248059109490427,0.9991194702733164,99.91194702733164,1.5269883186790183
1989,10.17286502043947,0.9990138067061144,99.90138067061145,1.5269653480335401
1989,11.190151522483418,0.998925753733446,99.8925753733446,1.5269462035698562
1989,12.309166674731761,0.9986615948154409,99.86615948154409,1.526888757852089
1989,13.54008334220494,0.9983269935193012,99.83269935193012,1.5268159667189938
1989,14.894091676425434,0.9980892504930966,99.80892504930966,1.5267642286548604
1989,16.383500844067978,0.9975609326570865,99.75609326570864,1.5266492014517161
1989,18.021850928474777,0.9970590307128768,99.70590307128768,1.5265398569018493
1989,19.824036021322257,0.9967508453085376,99.67508453085377,1.526472682304275
1989,21.806439623454484,0.9958262890955198,99.58262890955199,1.5262710067144416
1989,23.987083585799937,0.995069033530572,99.5069033530572,1.5261056549273715
1989,26.38579194437993,0.9945054945054945,99.45054945054946,1.5259825029842764
1989,29.024371138817923,0.9930790363482671,99.30790363482672,1.5256703945605825
1989,31.926808252699722,0.9920576218653142,99.20576218653142,1.5254465739872751
1989,35.119489077969696,0.990569526627219,99.0569526627219,1.5251199879288964
1989,38.63143798576667,0.9898034657650042,98.98034657650042,1.5249516307421296
1989,42.49458178434334,0.9870386024232178,98.70386024232178,1.5243426744491837
1989,46.74403996277768,0.9850045787545788,98.50045787545788,1.523893356586853
1989,51.41844395905545,0.9821868836291914,98.21868836291914,1.5232690545597884
1989,56.560288354961,0.9795805156382079,97.95805156382079,1.5226896299446395
1989,62.216317190457104,0.9760055649478726,97.60055649478726,1.5218918169138813
1989,68.43794890950282,0.9712947309101155,97.12947309101155,1.520835057923325
1989,75.28174380045311,0.9687588052972669,96.87588052972669,1.520263596589719
1989,82.80991818049843,0.960605100028177,96.0605100028177,1.518413761666237
1989,91.09090999854828,0.9567219639335024,95.67219639335023,1.5175260518338185
1989,100.20000099840311,0.9498098055790364,94.98098055790364,1.5159349653192886
1989,110.22000109824342,0.9451341927303466,94.51341927303466,1.514850673252868
1989,121.24200120806779,0.9371389828120598,93.71389828120597,1.5129813069858198
1989,133.36620132887458,0.9283072696534235,92.83072696534235,1.5108936012564258
1989,146.70282146176203,0.9229360383206537,92.29360383206537,1.5096120172499197
1989,161.37310360793828,0.9075443786982249,90.7544378698225,1.5058885055273958
1989,177.5104139687321,0.9015039447731755,90.15039447731755,1.504406081737471
1989,195.26145536560531,0.8927074528036066,89.27074528036066,1.5022254237692736
1989,214.78760090216588,0.8732389405466329,87.32389405466328,1.4973043169261138
1989,236.26636099238246,0.862725415610031,86.2725415610031,1.4945906222262844
1989,259.89299709162077,0.8411436320090167,84.11436320090166,1.4888909620842905
1989,285.88229680078285,0.8166208791208791,81.66208791208791,1.4821929709294637
1989,314.47052648086117,0.8044255424063116,80.44255424063115,1.478769461738052
1989,345.9175791289473,0.7677250633981403,76.77250633981403,1.4680693949172767
1989,380.50933704184206,0.7559787968441815,75.59787968441815,1.4645111496533085
1989,418.5602707460263,0.7108516483516484,71.08516483516483,1.4501792302979954
1989,460.416297820629,0.6966398985629755,69.66398985629755,1.4454316513935583
1989,506.45792760269194,0.6541015074668921,65.41015074668921,1.4304733043647104
1989,557.1037203629612,0.6336115807269653,63.36115807269653,1.4228314344640147
1989,612.8140923992573,0.6042371090448013,60.42371090448013,1.4113238907403058
1989,674.0955016391831,0.5629578754578755,56.29578754578755,1.393920138523506
1989,741.5050518031015,0.5446868836291914,54.46868836291914,1.385700687709496
1989,815.6555569834117,0.5014792899408284,50.14792899408283,1.3648095100964797
1989,897.2211126817529,0.4867920540997464,48.67920540997464,1.3571878324931541
1989,986.9432239499282,0.4614151873767258,46.141518737672584,1.3433120055486147
1989,1085.6375463449212,0.4172302056917441,41.723020569174416,1.3166905070832522
1989,1194.2013009794134,0.3850556494787264,38.50556494787264,1.2949470817536552
1989,1313.6214310773548,0.36761235559312483,36.76123555931248,1.2821675032039488
1989,1444.9835741850904,0.3401838546069315,34.01838546069315,1.2604196177756692
1989,1589.4819316035996,0.3270903775711468,32.70903775711468,1.2492285651943855
1989,1748.4301247639596,0.2925383910960834,29.253839109608343,1.2166947807201858
1989,1923.273137240356,0.27288496759650605,27.288496759650606,1.1958797182563163
1989,2115.6004509643917,0.24633699633699635,24.633699633699635,1.1644360489335122
1989,2327.160496060831,0.22982706396167935,22.982706396167934,1.1425468859448993
1989,2559.8765456669144,0.20657227387996618,20.657227387996617,1.1079238851281261
1989,2815.864200233606,0.18835411383488307,18.835411383488307,1.0769591021397829
1989,3097.4506202569664,0.1739750633981403,17.397506339814033,1.0495364924609316
1989,3407.1956822826637,0.1546034094111017,15.46034094111017,1.007329290747194
1989,3747.91525051093,0.14445090166244012,14.445090166244013,0.9822112635714528
1989,4122.706775562024,0.12197978303747535,12.197978303747535,0.9167986929199947
1989,4534.977453118227,0.11527014652014653,11.527014652014653,0.8939197084050808
1989,4988.475198430049,0.10133136094674557,10.133136094674557,0.8397598876422163
1989,5487.322718273055,0.09174239222316145,9.174239222316146,0.7958840197661511
1989,6036.0549901003615,0.07953825021132714,7.953825021132714,0.7293117610375736
1989,6639.660489110397,0.0709266694843618,7.09266694843618,0.672465494342663
1989,7303.626538021437,0.0656787123133277,6.56787123133277,0.6324358684375626
1989,8033.989191823583,0.051361298957452804,5.13612989574528,0.49243750824101545
1989,8837.388111005941,0.04880776275007044,4.880776275007044,0.4607763636436776
1989,9721.126922106536,0.044132149901380674,4.4132149901380675,0.3951476972383071
1989,10693.239614317192,0.03702627500704424,3.702627500704424,0.2692961089693152
1989,11762.56357574891,0.034560791772330235,3.4560791772330237,0.21522005174286551
1989,12938.819933323803,0.028088898281205973,2.808889828120597,0.032263225795845236
1989,14232.701926656186,0.024161735700197237,2.4161735700197235,-0.1253533590712813
1989,15655.972119321803,0.02256797689489997,2.256797689489997,-0.20586020146718365
1989,17221.569331253984,0.017390462102000563,1.7390462102000563,-0.5917884070234256
1989,18943.726264379387,0.015567765567765568,1.5567765567765568,-0.8150495983184792
1989,20838.098890817328,0.011860735418427725,1.1860735418427726,-1.7681505248492642
1989,22921.90877989906,0.010566356720202874,1.0566356720202874,-2.898787678897952
1989,25214.099657888968,0.008488306565229642,0.8488306565229642,
1989,27735.50962367787,0.007449281487743026,0.7449281487743026,
1989,30509.060586045656,0.006322203437588053,0.6322203437588053,
1989,33559.96664465023,0.00507185122569738,0.5071851225697379,
1989,36915.96330911525,0.0046403916596224285,0.46403916596224287,
1989,40607.55964002678,0.003143491124260355,0.3143491124260355,
1989,44668.315604029456,0.002984995773457312,0.2984995773457312,
1989,49135.14716443241,0.0023510143702451395,0.23510143702451394,
1989,54048.66188087566,0.0020252183713722173,0.20252183713722174,
1989,59453.52806896323,0.0017962806424344886,0.17962806424344885,
1989,65398.880875859555,0.001329599887292195,0.1329599887292195,
1989,71938.76896344552,0.0011711045364891518,0.11711045364891517,
1989,79132.64585979008,0.0010918568610876302,0.10918568610876302,
1989,87045.91044576908,0.0007572555649478726,0.07572555649478727,
1989,95750.501490346,0.0006603972950126796,0.06603972950126796,
1989,105325.55163938062,0.0005723443223443224,0.05723443223443224,
1989,115858.10680331869,0.000519512538743308,0.0519512538743308,
1989,127443.91748365057,0.0003522118906734291,0.03522118906734291,
1989,140188.30923201563,0.000290574809805579,0.029057480980557902,
1989,154207.1401552172,0.00027296421527190756,0.027296421527190754,
1989,169627.85417073895,0.00017610594533671456,0.017610594533671454,
1989,186590.63958781285,0.00016730064806987885,0.016730064806987886,
1989,205249.70354659416,0.0001232741617357002,0.01232741617357002,
1989,225774.67390125358,0.00011446886446886447,0.011446886446886446,
1989,248352.14129137894,7.924767540152156e-05,0.007924767540152155,
1989,273187.3554205169,6.16370808678501e-05,0.00616370808678501,
1989,300506.0909625686,4.402648633417864e-05,0.004402648633417864,
1989,330556.7000588255,4.402648633417864e-05,0.004402648633417864,
1989,363612.37006470805,4.402648633417864e-05,0.004402648633417864,
1989,399973.6070711789,1.7610594533671456e-05,0.0017610594533671456,
1989,439970.96777829685,1.7610594533671456e-05,0.0017610594533671456,
1989,483968.06455612654,8.805297266835728e-06,0.0008805297266835728,
1990,0.6988011217925096,0.9983072073239193,99.83072073239192,1.5268116613838065
1990,0.7686812339717607,0.9982985706265924,99.82985706265924,1.5268097820674194
1990,0.8455493573689368,0.9982985706265924,99.82985706265924,1.5268097820674194
1990,0.9301042931058306,0.9982985706265924,99.82985706265924,1.5268097820674194
1990,1.0231147224164137,0.9982985706265924,99.82985706265924,1.5268097820674194
1990,1.125426194658055,0.9982985706265924,99.82985706265924,1.5268097820674194
1990,1.2379688141238607,0.9982985706265924,99.82985706265924,1.5268097820674194
1990,1.361765695536247,0.9982985706265924,99.82985706265924,1.5268097820674194
1990,1.497942265089872,0.9982985706265924,99.82985706265924,1.5268097820674194
1990,1.6477364915988593,0.9982985706265924,99.82985706265924,1.5268097820674194
1990,1.8125101407587454,0.9982985706265924,99.82985706265924,1.5268097820674194
1990,1.9937611548346197,0.9982985706265924,99.82985706265924,1.5268097820674194
1990,2.193137270318082,0.9982985706265924,99.82985706265924,1.5268097820674194
1990,2.4124509973498904,0.9982985706265924,99.82985706265924,1.5268097820674194
1990,2.6536960970848797,0.9982985706265924,99.82985706265924,1.5268097820674194
1990,2.919065706793368,0.9982899339292655,99.82899339292655,1.5268079027312413
1990,3.2109722774727048,0.9982726605346116,99.82726605346116,1.5268041439995117
1990,3.532069505219976,0.9982553871399577,99.82553871399577,1.5268003851886145
1990,3.8852764557419737,0.9982467504426308,99.82467504426307,1.5267985057534772
1990,4.273804101316172,0.99822084035065,99.82208403506499,1.5267928673293056
1990,4.701184511447789,0.9981949302586691,99.81949302586692,1.5267872287269864
1990,5.171302962592568,0.9981949302586691,99.81949302586692,1.5267872287269864
1990,5.688433258851825,0.9981776568640152,99.81776568640151,1.5267834695597975
1990,6.257276584737008,0.9981603834693613,99.81603834693612,1.5267797103134242
1990,6.883004243210709,0.9981171999827266,99.81171999827266,1.5267703118510387
1990,7.571304667531781,0.9980826531934188,99.80826531934188,1.5267627927247538
1990,8.328435134284959,0.9980135596148033,99.80135596148033,1.526747753521742
1990,9.161278647713457,0.9979703761281686,99.79703761281687,1.5267383533762597
1990,10.077406512484803,0.9979358293388608,99.79358293388609,1.5267308329033795
1990,11.085147163733284,0.9978149155762837,99.78149155762837,1.5267045087524618
1990,12.193661880106612,0.9977371853003412,99.77371853003412,1.5266875840335032
1990,13.413028068117276,0.9976594550243987,99.76594550243986,1.526670657709462
1990,14.754330874929003,0.9975212678671675,99.75212678671676,1.5266405625026782
1990,16.229763962421906,0.9972880770393402,99.72880770393402,1.5265897653316967
1990,17.8527403586641,0.9972448935527054,99.72448935527053,1.526580356861531
1990,19.63801439453051,0.9968562421729931,99.6856242172993,1.526495658306578
1990,21.601815833983565,0.9965971412531848,99.65971412531847,1.5264391702681748
1990,23.76199741738192,0.9962171265707993,99.62171265707993,1.5263562887987363
1990,26.138197159120118,0.9957939284017792,99.57939284017792,1.526263943673066
1990,28.75201687503213,0.9953102733514704,99.53102733514704,1.5261583478685483
1990,31.627218562535347,0.9950079889450274,99.50079889450274,1.5260923187644904
1990,34.78994041878888,0.9938420348058902,99.38420348058902,1.525837406131653
1990,38.26893446066777,0.9933065595716198,99.33065595716198,1.5257202131148857
1990,42.095827906734556,0.9920456017618863,99.20456017618862,1.52544393837525
1990,46.30541069740802,0.9905255430323444,99.05255430323444,1.525110325945119
1990,50.93595176714882,0.9895236861424191,98.95236861424192,1.524890104020033
1990,56.02954694386371,0.9873817852053375,98.73817852053375,1.5244183726947367
1990,61.632501638250076,0.9859135466597573,98.59135466597573,1.5240942880208566
1990,67.7957518020751,0.9832275337910783,98.32275337910784,1.5234998797414276
1990,74.57532698228262,0.9806710713823034,98.06710713823034,1.5229323008417228
1990,82.03285968051088,0.9760504383123894,97.60504383123893,1.5219018532444748
1990,90.23614564856197,0.9741071814138273,97.41071814138273,1.5214667106939077
1990,99.25976021341818,0.9693310877920284,96.93310877920284,1.5203927174537875
1990,109.18573623476,0.963406313425746,96.3406313425746,1.5190514253168224
1990,120.10430985823602,0.9605734767025089,96.05734767025089,1.5184065500493136
1990,132.1147408440596,0.9517122252450663,95.17122252450663,1.5163742818199875
1990,145.32621492846562,0.9461070086798808,94.61070086798809,1.5150768111770532
1990,159.85883642131216,0.942799153603662,94.27991536036619,1.514306716281653
1990,175.84472006344342,0.9298613810079026,92.98613810079026,1.5112627268775485
1990,193.42919206978777,0.9227965625944639,92.27965625944638,1.5095786169067889
1990,212.77211127676654,0.9100401606425703,91.00401606425703,1.5064974966634692
1990,234.04932240444322,0.8940709072850542,89.40709072850542,1.5025651413766496
1990,257.45425464488756,0.8797944466036188,87.97944466036188,1.4989762309896453
1990,283.19968010937635,0.8576931381439737,85.76931381439738,1.493277351155196
1990,311.51964812031406,0.8482877747549337,84.82877747549337,1.490797348712214
1990,342.67161293234545,0.8139569028803385,81.39569028803385,1.4814505124129826
1990,376.93877422558,0.8027723798419485,80.27723798419485,1.4783004790994096
1990,414.6326516481381,0.769529731830548,76.9529731830548,1.4686101366611033
1990,456.0959168129519,0.7490089389817334,74.90089389817334,1.4623674676511038
1990,501.7055084942471,0.7133566524161161,71.33566524161161,1.4510039026613246
1990,551.8760593436718,0.6873256466727123,68.73256466727123,1.4422547338763116
1990,607.0636652780391,0.6708122813835989,67.08122813835989,1.4364893108182444
1990,667.7700318058431,0.6221272185516259,62.21272185516259,1.418412872437496
1990,734.5470349864274,0.6042665284795095,60.42665284795095,1.4113357616390803
1990,808.0017384850703,0.5851362439003325,58.51362439003325,1.4034610720167784
1990,888.8019123335773,0.5512544802867384,55.12544802867384,1.3886943441648159
1990,977.6821035669352,0.5150839918815046,51.508399188150456,1.3716234895900805
1990,1075.450313923629,0.4901239366066416,49.01239366066416,1.3589419714385398
1990,1182.995345315992,0.46160556203307856,46.160556203307856,1.3434196548715711
1990,1301.294879847591,0.4199421341279095,41.99421341279095,1.318425455845877
1990,1431.4243678323503,0.40290193030185256,40.29019303018526,1.3072803985389045
1990,1574.5668046155856,0.3851880640842942,38.51880640842942,1.2950412552960642
1990,1732.023485077144,0.34283370039296973,34.283370039296976,1.2626172263023367
1990,1905.2258335848585,0.3293345424709591,32.93345424709591,1.2511871525635039
1990,2095.7484169433446,0.2959796173943084,29.59796173943084,1.2201528482196229
1990,2305.3232586376794,0.27192641533877443,27.192641533877442,1.1948149200762406
1990,2535.8555845014475,0.24733773804897008,24.73377380489701,1.1657005783095158
1990,2789.4411429515926,0.22436412315930387,22.436412315930387,1.1348430199000255
1990,3068.385257246752,0.20928444962646284,20.928444962646285,1.1122223293401428
1990,3375.2237829714277,0.17771732089648917,17.771732089648918,1.0569597792628571
1990,3712.74616126857,0.1680787666796217,16.80787666796217,1.0373918568690752
1990,4084.0207773954276,0.14654748024355488,14.654748024355488,0.9875929699875081
1990,4492.4228551349715,0.13515567646931814,13.515567646931814,0.9569881157889237
1990,4941.665140648468,0.11687178822818155,11.687178822818154,0.8995483221773299
1990,5435.831654713315,0.10421902664421126,10.421902664421125,0.8518203116751037
1990,5979.414820184648,0.0950727641749795,9.50727641749795,0.8118442179934836
1990,6577.356302203113,0.07905169063350174,7.905169063350175,0.7263483013629084
1990,7235.091932423425,0.07447424105022239,7.44742410502224,0.6970735696400563
1990,7958.601125665768,0.06708986483568684,6.708986483568684,0.6436669226318537
1990,8754.461238232345,0.05467893077687092,5.467893077687092,0.5299770770238705
1990,9629.907362055581,0.05157835643649868,5.157835643649868,0.495011462024069
1990,10592.898098261141,0.04292438571490262,4.292438571490262,0.3762800047774852
1990,11652.187908087257,0.03756963337219847,3.756963337219847,0.2803636137569051
1990,12817.40669889598,0.033389471865958455,3.3389471865958456,0.18702343868918492
1990,14099.14736878558,0.02749924428898389,2.7499244288983893,0.01150697103647234
1990,15509.062105664141,0.025175972708036447,2.5175972708036447,-0.07979567357496684
1990,17059.968316230556,0.01872435980481064,1.8724359804810642,-0.46642564348493687
1990,18765.965147853614,0.017290668048538238,1.7290668048538238,-0.6022433420503234
1990,20642.561662638975,0.014311007470743188,1.431100747074319,-1.0259831127418164
1990,22706.817828902876,0.011789091851276072,1.1789091851276072,-1.8043002275193267
1990,24977.499611793162,0.00951764045429028,0.9517640454290279,
1990,27475.249572972483,0.00804940190871011,0.804940190871011,
1990,30222.774530269737,0.0072116422679967184,0.7211642267996718,
1990,33245.05198329671,0.005147471606857538,0.5147471606857538,
1990,36569.557181626384,0.004655179859221833,0.4655179859221833,
1990,40226.51289978903,0.00388651379712398,0.388651379712398,
1990,44249.16418976793,0.003057390853737531,0.3057390853737531,
1990,48674.08060874473,0.0021678110290624863,0.21678110290624863,
1990,53541.488669619204,0.0020209871745044696,0.20209871745044697,
1990,58895.63753658114,0.001511422032214881,0.1511422032214881,
1990,64785.20129023925,0.0014250550589454593,0.14250550589454594,
1990,71263.72141926318,0.0009673101006175238,0.09673101006175239,
1990,78390.09356118951,0.0008463963380403334,0.08463963380403333,
1990,86229.10291730847,0.0006304789048667789,0.06304789048667789,
1990,94852.01320903932,0.0005613853262512415,0.05613853262512415,
1990,104337.21452994326,0.0004145614716932245,0.04145614716932245,
1990,114770.93598293759,0.00036274128773157145,0.036274128773157145,
1990,126248.02958123137,0.00034546789307768707,0.03454678930776871,
1990,138872.8325393545,0.0002677376171352075,0.02677376171352075,
1990,152760.11579328997,0.0002245541305004966,0.02245541305004966,
1990,168036.127372619,0.00012955045990413266,0.012955045990413265,
1990,184839.7401098809,0.00012955045990413266,0.012955045990413265,
1990,203323.714120869,9.500367059636395e-05,0.009500367059636394,
1990,223656.0855329559,8.636697326942177e-05,0.008636697326942177,
1990,246021.69408625155,6.909357861553742e-05,0.006909357861553743,
1990,270623.8634948767,6.045688128859524e-05,0.006045688128859524,
1990,297686.2498443644,6.045688128859524e-05,0.006045688128859524,
1990,327454.87482880085,3.454678930776871e-05,0.0034546789307768715,
1990,360200.362311681,1.7273394653884356e-05,0.0017273394653884357,
1990,396220.3985428491,1.7273394653884356e-05,0.0017273394653884357,
1990,435842.4383971341,1.7273394653884356e-05,0.0017273394653884357,
1990,479426.68223684747,1.7273394653884356e-05,0.0017273394653884357,
1990,527369.3504605322,8.636697326942178e-06,0.0008636697326942179,
1990,580106.2855065856,8.636697326942178e-06,0.0008636697326942179,
1990,638116.9140572442,8.636697326942178e-06,0.0008636697326942179,
1990,701928.6054629687,8.636697326942178e-06,0.0008636697326942179,
1990,772121.4660092656,8.636697326942178e-06,0.0008636697326942179,
1992,0.00019907914672198825,0.9853741496598639,98.53741496598639,1.5239750791242337
1992,0.0002189870613941871,0.9853610675039246,98.53610675039246,1.523972186928372
1992,0.00024088576753360583,0.9853610675039246,98.53610675039246,1.523972186928372
1992,0.00026497434428696646,0.9853610675039246,98.53610675039246,1.523972186928372
1992,0.0002914717787156631,0.9853610675039246,98.53610675039246,1.523972186928372
1992,0.0003206189565872294,0.9853610675039246,98.53610675039246,1.523972186928372
1992,0.0003526808522459524,0.9853610675039246,98.53610675039246,1.523972186928372
1992,0.0003879489374705477,0.9853610675039246,98.53610675039246,1.523972186928372
1992,0.0004267438312176025,0.9853610675039246,98.53610675039246,1.523972186928372
1992,0.00046941821433936276,0.9853610675039246,98.53610675039246,1.523972186928372
1992,0.0005163600357732991,0.9853610675039246,98.53610675039246,1.523972186928372
1992,0.000567996039350629,0.9853610675039246,98.53610675039246,1.523972186928372
1992,0.000624795643285692,0.9853610675039246,98.53610675039246,1.523972186928372
1992,0.0006872752076142613,0.9853610675039246,98.53610675039246,1.523972186928372
1992,0.0007560027283756874,0.9853610675039246,98.53610675039246,1.523972186928372
1992,0.0008316030012132563,0.9853479853479854,98.53479853479854,1.523969294685747
1992,0.0009147633013345819,0.9853479853479854,98.53479853479854,1.523969294685747
1992,0.0010062396314680403,0.9853479853479854,98.53479853479854,1.523969294685747
1992,0.0011068635946148444,0.9853479853479854,98.53479853479854,1.523969294685747
1992,0.0012175499540763289,0.9853479853479854,98.53479853479854,1.523969294685747
1992,0.0013393049494839619,0.9853479853479854,98.53479853479854,1.523969294685747
1992,0.0014732354444323581,0.9853479853479854,98.53479853479854,1.523969294685747
1992,0.001620558988875594,0.9853479853479854,98.53479853479854,1.523969294685747
1992,0.0017826148877631536,0.9853479853479854,98.53479853479854,1.523969294685747
1992,0.001960876376539469,0.9853479853479854,98.53479853479854,1.523969294685747
1992,0.0021569640141934163,0.9853479853479854,98.53479853479854,1.523969294685747
1992,0.002372660415612758,0.9853479853479854,98.53479853479854,1.523969294685747
1992,0.002609926457174034,0.9853479853479854,98.53479853479854,1.523969294685747
1992,0.0028709191028914375,0.9853479853479854,98.53479853479854,1.523969294685747
1992,0.0031580110131805817,0.9853479853479854,98.53479853479854,1.523969294685747
1992,0.00347381211449864,0.9853479853479854,98.53479853479854,1.523969294685747
1992,0.0038211933259485044,0.9853479853479854,98.53479853479854,1.523969294685747
1992,0.004203312658543355,0.9853479853479854,98.53479853479854,1.523969294685747
1992,0.0046236439243976905,0.9853479853479854,98.53479853479854,1.523969294685747
1992,0.005086008316837461,0.9853479853479854,98.53479853479854,1.523969294685747
1992,0.005594609148521208,0.9853479853479854,98.53479853479854,1.523969294685747
1992,0.0061540700633733285,0.9853479853479854,98.53479853479854,1.523969294685747
1992,0.006769477069710661,0.9853479853479854,98.53479853479854,1.523969294685747
1992,0.007446424776681729,0.9853479853479854,98.53479853479854,1.523969294685747
1992,0.008191067254349902,0.9853479853479854,98.53479853479854,1.523969294685747
1992,0.009010173979784894,0.9853479853479854,98.53479853479854,1.523969294685747
1992,0.009911191377763383,0.9853479853479854,98.53479853479854,1.523969294685747
1992,0.010902310515539722,0.9853479853479854,98.53479853479854,1.523969294685747
1992,0.011992541567093696,0.9853479853479854,98.53479853479854,1.523969294685747
1992,0.013191795723803067,0.9853479853479854,98.53479853479854,1.523969294685747
1992,0.014510975296183374,0.9853349031920461,98.5334903192046,1.5239664023963566
1992,0.015962072825801712,0.9853349031920461,98.5334903192046,1.5239664023963566
1992,0.017558280108381882,0.9853349031920461,98.5334903192046,1.5239664023963566
1992,0.019314108119220075,0.9853349031920461,98.5334903192046,1.5239664023963566
1992,0.021245518931142085,0.9853349031920461,98.5334903192046,1.5239664023963566
1992,0.023370070824256295,0.9853349031920461,98.5334903192046,1.5239664023963566
1992,0.02570707790668193,0.9852956567242281,98.52956567242282,1.5239577252475829
1992,0.028277785697350122,0.9852956567242281,98.52956567242282,1.5239577252475829
1992,0.031105564267085134,0.9852956567242281,98.52956567242282,1.5239577252475829
1992,0.03421612069379365,0.9852956567242281,98.52956567242282,1.5239577252475829
1992,0.03763773276317302,0.9852956567242281,98.52956567242282,1.5239577252475829
1992,0.041401506039490325,0.9852956567242281,98.52956567242282,1.5239577252475829
1992,0.04554165664343936,0.9852956567242281,98.52956567242282,1.5239577252475829
1992,0.050095822307783304,0.9852956567242281,98.52956567242282,1.5239577252475829
1992,0.055105404538561636,0.9852956567242281,98.52956567242282,1.5239577252475829
1992,0.0606159449924178,0.9852956567242281,98.52956567242282,1.5239577252475829
1992,0.06667753949165958,0.9852956567242281,98.52956567242282,1.5239577252475829
1992,0.07334529344082556,0.9852825745682888,98.52825745682888,1.523954832771119
1992,0.08067982278490812,0.9852825745682888,98.52825745682888,1.523954832771119
1992,0.08874780506339894,0.9852825745682888,98.52825745682888,1.523954832771119
1992,0.09762258556973884,0.9852825745682888,98.52825745682888,1.523954832771119
1992,0.10738484412671273,0.9852694924123495,98.52694924123495,1.5239519402478834
1992,0.11812332853938402,0.9852694924123495,98.52694924123495,1.5239519402478834
1992,0.12993566139332244,0.9852694924123495,98.52694924123495,1.5239519402478834
1992,0.1429292275326547,0.9852564102564103,98.52564102564104,1.5239490476778745
1992,0.15722215028592015,0.985243328100471,98.5243328100471,1.5239461550610907
1992,0.17294436531451218,0.9852302459445317,98.52302459445316,1.5239432623975309
1992,0.19023880184596345,0.9852302459445317,98.52302459445316,1.5239432623975309
1992,0.20926268203055978,0.9852302459445317,98.52302459445316,1.5239432623975309
1992,0.2301889502336158,0.9852171637885924,98.52171637885924,1.5239403696871934
1992,0.25320784525697737,0.9852171637885924,98.52171637885924,1.5239403696871934
1992,0.2785286297826751,0.985204081632653,98.5204081632653,1.523937476930077
1992,0.3063814927609427,0.9851909994767137,98.51909994767138,1.5239345841261804
1992,0.337019642037037,0.9851779173207744,98.51779173207744,1.523931691275502
1992,0.3707216062407407,0.9851779173207744,98.51779173207744,1.523931691275502
1992,0.40779376686481483,0.9851779173207744,98.51779173207744,1.523931691275502
1992,0.44857314355129635,0.9851779173207744,98.51779173207744,1.523931691275502
1992,0.493430457906426,0.9851779173207744,98.51779173207744,1.523931691275502
1992,0.5427735036970686,0.9851386708529566,98.51386708529566,1.5239230124427627
1992,0.5970508540667755,0.9850994243851386,98.50994243851386,1.5239143331889369
1992,0.6567559394734531,0.9850994243851386,98.50994243851386,1.5239143331889369
1992,0.7224315334207985,0.9850340136054422,98.50340136054422,1.523899866830045
1992,0.7946746867628784,0.9849947671376242,98.49947671376242,1.523891186453138
1992,0.8741421554391664,0.9849424385138671,98.49424385138671,1.5238796119620173
1992,0.9615563709830831,0.9849424385138671,98.49424385138671,1.5238796119620173
1992,1.0577120080813913,0.9848246991104134,98.48246991104133,1.5238535666185682
1992,1.1634832088895306,0.9848116169544741,98.48116169544741,1.5238506724574319
1992,1.279831529778484,0.9847331240188383,98.47331240188383,1.5238333065072946
1992,1.4078146827563323,0.9846677132391418,98.46677132391419,1.5238188335943454
1992,1.5485961510319657,0.984589220303506,98.4589220303506,1.5238014645531412
1992,1.7034557661351626,0.9845238095238096,98.45238095238096,1.5237869890638782
1992,1.8738013427486788,0.9845107273678703,98.45107273678703,1.523784093825471
1992,2.061181477023547,0.9844060701203559,98.44060701203558,1.5237609302313277
1992,2.267299624725902,0.9843668236525379,98.43668236525379,1.5237522431102744
1992,2.494029587198492,0.984236002093145,98.4236002093145,1.5237232829933216
1992,2.7434325459183415,0.9841182626896913,98.41182626896912,1.5236972148795023
1992,3.0177758005101762,0.9838697017268446,98.38697017268446,1.5236421697189504
1992,3.319553380561194,0.9836865515436944,98.36865515436945,1.5236015992881458
1992,3.6515087186173134,0.9835426478283621,98.35426478283621,1.5235697160665667
1992,4.016659590479045,0.983058608058608,98.3058608058608,1.5234624307927505
1992,4.4183255495269504,0.9828885400313971,98.28885400313972,1.523424720691889
1992,4.860158104479646,0.9825353218210361,98.25353218210361,1.5233463743137265
1992,5.34617391492761,0.9821036106750393,98.21036106750392,1.523250571029586
1992,5.880791306420372,0.9818158032443747,98.18158032443746,1.52318667367248
1992,6.46887043706241,0.981174777603349,98.1174777603349,1.5230442747998805
1992,7.115757480768651,0.9804814233385662,98.04814233385663,1.522890123902142
1992,7.827333228845517,0.9799973835688122,97.99973835688121,1.522782430398551
1992,8.61006655173007,0.97854526425955,97.854526425955,1.5224589607216275
1992,9.471073206903077,0.9778780743066458,97.78780743066457,1.522310143406651
1992,10.418180527593385,0.9760465724751439,97.6046572475144,1.5219009886374173
1992,11.459998580352726,0.9747645211930926,97.47645211930927,1.5216140233605802
1992,12.605998438388,0.9730245944531659,97.30245944531659,1.5212238341187923
1992,13.8665982822268,0.9705128205128205,97.05128205128204,1.5206590513990055
1992,15.25325811044948,0.9683281004709576,96.83281004709576,1.5201663577742743
1992,16.77858392149443,0.9646127681841967,96.46127681841968,1.5193253647967577
1992,18.456442313643876,0.9619047619047619,96.19047619047619,1.5187098960536842
1992,20.302086545008265,0.955952380952381,95.5952380952381,1.5173495986224403
1992,22.332295199509094,0.9526556776556776,95.26556776556777,1.5165917516273122
1992,24.565524719460004,0.9468864468864469,94.68864468864469,1.5152577925168678
1992,27.022077191406005,0.9397697540554684,93.97697540554684,1.5135985507877114
1992,29.724284910546608,0.9337519623233909,93.37519623233909,1.5121835077492767
1992,32.69671340160127,0.9241104133961277,92.41104133961277,1.5098930014348588
1992,35.9663847417614,0.913788592360021,91.3788592360021,1.5074083213754403
1992,39.56302321593754,0.9077184720041863,90.77184720041863,1.5059310520668525
1992,43.51932553753131,0.8889586603872318,88.89586603872318,1.5012880970022282
1992,47.87125809128444,0.8749476713762429,87.49476713762428,1.4977415872871935
1992,52.658383900412886,0.8553898482469912,85.53898482469911,1.4926731110503775
1992,57.92422229045418,0.839010989010989,83.9010989010989,1.4883180256829172
1992,63.7166445194996,0.81641810570382,81.641810570382,1.4821365619184297
1992,70.08830897144958,0.7881214024071167,78.81214024071167,1.474091627938484
1992,77.09713986859452,0.7688121402407117,76.88121402407117,1.468395308170928
1992,84.806853855454,0.7381083202511773,73.81083202511773,1.4589650768290177
1992,93.2875392409994,0.7139194139194139,71.39194139194139,1.4511886777008447
1992,102.61629316509935,0.6863160648874934,68.63160648874934,1.441907189469156
1992,112.87792248160929,0.6384746206174777,63.84746206174777,1.424672612108034
1992,124.16571472977023,0.6062009419152277,60.62009419152277,1.4121147339961422
1992,136.58228620274727,0.5750392464678179,57.50392464678179,1.3991743567569772
1992,150.24051482302198,0.5372579801151229,53.725798011512296,1.382259556244385
1992,165.26456630532422,0.4999084249084249,49.99084249084249,1.3640078102483044
1992,181.79102293585666,0.4687859759288331,46.87859759288331,1.3474395008326558
1992,199.97012522944235,0.4305206698063841,43.05206698063841,1.3250597741648402
1992,219.96713775238658,0.37742019884877026,37.742019884877024,1.2894458650954372
1992,241.96385152762525,0.34001831501831503,34.001831501831504,1.2602816014225513
1992,266.1602366803878,0.3083594976452119,30.835949764521192,1.2321757002110503
1992,292.7762603484266,0.2822736787022501,28.227367870225013,1.2060582280694507
1992,322.05388638326934,0.25173992673992673,25.17399267399267,1.1711845232066334
1992,354.25927502159624,0.227276295133438,22.7276295133438,1.1389802100416455
1992,389.68520252375595,0.2066588173731031,20.66588173731031,1.1080622023212556
1992,428.65372277613153,0.17816588173731032,17.81658817373103,1.057835412297668
1992,471.51909505374476,0.16057038199895343,16.05703819989534,1.0210640926001093
1992,518.6710045591193,0.14081632653061224,14.081632653061224,0.9726224060850903
1992,570.5381050150312,0.12577184720041862,12.577184720041862,0.9289638618847974
1992,627.5919155165344,0.10905285190999477,10.905285190999477,0.8709784844182175
1992,690.351107068188,0.09686028257456829,9.68602825745683,0.8200813108576159
1992,759.3862177750068,0.08464154892726321,8.46415489272632,0.7588600939205756
1992,835.3248395525075,0.07315541601255887,7.315541601255887,0.6881351772023506
1992,918.8573235077583,0.06330455259026688,6.330455259026688,0.6126809668684607
1992,1010.7430558585343,0.05389848246991104,5.389848246991104,0.5214790123532421
1992,1111.8173614443879,0.04716117216117216,4.716117216117216,0.4388907528522157
1992,1222.9990975888268,0.03935112506541078,3.935112506541078,0.3147665583557341
1992,1345.2990073477094,0.03400052328623757,3.400052328623757,0.20195327265176022
1992,1479.8289080824804,0.028545264259549973,2.8545264259549974,0.04774767241787356
1992,1627.8117988907286,0.023116169544740973,2.3116169544740974,-0.17680011609683785
1992,1790.5929787798016,0.020133437990580847,2.013343799058085,-0.35696509821118183
1992,1969.652276657782,0.01703296703296703,1.7032967032967032,-0.6300491769652548
1992,2166.6175043235603,0.013330716902145474,1.3330716902145474,-1.2465817387205702
1992,2383.2792547559166,0.01121140763997907,1.121140763997907,-2.168520163198754
1992,2621.607180231508,0.008778126635269492,0.8778126635269492,
1992,2883.7678982546595,0.007169021454735741,0.7169021454735741,
1992,3172.1446880801254,0.005860805860805861,0.5860805860805861,
1992,3489.3591568881384,0.004604918890633176,0.4604918890633176,
1992,3838.2950725769524,0.0038461538461538464,0.38461538461538464,
1992,4222.124579834648,0.0027864992150706436,0.27864992150706436,
1992,4644.3370378181135,0.002250130821559393,0.2250130821559393,
1992,5108.770741599925,0.0018184196755625327,0.18184196755625326,
1992,5619.647815759918,0.001530612244897959,0.15306122448979592,
1992,6181.612597335911,0.0011119832548403977,0.11119832548403977,
1992,6799.773857069503,0.000902668759811617,0.0902668759811617,
1992,7479.751242776452,0.0007456828885400314,0.07456828885400314,
1992,8227.7263670541,0.0005886970172684458,0.05886970172684458,
1992,9050.49900375951,0.00047095761381475666,0.04709576138147566,
1992,9955.548904135461,0.0003924646781789639,0.03924646781789639,
1992,10951.10379454901,0.0002878074306645735,0.02878074306645735,
1992,12046.214174003911,0.00023547880690737833,0.02354788069073783,
1992,13250.835591404302,0.00019623233908948196,0.019623233908948195,
1992,14575.919150544732,0.00017006802721088434,0.017006802721088433,
1992,16033.511065599208,0.00013082155939298797,0.013082155939298797,
1992,17636.86217215913,0.00010465724751439037,0.010465724751439037,
1992,19400.548389375046,0.00010465724751439037,0.010465724751439037,
1992,21340.60322831255,9.157509157509158e-05,0.009157509157509158,
1992,23474.663551143807,6.541077969649399e-05,0.006541077969649398,
1992,25822.129906258193,6.541077969649399e-05,0.006541077969649398,
1992,28404.342896884016,6.541077969649399e-05,0.006541077969649398,
1992,31244.777186572417,3.924646781789639e-05,0.003924646781789639,
1992,34369.25490522966,2.6164311878597592e-05,0.0026164311878597592,
1992,37806.18039575263,1.3082155939298796e-05,0.0013082155939298796,
1992,41586.798435327895,1.3082155939298796e-05,0.0013082155939298796,
1992,45745.47827886069,1.3082155939298796e-05,0.0013082155939298796,
1993,0.002873064826168041,0.9868324704854643,98.68324704854643,1.5242971910655956
1993,0.0031603713087848453,0.9868196241152063,98.68196241152063,1.5242943561078668
1993,0.00347640843966333,0.9868196241152063,98.68196241152063,1.5242943561078668
1993,0.0038240492836296635,0.9868196241152063,98.68196241152063,1.5242943561078668
1993,0.00420645421199263,0.9868196241152063,98.68196241152063,1.5242943561078668
1993,0.004627099633191893,0.9868196241152063,98.68196241152063,1.5242943561078668
1993,0.005089809596511083,0.9868196241152063,98.68196241152063,1.5242943561078668
1993,0.005598790556162192,0.9868196241152063,98.68196241152063,1.5242943561078668
1993,0.006158669611778412,0.9868196241152063,98.68196241152063,1.5242943561078668
1993,0.006774536572956254,0.9868196241152063,98.68196241152063,1.5242943561078668
1993,0.0074519902302518795,0.9868196241152063,98.68196241152063,1.5242943561078668
1993,0.008197189253277068,0.9868196241152063,98.68196241152063,1.5242943561078668
1993,0.009016908178604776,0.9868196241152063,98.68196241152063,1.5242943561078668
1993,0.009918598996465255,0.9868196241152063,98.68196241152063,1.5242943561078668
1993,0.01091045889611178,0.9868196241152063,98.68196241152063,1.5242943561078668
1993,0.01200150478572296,0.9868196241152063,98.68196241152063,1.5242943561078668
1993,0.013201655264295255,0.9868196241152063,98.68196241152063,1.5242943561078668
1993,0.014521820790724784,0.9868196241152063,98.68196241152063,1.5242943561078668
1993,0.015974002869797263,0.9868196241152063,98.68196241152063,1.5242943561078668
1993,0.01757140315677699,0.9868196241152063,98.68196241152063,1.5242943561078668
1993,0.01932854347245469,0.9868196241152063,98.68196241152063,1.5242943561078668
1993,0.02126139781970016,0.9868196241152063,98.68196241152063,1.5242943561078668
1993,0.02338753760167018,0.9868196241152063,98.68196241152063,1.5242943561078668
1993,0.0257262913618372,0.9868196241152063,98.68196241152063,1.5242943561078668
1993,0.02829892049802092,0.9868067777449482,98.68067777449482,1.524291521105195
1993,0.03112881254782302,0.9868067777449482,98.68067777449482,1.524291521105195
1993,0.03424169380260532,0.9868067777449482,98.68067777449482,1.524291521105195
1993,0.037665863182865855,0.9868067777449482,98.68067777449482,1.524291521105195
1993,0.04143244950115245,0.9867939313746901,98.679393137469,1.5242886860575793
1993,0.04557569445126769,0.9867939313746901,98.679393137469,1.5242886860575793
1993,0.05013326389639446,0.9867939313746901,98.679393137469,1.5242886860575793
1993,0.05514659028603392,0.9867939313746901,98.679393137469,1.5242886860575793
1993,0.06066124931463731,0.9867939313746901,98.679393137469,1.5242886860575793
1993,0.06672737424610105,0.9867939313746901,98.679393137469,1.5242886860575793
1993,0.07340011167071116,0.9867939313746901,98.679393137469,1.5242886860575793
1993,0.08074012283778229,0.9867939313746901,98.679393137469,1.5242886860575793
1993,0.08881413512156051,0.9867939313746901,98.679393137469,1.5242886860575793
1993,0.09769554863371657,0.9867939313746901,98.679393137469,1.5242886860575793
1993,0.10746510349708825,0.986781085004432,98.6781085004432,1.5242858509650181
1993,0.11821161384679708,0.986781085004432,98.6781085004432,1.5242858509650181
1993,0.1300327752314768,0.986781085004432,98.6781085004432,1.5242858509650181
1993,0.1430360527546245,0.986781085004432,98.6781085004432,1.5242858509650181
1993,0.15733965803008695,0.986781085004432,98.6781085004432,1.5242858509650181
1993,0.17307362383309566,0.986768238634174,98.6768238634174,1.5242830158275102
1993,0.19038098621640526,0.986768238634174,98.6768238634174,1.5242830158275102
1993,0.2094190848380458,0.9867425458936577,98.67425458936577,1.5242773454176493
1993,0.2303609933218504,0.9867296995233996,98.67296995233997,1.5242745101452935
1993,0.2533970926540354,0.9867040067828835,98.67040067828835,1.5242688394657244
1993,0.278736801919439,0.9866911604126254,98.66911604126254,1.5242660040585088
1993,0.3066104821113829,0.9866654676721093,98.66654676721093,1.5242603331092077
1993,0.3372715303225212,0.986639774931593,98.66397749315931,1.5242546619800725
1993,0.37099868335477343,0.986626928561335,98.6626928561335,1.5242518263480638
1993,0.4080985516902508,0.9866140821910769,98.6614082191077,1.5242489906710925
1993,0.44890840685927585,0.9866140821910769,98.6614082191077,1.5242489906710925
1993,0.49379924754520355,0.9865883894505607,98.65883894505608,1.5242433191822569
1993,0.5431791722997239,0.9865113112290123,98.65113112290122,1.524226303636511
1993,0.5974970895296964,0.986485618488496,98.6485618488496,1.5242206314281475
1993,0.657246798482666,0.9864470793777218,98.64470793777218,1.5242121227782708
1993,0.7229714783309328,0.9864085402669476,98.64085402669475,1.5242036137235646
1993,0.795268626164026,0.9863828475264315,98.63828475264314,1.5241979407955042
1993,0.8747954887804287,0.9863443084156571,98.63443084156572,1.5241894310660027
1993,0.9622750376584717,0.9863314620453991,98.63314620453991,1.5241865943995205
1993,1.058502541424319,0.9862672301941087,98.62672301941086,1.5241724103921894
1993,1.164352795566751,0.9862286910833344,98.62286910833345,1.5241638994478066
1993,1.2807880751234262,0.9861773056023021,98.61773056023021,1.5241525508919072
1993,1.4088668826357689,0.9861387664915279,98.61387664915279,1.5241440390023944
1993,1.549753570899346,0.9861002273807535,98.61002273807536,1.5241355267077663
1993,1.7047289279892808,0.9859974564186889,98.59974564186888,1.5241128252745892
1993,1.8752018207882089,0.9859332245673985,98.59332245673986,1.5240986354155077
1993,2.0627220028670297,0.9858176072350757,98.58176072350757,1.524073090831908
1993,2.2689942031537327,0.9857790681243015,98.57790681243014,1.5240645751599295
1993,2.4958936234691067,0.9856762971622368,98.56762971622368,1.5240418647190286
1993,2.7454829858160177,0.9855221407191398,98.55221407191398,1.524007793650207
1993,3.0200312843976196,0.985393677016559,98.5393677016559,1.52397939613455
1993,3.3220344128373815,0.9853551379057848,98.53551379057848,1.5239708760006652
1993,3.65423785412112,0.9851367496113973,98.51367496113973,1.5239225875750135
1993,4.019661639533232,0.9850339786493326,98.50339786493326,1.5238998590987798
1993,4.421627803486556,0.9846614339118482,98.46614339118483,1.5238174441569032
1993,4.863790583835212,0.9844558919877189,98.44558919877188,1.5237719575866873
1993,5.3501696422187335,0.9840833472502345,98.40833472502345,1.5236894836901191
1993,5.885186606440608,0.9837750343640405,98.37750343640404,1.5236212006690337
1993,6.473705267084669,0.9831455622213944,98.31455622213944,1.5234817085384853
1993,7.1210757937931355,0.982631707411071,98.2631707411071,1.523367756744254
1993,7.833183373172449,0.9819508497873926,98.19508497873926,1.5232166587729479
1993,8.616501710489695,0.9809873720180363,98.09873720180363,1.5230026226949627
1993,9.478151881538667,0.9799468160271315,97.99468160271316,1.5227711759410099
1993,10.425967069692533,0.9781226314504836,97.81226314504836,1.5223647064519201
1993,11.468563776661787,0.9770306899785466,97.70306899785466,1.5221209551640718
1993,12.615420154327968,0.9750780416993179,97.50780416993179,1.5216842420279393
1993,13.876962169760766,0.9727785414231209,97.2778541423121,1.5211685866104108
1993,15.264658386736842,0.9706075048495048,97.06075048495047,1.5206803738544201
1993,16.791124225410528,0.967729917911694,96.7729917911694,1.5200312205881101
1993,18.470236647951584,0.9654818031165294,96.54818031165294,1.5195224305940147
1993,20.317260312746743,0.9600734812378763,96.00734812378762,1.5182924889088785
1993,22.34898634402142,0.9575298999267757,95.75298999267757,1.5177111126710114
1993,24.583884978423566,0.9528409747825752,95.28409747825752,1.5166344325495773
1993,27.042273476265922,0.9472271109797926,94.72271109797926,1.5153368358209796
1993,29.746500823892514,0.9417288645093329,94.17288645093329,1.5140568384364115
1993,32.72115090628177,0.9312847654895109,93.12847654895108,1.5116001427399683
1993,35.99326599690995,0.9237054070372416,92.37054070372416,1.5097961477839643
1993,39.59259259660095,0.9122721375075472,91.22721375075471,1.5070403914264
1993,43.551851856261045,0.899027529771463,89.9027529771463,1.503794815447008
1993,47.90703704188716,0.889945145998998,88.9945145998998,1.5015352202093826
1993,52.69774074607587,0.8652415759927032,86.52415759927032,1.4952437511061973
1993,57.96751482068347,0.8504297110851329,85.04297110851329,1.4913650858123437
1993,63.76426630275183,0.8315198540652339,83.1519854065234,1.4862912870340637
1993,70.14069293302701,0.8040157753426769,80.40157753426769,1.4786533260671921
1993,77.15476222632972,0.7810593116914816,78.10593116914816,1.4720283803336522
1993,84.8702384489627,0.7528872217155043,75.28872217155043,1.4635633066149827
1993,93.35726229385898,0.7317549426409568,73.17549426409568,1.4569533142459257
1993,102.69298852324488,0.6777102629651992,67.77102629651992,1.4389187753512993
1993,112.96228737556937,0.654008709839035,65.4008709839035,1.4304393665995518
1993,124.25851611312633,0.6223424071528589,62.23424071528589,1.4184965941104324
1993,136.68436772443897,0.5836362935652532,58.363629356525315,1.4028301165335681
1993,150.35280449688287,0.5519186053980448,55.19186053980448,1.388994584339042
1993,165.38808494657118,0.5167709363719281,51.677093637192804,1.3724526603042864
1993,181.92689344122832,0.4846164716159449,48.46164716159449,1.356034284564662
1993,200.11958278535116,0.4249450817671467,42.49450817671467,1.3215891189409814
1993,220.13154106388626,0.3880759991264468,38.80759991264468,1.297084961561836
1993,242.14469517027496,0.3548295928985265,35.48295928985265,1.2723001715586537
1993,266.35916468730244,0.32623357270403247,32.62335727040325,1.2484762256740334
1993,292.9950811560327,0.29667407474018215,29.667407474018216,1.2208443908412396
1993,322.294589271636,0.2663566409311049,26.63566409311049,1.1885294897900114
1993,354.5240481987997,0.24160168544377786,24.160168544377786,1.1583597727248012
1993,389.97645301867965,0.218722300014131,21.8722300014131,1.1266222531535073
1993,428.9740983205476,0.1939288054160297,19.39288054160297,1.0868453342485425
1993,471.8715081526025,0.17558418868748635,17.558418868748635,1.0527545605806359
1993,519.0586589678627,0.15641740426242565,15.641740426242565,1.0115801876005548
1993,570.964524864649,0.140487905142402,14.048790514240201,0.9717391785651452
1993,628.060977351114,0.12435286409824904,12.435286409824904,0.9244724142617549
1993,690.8670750862254,0.11118533458371337,11.118533458371337,0.8790512279333532
1993,759.953782594848,0.09866012358208189,9.866012358208188,0.8281568729554414
1993,835.949160854333,0.08592937065632106,8.592937065632105,0.7659052322348494
1993,919.5440769397663,0.07648728851662963,7.648728851662963,0.7102694890335196
1993,1011.498484633743,0.06551648831622625,6.551648831622625,0.6311210995263443
1993,1112.6483330971173,0.057590277866988684,5.759027786698868,0.560054933457037
1993,1223.9131664068293,0.04989530208239662,4.989530208239662,0.47458173289753497
1993,1346.3044830475123,0.04339503873180633,4.339503873180632,0.38373744724015363
1993,1480.9349313522637,0.038063795074701645,3.8063795074701643,0.29018778815872526
1993,1629.0284244874902,0.03153783898359518,3.153783898359518,0.13854639476893843
1993,1791.9312669362394,0.027272844057911437,2.727284405791144,0.003300936886319233
1993,1971.1243936298633,0.023354701129195944,2.3354701129195945,-0.16462325496518962
1993,2168.23683299285,0.01912824531428645,1.912824531428645,-0.4329684380546854
1993,2385.060516292135,0.016417661189830814,1.6417661189830814,-0.7016379973134126
1993,2623.566567921349,0.013745616176149429,1.3745616176149429,-1.1452799083279268
1993,2885.923224713484,0.011690196934856057,1.1690196934856056,-1.8568387523226981
1993,3174.5155471848325,0.009416389399175263,0.9416389399175263,
1993,3491.967101903316,0.007784900376398648,0.7784900376398648,
1993,3841.1638120936477,0.006243335945428619,0.6243335945428619,
1993,4225.280193303013,0.004727464254974757,0.4727464254974757,
1993,4647.808212633315,0.0038282183369089066,0.3828218336908907,
1993,5112.5890338966465,0.002993204270133474,0.2993204270133474,
1993,5623.847937286312,0.0025821204218747992,0.25821204218747995,
1993,6186.232731014943,0.0019269555387125368,0.19269555387125367,
1993,6804.856004116439,0.0015030253201957786,0.15030253201957786,
1993,7485.341604528084,0.00122040517451794,0.12204051745179399,
1993,8233.875764980892,0.000976324139614352,0.0976324139614352,
1993,9057.263341478982,0.0008350140667754326,0.08350140667754327,
1993,9962.98967562688,0.0007450894749688476,0.07450894749688476,
1993,10959.28864318957,0.0005652402913556775,0.05652402913556775,
1993,12055.217507508527,0.000488162069807176,0.0488162069807176,
1993,13260.739258259382,0.00032115925645208944,0.032115925645208945,
1993,14586.81318408532,0.00028262014567783874,0.028262014567783874,
1993,16045.494502493855,0.0002312346646455044,0.023123466464550442,
1993,17650.043952743243,0.00015415644309700293,0.015415644309700292,
1993,19415.048348017568,0.0001284637025808358,0.012846370258083578,
1993,21356.553182819327,8.992459180658505e-05,0.008992459180658505,
1993,23492.20850110126,5.1385481032334316e-05,0.005138548103233432,
1993,25841.429351211387,5.1385481032334316e-05,0.005138548103233432,
1993,28425.572286332528,5.1385481032334316e-05,0.005138548103233432,
1993,31268.12951496578,5.1385481032334316e-05,0.005138548103233432,
1993,34394.942466462366,3.853911077425073e-05,0.003853911077425073,
1993,37834.436713108604,2.5692740516167158e-05,0.002569274051616716,
1993,41617.88038441947,2.5692740516167158e-05,0.002569274051616716,
1993,45779.66842286142,2.5692740516167158e-05,0.002569274051616716,
1993,50357.63526514756,1.2846370258083579e-05,0.001284637025808358,
1993,55393.39879166232,1.2846370258083579e-05,0.001284637025808358,
1993,60932.73867082856,1.2846370258083579e-05,0.001284637025808358,
1993,67026.01253791142,1.2846370258083579e-05,0.001284637025808358,
1993,73728.61379170258,1.2846370258083579e-05,0.001284637025808358,
1995,0.7409264484985298,0.9855131507998323,98.55131507998323,1.5240058065322628
1995,0.8150190933483829,0.9855011682942904,98.55011682942903,1.5240031579033362
1995,0.8965210026832212,0.9855011682942904,98.55011682942903,1.5240031579033362
1995,0.9861731029515435,0.9855011682942904,98.55011682942903,1.5240031579033362
1995,1.084790413246698,0.9855011682942904,98.55011682942903,1.5240031579033362
1995,1.1932694545713678,0.9854772032832065,98.54772032832065,1.5239978605278233
1995,1.3125964000285046,0.9854772032832065,98.54772032832065,1.5239978605278233
1995,1.4438560400313554,0.9854532382721227,98.54532382721227,1.5239925629954225
1995,1.588241644034491,0.9854412557665808,98.54412557665808,1.5239899141703868
1995,1.7470658084379402,0.9854292732610389,98.5429273261039,1.5239872653061257
1995,1.9217723892817344,0.9853933257444132,98.53933257444132,1.5239793184779817
1995,2.113949628209908,0.9853933257444132,98.53933257444132,1.5239793184779817
1995,2.3253445910308987,0.9852255706668265,98.52255706668265,1.5239422286112085
1995,2.557879050133989,0.9852135881612846,98.52135881612845,1.5239395790407118
1995,2.8136669551473883,0.9851656581391169,98.5165658139117,1.523928980366259
1995,3.095033650662127,0.9851656581391169,98.5165658139117,1.523928980366259
1995,3.40453701572834,0.985153675633575,98.5153675633575,1.5239263305995236
1995,3.744990717301175,0.9851177281169493,98.51177281169493,1.5239183810638082
1995,4.1194897890312925,0.9850817806003235,98.50817806003235,1.523910431174805
1995,4.531438767934422,0.9850338505781558,98.50338505781558,1.5238998307731924
1995,4.9845826447278645,0.985009885567072,98.5009885567072,1.5238945303368199
1995,5.483040909200652,0.9849619555449044,98.49619555449044,1.5238839289929005
1995,6.031345000120717,0.9848181654784015,98.48181654784015,1.5238521211911196
1995,6.634479500132789,0.9846743754118986,98.46743754118987,1.523820307732857
1995,7.2979274501460685,0.9845305853453957,98.45305853453958,1.523788488616248
1995,8.027720195160677,0.984362830267809,98.4362830267809,1.5237513591595284
1995,8.830492214676744,0.9841950751902223,98.41950751902223,1.5237142219956687
1995,9.71354143614442,0.9838236175184231,98.38236175184231,1.5236319622622445
1995,10.684895579758862,0.9836678449463783,98.36678449463783,1.5235974549868099
1995,11.75338513773475,0.9830807021748248,98.30807021748248,1.5234673292571108
1995,12.928723651508225,0.9827931220418189,98.27931220418189,1.5234035596660727
1995,14.22159601665905,0.9822299442813492,98.22299442813492,1.523278611690652
1995,15.643755618324954,0.9814990114432928,98.14990114432928,1.5231163149897962
1995,17.20813118015745,0.9804804984722305,98.04804984722306,1.5228899181913509
1995,18.9289442981732,0.9794020729734587,97.94020729734586,1.5226498914834168
1995,20.82183872799052,0.9785033850578156,97.85033850578156,1.5224496231645182
1995,22.904022600789574,0.9761308489605176,97.61308489605176,1.5219198364012811
1995,25.194424860868534,0.9751243184949973,97.51243184949972,1.5216946042352828
1995,27.713867346955393,0.9732191001138338,97.32191001138338,1.5212674953949876
1995,30.485254081650933,0.9697441735066803,96.97441735066803,1.5204858619330943
1995,33.53377948981603,0.965837876700018,96.5837876700018,1.51960311281842
1995,36.88715743879764,0.9636091306692229,96.3609130669223,1.519097506542243
1995,40.5758731826774,0.957545982865017,95.7545982865017,1.5177147945968947
1995,44.63346050094515,0.9463183751722485,94.63183751722485,1.5151259073017296
1995,49.09680655103967,0.942711641004134,94.2711641004134,1.5142862979177143
1995,54.00648720614363,0.9363728955724642,93.63728955724642,1.5128011664372027
1995,59.407135926758,0.9199928104966748,91.99928104966747,1.5089058902260162
1995,65.34784951943381,0.9129830447546582,91.29830447546581,1.507212968288398
1995,71.8826344713772,0.8992510934036307,89.92510934036308,1.5038500832729897
1995,79.07089791851492,0.8793002216763526,87.93002216763526,1.4988507160012416
1995,86.9779877103664,0.8640944221436703,86.40944221436703,1.4949462690123057
1995,95.67578648140307,0.8420825594631838,84.20825594631837,1.489142641569393
1995,105.24336512954338,0.8270445150080882,82.70445150080882,1.4850697636618362
1995,115.76770164249773,0.7827691570307351,78.27691570307351,1.4725300237822863
1995,127.34447180674752,0.7652147864118387,76.52147864118388,1.4673146219041215
1995,140.07891898742227,0.7361691929782518,73.61691929782518,1.4583533328989358
1995,154.08681088616453,0.7088730453537835,70.88730453537835,1.4495253143124418
1995,169.49549197478098,0.6718471032292852,67.18471032292852,1.4368557406858002
1995,186.4450411722591,0.6397699358935953,63.97699358935953,1.4251600938632367
1995,205.08954528948502,0.6126535258522557,61.26535258522557,1.4146909524473796
1995,225.5984998184335,0.5444610868132527,54.44610868132527,1.3855969632238625
1995,248.1583498002769,0.5204241806961836,52.04241806961836,1.3742367388225367
1995,272.97418478030465,0.4858187046911509,48.58187046911509,1.3566725415096266
1995,300.2716032583351,0.4463722964471871,44.637229644718715,1.334624221055222
1995,330.2987635841687,0.417218860463723,41.7218860463723,1.3166832189961792
1995,363.32863994258554,0.3767659217542388,37.67659217542388,1.2889678761516423
1995,399.66150393684416,0.3484991911808759,34.84991911808759,1.267243564290977
1995,439.6276543305286,0.32446228506380687,32.446228506380685,1.2469128072316633
1995,483.5904197635815,0.28593852974657,28.593852974657004,1.209912657548318
1995,531.9494617399397,0.26283625906176983,26.283625906176983,1.1844676565681522
1995,585.1444079139336,0.23640285183631898,23.6402851836319,1.1515058497013821
1995,643.6588487053272,0.21550536217123,21.550536217123,1.121808073832925
1995,708.02473357586,0.19178000119825056,19.178000119825057,1.0830802198354677
1995,778.827206933446,0.1704870888502786,17.04870888502786,1.0424208691304033
1995,856.7099276267907,0.15577257204481457,15.577257204481457,1.010076834141837
1995,942.3809203894697,0.13820621892037624,13.820621892037623,0.9655233949839864
1995,1036.6190124284167,0.1246779701635612,12.467797016356121,0.9255077568562851
1995,1140.2809136712585,0.10766281229405068,10.766281229405068,0.8655947924212387
1995,1254.3090050383846,0.09713018992271284,9.713018992271284,0.8213060449873466
1995,1379.739905542223,0.08557905458031274,8.557905458031275,0.7640041997839853
1995,1517.7138960964455,0.0749146246480139,7.4914624648013906,0.7000056246303572
1995,1669.4852857060903,0.06438200227667605,6.438200227667605,0.6217849149732385
1995,1836.4338142766992,0.05674914624648014,5.674914624648014,0.5516155967978665
1995,2020.0771957043694,0.048553112455814514,4.8553112455814516,0.4574711801073478
1995,2222.0849152748065,0.04380804026121862,4.380804026121862,0.3901702526268097
1995,2444.2934068022873,0.03579174405368162,3.5791744053681622,0.2430498287614158
1995,2688.7227474825163,0.029704631238391947,2.9704631238391945,0.08500074207715688
1995,2957.5950222307683,0.02551075429872386,2.551075429872386,-0.06558973216600623
1995,3253.3545244538454,0.021927985141693127,2.1927985141693127,-0.24184408591363285
1995,3578.6899768992303,0.017746090707566952,1.7746090707566953,-0.5558575843617602
1995,3936.558974589153,0.014954166916302199,1.4954166916302198,-0.9102965044430873
1995,4330.214872048069,0.013060931040680606,1.3060931040680606,-1.3203556289900704
1995,4763.236359252876,0.010245042238332036,1.0245042238332036,-3.7210386000123035
1995,5239.559995178164,0.008208016296207536,0.8208016296207536,
1995,5763.515994695981,0.006746150620094662,0.6746150620094662,
1995,6339.86759416558,0.00554790006590378,0.554790006590378,
1995,6973.854353582138,0.0043017194895452636,0.4301719489545264,
1995,7671.239788940353,0.003522856629321191,0.3522856629321191,
1995,8438.36376783439,0.0028758013300581153,0.28758013300581153,
1995,9282.20014461783,0.002180816008627404,0.2180816008627404,
1995,10210.420159079613,0.0018692708645377748,0.18692708645377748,
1995,11231.462174987575,0.0013060931040680607,0.13060931040680607,
1995,12354.608392486334,0.001030495476604158,0.1030495476604158,
1995,13590.069231734966,0.00070696782697262,0.070696782697262,
1995,14949.076154908465,0.0005511952549278054,0.05511952549278054,
1995,16443.983770399314,0.00043137019950871726,0.04313701995087173,
1995,18088.382147439246,0.0003594751662572644,0.03594751662572644,
1995,19897.220362183172,0.0002995626385477203,0.02995626385477203,
1995,21886.94239840149,0.00021568509975435863,0.021568509975435864,
1995,24075.63663824164,0.00013180756096099695,0.013180756096099696,
1995,26483.20030206581,0.00010784254987717931,0.010784254987717932,
1995,29131.52033227239,4.793002216763525e-05,0.004793002216763525,
1995,32044.672365499635,3.594751662572644e-05,0.0035947516625726436,
1995,35249.139602049596,2.3965011083817625e-05,0.0023965011083817624,
1995,38774.053562254565,2.3965011083817625e-05,0.0023965011083817624,
1995,42651.45891848002,2.3965011083817625e-05,0.0023965011083817624,
1995,46916.604810328026,2.3965011083817625e-05,0.0023965011083817624,
1996,0.5042891039833434,0.9796852854598975,97.96852854598976,1.522712957652797
1996,0.5547180143816778,0.9796610580126225,97.96610580126224,1.522707563518208
1996,0.6101898158198455,0.9796610580126225,97.96610580126224,1.522707563518208
1996,0.6712087974018303,0.9796610580126225,97.96610580126224,1.522707563518208
1996,0.7383296771420133,0.9796610580126225,97.96610580126224,1.522707563518208
1996,0.8121626448562146,0.9796610580126225,97.96610580126224,1.522707563518208
1996,0.8933789093418362,0.9796610580126225,97.96610580126224,1.522707563518208
1996,0.9827168002760199,0.9796610580126225,97.96610580126224,1.522707563518208
1996,1.080988480303622,0.9796610580126225,97.96610580126224,1.522707563518208
1996,1.1890873283339845,0.9796610580126225,97.96610580126224,1.522707563518208
1996,1.3079960611673829,0.9796610580126225,97.96610580126224,1.522707563518208
1996,1.4387956672841211,0.979648944288985,97.9648944288985,1.522704866389977
1996,1.5826752340125334,0.9796368305653474,97.96368305653475,1.52270216922112
1996,1.740942757413787,0.9796368305653474,97.96368305653475,1.52270216922112
1996,1.9150370331551658,0.9796368305653474,97.96368305653475,1.52270216922112
1996,2.1065407364706825,0.9796247168417099,97.96247168417099,1.5226994720116362
1996,2.317194810117751,0.9796126031180724,97.96126031180724,1.5226967747615243
1996,2.5489142911295266,0.9796126031180724,97.96126031180724,1.5226967747615243
1996,2.803805720242479,0.9795883756707975,97.95883756707975,1.5226913801394115
1996,3.084186292266727,0.97957626194716,97.957626194716,1.5226886827674082
1996,3.3926049214934,0.9795641482235224,97.95641482235224,1.5226859853547725
1996,3.7318654136427405,0.9795520344998849,97.95520344998849,1.5226832879015029
1996,4.105051955007015,0.9795156933289724,97.95156933289724,1.5226751952978799
1996,4.515557150507717,0.9795035796053349,97.95035796053348,1.522672497682064
1996,4.967112865558489,0.9794793521580598,97.94793521580598,1.522667102328512
1996,5.463824152114339,0.9793218737507723,97.93218737507723,1.522632028567451
1996,6.010206567325772,0.9792855325798597,97.92855325798597,1.5226239336469258
1996,6.611227224058351,0.9792007365143972,97.92007365143972,1.5226050440758847
1996,7.272349946464186,0.9789584620416469,97.8958462041647,1.5225510628912633
1996,7.999584941110605,0.9787767561870844,97.87767561870844,1.5225105663220215
1996,8.799543435221667,0.9784254582015965,97.84254582015966,1.5224322469799745
1996,9.679497778743833,0.9782922072415839,97.82922072415839,1.522402530681903
1996,10.647447556618218,0.9776380661651585,97.76380661651585,1.522256579122754
1996,11.71219231228004,0.9774684740342334,97.74684740342335,1.522218720409076
1996,12.883411543508046,0.9770929486014706,97.70929486014705,1.5221348619162827
1996,14.171752697858853,0.9764751486959576,97.64751486959577,1.5219968157030208
1996,15.588927967644738,0.9757119841067946,97.57119841067946,1.5218261410513327
1996,17.14782076440921,0.9747671136630689,97.47671136630689,1.521614604104597
1996,18.862602840850137,0.9739554941793558,97.39554941793558,1.5214326997337153
1996,20.748863124935152,0.9720415258446293,97.20415258446293,1.5210029989041205
1996,22.82374943742867,0.9713147024263789,97.13147024263789,1.520839551211693
1996,25.106124381171536,0.9698489418662403,96.98489418662403,1.5205094779014525
1996,27.616736819288693,0.9672566050078133,96.72566050078133,1.5199242209108819
1996,30.378410501217566,0.9638768761129484,96.38768761129484,1.5191583217203866
1996,33.41625155133933,0.9610664922290463,96.10664922290462,1.5185189480498542
1996,36.75787670647326,0.9572627830068685,95.72627830068686,1.5176499495895515
1996,40.43366437712059,0.948492447093312,94.8492447093312,1.5156301248098107
1996,44.477030814832645,0.9458637690639726,94.58637690639726,1.5150202950157123
1996,48.92473389631592,0.9375779820959165,93.75779820959164,1.513084453908305
1996,53.81720728594752,0.9285774854332474,92.85774854332473,1.510957835860678
1996,59.19892801454227,0.9158823030611379,91.5882303061138,1.5079150841618718
1996,65.11882081599651,0.9054160458383302,90.54160458383302,1.5053675562127318
1996,71.63070289759617,0.8946227180773098,89.46227180773097,1.5027024502722743
1996,78.79377318735578,0.8739324781044445,87.39324781044445,1.497481921815326
1996,86.67315050609137,0.857687974706545,85.7687974706545,1.4932759988134012
1996,95.34046555670051,0.8418189967414084,84.18189967414084,1.489072028321738
1996,104.87451211237058,0.8214073724122057,82.14073724122058,1.4835195433884376
1996,115.36196332360764,0.7869074874925803,78.69074874925803,1.4737385938819014
1996,126.89815965596843,0.7642790517377137,76.42790517377136,1.4670324916501605
1996,139.58797562156528,0.7416385022592095,74.16385022592095,1.4600736880356324
1996,153.5467731837218,0.7072839820232342,70.72839820232342,1.4489985049108771
1996,168.901450502094,0.6804399704425144,68.04399704425144,1.4398717414318016
1996,185.79159555230342,0.6497074535741542,64.97074535741541,1.4288597383830235
1996,204.3707551075338,0.6143232668289905,61.43232668289905,1.4153521130535367
1996,224.8078306182872,0.5897687490157599,58.976874901576,1.405397090665402
1996,247.2886136801159,0.5247786217005245,52.47786217005245,1.3763428607146206
1996,272.01747504812755,0.49102978764642463,49.102978764642465,1.359416285336412
1996,299.2192225529403,0.46219912538915336,46.21991253891534,1.3437549323842863
1996,329.14114480823434,0.42531283691293864,42.531283691293865,1.321819809137659
1996,362.0552592890578,0.3927026928807646,39.270269288076456,1.3003190996993454
1996,398.2607852179636,0.36589502247095734,36.58950224709574,1.2808675586583786
1996,438.08686373976,0.33112863563130673,33.112863563130674,1.25274063515224
1996,481.8955501137361,0.30245545178132305,30.245545178132303,1.2265213366405296
1996,530.0851051251097,0.27379438165497694,27.379438165497692,1.1968854381038077
1996,583.0936156376208,0.24980920885270924,24.980920885270923,1.1687949668296211
1996,641.4029772013829,0.2250850989085535,22.50850989085535,1.1358738580145085
1996,705.5432749215212,0.20399510605565044,20.399510605565045,1.1037692720881076
1996,776.0976024136735,0.18221463095540938,18.221463095540937,1.0656069525916263
1996,853.7073626550408,0.1625903986626449,16.25903986626449,1.0255572683724696
1996,939.0780989205449,0.14660028346113313,14.660028346113313,0.9877271440251407
1996,1032.9859088125995,0.12830856076849462,12.83085607684946,0.9368197231549544
1996,1136.2844996938597,0.11499557849087232,11.499557849087232,0.8929437340950461
1996,1249.9129496632456,0.10186430206781262,10.186430206781262,0.8420224538709026
1996,1374.9042446295703,0.08886627660476554,8.886627660476554,0.7814087758912558
1996,1512.3946690925275,0.07968407408753377,7.968407408753377,0.7301946924786964
1996,1663.6341360017805,0.06783685237005004,6.783685237005003,0.6494671994078158
1996,1829.9975496019586,0.059030175285581035,5.903017528558103,0.5740616089203135
1996,2012.9973045621546,0.05333672517595184,5.333672517595184,0.5152398837279698
1996,2214.2970350183705,0.044590616709670385,4.4590616709670385,0.4020849726960987
1996,2435.7267385202076,0.03758888444719022,3.758888444719022,0.2807505704690878
1996,2679.2994123722283,0.032355755835786364,3.2355755835786364,0.16059288642692157
1996,2947.229353609451,0.02763140361715788,2.763140361715788,0.016235335921722074
1996,3241.952288970397,0.022349820111203983,2.2349820111203984,-0.21786602782534753
1996,3566.147517867437,0.0188489539799639,1.88489539799639,-0.45590772087876774
1996,3922.7622696541807,0.016438322976099623,1.6438322976099622,-0.6991043238007224
1996,4315.0384966196,0.012816319608484452,1.2816319608484452,-1.393785408037658
1996,4746.54234628156,0.010647963077370353,1.0647963077370353,-2.7680626519187914
1996,5221.1965809097155,0.008491720269893763,0.8491720269893763,
1996,5743.316239000688,0.006989618538842655,0.6989618538842655,
1996,6317.647862900757,0.005378493295053966,0.5378493295053967,
1996,6949.412649190834,0.004336713062228198,0.4336713062228198,
1996,7644.353914109917,0.003343387723952466,0.33433877239524656,
1996,8408.789305520912,0.0025438819638768763,0.2543881963876876,
1996,9249.668236073001,0.00204721929473901,0.204721929473901,
1996,10174.635059680302,0.0015384429019636345,0.15384429019636345,
1996,11192.098565648335,0.0013082821528509648,0.13082821528509647,
1996,12311.308422213167,0.0009812116146382236,0.09812116146382237,
1996,13542.439264434486,0.0008116194837130985,0.08116194837130986,
1996,14896.683190877937,0.0006662548000629914,0.06662548000629914,
1996,16386.35150996573,0.0005330038400503931,0.05330038400503931,
1996,18024.986660962306,0.00043609405095032164,0.04360940509503217,
1996,19827.485327058537,0.00033918426185025017,0.03391842618502502,
1996,21810.233859764394,0.0002422744727501787,0.02422744727501787,
1996,23991.257245740835,0.00015747840728761613,0.015747840728761613,
1996,26390.38297031492,8.479606546256254e-05,0.008479606546256254,
1996,29029.421267346414,7.268234182505361e-05,0.007268234182505361,
1996,31932.363394081058,2.422744727501787e-05,0.002422744727501787,
1996,35125.599733489165,2.422744727501787e-05,0.002422744727501787,
1996,38638.15970683809,2.422744727501787e-05,0.002422744727501787,
1996,42501.97567752191,1.2113723637508934e-05,0.0012113723637508934,
1996,46752.1732452741,1.2113723637508934e-05,0.0012113723637508934,
1996,51427.39056980151,1.2113723637508934e-05,0.0012113723637508934,
1996,56570.129626781665,1.2113723637508934e-05,0.0012113723637508934,
1997,0.4598220161258061,0.9827931081511115,98.27931081511116,1.5234035565853223
1997,0.5058042177383867,0.9827817429649498,98.27817429649498,1.5234010359399368
1997,0.5563846395122255,0.9827817429649498,98.27817429649498,1.5234010359399368
1997,0.6120231034634481,0.9827817429649498,98.27817429649498,1.5234010359399368
1997,0.6732254138097928,0.9827703777787881,98.2770377778788,1.523398515259048
1997,0.7405479551907722,0.9827703777787881,98.2770377778788,1.523398515259048
1997,0.8146027507098496,0.9827703777787881,98.2770377778788,1.523398515259048
1997,0.8960630257808346,0.9827703777787881,98.2770377778788,1.523398515259048
1997,0.9856693283589182,0.9827590125926262,98.27590125926262,1.5233959945426545
1997,1.0842362611948102,0.9827476474064645,98.27476474064645,1.5233934737907557
1997,1.1926598873142913,0.9827476474064645,98.27476474064645,1.5233934737907557
1997,1.3119258760457202,0.9827362822203027,98.27362822203027,1.523390953003351
1997,1.4431184636502925,0.982724917034141,98.2724917034141,1.5233884321804387
1997,1.587430310015322,0.9827021866618175,98.27021866618175,1.5233833904280893
1997,1.7461733410168543,0.9826908214756558,98.26908214756558,1.5233808694986501
1997,1.9207906751185397,0.982679456289494,98.2679456289494,1.5233783485337002
1997,2.112869742630394,0.982679456289494,98.2679456289494,1.5233783485337002
1997,2.324156716893434,0.9826567259171706,98.26567259171706,1.5233733064972639
1997,2.556572388582777,0.9826453607310087,98.26453607310087,1.5233707854257756
1997,2.812229627441055,0.9825998999863618,98.25998999863617,1.523360700784668
1997,3.093452590185161,0.9825658044278766,98.25658044278765,1.5233531369308984
1997,3.4027978492036772,0.9825544392417148,98.25544392417149,1.5233506155752676
1997,3.7430776341240453,0.9825089784970678,98.25089784970677,1.5233405297975153
1997,4.11738539753645,0.9824862481247443,98.24862481247443,1.5233354866954885
1997,4.529123937290095,0.9824407873800973,98.24407873800973,1.5233254000650969
1997,4.982036331019105,0.9823157703323181,98.23157703323182,1.5232976589000118
1997,5.480239964121016,0.982179388098377,98.2179388098377,1.5232673909060614
1997,6.028263960533119,0.9820657362367595,98.20657362367595,1.5232421636670492
1997,6.631090356586431,0.9818725280720099,98.18725280720099,1.5231992691987741
1997,7.294199392245074,0.9817134154657453,98.17134154657452,1.523163936622388
1997,8.023619331469583,0.9815202073009955,98.15202073009955,1.5231210234012342
1997,8.82598126461654,0.9814406509978634,98.14406509978633,1.5231033502606595
1997,9.708579391078196,0.9808382961312906,98.08382961312905,1.5229694826917144
1997,10.679437330186015,0.9806223575942173,98.06223575942174,1.5229214680452734
1997,11.74738106320462,0.9800313679138064,98.00313679138064,1.5227899936546896
1997,12.922119169525082,0.9793835523025867,97.93835523025867,1.5226457664995774
1997,14.214331086477591,0.9786789107605582,97.86789107605583,1.5224887558336389
1997,15.63576419512535,0.9779060781015593,97.79060781015593,1.522316392164704
1997,17.19934061463789,0.9773037232349866,97.73037232349866,1.5221819347814074
1997,18.91927467610168,0.975155703050416,97.51557030504159,1.5217016314610907
1997,20.81120214371185,0.9744510615083876,97.44510615083875,1.5215437908013711
1997,22.892322358083035,0.9727917443287721,97.27917443287721,1.5211715515566537
1997,25.18155459389134,0.9704164204209665,97.04164204209665,1.520637339959418
1997,27.699710053280477,0.967177342364868,96.71773423648679,1.5199062961310257
1997,30.46968105860853,0.9654271036959585,96.54271036959585,1.519510033113877
1997,33.516649164469385,0.9609719507205527,96.09719507205527,1.5184973998629876
1997,36.86831408091633,0.952618538891667,95.2618538891667,1.5165831959503127
1997,40.555145489007955,0.9502091194253762,95.02091194253762,1.5160272658528935
1997,44.610660037908765,0.9423671409737692,94.23671409737692,1.5142058969945404
1997,49.07172604169964,0.9339000772832659,93.39000772832658,1.5122184694386973
1997,53.978898645869606,0.9296040369141246,92.96040369141247,1.5112016556996648
1997,59.37678851045658,0.9129426740010002,91.29426740010001,1.5072031724502937
1997,65.31446736150224,0.9023616856844116,90.23616856844116,1.5046173240134553
1997,71.84591409765247,0.8920420966495431,89.20420966495432,1.5020594135783767
1997,79.03050550741771,0.8674819293540028,86.74819293540028,1.4958233339518294
1997,86.9335560581595,0.8534345592580806,85.34345592580806,1.4921585987924924
1997,95.62691166397545,0.8307269173069055,83.07269173069055,1.486075447077332
1997,105.189602830373,0.8146906396326772,81.46906396326771,1.481655304388925
1997,115.70856311341032,0.7737305087057326,77.37305087057325,1.4698628168020498
1997,127.27941942475137,0.7533527299177161,75.3352729917716,1.4637063325048145
1997,140.0073613672265,0.7254171023321362,72.54171023321362,1.4549248993037105
1997,154.00809750394916,0.6943333181797517,69.43333181797517,1.4446498310100637
1997,169.40890725434411,0.6651929808610265,66.51929808610265,1.4344872284541175
1997,186.34979797977854,0.6293358185207074,62.933581852070745,1.421198056354659
1997,204.98477777775642,0.6043892348956675,60.438923489566754,1.4113852665813718
1997,225.48325555553205,0.5403805064326954,54.03805064326954,1.38371314263066
1997,248.03158111108527,0.5080351866163568,50.803518661635685,1.3681216371897942
1997,272.83473922219383,0.4796790471427922,47.96790471427922,1.3533920002957098
1997,300.11821314441323,0.44149202163931445,44.14920216393144,1.3317259345621786
1997,330.1300344588546,0.41289721325635315,41.28972132563531,1.313888598413905
1997,363.1430379047401,0.38188162022093924,38.18816202209393,1.2926772797559638
1997,399.4573416952141,0.3453198163385916,34.53198163385916,1.264659324983646
1997,439.40307586473557,0.31971405191617036,31.971405191617038,1.242667008383264
1997,483.34338345120915,0.2849024867027322,28.49024867027322,1.2088295542414536
1997,531.6777217963302,0.2602286675455744,26.022866754557437,1.1814129257729291
1997,584.8454939759631,0.23377051416102196,23.377051416102194,1.1479593873843972
1997,643.3300433735595,0.2134836568622994,21.34836568622994,1.1187335541121612
1997,707.6630477109156,0.18960540073646406,18.960540073646406,1.0792119740814894
1997,778.4293524820072,0.16884120561894803,16.884120561894804,1.0389944653685688
1997,856.272287730208,0.1516002182115743,15.160021821157429,1.0001397811600385
1997,941.8995165032289,0.13260899213529118,13.260899213529118,0.9496557942925747
1997,1036.089468153552,0.11978906214483794,11.978906214483793,0.9095268231549354
1997,1139.698414968907,0.10537800609173978,10.537800609173978,0.8565275004093816
1997,1253.6682564657979,0.09244442423966905,9.244442423966905,0.7993175165930604
1997,1379.0350821123777,0.08332954493794609,8.33295449379461,0.7515189486870804
1997,1516.9385903236157,0.07174842023912352,7.174842023912352,0.6783282931291232
1997,1668.6324493559773,0.061906169023048595,6.19061690230486,0.600502553576444
1997,1835.4956942915753,0.05610992408055644,5.610992408055644,0.5450691271279069
1997,2019.045263720733,0.04737009592217121,4.737009592217121,0.4417366362358349
1997,2220.949790092807,0.04016456789562213,4.016456789562213,0.32959156064270895
1997,2443.0447691020872,0.034686548165658956,3.4686548165658957,0.2181445634625891
1997,2687.349246012296,0.02950402327590126,2.950402327590126,0.07875715242733441
1997,2956.084170613526,0.023969177615129334,2.3969177615129333,-0.13446480418472495
1997,3251.6925876748787,0.020309587671046053,2.030958767104605,-0.34459395580488306
1997,3576.861846442367,0.01760467336454971,1.7604673364549712,-0.5699047529769318
1997,3934.5480310866046,0.013922353048142929,1.3922353048142928,-1.1059070656505239
1997,4328.002834195265,0.011751602491248807,1.1751602491248807,-1.8238415152928373
1997,4760.8031176147915,0.009296722280310952,0.9296722280310952,
1997,5236.883429376272,0.007785152520798291,0.7785152520798291,
1997,5760.571772313899,0.006034913851888894,0.6034913851888893,
1997,6336.628949545289,0.005000681911169705,0.5000681911169704,
1997,6970.291844499819,0.004046006273582761,0.4046006273582761,
1997,7667.321028949802,0.003239078056098559,0.3239078056098559,
1997,8434.053131844781,0.002659453561849343,0.2659453561849343,
1997,9277.45844502926,0.002136654998408874,0.21366549984088737,
1997,10205.204289532188,0.0016138564349684047,0.16138564349684048,
1997,11225.724718485408,0.0012160749193071783,0.12160749193071782,
1997,12348.29719033395,0.0010228667545574396,0.10228667545574396,
1997,13583.126909367345,0.0007955630313224531,0.0795563031322453,
1997,14941.439600304082,0.0006137200527344638,0.061372005273446384,
1997,16435.58356033449,0.0004318770741464745,0.04318770741464745,
1997,18079.141916367942,0.00035232077101422923,0.035232077101422926,
1997,19887.056108004737,0.00020457335091148793,0.020457335091148793,
1997,21875.761718805214,0.00013638223394099195,0.013638223394099196,
1997,24063.337890685736,0.0001250170477792426,0.01250170477792426,
1997,26469.671679754312,9.092148929399464e-05,0.009092148929399463,
1997,29116.638847729744,5.682593080874665e-05,0.005682593080874665,
1997,32028.30273250272,5.682593080874665e-05,0.005682593080874665,
1997,35231.13300575299,5.682593080874665e-05,0.005682593080874665,
1997,38754.24630632831,3.409555848524799e-05,0.003409555848524799,
1997,42629.670936961134,3.409555848524799e-05,0.003409555848524799,
1997,46892.638030657254,2.273037232349866e-05,0.002273037232349866,
1997,51581.90183372298,2.273037232349866e-05,0.002273037232349866,
1997,56740.09201709528,2.273037232349866e-05,0.002273037232349866,
1997,62414.10121880482,2.273037232349866e-05,0.002273037232349866,
1997,68655.5113406853,1.136518616174933e-05,0.001136518616174933,
1997,75521.06247475384,1.136518616174933e-05,0.001136518616174933,
1997,83073.16872222924,1.136518616174933e-05,0.001136518616174933,
1997,91380.48559445216,1.136518616174933e-05,0.001136518616174933,
1998,0.4198386471319267,0.9838305367990786,98.38305367990786,1.523633494890715
1998,0.4618225118451194,0.9838192452744969,98.3819245274497,1.5236309937985137
1998,0.5080047630296314,0.9838192452744969,98.3819245274497,1.5236309937985137
1998,0.5588052393325946,0.9838192452744969,98.3819245274497,1.5236309937985137
1998,0.614685763265854,0.9838192452744969,98.3819245274497,1.5236309937985137
1998,0.6761543395924395,0.9837966622253337,98.37966622253337,1.5236259915092263
1998,0.7437697735516835,0.9837966622253337,98.37966622253337,1.5236259915092263
1998,0.8181467509068521,0.9837966622253337,98.37966622253337,1.5236259915092263
1998,0.8999614259975374,0.9837740791761703,98.37740791761703,1.523620989080086
1998,0.9899575685972911,0.9837740791761703,98.37740791761703,1.523620989080086
1998,1.0889533254570203,0.9837627876515888,98.37627876515887,1.5236184878130687
1998,1.1978486580027223,0.9837627876515888,98.37627876515887,1.5236184878130687
1998,1.3176335238029948,0.9837514961270071,98.37514961270071,1.5236159865110859
1998,1.4493968761832943,0.9837402046024254,98.37402046024253,1.5236134851741359
1998,1.5943365638016238,0.9837402046024254,98.37402046024253,1.5236134851741359
1998,1.7537702201817864,0.9836950385040988,98.36950385040988,1.5236034794766502
1998,1.9291472421999651,0.9836837469795172,98.36837469795172,1.5236009779648527
1998,2.1220619664199623,0.9836837469795172,98.36837469795172,1.5236009779648527
1998,2.3342681630619584,0.9836724554549355,98.36724554549356,1.523598476418083
1998,2.5676949793681545,0.9836611639303539,98.36611639303538,1.5235959748363401
1998,2.82446447730497,0.9836498724057722,98.36498724057722,1.523593473219623
1998,3.106910925035467,0.9836385808811906,98.36385808811906,1.5235909715679312
1998,3.4176020175390143,0.9835369571599557,98.35369571599557,1.523568455128681
1998,3.759362219292916,0.9835143741107925,98.35143741107925,1.5235634510907134
1998,4.135298441222208,0.9835030825862108,98.35030825862108,1.5235609490192512
1998,4.548828285344429,0.9834127503895576,98.34127503895576,1.5235409311879553
1998,5.003711113878873,0.983401458864976,98.3401458864976,1.5235384288015799
1998,5.50408222526676,0.983333709717486,98.33337097174861,1.5235234137484022
1998,6.0544904477934365,0.9832320859962512,98.32320859962512,1.5235008888060513
1998,6.65993949257278,0.9831869198979246,98.31869198979246,1.52349087681038
1998,7.325933441830059,0.9830514216029448,98.30514216029448,1.5234608374619685
1998,8.058526786013067,0.9830401300783632,98.30401300783632,1.523458333955306
1998,8.864379464614373,0.9827352589146586,98.27352589146587,1.5233907260333968
1998,9.750817411075811,0.9826110521442605,98.26110521442605,1.5233631747410943
1998,10.725899152183393,0.982306180980556,98.2306180980556,1.523295530854323
1998,11.798489067401734,0.9819674352431065,98.19674352431065,1.523220340983361
1998,12.978337974141908,0.981470608161514,98.1470608161514,1.5231100053393645
1998,14.276171771556099,0.9809060319324315,98.09060319324315,1.5229845413177985
1998,15.703788948711711,0.9805221200966554,98.05221200966554,1.5228991755299721
1998,17.274167843582884,0.9789751812289695,97.89751812289695,1.522554788616781
1998,19.001584627941174,0.9785573948194485,97.85573948194485,1.522461665309663
1998,20.901743090735295,0.9773492016892121,97.7349201689212,1.5221920899845902
1998,22.991917399808823,0.9751586459203722,97.51586459203722,1.5217022903765338
1998,25.291109139789707,0.9724148054470314,97.24148054470314,1.5210868839682261
1998,27.820220053768683,0.9702016666290283,97.02016666290282,1.5205889631900278
1998,30.602242059145553,0.9668029177299519,96.68029177299519,1.5198215979948577
1998,33.66246626506011,0.9601860843251055,96.01860843251056,1.5183181827318462
1998,37.02871289156612,0.9562679252952734,95.62679252952734,1.5174219688935358
1998,40.73158418072274,0.9517513154626137,95.17513154626137,1.5163832975018776
1998,44.804742598795016,0.9405614146021996,94.05614146021996,1.513783881303822
1998,49.285216858674524,0.9355028115896208,93.55028115896208,1.512596353461359
1998,54.21373854454198,0.9266615478421897,92.66615478421897,1.5105018934534677
1998,59.635112398996185,0.9103791693954518,91.03791693954518,1.506580060144502
1998,65.5986236388958,0.89975384476412,89.975384476412,1.5039743085968889
1998,72.1584860027854,0.8863282220365394,88.63282220365394,1.50062750669305
1998,79.37433460306393,0.864433955872722,86.44339558727219,1.495034367887717
1998,87.31176806337034,0.8452722386576635,84.52722386576636,1.489995073205978
1998,96.04294486970737,0.8274203382940765,82.74203382940765,1.4851726543795674
1998,105.64723935667813,0.8065310178180258,80.65310178180258,1.4793650495931512
1998,116.21196329234596,0.768241457961654,76.8241457961654,1.4682242843724962
1998,127.83315962158055,0.7418192904405952,74.18192904405953,1.4601302872761057
1998,140.6164755837386,0.7149341704116889,71.4934170411689,1.45152140519622
1998,154.6781231421125,0.682922698222714,68.29226982227141,1.4407343871973703
1998,170.14593545632377,0.6447573451367403,64.47573451367403,1.4270256980733547
1998,187.16052900195615,0.6187868385989477,61.878683859894764,1.4171086264538042
1998,205.87658190215177,0.5880513086876991,58.80513086876991,1.4046815535259176
1998,226.46424009236696,0.5219958898850523,52.199588988505226,1.3749994685698628
1998,249.1106641016037,0.4927734242677446,49.27734242677446,1.3603261852160677
1998,274.0217305117641,0.45556785077121115,45.55678507712111,1.3399780220380144
1998,301.4239035629405,0.4245161581716763,42.451615817167635,1.32131973851499
1998,331.56629391923457,0.392324021589395,39.2324021589395,1.3000562281136543
1998,364.72292331115807,0.35517490571576976,35.51749057157698,1.2725726734431226
1998,401.1952156422739,0.32884307039136423,32.884307039136424,1.2507596930737142
1998,441.3147372065014,0.294460378040243,29.4460378040243,1.218632630438697
1998,485.4462109271515,0.26977710530475824,26.977710530475825,1.1924095030486375
1998,533.9908320198667,0.24178541586685035,24.178541586685036,1.1585984411401284
1998,587.3899152218535,0.22149454619362707,22.149454619362707,1.1306963379874821
1998,646.1289067440389,0.19800817506379711,19.800817506379712,1.0938420039465706
1998,710.7417974184428,0.1768591495223685,17.68591495223685,1.0552762189311287
1998,781.815977160287,0.16020415076443623,16.020415076443623,1.0202412403690992
1998,859.997574876316,0.1404326912219688,14.04326912219688,0.9715904116541313
1998,945.9973323639476,0.12678123800275512,12.678123800275513,0.9321160376650355
1998,1040.5970656003424,0.11215871366951966,11.215871366951966,0.882663568005909
1998,1144.6567721603767,0.0991057112531334,9.910571125313341,0.8301234979399501
1998,1259.1224493764144,0.08923691876877216,8.923691876877216,0.7833122142746983
1998,1385.0346943140562,0.0773582349088774,7.73582349088774,0.7158191878843612
1998,1523.5381637454618,0.0675459000474244,6.7545900047424405,0.6472196093668163
1998,1675.8919801200082,0.06082744292134324,6.082744292134324,0.5908131681849847
1998,1843.481178132009,0.050586030125787586,5.058603012578758,0.4830989850064743
1998,2027.8292959452103,0.04305458322982769,4.305458322982769,0.37835670319852244
1998,2230.6122255397313,0.03734107179151329,3.7341071791513287,0.2757426414744861
1998,2453.673448093705,0.03237280097558772,3.2372800975587723,0.16104131436909486
1998,2699.0407929030757,0.02713353356970258,2.7133533569702584,-0.001816377577553997
1998,2968.944872193383,0.023316998261105216,2.3316998261105217,-0.1665298558173904
1998,3265.8393594127215,0.02027957814864163,2.027957814864163,-0.34668319362716166
1998,3592.4232953539945,0.016350127594227774,1.6350127594227775,-0.709986960602114
1998,3951.6656248893937,0.013719202366703553,1.3719202366703553,-1.1513443299471788
1998,4346.832187378333,0.011381856778302207,1.1381856778302206,-2.0445727155519027
1998,4781.5154061161675,0.009451006074840226,0.9451006074840226,
1998,5259.666946727784,0.007362074027235157,0.7362074027235157,
1998,5785.633641400564,0.005984508028273977,0.5984508028273977,
1998,6364.197005540621,0.004900521668435672,0.49005216684356717,
1998,7000.616706094684,0.003748786161107473,0.3748786161107473,
1998,7700.678376704152,0.0029583794403920415,0.29583794403920416,
1998,8470.746214374567,0.002303471014656399,0.23034710146563991,
1998,9317.820835812026,0.0018405185068087894,0.18405185068087893,
1998,10249.602919393228,0.0013549829497978816,0.13549829497978816,
1998,11274.563211332554,0.0010275287369300604,0.10275287369300604,
1998,12402.019532465809,0.000812989769878729,0.0812989769878729,
1998,13642.22148571239,0.0005758677536640998,0.05758677536640998,
1998,15006.44363428363,0.00044036945868431153,0.044036945868431154,
1998,16507.087997711995,0.0003387457374494704,0.03387457374494704,
1998,18157.7967974832,0.00021453896705133128,0.02145389670513313,
1998,19973.576477231516,0.00018066439330638424,0.018066439330638423,
1998,21970.93412495467,0.0001467898195614372,0.01467898195614372,
1998,24168.02753745014,0.00012420677039813916,0.012420677039813916,
1998,26584.830291195158,0.00011291524581649014,0.011291524581649014,
1998,29243.313320314675,7.90406720715431e-05,0.00790406720715431,
1998,32167.64465234614,6.774914748989408e-05,0.006774914748989409,
1998,35384.40911758076,5.645762290824507e-05,0.005645762290824507,
1998,38922.85002933884,4.516609832659606e-05,0.004516609832659606,
1998,42815.13503227273,3.387457374494704e-05,0.0033874573744947043,
1998,47096.648535500004,3.387457374494704e-05,0.0033874573744947043,
1998,51806.31338905001,2.258304916329803e-05,0.002258304916329803,
1998,56986.944727955015,2.258304916329803e-05,0.002258304916329803,
1998,62685.63920075052,1.1291524581649015e-05,0.0011291524581649014,
1999,0.339344641828083,0.9851205075378527,98.51205075378527,1.5239189957254262
1999,0.3732791060108913,0.9851096068107743,98.51096068107744,1.5239165850462193
1999,0.4106070166119805,0.9850987060836958,98.50987060836958,1.5239141743345253
1999,0.4516677182731786,0.9850987060836958,98.50987060836958,1.5239141743345253
1999,0.49683449010049646,0.9850987060836958,98.50987060836958,1.5239141743345253
1999,0.5465179391105461,0.9850660039024602,98.50660039024602,1.5239069420045135
1999,0.6011697330216008,0.9850660039024602,98.50660039024602,1.5239069420045135
1999,0.661286706323761,0.9850660039024602,98.50660039024602,1.5239069420045135
1999,0.7274153769561372,0.9850660039024602,98.50660039024602,1.5239069420045135
1999,0.800156914651751,0.9850551031753818,98.50551031753818,1.5239045311628634
1999,0.8801726061169262,0.9850551031753818,98.50551031753818,1.5239045311628634
1999,0.9681898667286187,0.9850551031753818,98.50551031753818,1.5239045311628634
1999,1.0650088534014808,0.9850333017212248,98.50333017212249,1.5238997093820894
1999,1.171509738741629,0.9850333017212248,98.50333017212249,1.5238997093820894
1999,1.2886607126157918,0.9850224009941463,98.50224009941464,1.523897298442964
1999,1.4175267838773713,0.9850224009941463,98.50224009941464,1.523897298442964
1999,1.5592794622651083,0.9849787980858323,98.49787980858324,1.5238876543615185
1999,1.7152074084916196,0.9849351951775184,98.49351951775184,1.5238780097601252
1999,1.8867281493407815,0.9849242944504398,98.49242944504398,1.5238755985285288
1999,2.0754009642748596,0.9848588900879689,98.48588900879689,1.5238611304564067
1999,2.282941060702346,0.9848479893608904,98.48479893608904,1.5238587189972879
1999,2.5112351667725807,0.9848479893608904,98.48479893608904,1.5238587189972879
1999,2.7623586834498393,0.9847716842713409,98.47716842713409,1.5238418378732295
1999,3.0385945517948234,0.9847171806359484,98.47171806359484,1.523829778952125
1999,3.3424540069743056,0.9846408755463989,98.46408755463989,1.5238128950968746
1999,3.676699407671737,0.984531868275614,98.4531868275614,1.5237887725392285
1999,4.04436934843891,0.984444662458986,98.4444662458986,1.5237694721509882
1999,4.448806283282802,0.9843247544611226,98.43247544611225,1.5237429307170043
1999,4.893686911611083,0.9842157471903376,98.42157471903376,1.523718798723408
1999,5.383055602772191,0.9837797181071978,98.37797181071977,1.5236222381872613
1999,5.9213611630494105,0.9835617035656278,98.35617035656277,1.52357393837073
1999,6.513497279354353,0.9831910788449589,98.31910788449589,1.5234917987500394
1999,7.164847007289788,0.9828422555784471,98.2842255578447,1.5234144564147798
1999,7.8813317080187675,0.9823626235869932,98.23626235869932,1.523308056096849
1999,8.669464878820646,0.9815777712373416,98.15777712373416,1.523133809930351
1999,9.536411366702712,0.9809455290667888,98.09455290667887,1.522993321504478
1999,10.490052503372983,0.9793540229133283,97.93540229133284,1.5226391894217686
1999,11.539057753710281,0.97890709310311,97.890709310311,1.5225396152850306
1999,12.692963529081311,0.9777625167598679,97.77625167598679,1.5222843556257635
1999,13.962259881989443,0.9756259742524827,97.56259742524827,1.5218068955513202
1999,15.35848587018839,0.9731842113868995,97.31842113868994,1.5212596645990795
1999,16.89433445720723,0.97165810959591,97.165810959591,1.5209167950126787
1999,18.583767902927953,0.9682897849286547,96.82897849286547,1.520157704847026
1999,20.44214469322075,0.96194556176897,96.194556176897,1.5187191846072123
1999,22.48635916254283,0.9597218134449568,95.97218134449568,1.518212221535193
1999,24.734995078797112,0.9540752368182958,95.40752368182957,1.5169184716780255
1999,27.208494586676824,0.946564635861212,94.65646358612119,1.5151830917685893
1999,29.929344045344507,0.9391630421749131,93.9163042174913,1.5134563884244305
1999,32.92227844987897,0.9305187656016656,93.05187656016656,1.5114186393720455
1999,36.214506294866865,0.9144510938879623,91.44510938879623,1.507568826830437
1999,39.83595692435355,0.9041608075258619,90.4160807525862,1.5050596111368535
1999,43.81955261678891,0.8904367921340354,89.04367921340354,1.5016582567972605
1999,48.20150787846781,0.8692348779663603,86.92348779663604,1.4962755482608403
1999,53.021658666314586,0.8468992881825218,84.68992881825218,1.4904283802862863
1999,58.323824532946055,0.8303519844773647,83.03519844773646,1.4859733011572904
1999,64.15620698624066,0.8098477168427134,80.98477168427134,1.480299401668475
1999,70.57182768486474,0.7729378549549255,77.29378549549256,1.4696270871436141
1999,77.62901045335121,0.7465362939708079,74.65362939708079,1.4616010581136967
1999,85.39191149868635,0.7210503940612839,72.10503940612838,1.4535145809100973
1999,93.931102648555,0.6903212444270033,69.03212444270032,1.4432822528392377
1999,103.32421291341049,0.6525175229187787,65.25175229187788,1.4298931928701841
1999,113.65663420475155,0.6268245091947633,62.68245091947633,1.4202322791826991
1999,125.02229762522673,0.5942422359571383,59.42422359571383,1.407248763074923
1999,137.5245273877494,0.5573432747964289,55.734327479642886,1.3914302123729951
1999,151.27698012652436,0.4981632274872734,49.81632274872734,1.3631134213199791
1999,166.4046781391768,0.4592585325441207,45.92585325441207,1.3420885777855875
1999,183.0451459530945,0.425956811319315,42.5956811319315,1.322223161772158
1999,201.349660548404,0.3967428627489454,39.67428627489454,1.3031038417916332
1999,221.48462660324438,0.3566390878271581,35.66390878271581,1.2737243692396476
1999,243.63308926356885,0.32963798685372314,32.96379868537231,1.25145066488064
1999,267.99639818992574,0.2987344255861866,29.873442558618663,1.2228838215982634
1999,294.79603800891834,0.2699456053718783,26.99456053718783,1.1925989821787504
1999,324.2756418098102,0.2431516182129348,24.31516182129348,1.160365715979266
1999,356.7032059907913,0.21732779576397745,21.732779576397746,1.124546958959762
1999,392.37352658987044,0.19780459356639088,19.78045935663909,1.0934974130367918
1999,431.6108792488575,0.1771477157526407,17.71477157526407,1.0558435545799174
1999,474.7719671737433,0.16003357423940176,16.003357423940177,1.0198571131552485
1999,522.2491638911176,0.1407174858563066,14.071748585630662,0.972356891573512
1999,574.4740802802295,0.1274622017288553,12.74622017288553,0.9342228935372239
1999,631.9214883082524,0.11257180853962959,11.257180853962959,0.8841832484420284
1999,695.1136371390778,0.09937102804757077,9.937102804757076,0.8312884668372741
1999,764.6250008529856,0.08656267373033781,8.656267373033781,0.7693132809897285
1999,841.0875009382842,0.07719894916990963,7.719894916990963,0.7148111882139626
1999,925.1962510321126,0.06738829479926312,6.738829479926311,0.645995949747363
1999,1017.715876135324,0.06117488036452031,6.117488036452031,0.593962864359137
1999,1119.4874637488565,0.05156043908128672,5.156043908128672,0.4947996517143882
1999,1231.4362101237423,0.04388632721802544,4.388632721802544,0.39137816856772734
1999,1354.5798311361166,0.03793453023316655,3.793453023316655,0.2876395907384301
1999,1490.0378142497284,0.03302920304784329,3.302920304784329,0.1779846811179889
1999,1639.0415956747015,0.02730632133163282,2.730632133163282,0.004522889300724222
1999,1802.9457552421716,0.023185846495961282,2.3185846495961284,-0.17321482759298182
1999,1983.240330766389,0.019839323282862968,1.9839323282862968,-0.37821834615422495
1999,2181.5643638430283,0.015555337541013986,1.5555337541013987,-0.8168555783922611
1999,2399.720800227331,0.012971865223410402,1.2971865223410401,-1.3463135308171899
1999,2639.6928802500643,0.010551903811984259,1.0551903811984258,-2.9239474436919175
1999,2903.6621682750715,0.00891679475020984,0.8916794750209839,
1999,3194.0283851025783,0.007194479871807449,0.7194479871807449,
1999,3513.4312236128367,0.0058972933494664094,0.5897293349466409,
1999,3864.774345974121,0.004741816279145819,0.47418162791458185,
1999,4251.251780571532,0.003684445752531694,0.36844457525316937,
1999,4676.376958628686,0.002964997765350949,0.2964997765350949,
1999,5144.014654491556,0.002245549778170204,0.22455497781702038,
1999,5658.416119940713,0.0017550170596378777,0.17550170596378778,
1999,6224.257731934783,0.0013189879764980324,0.13189879764980322,
1999,6846.683505128262,0.0010028668912216445,0.10028668912216444,
1999,7531.35185564109,0.0006758450788667605,0.06758450788667604,
1999,8284.487041205199,0.0005014334456108222,0.05014334456108222,
1999,9112.93574532572,0.0003924261748258609,0.03924261748258609,
1999,10024.229319858292,0.0003052203581978918,0.03052203581978918,
1999,11026.652251844123,0.00017441163325593816,0.017441163325593815,
1999,12129.317477028535,0.00014170945202044975,0.014170945202044975,
1999,13342.24922473139,9.810654370646523e-05,0.009810654370646522,
1999,14676.474147204532,7.630508954947295e-05,0.007630508954947295,
1999,16144.121561924985,5.450363539248068e-05,0.005450363539248068,
1999,17758.533718117484,2.180145415699227e-05,0.002180145415699227,
1999,19534.387089929234,2.180145415699227e-05,0.002180145415699227,
1999,21487.82579892216,2.180145415699227e-05,0.002180145415699227,
1999,23636.608378814377,2.180145415699227e-05,0.002180145415699227,
1999,26000.269216695815,1.0900727078496135e-05,0.0010900727078496134,
1999,28600.296138365404,1.0900727078496135e-05,0.0010900727078496134,
2001,0.227143557687889,0.98141447206255,98.141447206255,1.523097534324745
2001,0.2498579134566779,0.9814046123660314,98.14046123660314,1.5230953438366743
2001,0.2748437048023457,0.9814046123660314,98.14046123660314,1.5230953438366743
2001,0.3023280752825803,0.9814046123660314,98.14046123660314,1.5230953438366743
2001,0.33256088281083834,0.9814046123660314,98.14046123660314,1.5230953438366743
2001,0.36581697109192224,0.9813947526695128,98.13947526695128,1.5230931533217984
2001,0.4023986682011145,0.9813947526695128,98.13947526695128,1.5230931533217984
2001,0.442638535021226,0.9813947526695128,98.13947526695128,1.5230931533217984
2001,0.48690238852334866,0.9813947526695128,98.13947526695128,1.5230931533217984
2001,0.5355926273756836,0.9813947526695128,98.13947526695128,1.5230931533217984
2001,0.589151890113252,0.9813947526695128,98.13947526695128,1.5230931533217984
2001,0.6480670791245772,0.9813848929729942,98.13848929729943,1.5230909627801168
2001,0.712873787037035,0.9813454541869201,98.13454541869201,1.5230822003453195
2001,0.7841611657407386,0.9813355944904015,98.13355944904015,1.5230800096695998
2001,0.8625772823148125,0.9813257347938831,98.13257347938831,1.5230778189670704
2001,0.9488350105462938,0.9813257347938831,98.13257347938831,1.5230778189670704
2001,1.043718511600923,0.9813060154008459,98.1306015400846,1.5230734374815809
2001,1.1480903627610157,0.9812862960078089,98.1286296007809,1.5230690558888462
2001,1.2628993990371173,0.9812764363112904,98.12764363112903,1.5230668650522607
2001,1.3891893389408292,0.9812074184356605,98.12074184356605,1.5230515284453592
2001,1.5281082728349122,0.9811876990426235,98.11876990426235,1.5230471463163262
2001,1.6809191001184036,0.9811778393461049,98.11778393461049,1.523044955211582
2001,1.8490110101302442,0.9810496632913639,98.10496632913639,1.5230164684091398
2001,2.0339121111432688,0.9810200842018083,98.10200842018084,1.5230098938878516
2001,2.2373033222575955,0.9809412066296599,98.09412066296599,1.5229923606505655
2001,2.4610336544833555,0.9809116275401043,98.09116275401043,1.5229857852438422
2001,2.7071370199316913,0.9807144336097335,98.07144336097335,1.5229419430260354
2001,2.9778507219248604,0.9804580815002514,98.04580815002514,1.5228849320871722
2001,3.275635794117347,0.9803792039281031,98.0379203928103,1.5228673866068714
2001,3.6031993735290815,0.979886219102176,97.9886219102176,1.5227576883832408
2001,3.96351931088199,0.9797679027439535,97.97679027439536,1.5227313508060014
2001,4.35987124197019,0.9794425327588416,97.94425327588417,1.5226589024874286
2001,4.7958583661672085,0.979028425505063,97.90284255050629,1.5225666531242927
2001,5.27544420278393,0.9783382467487651,97.83382467487651,1.5224127985103786
2001,5.802988623062324,0.9778156828332824,97.78156828332824,1.5222962206088435
2001,6.383287485368557,0.9773621367934295,97.73621367934295,1.5221949782496296
2001,7.021616233905413,0.975676128688759,97.5676128688759,1.5218181183213142
2001,7.723777857295954,0.9752423020419432,97.52423020419431,1.521721020163934
2001,8.496155643025551,0.9742957711761632,97.42957711761632,1.5215089868559797
2001,9.345771207328108,0.9725308854993443,97.25308854993443,1.5211129619999548
2001,10.280348328060919,0.9702631553000799,97.02631553000799,1.5206028158420404
2001,11.308383160867011,0.9690898514143734,96.90898514143734,1.5203382999829693
2001,12.439221476953714,0.9662798379065892,96.62798379065892,1.519703205791589
2001,13.683143624649086,0.9614978850950968,96.14978850950968,1.5186172396322875
2001,15.051457987113997,0.960117527582501,96.0117527582501,1.5183025398609955
2001,16.5566037858254,0.9564102816915295,95.64102816915295,1.5174546088820104
2001,18.212264164407937,0.9496563895763288,94.96563895763288,1.5158994909564731
2001,20.03349058084873,0.9463533912426175,94.63533912426175,1.5151340395290802
2001,22.03683963893361,0.9378050343610423,93.78050343610424,1.5131377788082905
2001,24.240523602826972,0.93018348895221,93.01834889522101,1.511339138313239
2001,26.66457596310967,0.9191997870305552,91.91997870305552,1.5087151594547148
2001,29.331033559420643,0.9073582915117873,90.73582915117872,1.5058430167843415
2001,32.264136915362705,0.8905672283407117,89.05672283407117,1.501690885084509
2001,35.49055060689898,0.8723760882640033,87.23760882640033,1.4970831118739674
2001,39.03960566758888,0.8604951539591611,86.0495153959161,1.494009752352038
2001,42.94356623434777,0.8326316515977639,83.26316515977639,1.4865934972725863
2001,47.23792285778256,0.8152391469390572,81.52391469390572,1.4818082494994835
2001,51.96171514356081,0.789909586582925,78.9909586582925,1.4746104570953815
2001,57.1578866579169,0.7686619405854688,76.86619405854688,1.4683503110298788
2001,62.873675323708596,0.7307218283821224,73.07218283821224,1.4566241488769864
2001,69.16104285607945,0.6971495617364898,69.71495617364897,1.4456039713925906
2001,76.0771471416874,0.6748567879080681,67.48567879080682,1.4379175108093645
2001,83.68486185585616,0.6404168679688039,64.0416867968804,1.4254031034663455
2001,92.05334804144178,0.6048628023229445,60.486280232294455,1.4115762064931536
2001,101.25868284558598,0.5782613411159204,57.82613411159204,1.4005524351492749
2001,111.38455113014457,0.5417903236938367,54.17903236938367,1.3843659972568079
2001,122.52300624315905,0.5141338749593287,51.413387495932874,1.371154985838375
2001,134.77530686747497,0.44931623004643917,44.93162300464392,1.3363532693023348
2001,148.25283755422248,0.4096802500419037,40.96802500419037,1.3117841231243845
2001,163.07812130964473,0.3798250889837611,37.98250889837611,1.2911937437989605
2001,179.3859334406092,0.3455823629748676,34.55823629748676,1.2648738800407056
2001,197.32452678467016,0.3164962582451712,31.64962582451712,1.2397432431503461
2001,217.0569794631372,0.28693688808258483,28.693688808258482,1.2109515550283287
2001,238.76267740945093,0.25727892095481303,25.7278920954813,1.177908779202493
2001,262.63894515039607,0.23124932214586436,23.124932214586437,1.1445129973416404
2001,288.90283966543564,0.20673811660077102,20.673811660077103,1.1081888738175139
2001,317.79312363197926,0.1868018102402808,18.68018102402808,1.0741362198425195
2001,349.5724359951772,0.16386815613815406,16.386815613815404,1.0283604412611305
2001,384.529679594695,0.14827011624582195,14.827011624582195,0.9919363256145449
2001,422.9826475541645,0.13126213975133846,13.126213975133846,0.9456985703111301
2001,465.280912309581,0.11672894708300878,11.672894708300879,0.8990507588823925
2001,511.80900354053915,0.10256056318586514,10.256056318586513,0.844952995386729
2001,562.989903894593,0.09128107036865406,9.128107036865405,0.793606959617632
2001,619.2888942840524,0.08072133539729646,8.072133539729647,0.7364067584728685
2001,681.2177837124576,0.07348431815268726,7.348431815268726,0.6903868403206763
2001,749.3395620837035,0.06199777170858681,6.199777170858681,0.6013132946100398
2001,824.273518292074,0.052877552428936235,5.287755242893623,0.5100616216476712
2001,906.7008701212814,0.04621239758240241,4.621239758240241,0.4257009846982886
2001,997.3709571334097,0.04042475572601875,4.042475572601875,0.3342249059818056
2001,1097.1080528467508,0.033542687556077026,3.3542687556077024,0.19081355587716675
2001,1206.8188581314257,0.029046665943622256,2.9046665943622254,0.06421216864160477
2001,1327.5007439445685,0.025201384301391204,2.5201384301391205,-0.07870361932573339
2001,1460.2508183390257,0.02084339844019601,2.0843398440196013,-0.3086303861786488
2001,1606.2759001729282,0.018023525235893238,1.8023525235893239,-0.5291716049719403
2001,1766.9034901902212,0.015055756583812351,1.5055756583812352,-0.8936115538329673
2001,1943.5938392092437,0.012600692150695602,1.2600692150695603,-1.4646163911273624
2001,2137.9532231301678,0.01002731135935636,1.002731135935636,-5.904401679218259
2001,2351.748545443185,0.008538497185056644,0.8538497185056645,
2001,2586.9233999875037,0.007276456030683376,0.7276456030683376,
2001,2845.615739986254,0.005620027015568461,0.5620027015568461,
2001,3130.1773139848797,0.004604478274158721,0.46044782741587215,
2001,3443.1950453833683,0.0032635595476371237,0.3263559547637124,
2001,3787.5145499217056,0.002543801701783619,0.2543801701783619,
2001,4166.266004913876,0.0019522199106711496,0.19522199106711496,
2001,4582.8926054052645,0.0015578320499295031,0.1557832049929503,
2001,5041.181865945791,0.0011831635822249391,0.11831635822249391,
2001,5545.30005254037,0.0008183548110389162,0.08183548110389162,
2001,6099.830057794408,0.0006605996667422576,0.06605996667422577,
2001,6709.81306357385,0.0005521430050383049,0.05521430050383049,
2001,7380.794369931235,0.00035494907466748174,0.035494907466748174,
2001,8118.873806924359,0.00025635210948207017,0.02563521094820702,
2001,8930.761187616796,0.00019719393037082318,0.019719393037082318,
2001,9823.837306378477,0.00015775514429665856,0.015775514429665856,
2001,10806.221037016325,0.0001478954477781174,0.014789544777811739,
2001,11886.843140717958,9.859696518541159e-05,0.009859696518541159,
2001,13075.527454789755,6.901787562978811e-05,0.0069017875629788115,
2001,14383.080200268732,4.9298482592705796e-05,0.0049298482592705795,
2001,15821.388220295607,3.943878607416464e-05,0.003943878607416464,
2001,17403.527042325168,2.957908955562348e-05,0.002957908955562348,
2001,19143.87974655769,9.85969651854116e-06,0.000985969651854116,
2001,21058.26772121346,9.85969651854116e-06,0.000985969651854116,
2001,23164.094493334804,9.85969651854116e-06,0.000985969651854116,
2001,25480.50394266829,9.85969651854116e-06,0.000985969651854116,
2002,0.10732438595014578,0.9863831015734014,98.63831015734014,1.5241979968896686
2002,0.11805682454516037,0.9863734783236299,98.63734783236299,1.5241958720413424
2002,0.1298625069996764,0.9863734783236299,98.63734783236299,1.5241958720413424
2002,0.14284875769964406,0.9863734783236299,98.63734783236299,1.5241958720413424
2002,0.15713363346960849,0.9863734783236299,98.63734783236299,1.5241958720413424
2002,0.17284699681656934,0.9863734783236299,98.63734783236299,1.5241958720413424
2002,0.19013169649822628,0.9863638550738585,98.63638550738585,1.5241937471677705
2002,0.20914486614804895,0.9863638550738585,98.63638550738585,1.5241937471677705
2002,0.23005935276285386,0.9863638550738585,98.63638550738585,1.5241937471677705
2002,0.2530652880391393,0.9863638550738585,98.63638550738585,1.5241937471677705
2002,0.27837181684305323,0.986354231824087,98.6354231824087,1.5241916222689522
2002,0.30620899852735856,0.986354231824087,98.6354231824087,1.5241916222689522
2002,0.3368298983800944,0.986354231824087,98.6354231824087,1.5241916222689522
2002,0.3705128882181039,0.986354231824087,98.6354231824087,1.5241916222689522
2002,0.4075641770399143,0.986354231824087,98.6354231824087,1.5241916222689522
2002,0.44832059474390584,0.986354231824087,98.6354231824087,1.5241916222689522
2002,0.4931526542182964,0.986354231824087,98.6354231824087,1.5241916222689522
2002,0.5424679196401262,0.986354231824087,98.6354231824087,1.5241916222689522
2002,0.5967147116041388,0.986354231824087,98.6354231824087,1.5241916222689522
2002,0.6563861827645527,0.986354231824087,98.6354231824087,1.5241916222689522
2002,0.722024801041008,0.986354231824087,98.6354231824087,1.5241916222689522
2002,0.7942272811451089,0.986354231824087,98.6354231824087,1.5241916222689522
2002,0.8736500092596199,0.9863446085743155,98.63446085743155,1.5241894973448875
2002,0.9610150101855819,0.9863253620747726,98.63253620747726,1.5241852474210156
2002,1.05711651120414,0.9863253620747726,98.63253620747726,1.5241852474210156
2002,1.1628281623245544,0.9862868690756869,98.62868690756869,1.524176747270287
2002,1.2791109785570098,0.9862868690756869,98.62868690756869,1.524176747270287
2002,1.407022076412711,0.9861713900784295,98.61713900784295,1.5241512443939016
2002,1.5477242840539822,0.9861521435788866,98.61521435788866,1.5241469935609284
2002,1.7024967124593804,0.9860174180820863,98.60174180820863,1.5241172349009282
2002,1.8727463837053187,0.9859789250830006,98.59789250830005,1.5241087315171273
2002,2.060021022075851,0.9858345763364288,98.58345763364288,1.5240768402268372
2002,2.2660231242834357,0.9857768368378002,98.57768368378001,1.5240640821183917
2002,2.4926254367117795,0.9857287205889429,98.57287205889429,1.5240534496661564
2002,2.741887980382958,0.9852860510994563,98.52860510994563,1.5239556014398554
2002,3.016076778421254,0.9852475581003705,98.52475581003705,1.5239470903683676
2002,3.31768445626338,0.9848914978588269,98.48914978588269,1.5238683437542504
2002,3.6494529018897177,0.9845739306163691,98.4573930616369,1.5237980810306988
2002,4.014398192078691,0.9843910888707117,98.43910888707117,1.5237576142137879
2002,4.415838011286559,0.9835923591396815,98.35923591396815,1.5235807307174325
2002,4.857421812415216,0.983130443150652,98.3130443150652,1.5234783567882868
2002,5.343163993656738,0.983024587403166,98.3024587403166,1.5234548878451313
2002,5.877480393022412,0.9820237694269355,98.20237694269355,1.5232328474191965
2002,6.465228432324654,0.9811191839484193,98.11191839484194,1.5230319197610676
2002,7.11175127555712,0.9802627147187605,98.02627147187604,1.5228414716712224
2002,7.822926403112833,0.9792041572439013,97.92041572439012,1.5226058061322747
2002,8.605219043424116,0.9774431025357263,97.74431025357264,1.5222130559422808
2002,9.465740947766529,0.9754992060818939,97.54992060818938,1.5217785262324646
2002,10.412315042543183,0.9740942116152624,97.40942116152624,1.5214638028880187
2002,11.453546546797503,0.9704662464514267,97.04662464514267,1.5206485622151402
2002,12.598901201477252,0.967916085261993,96.7916085261993,1.5200732891119237
2002,13.85879132162498,0.9631429533753548,96.31429533753548,1.5189915707735893
2002,15.244670453787478,0.9599287879516912,95.99287879516912,1.5182594673360232
2002,16.769137499166227,0.9548765818216812,95.48765818216812,1.5171026443854463
2002,18.446051249082853,0.947524418996295,94.7524418996295,1.5154057910099186
2002,20.290656373991137,0.9410575951498821,94.10575951498821,1.5138999419165133
2002,22.319722011390255,0.9297406534186595,92.97406534186595,1.511234079183498
2002,24.55169421252928,0.9215127748640716,92.15127748640715,1.5092708976486204
2002,27.006863633782213,0.8989847471491123,89.89847471491123,1.5037842371136052
2002,29.707549997160438,0.8896405716210364,88.96405716210364,1.501458957443196
2002,32.67830499687648,0.8740316604917481,87.40316604917481,1.4975073068866247
2002,35.94613549656413,0.8472886493768946,84.72886493768947,1.4905319216256048
2002,39.54074904622055,0.8323437424818361,83.23437424818361,1.4865152849420347
2002,43.49482395084261,0.8061492566039552,80.61492566039551,1.4792572004065003
2002,47.844306345926874,0.7860559110811721,78.60559110811721,1.4734905363782627
2002,52.62873698051956,0.767617764519078,76.7617764519078,1.468037195176788
2002,57.891610678571524,0.7172977914641775,71.72977914641775,1.4522941557591278
2002,63.68077174642869,0.694057643266131,69.4057643266131,1.4445561757104046
2002,70.04884892107155,0.661887119280181,66.1887119280181,1.4332995841152048
2002,77.05373381317871,0.6268969831111967,62.68969831111967,1.4202602178410804
2002,84.7591071944966,0.5922532839339845,59.22532839339845,1.4064276432715928
2002,93.23501791394627,0.5602367319443776,56.02367319443776,1.3927172742364728
2002,102.5585197053409,0.5290958956839725,52.90958956839725,1.3784095071295357
2002,112.814371675875,0.4568252899003994,45.68252899003994,1.340699517308737
2002,124.0958088434625,0.4273300293509118,42.73300293509118,1.3230807017413886
2002,136.50538972780876,0.38827888177837655,38.82788817783766,1.2972278071299292
2002,150.15592870058964,0.3599287879516913,35.99287879516913,1.2762900540793465
2002,165.17152157064865,0.3221960255978444,32.21960255978444,1.24489640591553
2002,181.68867372771354,0.29576095847567724,29.576095847567725,1.2199346719118531
2002,199.85754110048487,0.27002838858682576,27.002838858682576,1.1926920158339693
2002,219.8432952105334,0.2364624933840158,23.646249338401578,1.151585599842763
2002,241.82762473158675,0.21284703844488284,21.284703844488284,1.117757407490288
2002,266.0103872047454,0.1971034018187942,19.71034018187942,1.0923069116171862
2002,292.61142592522,0.17247750565365924,17.247750565365923,1.0465052362399858
2002,321.872568517742,0.15752297550882932,15.752297550882933,1.0141381377888086
2002,354.05982536951626,0.1371505557426743,13.71505557426743,0.962599410736706
2002,389.46580790646794,0.1212721936197854,12.12721936197854,0.914470059550485
2002,428.41238869711475,0.10922388490593274,10.922388490593274,0.8716341750766465
2002,471.25362756682625,0.09530866573641919,9.53086657364192,0.8129440292039162
2002,518.378990323509,0.08548332771977096,8.548332771977096,0.7634827412716363
2002,570.2168893558598,0.07317519126208921,7.317519126208921,0.6882709879043692
2002,627.2385782914458,0.06476447096184382,6.476447096184382,0.6249604513959888
2002,689.9624361205906,0.05615166241639802,5.615166241639802,0.5455001693890891
2002,758.9586797326497,0.048789876341240435,4.8789876341240435,0.46054512978826784
2002,834.8545477059147,0.041841890006255114,4.184189000625511,0.3585921335389248
2002,918.3400024765064,0.03606794014338642,3.606794014338642,0.24906022855322527
2002,1010.1740027241569,0.0313140547562912,3.1314054756291196,0.1323273633968186
2002,1111.1914029965726,0.025645960640908436,2.5645960640908436,-0.05996129388626707
2002,1222.3105432962302,0.021902516479815233,2.1902516479815235,-0.24332528311046758
2002,1344.5415976258532,0.017716402829235433,1.7716402829235434,-0.5587809323303712
2002,1478.9957573884387,0.015137371890487418,1.5137371890487419,-0.8804855739568478
2002,1626.8953331272828,0.012134917961795699,1.21349179617957,-1.6424675045502906
2002,1789.5848664400112,0.010085165760477313,1.0085165760477313,-4.7699841451817475
2002,1968.5433530840123,0.008237501804359332,0.8237501804359332,
2002,2165.397688392414,0.006524563345041621,0.6524563345041621,
2002,2381.9374572316556,0.005542991868353943,0.5542991868353944,
2002,2620.131202954821,0.00454217389212337,0.454217389212337,
2002,2882.1443232503034,0.0034258769186354234,0.3425876918635423,
2002,3170.358755575334,0.0025694076889765673,0.2569407688976567,
2002,3487.3946311328677,0.0018669104556608767,0.18669104556608768,
2002,3836.1340942461547,0.0013568782177741424,0.13568782177741423,
2002,4219.74750367077,0.0011355434730308425,0.11355434730308425,
2002,4641.722254037849,0.0007794832314872732,0.07794832314872732,
2002,5105.894479441633,0.0005485252369725256,0.05485252369725256,
2002,5616.483927385797,0.00034643699177212145,0.03464369917721215,
2002,6178.132320124378,0.00025982774382909106,0.025982774382909107,
2002,6795.945552136815,0.000211711494971852,0.0211711494971852,
2002,7475.540107350498,0.0001635952461146129,0.016359524611461288,
2002,8223.094118085548,0.00012510224702882164,0.012510224702882164,
2002,9045.403529894105,9.623249771447818e-05,0.009623249771447817,
2002,9949.943882883515,7.698599817158255e-05,0.007698599817158255,
2002,10944.938271171868,7.698599817158255e-05,0.007698599817158255,
2002,12039.432098289055,7.698599817158255e-05,0.007698599817158255,
2002,13243.375308117962,7.698599817158255e-05,0.007698599817158255,
2002,14567.71283892976,5.773949862868691e-05,0.005773949862868691,
2002,16024.484122822736,4.811624885723909e-05,0.004811624885723909,
2002,17626.93253510501,1.9246499542895637e-05,0.0019246499542895637,
2002,19389.625788615514,1.9246499542895637e-05,0.0019246499542895637,
2002,21328.588367477067,9.623249771447819e-06,0.0009623249771447818,
2002,23461.447204224776,9.623249771447819e-06,0.0009623249771447818,
2002,25807.591924647255,9.623249771447819e-06,0.0009623249771447818,
2002,28388.351117111983,9.623249771447819e-06,0.0009623249771447818,
2002,31227.186228823182,9.623249771447819e-06,0.0009623249771447818,
2002,34349.904851705505,9.623249771447819e-06,0.0009623249771447818,
2002,37784.89533687606,9.623249771447819e-06,0.0009623249771447818,
2002,41563.38487056366,9.623249771447819e-06,0.0009623249771447818,
2002,45719.72335762004,9.623249771447819e-06,0.0009623249771447818,
2002,50291.69569338205,9.623249771447819e-06,0.0009623249771447818,
2002,55320.86526272026,9.623249771447819e-06,0.0009623249771447818,
2002,60852.95178899228,9.623249771447819e-06,0.0009623249771447818,
2002,66938.24696789152,9.623249771447819e-06,0.0009623249771447818,
2002,73632.07166468067,9.623249771447819e-06,0.0009623249771447818,
2002,80995.27883114875,9.623249771447819e-06,0.0009623249771447818,
2003,0.08561891658290029,0.9842632196525228,98.42632196525228,1.5237293085615047
2003,0.09418080824119032,0.9842537567659639,98.42537567659639,1.5237272136403166
2003,0.10359888906530937,0.9842537567659639,98.42537567659639,1.5237272136403166
2003,0.11395877797184031,0.9842537567659639,98.42537567659639,1.5237272136403166
2003,0.12535465576902435,0.9842537567659639,98.42537567659639,1.5237272136403166
2003,0.1378901213459268,0.9842537567659639,98.42537567659639,1.5237272136403166
2003,0.15167913348051948,0.9842442938794049,98.42442938794049,1.5237251186945984
2003,0.16684704682857146,0.9842442938794049,98.42442938794049,1.5237251186945984
2003,0.18353175151142861,0.9842442938794049,98.42442938794049,1.5237251186945984
2003,0.20188492666257152,0.9842442938794049,98.42442938794049,1.5237251186945984
2003,0.22207341932882868,0.9842442938794049,98.42442938794049,1.5237251186945984
2003,0.24428076126171153,0.9842442938794049,98.42442938794049,1.5237251186945984
2003,0.2687088373878827,0.9842442938794049,98.42442938794049,1.5237251186945984
2003,0.295579721126671,0.9842442938794049,98.42442938794049,1.5237251186945984
2003,0.32513769323933817,0.984234830992846,98.42348309928461,1.5237230237243495
2003,0.357651462563272,0.984234830992846,98.42348309928461,1.5237230237243495
2003,0.3934166088195992,0.984234830992846,98.42348309928461,1.5237230237243495
2003,0.43275826970155923,0.9842253681062871,98.42253681062871,1.5237209287295697
2003,0.47603409667171515,0.9842159052197282,98.42159052197282,1.5237188337102583
2003,0.5236375063388867,0.9842159052197282,98.42159052197282,1.5237188337102583
2003,0.5760012569727754,0.9842159052197282,98.42159052197282,1.5237188337102583
2003,0.633601382670053,0.9841875165600514,98.41875165600514,1.523712548505129
2003,0.6969615209370583,0.9841875165600514,98.41875165600514,1.523712548505129
2003,0.7666576730307643,0.9841875165600514,98.41875165600514,1.523712548505129
2003,0.8433234403338407,0.9841591279003747,98.41591279003748,1.523706263079196
2003,0.927655784367225,0.9841591279003747,98.41591279003748,1.523706263079196
2003,1.0204213628039474,0.9841307392406979,98.41307392406979,1.5236999774324451
2003,1.1224634990843423,0.9841307392406979,98.41307392406979,1.5236999774324451
2003,1.2347098489927766,0.9840834248079035,98.40834248079034,1.523689500863781
2003,1.3581808338920542,0.98402664748855,98.40266474885499,1.5236769281715719
2003,1.4939989172812598,0.98402664748855,98.40266474885499,1.5236769281715719
2003,1.643398809009386,0.983903629963284,98.39036299632839,1.523649684307263
2003,1.8077386899103247,0.98367652068587,98.36765206858699,1.5235993770414427
2003,1.9885125589013573,0.98367652068587,98.36765206858699,1.5235993770414427
2003,2.1873638147914933,0.9836292062530755,98.36292062530755,1.5235888945805263
2003,2.406100196270643,0.9832790794503955,98.32790794503956,1.523511305278178
2003,2.6467102158977074,0.9831655248116885,98.31655248116886,1.5234861339534587
2003,2.911381237487478,0.9831655248116885,98.31655248116886,1.5234861339534587
2003,3.202519361236227,0.9825788258450358,98.25788258450358,1.5233560256761218
2003,3.5227712973598493,0.9824274196600931,98.2427419660093,1.523322433985925
2003,3.8750484270958347,0.9820394413111776,98.20394413111777,1.5232363264908566
2003,4.2625532698054185,0.9819164237859117,98.19164237859117,1.5232090154622142
2003,4.688808596785961,0.9811215413149628,98.11215413149628,1.52303244367549
2003,5.157689456464557,0.9807241000794883,98.07241000794883,1.5229440924270037
2003,5.673458402111014,0.9803171959574548,98.03171959574549,1.5228535923834645
2003,6.240804242322115,0.9794182217343579,97.94182217343578,1.5226534881102356
2003,6.864884666554327,0.9788977629736175,97.88977629736175,1.522537535980194
2003,7.5513731332097604,0.9779230856580491,97.7923085658049,1.5223201871191512
2003,8.306510446530737,0.9773363866913963,97.73363866913964,1.5221892284920537
2003,9.137161491183813,0.976021045459707,97.6021045459707,1.5218952793327645
2003,10.050877640302193,0.9745353722699572,97.45353722699572,1.5215626838489007
2003,11.055965404332415,0.9732673454710625,97.32673454710626,1.5212783235311496
2003,12.161561944765657,0.970163518679738,97.01635186797381,1.5205803683818375
2003,13.377718139242223,0.968829251674931,96.8829251674931,1.520279496023934
2003,14.715489953166447,0.9664162156024073,96.64162156024074,1.519734080606606
2003,16.187038948483092,0.9622241568568076,96.22241568568076,1.518782597117582
2003,17.805742843331405,0.9598584352170786,95.98584352170786,1.5182434094023334
2003,19.586317127664543,0.9549566599795601,95.49566599795601,1.5171210383489568
2003,21.544948840431,0.9493924826829176,94.93924826829176,1.5158384514432133
2003,23.699443724474104,0.9442068208486316,94.42068208486316,1.51463483461992
2003,26.069388096921514,0.9341856239827397,93.41856239827398,1.5122858520098754
2003,28.676326906613667,0.9278928044210606,92.78928044210606,1.5107950318882577
2003,31.54395959727504,0.9118058972709036,91.18058972709035,1.5069271196758394
2003,34.69835555700255,0.9025511942162837,90.25511942162836,1.504663962601252
2003,38.16819111270281,0.8826507437828836,88.26507437828836,1.4996999398346107
2003,41.985010223973084,0.8653052727203906,86.53052727203907,1.4952602549104066
2003,46.1835112463704,0.8488398501078769,84.88398501078768,1.4909438484989397
2003,50.801862371007445,0.8212744615617548,82.12744615617548,1.4834828353989513
2003,55.88204860810819,0.8019890987546842,80.19890987546842,1.4780778572532738
2003,61.47025346891902,0.7719349710435671,77.19349710435671,1.4693284100561175
2003,67.61727881581092,0.7526022938037019,75.26022938037019,1.4634757096994548
2003,74.37900669739203,0.7118077898482152,71.18077898482153,1.450494424337277
2003,81.81690736713124,0.6812426662629169,68.12426662629169,1.4401510705041278
2003,89.99859810384437,0.6448389416707673,64.48389416707673,1.4270560713714289
2003,98.99845791422881,0.614368446951058,61.4368446951058,1.4153699718001655
2003,108.8983037056517,0.5793084522502744,57.93084522502744,1.4009982214387882
2003,119.78813407621688,0.5552443317309512,55.52443317309512,1.390491331811513
2003,131.76694748383858,0.5168628638479882,51.68628638479882,1.3724977471884248
2003,144.94364223222246,0.4486259888716454,44.86259888716454,1.3359491594395845
2003,159.43800645544468,0.4149381127219047,41.49381127219047,1.3152129593170239
2003,175.3818071009892,0.38326583140921305,38.32658314092131,1.2936700973700583
2003,192.91998781108813,0.3476475264014535,34.76475264014535,1.266554291876587
2003,212.21198659219692,0.3158806162231727,31.58806162231727,1.239179487157108
2003,233.43318525141666,0.2875865854120141,28.75865854120141,1.2116251171190968
2003,256.77650377655834,0.2570498504863924,25.70498504863924,1.1776344584947545
2003,282.4541541542142,0.23376168666490027,23.376168666490027,1.1479474060227375
2003,310.6995695696356,0.20276127029789168,20.27612702978917,1.1017554057704066
2003,341.76952652659924,0.18308792914190544,18.308792914190544,1.0672528243778205
2003,375.9464791792592,0.1625723910821757,16.25723910821757,1.0255175492832203
2003,413.54112709718515,0.14552973238956812,14.552973238956813,0.9849938138258731
2003,454.89523980690365,0.12756917370074566,12.756917370074566,0.9345524326753578
2003,500.38476378759407,0.11278814489571899,11.2788144895719,0.8849759593658727
2003,550.4232401663536,0.0999659336083879,9.99659336083879,0.8338844606337426
2003,605.4655641829889,0.0857148264506605,8.57148264506605,0.7647423333183924
2003,666.012120601288,0.07661152958098338,7.661152958098338,0.711066903533753
2003,732.6133326614168,0.06690260797153563,6.690260797153563,0.642197435843178
2003,805.8746659275585,0.05789393996744767,5.789393996744767,0.5630542253469604
2003,886.4621325203144,0.05135508535523676,5.135508535523676,0.4923635669748331
2003,975.108345772346,0.04271546992694652,4.271546992694652,0.37292542521927674
2003,1072.6191803495806,0.037132366857186114,3.7132366857186114,0.2714794548425338
2003,1179.8810983845387,0.03220220295999091,3.2202202959990913,0.15653335795620146
2003,1297.8692082229927,0.026439305045611112,2.6439305045611112,-0.02812519378755101
2003,1427.6561290452923,0.02303266588440138,2.3032665884401378,-0.18112822369611775
2003,1570.4217419498214,0.019152882395245846,1.9152882395245845,-0.43098581663056934
2003,1727.4639161448038,0.016295090654453233,1.6295090654453233,-0.7168687604058868
2003,1900.2103077592844,0.012945228812596994,1.2945228812596994,-1.354244699357829
2003,2090.231338535213,0.010948559748665734,1.0948559748665734,-2.40104916813182
2003,2299.2544723887345,0.008696392747643741,0.8696392747643741,
2003,2529.179919627608,0.006983610280479957,0.6983610280479957,
2003,2782.097911590369,0.0057534350278208865,0.5753435027820887,
2003,3060.3077027494064,0.0042204474052765055,0.42204474052765056,
2003,3366.338473024347,0.0032741587493849123,0.3274158749384912,
2003,3702.9723203267827,0.002517127824671638,0.2517127824671638,
2003,4073.2695523594607,0.0021386123623150007,0.21386123623150008,
2003,4480.596507595407,0.0017127824671637837,0.17127824671637837,
2003,4928.656158354948,0.0012301752526590712,0.12301752526590712,
2003,5421.5217741904435,0.0009936030886861728,0.09936030886861728,
2003,5963.6739516094885,0.000823271130625686,0.0823271130625686,
2003,6560.0413467704375,0.0004636814413868807,0.04636814413868807,
2003,7216.045481447482,0.00030281236988530984,0.030281236988530982,
2003,7937.6500295922315,0.00018925773117831862,0.018925773117831862,
2003,8731.415032551455,0.00014194329838373897,0.014194329838373897,
2003,9604.556535806601,9.462886558915931e-05,0.009462886558915931,
2003,10565.012189387262,8.516597903024338e-05,0.008516597903024338,
2003,11621.513408325989,7.570309247132746e-05,0.007570309247132746,
2003,12783.66474915859,4.7314432794579656e-05,0.0047314432794579656,
2003,14062.03122407445,4.7314432794579656e-05,0.0047314432794579656,
2003,15468.234346481897,3.785154623566373e-05,0.003785154623566373,
2003,17015.057781130086,2.8388659676747794e-05,0.0028388659676747796,
2003,18716.5635592431,2.8388659676747794e-05,0.0028388659676747796,
2003,20588.219915167407,1.8925773117831865e-05,0.0018925773117831864,
2003,22647.04190668415,9.462886558915933e-06,0.0009462886558915932,
2004,0.5908999682989451,0.9878841152323042,98.78841152323042,1.5245291174179707
2004,0.6499899651288397,0.9876938133773142,98.76938133773142,1.5244871711450323
2004,0.7149889616417237,0.9876938133773142,98.76938133773142,1.5244871711450323
2004,0.7864878578058961,0.9876938133773142,98.76938133773142,1.5244871711450323
2004,0.8651366435864858,0.9876938133773142,98.76938133773142,1.5244871711450323
2004,0.9516503079451344,0.9876938133773142,98.76938133773142,1.5244871711450323
2004,1.046815338739648,0.9876938133773142,98.76938133773142,1.5244871711450323
2004,1.151496872613613,0.9876938133773142,98.76938133773142,1.5244871711450323
2004,1.2666465598749743,0.9874219535844714,98.74219535844713,1.5244272308227373
2004,1.3933112158624719,0.9874219535844714,98.74219535844713,1.5244272308227373
2004,1.5326423374487192,0.9874219535844714,98.74219535844713,1.5244272308227373
2004,1.685906571193591,0.9874219535844714,98.74219535844713,1.5244272308227373
2004,1.8544972283129504,0.9871954037571024,98.71954037571024,1.5243772652007108
2004,2.0399469511442456,0.9871954037571024,98.71954037571024,1.5243772652007108
2004,2.2439416462586705,0.9871954037571024,98.71954037571024,1.5243772652007108
2004,2.4683358108845375,0.9870866598399652,98.70866598399653,1.5243532767420767
2004,2.7151693919729913,0.9870866598399652,98.70866598399653,1.5243532767420767
2004,2.9866863311702914,0.9867332421092695,98.67332421092695,1.5242752920201148
2004,3.2853549642873205,0.9867332421092695,98.67332421092695,1.5242752920201148
2004,3.613890460716053,0.9865338782611848,98.65338782611848,1.5242312856311615
2004,3.975279506787658,0.9865338782611848,98.65338782611848,1.5242312856311615
2004,4.372807457466425,0.9859357867169305,98.59357867169305,1.5240992014575065
2004,4.810088203213067,0.9855551830069506,98.55551830069506,1.5240150970770392
2004,5.291097023534374,0.9855551830069506,98.55551830069506,1.5240150970770392
2004,5.820206725887812,0.9852289512555391,98.52289512555392,1.5239429761195682
2004,6.402227398476594,0.9844496198493897,98.44496198493897,1.523770569376275
2004,7.042450138324254,0.9841052641117888,98.41052641117888,1.5236943366942024
2004,7.74669515215668,0.9828365850785221,98.28365850785221,1.5234131988552202
2004,8.52136466737235,0.9825466012994898,98.25466012994897,1.523348876714619
2004,9.373501134109583,0.9816947739485823,98.16947739485823,1.523159796626985
2004,10.310851247520542,0.9800998631639043,98.00998631639042,1.5228052363827607
2004,11.341936372272599,0.9790033619994382,97.90033619994382,1.5225610682810187
2004,12.476130009499858,0.9765566238638527,97.65566238638527,1.5220150272642483
2004,13.723743010449846,0.9751520149341646,97.51520149341646,1.5217008056798444
2004,15.096117311494833,0.9728321447019057,97.28321447019057,1.5211806238712373
2004,16.605729042644317,0.969977616877056,96.99776168770559,1.5205384784448321
2004,18.26630194690875,0.9674221348243333,96.74221348243333,1.5199616487317058
2004,20.092932141599626,0.9630723781388478,96.30723781388478,1.5189755275613364
2004,22.102225355759593,0.9590579151978686,95.90579151978686,1.518060590482863
2004,24.31244789133555,0.9530498137760419,95.3049813776042,1.516682523921845
2004,26.743692680469113,0.9466701706373299,94.667017063733,1.5152075925611284
2004,29.418061948516023,0.9421935460485179,94.21935460485179,1.514165369063845
2004,32.35986814336763,0.9295339416951365,92.95339416951364,1.5111850175953516
2004,35.5958549577044,0.9173364989895878,91.73364989895877,1.5082662265481641
2004,39.15544045347484,0.9002365180197732,90.02365180197732,1.5040934930033334
2004,43.07098449882233,0.8884468650034889,88.84468650034889,1.5011597556595433
2004,47.37808294870456,0.868972641842847,86.8972641842847,1.4962079693245858
2004,52.115891243575014,0.8448858641969715,84.48858641969716,1.489892025857548
2004,57.32748036793253,0.8261366004839105,82.61366004839104,1.4848209633106844
2004,63.060228404725784,0.7989868691720057,79.89868691720056,1.477222092592004
2004,69.36625124519837,0.7772833957100524,77.72833957100525,1.4709157831223971
2004,76.30287636971822,0.7526891464508704,75.26891464508704,1.4635024156007566
2004,83.93316400669003,0.7074335529356327,70.74335529356327,1.4490481532320496
2004,92.32648040735904,0.6765049705032125,67.65049705032125,1.4384964841156367
2004,101.55912844809497,0.6482678000199363,64.82678000199364,1.428328130653129
2004,111.71504129290446,0.6117389058549537,61.17389058549537,1.4143278438733393
2004,122.88654542219493,0.5722195539686998,57.22195539686999,1.3979604618584387
2004,135.17519996441442,0.5431939900861795,54.31939900861795,1.3850138964956291
2004,148.6927199608559,0.5079609609337478,50.79609609337478,1.3680844380809807
2004,163.56199195694148,0.44005944667470165,44.00594466747017,1.3308674643339857
2004,179.91819115263564,0.4020806336145572,40.20806336145572,1.3067281698182696
2004,197.91001026789922,0.3698924341419652,36.98924341419652,1.2838814835281975
2004,217.70101129468918,0.3386376199581336,33.863761995813356,1.259127095825018
2004,239.47111242415812,0.3017462460693605,30.17462460693605,1.2258325279871927
2004,263.41822366657397,0.27658109124520847,27.65810912452085,1.1999403737541137
2004,289.76004603323133,0.2507725349113284,25.07725349113284,1.1699902424244024
2004,318.7360506365545,0.21785031399806074,21.785031399806073,1.1253266288456287
2004,350.60965570021006,0.19782330925863834,19.782330925863832,1.0935291117915245
2004,385.67062127023104,0.17331061793730912,17.33106179373091,1.0481959328027408
2004,424.23768339725416,0.15450698226567952,15.450698226567953,1.0071014204899122
2004,466.6614517369796,0.13742512528205453,13.742512528205452,0.9633629001397505
2004,513.3275969106776,0.12080542994626238,12.080542994626239,0.9129235257462814
2004,564.6603566017454,0.10740274215911047,10.740274215911047,0.8645765577554749
2004,621.12639226192,0.0920970358220587,9.20970358220587,0.797623254647677
2004,683.2390314881121,0.08226477331424273,8.226477331424272,0.745434980523446
2004,751.5629346369234,0.07105508785602305,7.1055087856023045,0.673388440235706
2004,826.7192281006157,0.0634883236218974,6.348832362189739,0.6142505620562557
2004,909.3911509106774,0.05390979692073475,5.390979692073475,0.5216036097153715
2004,1000.3302660017453,0.04733078993393807,4.733078993393807,0.44120280149800234
2004,1100.3632926019197,0.0406339770369095,4.06339770369095,0.3379136946933864
2004,1210.399621862112,0.033882792181312356,3.3882792181312356,0.19911491178678686
2004,1331.4395840483232,0.02909805982727841,2.9098059827278413,0.0658686420955037
2004,1464.5835424531556,0.025844804306259118,2.584480430625912,-0.051793952534621594
2004,1611.0418966984712,0.0209603900281828,2.09603900281828,-0.3010383727117911
2004,1772.1460863683185,0.018187420141185854,1.8187420141185855,-0.5139219774161278
2004,1949.3606950051508,0.014399507027575646,1.4399507027575646,-1.0089300648514998
2004,2144.296764505666,0.011735281057715834,1.1735281057715834,-1.8324896779439301
2004,2358.7264409562326,0.010212866217795942,1.0212866217795942,-3.8602265879588025
2004,2594.599085051856,0.007983615916484672,0.7983615916484672,
2004,2854.058993557042,0.0065336970213228695,0.653369702132287,
2004,3139.464892912746,0.004965972215929171,0.49659722159291714,
2004,3453.4113822040213,0.004141330844305896,0.41413308443058966,
2004,3798.752520424424,0.003189821569355964,0.3189821569355964,
2004,4178.627772466866,0.0024467381355855406,0.24467381355855405,
2004,4596.490549713553,0.0019573905084684325,0.19573905084684326,
2004,5056.1396046849095,0.0014408569020670405,0.14408569020670406,
2004,5561.753565153401,0.001178059102318964,0.1178059102318964,
2004,6117.928921668741,0.0007883933992442298,0.07883933992442298,
2004,6729.721813835617,0.0006524635028228109,0.06524635028228108,
2004,7402.693995219178,0.0004440376616433018,0.044403766164330186,
2004,8142.963394741097,0.00032623175141140544,0.03262317514114054,
2004,8957.259734215208,0.00024467381355855407,0.024467381355855407,
2004,9852.98570763673,0.00018123986189522522,0.01812398618952252,
2004,10838.284278400402,0.00015405388261094144,0.015405388261094144,
2004,11922.112706240443,0.00011780591023189641,0.011780591023189641,
2004,13114.32397686449,9.968192404237388e-05,0.009968192404237387,
2004,14425.756374550938,8.155793785285136e-05,0.008155793785285135,
2004,15868.332012006034,5.437195856856757e-05,0.005437195856856757,
2004,17455.165213206637,4.5309965473806306e-05,0.00453099654738063,
2004,19200.681734527305,3.624797237904505e-05,0.0036247972379045046,
2004,21120.749907980036,3.624797237904505e-05,0.0036247972379045046,
2004,23232.824898778043,2.7185979284283786e-05,0.0027185979284283786,
2004,25556.10738865585,2.7185979284283786e-05,0.0027185979284283786,
2004,28111.718127521435,1.8123986189522524e-05,0.0018123986189522523,
2004,30922.88994027358,9.061993094761262e-06,0.0009061993094761262,
2004,34015.178934300944,9.061993094761262e-06,0.0009061993094761262,
2005,0.7108660517764732,0.9890640273704789,98.9064027370479,1.5247889738237224
2005,0.7819526569541206,0.9889767490573942,98.89767490573942,1.524769765129945
2005,0.8601479226495328,0.9889767490573942,98.89767490573942,1.524769765129945
2005,0.9461627149144861,0.9889767490573942,98.89767490573942,1.524769765129945
2005,1.0407789864059347,0.9889767490573942,98.89767490573942,1.524769765129945
2005,1.1448568850465284,0.9889767490573942,98.89767490573942,1.524769765129945
2005,1.2593425735511812,0.9889767490573942,98.89767490573942,1.524769765129945
2005,1.3852768309062995,0.9889767490573942,98.89767490573942,1.524769765129945
2005,1.5238045139969296,0.9888283759251502,98.88283759251502,1.5247371056127492
2005,1.6761849653966228,0.9888283759251502,98.88283759251502,1.5247371056127492
2005,1.8438034619362853,0.9888283759251502,98.88283759251502,1.5247371056127492
2005,2.028183808129914,0.9888283759251502,98.88283759251502,1.5247371056127492
2005,2.2310021889429055,0.9886712749615976,98.86712749615975,1.5247025184427134
2005,2.4541024078371962,0.9886712749615976,98.86712749615975,1.5247025184427134
2005,2.699512648620916,0.9886712749615976,98.86712749615975,1.5247025184427134
2005,2.9694639134830076,0.9886101801424382,98.86101801424381,1.524689066069204
2005,3.2664103048313087,0.9886101801424382,98.86101801424381,1.524689066069204
2005,3.59305133531444,0.9884618070101941,98.84618070101942,1.5246563918042892
2005,3.9523564688458843,0.9884618070101941,98.84618070101942,1.5246563918042892
2005,4.347592115730473,0.9881999720709398,98.81999720709398,1.5245987167651507
2005,4.7823513273035205,0.9881999720709398,98.81999720709398,1.5245987167651507
2005,5.260586460033873,0.9878770423125262,98.78770423125262,1.524527558583359
2005,5.786645106037261,0.9876588465298143,98.76588465298143,1.5244794626935836
2005,6.365309616640988,0.9876588465298143,98.76588465298143,1.5244794626935836
2005,7.001840578305087,0.9874406507471024,98.74406507471024,1.524431353863091
2005,7.702024636135596,0.9868820695433599,98.68820695433598,1.5243081362440554
2005,8.472227099749157,0.9866202346041055,98.66202346041055,1.5242503487456043
2005,9.319449809724073,0.9857387236419495,98.57387236419495,1.524055660135381
2005,10.251394790696482,0.9855205278592375,98.55205278592375,1.5240074371477583
2005,11.27653426976613,0.984778662198017,98.4778662198017,1.5238433816797596
2005,12.404187696742744,0.983277475212959,98.3277475212959,1.5235109496962123
2005,13.64460646641702,0.9825356095517386,98.25356095517385,1.5233464381484576
2005,15.009067113058721,0.9803012847367686,98.03012847367685,1.5228500526198578
2005,16.509973824364597,0.9792888563049853,97.92888563049853,1.5226246740150144
2005,18.160971206801058,0.9771068984778662,97.71068984778663,1.5221379777619077
2005,19.977068327481167,0.9748289345063539,97.48289345063539,1.5216284521491341
2005,21.97477516022928,0.9725073313782991,97.25073313782991,1.5211076707419005
2005,24.172252676252214,0.968876553553973,96.8876553553973,1.5202901710571353
2005,26.589477943877437,0.9653766931992739,96.53766931992739,1.5194986069489973
2005,29.248425738265183,0.9605502024856863,96.05502024856864,1.518401242239988
2005,32.17326831209171,0.956421938276777,95.6421938276777,1.517457281283578
2005,35.39059514330088,0.9530529953917051,95.3052995391705,1.516683256483834
2005,38.92965465763097,0.9428152492668622,94.28152492668622,1.5143104714561137
2005,42.82262012339407,0.930997765675185,93.0997765675185,1.5115321596020075
2005,47.10488213573348,0.9205680072615556,92.05680072615556,1.5090441057284507
2005,51.81537034930683,0.9127653260717777,91.27653260717777,1.507160133256735
2005,56.99690738423752,0.8898111297304846,88.98111297304845,1.501501667637902
2005,62.69659812266127,0.8765099148163664,87.65099148163664,1.4981404575622523
2005,68.96625793492741,0.8624319229157938,86.24319229157939,1.4945142874036508
2005,75.86288372842016,0.8288734115347018,82.88734115347019,1.4855699297950158
2005,83.44917210126218,0.8089128613322162,80.89128613322161,1.480036518283483
2005,91.7940893113884,0.7832879486105293,78.32879486105293,1.4726819632772226
2005,100.97349824252726,0.7582565284178188,75.82565284178187,1.4652064291041977
2005,111.07084806677997,0.7132034632034632,71.32034632034632,1.450953573922894
2005,122.177932873458,0.6865137550621422,68.65137550621422,1.4419752932550705
2005,134.3957261608038,0.6570224130708001,65.70224130708002,1.4315384929634503
2005,147.8352987768842,0.6145615137550622,61.45615137550622,1.4154462686378764
2005,162.6188286545726,0.5825303728529535,58.25303728529535,1.4023636146396248
2005,178.8807115200299,0.5447388632872504,54.473886328725044,1.3857245580400792
2005,196.76878267203293,0.5147674905739422,51.47674905739422,1.3714675428611611
2005,216.4456609392362,0.4392106549364614,43.92106549364614,1.3303571575057163
2005,238.09022703315986,0.40807848065912583,40.80784806591258,1.310728439069045
2005,261.8992497364759,0.37571568216729506,37.5715682167295,1.2881983945878668
2005,288.0891747101235,0.3367546432062561,33.67546432062561,1.2575428155154984
2005,316.8980921811359,0.3133291439743053,31.332914397430528,1.2368278543428668
2005,348.58790139924946,0.2811496299399525,28.114962993995253,1.204862985648823
2005,383.4466915391744,0.249633431085044,24.9633431085044,1.168576213517644
2005,421.791360693092,0.22791858678955454,22.791858678955453,1.1398832693259955
2005,463.9704967624012,0.1938102220360285,19.38102220360285,1.0866390109901174
2005,510.3675464386413,0.17417260159195644,17.417260159195642,1.0499337054760933
2005,561.4043010825054,0.15681294511939672,15.681294511939672,1.0124981707207805
2005,617.5447311907561,0.1380568356374808,13.805683563748081,0.9651115088400517
2005,679.2992043098318,0.1225125680770842,12.25125680770842,0.918539612555602
2005,747.229124740815,0.10566785365172462,10.566785365172462,0.8576931949480721
2005,821.9520372148966,0.09512463343108504,9.512463343108504,0.8120863785499773
2005,904.1472409363862,0.08296676441837732,8.296676441837732,0.7494589889239373
2005,994.5619650300249,0.0739247311827957,7.39247311827957,0.6933783220384307
2005,1094.0181615330278,0.06239526602429828,6.239526602429828,0.6048100057294793
2005,1203.4199776863304,0.05495915374947633,5.495915374947633,0.5329814549460375
2005,1323.7619754549635,0.04742703533026114,4.742703533026114,0.44250867012002587
2005,1456.1381730004603,0.03959817064655774,3.959817064655774,0.31932449982055494
2005,1601.7519903005063,0.03405599776567519,3.4055997765675188,0.2032845154854311
2005,1761.9271893305568,0.030294302471721827,3.029430247172183,0.10289458589346755
2005,1938.1199082636126,0.025258343806730903,2.5258343806730905,-0.07626411164049328
2005,2131.931899089974,0.022343248149699763,2.2343248149699764,-0.21823177608756889
2005,2345.125088998972,0.01770004189359028,1.7700041893590281,-0.5603977450424307
2005,2579.637597898869,0.01466275659824047,1.466275659824047,-0.9604369404280174
2005,2837.6013576887563,0.012524437927663733,1.2524437927663734,-1.4912252937946258
2005,3121.3614934576326,0.009783898896802123,0.9783898896802123,
2005,3433.497642803396,0.008221617092584834,0.8221617092584834,
2005,3776.8474070837356,0.00635386119257087,0.635386119257087,
2005,4154.53214779211,0.005184331797235023,0.5184331797235023,
2005,4569.985362571321,0.004093352883675464,0.4093352883675464,
2005,5026.983898828453,0.003142019271051529,0.31420192710515293,
2005,5529.682288711299,0.0026619885490853233,0.26619885490853235,
2005,6082.65051758243,0.0020161290322580645,0.20161290322580644,
2005,6690.915569340673,0.0016757436112274822,0.1675743611227482,
2005,7360.007126274741,0.0010386119257086998,0.10386119257086998,
2005,8096.0078389022165,0.0007680491551459293,0.07680491551459294,
2005,8905.608622792437,0.0005585812037424941,0.055858120374249406,
2005,9796.169485071683,0.00045384722804077643,0.04538472280407764,
2005,10775.786433578853,0.00036656891495601173,0.036656891495601175,
2005,11853.36507693674,0.00027056277056277056,0.027056277056277056,
2005,13038.701584630411,0.00019201228878648233,0.019201228878648235,
2005,14342.571743093455,0.00013091746962714705,0.013091746962714704,
2005,15776.828917402803,8.72783130847647e-05,0.00872783130847647,
2005,17354.511809143085,8.72783130847647e-05,0.00872783130847647,
2005,19089.962990057393,6.109481915933529e-05,0.006109481915933529,
2005,20998.959289063136,4.363915654238235e-05,0.004363915654238235,
2005,23098.85521796945,3.491132523390588e-05,0.003491132523390588,
2005,25408.740739766396,3.491132523390588e-05,0.003491132523390588,
2005,27949.61481374304,3.491132523390588e-05,0.003491132523390588,
2005,30744.57629511735,2.618349392542941e-05,0.0026183493925429407,
2005,33819.03392462908,1.745566261695294e-05,0.001745566261695294,
2005,37200.93731709199,8.72783130847647e-06,0.000872783130847647,
2005,40921.0310488012,8.72783130847647e-06,0.000872783130847647,
2005,45013.13415368132,8.72783130847647e-06,0.000872783130847647,
2006,0.7372348623166823,0.9904928911582168,99.04928911582168,1.5251031528902774
2006,0.8109583485483506,0.990467103340382,99.0467103340382,1.525097487546988
2006,0.8920541834031858,0.990467103340382,99.0467103340382,1.525097487546988
2006,0.9812596017435045,0.990467103340382,99.0467103340382,1.525097487546988
2006,1.079385561917855,0.990467103340382,99.0467103340382,1.525097487546988
2006,1.1873241181096406,0.990467103340382,99.0467103340382,1.525097487546988
2006,1.3060565299206046,0.990467103340382,99.0467103340382,1.525097487546988
2006,1.4366621829126653,0.990467103340382,99.0467103340382,1.525097487546988
2006,1.580328401203932,0.9904413155225471,99.04413155225471,1.525091822024096
2006,1.7383612413243255,0.9904413155225471,99.04413155225471,1.525091822024096
2006,1.9121973654567581,0.9904413155225471,99.04413155225471,1.525091822024096
2006,2.103417102002434,0.9904413155225471,99.04413155225471,1.525091822024096
2006,2.3137588122026775,0.9903123764333729,99.03123764333729,1.5250634917152308
2006,2.5451346934229457,0.9903123764333729,99.03123764333729,1.5250634917152308
2006,2.7996481627652403,0.9903123764333729,99.03123764333729,1.5250634917152308
2006,3.0796129790417646,0.9902693967369814,99.02693967369814,1.5250540472808642
2006,3.387574276945941,0.9902693967369814,99.02693967369814,1.5250540472808642
2006,3.7263317046405358,0.9900630941943026,99.00630941943027,1.5250087070472864
2006,4.098964875104589,0.9900630941943026,99.00630941943027,1.5250087070472864
2006,4.508861362615049,0.98992555916585,98.992555916585,1.5249784738334888
2006,4.959747498876554,0.98992555916585,98.992555916585,1.5249784738334888
2006,5.45572224876421,0.9895215500197707,98.95215500197708,1.5248896341808817
2006,6.001294473640631,0.9893754190520399,98.93754190520399,1.524857489812253
2006,6.601423921004695,0.9893754190520399,98.93754190520399,1.524857489812253
2006,7.261566313105165,0.9892550759021438,98.92550759021438,1.5248310136381455
2006,7.987722944415683,0.9888510667560645,98.88510667560645,1.52474210064734
2006,8.78649523885725,0.9885330170027679,98.85330170027679,1.5246720741903506
2006,9.665144762742978,0.9876390393178263,98.76390393178262,1.5244750960406388
2006,10.631659239017276,0.9875272921072086,98.75272921072086,1.5244504585063712
2006,11.694825162919004,0.9867450616328847,98.67450616328847,1.5242779006513945
2006,12.864307679210905,0.9856018017088727,98.56018017088726,1.5240254008285057
2006,14.150738447131998,0.9848969346880534,98.48969346880534,1.5238695464291045
2006,15.565812291845198,0.9827823336255953,98.27823336255953,1.523401166941396
2006,17.122393521029718,0.9817680127907576,98.17680127907576,1.523176061301051
2006,18.834632873132694,0.9801347843278835,98.01347843278835,1.522813007134727
2006,20.718096160445967,0.9784757680471745,97.84757680471745,1.522443465297151
2006,22.789905776490563,0.9769113070985267,97.69113070985267,1.5220942855064716
2006,25.06889635413962,0.9737995770797875,97.37995770797875,1.52139773363601
2006,27.575785989553587,0.9711434318427975,97.11434318427975,1.5208010142696107
2006,30.333364588508946,0.9673526226210738,96.73526226210738,1.5199459323309883
2006,33.36670104735985,0.9642666804201695,96.42666804201696,1.5192468243093562
2006,36.70337115209583,0.9613182732477178,96.13182732477178,1.518576322139791
2006,40.37370826730542,0.9540031289218973,95.40031289218973,1.516901889907775
2006,44.41107909403596,0.9460089053930923,94.60089053930923,1.5150540192384687
2006,48.85218700343957,0.9380490656214004,93.80490656214005,1.513195073788667
2006,53.73740570378352,0.9300376502140388,93.00376502140388,1.5113045460017558
2006,59.11114627416188,0.9172898722643423,91.72898722643423,1.508254978218876
2006,65.02226090157806,0.9016452627778637,90.16452627778636,1.5044409020774425
2006,71.5244869917359,0.8884590919249746,88.84590919249746,1.5011628228208118
2006,78.67693569090949,0.8696425808448089,86.96425808448089,1.4963805648201545
2006,86.54462926000043,0.8434077741674832,84.34077741674832,1.4894972806740832
2006,95.1990921860005,0.8220898447573366,82.20898447573366,1.4837079173400671
2006,104.71900140460055,0.7961129162583596,79.61129162583596,1.47639918411878
2006,115.19090154506061,0.7701703715164956,77.01703715164956,1.468801719603746
2006,126.70999169956669,0.7464541750477075,74.64541750477075,1.461575551284692
2006,139.38099086952334,0.7023140268537144,70.23140268537144,1.4473413743539716
2006,153.31908995647572,0.6671136555091375,66.71136555091375,1.4351738871226614
2006,168.65099895212327,0.6376467756631767,63.76467756631767,1.4243604160543237
2006,185.51609884733566,0.5934722437120704,59.34722437120704,1.4069312855968856
2006,204.06770873206924,0.5596128388949061,55.96128388949061,1.3924404582411467
2006,224.47447960527614,0.5235786614403356,52.35786614403356,1.3757646645983803
2006,246.9219275658038,0.4932178039094332,49.32178039094332,1.3605574336266806
2006,271.6141203223842,0.42138153936080597,42.1381539360806,1.3193405520653148
2006,298.77553235462267,0.3788488318118521,37.88488318118521,1.2904859044598507
2006,328.65308559008497,0.34976017329413583,34.97601732941359,1.268260152270246
2006,361.51839414909347,0.3171901593687142,31.71901593687142,1.2403769699779992
2006,397.67023356400284,0.28131930476043115,28.131930476043117,1.205043804728672
2006,437.4372569204032,0.2572850585383465,25.728505853834648,1.1779161248004077
2006,481.18098261244353,0.2266319390719824,22.663193907198238,1.1380708564783961
2006,529.2990808736879,0.1985490054498255,19.854900544982552,1.0947551446109256
2006,582.2289889610568,0.17701617755772173,17.701617755772173,1.055585098529998
2006,640.4518878571624,0.15610225729365448,15.610225729365448,1.0108465162790186
2006,704.4970766428788,0.13872126807296234,13.872126807296233,0.9669388114256171
2006,774.9467843071667,0.11949215190743892,11.949215190743892,0.9085269119923712
2006,852.4414627378835,0.10744924097856173,10.744924097856174,0.8647588684499795
2006,937.6856090116719,0.09383327316175838,9.383327316175837,0.8060000494062395
2006,1031.454169912839,0.08427458868430554,8.427458868430554,0.7568237463255558
2006,1134.5995869041233,0.0720253752127495,7.20253752127495,0.6802814698220525
2006,1248.0595455945356,0.06397098010899652,6.397098010899652,0.6183398225197818
2006,1372.8655001539892,0.054962435745353894,5.49624357453539,0.5330164983683799
2006,1510.1520501693883,0.046254749256451254,4.6254749256451255,0.4262992635350785
2006,1661.1672551863273,0.04022899582237351,4.0228995822373514,0.33074366804558736
2006,1827.28398070496,0.03566455206560421,3.566455206560421,0.24025405862418975
2006,2010.0123787754562,0.029466879845960768,2.946687984596077,0.07759215911214702
2006,2211.013616653002,0.025847989409802808,2.584798940980281,-0.05166417808529104
2006,2432.1149783183023,0.021068647171076385,2.1068647171076385,-0.29410139715678624
2006,2675.3264761501327,0.017363797342135574,1.7363797342135574,-0.5945653888202838
2006,2942.8591237651463,0.015378135368851754,1.5378135368851753,-0.8431294322465827
2006,3237.1450361416614,0.012017123111042343,1.2017123111042343,-1.6941929335133608
2006,3560.859539755828,0.010065844894871662,1.0065844894871663,-5.0263217212870615
2006,3916.945493731411,0.007796516925404439,0.7796516925404439,
2006,4308.640043104552,0.006498530094383413,0.6498530094383413,
2006,4739.504047415008,0.005097391992022969,0.5097391992022968,
2006,5213.4544521565085,0.003911152371619647,0.39111523716196467,
2006,5734.799897372161,0.0031547097151305723,0.31547097151305725,
2006,6308.279887109377,0.002389671119363213,0.23896711193632128,
2006,6939.107875820315,0.0018653188233878316,0.18653188233878315,
2006,7633.018663402347,0.0013581584059690203,0.13581584059690202,
2006,8396.320529742583,0.0010744924097856174,0.10744924097856173,
2006,9235.952582716842,0.0007564426564890745,0.07564426564890746,
2006,10159.547840988527,0.0006103116887582306,0.06103116887582306,
2006,11175.50262508738,0.0004040091460793921,0.04040091460793921,
2006,12293.05288759612,0.00032664569257482765,0.03266456925748276,
2006,13522.358176355732,0.00025787817834854813,0.02578781783485481,
2006,14874.593993991306,0.00020630254267883853,0.020630254267883855,
2006,16362.05339339044,0.0001805147248439837,0.018051472484398368,
2006,17998.258732729486,0.000137535028452559,0.0137535028452559,
2006,19798.084606002434,7.736345350456444e-05,0.007736345350456444,
2006,21777.89306660268,6.87675142262795e-05,0.00687675142262795,
2006,23955.68237326295,5.157563566970963e-05,0.005157563566970964,
2006,26351.250610589246,3.438375711313975e-05,0.003438375711313975,
2006,28986.375671648173,3.438375711313975e-05,0.003438375711313975,
2006,31885.013238812997,3.438375711313975e-05,0.003438375711313975,
2006,35073.5145626943,2.5787817834854816e-05,0.002578781783485482,
2006,38580.86601896373,2.5787817834854816e-05,0.002578781783485482,
2006,42438.95262086011,1.7191878556569876e-05,0.0017191878556569876,
2006,46682.84788294612,1.7191878556569876e-05,0.0017191878556569876,
2006,51351.13267124074,1.7191878556569876e-05,0.0017191878556569876,
2006,56486.24593836481,1.7191878556569876e-05,0.0017191878556569876,
2006,62134.870532201305,8.595939278284938e-06,0.0008595939278284938,
2006,68348.35758542144,8.595939278284938e-06,0.0008595939278284938,
2007,0.8184783325708466,0.983572520675516,98.3572520675516,1.523576335144087
2007,0.9003261658279313,0.9835551462923067,98.35551462923067,1.5235724854440968
2007,0.9903587824107245,0.9835551462923067,98.35551462923067,1.5235724854440968
2007,1.089394660651797,0.9835551462923067,98.35551462923067,1.5235724854440968
2007,1.1983341267169767,0.9835551462923067,98.35551462923067,1.5235724854440968
2007,1.3181675393886745,0.9835551462923067,98.35551462923067,1.5235724854440968
2007,1.4499842933275422,0.9835551462923067,98.35551462923067,1.5235724854440968
2007,1.5949827226602966,0.9835551462923067,98.35551462923067,1.5235724854440968
2007,1.7544809949263265,0.9835377719090972,98.35377719090972,1.5235686356612808
2007,1.9299290944189593,0.9835377719090972,98.35377719090972,1.5235686356612808
2007,2.1229220038608556,0.9835377719090972,98.35377719090972,1.5235686356612808
2007,2.335214204246941,0.9835377719090972,98.35377719090972,1.5235686356612808
2007,2.568735624671635,0.9834856487594691,98.3485648759469,1.5235570858158454
2007,2.825609187138799,0.9834856487594691,98.3485648759469,1.5235570858158454
2007,3.1081701058526794,0.9834856487594691,98.3485648759469,1.5235570858158454
2007,3.4189871164379477,0.9834422128014455,98.34422128014455,1.523547460375135
2007,3.7608858280817423,0.9834422128014455,98.34422128014455,1.523547460375135
2007,4.136974410889917,0.9833119049273751,98.3311904927375,1.5235185809460285
2007,4.550671851978909,0.9833119049273751,98.3311904927375,1.5235185809460285
2007,5.0057390371768005,0.9831555354784905,98.31555354784905,1.5234839194777334
2007,5.506312940894481,0.9831555354784905,98.31555354784905,1.5234839194777334
2007,6.05694423498393,0.9830078532212106,98.30078532212106,1.523451177480791
2007,6.662638658482323,0.9828949197303496,98.28949197303496,1.523426135440407
2007,7.328902524330556,0.9828949197303496,98.28949197303496,1.523426135440407
2007,8.061792776763612,0.9826864271318368,98.26864271318368,1.5233798947729633
2007,8.867972054439974,0.9824084370004865,98.24084370004866,1.5233182219587147
2007,9.754769259883972,0.982191257210369,98.2191257210369,1.5232700252810434
2007,10.730246185872371,0.9815136562652026,98.15136562652026,1.5231195681786145
2007,11.803270804459608,0.9812356661338523,98.12356661338522,1.5230578055844581
2007,12.983597884905569,0.9808186809368268,98.08186809368267,1.522965121720189
2007,14.281957673396127,0.9800194593091945,98.00194593091945,1.5227873434170207
2007,15.710153440735743,0.9787598165265133,97.87598165265133,1.5225067905331935
2007,17.281168784809317,0.9776826047675308,97.76826047675307,1.5222665203224501
2007,19.00928566329025,0.9759104176801724,97.59104176801723,1.5218705345139283
2007,20.910214229619278,0.9742511640836751,97.4251164083675,1.5214989881855152
2007,23.001235652581208,0.972756967127667,97.2756967127667,1.521163741614834
2007,25.30135921783933,0.9711324622975884,97.11324622975884,1.5207985457718058
2007,27.831495139623264,0.968613176732226,96.8613176732226,1.5202307244027087
2007,30.614644653585597,0.9667975536868442,96.67975536868441,1.5198203843108153
2007,33.676109118944154,0.9638439085412468,96.38439085412467,1.5191508346420917
2007,37.04372003083858,0.9614288692751407,96.14288692751407,1.5186015181955477
2007,40.74809203392244,0.9592570713739662,95.92570713739661,1.5181060901939232
2007,44.82290123731468,0.9527590520536521,95.2759052053652,1.516615563901326
2007,49.305191361046155,0.9472253110014595,94.72253110014594,1.5153364182683382
2007,54.235710497150784,0.9390940996594621,93.90940996594621,1.5134402269930192
2007,59.65928154686586,0.9342032107860171,93.4203210786017,1.5122900012764398
2007,65.62520970155245,0.921519911043158,92.1519911043158,1.509272609611345
2007,72.1877306717077,0.9122680519841546,91.22680519841546,1.5070393991671585
2007,79.40650373887848,0.8975953853638196,89.75953853638195,1.5034403718474343
2007,87.34715411276633,0.8797345194245604,87.97345194245604,1.4989610162821294
2007,96.08186952404297,0.8661911877128362,86.61911877128362,1.495489641163551
2007,105.69005647644728,0.8372194037111682,83.72194037111682,1.4878353332997225
2007,116.25906212409201,0.8165091389255681,81.65091389255682,1.482161888340736
2007,127.88496833650122,0.7922197511988325,79.22197511988325,1.4752786024751683
2007,140.67346517015136,0.76956355549378,76.956355549378,1.4686202565144135
2007,154.7408116871665,0.7482191257210369,74.82191257210368,1.4621229999657326
2007,170.21489285588316,0.6960264785600111,69.60264785600111,1.4452240439324773
2007,187.2363821414715,0.6682535269997915,66.82535269997915,1.4355802452512045
2007,205.96002035561867,0.6334439502397665,63.34439502397665,1.4227676561014613
2007,226.55602239118056,0.5959500312738898,59.59500312738898,1.4079510847940535
2007,249.21162463029862,0.5581607477934534,55.816074779345335,1.3917946831722139
2007,274.1327870933285,0.5273385919799847,52.73385919799847,1.3775708564457714
2007,301.5460658026614,0.4963948154840503,49.63948154840503,1.3622031124122065
2007,331.70067238292756,0.4120421850024324,41.204218500243236,1.313331290749602
2007,364.87073962122037,0.3811939676141497,38.11939676141497,1.292182358046902
2007,401.3578135833424,0.3462106470220307,34.62106470220307,1.265386470973064
2007,441.4935949416767,0.31025436097018555,31.025436097018556,1.233960850536457
2007,485.64295443584444,0.2799013135033706,27.990131350337062,1.2035283044332354
2007,534.2072498794289,0.2468726110223087,24.68726110223087,1.1651136839018952
2007,587.6279748673718,0.22196643269163946,22.196643269163946,1.1313831027149603
2007,646.390772354109,0.1944019737299326,19.44019737299326,1.0876669234095728
2007,711.02984958952,0.1699562165543123,16.995621655431233,1.041320605196659
2007,782.1328345484721,0.151582806310376,15.158280631037599,1.000097531297968
2007,860.3461180033194,0.13100284939884635,13.100284939884634,0.9449302694327342
2007,946.3807298036514,0.11738133296267983,11.738133296267982,0.9013162916984986
2007,1041.0188027840165,0.10179651122385155,10.179651122385156,0.8417355937595281
2007,1145.1206830624183,0.09094620890958371,9.094620890958371,0.7919436071850978
2007,1259.6327513686604,0.07749843630551115,7.749843630551115,0.7167038635722015
2007,1385.5960265055264,0.06844638265341581,6.8446382653415805,0.654128564594725
2007,1524.1556291560792,0.059385641809715756,5.938564180971576,0.577437397605568
2007,1676.5711920716874,0.04970811036208215,4.9708110362082145,0.47224050878604173
2007,1844.2283112788562,0.04338383487386198,4.3383834873861975,0.38356150637152137
2007,2028.6511424067417,0.03829314059350893,3.829314059350893,0.2946718546908029
2007,2231.516256647416,0.032038362638126344,3.2038362638126343,0.15216206746600905
2007,2454.667882312158,0.028459239696990758,2.8459239696990757,0.044866079312039515
2007,2700.1346705433743,0.023220863159357844,2.3220863159357843,-0.17142190755688977
2007,2970.148137597712,0.019467996386128294,1.9467996386128295,-0.40618514725549676
2007,3267.162951357483,0.016922649245951767,1.6922649245951766,-0.6423251320713993
2007,3593.879246493232,0.013482521370491347,1.3482521370491347,-1.2079505708665594
2007,3953.2671711425555,0.011371533810549726,1.1371533810549725,-2.0516076790703606
2007,4348.593888256811,0.008721940371116826,0.8721940371116825,
2007,4783.453277082493,0.007271179373132253,0.7271179373132254,
2007,5261.7986047907425,0.005794356800333588,0.5794356800333588,
2007,5787.978465269817,0.004526026826047675,0.45260268260476755,
2007,6366.776311796799,0.003648620473973174,0.3648620473973174,
2007,7003.45394297648,0.002962332337202029,0.29623323372020294,
2007,7703.799337274128,0.0023716033080825633,0.23716033080825633,
2007,8474.179271001542,0.0016331920216832302,0.16331920216832302,
2007,9321.597198101697,0.0012075196330530267,0.12075196330530266,
2007,10253.756917911867,0.0009555910765167837,0.09555910765167837,
2007,11279.132609703054,0.0008165960108416151,0.08165960108416151,
2007,12407.045870673363,0.00052991868788658,0.052991868788658004,
2007,13647.7504577407,0.00042567238863020363,0.042567238863020364,
2007,15012.52550351477,0.0003648620473973174,0.036486204739731735,
2007,16513.77805386625,0.000260615748140941,0.026061574814094098,
2007,18165.155859252875,0.0002084925985127528,0.020849259851275278,
2007,19981.671445178163,0.00016505664048926263,0.016505664048926262,
2007,21979.838589695984,0.00011293349086107443,0.011293349086107443,
2007,24177.82244866558,0.0001042462992563764,0.010424629925637639,
2007,26595.604693532143,6.0810341232886235e-05,0.006081034123288623,
2007,29255.165162885358,6.0810341232886235e-05,0.006081034123288623,
2007,32180.681679173897,3.474876641879213e-05,0.0034748766418792134,
2007,35398.74984709129,2.60615748140941e-05,0.0026061574814094097,
2007,38938.62483180042,2.60615748140941e-05,0.0026061574814094097,
2007,42832.48731498047,8.687191604698033e-06,0.0008687191604698034,
2007,47115.736046478516,8.687191604698033e-06,0.0008687191604698034,
2008,1.6463689828986685,0.9862744073435404,98.62744073435404,1.524173995343019
2008,1.8110058811885354,0.9862482799463518,98.62482799463518,1.5241682254862359
2008,1.992106469307389,0.9862482799463518,98.62482799463518,1.5241682254862359
2008,2.1913171162381286,0.9862482799463518,98.62482799463518,1.5241682254862359
2008,2.4104488278619414,0.9862482799463518,98.62482799463518,1.5241682254862359
2008,2.6514937106481353,0.9862308616815593,98.62308616815592,1.5241643788116324
2008,2.9166430817129494,0.9862308616815593,98.62308616815592,1.5241643788116324
2008,3.208307389884245,0.9862308616815593,98.62308616815592,1.5241643788116324
2008,3.52913812887267,0.9861873160195781,98.6187316019578,1.5241547617631472
2008,3.882051941759937,0.9861873160195781,98.6187316019578,1.5241547617631472
2008,4.270257135935931,0.986065388166031,98.60653881660309,1.5241278312759847
2008,4.6972828495295245,0.986065388166031,98.60653881660309,1.5241278312759847
2008,5.167011134482477,0.9859173329152949,98.5917332915295,1.5240951245177508
2008,5.683712247930726,0.9859173329152949,98.5917332915295,1.5240951245177508
2008,6.252083472723799,0.9858215324589364,98.58215324589365,1.524073958133759
2008,6.877291819996179,0.9857344411349741,98.57344411349742,1.524054713792658
2008,7.565021001995797,0.9856908954729929,98.5690895472993,1.5240450908456031
2008,8.321523102195378,0.9853425301771438,98.53425301771438,1.5239680886262523
2008,9.153675412414916,0.9852728571179739,98.52728571179739,1.5239526842038258
2008,10.069042953656409,0.9850551288080681,98.5055128808068,1.523904536831913
2008,11.07594724902205,0.9849070735573322,98.49070735573322,1.5238717892153313
2008,12.183541973924257,0.9848461096305586,98.48461096305586,1.5238583031600106
2008,13.401896171316682,0.9839316507289544,98.39316507289544,1.5236558902427049
2008,14.742085788448353,0.983652958492275,98.3652958492275,1.5235941569399434
2008,16.216294367293187,0.9834787758443504,98.34787758443504,1.523555562807208
2008,17.83792380402251,0.9821636968525196,98.21636968525196,1.523263908140716
2008,19.621716184424763,0.9817108219679156,98.17108219679156,1.5231633606519825
2008,21.583887802867242,0.9790197000574803,97.90197000574803,1.5225647088726522
2008,23.742276583153966,0.9780529863614986,97.80529863614986,1.522349169656962
2008,26.11650424146936,0.9764766333977809,97.64766333977809,1.521997147584354
2008,28.7281546656163,0.9747696434481197,97.47696434481196,1.5216151708046333
2008,31.600970132177935,0.9731323265576284,97.31323265576283,1.5212480183850816
2008,34.76106714539573,0.9705979690303252,97.05979690303252,1.5206782265487702
2008,38.237173859935304,0.9686993781679469,96.86993781679469,1.5202501830551938
2008,42.06089124592884,0.9644493215585863,96.44493215585864,1.5192882768167044
2008,46.266980370521736,0.9616014352650188,96.16014352650188,1.5186408252301091
2008,50.89367840757391,0.9577694170106774,95.77694170106774,1.517765938394704
2008,55.9830462483313,0.9521171900855236,95.21171900855236,1.5164676601340124
2008,61.58135087316444,0.9474926407831252,94.74926407831252,1.5153984218908643
2008,67.73948596048089,0.9392973471982721,93.92973471982721,1.5134878679093542
2008,74.51343455652899,0.9297260106948145,92.97260106948146,1.5112306042731547
2008,81.96477801218188,0.9232377070596227,92.32377070596227,1.5096842369840942
2008,90.16125581340007,0.9020570970719897,90.20570970719896,1.5045423388047436
2008,99.1773813947401,0.8885231053282472,88.85231053282472,1.5011788799395525
2008,109.09511953421413,0.8741094912124854,87.41094912124854,1.4975272246728435
2008,120.00463148763555,0.8492710456184355,84.92710456184355,1.4910581902059323
2008,132.0050946363991,0.8272195223911794,82.72195223911794,1.4851176833000177
2008,145.205604100039,0.803722283186149,80.3722283186149,1.4785701002057088
2008,159.72616451004296,0.7839438435143091,78.39438435143092,1.4728738795141987
2008,175.69878096104725,0.7377854418142865,73.77854418142866,1.458863354673638
2008,193.26865905715198,0.7108742227099336,71.08742227099336,1.450186678013664
2008,212.59552496286722,0.6786939785058612,67.86939785058613,1.4392627459217207
2008,233.85507745915396,0.6410269808921635,64.10269808921635,1.4256320037145997
2008,257.24058520506935,0.6028635627318807,60.28635627318807,1.4107688557792308
2008,282.9646437255763,0.5712581212659595,57.12581212659595,1.3975448527766507
2008,311.26110809813395,0.5368570483008482,53.68570483008482,1.3820721505693019
2008,342.3872189079474,0.45965929874065947,45.96592987406595,1.3423164719875509
2008,376.62594079874214,0.4206249673407535,42.06249673407535,1.3188600591894084
2008,414.2885348786164,0.3789343505599972,37.89343505599972,1.2905480030839618
2008,455.71738836647813,0.34533451777533924,34.53345177753393,1.2646713446346403
2008,501.28912720312593,0.31003640417341627,31.00364041734163,1.233756230970906
2008,551.4180399234385,0.27688944627336226,27.688944627336227,1.2002759461388626
2008,606.5598439157825,0.2492118235181411,24.92118235181411,1.168050704034632
2008,667.2158283073609,0.21984462907805125,21.984462907805124,1.1282798139298353
2008,733.937411138097,0.19266342686941526,19.266342686941528,1.0846349496325005
2008,807.3311522519067,0.17141314382261238,17.14131438226124,1.0443291239146282
2008,888.0642674770975,0.147915904617582,14.7915904617582,0.9910489067154262
2008,976.8706942248074,0.1331016704115936,13.31016704115936,0.9510894448330237
2008,1074.557763647288,0.11433349009771647,11.433349009771646,0.890576716844023
2008,1182.0135400120168,0.10178363031474805,10.178363031474804,0.8416810566873968
2008,1300.2148940132188,0.08867638605842086,8.867638605842085,0.7804291010091752
2008,1430.2363834145408,0.07800769887303827,7.800769887303827,0.7198973979144411
2008,1573.260021755995,0.06810541533852398,6.810541533852398,0.6515288468527319
2008,1730.5860239315946,0.05743672815314138,5.743672815314138,0.5585288368474264
2008,1903.6446263247544,0.050303948720628454,5.030394872062845,0.47964356813442627
2008,2094.00908895723,0.04246572956402083,4.246572956402083,0.36887877940119246
2008,2303.409997852953,0.037466687568584414,3.7466687568584414,0.27828842523233976
2008,2533.7509976382485,0.03080420128546794,3.0804201285467943,0.11784169442965915
2008,2787.126097402074,0.02650188988172998,2.650188988172998,-0.025696388614389193
2008,3065.8387071422812,0.022513107244256328,2.251310724425633,-0.20885537669190765
2008,3372.4225778565096,0.01860270679834875,1.860270679834875,-0.47687195600550675
2008,3709.664835642161,0.015371618679347164,1.5371618679347163,-0.8441147942145105
2008,4080.6313192063767,0.013603664802912334,1.3603664802912334,-1.1784540802154342
2008,4488.694451127015,0.01049450453745798,1.0494504537457978,-3.0310144376698234
2008,4937.563896239717,0.00884847851457038,0.8848478514570379,
2008,5431.32028586369,0.006723450209890091,0.6723450209890092,
2008,5974.452314450059,0.005338698158889411,0.5338698158889411,
2008,6571.897545895065,0.004459075786870112,0.44590757868701125,
2008,7229.087300484573,0.003509780355680967,0.3509780355680967,
2008,7951.9960305330305,0.0027956314991900507,0.27956314991900505,
2008,8747.195633586334,0.0019943913187368276,0.19943913187368276,
2008,9621.915196944969,0.0016634442876800612,0.16634442876800612,
2008,10584.106716639466,0.0013499155214157566,0.13499155214157565,
2008,11642.517388303413,0.0010886415495288358,0.10886415495288358,
2008,12806.769127133755,0.0008709132396230687,0.08709132396230687,
2008,14087.446039847133,0.0006183484001323788,0.061834840013237885,
2008,15496.190643831846,0.00047900228179268784,0.04790022817926878,
2008,17045.80970821503,0.00035707442824545817,0.03570744282454582,
2008,18750.39067903654,0.00025256483949068995,0.025256483949068997,
2008,20625.429746940194,0.00019160091271707512,0.01916009127170751,
2008,22687.972721634214,0.00017418264792461375,0.017418264792461374,
2008,24956.76999379764,0.000139346118339691,0.013934611833969102,
2008,27452.446993177407,9.580045635853756e-05,0.009580045635853756,
2008,30197.691692495144,7.838219156607619e-05,0.00783821915660762,
2008,33217.460861744665,5.225479437738412e-05,0.005225479437738412,
2008,36539.206947919134,3.483652958492275e-05,0.0034836529584922754,
2008,40193.12764271105,3.483652958492275e-05,0.0034836529584922754,
2008,44212.44040698216,2.612739718869206e-05,0.002612739718869206,
2008,48633.684447680374,2.612739718869206e-05,0.002612739718869206,
2008,53497.052892448424,1.7418264792461376e-05,0.0017418264792461377,
2008,58846.758181693265,1.7418264792461376e-05,0.0017418264792461377,
2008,64731.433999862595,1.7418264792461376e-05,0.0017418264792461377,
2008,71204.57739984887,8.709132396230688e-06,0.0008709132396230689,
2008,78325.03513983375,8.709132396230688e-06,0.0008709132396230689,
2008,86157.53865381714,8.709132396230688e-06,0.0008709132396230689,
2008,94773.29251919886,8.709132396230688e-06,0.0008709132396230689,
2008,104250.62177111876,8.709132396230688e-06,0.0008709132396230689,
2008,114675.68394823064,8.709132396230688e-06,0.0008709132396230689,
2009,0.8254208696763146,0.9862085939555449,98.62085939555449,1.5241594610545555
2009,0.9079629566439461,0.9861831328982321,98.6183132898232,1.5241538378946262
2009,0.9987592523083407,0.9861831328982321,98.6183132898232,1.5241538378946262
2009,1.098635177539175,0.9861831328982321,98.6183132898232,1.5241538378946262
2009,1.2084986952930925,0.9861831328982321,98.6183132898232,1.5241538378946262
2009,1.3293485648224017,0.9861831328982321,98.6183132898232,1.5241538378946262
2009,1.4622834213046423,0.9861831328982321,98.6183132898232,1.5241538378946262
2009,1.6085117634351067,0.9861831328982321,98.6183132898232,1.5241538378946262
2009,1.7693629397786175,0.9861831328982321,98.6183132898232,1.5241538378946262
2009,1.9462992337564795,0.9861831328982321,98.6183132898232,1.5241538378946262
2009,2.1409291571321276,0.9861831328982321,98.6183132898232,1.5241538378946262
2009,2.3550220728453404,0.9861831328982321,98.6183132898232,1.5241538378946262
2009,2.5905242801298747,0.9861831328982321,98.6183132898232,1.5241538378946262
2009,2.8495767081428625,0.9861831328982321,98.6183132898232,1.5241538378946262
2009,3.1345343789571487,0.9861831328982321,98.6183132898232,1.5241538378946262
2009,3.447987816852864,0.9861831328982321,98.6183132898232,1.5241538378946262
2009,3.7927865985381506,0.9861831328982321,98.6183132898232,1.5241538378946262
2009,4.172065258391966,0.9861237237645022,98.61237237645022,1.5241407165005485
2009,4.589271784231163,0.9861237237645022,98.61237237645022,1.5241407165005485
2009,5.04819896265428,0.9860643146307723,98.60643146307723,1.5241275941437582
2009,5.553018858919708,0.9860643146307723,98.60643146307723,1.5241275941437582
2009,6.108320744811679,0.9859030612677909,98.5903061267791,1.5240919714642909
2009,6.719152819292848,0.9858181910767481,98.5818191076748,1.5240732198355078
2009,7.3910681012221335,0.9858181910767481,98.5818191076748,1.5240732198355078
2009,8.130174911344346,0.9858181910767481,98.5818191076748,1.5240732198355078
2009,8.943192402478783,0.985631476656454,98.5631476656454,1.524031959330997
2009,9.83751164272666,0.9853938401215341,98.5393840121534,1.523979432192543
2009,10.821262806999329,0.9850883074337801,98.50883074337801,1.5239118746276508
2009,11.903389087699264,0.9849440281090073,98.49440281090072,1.5238799635732514
2009,13.09372799646919,0.9846554694594618,98.46554694594619,1.5238161243823751
2009,14.403100796116108,0.9840613781221621,98.40613781221622,1.5236846189806639
2009,15.843410875727722,0.9836794622624696,98.36794622624696,1.5236000287242502
2009,17.427751963300494,0.9830768839060656,98.30768839060656,1.5234664827221553
2009,19.170527159630545,0.9820414675753435,98.20414675753435,1.5232367763053625
2009,21.087579875593605,0.9810739473974556,98.10739473974556,1.52302186583808
2009,23.196337863152966,0.9789776536786984,97.89776536786984,1.5225553395741258
2009,25.515971649468263,0.9774330162017195,97.74330162017195,1.5222108040072406
2009,28.06756881441509,0.9753027744065452,97.53027744065452,1.52173455811605
2009,30.874325695856605,0.9736562927003148,97.36562927003149,1.5213655945474083
2009,33.96175826544227,0.971721252344539,97.1721252344539,1.5209309943160338
2009,37.3579340919865,0.9699304913135359,96.99304913135359,1.520527857913868
2009,41.09372750118515,0.968326444702827,96.8326444702827,1.520165983855238
2009,45.20310025130367,0.9643290587047112,96.43290587047112,1.5192609828546033
2009,49.72341027643404,0.9605438481842022,96.05438481842022,1.5183997930803856
2009,54.695751304077454,0.9555365069126771,95.5536506912677,1.5172541731762477
2009,60.1653264344852,0.9520907771563394,95.20907771563394,1.516461571218189
2009,66.18185907793372,0.9446476614018858,94.46476614018859,1.5147374690803495
2009,72.8000449857271,0.9387831312008283,93.87831312008284,1.5133673121007694
2009,80.08004948429982,0.9305167745932597,93.05167745932596,1.5114181673657947
2009,88.0880544327298,0.918584025732642,91.8584025732642,1.5085669235190227
2009,96.8968598760028,0.9045380091150585,90.45380091150585,1.5051522041188163
2009,106.58654586360309,0.8903222521153895,89.03222521153896,1.5016296000815639
2009,117.2452004499634,0.8752068710906669,87.52068710906669,1.4978078261438743
2009,128.96972049495974,0.8484388128357677,84.84388128357678,1.4908374400752946
2009,141.86669254445573,0.8307518650224481,83.07518650224482,1.4860822417750066
2009,156.0533617989013,0.8089147648671358,80.89147648671357,1.4800370539404863
2009,171.65869797879148,0.7835979868790685,78.35979868790685,1.4727727057410473
2009,188.82456777667062,0.7623295170037427,76.23295170037427,1.4664433261244048
2009,207.70702455433772,0.7126974292819133,71.26974292819132,1.4507872267998885
2009,228.4777270097715,0.6844356556646609,68.44356556646609,1.4412581779147342
2009,251.32549971074866,0.6501480984833697,65.01480984833698,1.4290221595050343
2009,276.4580496818235,0.6099450889863953,60.99450889863953,1.4136137261554205
2009,304.1038546500059,0.5760564217030053,57.60564217030053,1.3996104366553386
2009,334.5142401150066,0.5373046924728627,53.73046924728627,1.3822813794023971
2009,367.96566412650725,0.5072182097481901,50.72182097481901,1.3677118232679255
2009,404.762230539158,0.42794096429511064,42.794096429511065,1.3234610943250826
2009,445.23845359307387,0.3867619476011441,38.676194760114406,1.2961574561049436
2009,489.7622989523813,0.35399356683951894,35.39935668395189,1.2716390174080217
2009,538.7385288476195,0.315046636169978,31.504663616997803,1.238413530620692
2009,592.6123817323814,0.28052992947287125,28.052992947287127,1.2042013762157897
2009,651.8736199056196,0.2514618890407122,25.14618890407122,1.1708418919730155
2009,717.0609818961816,0.22280122552555867,22.280122552555866,1.1325933099928571
2009,788.7670800857999,0.19361436682593972,19.361436682593972,1.0862978724946568
2009,867.6437880943799,0.16779685471071995,16.779685471071996,1.0367967968392304
2009,954.408166903818,0.15068702419649146,15.068702419649146,0.9979149226420481
2009,1049.8489835941998,0.13154030909723577,13.154030909723577,0.9465204719810838
2009,1154.83388195362,0.11708691556264693,11.708691556264693,0.9002960701660957
2009,1270.317270148982,0.10016379946871261,10.016379946871261,0.8347429828339399
2009,1397.3489971638805,0.08868086262062176,8.868086262062176,0.7804522314868302
2009,1537.0838968802684,0.07791083537729043,7.791083537729043,0.7192923686897228
2009,1690.7922865682956,0.06605446968861127,6.605446968861127,0.6354622435874583
2009,1859.8715152251254,0.057525015488809866,5.7525015488809865,0.5594070874052033
2009,2045.8586667476377,0.05104093289313994,5.104093289313994,0.48860628659771504
2009,2250.444533422402,0.04328379743182802,4.3283797431828015,0.3819871646381183
2009,2475.488986764642,0.0384122484659713,3.8412248465971297,0.2969821569460761
2009,2723.037885441107,0.031537762991504494,3.1537762991504494,0.1385442969523976
2009,2995.3416739852178,0.025970278459096812,2.597027845909681,-0.04670629921665073
2009,3294.8758413837395,0.02279613331409609,2.279613331409609,-0.1935776652420841
2009,3624.363425522114,0.018629006933894608,1.8629006933894607,-0.47459851273578146
2009,3986.799768074326,0.01569249832381373,1.5692498323813728,-0.7971803743858981
2009,4385.479744881758,0.012399534911353085,1.2399534911353085,-1.5367737202651204
2009,4824.027719369935,0.010328702249908764,1.0328702249908763,-3.431402404915723
2009,5306.430491306929,0.008189973435630203,0.8189973435630203,
2009,5837.073540437622,0.0065010566338784825,0.6501056633878483,
2009,6420.780894481385,0.005508075398677722,0.5508075398677722,
2009,7062.858983929525,0.004218048494827162,0.42180484948271624,
2009,7769.144882322476,0.0034117816799205617,0.3411781679920562,
2009,8546.059370554725,0.002546105731284001,0.25461057312840013,
2009,9400.6653076102,0.002002936508610081,0.2002936508610081,
2009,10340.731838371219,0.0014767413241447206,0.14767413241447205,
2009,11374.805022208342,0.0012391047892248805,0.12391047892248805,
2009,12512.285524429177,0.0009420591205750804,0.09420591205750804,
2009,13763.514076872098,0.0007298836429680803,0.07298836429680804,
2009,15139.865484559306,0.0005516562417782002,0.05516562417782002,
2009,16653.85203301524,0.0004413249934225602,0.04413249934225602,
2009,18319.237236316767,0.00029704566864980015,0.029704566864980013,
2009,20151.160959948444,0.0002206624967112801,0.02206624967112801,
2009,22166.27705594329,0.00015276634387704008,0.015276634387704009,
2009,24382.90476153762,0.00011881826745992006,0.011881826745992006,
2009,26821.195237691383,9.335721014708004e-05,0.009335721014708004,
2009,29503.314761460522,8.487019104280003e-05,0.008487019104280003,
2009,32453.64623760658,7.638317193852004e-05,0.007638317193852004,
2009,35699.01086136724,6.789615283424003e-05,0.006789615283424003,
2009,39268.91194750397,5.092211462568002e-05,0.005092211462568002,
2009,43195.803142254365,4.243509552140002e-05,0.004243509552140002,
2009,47515.38345647981,3.3948076417120015e-05,0.0033948076417120014,
2009,52266.92180212779,3.3948076417120015e-05,0.0033948076417120014,
2009,57493.613982340576,2.546105731284001e-05,0.002546105731284001,
2009,63242.97538057464,1.6974038208560008e-05,0.0016974038208560007,
2009,69567.27291863211,1.6974038208560008e-05,0.0016974038208560007,
2009,76524.00021049533,8.487019104280004e-06,0.0008487019104280003,
2011,0.8177691469857601,0.9839077868274948,98.39077868274948,1.5236506049677565
2011,0.8995460616843362,0.9838796043175605,98.38796043175606,1.5236443630247871
2011,0.9895006678527699,0.9838796043175605,98.38796043175606,1.5236443630247871
2011,1.088450734638047,0.9838796043175605,98.38796043175606,1.5236443630247871
2011,1.1972958081018517,0.9838796043175605,98.38796043175606,1.5236443630247871
2011,1.317025388912037,0.9838796043175605,98.38796043175606,1.5236443630247871
2011,1.4487279278032408,0.9838796043175605,98.38796043175606,1.5236443630247871
2011,1.5936007205835652,0.9838796043175605,98.38796043175606,1.5236443630247871
2011,1.7529607926419217,0.9838796043175605,98.38796043175606,1.5236443630247871
2011,1.9282568719061142,0.9838796043175605,98.38796043175606,1.5236443630247871
2011,2.1210825590967257,0.9838796043175605,98.38796043175606,1.5236443630247871
2011,2.3331908150063985,0.9838796043175605,98.38796043175606,1.5236443630247871
2011,2.5665098965070383,0.9838796043175605,98.38796043175606,1.5236443630247871
2011,2.8231608861577424,0.9838796043175605,98.38796043175606,1.5236443630247871
2011,3.105476974773517,0.9838796043175605,98.38796043175606,1.5236443630247871
2011,3.416024672250869,0.9838796043175605,98.38796043175606,1.5236443630247871
2011,3.757627139475956,0.9838796043175605,98.38796043175606,1.5236443630247871
2011,4.1333898534235525,0.9838608159776043,98.38608159776044,1.523640201608496
2011,4.546728838765908,0.9838608159776043,98.38608159776044,1.523640201608496
2011,5.001401722642499,0.983842027637648,98.3842027637648,1.5236360400954174
2011,5.501541894906749,0.983842027637648,98.3842027637648,1.5236360400954174
2011,6.051696084397425,0.9838326334676699,98.383263346767,1.5236339593025816
2011,6.656865692837168,0.9837668742778232,98.37668742778231,1.5236193930751463
2011,7.322552262120885,0.9837668742778232,98.37668742778231,1.5236193930751463
2011,8.054807488332974,0.9837668742778232,98.37668742778231,1.5236193930751463
2011,8.860288237166273,0.9835695967082828,98.35695967082827,1.523575687276719
2011,9.7463170608829,0.9835038375184361,98.35038375184361,1.5235611163046063
2011,10.72094876697119,0.9833911074786987,98.33911074786987,1.5235361347344707
2011,11.79304364366831,0.9832783774389614,98.32783774389614,1.5235111496762324
2011,12.972348008035143,0.9831844357391802,98.31844357391802,1.5234903261291928
2011,14.269582808838658,0.9827241214102528,98.27241214102528,1.5233882557080067
2011,15.696541089722526,0.9825174496707343,98.25174496707344,1.5233424092285368
2011,17.266195198694778,0.9818316752623322,98.18316752623322,1.5231901980813451
2011,18.992814718564258,0.9811083241740176,98.11083241740177,1.523029506203817
2011,20.892096190420688,0.9803098197258782,98.03098197258781,1.5228519514045509
2011,22.981305809462757,0.9793328260481545,97.93328260481545,1.5226344680972446
2011,25.279436390409035,0.9788255408693365,97.88255408693365,1.5225214398058202
2011,27.807380029449938,0.9748799894785296,97.48799894785296,1.5216398878012871
2011,30.588118032394938,0.9733675281120536,97.33675281120536,1.521300806326611
2011,33.64692983563443,0.9717235483658841,97.17235483658841,1.520931510615477
2011,37.01162281919788,0.97020169282943,97.020169282943,1.5205889690928882
2011,40.712785101117674,0.9692340933216845,96.92340933216845,1.520370839679017
2011,44.78406361122944,0.9663031122885137,96.63031122885137,1.5197084753005565
2011,49.26246997235239,0.9641142706836138,96.41142706836138,1.5192122258407388
2011,54.18871696958764,0.9617939106990202,96.17939106990202,1.5186846570896202
2011,59.607588666546405,0.9590883897453241,95.9088389745324,1.5180675535195214
2011,65.56834753320105,0.9552273858843202,95.52273858843202,1.5171832102007508
2011,72.12518228652115,0.951591842102791,95.15918421027911,1.5163465140794674
2011,79.33770051517328,0.9473738597826189,94.73738597826188,1.5153708748364683
2011,87.27147056669062,0.9405724807184661,94.05724807184662,1.5137864705716009
2011,95.99861762335968,0.9326813779368524,93.26813779368524,1.511930600994592
2011,105.59847938569567,0.9245742092457421,92.45742092457421,1.510003850430978
2011,116.15832732426524,0.9094402014110043,90.94402014110044,1.5063512881782535
2011,127.77416005669177,0.8965889768809476,89.65889768809477,1.5031908804470604
2011,140.55157606236097,0.8824319627239335,88.24319627239335,1.4996446079752055
2011,154.60673366859706,0.8594820054674069,85.9482005467407,1.4937452693854365
2011,170.0674070354568,0.8388805907054082,83.88805907054082,1.4882829361680594
2011,187.07414773900248,0.818157051733694,81.8157051733694,1.4826197572278286
2011,205.78156251290275,0.7933658371614576,79.33658371614575,1.4756091854103122
2011,226.35971876419305,0.7542203308626666,75.42203308626667,1.463972609891255
2011,248.99569064061234,0.7237174609437383,72.37174609437383,1.4543772130436357
2011,273.8952597046736,0.695065242510498,69.5065242510498,1.444898265551024
2011,301.284785675141,0.6592170898740242,65.92170898740241,1.432334989357924
2011,331.41326424265515,0.621321008182322,62.1321008182322,1.4180988866251367
2011,364.5545906669207,0.5912032992324963,59.12032992324963,1.4059927813184518
2011,401.0100497336128,0.5583800693289744,55.83800693289744,1.3918923544152515
2011,441.1110547069741,0.5200236733083449,52.00236733083449,1.3740419163270674
2011,485.2221601776716,0.43425490140818607,43.42549014081861,1.3273525754337478
2011,533.7443761954388,0.3895104698024406,38.95104698024406,1.2980929086524842
2011,587.1188138149827,0.3521122791195784,35.211227911957835,1.2701439001699548
2011,645.830695196481,0.3163580681828857,31.63580681828857,1.2396168228366173
2011,710.4137647161291,0.27771045289293467,27.77104528929347,1.2011670543574666
2011,781.4551411877421,0.24752698475326212,24.752698475326213,1.1659389544335217
2011,859.6006553065164,0.21546468261796728,21.54646826179673,1.12174658767132
2011,945.5607208371681,0.18731974936354498,18.731974936354497,1.075081584847183
2011,1040.116792920885,0.163157944179842,16.3157944179842,1.0268060424048109
2011,1144.1284722129735,0.1448299185525463,14.482991855254628,0.9831920788835352
2011,1258.5413194342711,0.12405001456096347,12.405001456096347,0.9235045434650585
2011,1384.3954513776982,0.1094045035650875,10.94045035650875,0.87232503534237
2011,1522.8349965154682,0.09591447547651927,9.591447547651926,0.8157505003801202
2011,1675.1184961670153,0.08169170212965833,8.169170212965833,0.7421122525718061
2011,1842.630345783717,0.07189358284248795,7.1893582842487955,0.6793534411494914
2011,2026.8933803620885,0.0645567360895828,6.45567360895828,0.6232392691890262
2011,2229.582718398298,0.05427951413352873,5.427951413352873,0.525652238762665
2011,2452.5409902381275,0.04907514396565491,4.9075143965654915,0.46421665493113323
2011,2697.7950892619406,0.0402258358462738,4.02258358462738,0.3306872349638068
2011,2967.574598188135,0.0342229612302605,3.42229612302605,0.20726755744217995
2011,3264.3320580069485,0.030371351539234752,3.037135153923475,0.10518371879615895
2011,3590.7652638076443,0.024697272872455354,2.4697272872455356,-0.10080675033436295
2011,3949.841790188409,0.021296583340378962,2.129658334037896,-0.27976475025953634
2011,4344.82596920725,0.017097389360163084,1.7097389360163084,-0.6229857044129132
2011,4779.308566127975,0.014194590836926603,1.4194590836926602,-1.0490342290696484
2011,5257.239422740773,0.011658164942836476,1.1658164942836475,-1.8745649724288058
2011,5782.963365014851,0.009215680748527464,0.9215680748527464,
2011,6361.2597015163365,0.00782534359176695,0.782534359176695,
2011,6997.385671667971,0.006209546355531757,0.6209546355531756,
2011,7697.124238834768,0.00492254506853047,0.492254506853047,
2011,8466.836662718246,0.0036731204614416295,0.36731204614416296,
2011,9313.520328990071,0.0029873460530394835,0.29873460530394835,
2011,10244.872361889078,0.0022639949647248916,0.22639949647248916,
2011,11269.359598077988,0.001803680635797424,0.18036806357974242,
2011,12396.29555788579,0.0012118479271763943,0.12118479271763943,
2011,13635.92511367437,0.0008924461479206004,0.08924461479206004,
2011,14999.517625041804,0.0007327452582927036,0.07327452582927035,
2011,16499.46938754599,0.00043213181899313285,0.04321318189931329,
2011,18149.41632630059,0.00033819011921201703,0.0338190119212017,
2011,19964.357958930646,0.0002818250993433475,0.02818250993433475,
2011,21960.793754823717,0.000225460079474678,0.022546007947467802,
2011,24156.87313030609,0.0001784892295841201,0.01784892295841201,
2011,26572.5604433367,0.00013151837969356216,0.013151837969356216,
2011,29229.81648767037,0.000112730039737339,0.011273003973733901,
2011,32152.79813643741,8.454752980300426e-05,0.008454752980300425,
2011,35368.07795008116,7.515335982489268e-05,0.007515335982489268,
2011,38904.885745089276,5.63650198686695e-05,0.0056365019868669505,
2011,42795.3743195982,4.697084989055792e-05,0.004697084989055792,
2011,47074.91175155803,3.757667991244634e-05,0.003757667991244634,
2011,51782.40292671384,2.818250993433475e-05,0.0028182509934334752,
2011,56960.64321938522,2.818250993433475e-05,0.0028182509934334752,
2011,62656.70754132375,1.878833995622317e-05,0.001878833995622317,
2011,68922.37829545615,1.878833995622317e-05,0.001878833995622317,
2011,75814.61612500176,1.878833995622317e-05,0.001878833995622317,
2011,83396.07773750194,9.394169978111585e-06,0.0009394169978111585,
2011,91735.68551125213,9.394169978111585e-06,0.0009394169978111585,
2011,100909.25406237735,9.394169978111585e-06,0.0009394169978111585,
2012,0.6920599916402683,0.9840917934285895,98.40917934285895,1.5236913539250347
2012,0.7612659908042952,0.9840646463183994,98.40646463183994,1.5236853426784398
2012,0.8373925898847248,0.9840646463183994,98.40646463183994,1.5236853426784398
2012,0.9211318488731974,0.9840646463183994,98.40646463183994,1.5236853426784398
2012,1.0132450337605172,0.9840646463183994,98.40646463183994,1.5236853426784398
2012,1.114569537136569,0.9840646463183994,98.40646463183994,1.5236853426784398
2012,1.2260264908502259,0.9840646463183994,98.40646463183994,1.5236853426784398
2012,1.3486291399352488,0.9840646463183994,98.40646463183994,1.5236853426784398
2012,1.4834920539287737,0.9840646463183994,98.40646463183994,1.5236853426784398
2012,1.6318412593216514,0.9840646463183994,98.40646463183994,1.5236853426784398
2012,1.7950253852538165,0.9840646463183994,98.40646463183994,1.5236853426784398
2012,1.9745279237791982,0.9840646463183994,98.40646463183994,1.5236853426784398
2012,2.171980716157118,0.9840646463183994,98.40646463183994,1.5236853426784398
2012,2.3891787877728303,0.9840646463183994,98.40646463183994,1.5236853426784398
2012,2.6280966665501135,0.9840646463183994,98.40646463183994,1.5236853426784398
2012,2.890906333205125,0.9840646463183994,98.40646463183994,1.5236853426784398
2012,3.179996966525638,0.9840646463183994,98.40646463183994,1.5236853426784398
2012,3.4979966631782022,0.9840374992082093,98.40374992082093,1.5236793312298753
2012,3.8477963294960227,0.9840374992082093,98.40374992082093,1.5236793312298753
2012,4.232575962445625,0.9840194011347492,98.40194011347492,1.5236753234852876
2012,4.655833558690188,0.9840194011347492,98.40194011347492,1.5236753234852876
2012,5.121416914559207,0.9840103520980191,98.40103520980192,1.5236733195793284
2012,5.633558606015129,0.9840013030612891,98.40013030612891,1.5236713156509258
2012,6.196914466616642,0.9840013030612891,98.40013030612891,1.5236713156509258
2012,6.816605913278306,0.9840013030612891,98.40013030612891,1.5236713156509258
2012,7.498266504606137,0.9839108126939887,98.39108126939887,1.523651275132384
2012,8.248093155066751,0.9838927146205286,98.38927146205286,1.5236472667593028
2012,9.072902470573428,0.9838022242532283,98.38022242532283,1.5236272235468262
2012,9.980192717630771,0.9837750771430381,98.37750771430382,1.5236212101452402
2012,10.978211989393849,0.9836936358124677,98.36936358124677,1.5236031687278087
2012,12.076033188333234,0.9833769195269163,98.33769195269163,1.5235329903625707
2012,13.28363650716656,0.9832321349392357,98.32321349392356,1.5235008996549677
2012,14.612000157883216,0.9829516148006044,98.29516148006044,1.523438707527708
2012,16.073200173671538,0.9825625062212128,98.25625062212127,1.5233524052305771
2012,17.680520191038696,0.9818747794297297,98.18747794297296,1.5231997690856707
2012,19.44857221014257,0.9814132785564976,98.14132785564976,1.5230972691698585
2012,21.393429431156825,0.9810513170872961,98.10513170872962,1.5230168359899516
2012,23.532772374272508,0.9780379878561927,97.80379878561926,1.5223458235346619
2012,25.886049611699764,0.9766896813834167,97.66896813834167,1.522044764679878
2012,28.474654572869742,0.9757485815634925,97.57485815634925,1.5218343294437624
2012,31.32212003015672,0.9745993538987775,97.45993538987776,1.5215770200484775
2012,34.45433203317239,0.9737758915563438,97.37758915563438,1.521392421304118
2012,37.899765236489635,0.9714050439330734,97.14050439330734,1.5208598752746978
2012,41.6897417601386,0.969767168284936,96.97671682849361,1.520491045481432
2012,45.85871593615247,0.967957360938928,96.7957360938928,1.520082614904913
2012,50.444587529767716,0.9655593662054675,96.55593662054675,1.5195400085970718
2012,55.48904628274449,0.9624374485336036,96.24374485336035,1.5188311304467605
2012,61.03795091101894,0.9594512664126904,95.94512664126904,1.5181504453830312
2012,67.14174600212085,0.956410790071397,95.6410790071397,1.5174547254345667
2012,73.85592060233294,0.9506013084907111,95.06013084907111,1.5161178734734442
2012,81.24151266256624,0.9458596132441701,94.58596132441701,1.515019329266578
2012,89.36566392882287,0.9386927761539784,93.86927761539783,1.5133461204119678
2012,98.30223032170517,0.9308925064926838,93.08925064926838,1.511507219900837
2012,108.13245335387569,0.9179252368585364,91.79252368585364,1.508408194868573
2012,118.94569868926327,0.9076093349862907,90.76093349862907,1.505904381314661
2012,130.8402685581896,0.8927960618592151,89.27960618592151,1.5022475208236328
2012,143.92429541400858,0.8678840637414147,86.78840637414147,1.4959271727767105
2012,158.31672495540943,0.8533241636427802,85.33241636427802,1.4921295063783506
2012,174.1483974509504,0.828674587590151,82.8674587590151,1.4855156210784142
2012,191.56323719604546,0.807671773339728,80.7671773339728,1.4796869448484984
2012,210.71956091565002,0.784669121971966,78.4669121971966,1.4730858678534235
2012,231.79151700721502,0.7406636563537812,74.06636563537812,1.4597682003717716
2012,254.97066870793657,0.7121229945072347,71.21229945072346,1.4505982176775183
2012,280.46773557873024,0.6793654815444896,67.93654815444896,1.4394971927971714
2012,308.5145091366033,0.6448524554561167,64.48524554561168,1.4270611012504533
2012,339.36596005026365,0.6101041544127628,61.01041544127628,1.4136771554698981
2012,373.30255605529004,0.571329032024541,57.1329032024541,1.397575535938454
2012,410.63281166081913,0.5422454279741922,54.22454279741922,1.384576292358246
2012,451.69609282690107,0.4449411360160711,44.49411360160711,1.3337784516975602
2012,496.86570210959115,0.4038947054086093,40.38947054086093,1.3079460207505467
2012,546.5522723205503,0.3666217231175741,36.662172311757416,1.2814185880375841
2012,601.2074995526054,0.32895058321041726,32.895058321041724,1.2508532728960366
2012,661.3282495078661,0.2924105728945154,29.24105728945154,1.216565322685161
2012,727.4610744586527,0.25594295487245383,25.594295487245383,1.1763043878634432
2012,800.207181904518,0.22931163977594585,22.931163977594586,1.141830404689948
2012,880.2279000949699,0.19321503225981596,19.321503225981594,1.0856008837747002
2012,968.2506901044669,0.17251083622148422,17.25108362214842,1.0465730881545916
2012,1065.0757591149138,0.147399759295623,14.739975929562299,0.9897505597095074
2012,1171.5833350264052,0.13033327602276737,13.033327602276737,0.9429364558416597
2012,1288.7416685290457,0.11470558958998815,11.470558958998815,0.8919093723463867
2012,1417.6158353819505,0.09700567374602974,9.700567374602974,0.8207416489861324
2012,1559.3774189201458,0.08513333755621715,8.513333755621714,0.7615689076934221
2012,1715.3151608121602,0.0770434987195613,7.70434987195613,0.7138244682630597
2012,1886.8466768933765,0.06521640771339891,6.521640771339891,0.6286758552049495
2012,2075.531344582714,0.058538218606629326,5.853821860662933,0.5693368180712254
2012,2283.084479040986,0.04750744283271046,4.750744283271046,0.44359631577783254
2012,2511.3929269450846,0.03989720294274674,3.989720294274674,0.3247763388855161
2012,2762.5322196395937,0.035879430634608946,3.5879430634608944,0.24496693978673606
2012,3038.7854416035534,0.029300780931869802,2.9300780931869803,0.07234770831956355
2012,3342.663985763909,0.025138224036051364,2.513822403605136,-0.08142215523236623
2012,3676.9303843402995,0.020242695165099675,2.0242695165099676,-0.3492612039051271
2012,4044.6234227743303,0.017211267860536245,1.7211267860536246,-0.610684294025359
2012,4449.085765051764,0.013609751241980292,1.3609751241980292,-1.1770016646378325
2012,4893.9943415569405,0.011003628663728745,1.1003628663728746,-2.3471640953300783
2012,5383.393775712635,0.009139527097340488,0.9139527097340487,
2012,5921.733153283899,0.007347817824792551,0.7347817824792551,
2012,6513.906468612289,0.006243835343727661,0.6243835343727661,
2012,7165.297115473519,0.0045788125854002845,0.4578812585400284,
2012,7881.826827020872,0.003836791573536997,0.3836791573536997,
2012,8670.009509722959,0.0029952311576432688,0.2995231157643269,
2012,9537.010460695255,0.0024251418436507435,0.24251418436507435,
2012,10490.711506764783,0.001764562162357817,0.1764562162357817,
2012,11539.782657441263,0.0014116497298862537,0.14116497298862538,
2012,12693.760923185388,0.0010768353708747703,0.10768353708747704,
2012,13963.137015503928,0.0007872661955134876,0.07872661955134876,
2012,15359.450717054324,0.0006877267914830466,0.06877267914830466,
2012,16895.395788759757,0.0005519912405324454,0.055199124053244536,
2012,18584.935367635735,0.0004434027997719643,0.04434027997719643,
2012,20443.42890439931,0.00038910857939172377,0.03891085793917238,
2012,22487.771794839242,0.0002895691753612828,0.02895691753612828,
2012,24736.548974323166,0.000208127844790922,0.0208127844790922,
2012,27210.203871755486,0.000208127844790922,0.0208127844790922,
2012,29931.22425893104,0.00016288266114072156,0.016288266114072157,
2012,32924.346684824144,0.0001447845876806414,0.01447845876806414,
2012,36216.78135330656,0.0001357355509506013,0.013573555095060131,
2012,39838.45948863722,0.0001357355509506013,0.013573555095060131,
2012,43822.305437500945,9.953940403044096e-05,0.009953940403044096,
2012,48204.53598125104,9.049036730040088e-05,0.009049036730040087,
2012,53024.989579376146,8.144133057036078e-05,0.008144133057036079,
2012,58327.48853731378,7.23922938403207e-05,0.00723922938403207,
2012,64160.23739104516,7.23922938403207e-05,0.00723922938403207,
2012,70576.26113014968,6.334325711028061e-05,0.006334325711028061,
2012,77633.88724316465,6.334325711028061e-05,0.006334325711028061,
2012,85397.27596748112,6.334325711028061e-05,0.006334325711028061,
2012,93937.00356422924,6.334325711028061e-05,0.006334325711028061,
2012,103330.70392065217,6.334325711028061e-05,0.006334325711028061,
2012,113663.7743127174,4.524518365020044e-05,0.004524518365020044,
2012,125030.15174398916,1.8098073460080174e-05,0.0018098073460080175,
2012,137533.16691838807,9.049036730040087e-06,0.0009049036730040087,
2012,151286.48361022692,9.049036730040087e-06,0.0009049036730040087,
2013,0.6114811490567047,0.9805005899359627,98.05005899359627,1.5228943869254072
2013,0.6726292639623752,0.9804915832800439,98.0491583280044,1.5228923836829633
2013,0.7398921903586128,0.9804915832800439,98.0491583280044,1.5228923836829633
2013,0.8138814093944742,0.9804915832800439,98.0491583280044,1.5228923836829633
2013,0.8952695503339216,0.9804915832800439,98.0491583280044,1.5228923836829633
2013,0.9847965053673138,0.9804915832800439,98.0491583280044,1.5228923836829633
2013,1.0832761559040454,0.9804915832800439,98.0491583280044,1.5228923836829633
2013,1.19160377149445,0.9804915832800439,98.0491583280044,1.5228923836829633
2013,1.3107641486438952,0.9804825766241252,98.04825766241252,1.5228903804181046
2013,1.441840563508285,0.9804825766241252,98.04825766241252,1.5228903804181046
2013,1.5860246198591135,0.9804825766241252,98.04825766241252,1.5228903804181046
2013,1.7446270818450247,0.9804825766241252,98.04825766241252,1.5228903804181046
2013,1.9190897900295274,0.9804825766241252,98.04825766241252,1.5228903804181046
2013,2.1109987690324803,0.9804825766241252,98.04825766241252,1.5228903804181046
2013,2.3220986459357285,0.9804825766241252,98.04825766241252,1.5228903804181046
2013,2.5543085105293017,0.9804735699682066,98.04735699682065,1.5228883771308308
2013,2.809739361582232,0.9804735699682066,98.04735699682065,1.5228883771308308
2013,3.090713297740456,0.9804735699682066,98.04735699682065,1.5228883771308308
2013,3.399784627514501,0.9804735699682066,98.04735699682065,1.5228883771308308
2013,3.739763090265952,0.9804735699682066,98.04735699682065,1.5228883771308308
2013,4.113739399292547,0.9804735699682066,98.04735699682065,1.5228883771308308
2013,4.525113339221802,0.9804645633122878,98.04645633122878,1.5228863738211416
2013,4.977624673143983,0.9804195300326941,98.04195300326941,1.5228763569364454
2013,5.475387140458381,0.9804195300326941,98.04195300326941,1.5228763569364454
2013,6.02292585450422,0.9804195300326941,98.04195300326941,1.5228763569364454
2013,6.625218439954643,0.9803024435057508,98.03024435057507,1.5228503104131441
2013,7.287740283950107,0.9802574102261571,98.0257410226157,1.5228402915105248
2013,8.01651431234512,0.9801943636347261,98.01943636347261,1.5228262641049226
2013,8.818165743579632,0.9801403236992137,98.01403236992137,1.522814239739644
2013,9.699982317937595,0.9800952904196201,98.00952904196201,1.5228042188183482
2013,10.669980549731356,0.9797620441506273,97.97620441506272,1.5227300465648368
2013,11.736978604704493,0.9796629709355213,97.96629709355213,1.5227079894279871
2013,12.910676465174943,0.9794197912257158,97.94197912257158,1.5226538376610494
2013,14.201744111692438,0.9791766115159103,97.91766115159103,1.5225996695134583
2013,15.621918522861684,0.9786902520962991,97.86902520962991,1.5224912840395732
2013,17.184110375147853,0.9783570058273063,97.83570058273064,1.5224169820310582
2013,18.90252141266264,0.97797872627872,97.797872627872,1.5223326018400347
2013,20.792773553928907,0.9758981887614947,97.58981887614947,1.521867798984176
2013,22.8720509093218,0.9746912968683857,97.46912968683857,1.521597619466277
2013,25.15925600025398,0.9736195048140576,97.36195048140576,1.5213573419915227
2013,27.675181600279384,0.9723405596735988,97.23405596735988,1.5210702022517537
2013,30.44269976030732,0.9716110205441821,97.16110205441821,1.5209062050722555
2013,33.486969736338054,0.9689090237685649,96.89090237685649,1.5202974985298856
2013,36.83566670997187,0.9670716659611452,96.70716659611452,1.5198823952499383
2013,40.519233380969055,0.9649641084761639,96.49641084761639,1.519405062158307
2013,44.57115671906597,0.9621900584531969,96.2190058453197,1.5187748370005603
2013,49.02827239097257,0.9594970683334985,95.94970683334985,1.5181609051924774
2013,53.93109963006982,0.9569571913644183,95.69571913644182,1.5175799512352504
2013,59.324209593076816,0.9545073809545254,95.45073809545254,1.5170178145633055
2013,65.2566305523845,0.9498419331886264,94.98419331886264,1.5159423932974219
2013,71.78229360762295,0.9454646984121265,94.54646984121266,1.5149275334603993
2013,78.96052296838526,0.9408983238613335,94.08983238613335,1.513862695221686
2013,86.85657526522378,0.9337560457177855,93.37560457177855,1.5121844717018982
2013,95.54223279174617,0.9257851552297147,92.57851552297147,1.510292951453428
2013,105.09645607092081,0.9136351763953562,91.36351763953562,1.5073711327400974
2013,115.60610167801288,0.903331562024336,90.3331562024336,1.504855887307427
2013,127.16671184581419,0.887605940790244,88.7605940790244,1.5009486832605705
2013,139.8833830303956,0.8672328851020904,86.72328851020904,1.4957589963920928
2013,153.8717213334352,0.8478865881886715,84.78865881886715,1.4906908157600045
2013,169.25889346677874,0.827801745489917,82.78017454899171,1.4852770152429624
2013,186.1847828134566,0.8043844401012348,80.43844401012348,1.478757815852081
2013,204.80326109480228,0.7845337704563673,78.45337704563673,1.473046324859978
2013,225.28358720428255,0.7414999684767043,74.14999684767042,1.4600303058464876
2013,247.8119459247108,0.7072476560177972,70.72476560177972,1.4489864449600325
2013,272.59314051718195,0.6827675652307055,68.27675652307055,1.4406805985480609
2013,299.85245456890016,0.6452818632969765,64.52818632969765,1.4272208603487406
2013,329.8377000257902,0.6050941645876302,60.50941645876302,1.4116694229527047
2013,362.8214700283693,0.5753271667762476,57.53271667762476,1.399297890494903
2013,399.10361703120617,0.5390483567356277,53.904835673562765,1.383094293746921
2013,439.0139787343268,0.4460906609984779,44.60906609984779,1.3344580546304867
2013,482.9153766077595,0.4049842833854218,40.49842833854218,1.3086741578481413
2013,531.2069142685356,0.3642651919768709,36.42651919768709,1.2796266188486596
2013,584.3276056953891,0.327166776247647,32.7166776247647,1.249295525856569
2013,642.7603662649282,0.28462834034351386,28.462834034351385,1.2085420993592093
2013,707.0364028914211,0.2567977735546569,25.67977735546569,1.1773322168778029
2013,777.7400431805631,0.2261301101514019,22.613011015140188,1.1373602776870324
2013,855.5140474986194,0.19447171459708726,19.447171459708727,1.0877877923721442
2013,941.0654522484816,0.16637094813066858,16.63709481306686,1.0337661040610207
2013,1035.1719974733298,0.1476551171315602,14.765511713156021,0.9903936821005669
2013,1138.689197220663,0.13056048419782218,13.056048419782218,0.9436146140122768
2013,1252.5581169427294,0.11005232867088778,11.005232867088779,0.8747897047266108
2013,1377.8139286370024,0.09740698376099938,9.740698376099937,0.8225569483586569
2013,1515.5953215007025,0.08795900170225797,8.795900170225798,0.7767002074673993
2013,1667.154853650773,0.07453007772744058,7.4530077727440585,0.6974467634918893
2013,1833.8703390158503,0.06715362653000567,6.715362653000567,0.6441658614548699
2013,2017.2573729174358,0.055399940556070934,5.539994055607093,0.5376584387889966
2013,2218.9831102091794,0.04751010997126877,4.751010997126877,0.4436323414819505
2013,2440.8814212300977,0.04223220960289654,4.2232209602896535,0.36505837294242244
2013,2684.969563353108,0.03504489817975484,3.504489817975484,0.2263742880911387
2013,2953.466519688419,0.030208323951400086,3.0208323951400087,0.10032704783087641
2013,3248.81317165726,0.024498104098929108,2.449810409892911,-0.10980299348261599
2013,3573.694488822987,0.021075574849814014,2.1075574849814016,-0.29366032409885445
2013,3931.063937705286,0.01758999900926785,1.758999900926785,-0.5713802521631776
2013,4324.170331475815,0.01406839654504679,1.4068396545046788,-1.0748592130465382
2013,4756.587364623397,0.011978852371902837,1.1978852371902837,-1.7117048859706043
2013,5232.246101085738,0.009384935467310342,0.9384935467310342,
2013,5755.470711194311,0.007808770681533654,0.7808770681533653,
2013,6331.017782313743,0.005710219852470976,0.5710219852470976,
2013,6964.119560545118,0.00457538120671176,0.45753812067117594,
2013,7660.53151659963,0.003485575840546164,0.3485575840546164,
2013,8426.584668259593,0.0026749768078610093,0.2674976807861009,
2013,9269.243135085553,0.001873384431094579,0.1873384431094579,
2013,10196.167448594111,0.0014590782588332779,0.1459078258833278,
2013,11215.78419345352,0.0011078186780030443,0.11078186780030444,
2013,12337.362612798875,0.0007925857208477065,0.07925857208477065,
2013,13571.098874078765,0.0006484792261481234,0.06484792261481234,
2013,14928.208761486641,0.0005494060110421601,0.054940601104216016,
2013,16421.029637635307,0.0003962928604238532,0.039629286042385324,
2013,18063.13260139884,0.000288212989399166,0.028821298939916598,
2013,19869.445861538727,0.00022516639796809842,0.022516639796809842,
2013,21856.390447692596,0.0001981464302119266,0.019814643021192662,
2013,24042.02949246186,0.00018013311837447875,0.018013311837447876,
2013,26446.23244170805,0.00015311315061830694,0.015311315061830694,
2013,29090.855685878854,0.00012609318286213513,0.012609318286213513,
2013,31999.941254466743,8.105990326851543e-05,0.008105990326851543,
2013,35199.93537991342,6.304659143106756e-05,0.006304659143106756,
2013,38719.92891790477,4.503327959361969e-05,0.004503327959361969,
2013,42591.921809695246,3.602662367489575e-05,0.0036026623674895748,
2013,46851.11399066477,1.8013311837447874e-05,0.0018013311837447874,
2014,0.5852691209249501,0.9932012415124195,99.32012415124196,1.5256971543677849
2014,0.6437960330174451,0.9931925474478573,99.31925474478574,1.52569525072233
2014,0.7081756363191897,0.9931925474478573,99.31925474478574,1.52569525072233
2014,0.7789931999511088,0.9931925474478573,99.31925474478574,1.52569525072233
2014,0.8568925199462196,0.9931925474478573,99.31925474478574,1.52569525072233
2014,0.9425817719408417,0.9931925474478573,99.31925474478574,1.52569525072233
2014,1.036839949134926,0.9931925474478573,99.31925474478574,1.52569525072233
2014,1.1405239440484187,0.9931925474478573,99.31925474478574,1.52569525072233
2014,1.2545763384532609,0.9931925474478573,99.31925474478574,1.52569525072233
2014,1.380033972298587,0.9931925474478573,99.31925474478574,1.52569525072233
2014,1.5180373695284457,0.9931925474478573,99.31925474478574,1.52569525072233
2014,1.6698411064812904,0.9931925474478573,99.31925474478574,1.52569525072233
2014,1.8368252171294195,0.9931838533832952,99.31838533832952,1.5256933470565877
2014,2.020507738842362,0.9931838533832952,99.31838533832952,1.5256933470565877
2014,2.222558512726598,0.9931838533832952,99.31838533832952,1.5256933470565877
2014,2.4448143639992583,0.9931838533832952,99.31838533832952,1.5256933470565877
2014,2.689295800399184,0.9931838533832952,99.31838533832952,1.5256933470565877
2014,2.958225380439103,0.9931751593187331,99.31751593187332,1.525691443370557
2014,3.254047918483013,0.9931751593187331,99.31751593187332,1.525691443370557
2014,3.579452710331315,0.993166465254171,99.3166465254171,1.5256895396642378
2014,3.9373979813644464,0.993166465254171,99.3166465254171,1.5256895396642378
2014,4.331137779500891,0.9931577711896089,99.3157771189609,1.5256876359376295
2014,4.764251557450981,0.9931316889959225,99.31316889959226,1.525681924636066
2014,5.24067671319608,0.9931316889959225,99.31316889959226,1.525681924636066
2014,5.764744384515688,0.9931316889959225,99.31316889959226,1.525681924636066
2014,6.3412188229672575,0.9930795246085498,99.30795246085498,1.5256705014850807
2014,6.975340705263983,0.993027360221177,99.3027360221177,1.5256590776035452
2014,7.672874775790383,0.9929925839629286,99.29925839629286,1.5256514612766179
2014,8.440162253369422,0.9929665017692422,99.29665017692422,1.5256457488183044
2014,9.284178478706364,0.9929404195755558,99.29404195755558,1.5256400361773066
2014,10.212596326577001,0.992749150155189,99.2749150155189,1.5255981378936017
2014,11.233855959234702,0.9926795976386921,99.2679597638692,1.5255828997173013
2014,12.357241555158174,0.9925317985411359,99.2531798541136,1.5255505142762116
2014,13.592965710673992,0.9923666113144556,99.23666113144556,1.5255143118342667
2014,14.952262281741394,0.9920362368610949,99.2036236861095,1.5254418849345965
2014,16.447488509915534,0.9917319446014206,99.17319446014206,1.5253751499626311
2014,18.092237360907088,0.9915232870519296,99.15232870519296,1.525329374428469
2014,19.9014610969978,0.9908886203388947,99.08886203388947,1.5251900683864736
2014,21.891607206697582,0.9892889124594639,98.92889124594639,1.5248384582685799
2014,24.08076792736734,0.9882195425183228,98.82195425183228,1.52460302824013
2014,26.48884472010408,0.9874457707722938,98.74457707722938,1.524432482898596
2014,29.137729192114488,0.986619834638892,98.6619834638892,1.5242502604581907
2014,32.05150211132594,0.9847940810808461,98.47940810808461,1.5238467929283224
2014,35.256652322458535,0.9827248937150608,98.27248937150608,1.5233884270081797
2014,38.7823175547044,0.9809426104798254,98.09426104798254,1.522992672719273
2014,42.66054931017484,0.9794037610523296,97.94037610523296,1.5226502674530888
2014,46.92660424119232,0.9761956512289061,97.6195651228906,1.5219343275636128
2014,51.619264665311555,0.9743003451543631,97.43003451543632,1.52151001208071
2014,56.781191131842725,0.9721616052720807,97.21616052720807,1.5210299879726763
2014,62.459310245027,0.9680319246050721,96.80319246050722,1.5200994605307416
2014,68.7052412695297,0.9649716138792047,96.49716138792047,1.5194067642837592
2014,75.57576539648268,0.9606767459855157,96.06767459855156,1.5184300992693354
2014,83.13334193613095,0.9557559054433539,95.57559054433538,1.5173045221390444
2014,91.44667612974405,0.9484876674694186,94.84876674694186,1.515629017851204
2014,100.59134374271846,0.9414454751740986,94.14454751740986,1.5139906181853688
2014,110.65047811699031,0.9289434103337652,92.89434103337652,1.51104478568827
2014,121.71552592868937,0.917102094400153,91.7102094400153,1.5082096712220119
2014,133.8870785215583,0.9041566322671513,90.41566322671513,1.5050585859574928
2014,147.27578637371417,0.8803696716251815,88.03696716251815,1.4991222084528157
2014,162.0033650110856,0.8644073690891229,86.44073690891229,1.4950274709392224
2014,178.20370151219416,0.8409073125777032,84.09073125777033,1.4888275624249736
2014,196.0240716634136,0.8208414115683224,82.08414115683223,1.4833631828883775
2014,215.62647882975497,0.781796367619826,78.1796367619826,1.4722447870824913
2014,237.18912671273048,0.7506716164874241,75.06716164874241,1.4628810732859516
2014,260.9080393840036,0.7252501717077751,72.5250171707775,1.4548711783132156
2014,286.99884332240396,0.6906825710087723,69.06825710087723,1.4434058187541574
2014,315.69872765464436,0.6534980568765704,65.34980568765704,1.4302525047769084
2014,347.26860042010884,0.6214169586423349,62.14169586423349,1.4181362819103147
2014,381.99546046211975,0.5840759513480147,58.40759513480147,1.4030152680881243
2014,420.19500650833174,0.5512384694968745,55.12384694968745,1.3886871003687589
2014,462.2145071591649,0.45167404213143686,45.16740421314368,1.3377277882042333
2014,508.4359578750815,0.4081428608688848,40.81428608688848,1.3107709717808782
2014,559.2795536625897,0.3712539449317951,37.125394493179506,1.2848985376577777
2014,615.2075090288487,0.32680119282565795,32.6801192825658,1.2489749229020817
2014,676.7282599317336,0.2929725876144356,29.297258761443562,1.2171340007740257
2014,744.401085924907,0.25752688639465837,25.752688639465838,1.1782053675329023
2014,818.8411945173978,0.23168812651602752,23.168812651602753,1.145116378921222
2014,900.7253139691377,0.18986098190765163,18.986098190765162,1.0796696840916309
2014,990.7978453660515,0.16909086166873874,16.909086166873873,1.0395171018328024
2014,1089.8776299026567,0.1474426409090514,14.74426409090514,0.989858664389806
2014,1198.8653928929225,0.1256727032454943,12.56727032454943,0.9286523477241413
2014,1318.751932182215,0.11022335051860095,11.022335051860095,0.8754369341240585
2014,1450.6271254004364,0.09959050955912399,9.9590509559124,0.832248809978909
2014,1595.6898379404802,0.08547134871023553,8.547134871023552,0.7634174270489187
2014,1755.2588217345283,0.07680336634179845,7.680336634179845,0.7122943866314453
2014,1930.7847039079813,0.06419697272671947,6.419697272671947,0.6202382384826384
2014,2123.8631742987795,0.054720442354004924,5.472044235400492,0.5304236796931938
2014,2336.2494917286576,0.04848679806296242,4.848679806296242,0.45660581742665
2014,2569.874440901524,0.04001008511489206,4.001008511489206,0.32681609233767134
2014,2826.8618849916766,0.034611071021813405,3.4611071021813404,0.21639161590842992
2014,3109.548073490844,0.028420897053581518,2.842089705358152,0.04357620779887541
2014,3420.502880839929,0.024308604515697132,2.430860451569713,-0.11850734668814547
2014,3762.5531689239224,0.020265864494309734,2.0265864494309733,-0.3476404132732275
2014,4138.808485816315,0.01623181853748446,1.623181853748446,-0.7248683589234728
2014,4552.689334397946,0.013884421105711132,1.388442110571113,-1.1141859261714318
2014,5007.958267837742,0.011145790768642248,1.1145790768642247,-2.2212187315957723
2014,5508.754094621516,0.00927656688778571,0.927656688778571,
2014,6059.6295040836685,0.006981333843385121,0.698133384338512,
2014,6665.592454492036,0.005772858869249963,0.5772858869249964,
2014,7332.15169994124,0.004503525443179941,0.4503525443179941,
2014,8065.366869935365,0.003608036793281227,0.3608036793281227,
2014,8871.903556928903,0.0025908312395127846,0.25908312395127847,
2014,9759.093912621795,0.0019996348492883906,0.19996348492883906,
2014,10735.003303883972,0.0015214612983716017,0.15214612983716017,
2014,11808.50363427237,0.0009824292955199485,0.09824292955199485,
2014,12989.35399769961,0.0008085480042774798,0.08085480042774798,
2014,14288.28939746957,0.0006085845193486407,0.06085845193486407,
2014,15717.11833721653,0.00037384477617130786,0.03738447761713078,
2014,17288.830170938185,0.00031298632423644375,0.031298632423644376,
2014,19017.713188032005,0.00026082193686370315,0.026082193686370315,
2014,20919.484506835204,0.00020865754949096253,0.020865754949096253,
2014,23011.43295751873,0.00017388129124246878,0.01738812912424688,
2014,25312.576253270607,0.00014779909755609845,0.014779909755609845,
2014,27843.833878597667,0.00010432877474548126,0.010432877474548127,
2014,30628.217266457435,6.95525164969875e-05,0.0069552516496987505,
2014,33691.03899310318,6.085845193486407e-05,0.006085845193486407,
2014,37060.1428924135,5.216438737274063e-05,0.005216438737274063,
2014,40766.15718165486,5.216438737274063e-05,0.005216438737274063,
2014,44842.772899820346,3.477625824849375e-05,0.0034776258248493752,
2014,49327.05018980239,2.6082193686370316e-05,0.0026082193686370317,
2014,54259.75520878263,1.7388129124246875e-05,0.0017388129124246876,
2014,59685.73072966089,8.694064562123438e-06,0.0008694064562123438,
2014,65654.303802627,8.694064562123438e-06,0.0008694064562123438,
2014,72219.73418288969,8.694064562123438e-06,0.0008694064562123438,
2014,79441.70760117867,8.694064562123438e-06,0.0008694064562123438,
2014,87385.87836129655,8.694064562123438e-06,0.0008694064562123438,
2014,96124.46619742621,8.694064562123438e-06,0.0008694064562123438,
2014,105736.91281716884,8.694064562123438e-06,0.0008694064562123438,
2014,116310.60409888573,8.694064562123438e-06,0.0008694064562123438,
2014,127941.66450877432,8.694064562123438e-06,0.0008694064562123438,
2014,140735.83095965176,8.694064562123438e-06,0.0008694064562123438,
2014,154809.41405561694,8.694064562123438e-06,0.0008694064562123438,
2014,170290.35546117867,8.694064562123438e-06,0.0008694064562123438,
2014,187319.39100729654,8.694064562123438e-06,0.0008694064562123438,
2015,1.7474127708119864,0.9940757269126321,99.40757269126321,1.5258885274165184
2015,1.9221540478931851,0.9940670783387819,99.40670783387819,1.5258866357596514
2015,2.114369452682504,0.9940584297649318,99.40584297649318,1.525884744082748
2015,2.3258063979507546,0.9940584297649318,99.40584297649318,1.525884744082748
2015,2.55838703774583,0.9940324840433813,99.40324840433813,1.525879068931817
2015,2.814225741520413,0.9939632954525799,99.39632954525798,1.5258639343143063
2015,3.095648315672455,0.9939632954525799,99.39632954525798,1.5258639343143063
2015,3.405213147239701,0.9939632954525799,99.39632954525798,1.5258639343143063
2015,3.7457344619636714,0.9939287011571791,99.39287011571791,1.52585636652458
2015,4.120307908160039,0.9938941068617785,99.38941068617785,1.5258487984141724
2015,4.5323386989760435,0.993868161140228,99.3868161140228,1.525843122120905
2015,4.985572568873647,0.993816269697127,99.3816269697127,1.5258317689931356
2015,5.484129825761013,0.9937124868109248,99.37124868109248,1.5258090605723624
2015,6.032542808337115,0.9934530295954197,99.34530295954197,1.525752276885927
2015,6.6357970891708264,0.9934270838738692,99.34270838738692,1.52574659752428
2015,7.29937679808791,0.993271409544566,99.32714095445661,1.5257125175616648
2015,8.029314477896701,0.9931503295106637,99.31503295106637,1.525686006427953
2015,8.832245925686372,0.9926746579489042,99.26746579489041,1.5255818174372324
2015,9.71547051825501,0.9924324978810994,99.24324978810995,1.5255287524174654
2015,10.687017570080512,0.9918703405808382,99.18703405808382,1.5254055049647783
2015,11.755719327088563,0.9913687232975282,99.13687232975282,1.5252954584909635
2015,12.93129125979742,0.9893622541642884,98.93622541642884,1.5248545936534659
2015,14.224420385777165,0.9882638852853165,98.82638852853165,1.5246127968058947
2015,15.646862424354882,0.9876238908204037,98.76238908204037,1.524471756365352
2015,17.21154866679037,0.9863611990382786,98.63611990382786,1.5241931606941024
2015,18.93270353346941,0.9845536471035926,98.45536471035926,1.523793592303752
2015,20.825973886816353,0.9830574438275128,98.30574438275129,1.5234621726685225
2015,22.90857127549799,0.9813969176482799,98.13969176482799,1.5230936343143757
2015,25.199428403047794,0.9790358569871828,97.90358569871827,1.5225683090308735
2015,27.719371243352573,0.9758964246795704,97.58964246795703,1.5218674043670504
2015,30.491308367687832,0.9736477954785256,97.36477954785256,1.521363688415702
2015,33.54043920445662,0.9715807863283344,97.15807863283345,1.5208994053161058
2015,36.89448312490228,0.9669710964661927,96.69710964661927,1.5198596464445517
2015,40.583931437392515,0.9634770726307232,96.34770726307232,1.5190675035515724
2015,44.642324581131774,0.9598187258921004,95.98187258921004,1.5182343451594216
2015,49.106557039244954,0.9541539100202376,95.41539100202377,1.5169365614481005
2015,54.01721274316945,0.9486620656253784,94.86620656253784,1.5156694039764238
2015,59.4189340174864,0.9400653832183073,94.00653832183073,1.5136677808907708
2015,65.36082741923505,0.9327486897410617,93.27486897410617,1.511946512661636
2015,71.89691016115856,0.917838548423365,91.7838548423365,1.5083872977915433
2015,79.08660117727443,0.9068462110597962,90.68462110597963,1.5057177805946151
2015,86.99526129500187,0.8947814505388062,89.47814505388062,1.5027419290181754
2015,95.69478742450207,0.8686368117897358,86.86368117897358,1.496121388578431
2015,105.26426616695228,0.84522512237732,84.522512237732,1.4899825102283764
2015,115.79069278364753,0.8277117603307215,82.77117603307215,1.4852523987664097
2015,127.36976206201228,0.8075519346859703,80.75519346859703,1.4796531553536016
2015,140.10673826821352,0.7565426461176552,75.65426461176553,1.464683505080264
2015,154.11741209503487,0.7339352740733053,73.39352740733052,1.4576461230656692
2015,169.5291533045384,0.7071419922854721,70.71419922854722,1.4489513610753109
2015,186.48206863499223,0.6622991368723298,66.22991368723298,1.4334480034100574
2015,205.13027549849147,0.6344766747963261,63.44766747963261,1.423160244204746
2015,225.64330304834064,0.5958694411291579,59.58694411291579,1.4079179988711963
2015,248.20763335317474,0.5584038192102122,55.84038192102122,1.3919029281602635
2015,273.0283966884922,0.5243370868143843,52.43370868143843,1.3761303016153712
2015,300.3312363573415,0.42139311227578574,42.139311227578574,1.3193478934397962
2015,330.3643599930756,0.38322695587497624,38.32269558749763,1.2936422765100892
2015,363.4007959923832,0.33857436908653765,33.85743690865377,1.2590740621846004
2015,399.74087559162155,0.3074827460951689,30.74827460951689,1.2313449113996646
2015,439.7149631507838,0.26635877743760056,26.635877743760055,1.1885319335953928
2015,483.68645946586224,0.23900333834950616,23.900333834950615,1.154958729541679
2015,532.0551054124485,0.20523065746458408,20.523065746458407,1.1057697501499082
2015,585.2606159536933,0.17460605746112465,17.460605746112464,1.0508031782183855
2015,643.7866775490628,0.15395326310691368,15.395326310691368,1.0057891385545055
2015,708.165345303969,0.1307837337623026,13.07837337623026,0.9442793617216494
2015,778.981879834366,0.11768114437929185,11.768114437929185,0.9023515139104684
2015,856.8800678178027,0.10288343452164737,10.288343452164737,0.8463023152975019
2015,942.568074599583,0.08883815058896788,8.883815058896788,0.7812638620342214
2015,1036.8248820595416,0.07887499351356961,7.8874993513569605,0.725265396759152
2015,1140.5073702654956,0.06604050991991421,6.604050991991421,0.6353502821479663
2015,1254.5581072920454,0.05685572449103143,5.685572449103143,0.5526957952257106
2015,1380.01391802125,0.05015307975714805,5.015307975714805,0.4777825637530741
2015,1518.0153098233752,0.041660180236279036,4.166018023627903,0.3555467762314274
2015,1669.816840805713,0.03635860446612354,3.635860446612354,0.25529765822281175
2015,1836.7985248862842,0.02985487693079411,2.985487693079411,0.08962414926048275
2015,2020.478377374913,0.025876532959714944,2.5876532959714944,-0.050502657910869844
2015,2222.5262151124043,0.021448463148426824,2.1448463148426824,-0.270408258575883
2015,2444.778836623645,0.018620379499420546,1.8620379499420545,-0.4753433644079004
2015,2689.2567202860096,0.014892844169996368,1.4892844169996369,-0.9205604653521807
2015,2958.1823923146108,0.012099354816390778,1.2099354816390777,-1.6577512448609755
2015,3254.000631546072,0.009954508501548096,0.9954508501548096,
2015,3579.40069470068,0.007385882068046979,0.7385882068046979,
2015,3937.340764170748,0.006062650268970647,0.6062650268970647,
2015,4331.074840587823,0.0048259042083960355,0.4825904208396036,
2015,4764.182324646606,0.003814021067925899,0.3814021067925899,
2015,5240.600557111266,0.0031913237507135072,0.3191323750713507,
2015,5764.660612822394,0.0023005206441457805,0.23005206441457804,
2015,6341.126674104634,0.0017556604915849377,0.17556604915849378,
2015,6975.239341515097,0.001530797571480463,0.1530797571480463,
2015,7672.763275666608,0.0009945859927697922,0.09945859927697923,
2015,8440.03960323327,0.0006745887603134244,0.06745887603134243,
2015,9284.043563556597,0.00046702298790929375,0.046702298790929374,
2015,10212.447919912258,0.0003632401017072285,0.03632401017072285,
2015,11233.692711903484,0.00022486292010447478,0.022486292010447478,
2015,12357.061983093834,0.00011243146005223739,0.011243146005223739,
2015,13592.768181403218,0.00010378288620206528,0.010378288620206528,
2015,14952.044999543543,6.918859080137686e-05,0.006918859080137686,
2015,16447.249499497895,4.324286925086053e-05,0.004324286925086053,
2015,18091.974449447687,4.324286925086053e-05,0.004324286925086053,
2015,19901.17189439246,3.459429540068843e-05,0.003459429540068843,
2015,21891.289083831707,2.594572155051632e-05,0.002594572155051632,
2015,24080.41799221488,2.594572155051632e-05,0.002594572155051632,
2015,26488.45979143637,1.7297147700344214e-05,0.0017297147700344215,
2015,29137.30577058001,1.7297147700344214e-05,0.0017297147700344215,
2015,32051.036347638008,1.7297147700344214e-05,0.0017297147700344215,
2015,35256.139982401815,1.7297147700344214e-05,0.0017297147700344215,
2015,38781.753980642,8.648573850172107e-06,0.0008648573850172107,
2015,42659.929378706205,8.648573850172107e-06,0.0008648573850172107,
2015,46925.92231657683,8.648573850172107e-06,0.0008648573850172107,
2015,51618.51454823452,8.648573850172107e-06,0.0008648573850172107,
2016,2.477152306398803,1.0,100.0,1.5271796258079011
2016,2.7248675370386835,0.9999913001492025,99.99913001492024,1.5271777366493016
2016,2.9973542907425523,0.9999913001492025,99.99913001492024,1.5271777366493016
2016,3.2970897198168077,0.9999913001492025,99.99913001492024,1.5271777366493016
2016,3.6267986917984887,0.9999826002984049,99.9982600298405,1.5271758474706976
2016,3.9894785609783376,0.9999826002984049,99.9982600298405,1.5271758474706976
2016,4.388426417076172,0.9998956017904292,99.98956017904293,1.5271569545843175
2016,4.82726905878379,0.9998956017904292,99.98956017904293,1.5271569545843175
2016,5.3099959646621695,0.9998651523126378,99.98651523126378,1.5271503416013943
2016,5.840995561128387,0.9998564524618403,99.98564524618403,1.5271484521326797
2016,6.425095117241226,0.9997955535062574,99.97955535062573,1.5271352252913555
2016,7.0676046289653485,0.9997651040284659,99.97651040284659,1.5271286115029552
2016,7.774365091861884,0.9997477043268708,99.97477043268708,1.5271248320852175
2016,8.551801601048073,0.999369260817177,99.9369260817177,1.5270426099361223
2016,9.406981761152881,0.9993605609663794,99.93605609663794,1.527040719326172
2016,10.34767993726817,0.9991561144726367,99.91561144726367,1.5269962842244669
2016,11.382447930994989,0.9991387147710417,99.91387147710417,1.5269925020026762
2016,12.52069272409449,0.9984166271548442,99.84166271548443,1.5268354690587447
2016,13.772761996503938,0.9983687779754578,99.83687779754578,1.5268250583777794
2016,15.150038196154334,0.9981947809595065,99.81947809595066,1.5267871962357094
2016,16.665042015769767,0.9973813449099348,99.73813449099347,1.5266100840918577
2016,18.331546217346744,0.9973334957305482,99.73334957305482,1.5265996602551621
2016,20.164700839081423,0.997120349386008,99.71203493860081,1.5265532194039109
2016,22.181170922989565,0.9939318540687028,99.39318540687027,1.5258570562634692
2016,24.399288015288523,0.9937970063813406,99.37970063813407,1.5258275542632322
2016,26.83921681681738,0.9924398296569213,99.24398296569214,1.5255303592755716
2016,29.52313849849912,0.9917481915185155,99.17481915185155,1.5253787137379862
2016,32.47545234834904,0.991521995397779,99.1521995397779,1.5253290910273638
2016,35.72299758318394,0.9893078833698002,98.93078833698003,1.5248426320627788
2016,39.295297341502334,0.9886640944107808,98.86640944107809,1.5247009374208567
2016,43.22482707565257,0.9786244665903979,97.86244665903979,1.5224766186645293
2016,47.547309783217834,0.9781677244235262,97.81677244235262,1.5223747653122055
2016,52.30204076153962,0.9750227283602086,97.50227283602086,1.5216718555897857
2016,57.53224483769359,0.9746486347759136,97.46486347759135,1.5215880615065809
2016,63.285469321462955,0.9658922349481707,96.58922349481706,1.5196154265895583
2016,69.61401625360926,0.9645481079999478,96.45481079999479,1.5193106935489888
2016,76.57541787897019,0.963243130380314,96.32431303803139,1.5190143406202206
2016,84.23295966686722,0.9439642610129236,94.39642610129236,1.5145783380263398
2016,92.65625563355394,0.9433204720539042,94.33204720539042,1.5144283019580436
2016,101.92188119690934,0.9415283027896072,94.15283027896072,1.5140099752236151
2016,112.1140693166003,0.933959432595731,93.3959432595731,1.5122324780216085
2016,123.32547624826033,0.9327849527380605,93.27849527380604,1.5119550841988636
2016,135.65802387308636,0.9077032828886985,90.77032828886985,1.5059273404067008
2016,149.22382626039501,0.9009434988189953,90.09434988189953,1.5042679237882046
2016,164.14620888643455,0.9002910100091783,90.02910100091783,1.504106943566509
2016,180.56082977507802,0.87501794344227,87.50179434422701,1.4977595477860872
2016,198.61691275258582,0.8656873534618881,86.5687353461888,1.4953592207161266
2016,218.4786040278444,0.838182775165406,83.81827751654059,1.488095043895952
2016,240.3264644306289,0.8352422255958311,83.52422255958311,1.4873011661913629
2016,264.3591108736918,0.8116177807550601,81.161778075506,1.4807961285632254
2016,290.79502196106097,0.7968889333547929,79.68889333547929,1.4766217428780863
2016,319.8745241571671,0.793891834755034,79.3891834755034,1.475760710483905
2016,351.86197657288386,0.7644645894322912,76.44645894322912,1.4670884662786026
2016,387.04817423017226,0.59900212711352,59.900212711352,1.4092000259288813
2016,425.75299165318955,0.5170756321529085,51.707563215290854,1.3726020632975113
2016,468.3282908185085,0.49012349438207137,49.01234943820714,1.3589417396157104
2016,515.1611199003594,0.422373406296082,42.2373406296082,1.3199688252452895
2016,566.6772318903954,0.3918499797728469,39.18499797728469,1.2997266953718285
2016,623.3449550794351,0.31669196873273625,31.669196873273624,1.2399221631031832
2016,685.6794505873786,0.2926281814266885,29.262818142668852,1.216785679173296
2016,754.2473956461164,0.25896410876553466,25.896410876553468,1.179917086619187
2016,829.6721352107281,0.19870459221624348,19.870459221624348,1.0950172233583848
2016,912.6393487318011,0.18802552536224004,18.802552536224006,1.0763641690915173
2016,1003.9032836049813,0.17928217531069343,17.928217531069343,1.0600016909630574
2016,1104.2936119654796,0.14975923162917756,14.975923162917756,0.9956355181645972
2016,1214.7229731620275,0.14150742314769302,14.150742314769301,0.9744717429734032
2016,1336.1952704782304,0.10382836934346576,10.382836934346576,0.8502168024719396
2016,1469.8147975260538,0.09152678031571758,9.152678031571758,0.7948218446848678
2016,1616.796277278659,0.08735520185828813,8.735520185828813,0.7735271361486338
2016,1778.475905006525,0.06880711995789272,6.880711995789272,0.6568576770734761
2016,1956.3234955071778,0.06371770724132081,6.371770724132081,0.616199940526522
2016,2151.9558450578957,0.044991278399575445,4.499127839957544,0.408050805409294
2016,2367.1514295636857,0.042503121071473624,4.250312107147362,0.3694872072871798
2016,2603.8665725200544,0.03422086311219762,3.422086311219762,0.20721772395082128
2016,2864.25322977206,0.03256789146066145,3.256789146066145,0.16614287275287018
2016,3150.678552749266,0.026817290083475068,2.681729008347507,-0.013630738995471662
2016,3465.746408024193,0.021397283036595924,2.1397283036595924,-0.2735440074704504
2016,3812.3210488266127,0.01880907742432217,1.8809077424322171,-0.45925440645419424
2016,4193.553153709275,0.012018843876827513,1.2018843876827512,-1.6934140013300134
2016,4612.908469080202,0.010974861781120454,1.0974861781120453,-2.37491633156994
2016,5074.199315988223,0.009039144978663616,0.9039144978663616,
2016,5581.619247587046,0.008243108630686984,0.8243108630686984,
2016,6139.78117234575,0.007647168851054205,0.7647168851054205,
2016,6753.7592895803255,0.004906715849823175,0.4906715849823175,
2016,7429.1352185383585,0.004567421668718381,0.4567421668718381,
2016,8172.048740392196,0.003745285768349073,0.37452857683490726,
2016,8989.253614431416,0.0021923624009848233,0.21923624009848233,
2016,9888.178975874558,0.0018617680706775879,0.1861768070677588,
2016,10876.996873462016,0.0012136291862594557,0.12136291862594557,
2016,11964.69656080822,0.0010613817973021762,0.10613817973021762,
2016,13161.16621688904,0.0005176411224547499,0.05176411224547499,
2016,14477.282838577945,0.0003479940319023529,0.03479940319023529,
2016,15925.011122435742,0.0003088447033133382,0.03088447033133382,
2016,17517.512234679318,0.0001913967175462941,0.019139671754629408,
2016,19269.26345814725,0.00015224738895727938,0.015224738895727938,
2016,21196.189803961977,8.699850797558822e-05,0.008699850797558823,
2016,23315.808784358174,7.829865717802939e-05,0.007829865717802939,
2016,25647.389662793994,5.2199104785352934e-05,0.005219910478535293,
2016,28212.1286290734,4.784917938657352e-05,0.004784917938657352,
2016,31033.34149198074,3.4799403190235285e-05,0.0034799403190235285,
2016,34136.675641178816,3.4799403190235285e-05,0.0034799403190235285,
2016,37550.343205296704,3.4799403190235285e-05,0.0034799403190235285,
2016,41305.37752582638,1.3049776196338233e-05,0.0013049776196338233,
2016,45435.91527840901,4.3499253987794106e-06,0.00043499253987794106,
2016,49979.50680624992,4.3499253987794106e-06,0.00043499253987794106,
2016,54977.457486874926,4.3499253987794106e-06,0.00043499253987794106,
2016,60475.20323556242,4.3499253987794106e-06,0.00043499253987794106,
2016,66522.72355911866,4.3499253987794106e-06,0.00043499253987794106,
2017,2.0986067683668064,1.0,100.0,1.5271796258079011
2017,2.3084674452034872,0.9999912497921826,99.99912497921825,1.5271777257142976
2017,2.5393141897238363,0.9999781244804564,99.99781244804564,1.5271748755359478
2017,2.7932456086962203,0.9999781244804564,99.99781244804564,1.5271748755359478
2017,3.072570169565842,0.9999781244804564,99.99781244804564,1.5271748755359478
2017,3.3798271865224265,0.9999737493765477,99.99737493765477,1.5271739254663794
2017,3.71780990517467,0.9999737493765477,99.99737493765477,1.5271739254663794
2017,4.089590895692137,0.9999649991687303,99.99649991687303,1.527172025312064
2017,4.498549985261351,0.9998643717788297,99.98643717788298,1.5271501720827283
2017,4.948404983787487,0.999859996674921,99.9859996674921,1.5271492218815987
2017,5.443245482166236,0.9998468713631948,99.98468713631948,1.5271463712478461
2017,5.98757003038286,0.99982937094756,99.982937094756,1.52714257033199
2017,6.586327033421147,0.9997549941811118,99.97549941811118,1.5271264155361652
2017,7.244959736763262,0.9997243684537508,99.97243684537509,1.5271197631362274
2017,7.969455710439588,0.9997112431420246,99.97112431420247,1.5271169120317496
2017,8.766401281483548,0.9993043584785138,99.93043584785138,1.5270285051876598
2017,9.643041409631904,0.9992781078550615,99.92781078550615,1.5270228000158135
2017,10.607345550595095,0.9990374771400821,99.9037477140082,1.5269704941053563
2017,11.668080105654605,0.9990156016205385,99.90156016205385,1.5269657382621957
2017,12.834888116220066,0.9982105825013344,99.82105825013345,1.5267906350183975
2017,14.118376927842075,0.9981362057348862,99.81362057348862,1.5267744483275965
2017,15.530214620626282,0.9979830770980811,99.79830770980811,1.5267411181642307
2017,17.083236082688913,0.9971255567319723,99.71255567319723,1.5265543541372968
2017,18.791559690957804,0.997068680381159,99.7068680381159,1.526541959813942
2017,20.670715660053588,0.9969374272638976,99.69374272638976,1.5265133542442841
2017,22.73778722605895,0.9938398536965253,99.38398536965252,1.5258369289344433
2017,25.011565948664845,0.9937567267222597,99.37567267222597,1.5258187409271826
2017,27.512722543531332,0.9922866918089305,99.22866918089305,1.5254967940372797
2017,30.263994797884468,0.9915079233131787,99.15079233131787,1.5253260034501328
2017,33.29039427767292,0.9911141639613941,99.1114163961394,1.5252395864788213
2017,36.61943370544021,0.9889178617992177,98.89178617992177,1.524756803730295
2017,40.28137707598424,0.9883665987067193,98.83665987067192,1.5246354221850247
2017,44.30951478358266,0.9782601086775811,97.8260108677581,1.522395371643851
2017,48.74046626194093,0.9778969750531575,97.78969750531576,1.5223143609372394
2017,53.61451288813503,0.9751800355258438,97.51800355258437,1.5217070794862626
2017,58.975964176948544,0.9742656388089217,97.42656388089218,1.5215022327532866
2017,64.8735605946434,0.965594182861843,96.5594182861843,1.5195478984824928
2017,71.36091665410774,0.963949143792165,96.3949143792165,1.5191747329312795
2017,78.49700831951853,0.9630128715556995,96.30128715556995,1.5189619993695291
2017,86.34670915147038,0.9431936508492077,94.31936508492078,1.51439873134173
2017,94.98138006661743,0.942476133808178,94.2476133808178,1.5142313380959187
2017,104.47951807327918,0.9406604656860601,94.06604656860601,1.513807056114133
2017,114.9274698806071,0.932907781559812,93.2907781559812,1.511984114404228
2017,126.42021686866784,0.9083196975928178,90.83196975928178,1.506077908528301
2017,139.06223855553463,0.9064996543667913,90.64996543667912,1.505632976438526
2017,152.9684624110881,0.8998582466333576,89.98582466333576,1.5040000947184435
2017,168.26530865219692,0.8761408083441982,87.61408083441981,1.4980462962290197
2017,185.09183951741662,0.874841402483309,87.4841402483309,1.4977144231794701
2017,203.60102346915832,0.8663624511082139,86.63624511082139,1.4955339525498097
2017,223.96112581607417,0.8369355022181777,83.69355022181777,1.4877587277919269
2017,246.35723839768158,0.8343060647690382,83.43060647690382,1.487047705936089
2017,270.9929622374498,0.8095998529965087,80.95998529965087,1.4802297381257083
2017,298.0922584611948,0.7946107470052414,79.46107470052414,1.475967609451141
2017,327.90148430731426,0.7908087817085656,79.08087817085656,1.4748708072060317
2017,360.69163273804577,0.7645712835679848,76.45712835679848,1.467120647124676
2017,396.7607960118503,0.6300543387905463,63.00543387905463,1.4214734985593447
2017,436.4368756130354,0.5458817146907239,54.588171469072385,1.386248664955961
2017,480.080563174339,0.517614168336498,51.7614168336498,1.3728658567245353
2017,528.088619491773,0.4467899862621737,44.67899862621737,1.3348704165727172
2017,580.8974814409503,0.4182161826343376,41.821618263433756,1.317322932931576
2017,638.9872295850453,0.3361042324755213,33.61042324755213,1.256992933725815
2017,702.8859525435499,0.3142724639710193,31.427246397101932,1.2377001593619255
2017,773.174547797905,0.28239108178819244,28.239108178819244,1.2061827103008578
2017,850.4920025776955,0.21402570811056762,21.402570811056762,1.1195616589124737
2017,935.5412028354652,0.20326295249512175,20.326295249512174,1.1025762153586254
2017,1029.0953231190117,0.19418461188453226,19.418461188453225,1.0872898380364315
2017,1132.004855430913,0.1632788778733495,16.327887787334948,1.0270713711948396
2017,1245.2053409740045,0.15343489407873437,15.343489407873436,1.0045547790696219
2017,1369.725875071405,0.11286893063710263,11.286893063710263,0.8852714280350781
2017,1506.6984625785456,0.10014175336664245,10.014175336664245,0.8346474472205837
2017,1657.3683088364003,0.09572289841883745,9.572289841883745,0.8148657727522206
2017,1823.1051397200406,0.07571117314036209,7.571117314036209,0.7052440446667115
2017,2005.4156536920448,0.0698004077596843,6.98004077596843,0.6642613524925256
2017,2205.9572190612494,0.05002931319618841,5.002931319618841,0.47624908855746717
2017,2426.5529409673745,0.0471067437851649,4.71067437851649,0.4381459430122831
2017,2669.208235064112,0.038295284513007184,3.8295284513007184,0.29471355045289477
2017,2936.1290585705237,0.03655399315733749,3.655399315733749,0.2594410260779257
2017,3229.7419644275765,0.029794457618368436,2.9794457618368435,0.08777027810539141
2017,3552.7161608703345,0.024049946186221922,2.4049946186221924,-0.1306240049167312
2017,3907.9877769573677,0.021341756866725584,2.1341756866725583,-0.27696572893411747
2017,4298.786554653106,0.01406595906652783,1.406595906652783,-1.0753669625390792
2017,4728.665210118416,0.012858430387721708,1.2858430387721709,-1.3806520507954583
2017,5201.531731130258,0.010649002913819204,1.0649002913819203,-2.766508497718893
2017,5721.684904243284,0.00960772818354436,0.960772818354436,
2017,6293.8533946676125,0.008903336454240789,0.8903336454240789,
2017,6923.238734134375,0.005827638406412153,0.5827638406412152,
2017,7615.562607547813,0.004860740442585511,0.4860740442585511,
2017,8377.118868302596,0.004536982753340392,0.45369827533403917,
2017,9214.830755132856,0.0028175669172142838,0.28175669172142837,
2017,10136.313830646142,0.0023669312146163473,0.23669312146163474,
2017,11149.945213710756,0.001741291355669697,0.1741291355669697,
2017,12264.939735081833,0.001566287199320984,0.1566287199320984,
2017,13491.433708590019,0.0009187718208307447,0.09187718208307447,
2017,14840.57707944902,0.0006431402745815213,0.06431402745815214,
2017,16324.634787393925,0.0005950141315856251,0.05950141315856251,
2017,17957.09826613332,0.0003631336244235801,0.036313362442358006,
2017,19752.80809274665,0.0003150074814276839,0.03150074814276839,
2017,21728.088902021318,0.00021000498761845595,0.021000498761845593,
2017,23900.89779222345,0.0001487535328964063,0.014875353289640628,
2017,26290.9875714458,0.00010062738990051014,0.010062738990051013,
2017,28920.08632859038,9.187718208307448e-05,0.009187718208307447,
2017,31812.094961449424,7.00016625394853e-05,0.007000166253948531,
2017,34993.30445759437,3.937593517846049e-05,0.003937593517846049,
2017,38492.634903353806,3.937593517846049e-05,0.003937593517846049,
2017,42341.89839368919,2.187551954358916e-05,0.002187551954358916,
2017,46576.088233058115,2.187551954358916e-05,0.002187551954358916,
2017,51233.697056363926,1.7500415634871327e-05,0.0017500415634871327,
2017,56357.06676200033,1.7500415634871327e-05,0.0017500415634871327,
2017,61992.77343820036,1.7500415634871327e-05,0.0017500415634871327,
2017,68192.05078202041,8.750207817435663e-06,0.0008750207817435664,
2017,75011.25586022246,8.750207817435663e-06,0.0008750207817435664,
2017,82512.3814462447,8.750207817435663e-06,0.0008750207817435664,
2018,1.5617125201941697,1.0,100.0,1.5271796258079011
2018,1.717883772213587,0.9999955998503949,99.99955998503948,1.5271786703249959
2018,1.8896721494349458,0.9999867995511847,99.99867995511848,1.527176759343834
2018,2.0786393643784407,0.9999867995511847,99.99867995511848,1.527176759343834
2018,2.2865033008162845,0.9999867995511847,99.99867995511848,1.527176759343834
2018,2.515153630897913,0.9999647988031594,99.99647988031593,1.5271719818013743
2018,2.7666689939877047,0.9999647988031594,99.99647988031593,1.5271719818013743
2018,3.043335893386476,0.9999647988031594,99.99647988031593,1.5271719818013743
2018,3.3476694827251237,0.9998855961102677,99.98855961102677,1.5271547815891295
2018,3.6824364309976363,0.9998855961102677,99.98855961102677,1.5271547815891295
2018,4.0506800740974,0.9998723956614525,99.98723956614525,1.5271519147258634
2018,4.45574808150714,0.9998679955118474,99.98679955118473,1.5271509590945374
2018,4.9013228896578545,0.999793192968561,99.97931929685609,1.5271347125787893
2018,5.391455178623641,0.9997579917717202,99.97579917717202,1.5271270666476702
2018,5.930600696486005,0.9997491914725101,99.974919147251,1.5271251551136915
2018,6.523660766134607,0.9994191802521286,99.94191802521286,1.5270534578016413
2018,7.176026842748067,0.9994015796537082,99.94015796537083,1.527049633135611
2018,7.893629527022876,0.9991595714254284,99.91595714254285,1.5269970356624156
2018,8.682992479725163,0.999137570677403,99.9137570677403,1.5269922533050333
2018,9.55129172769768,0.9982883418036214,99.82883418036214,1.5268075562842294
2018,10.506420900467448,0.9982399401579654,99.82399401579653,1.5267970237507678
2018,11.557062990514195,0.9980815347721822,99.80815347721823,1.526762549294508
2018,12.712769289565616,0.9971575033551141,99.71575033551142,1.5265613154719169
2018,13.98404621852218,0.9970915011110377,99.70915011110377,1.5265469329421602
2018,15.382450840374396,0.9969066948276242,99.69066948276242,1.526506655692619
2018,16.920695924411838,0.9933293731986887,99.33293731986888,1.5257252076272567
2018,18.612765516853024,0.993241370206587,99.3241370206587,1.5257059406517932
2018,20.474042068538328,0.9916265153015202,99.16265153015202,1.5253520222268404
2018,22.52144627539216,0.9907816865773437,99.07816865773437,1.5251665862879107
2018,24.773590902931378,0.9904736761049876,99.04736761049875,1.5250989315391816
2018,27.25094999322452,0.9881767980111323,98.81767980111323,1.5245936112604859
2018,29.976044992546974,0.9876311794601016,98.76311794601015,1.5244733632447105
2018,32.97364949180167,0.9778232459903636,97.78232459903636,1.522297908402023
2018,36.271014440981844,0.9775064352187974,97.75064352187974,1.5222271953276245
2018,39.89811588508003,0.9745583349833894,97.45583349833893,1.5215678291771677
2018,43.88792747358804,0.9736695047631619,97.36695047631619,1.521368558291376
2018,48.27672022094685,0.9645963962774734,96.45963962774734,1.5193216501619367
2018,53.10439224304154,0.96289793852991,96.289793852991,1.5189358676778444
2018,58.4148314673457,0.9619651068136317,96.19651068136316,1.5187236340889878
2018,64.25631461408027,0.9430840648582052,94.30840648582051,1.5143731755147956
2018,70.68194607548831,0.9423888412206015,94.23888412206016,1.5142109625511548
2018,77.75014068303715,0.9405231777880448,94.05231777880448,1.5137749343061138
2018,85.52515475134086,0.9328185158295382,93.28185158295382,1.5119630171931084
2018,94.07767022647495,0.9080852748993465,90.80852748993465,1.5060206621424606
2018,103.48543724912247,0.9063428156557323,90.63428156557323,1.5055945841997869
2018,113.83398097403472,0.900072602468484,90.0072602468484,1.504053026809571
2018,125.2173790714382,0.8771126218291422,87.71126218291421,1.4982941075890621
2018,137.73911697858202,0.8760257848766858,87.60257848766858,1.4980169431144252
2018,151.51302867644026,0.8677227025718874,86.77227025718875,1.4958855132985998
2018,166.6643315440843,0.8379864915407124,83.79864915407124,1.488042158445071
2018,183.33076469849271,0.8354388049193673,83.54388049193673,1.4873543446879731
2018,201.66384116834203,0.8108727696741689,81.08727696741688,1.4805872209064457
2018,221.83022528517623,0.7954634457571558,79.54634457571558,1.476212713487166
2018,244.01324781369385,0.7914989109629728,79.14989109629728,1.4750703784346588
2018,268.4145725950633,0.7641387807185445,76.41387807185444,1.4669901623655188
2018,295.2560298545696,0.7512639429740611,75.12639429740611,1.4630637061942418
2018,324.78163284002665,0.5672232855917101,56.72232855917101,1.3957911076744989
2018,357.25979612402926,0.5404571755439685,54.04571755439685,1.3837487011152543
2018,392.9857757364323,0.4694431610674763,46.94431610674763,1.3478035367984305
2018,432.2843533100756,0.4392185334301366,43.92185334301366,1.3303618999105657
2018,475.5127886410831,0.353952434382769,35.3952434382769,1.2716064370554818
2018,523.0640675051915,0.3321100917431193,33.211009174311926,1.2535858933971056
2018,575.3704742557106,0.29946098167337687,29.946098167337688,1.2235986624274227
2018,632.9075216812818,0.2285481706378017,22.85481706378017,1.1407652075288415
2018,696.19827384941,0.21708578091655117,21.708578091655117,1.124184997176647
2018,765.818101234351,0.20726904714760302,20.726904714760302,1.1090353133973923
2018,842.3999113577863,0.1752579587705982,17.525795877059817,1.0521053619227663
2018,926.639902493565,0.16514201482850416,16.514201482850417,1.031125677433725
2018,1019.3038927429216,0.12260136844652718,12.260136844652719,0.9188287453219571
2018,1121.2342820172137,0.10855169075748576,10.855169075748575,0.8690487478558993
2018,1233.3577102189352,0.10397553516819572,10.397553516819572,0.8508218750501658
2018,1356.693481240829,0.08338723516599564,8.338723516599563,0.7518453121641797
2018,1492.362829364912,0.07729302796295075,7.729302796295075,0.7154069161050043
2018,1641.5991123014032,0.05531428068554331,5.531428068554331,0.536754168340629
2018,1805.7590235315438,0.052031769080148726,5.203176908014873,0.5003323915975941
2018,1986.3349258846981,0.04241304204342947,4.241304204342947,0.368019917782539
2018,2184.968418473168,0.04035817217785405,4.035817217785405,0.3330440911708605
2018,2403.4652603204854,0.03293951994367809,3.293951994367809,0.1757064400676343
2018,2643.811786352534,0.026814511693397575,2.6814511693397574,-0.013735776257102116
2018,2908.1929649877875,0.02376520801707258,2.376520801707258,-0.1442889682748297
2018,3199.012261486567,0.016091347105801596,1.6091347105801597,-0.7429750488397007
2018,3518.9134876352236,0.014731700877829846,1.4731700877829845,-0.9482546762288592
2018,3870.804836398746,0.01223681605174576,1.223681605174576,-1.600160957950837
2018,4257.885320038621,0.011083976855213078,1.1083976855213078,-2.273847541686208
2018,4683.673852042483,0.010309550524717841,1.030955052471784,-3.4905005744762887
2018,5152.041237246733,0.006767430092623149,0.6767430092623149,
2018,5667.245360971406,0.005680593140166766,0.5680593140166765,
2018,6233.969897068548,0.005341781620575099,0.5341781620575099,
2018,6857.366886775403,0.003449717290387873,0.3449717290387873,
2018,7543.103575452944,0.002970100983433437,0.2970100983433437,
2018,8297.413932998237,0.0021604734560975074,0.21604734560975075,
2018,9127.155326298063,0.0018568631333465337,0.18568631333465338,
2018,10039.87085892787,0.0009768332123292192,0.09768332123292192,
2018,11043.857944820658,0.0007700261808901502,0.07700261808901503,
2018,12148.243739302725,0.0006776230391833323,0.06776230391833322,
2018,13363.068113233,0.0004400149605086573,0.04400149605086573,
2018,14699.3749245563,0.00038281301564253183,0.03828130156425318,
2018,16169.31241701193,0.0002288077794645018,0.02288077794645018,
2018,17786.243658713127,0.00020240688183398235,0.020240688183398234,
2018,19564.868024584437,0.00017160583459837635,0.017160583459837637,
2018,21521.354827042884,0.00015840538578311663,0.015840538578311664,
2018,23673.490309747176,0.0001276043385475106,0.01276043385475106,
2018,26040.839340721897,0.00010120344091699118,0.010120344091699117,
2018,28644.923274794084,7.480254328647174e-05,0.007480254328647174,
2018,31509.415602273497,3.520119684069258e-05,0.003520119684069258,
2018,34660.357162500855,3.520119684069258e-05,0.003520119684069258,
2018,38126.392878750936,2.2000748025432864e-05,0.0022000748025432864,
2018,41939.032166626035,2.2000748025432864e-05,0.0022000748025432864,
2018,46132.93538328864,2.2000748025432864e-05,0.0022000748025432864,
2018,50746.22892161751,8.800299210173145e-06,0.0008800299210173146,
2018,55820.85181377926,8.800299210173145e-06,0.0008800299210173146,
2018,61402.9369951572,8.800299210173145e-06,0.0008800299210173146,
2018,67543.23069467294,4.4001496050865726e-06,0.0004400149605086573,
2018,74297.55376414022,4.4001496050865726e-06,0.0004400149605086573,
2018,81727.30914055425,4.4001496050865726e-06,0.0004400149605086573,
2019,1.2271824814020922,1.0,100.0,1.5271796258079011
2019,1.3499007295423016,0.999991119833408,99.99911198334081,1.5271776974938054
2019,1.4848908024965317,0.999991119833408,99.99911198334081,1.5271776974938054
2019,1.6333798827461852,0.999991119833408,99.99911198334081,1.5271776974938054
2019,1.7967178710208036,0.999991119833408,99.99911198334081,1.5271776974938054
2019,1.9763896581228841,0.9999866797501121,99.99866797501122,1.5271767333289417
2019,2.1740286239351727,0.9999866797501121,99.99866797501122,1.5271767333289417
2019,2.3914314863286905,0.9999866797501121,99.99866797501122,1.5271767333289417
2019,2.63057463496156,0.9999822396668161,99.9982239666816,1.5271757691588672
2019,2.893632098457716,0.9999777995835202,99.99777995835201,1.527174804983582
2019,3.182995308303488,0.999884557834305,99.9884557834305,1.527154556098828
2019,3.5012948391338368,0.999884557834305,99.9884557834305,1.527154556098828
2019,3.8514243230472207,0.9998623574178251,99.98623574178251,1.5271497345970384
2019,4.2365667553519435,0.9998579173345292,99.98579173345293,1.5271487702810442
2019,4.660223430887138,0.9997735557519059,99.97735557519059,1.5271304472867846
2019,5.126245773975852,0.9997424751688342,99.97424751688342,1.527123696235573
2019,5.638870351373438,0.9997380350855382,99.97380350855381,1.5271227317788318
2019,6.202757386510783,0.999289586672646,99.9289586672646,1.5270252947838403
2019,6.823033125161861,0.9992673862561662,99.92673862561662,1.5270204697876715
2019,7.505336437678047,0.9992407457563904,99.92407457563904,1.5270146796200372
2019,8.255870081445853,0.9990231816748882,99.90231816748883,1.5269673862168194
2019,9.081457089590439,0.9989921010918165,99.89921010918165,1.5269606289929907
2019,9.989602798549484,0.9982284067649109,99.82284067649108,1.5267945139128158
2019,10.988563078404432,0.9980197228500006,99.80197228500006,1.5267490950892844
2019,12.087419386244877,0.9979753220170411,99.79753220170412,1.5267394300183452
2019,13.296161324869367,0.9969585429422656,99.69585429422656,1.526517956547336
2019,14.625777457356303,0.9968342206099786,99.68342206099786,1.5264908579576548
2019,16.088355203091936,0.9934286767219753,99.34286767219753,1.5257469461943072
2019,17.697190723401132,0.9933709556391278,99.33709556391278,1.5257343107749903
2019,19.466909795741245,0.9918169264855409,99.18169264855409,1.5253937900261603
2019,21.41360077531537,0.9916970442365499,99.16970442365499,1.52536749429697
2019,23.55496085284691,0.9908001474107654,99.08001474107654,1.5251706404114092
2019,25.910456938131603,0.9887266285115509,98.87266285115508,1.524714705781056
2019,28.501502631944764,0.9880339755173807,98.80339755173807,1.5245621426485783
2019,31.351652895139246,0.9778351041865545,97.78351041865545,1.5223005546435735
2019,34.486818184653174,0.9774932177727654,97.74932177727655,1.5222242445490157
2019,37.93550000311849,0.9749446099608828,97.49446099608828,1.5216543609057422
2019,41.729050003430345,0.9742919177163764,97.42919177163763,1.5215081231257834
2019,45.90195500377338,0.9737013866380133,97.37013866380133,1.5213757098656193
2019,50.49215050415072,0.9646214162977698,96.46214162977698,1.519327326943046
2019,55.54136555456581,0.9634003933913801,96.340039339138,1.5190500800739037
2019,61.09550211002239,0.9631561888101021,96.31561888101021,1.518994579302333
2019,67.20505232102462,0.9434954999755796,94.34954999755796,1.514469104862072
2019,73.9255575531271,0.9414530616594368,94.14530616594368,1.5139923912539919
2019,81.31811330843982,0.9339715213057397,93.39715213057397,1.512235330972501
2019,89.44992463928381,0.9327327380661661,93.2732738066166,1.5119427420122855
2019,98.3949171032122,0.9085742448528334,90.85742448528335,1.506140048926147
2019,108.23440881353342,0.9032017440647186,90.32017440647186,1.5048239737568705
2019,119.05784969488678,0.9021405641569836,90.21405641569837,1.5045628902433823
2019,130.96363466437546,0.8800245092597937,88.00245092597937,1.4990346290401966
2019,144.059998130813,0.8755178247143917,87.55178247143917,1.4978872591213348
2019,158.46599794389434,0.8413469436686632,84.13469436686633,1.4889454889674785
2019,174.31259773828378,0.8387006540242695,83.87006540242695,1.4882345051508223
2019,191.74385751211216,0.8140626318149728,81.40626318149728,1.481480036198858
2019,210.9182432633234,0.8097957117675527,80.97957117675527,1.4802847875163896
2019,232.01006758965576,0.7944019429804503,79.44019429804503,1.4759075405131517
2019,255.21107434862137,0.7694309145239565,76.94309145239565,1.4685805679334887
2019,280.7321817834835,0.7573982887918977,75.73982887918977,1.4649447530066215
2019,308.80539996183194,0.5857224681535026,58.57224681535026,1.403707120387321
2019,339.6859399580151,0.5622699481842279,56.226994818422796,1.3936167311204684
2019,373.6545339538166,0.49625034965655956,49.625034965655956,1.3621285671599188
2019,411.01998734919835,0.46455259500668233,46.455259500668234,1.345078978853414
2019,452.12198608411825,0.44180604828146575,44.18060482814658,1.3319136444895825
2019,497.33418469253013,0.35199204337073364,35.19920433707336,1.270047997446655
2019,547.0676031617832,0.3391069216458501,33.91069216458501,1.2595201920202104
2019,601.7743634779615,0.3102286198889091,31.02286198889091,1.2339366942725754
2019,661.9517998257577,0.23528445393635586,23.528445393635586,1.1500054530238084
2019,728.1469798083336,0.2223638115451046,22.23638115451046,1.1319599359650825
2019,800.961677789167,0.18435669853166445,18.435669853166445,1.0696253188929588
2019,881.0578455680837,0.1761159039343578,17.61159039343578,1.0538091961872496
2019,969.1636301248922,0.1320569573885206,13.20569573885206,0.9480406200463908
2019,1066.0799931373815,0.1267466177665493,12.674661776654931,0.9320085039028237
2019,1172.6879924511197,0.110859999733595,11.0859999733595,0.877833875123603
2019,1289.956791696232,0.08839761833932004,8.839761833932004,0.7789853395425984
2019,1418.9524708658553,0.08179965456151958,8.179965456151958,0.7427407969425357
2019,1560.8477179524407,0.059204070668365735,5.920407066836574,0.5757170120384648
2019,1716.932489747685,0.05590064869616954,5.590064869616954,0.5429002247588689
2019,1888.6257387224537,0.045497533533729095,4.5497533533729095,0.4154636380925671
2019,2077.4883125946994,0.04329969230222759,4.329969230222759,0.38223771935298356
2019,2285.237143854169,0.036732809107498855,3.6732809107498854,0.2631987191626224
2019,2513.7608582395865,0.029166907171178532,2.916690717117853,0.06807880088564677
2019,2765.1369440635453,0.02620093152947549,2.620093152947549,-0.03748395562099429
2019,3041.6506384698996,0.025472757868937622,2.547275786893762,-0.06718257971953093
2019,3345.81570231689,0.017502808352684696,1.7502808352684696,-0.5802181244572939
2019,3680.397272548579,0.016055341198200877,1.6055341198200876,-0.7476952688767178
2019,4048.436999803438,0.012556555560982324,1.2556555560982323,-1.479911691297338
2019,4453.2806997837815,0.011530896319614957,1.1530896319614956,-1.9487994850225347
2019,4898.608769762161,0.0084006375959613,0.84006375959613,
2019,5388.469646738377,0.007255096105602941,0.7255096105602942,
2019,5927.316611412216,0.0061495153649082455,0.6149515364908246,
2019,6520.048272553437,0.003911713383743079,0.3911713383743079,
2019,7172.053099808782,0.003520986053698367,0.3520986053698367,
2019,7889.258409789661,0.0024908867290350366,0.24908867290350367,
2019,8678.184250768627,0.002113479648878213,0.21134796488782132,
2019,9546.002675845491,0.0011633018235422097,0.11633018235422098,
2019,10500.602943430042,0.0009723782418158165,0.09723782418158165,
2019,11550.663237773046,0.0007592542436096101,0.07592542436096102,
2019,12705.72956155035,0.0004884091625558895,0.04884091625558895,
2019,13976.302517705388,0.0004262479964124127,0.042624799641241266,
2019,15373.932769475927,0.00027084508105372057,0.027084508105372055,
2019,16911.32604642352,0.00023976449798198215,0.023976449798198216,
2019,18602.458651065874,0.00018204341513446793,0.018204341513446794,
2019,20462.704516172467,0.0001642830819506174,0.01642830819506174,
2019,22508.974967789713,0.0001376425821748416,0.01376425821748416,
2019,24759.872464568685,8.436158262329001e-05,0.008436158262329001,
2019,27235.859711025558,7.548141603136474e-05,0.007548141603136474,
2019,29959.445682128113,7.548141603136474e-05,0.007548141603136474,
2019,32955.39025034093,3.108058307173843e-05,0.0031080583071738427,
2019,36250.92927537503,2.6640499775775793e-05,0.002664049977577579,
2019,39876.02220291253,2.6640499775775793e-05,0.002664049977577579,
2019,43863.624423203786,2.6640499775775793e-05,0.002664049977577579,
2019,48249.986865524166,1.7760333183850528e-05,0.0017760333183850527,
2019,53074.98555207659,1.7760333183850528e-05,0.0017760333183850527,
2019,58382.484107284254,1.7760333183850528e-05,0.0017760333183850527,
2019,64220.732518012686,1.3320249887887897e-05,0.0013320249887887896,
2019,70642.80576981396,1.3320249887887897e-05,0.0013320249887887896,
2019,77707.08634679536,4.440083295962632e-06,0.0004440083295962632,
2020,2.3096778428966296,1.0,100.0,1.5271796258079011
2020,2.5406456271862927,0.9999623966848917,99.99623966848917,1.527171460164908
2020,2.7947101899049223,0.9999623966848917,99.99623966848917,1.527171460164908
2020,3.074181208895415,0.9999623966848917,99.99623966848917,1.527171460164908
2020,3.3815993297849563,0.9999623966848917,99.99623966848917,1.527171460164908
2020,3.719759262763452,0.9999473553588485,99.99473553588484,1.5271681938030612
2020,4.091735189039798,0.9999323140328051,99.99323140328052,1.5271649273814119
2020,4.500908707943778,0.9999323140328051,99.99323140328052,1.5271649273814119
2020,4.950999578738156,0.9997518181202855,99.97518181202855,1.527125725656263
2020,5.446099536611973,0.9997518181202855,99.97518181202855,1.527125725656263
2020,5.99070949027317,0.9996239668489174,99.96239668489174,1.527097952555207
2020,6.589780439300488,0.9996164461858957,99.96164461858957,1.527096318708738
2020,7.248758483230537,0.9992028097197049,99.92028097197048,1.5270064341046359
2020,7.973634331553592,0.9991727270676183,99.91727270676182,1.5269998952758808
2020,8.770997764708952,0.9990899997743801,99.908999977438,1.5269819122611648
2020,9.648097541179848,0.9986763633081892,99.86763633081893,1.526891969992748
2020,10.612907295297832,0.9986011566779728,99.86011566779727,1.526875611981341
2020,11.674198024827618,0.9966232223032783,99.66232223032783,1.5264448571527027
2020,12.84161782731038,0.9965630569991051,99.6563056999105,1.5264317380390648
2020,14.12577961004142,0.99572074274068,99.572074274068,1.5262479691483315
2020,15.538357571045562,0.9956680980995285,99.56680980995284,1.5262364773096542
2020,17.09219332815012,0.995246940970316,99.5246940970316,1.5261445159633962
2020,18.801412660965134,0.9937277670399423,99.37277670399422,1.525812404174512
2020,20.68155392706165,0.9935547917904443,99.35547917904442,1.525774550272487
2020,22.749709319767813,0.9931561966502966,99.31561966502966,1.5256872911608879
2020,25.0246802517446,0.9861093353990088,98.61093353990088,1.5241375384704217
2020,27.52714827691906,0.985996525453684,98.5996525453684,1.5241126196173407
2020,30.27986310461097,0.9838305745034482,98.38305745034482,1.5236335032422395
2020,33.30784941507207,0.9834319793633006,98.34319793633006,1.5235451925622416
2020,36.638634356579274,0.9773477629787842,97.73477629787843,1.5221917687336604
2020,40.302497792237205,0.9765129693833808,97.65129693833808,1.5220052697208344
2020,44.332747571460935,0.9758436303744538,97.58436303744537,1.5218555941182346
2020,48.76602232860703,0.9605240397993488,96.05240397993488,1.5183952755125991
2020,53.642624561467734,0.9602081719524393,96.02081719524394,1.5183232222656267
2020,59.00688701761452,0.9532590793204329,95.32590793204328,1.5167307006318518
2020,64.90757571937598,0.9522964344536614,95.22964344536614,1.5165089755117513
2020,71.39833329131358,0.9317725450675731,93.17725450675731,1.5117156269815175
2020,78.53816662044494,0.9303737017455459,93.0373701745546,1.5113842460101174
2020,86.39198328248945,0.9253348575210391,92.5334857521039,1.510185501408198
2020,95.03118161073839,0.9062248527830213,90.62248527830214,1.5055657029515694
2020,104.53429977181224,0.903382042160837,90.3382042160837,1.5048682954821233
2020,114.98772974899347,0.9016673309919002,90.16673309919003,1.5044463390182492
2020,126.48650272389283,0.8710206291786684,87.10206291786685,1.4967350784853841
2020,139.13515299628213,0.8435852504756819,84.3585250475682,1.489544723040634
2020,153.04866829591037,0.8402912000721984,84.02912000721983,1.4886621693349222
2020,168.3535351255014,0.8279121887385592,82.79121887385593,1.4853072237800231
2020,185.18888863805157,0.8004617687095295,80.04617687095295,1.4776429950436667
2020,203.70777750185673,0.7978671399670595,79.78671399670596,1.4769019098045901
2020,224.07855525204243,0.7876014349425046,78.76014349425046,1.4739404914559489
2020,246.48641077724668,0.6224326336609836,62.243263366098354,1.4185316871035305
2020,271.1350518549714,0.5996600660314213,59.966006603142134,1.4094682222235346
2020,298.24855704046854,0.5367196372032158,53.67196372032158,1.3820078808530365
2020,328.0734127445154,0.4875570630306768,48.75570630306768,1.3575919196600885
2020,360.88075401896697,0.41271894530221787,41.271894530221786,1.3137725242041924
2020,396.9688294208637,0.37655207683109343,37.655207683109346,1.2888114198913507
2020,436.6657123629501,0.3512901697413644,35.12901697413644,1.2694873287146038
2020,480.33228359924516,0.27530891123361434,27.530891123361435,1.198550737795687
2020,528.3655119591697,0.25683816285243705,25.683816285243704,1.1773806699691867
2020,581.2020631550868,0.21435393744312498,21.4353937443125,1.1200617517036067
2020,639.3222694705955,0.2079764152007641,20.79764152007641,1.110158570337258
2020,703.254496417655,0.15681334466446561,15.681334466446561,1.0124990964004827
2020,773.5799460594206,0.14941301225116005,14.941301225116005,0.9947799649669307
2020,850.9379406653628,0.1336497025577775,13.36497025577775,0.9526755523196465
2020,936.0317347318992,0.10725217535177901,10.7252175351779,0.863985450909784
2020,1029.6349082050892,0.10370242240555927,10.370242240555926,0.8496979984843916
2020,1132.5983990255982,0.0949258086592914,9.49258086592914,0.8111570935959638
2020,1245.858238928158,0.06965638090654072,6.965638090654072,0.6631977487425825
2020,1370.444062820974,0.06570051215715178,6.5700512157151785,0.6326121695271488
2020,1507.4884691030716,0.052464145239044274,5.246414523904427,0.5053375289618555
2020,1658.2373160133786,0.04507885415178202,4.507885415178202,0.4093430310682694
2020,1824.0610476147167,0.04283769657132973,4.283769657132972,0.37489138063928146
2020,2006.4671523761886,0.03500116570276836,3.5001165702768358,0.2253780718998218
2020,2207.113867613808,0.03188761121180443,3.188761121180443,0.1481031256913338
2020,2427.8252543751887,0.021614385524227817,2.1614385524227817,-0.26036007872601474
2020,2670.607779812708,0.020057608278745854,2.0057608278745853,-0.36237192086218784
2020,2937.668557793979,0.01672595456015402,1.6725954560154022,-0.6647996256749008
2020,3231.4354135733765,0.015515127813668053,1.5515127813668053,-0.8227310766553994
2020,3554.578954930715,0.010709424142832432,1.070942414283243,-2.680352033956333
2020,3910.0368504237867,0.00975429993908263,0.975429993908263,
2020,4301.040535466165,0.008212564019643973,0.8212564019643973,
2020,4731.1445890127825,0.0053095880932863045,0.5309588093286305,
2020,5204.259047914062,0.004745538366662405,0.4745538366662405,
2020,5724.684952705467,0.00423413328119007,0.42341332811900695,
2020,6297.153447976015,0.0030157858716824476,0.30157858716824476,
2020,6926.868792773616,0.0027375213398813237,0.27375213398813236,
2020,7619.555672050979,0.0015266945933953538,0.15266945933953538,
2020,8381.511239256079,0.0011280994532477983,0.11280994532477982,
2020,9219.662363181686,0.0010152895079230185,0.10152895079230184,
2020,10141.628599499856,0.0006542976828837231,0.06542976828837231,
2020,11155.791459449843,0.0005640497266238991,0.05640497266238991,
2020,12271.370605394826,0.00031586784690938355,0.031586784690938355,
2020,13498.507665934312,0.00029330585784442754,0.029330585784442753,
2020,14848.358432527744,0.00018049591251964773,0.018049591251964772,
2020,16333.19427578052,0.0001353719343897358,0.01353719343897358,
2020,17966.513703358574,0.0001353719343897358,0.01353719343897358,
2020,19763.165073694436,8.272729323817187e-05,0.008272729323817188,
2020,21739.481581063876,6.76859671948679e-05,0.00676859671948679,
2020,23913.429739170268,4.5123978129911934e-05,0.004512397812991193,
2020,26304.772713087295,4.5123978129911934e-05,0.004512397812991193,
2020,28935.249984396025,3.0082652086607955e-05,0.0030082652086607957,
2020,31828.77498283563,3.0082652086607955e-05,0.0030082652086607957,
2020,35011.6524811192,1.5041326043303977e-05,0.0015041326043303978,
2020,38512.81772923112,1.5041326043303977e-05,0.0015041326043303978,
2020,42364.09950215423,1.5041326043303977e-05,0.0015041326043303978,
2020,46600.50945236966,1.5041326043303977e-05,0.0015041326043303978,
2020,51260.56039760664,1.5041326043303977e-05,0.0015041326043303978,
2020,56386.6164373673,1.5041326043303977e-05,0.0015041326043303978,
2020,62025.27808110404,7.520663021651989e-06,0.0007520663021651989,
2020,68227.80588921445,7.520663021651989e-06,0.0007520663021651989,
2021,0.44842121982237854,1.0,100.0,1.5271796258079011
2021,0.49326334180461645,0.9999942058544047,99.99942058544048,1.527178367620735
2021,0.5425896759850781,0.9999942058544047,99.99942058544048,1.527178367620735
2021,0.596848643583586,0.9999942058544047,99.99942058544048,1.527178367620735
2021,0.6565335079419446,0.9999942058544047,99.99942058544048,1.527178367620735
2021,0.7221868587361391,0.9999942058544047,99.99942058544048,1.527178367620735
2021,0.7944055446097531,0.9999942058544047,99.99942058544048,1.527178367620735
2021,0.8738460990707285,0.9999942058544047,99.99942058544048,1.527178367620735
2021,0.9612307089778015,0.9999942058544047,99.99942058544048,1.527178367620735
2021,1.0573537798755817,0.9999942058544047,99.99942058544048,1.527178367620735
2021,1.16308915786314,0.9999942058544047,99.99942058544048,1.527178367620735
2021,1.279398073649454,0.9999942058544047,99.99942058544048,1.527178367620735
2021,1.4073378810143995,0.9999942058544047,99.99942058544048,1.527178367620735
2021,1.5480716691158396,0.9999942058544047,99.99942058544048,1.527178367620735
2021,1.7028788360274238,0.9999942058544047,99.99942058544048,1.527178367620735
2021,1.8731667196301662,0.9999942058544047,99.99942058544048,1.527178367620735
2021,2.060483391593183,0.9999942058544047,99.99942058544048,1.527178367620735
2021,2.2665317307525017,0.9999768234176188,99.99768234176189,1.5271745930059961
2021,2.493184903827752,0.9999768234176188,99.99768234176189,1.5271745930059961
2021,2.7425033942105275,0.9999768234176188,99.99768234176189,1.5271745930059961
2021,3.0167537336315804,0.9999768234176188,99.99768234176189,1.5271745930059961
2021,3.3184291069947385,0.9999710292720235,99.99710292720235,1.5271733347833363
2021,3.650272017694213,0.9999072936704754,99.99072936704754,1.5271594937483879
2021,4.0152992194636346,0.9999072936704754,99.99072936704754,1.5271594937483879
2021,4.416829141409998,0.9998899112336895,99.98899112336895,1.5271557187343068
2021,4.858512055550999,0.9997334693026166,99.97334693026167,1.527121740012695
2021,5.344363261106098,0.9997334693026166,99.97334693026167,1.527121740012695
2021,5.878799587216709,0.9995654390803532,99.95654390803533,1.5270852371393733
2021,6.466679545938381,0.9995480566435674,99.95480566435674,1.5270814605537848
2021,7.113347500532218,0.9992409669270169,99.9240966927017,1.5270147276910426
2021,7.8246822505854405,0.9992235844902311,99.92235844902311,1.5270109496127322
2021,8.607150475643987,0.9991482605974923,99.91482605974923,1.5269945770155915
2021,9.467865523208385,0.9988759357545136,99.88759357545136,1.5269353712427463
2021,10.414652075529224,0.9988122001529655,99.88122001529655,1.5269215117352362
2021,11.456117283082149,0.9967205135930656,99.67205135930655,1.5264660695902423
2021,12.601729011390365,0.9967031311562797,99.67031311562798,1.52646227987934
2021,13.861901912529403,0.9960425985584166,99.60425985584166,1.5263182112187752
2021,15.248092103782342,0.995990451248059,99.5990451248059,1.5263068324240243
2021,16.77290131416058,0.9956428025123415,99.56428025123415,1.5262309552536277
2021,18.45019144557664,0.9944607968109023,99.44607968109023,1.52597273142124
2021,20.295210590134307,0.9940262358912555,99.40262358912555,1.5258777022361423
2021,22.324731649147736,0.9939682944353025,99.39682944353025,1.5258650278568209
2021,24.557204814062512,0.9862852573759473,98.62852573759473,1.5241763913606348
2021,27.012925295468765,0.9845528078429555,98.45528078429555,1.523793406573544
2021,29.71421782501565,0.9841066586321181,98.4106658632118,1.5236946454754217
2021,32.68563960751721,0.9837010684404478,98.37010684404478,1.5236048153277182
2021,35.95420356826894,0.9763830625535959,97.63830625535958,1.5219762301179174
2021,39.54962392509583,0.9760817669826407,97.60817669826407,1.5219088598494428
2021,43.50458631760542,0.9753053514728718,97.53053514728718,1.521735135021333
2021,47.85504494936597,0.9595684520360628,95.95684520360628,1.5181772059137049
2021,52.640549444302565,0.95921500915475,95.921500915475,1.5180964815149571
2021,57.90460438873283,0.9515435603865854,95.15435603865853,1.5163353761490228
2021,63.69506482760612,0.9505353790530049,95.05353790530049,1.5161026449531894
2021,70.06457131036673,0.9279034463578001,92.79034463578,1.5107975634579065
2021,77.07102844140341,0.9267793821123137,92.67793821123136,1.510529968089158
2021,84.77813128554375,0.9214429740190512,92.14429740190512,1.5092541516372233
2021,93.25594441409814,0.9018066145966116,90.18066145966117,1.5044806505358943
2021,102.58153885550796,0.8986372169559876,89.86372169559877,1.5036982847854063
2021,112.83969274105877,0.868785778849051,86.8785778849051,1.496159799008801
2021,124.12366201516465,0.8630669571464992,86.30669571464992,1.4946794141045352
2021,136.53602821668113,0.8367673302894755,83.67673302894755,1.4877133347170837
2021,150.18963103834926,0.8334588731545647,83.34588731545647,1.4868180328525735
2021,165.2085941421842,0.8207696943008784,82.07696943008784,1.4833433598004313
2021,181.72945355640263,0.7916425243933529,79.16425243933529,1.4751118816170514
2021,199.9023989120429,0.7889945998563052,78.89945998563051,1.4743451606172737
2021,219.89263880324722,0.7792894059841936,77.92894059841936,1.4715076919347094
2021,241.88190268357195,0.7410828099288479,74.10828099288479,1.459899611296578
2021,266.0700929519292,0.5841367881892137,58.41367881892137,1.4030408744197127
2021,292.67710224712215,0.5066922381625606,50.66922381625606,1.3674475456354136
2021,321.9448124718343,0.4837532157508054,48.37532157508054,1.355574758620584
2021,354.1392937190178,0.41325005214731036,41.325005214731036,1.3141181522658476
2021,389.55322309091963,0.37231441351658284,37.23144135165828,1.2856874187329006
2021,428.50854540001166,0.3417676779382112,34.17676779382112,1.2617357662625994
2021,471.35939994001285,0.2696711242960113,26.96711242960113,1.1922902478537847
2021,518.4953399340142,0.24393352956173084,24.393352956173082,1.1613713134899684
2021,570.3448739274156,0.20658446705448816,20.658446705448817,1.1079433774009064
2021,627.3793613201572,0.19945766797228082,19.94576679722808,1.096281885455006
2021,690.117297452173,0.14966278072635408,14.966278072635408,0.9953974478385149
2021,759.1290271973904,0.14029944144436463,14.029944144436463,0.9712310546840921
2021,835.0419299171294,0.12345586019885507,12.345586019885507,0.9215960704015987
2021,918.5461229088426,0.09954342132709111,9.954342132709112,0.8320430311271251
2021,1010.4007351997269,0.08989037476533711,8.98903747653371,0.7866401542164592
2021,1111.4408087196996,0.0875727165272209,8.75727165272209,0.7746738948280353
2021,1222.5848895916697,0.0635501888891464,6.35501888891464,0.6147773811312331
2021,1344.8433785508366,0.05936681576934665,5.9366815769346655,0.5772594028715461
2021,1479.3277164059205,0.04735555195030941,4.735555195030941,0.4415391919676681
2021,1627.2604880465126,0.04024034115929265,4.024034115929265,0.33094621832150195
2021,1789.9865368511641,0.03818921361855981,3.8189213618559807,0.2926457455730538
2021,1968.9851905362807,0.031021855517185434,3.1021855517185433,0.12408039207929884
2021,2165.883709589909,0.027649662780726354,2.7649662780726354,0.01688508020002913
2021,2382.4720805489,0.019421976035413818,1.942197603541382,-0.40974407390561884
2021,2620.71928860379,0.017944468908614737,1.7944468908614737,-0.5366617957188812
2021,2882.7912174641697,0.01497786636382599,1.497786636382599,-0.9063690087836038
2021,3171.0703392105866,0.01306000417178483,1.306000417178483,-1.3206214201058908
2021,3488.1773731316457,0.009432869029132963,0.9432869029132963,
2021,3836.995110444811,0.008175539434954922,0.8175539434954922,
2021,4220.694621489291,0.007242681994113148,0.7242681994113148,
2021,4642.764083638222,0.004455697962778409,0.4455697962778409,
2021,5107.040492002045,0.003864695112058776,0.3864695112058776,
2021,5617.744541202249,0.002746425012167706,0.2746425012167706,
2021,6179.518995322474,0.0025088650427607944,0.25088650427607945,
2021,6797.470894854722,0.001576007601919021,0.1576007601919021,
2021,7477.2179843401955,0.0013790066516791435,0.13790066516791435,
2021,8224.939782774214,0.0010487403527475838,0.10487403527475837,
2021,9047.433761051638,0.0006895033258395717,0.06895033258395718,
2021,9952.177137156803,0.0006489443066725381,0.06489443066725381,
2021,10947.394850872482,0.0005794145595290519,0.05794145595290519,
2021,12042.134335959732,0.00036503117250330264,0.036503117250330265,
2021,13246.347769555707,0.00027811898857394487,0.027811898857394487,
2021,14570.982546511279,0.0001854126590492966,0.01854126590492966,
2021,16028.080801162407,0.000156441931072844,0.015644193107284397,
2021,17630.88888127865,0.00014485363988226297,0.014485363988226297,
2021,19393.97776940652,0.00011588291190581037,0.011588291190581038,
2021,21333.375546347168,9.850047511993882e-05,0.009850047511993882,
2021,23466.713100981888,7.532389273877674e-05,0.007532389273877674,
2021,25813.384411080082,6.373560154819571e-05,0.006373560154819571,
2021,28394.72285218809,5.7941455952905185e-05,0.005794145595290519,
2021,31234.195137406903,2.8970727976452593e-05,0.0028970727976452594,
2021,34357.614651147596,1.7382436785871554e-05,0.0017382436785871554,
2021,37793.37611626236,1.7382436785871554e-05,0.0017382436785871554,
2021,41572.7137278886,1.7382436785871554e-05,0.0017382436785871554,
2021,45729.98510067746,1.1588291190581037e-05,0.0011588291190581038,
2021,50302.98361074521,1.1588291190581037e-05,0.0011588291190581038,
2021,55333.281971819735,1.1588291190581037e-05,0.0011588291190581038,
2021,60866.61016900171,5.794145595290518e-06,0.0005794145595290519,
2021,66953.27118590189,5.794145595290518e-06,0.0005794145595290519,
2022,0.8356939203118747,1.0,100.0,1.5271796258079011
2022,0.9192633123430622,0.9999805202078493,99.99805202078494,1.5271753957746346
2022,1.0111896435773686,0.9999805202078493,99.99805202078494,1.5271753957746346
2022,1.1123086079351057,0.9999707803117741,99.99707803117741,1.5271732807203904
2022,1.223539468728616,0.9999707803117741,99.99707803117741,1.5271732807203904
2022,1.345893415601478,0.9999707803117741,99.99707803117741,1.5271732807203904
2022,1.4804827571616257,0.9999707803117741,99.99707803117741,1.5271732807203904
2022,1.6285310328777887,0.9999707803117741,99.99707803117741,1.5271732807203904
2022,1.7913841361655676,0.9999707803117741,99.99707803117741,1.5271732807203904
2022,1.9705225497821246,0.9999707803117741,99.99707803117741,1.5271732807203904
2022,2.167574804760337,0.9999464305715858,99.99464305715858,1.5271679929750774
2022,2.384332285236371,0.9999464305715858,99.99464305715858,1.5271679929750774
2022,2.622765513760008,0.9999318207274729,99.99318207274729,1.5271648202526622
2022,2.8850420651360094,0.9999318207274729,99.99318207274729,1.5271648202526622
2022,3.173546271649611,0.9998977310912093,99.98977310912093,1.5271574170142674
2022,3.490900898814572,0.9998685114029834,99.98685114029834,1.5271510711368403
2022,3.8399909886960293,0.9998441616627951,99.98441616627952,1.527145782733224
2022,4.223990087565633,0.9996444937932513,99.96444937932513,1.5271024119097547
2022,4.6463890963221965,0.9996347538971759,99.96347538971759,1.527100295990117
2022,5.111028005954417,0.9995957943128747,99.95957943128747,1.5270918320606242
2022,5.622130806549858,0.9995081352481969,99.9508135248197,1.527072786751103
2022,6.184343887204845,0.999493525404084,99.9493525404084,1.5270696123351912
2022,6.80277827592533,0.9992256782620129,99.92256782620129,1.5270114046989502
2022,7.483056103517863,0.9991672388855611,99.91672388855612,1.5269987023271985
2022,8.23136171386965,0.9991428891453729,99.91428891453728,1.526993409405407
2022,9.054497885256616,0.9988506922631135,99.88506922631134,1.5269298820946924
2022,9.959947673782278,0.998831212470963,99.8831212470963,1.52692564613639
2022,10.955942441160508,0.9970147218529178,99.70147218529178,1.5265302005381374
2022,12.05153668527656,0.9970001120088049,99.7000112008805,1.526527016456151
2022,13.256690353804215,0.9962890995953073,99.62890995953073,1.5263719891199992
2022,14.582359389184637,0.9962501400110061,99.62501400110061,1.526363490579655
2022,16.040595328103105,0.9955878270778851,99.55878270778851,1.526218953463557
2022,17.644654860913416,0.9948183752879357,99.48183752879358,1.5260508882854977
2022,19.40912034700476,0.9944726089772622,99.44726089772622,1.525975313783766
2022,21.350032381705237,0.9878592195421275,98.78592195421275,1.524523630477492
2022,23.485035619875763,0.9877131211009978,98.77131211009979,1.5244914273957864
2022,25.83353918186334,0.9862131771054002,98.62131771054003,1.5241604732398015
2022,28.416893100049673,0.9858138413663127,98.58138413663127,1.5240722587365727
2022,31.258582410054647,0.9855995636526558,98.55995636526558,1.5240249061827569
2022,34.38444065106012,0.9799358140848637,97.99358140848638,1.5227687272233896
2022,37.82288471616613,0.9791225327625754,97.91225327625754,1.5225876212733318
2022,41.605173187782746,0.9790056540096718,97.90056540096718,1.5225615790116194
2022,45.76569050656102,0.9652675305954486,96.52675305954486,1.5194738613970307
2022,50.34225955721713,0.9641912720791269,96.4191272079127,1.5192297067275151
2022,55.37648551293885,0.9590534768994015,95.90534768994014,1.5180595763670424
2022,60.91413406423274,0.9583229846937533,95.83229846937533,1.5178925867090824
2022,67.00554747065601,0.9391451293214701,93.914512932147,1.5134521894515072
2022,73.70610221772162,0.9354537087089281,93.54537087089281,1.5125847879847658
2022,81.0767124394938,0.9347767859316941,93.47767859316941,1.512425273024833
2022,89.18438368344319,0.9167141486600338,91.67141486600337,1.508116031876409
2022,98.1028220517875,0.9145470217832776,91.45470217832776,1.5075920556846003
2022,107.91310425696626,0.8910251727614066,89.10251727614066,1.501805392469205
2022,118.7044146826629,0.888765516871935,88.8765516871935,1.501239673619074
2022,130.57485615092918,0.8593753804646904,85.93753804646904,1.493717412668707
2022,143.63234176602214,0.8558641479295416,85.58641479295416,1.4927977005998745
2022,157.99557594262436,0.8430074851101339,84.3007485110134,1.4893902318270782
2022,173.7951335368868,0.818019781728929,81.8019781728929,1.4825816602873385
2022,191.1746468905755,0.808971418274967,80.8971418274967,1.4800529955688786
2022,210.2921115796331,0.7764693850716613,77.64693850716613,1.4706750588621085
2022,231.3213227375964,0.7719549432407556,77.19549432407557,1.469334362797262
2022,254.45345501135603,0.5935005673489464,59.35005673489464,1.4069429728704832
2022,279.8988005124917,0.5613199507161258,56.131995071612586,1.3931969761862488
2022,307.8886805637409,0.5378127115383678,53.781271153836784,1.3825185634447918
2022,338.677548620115,0.4490676484481911,44.90676484481911,1.336207824647743
2022,372.54530348212654,0.4324319059515635,43.24319059515635,1.326236394780634
2022,409.7998338303392,0.39433430245299284,39.433430245299284,1.301448076787054
2022,450.7798172133732,0.3193663223613404,31.936632236134038,1.2423528845077203
2022,495.85779893471056,0.3016348415562406,30.163484155624058,1.2257241372110972
2022,545.4435788281817,0.2427182101966972,24.27182101966972,1.1598064889926338
2022,599.9879367109999,0.23214068305891175,23.214068305891175,1.1457370946396137
2022,659.9867303820998,0.17972543232963703,17.9725432329637,1.0608568435100192
2022,725.9854034203099,0.1724497299613813,17.24497299613813,1.0464486789967349
2022,798.583943762341,0.14959506382066903,14.959506382066904,0.9952301762167548
2022,878.4423381385751,0.12149546364340293,12.149546364340292,0.9152068778450283
2022,966.2865719524327,0.11245684008551629,11.24568400855163,0.8837610985594445
2022,1062.915229147676,0.08209758401877852,8.209758401877853,0.7444691350098093
2022,1169.2067520624437,0.07789968881032039,7.789968881032038,0.7192226731854175
2022,1286.1274272686883,0.06338237371007252,6.338237371007252,0.613346496256839
2022,1414.7401699955572,0.06044579504336689,6.044579504336689,0.5873209568900363
2022,1556.2141869951129,0.05143639117370618,5.1436391173706175,0.4933299603876387
2022,1711.8356056946245,0.04154065676119236,4.154065676119236,0.3535312827725039
2022,1883.0191662640873,0.03736711129292251,3.736711129292251,0.2762716054883532
2022,2071.3210828904957,0.0362665030364126,3.6266503036412603,0.2533308479619641
2022,2278.4531911795457,0.025138671770372212,2.513867177037221,-0.08140283381760126
2022,2506.2985102975003,0.023190692555310435,2.3190692555310437,-0.1729663468847284
2022,2756.928361327251,0.017970108258944878,1.7970108258944877,-0.5342228290670386
2022,3032.621197459976,0.016616262704476942,1.661626270447694,-0.6776739039676628
2022,3335.883317205974,0.012053121393194735,1.2053121393194735,-1.678045660708212
2022,3669.4716489265716,0.010558047345634822,1.0558047345634822,-2.9131710587262916
2022,4036.4188138192294,0.009243161375468123,0.9243161375468123,
2022,4440.060695201152,0.00589263712556187,0.589263712556187,
2022,4884.066764721268,0.005303373413005684,0.5303373413005683,
2022,5372.473441193396,0.0039592677546130585,0.39592677546130584,
2022,5909.720785312735,0.003589151703751321,0.3589151703751321,
2022,6500.6928638440095,0.002235306149283387,0.2235306149283387,
2022,7150.762150228412,0.001982068851325356,0.19820688513253562,
2022,7865.838365251252,0.0015973429563506556,0.15973429563506555,
2022,8652.422201776379,0.0010908683604345941,0.10908683604345941,
2022,9517.664421954018,0.0009301600751919977,0.09301600751919976,
2022,10469.430864149419,0.000555174076292606,0.0555174076292606,
2022,11516.373950564363,0.0004723849596524805,0.04723849596524805,
2022,12668.0113456208,0.0003701160508617373,0.03701160508617373,
2022,13934.812480182882,0.0003360264145981562,0.03360264145981562,
2022,15328.29372820117,0.00026297719403333965,0.026297719403333964,
2022,16861.123101021287,0.00018018807739321422,0.01801880773932142,
2022,18547.23541112342,0.00017044818131790534,0.017044818131790533,
2022,20401.958952235764,0.0001412284930919787,0.01412284930919787,
2022,22442.154847459344,8.765906467777989e-05,0.008765906467777989,
2022,24686.370332205275,8.278911664012545e-05,0.008278911664012545,
2022,27155.00736542581,6.330932448950769e-05,0.006330932448950769,
2022,29870.50810196839,6.330932448950769e-05,0.006330932448950769,
2022,32857.55891216523,4.3829532338889946e-05,0.004382953233888994,
2022,36143.31480338176,3.4089636263581066e-05,0.0034089636263581065,
2022,39757.646283719936,3.4089636263581066e-05,0.0034089636263581065,
2022,43733.41091209193,1.4609844112963315e-05,0.0014609844112963314,
2022,48106.75200330113,9.739896075308876e-06,0.0009739896075308877,
2022,52917.42720363125,9.739896075308876e-06,0.0009739896075308877,
2022,58209.16992399438,9.739896075308876e-06,0.0009739896075308877,
2022,64030.08691639382,4.869948037654438e-06,0.00048699480376544383,
2022,70433.09560803321,4.869948037654438e-06,0.00048699480376544383,
2022,77476.40516883654,4.869948037654438e-06,0.00048699480376544383,
2022,85224.0456857202,4.869948037654438e-06,0.00048699480376544383,
2022,93746.45025429223,4.869948037654438e-06,0.00048699480376544383,
2022,103121.09527972146,4.869948037654438e-06,0.00048699480376544383,
2022,113433.2048076936,4.869948037654438e-06,0.00048699480376544383,
2022,124776.52528846297,4.869948037654438e-06,0.00048699480376544383,
2022,137254.1778173093,4.869948037654438e-06,0.00048699480376544383,
2022,150979.59559904024,4.869948037654438e-06,0.00048699480376544383,
2022,166077.55515894425,4.869948037654438e-06,0.00048699480376544383,
2022,182685.31067483872,4.869948037654438e-06,0.00048699480376544383,
2023,1.7099031295768425,1.0,100.0,1.5271796258079011
2023,1.880893442534527,0.9999752301122571,99.99752301122571,1.5271742470140373
2023,2.0689827867879798,0.9999752301122571,99.99752301122571,1.5271742470140373
2023,2.2758810654667783,0.9999355982918685,99.99355982918685,1.5271656406065384
2023,2.503469172013456,0.9999355982918685,99.99355982918685,1.5271656406065384
2023,2.753816089214802,0.9998910124939314,99.98910124939314,1.5271559579018164
2023,3.029197698136282,0.9998910124939314,99.98910124939314,1.5271559579018164
2023,3.332117467949911,0.9998662426061885,99.98662426061885,1.5271505783943378
2023,3.6653292147449026,0.9998513806735427,99.98513806735427,1.5271473506119906
2023,4.0318621362193925,0.9998464266959942,99.98464266959942,1.5271462746715645
2023,4.435048349841333,0.9996829454368913,99.96829454368913,1.5271107649969213
2023,4.878553184825465,0.9996730374817941,99.96730374817942,1.5271086126682667
2023,5.366408503308013,0.9995838658859199,99.95838658859199,1.5270892405418868
2023,5.903049353638815,0.9995838658859199,99.95838658859199,1.5270892405418868
2023,6.4933542890026965,0.9992420414350682,99.92420414350683,1.5270149612330932
2023,7.142689717902967,0.999197455637131,99.91974556371311,1.5270052703474748
2023,7.856958689693264,0.9991528698391939,99.91528698391939,1.5269955789355034
2023,8.642654558662592,0.9988556311862795,99.88556311862796,1.5269309560672049
2023,9.506920014528852,0.9988407692536337,99.88407692536337,1.5269277243093677
2023,10.457612015981738,0.9988209533434395,99.88209533434394,1.5269234152078703
2023,11.503373217579911,0.9974239316747416,99.74239316747416,1.5266193610113277
2023,12.653710539337904,0.9973991617869988,99.73991617869989,1.52661396530314
2023,13.919081593271695,0.9968344083464614,99.68344083464615,1.5264908988817543
2023,15.310989752598866,0.9964034122997355,99.64034122997354,1.526396922655259
2023,16.842088727858755,0.9962448850181811,99.6244885018181,1.5263623442384984
2023,18.526297600644632,0.9953432611043407,99.53432611043407,1.526165552028311
2023,20.378927360709095,0.995130240069752,99.5130240069752,1.5261190254716954
2023,22.416820096780008,0.989388580090955,98.9388580090955,1.5248603850774265
2023,24.658502106458013,0.989249868719595,98.9249868719595,1.5248298679399939
2023,27.124352317103813,0.9879667885345144,98.79667885345144,1.5245473371745901
2023,29.836787548814193,0.9877537674999257,98.77537674999257,1.5245003872750196
2023,32.82046630369562,0.9827452961983176,98.27452961983177,1.523392952297954
2023,36.10251293406518,0.9820814632068088,98.20814632068088,1.5232456547856177
2023,39.7127642274717,0.9812838728214883,98.12838728214884,1.5230685174563772
2023,43.68404065021888,0.9699194483250602,96.99194483250602,1.520525369101472
2023,48.052444715240775,0.9695429460313686,96.95429460313686,1.5204404942715395
2023,52.85768918676485,0.9686215062073339,96.86215062073339,1.5202326047461148
2023,58.14345810544134,0.9641232945932289,96.41232945932289,1.5192142745402395
2023,63.95780391598549,0.9634445996690743,96.34445996690742,1.519060125073316
2023,70.35358430758404,0.9443965559948082,94.43965559948082,1.514679015043668
2023,77.38894273834245,0.9401410892805834,94.01410892805833,1.5136855053786862
2023,85.1278370121767,0.9398884364256062,93.98884364256061,1.5136263468829652
2023,93.64062071339437,0.9245311060250275,92.45311060250275,1.5099935514568412
2023,103.00468278473383,0.9213258825511003,92.13258825511002,1.5092260565921016
2023,113.30515106320722,0.9010096206243994,90.10096206243993,1.5042842292240397
2023,124.63566616952795,0.8992955443925928,89.92955443925929,1.5038610701317374
2023,137.09923278648074,0.8751746277085872,87.51746277085873,1.4977995876089667
2023,150.80915606512883,0.8591831881817912,85.91831881817912,1.4936671900584113
2023,165.89007167164175,0.8561117221016754,85.61117221016754,1.4928627000640566
2023,182.47907883880592,0.8308712064916922,83.08712064916922,1.4861147418593739
2023,200.72698672268652,0.8243963578357063,82.43963578357064,1.4843431371020723
2023,220.79968539495522,0.7941572788792122,79.41572788792122,1.4758371306291174
2023,242.87965393445074,0.790823251989022,79.0823251989022,1.4748749939107275
2023,267.1676193278958,0.7746485152929287,77.46485152929287,1.4701354545906058
2023,293.8843812606855,0.6073477395000446,60.73477395000446,1.4125750818130922
2023,323.272819386754,0.529253237424328,52.925323742432795,1.3784844263204685
2023,355.6001013254294,0.4963439645691526,49.63439645691526,1.3621768761367523
2023,391.1601114579724,0.4513618484281029,45.13618484281029,1.3375463115554158
2023,430.2761226037697,0.3632504037491702,36.32504037491702,1.2788503768108332
2023,473.30373486414675,0.3462681687126594,34.626816871265945,1.265433340935674
2023,520.6341083505614,0.3315300855056525,33.15300855056525,1.25308676412133
2023,572.6975191856176,0.27310782827532226,27.310782827532226,1.196126582952596
2023,629.9672711041794,0.2585431342825154,25.85431342825154,1.179416998496979
2023,692.9639982145974,0.19789654113287558,19.789654113287558,1.0936531060938517
2023,762.2603980360573,0.17689167632692288,17.68916763269229,1.0553402306362287
2023,838.486437839663,0.16885632474313628,16.885632474313628,1.0390261458887067
2023,922.3350816236294,0.13645235759791535,13.645235759791536,0.9606483944808829
2023,1014.5685897859925,0.12711906389640243,12.711906389640243,0.9331632137275074
2023,1116.0254487645918,0.09269882788891201,9.2698827888912,0.8005524352277767
2023,1227.627993641051,0.08772503443014397,8.772503443014397,0.7754744555227264
2023,1350.3907930051562,0.07284328587422842,7.284328587422842,0.6859842235751695
2023,1485.429872305672,0.06937550159022679,6.937550159022679,0.661113904557394
2023,1633.9728595362394,0.058189420285547265,5.818942028554726,0.5659490976568089
2023,1797.3701454898635,0.047805883343736685,4.780588334373668,0.44760694896586484
2023,1977.10716003885,0.043461245033637505,4.34612450336375,0.3847755674967752
2023,2174.817876042735,0.030154861338168415,3.0154861338168413,0.09872348928014205
2023,2392.299663647009,0.027826491890338752,2.7826491890338754,0.023133758827171707
2023,2631.5296300117097,0.023427359827205264,2.3427359827205265,-0.16096781574971833
2023,2894.682593012881,0.02113862219976419,2.113862219976419,-0.2896617503359098
2023,3184.1508523141692,0.01979114030655213,1.979114030655213,-0.3817740427989257
2023,3502.5659375455866,0.01305373084049183,1.305373084049183,-1.3224227320176987
2023,3852.822531300146,0.011314884720942445,1.1314884720942446,-2.091238874343768
2023,4238.10478443016,0.010839302876279365,1.0839302876279366,-2.518336153188224
2023,4661.915262873176,0.006831535039483201,0.6831535039483201,
2023,5128.106789160494,0.0061825639806200395,0.6182563980620039,
2023,5640.9174680765445,0.004532889456944981,0.4532889456944981,
2023,6205.0092148841995,0.004136571253059081,0.4136571253059081,
2023,6825.51013637262,0.002452218886544006,0.24522188865440062,
2023,7508.061150009883,0.0018181097603265663,0.18181097603265664,
2023,8258.867265010873,0.0016694904338693537,0.16694904338693536,
2023,9084.75399151196,0.0010651051729433563,0.10651051729433562,
2023,9993.229390663157,0.0009263938015832912,0.09263938015832912,
2023,10992.552329729475,0.0005597994629888337,0.05597994629888337,
2023,12091.807562702421,0.0004805358222116537,0.048053582221165375,
2023,13300.988318972664,0.00033191649575444127,0.033191649575444127,
2023,14631.087150869933,0.0003269625182058675,0.032696251820586754,
2023,16094.195865956926,0.000257606832525835,0.025760683252583502,
2023,17703.61545255262,0.00018825114684580248,0.018825114684580247,
2023,19473.976997807888,0.00017338921420008123,0.017338921420008122,
2023,21421.374697588675,9.412557342290124e-05,0.009412557342290124,
2023,23563.512167347544,8.917159587432749e-05,0.00891715958743275,
2023,25919.863384082302,7.430966322860625e-05,0.007430966322860625,
2023,28511.849722490537,5.9447730582884996e-05,0.0059447730582884994,
2023,31363.03469473959,5.9447730582884996e-05,0.0059447730582884994,
2023,34499.33816421355,2.9723865291442498e-05,0.0029723865291442497,
2023,37949.27198063491,2.9723865291442498e-05,0.0029723865291442497,
2023,41744.1991786984,2.9723865291442498e-05,0.0029723865291442497,
2023,45918.61909656825,4.95397754857375e-06,0.000495397754857375,
2023,50510.481006225076,4.95397754857375e-06,0.000495397754857375,
2023,55561.52910684759,4.95397754857375e-06,0.000495397754857375,
2023,61117.68201753235,4.95397754857375e-06,0.000495397754857375,
2024,1.4872610439161298,1.0,100.0,1.5271796258079011
2024,1.6359871483077428,0.9999951993010182,99.99951993010183,1.527178583346317
2024,1.7995858631385173,0.9999951993010182,99.99951993010183,1.527178583346317
2024,1.9795444494523693,0.9999663951071276,99.99663951071275,1.527172328448892
2024,2.177498894397606,0.9999663951071276,99.99663951071275,1.527172328448892
2024,2.395248783837367,0.9999663951071276,99.99663951071275,1.527172328448892
2024,2.634773662221104,0.9999663951071276,99.99663951071275,1.527172328448892
2024,2.898251028443215,0.9999615944081458,99.99615944081458,1.5271712859446671
2024,3.1880761312875365,0.9999615944081458,99.99615944081458,1.5271712859446671
2024,3.5068837444162906,0.9999615944081458,99.99615944081458,1.5271712859446671
2024,3.85757211885792,0.9998799825254557,99.98799825254558,1.5271535624407506
2024,4.243329330743712,0.9998799825254557,99.98799825254558,1.5271535624407506
2024,4.667662263818084,0.999831975535638,99.9831975535638,1.5271431360276908
2024,5.134428490199893,0.999831975535638,99.9831975535638,1.5271431360276908
2024,5.647871339219882,0.9996447482753489,99.96447482753489,1.5271024671937523
2024,6.212658473141871,0.9996255454794218,99.96255454794219,1.5270982955070957
2024,6.833924320456059,0.9996063426834947,99.96063426834947,1.527094123722897
2024,7.5173167525016655,0.9993951119282968,99.93951119282968,1.527048227657704
2024,8.269048427751832,0.9993807098313514,99.93807098313513,1.5270450979505756
2024,9.095953270527016,0.9993615070354244,99.93615070354244,1.527040924922341
2024,10.005548597579718,0.9980125106215465,99.80125106215465,1.526747525183629
2024,11.00610345733769,0.9979837064276559,99.79837064276559,1.5267412551576025
2024,12.106713803071461,0.9975084372284605,99.75084372284606,1.526637767913713
2024,13.317385183378608,0.9971483848048276,99.71483848048275,1.5265593285202748
2024,14.64912370171647,0.9970667729221374,99.70667729221374,1.526541544131292
2024,16.11403607188812,0.9963994757636712,99.63994757636712,1.5263960640880214
2024,17.72543967907693,0.9962602554931999,99.62602554931999,1.5263656971829849
2024,19.49798364698463,0.9913923467256832,99.13923467256832,1.5253006425985633
2024,21.447782011683092,0.9912483257562301,99.12483257562302,1.525269035187373
2024,23.5925602128514,0.9900961580006049,99.00961580006049,1.525015974434158
2024,25.951816234136544,0.9899761405260606,98.99761405260607,1.5249895933196975
2024,28.546997857550203,0.9858715428966458,98.58715428966458,1.524085007873036
2024,31.401697643305223,0.9852858576208696,98.52858576208696,1.5239555586613982
2024,34.54186740763575,0.9846857702481482,98.46857702481482,1.5238228290393416
2024,37.99605414839933,0.9739466066259247,97.39466066259247,1.5214307067869368
2024,41.79565956323927,0.973562550707383,97.3562550707383,1.521344564836695
2024,45.975225519563196,0.9727656346764089,97.27656346764088,1.521165688124506
2024,50.57274807151951,0.9685458202714315,96.85458202714315,1.5202155182455612
2024,55.630022878671475,0.9678257154241657,96.78257154241658,1.5200528693317206
2024,61.193025166538625,0.9508456431256391,95.08456431256391,1.5161742991712799
2024,67.31232768319249,0.9469954825422582,94.69954825422582,1.5152830955185013
2024,74.04356045151175,0.9466738357104795,94.66738357104795,1.515208443379056
2024,81.44791649666293,0.932718203770469,93.2718203770469,1.5119393063338329
2024,89.59270814632923,0.9300442144376221,93.00442144376221,1.5113061031492074
2024,98.55197896096217,0.9106157856583919,91.06157856583918,1.5066376643155264
2024,108.40717685705839,0.9091563731679333,90.91563731679332,1.506282078916678
2024,119.24789454276423,0.8872699865100359,88.72699865100358,1.5008642901926148
2024,131.17268399704065,0.8735783930140228,87.35783930140228,1.4973912673281538
2024,144.28995239674475,0.8687488898383605,86.87488898383606,1.496150288108137
2024,158.71894763641924,0.8431035558777358,84.31035558777357,1.4894159296034408
2024,174.59084240006118,0.8367042241350341,83.6704224135034,1.4876962981775763
2024,192.04992664006733,0.8068870827592497,80.68870827592497,1.479465582996218
2024,211.25491930407406,0.8034929885791371,80.34929885791371,1.4785050529351949
2024,232.38041123448147,0.7876554826382721,78.76554826382721,1.4739562069539953
2024,255.61845235792964,0.7810113152475,78.10113152475,1.4720142794070832
2024,281.1802975937226,0.5735203045563434,57.35203045563434,1.3985213675823445
2024,309.2983273530949,0.5425029884351161,54.250298843511615,1.384695208416906
2024,340.2281600884044,0.4975540438687873,49.75540438687873,1.362800296436846
2024,374.2509760972449,0.407584144251403,40.7584144251403,1.310401572178651
2024,411.6760737069695,0.3854337191495082,38.54337191495082,1.2952158565132388
2024,452.84368107766636,0.3688761083613774,36.88761083613774,1.2831191628522964
2024,498.1280491854331,0.31779667119532606,31.779667119532608,1.2409294236192827
2024,547.9408541039764,0.28979899473363324,28.979899473363325,1.2139040661037688
2024,602.7349395143742,0.22210433839166982,22.21043383916698,1.1315834406053062
2024,663.0084334658117,0.19865772456469663,19.865772456469664,1.0949383057873487
2024,729.3092768123928,0.1911350292602603,19.11350292602603,1.0819390748614586
2024,802.2402044936322,0.15540342673893318,15.540342673893317,1.0092123871629943
2024,882.4642249429955,0.14450584005031133,14.450584005031134,0.982353651518766
2024,970.7106474372952,0.10563938109388726,10.563938109388726,0.8575788872405161
2024,1067.7817121810247,0.10032980802004772,10.032980802004772,0.8354614050280673
2024,1174.559883399127,0.082677637864073,8.2677637864073,0.7478077334663107
2024,1292.01587173904,0.07899550174505408,7.899550174505408,0.7260043323658758
2024,1421.2174589129443,0.06551033830525725,6.551033830525725,0.631071157737138
2024,1563.3392048042388,0.054151884514385296,5.41518845143853,0.5242595915397373
2024,1719.6731252846628,0.049567216986793276,4.956721698679328,0.4704688799795795
2024,1891.6404378131292,0.034521826377920624,3.4521826377920624,0.21430999378732823
2024,2080.804481594442,0.03195825312165451,3.195825312165451,0.1500095756839626
2024,2288.884929753887,0.027133550644973907,2.7133550644973905,-0.0018157471287469232
2024,2517.773422729276,0.024766806046960438,2.476680604696044,-0.09770192017507058
2024,2769.550765002203,0.022908935541014773,2.290893554101477,-0.18760516278180506
2024,3046.505841502424,0.01566948147650298,1.5669481476502978,-0.8004431844620365
2024,3351.1564256526667,0.013571576021468726,1.3571576021468725,-1.1861573978537374
2024,3686.2720682179333,0.012909079561984225,1.2909079561984225,-1.3651365238798479
2024,4054.899275039727,0.008353216228282837,0.8353216228282837,
2024,4460.3892025437,0.007585104391199359,0.7585104391199359,
2024,4906.428122798071,0.0057704401760896385,0.5770440176089638,
2024,5397.070935077878,0.005227961191149431,0.5227961191149431,
2024,5936.778028585666,0.0032836781035318744,0.32836781035318746,
2024,6530.455831444234,0.002510765567466623,0.2510765567466623,
2024,7183.501414588658,0.002323538307177525,0.2323538307177525,
2024,7901.851556047523,0.001699447439547198,0.1699447439547198,
2024,8692.036711652278,0.0014546117914768391,0.14546117914768392,
2024,9561.240382817507,0.0007393076431928488,0.07393076431928489,
2024,10517.364421099257,0.0006336922655938705,0.06336922655938705,
2024,11569.100863209183,0.00046566780123185936,0.046566780123185936,
2024,12726.010949530104,0.00042246151039591364,0.04224615103959136,
2024,13998.612044483114,0.00027844054094276126,0.027844054094276125,
2024,15398.473248931426,0.00020643005621618507,0.020643005621618506,
2024,16938.32057382457,0.0001776258623255546,0.01776258623255546,
2024,18632.15263120703,5.2807688799489205e-05,0.00528076887994892,
2024,20495.367894327734,4.320629083594571e-05,0.004320629083594571,
2024,22544.90468376051,2.8804193890630477e-05,0.002880419389063048,
2024,24799.395152136563,2.8804193890630477e-05,0.002880419389063048,
2024,27279.33466735022,2.8804193890630477e-05,0.002880419389063048,
2024,30007.268134085243,1.4402096945315239e-05,0.001440209694531524,
2024,33007.994947493775,1.4402096945315239e-05,0.001440209694531524,
2024,36308.794442243154,9.601397963543492e-06,0.0009601397963543493,
2024,39939.67388646748,9.601397963543492e-06,0.0009601397963543493,
2024,43933.64127511422,9.601397963543492e-06,0.0009601397963543493,
2024,48327.00540262565,4.800698981771746e-06,0.00048006989817717463,
2024,53159.70594288822,4.800698981771746e-06,0.00048006989817717463,
2025,1.8630994522487612,1.0,100.0,1.5271796258079011
2025,2.0494093974736374,0.9999907151644577,99.99907151644577,1.527177609620088
2025,2.2543503372210014,0.9999907151644577,99.99907151644577,1.527177609620088
2025,2.4797853709431017,0.9999907151644577,99.99907151644577,1.527177609620088
2025,2.727763908037412,0.9999907151644577,99.99907151644577,1.527177609620088
2025,3.0005402988411536,0.999972145493373,99.9972145493373,1.527173577176105
2025,3.300594328725269,0.999972145493373,99.9972145493373,1.527173577176105
2025,3.6306537615977965,0.999972145493373,99.9972145493373,1.527173577176105
2025,3.9937191377575765,0.9998514426313224,99.98514426313224,1.527147364068385
2025,4.393091051533335,0.99984215779578,99.984215779578,1.5271453475159495
2025,4.832400156686669,0.9998003760358395,99.98003760358395,1.5271362727479205
2025,5.3156401723553355,0.9997910912002971,99.9791091200297,1.5271342560701178
2025,5.84720418959087,0.9996425338316195,99.96425338316195,1.5271019861247532
2025,6.4319246085499575,0.9996053944894501,99.96053944894501,1.5270939177263598
2025,7.075117069404953,0.9995821824005943,99.95821824005942,1.5270888747920743
2025,7.782628776345449,0.9994104129430608,99.94104129430607,1.5270515526477368
2025,8.560891653979995,0.9993825584364336,99.93825584364336,1.5270454996724052
2025,9.416980819377995,0.9984122931222581,99.8412293122258,1.5268345261160596
2025,10.358678901315795,0.9983983658689446,99.83983658689446,1.526831495970909
2025,11.394546791447375,0.9980455421183352,99.80455421183352,1.5267547151274117
2025,12.534001470592115,0.9980084027761659,99.80084027761659,1.5267466310114248
2025,13.787401617651327,0.9977298577098953,99.77298577098954,1.5266859884667545
2025,15.166141779416462,0.9969870708665073,99.69870708665073,1.5265241742104094
2025,16.682755957358108,0.9969313618532532,99.69313618532532,1.5265120322256085
2025,18.351031553093918,0.9967874469023468,99.67874469023468,1.5264806616083473
2025,20.186134708403316,0.992688192010399,99.2688192010399,1.5255847827181386
2025,22.204748179243648,0.992609270908289,99.2609270908289,1.5255674905976946
2025,24.425222997168014,0.9915554420742323,99.15554420742323,1.5253364293988085
2025,26.86774529688482,0.9911747638169959,99.11747638169959,1.5252528888360173
2025,29.5545198265733,0.9880272045681391,98.80272045681392,1.5245606506425926
2025,32.509971809230635,0.9874144054223439,98.74144054223439,1.524425566298482
2025,35.7609689901537,0.9869501636452265,98.69501636452264,1.5243231616903334
2025,39.33706588916907,0.9775399828230542,97.75399828230542,1.5222346845708694
2025,43.27077247808598,0.9773450012766649,97.7345001276665,1.522191152069126
2025,47.59784972589459,0.9734360855133354,97.34360855133353,1.5213161902218233
2025,52.357634698484055,0.9728372136208537,97.28372136208537,1.5211817621161163
2025,57.59339816833246,0.9579907615886354,95.79907615886354,1.5178165895520601
2025,63.35273798516571,0.9572294050741627,95.72294050741627,1.5176423054167993
2025,69.68801178368228,0.9540818458253059,95.40818458253058,1.5169199913940148
2025,76.65681296205052,0.9414869664121074,94.14869664121073,1.514000315059856
2025,84.32249425825559,0.9394071632506209,93.94071632506208,1.5135136033926218
2025,92.75474368408115,0.9385808128873517,93.85808128873518,1.5133198573220539
2025,102.03021805248926,0.9205357350107937,92.05357350107937,1.5090363537394889
2025,112.23323985773821,0.9019521366727792,90.19521366727791,1.5045164919387664
2025,123.45656384351204,0.8995241521784545,89.95241521784546,1.5039175641608213
2025,135.80222022786324,0.8893061906640979,88.93061906640979,1.501375194595349
2025,149.3824422506496,0.8626215733153827,86.26215733153828,1.4945636174100458
2025,164.32068647571455,0.8601703767322021,86.01703767322022,1.4939250106229172
2025,180.75275512328605,0.8530999744667023,85.30999744667022,1.4920704119039185
2025,198.82803063561465,0.8251758315730833,82.51758315730832,1.4845573135180037
2025,218.71083369917613,0.8226503563055639,82.2650356305564,1.4838624846127986
2025,240.58191706909378,0.8071214688609828,80.71214688609828,1.4795317311794016
2025,264.64010877600316,0.7981940994870128,79.81940994870128,1.4769954598007384
2025,291.1041196536035,0.622863907523038,62.2863907523038,1.4186993409334225
2025,320.2145316189639,0.5803579304101576,58.03579304101576,1.4014440089010987
2025,352.2359847808603,0.5478424363408463,54.78424363408463,1.3871446564376668
2025,387.45958325894634,0.4541770153896149,45.41770153896149,1.3391770537784997
2025,426.205541584841,0.4305656786054177,43.056567860541776,1.3250875590454734
2025,468.8260957433252,0.36541398760474453,36.54139876047445,1.280502038488797
2025,515.7087053176577,0.35402149439428054,35.40214943942806,1.2716611356090264
2025,567.2795758494235,0.2627051368352638,26.27051368352638,1.1843149967391704
2025,624.0075334343659,0.25163761286878206,25.163761286878206,1.1710584975192186
2025,686.4082867778026,0.225301176852905,22.5301176852905,1.136181953027063
2025,755.049115455583,0.18440147628885123,18.44014762888512,1.0697086486679965
2025,830.5540270011413,0.1796476404911678,17.96476404911678,1.0607069693452424
2025,913.6094297012555,0.16394698358905319,16.39469835890532,1.028532402225995
2025,1004.9703726713811,0.12126459460086814,12.126459460086814,0.9144449484323386
2025,1105.4674099385195,0.1154244330447297,11.54244330447297,0.8944666960130526
2025,1216.0141509323714,0.09292263410784336,9.292263410784336,0.8016347749909819
2025,1337.6155660256086,0.08007242171723034,8.007242171723034,0.7325344200556615
2025,1471.3771226281694,0.0763492026647478,7.63492026647478,0.7093809448062787
2025,1618.5148348909868,0.06300225157261902,6.3002251572619015,0.6100836579862664
2025,1780.3663183800857,0.05766347113576751,5.766347113576751,0.560780136943439
2025,1958.4029502180942,0.04004549569415752,4.004549569415752,0.3274539128891085
2025,2154.243245239904,0.03754323251549407,3.7543232515494065,0.27983237630838925
2025,2369.6675697638943,0.03155451359067803,3.155451359067803,0.1390064808007304
2025,2606.634326740284,0.029182238109607482,2.918223810960748,0.06856958604503126
2025,2867.2977594143126,0.019818481465147048,1.9818481465147049,-0.37975377066732435
2025,3154.027535355744,0.018574313502472087,1.8574313502472086,-0.4793357765409915
2025,3469.4302888913185,0.016146329008147442,1.6146329008147442,-0.7358300202966505
2025,3816.373317780451,0.01051507625171189,1.051507625171189,-2.991243008549342
2025,4198.010649558497,0.009442677746570413,0.9442677746570414,
2025,4617.811714514346,0.00884380585408881,0.884380585408881,
2025,5079.5928859657815,0.006596875652839999,0.659687565284,
2025,5587.55217456236,0.006220839813374806,0.6220839813374806,
2025,6146.307392018597,0.0037557159768807596,0.37557159768807596,
2025,6760.938131220457,0.002910795942526868,0.2910795942526868,
2025,7437.031944342503,0.00264617812956988,0.264617812956988,
2025,8180.735138776754,0.0017455490819618857,0.17455490819618857,
2025,8998.80865265443,0.0015134281934031243,0.15134281934031243,
2025,9898.689517919873,0.0008356351988115411,0.08356351988115411,
2025,10888.558469711861,0.0007613565144727374,0.07613565144727374,
2025,11977.41431668305,0.0005060235370580999,0.05060235370580999,
2025,13175.155748351355,0.0003528237506093173,0.03528237506093173,
2025,14492.671323186492,0.0003156844084399155,0.03156844084399155,
2025,15941.938455505144,0.00019033912861818436,0.019033912861818436,
2025,17536.13230105566,0.00017176945753348343,0.017176945753348345,
2025,19289.745531161225,0.00010213319096585502,0.010213319096585502,
2025,21218.720084277353,9.74907731946798e-05,0.00974907731946798,
2025,23340.592092705087,7.892110210997888e-05,0.007892110210997888,
2025,25674.6513019756,7.427868433880365e-05,0.0074278684338803655,
2025,28242.11643217316,5.5709013254102736e-05,0.005570901325410274,
2025,31066.32807539048,5.5709013254102736e-05,0.005570901325410274,
2025,34172.960882929525,5.5709013254102736e-05,0.005570901325410274,
2025,37590.25697122249,3.2496924398226593e-05,0.0032496924398226594,
2025,41349.28266834474,1.8569671084700913e-05,0.0018569671084700914,
2025,45484.21093517921,1.3927253313525684e-05,0.0013927253313525685,
2025,50032.63202869714,4.642417771175228e-06,0.00046424177711752284,
2025,55035.89523156686,4.642417771175228e-06,0.00046424177711752284,
2025,60539.48475472355,4.642417771175228e-06,0.00046424177711752284,
2025,66593.43323019591,4.642417771175228e-06,0.00046424177711752284,
2025,73252.7765532155,4.642417771175228e-06,0.00046424177711752284,
